model_alias,protocol,source_dataset,target_dataset,method,tier,training_budget,calibration_scope,diagnostic_only,selected_parameter,metric_status,failure_reason,negative_budget_ratio,negative_budget_seed,pr_auc,pr_auc_ci_low,pr_auc_ci_high,roc_auc,roc_auc_ci_low,roc_auc_ci_high,average_precision,tpr_at_1pct_fpr,fpr_at_95pct_tpr,num_test,num_test_correct,num_test_hard_hallucination,num_encoder_train_correct,num_encoder_train_hard_hallucination,num_encoder_train_hard_hallucination_available,num_excluded_false_negative,num_excluded_parsed_none
llava-onevision-qwen2-7b-ov-hf,pope_to_dashb,pope,dash-b,MIND-main,tierA,50pct_hard_negatives,source_calibration,False,rho=0.0069624728240743426,passed,,0.5,20260506,0.7383029968185575,0.7148689489739589,0.7619766509997982,0.5690977251427112,0.5462070974576271,0.5926494561942008,0.4821225808416282,0.0,0.8512396694214877,436,242,194,4014,73,147,7,0
llava-onevision-qwen2-7b-ov-hf,pope_to_dashb,pope,dash-b,MIND-param,tierA,50pct_hard_negatives,source_calibration,False,single_vmf,passed,,0.5,20260506,0.7895889703266362,0.7362680840965116,0.836516806385494,0.8186078214194427,0.7799822915600795,0.8565230576759729,0.790273087316282,0.19072164948453607,0.6074380165289256,436,242,194,4014,73,147,7,0
llava-onevision-qwen2-7b-ov-hf,pope_to_dashb,pope,dash-b,logistic(z),tierA,50pct_hard_negatives,source_calibration,False,C=0.1,passed,,0.5,20260506,0.7624467250950466,0.7059434085317683,0.8120464040371248,0.7495633466814349,0.7050551275381638,0.7920428144910934,0.7170950332308788,0.0,1.0,436,242,194,4014,73,147,7,0
llava-onevision-qwen2-7b-ov-hf,pope_to_dashb,pope,dash-b,final-hidden linear probe,tierA,same_constraint_linear_or_cached,source_calibration,False,C=10.0,passed,,0.5,20260506,0.7342252458589977,0.6796958879608298,0.7853483616104128,0.6861208145181903,0.6429439939878642,0.7283024422444294,0.5985783776272358,0.0,1.0,436,242,194,4014,73,147,7,0
llava-onevision-qwen2-7b-ov-hf,pope_to_dashb,pope,dash-b,output-confidence,tierA,same_constraint_linear_or_cached,source_calibration,False,negative_top2_margin,passed,,0.5,20260506,0.49305225068195896,0.4337445796009439,0.5553701020344741,0.6163840845190424,0.5633034475293839,0.6674216078356916,0.49683825912720025,0.0,0.7479338842975206,436,242,194,4014,73,147,7,0
llava-onevision-qwen2-7b-ov-hf,pope_to_dashb,pope,dash-b,HALP-lite,tierA,same_constraint_linear_or_cached,source_calibration,False,C=10.0,passed,,0.5,20260506,0.6275182067530501,0.5282721305298338,0.7158329638925277,0.5396609014228508,0.5155010831935094,0.5644200393171949,0.4779745578359973,0.0,1.0,436,242,194,4014,73,147,7,0
llava-onevision-qwen2-7b-ov-hf,pope_to_dashb,pope,dash-b,MIND-main,tierA,50pct_hard_negatives,oracle_target_calibration,True,rho=0.012598588528489602,passed,,0.5,20260506,0.6709050179072252,0.6178881641866332,0.7156596608529535,0.6567478912839738,0.6117308854470116,0.7004503788234182,0.5622541010227842,0.0,0.8264462809917356,436,242,194,4014,73,147,7,0
llava-onevision-qwen2-7b-ov-hf,pope_to_dashb,pope,dash-b,MIND-param,tierA,50pct_hard_negatives,oracle_target_calibration,True,single_vmf,passed,,0.5,20260506,0.7895889703266362,0.7362680840965116,0.836516806385494,0.8186078214194427,0.7799822915600795,0.8565230576759729,0.790273087316282,0.19072164948453607,0.6074380165289256,436,242,194,4014,73,147,7,0
llava-onevision-qwen2-7b-ov-hf,pope_to_dashb,pope,dash-b,logistic(z),tierA,50pct_hard_negatives,oracle_target_calibration,True,C=0.1,passed,,0.5,20260506,0.7624467250950466,0.7059434085317683,0.8120464040371248,0.7495633466814349,0.7050551275381638,0.7920428144910934,0.7170950332308788,0.0,1.0,436,242,194,4014,73,147,7,0
llava-onevision-qwen2-7b-ov-hf,pope_to_dashb,pope,dash-b,final-hidden linear probe,tierA,same_constraint_linear_or_cached,oracle_target_calibration,True,C=0.1,passed,,0.5,20260506,0.7801736590798258,0.7270860200411606,0.8231071032068858,0.7592442702564539,0.7176677627597727,0.800368209902332,0.7392540906053857,0.28865979381443296,1.0,436,242,194,4014,73,147,7,0
llava-onevision-qwen2-7b-ov-hf,pope_to_dashb,pope,dash-b,output-confidence,tierA,same_constraint_linear_or_cached,oracle_target_calibration,True,negative_top2_margin,passed,,0.5,20260506,0.49305225068195896,0.4337445796009439,0.5553701020344741,0.6163840845190424,0.5633034475293839,0.6674216078356916,0.49683825912720025,0.0,0.7479338842975206,436,242,194,4014,73,147,7,0
llava-onevision-qwen2-7b-ov-hf,pope_to_dashb,pope,dash-b,HALP-lite,tierA,same_constraint_linear_or_cached,oracle_target_calibration,True,C=10.0,passed,,0.5,20260506,0.6275182067530501,0.5282721305298338,0.7158329638925277,0.5396609014228508,0.5155010831935094,0.5644200393171949,0.4779745578359973,0.0,1.0,436,242,194,4014,73,147,7,0
llava-onevision-qwen2-7b-ov-hf,pope_to_dashb,pope,dash-b,MIND-main,tierA,50pct_hard_negatives,source_calibration,False,rho=0.005952949178610536,passed,,0.5,20260507,0.7293060365020299,0.7039973660821279,0.7544457482262767,0.5471159580812813,0.5243151164464168,0.568577302631579,0.46988092618910987,0.0,0.8842975206611571,436,242,194,4014,73,147,7,0
llava-onevision-qwen2-7b-ov-hf,pope_to_dashb,pope,dash-b,MIND-param,tierA,50pct_hard_negatives,source_calibration,False,single_vmf,passed,,0.5,20260507,0.7781031770705638,0.7250534480581027,0.8281406821203459,0.800481383658516,0.7572068181619966,0.8417151638337338,0.7787927839556406,0.21649484536082475,0.7520661157024794,436,242,194,4014,73,147,7,0
llava-onevision-qwen2-7b-ov-hf,pope_to_dashb,pope,dash-b,logistic(z),tierA,50pct_hard_negatives,source_calibration,False,C=10.0,passed,,0.5,20260507,0.7336503693189131,0.6793107250969365,0.7858074817361168,0.6583028031013036,0.6242992620019081,0.6939727082175964,0.5857798378226763,0.0,1.0,436,242,194,4014,73,147,7,0
llava-onevision-qwen2-7b-ov-hf,pope_to_dashb,pope,dash-b,final-hidden linear probe,tierA,same_constraint_linear_or_cached,source_calibration,False,C=1.0,passed,,0.5,20260507,0.7092659716435091,0.6561663418926323,0.7625715887323203,0.6738945215983643,0.6286531037173938,0.7175090501697391,0.5828991826206396,0.0,1.0,436,242,194,4014,73,147,7,0
llava-onevision-qwen2-7b-ov-hf,pope_to_dashb,pope,dash-b,output-confidence,tierA,same_constraint_linear_or_cached,source_calibration,False,negative_top2_margin,passed,,0.5,20260507,0.49305225068195896,0.431599699276342,0.5626564192228989,0.6163840845190424,0.5668345854793616,0.6680460889262126,0.49683825912720025,0.0,0.7479338842975206,436,242,194,4014,73,147,7,0
llava-onevision-qwen2-7b-ov-hf,pope_to_dashb,pope,dash-b,HALP-lite,tierA,same_constraint_linear_or_cached,source_calibration,False,C=1.0,passed,,0.5,20260507,0.7383309704912414,0.6808783472457345,0.7864492227308074,0.608396523813581,0.5785989129781494,0.6378763770945619,0.5546929791022343,0.0,1.0,436,242,194,4014,73,147,7,0
llava-onevision-qwen2-7b-ov-hf,pope_to_dashb,pope,dash-b,MIND-main,tierA,50pct_hard_negatives,oracle_target_calibration,True,rho=0.010463319062989213,passed,,0.5,20260507,0.6616864539139953,0.6044983739663575,0.71629436322612,0.6568863423362018,0.605926763343766,0.7051816688239694,0.5638343301571556,0.0,0.8223140495867769,436,242,194,4014,73,147,7,0
llava-onevision-qwen2-7b-ov-hf,pope_to_dashb,pope,dash-b,MIND-param,tierA,50pct_hard_negatives,oracle_target_calibration,True,single_vmf,passed,,0.5,20260507,0.7781031770705638,0.7250534480581027,0.8281406821203459,0.800481383658516,0.7572068181619966,0.8417151638337338,0.7787927839556406,0.21649484536082475,0.7520661157024794,436,242,194,4014,73,147,7,0
llava-onevision-qwen2-7b-ov-hf,pope_to_dashb,pope,dash-b,logistic(z),tierA,50pct_hard_negatives,oracle_target_calibration,True,C=0.1,passed,,0.5,20260507,0.7824894939747764,0.729359308545659,0.8310298948043924,0.8100877566669507,0.7679771895134666,0.8487401851762943,0.7810877810349561,0.21649484536082475,0.6446280991735537,436,242,194,4014,73,147,7,0
llava-onevision-qwen2-7b-ov-hf,pope_to_dashb,pope,dash-b,final-hidden linear probe,tierA,same_constraint_linear_or_cached,oracle_target_calibration,True,C=1.0,passed,,0.5,20260507,0.7092659716435091,0.6561663418926323,0.7625715887323203,0.6738945215983643,0.6286531037173938,0.7175090501697391,0.5828991826206396,0.0,1.0,436,242,194,4014,73,147,7,0
llava-onevision-qwen2-7b-ov-hf,pope_to_dashb,pope,dash-b,output-confidence,tierA,same_constraint_linear_or_cached,oracle_target_calibration,True,negative_top2_margin,passed,,0.5,20260507,0.49305225068195896,0.431599699276342,0.5626564192228989,0.6163840845190424,0.5668345854793616,0.6680460889262126,0.49683825912720025,0.0,0.7479338842975206,436,242,194,4014,73,147,7,0
llava-onevision-qwen2-7b-ov-hf,pope_to_dashb,pope,dash-b,HALP-lite,tierA,same_constraint_linear_or_cached,oracle_target_calibration,True,C=1.0,passed,,0.5,20260507,0.7383309704912414,0.6808783472457345,0.7864492227308074,0.608396523813581,0.5785989129781494,0.6378763770945619,0.5546929791022343,0.0,1.0,436,242,194,4014,73,147,7,0
llava-onevision-qwen2-7b-ov-hf,pope_to_dashb,pope,dash-b,MIND-main,tierA,50pct_hard_negatives,source_calibration,False,rho=0.009990277917510441,passed,,0.5,20260508,0.6840947319944378,0.6509729353777376,0.7170981444927882,0.5007881059896055,0.46840404462035484,0.5326338403319352,0.4462034243981534,0.0,0.9793388429752066,436,242,194,4014,73,147,7,0
llava-onevision-qwen2-7b-ov-hf,pope_to_dashb,pope,dash-b,MIND-param,tierA,50pct_hard_negatives,source_calibration,False,single_vmf,passed,,0.5,20260508,0.7665102151878429,0.7054681508588934,0.821860665741111,0.7925577234386981,0.7475932288567714,0.8340236897272632,0.7672560724463022,0.22164948453608246,0.7727272727272727,436,242,194,4014,73,147,7,0
llava-onevision-qwen2-7b-ov-hf,pope_to_dashb,pope,dash-b,logistic(z),tierA,50pct_hard_negatives,source_calibration,False,C=0.1,passed,,0.5,20260508,0.757525068817468,0.7015529584857103,0.8114069567245913,0.7737283803356906,0.7283506980596426,0.816866040108454,0.6913721221114277,0.0,0.8016528925619835,436,242,194,4014,73,147,7,0
llava-onevision-qwen2-7b-ov-hf,pope_to_dashb,pope,dash-b,final-hidden linear probe,tierA,same_constraint_linear_or_cached,source_calibration,False,C=10.0,passed,,0.5,20260508,0.6899842933240321,0.6357211411340198,0.7482561799508864,0.647716622646332,0.6067681702796937,0.6921090002878846,0.5545836368655618,0.0,1.0,436,242,194,4014,73,147,7,0
llava-onevision-qwen2-7b-ov-hf,pope_to_dashb,pope,dash-b,output-confidence,tierA,same_constraint_linear_or_cached,source_calibration,False,negative_top2_margin,passed,,0.5,20260508,0.49305225068195896,0.42824958507864014,0.5624062784490754,0.6163840845190424,0.5636654057444884,0.6651625352256119,0.49683825912720025,0.0,0.7479338842975206,436,242,194,4014,73,147,7,0
llava-onevision-qwen2-7b-ov-hf,pope_to_dashb,pope,dash-b,HALP-lite,tierA,same_constraint_linear_or_cached,source_calibration,False,C=0.1,passed,,0.5,20260508,0.6996582044474622,0.644914126839368,0.7539347576492247,0.7015101814773792,0.6532034285536125,0.7488539999207113,0.6172954558741479,0.0,1.0,436,242,194,4014,73,147,7,0
llava-onevision-qwen2-7b-ov-hf,pope_to_dashb,pope,dash-b,MIND-main,tierA,50pct_hard_negatives,oracle_target_calibration,True,rho=0.03231306844530999,passed,,0.5,20260508,0.6527908045404219,0.5812549804995535,0.7141095457363122,0.6720307574337564,0.6178323215649437,0.7196056598577862,0.6359476001876894,0.0,0.8099173553719008,436,242,194,4014,73,147,7,0
llava-onevision-qwen2-7b-ov-hf,pope_to_dashb,pope,dash-b,MIND-param,tierA,50pct_hard_negatives,oracle_target_calibration,True,single_vmf,passed,,0.5,20260508,0.7665102151878429,0.7054681508588934,0.821860665741111,0.7925577234386981,0.7475932288567714,0.8340236897272632,0.7672560724463022,0.22164948453608246,0.7727272727272727,436,242,194,4014,73,147,7,0
llava-onevision-qwen2-7b-ov-hf,pope_to_dashb,pope,dash-b,logistic(z),tierA,50pct_hard_negatives,oracle_target_calibration,True,C=10.0,passed,,0.5,20260508,0.7664923878055524,0.7194557633897002,0.8107693648390442,0.7303719008264464,0.689051391397325,0.7711045316912488,0.623002638222108,0.0,1.0,436,242,194,4014,73,147,7,0
llava-onevision-qwen2-7b-ov-hf,pope_to_dashb,pope,dash-b,final-hidden linear probe,tierA,same_constraint_linear_or_cached,oracle_target_calibration,True,C=0.1,passed,,0.5,20260508,0.6913862421975848,0.6246542358986447,0.7607569984441802,0.7335030246229872,0.6853208977751368,0.7791760391888524,0.6563242234620619,0.0,1.0,436,242,194,4014,73,147,7,0
llava-onevision-qwen2-7b-ov-hf,pope_to_dashb,pope,dash-b,output-confidence,tierA,same_constraint_linear_or_cached,oracle_target_calibration,True,negative_top2_margin,passed,,0.5,20260508,0.49305225068195896,0.42824958507864014,0.5624062784490754,0.6163840845190424,0.5636654057444884,0.6651625352256119,0.49683825912720025,0.0,0.7479338842975206,436,242,194,4014,73,147,7,0
llava-onevision-qwen2-7b-ov-hf,pope_to_dashb,pope,dash-b,HALP-lite,tierA,same_constraint_linear_or_cached,oracle_target_calibration,True,C=1.0,passed,,0.5,20260508,0.7080670204820466,0.6584745867070991,0.753242357953561,0.6593571611144244,0.6136154121868682,0.7015357242304433,0.5495765545044589,0.0,1.0,436,242,194,4014,73,147,7,0
llava-onevision-qwen2-7b-ov-hf,repope_to_repope,repope,repope,MIND-main,tierA,50pct_hard_negatives,source_calibration,False,rho=0.009274823873345717,passed,,0.5,20260506,0.5102724353023766,0.4522841759339785,0.5625248005309396,0.9063872304731831,0.8917973914519697,0.9200511617450833,0.151035187631495,0.0,0.1725465041693393,1611,1559,52,3833,69,138,29,0
llava-onevision-qwen2-7b-ov-hf,repope_to_repope,repope,repope,MIND-param,tierA,50pct_hard_negatives,source_calibration,False,single_vmf,passed,,0.5,20260506,0.5148725911096345,0.384692054632682,0.6435318231470075,0.9616741500962156,0.9485025191449552,0.9740012853169031,0.5219204729884471,0.36538461538461536,0.12957023733162285,1611,1559,52,3833,69,138,29,0
llava-onevision-qwen2-7b-ov-hf,repope_to_repope,repope,repope,logistic(z),tierA,50pct_hard_negatives,source_calibration,False,C=0.1,passed,,0.5,20260506,0.5292202992033205,0.40474296890093625,0.6497144832125181,0.9619516948734396,0.9490184614178578,0.9743213147245966,0.4952127380059843,0.36538461538461536,0.1308531109685696,1611,1559,52,3833,69,138,29,0
llava-onevision-qwen2-7b-ov-hf,repope_to_repope,repope,repope,final-hidden linear probe,tierA,same_constraint_linear_or_cached,source_calibration,False,C=0.1,passed,,0.5,20260506,0.48197618850114066,0.3371247907660428,0.6198849633222536,0.8732977253663592,0.8105777070103055,0.9280912532759893,0.4646459325358363,0.3076923076923077,1.0,1611,1559,52,3833,69,138,29,0
llava-onevision-qwen2-7b-ov-hf,repope_to_repope,repope,repope,output-confidence,tierA,same_constraint_linear_or_cached,source_calibration,False,negative_top2_margin,passed,,0.5,20260506,0.14786887392640521,0.09502317979081662,0.23101887437142477,0.8740563477574382,0.843572807377874,0.9019078406214089,0.16248442234974353,0.057692307692307696,0.26298909557408595,1611,1559,52,3833,69,138,29,0
llava-onevision-qwen2-7b-ov-hf,repope_to_repope,repope,repope,HALP-lite,tierA,same_constraint_linear_or_cached,source_calibration,False,C=1.0,passed,,0.5,20260506,0.4836494400542265,0.39584418795254217,0.5646052946321507,0.8194787092317561,0.7557918794402229,0.8821367812054574,0.18600174587014226,0.0,1.0,1611,1559,52,3833,69,138,29,0
llava-onevision-qwen2-7b-ov-hf,repope_to_repope,repope,repope,MIND-main,tierA,50pct_hard_negatives,oracle_target_calibration,True,rho=0.009274823873345717,passed,,0.5,20260506,0.5102724353023766,0.4522841759339785,0.5625248005309396,0.9063872304731831,0.8917973914519697,0.9200511617450833,0.151035187631495,0.0,0.1725465041693393,1611,1559,52,3833,69,138,29,0
llava-onevision-qwen2-7b-ov-hf,repope_to_repope,repope,repope,MIND-param,tierA,50pct_hard_negatives,oracle_target_calibration,True,single_vmf,passed,,0.5,20260506,0.5148725911096345,0.384692054632682,0.6435318231470075,0.9616741500962156,0.9485025191449552,0.9740012853169031,0.5219204729884471,0.36538461538461536,0.12957023733162285,1611,1559,52,3833,69,138,29,0
llava-onevision-qwen2-7b-ov-hf,repope_to_repope,repope,repope,logistic(z),tierA,50pct_hard_negatives,oracle_target_calibration,True,C=0.1,passed,,0.5,20260506,0.5292202992033205,0.40474296890093625,0.6497144832125181,0.9619516948734396,0.9490184614178578,0.9743213147245966,0.4952127380059843,0.36538461538461536,0.1308531109685696,1611,1559,52,3833,69,138,29,0
llava-onevision-qwen2-7b-ov-hf,repope_to_repope,repope,repope,final-hidden linear probe,tierA,same_constraint_linear_or_cached,oracle_target_calibration,True,C=0.1,passed,,0.5,20260506,0.48197618850114066,0.3371247907660428,0.6198849633222536,0.8732977253663592,0.8105777070103055,0.9280912532759893,0.4646459325358363,0.3076923076923077,1.0,1611,1559,52,3833,69,138,29,0
llava-onevision-qwen2-7b-ov-hf,repope_to_repope,repope,repope,output-confidence,tierA,same_constraint_linear_or_cached,oracle_target_calibration,True,negative_top2_margin,passed,,0.5,20260506,0.14786887392640521,0.09502317979081662,0.23101887437142477,0.8740563477574382,0.843572807377874,0.9019078406214089,0.16248442234974353,0.057692307692307696,0.26298909557408595,1611,1559,52,3833,69,138,29,0
llava-onevision-qwen2-7b-ov-hf,repope_to_repope,repope,repope,HALP-lite,tierA,same_constraint_linear_or_cached,oracle_target_calibration,True,C=1.0,passed,,0.5,20260506,0.4836494400542265,0.39584418795254217,0.5646052946321507,0.8194787092317561,0.7557918794402229,0.8821367812054574,0.18600174587014226,0.0,1.0,1611,1559,52,3833,69,138,29,0
llava-onevision-qwen2-7b-ov-hf,repope_to_pope,repope,pope,MIND-main,tierA,50pct_hard_negatives,source_calibration,False,rho=0.009274823873345717,passed,,0.5,20260506,0.5149027918459528,0.4686019275091132,0.5576632886805544,0.8891203892309663,0.8750895643739814,0.903901901725423,0.12840044449762927,0.0,0.20851326341764342,1674,1621,53,3833,69,138,126,0
llava-onevision-qwen2-7b-ov-hf,repope_to_pope,repope,pope,MIND-param,tierA,50pct_hard_negatives,source_calibration,False,single_vmf,passed,,0.5,20260506,0.21677394607801226,0.1411248626911575,0.3154270285422499,0.8972681666336877,0.8529136390242699,0.9350249228009723,0.22479772900673772,0.11320754716981132,0.6835286859962986,1674,1621,53,3833,69,138,126,0
llava-onevision-qwen2-7b-ov-hf,repope_to_pope,repope,pope,logistic(z),tierA,50pct_hard_negatives,source_calibration,False,C=0.1,passed,,0.5,20260506,0.3082864242603227,0.2084231085723078,0.40759621893244774,0.8893182638250323,0.8335925732192172,0.9337495644175848,0.22626089133765748,0.0,0.8426896977174584,1674,1621,53,3833,69,138,126,0
llava-onevision-qwen2-7b-ov-hf,repope_to_pope,repope,pope,final-hidden linear probe,tierA,same_constraint_linear_or_cached,source_calibration,False,C=0.1,passed,,0.5,20260506,0.33518262638227087,0.2226685719495802,0.45168248917826015,0.8679419878248926,0.808283178804483,0.9197770333069967,0.27101256774840154,0.18867924528301888,1.0,1674,1621,53,3833,69,138,126,0
llava-onevision-qwen2-7b-ov-hf,repope_to_pope,repope,pope,output-confidence,tierA,same_constraint_linear_or_cached,source_calibration,False,negative_top2_margin,passed,,0.5,20260506,0.14398629265737156,0.07678828007691003,0.2263319293731625,0.8349376695028692,0.8023669591185497,0.8662496812000728,0.14741941717302937,0.07547169811320754,0.3849475632325725,1674,1621,53,3833,69,138,126,0
llava-onevision-qwen2-7b-ov-hf,repope_to_pope,repope,pope,HALP-lite,tierA,same_constraint_linear_or_cached,source_calibration,False,C=1.0,passed,,0.5,20260506,0.41554577537441423,0.32913423701358163,0.48968378471491425,0.7723918382549787,0.7064589267479763,0.8339761922912554,0.12675387325417758,0.0,1.0,1674,1621,53,3833,69,138,126,0
llava-onevision-qwen2-7b-ov-hf,repope_to_pope,repope,pope,MIND-main,tierA,50pct_hard_negatives,oracle_target_calibration,True,rho=0.006609038520227808,passed,,0.5,20260506,0.5514563106796116,0.5380756227041822,0.5641552648561072,0.8574953732264035,0.8466464922783055,0.8682605882806547,0.1029126213592233,0.0,0.2850092535471931,1674,1621,53,3833,69,138,126,0
llava-onevision-qwen2-7b-ov-hf,repope_to_pope,repope,pope,MIND-param,tierA,50pct_hard_negatives,oracle_target_calibration,True,single_vmf,passed,,0.5,20260506,0.21677394607801226,0.1411248626911575,0.3154270285422499,0.8972681666336877,0.8529136390242699,0.9350249228009723,0.22479772900673772,0.11320754716981132,0.6835286859962986,1674,1621,53,3833,69,138,126,0
llava-onevision-qwen2-7b-ov-hf,repope_to_pope,repope,pope,logistic(z),tierA,50pct_hard_negatives,oracle_target_calibration,True,C=1.0,passed,,0.5,20260506,0.26404555951956077,0.16428565015089652,0.3574753990803249,0.6333092779905253,0.5719166886701568,0.6989437205834481,0.08990469268034933,0.0,1.0,1674,1621,53,3833,69,138,126,0
llava-onevision-qwen2-7b-ov-hf,repope_to_pope,repope,pope,final-hidden linear probe,tierA,same_constraint_linear_or_cached,oracle_target_calibration,True,C=10.0,passed,,0.5,20260506,0.4087740729098003,0.31684491552038596,0.4954643870330004,0.7584474992143215,0.6904214115878513,0.8231659745293611,0.14265699923034067,0.0,1.0,1674,1621,53,3833,69,138,126,0
llava-onevision-qwen2-7b-ov-hf,repope_to_pope,repope,pope,output-confidence,tierA,same_constraint_linear_or_cached,oracle_target_calibration,True,negative_top2_margin,passed,,0.5,20260506,0.14398629265737156,0.07678828007691003,0.2263319293731625,0.8349376695028692,0.8023669591185497,0.8662496812000728,0.14741941717302937,0.07547169811320754,0.3849475632325725,1674,1621,53,3833,69,138,126,0
llava-onevision-qwen2-7b-ov-hf,repope_to_pope,repope,pope,HALP-lite,tierA,same_constraint_linear_or_cached,oracle_target_calibration,True,C=1.0,passed,,0.5,20260506,0.41554577537441423,0.32913423701358163,0.48968378471491425,0.7723918382549787,0.7064589267479763,0.8339761922912554,0.12675387325417758,0.0,1.0,1674,1621,53,3833,69,138,126,0
llava-onevision-qwen2-7b-ov-hf,repope_to_dashb,repope,dash-b,MIND-main,tierA,50pct_hard_negatives,source_calibration,False,rho=0.009274823873345717,passed,,0.5,20260506,0.7308046527390254,0.6969128403011733,0.7647129418447273,0.632998210786402,0.5936643388058065,0.6702048229368107,0.5250375507951116,0.0,0.7851239669421488,436,242,194,3833,69,138,7,0
llava-onevision-qwen2-7b-ov-hf,repope_to_dashb,repope,dash-b,MIND-param,tierA,50pct_hard_negatives,source_calibration,False,single_vmf,passed,,0.5,20260506,0.7418126858077692,0.6779711415720563,0.7984099514263272,0.798372667632274,0.7590459181893607,0.8368874743410001,0.7430035916937117,0.08247422680412371,0.6570247933884298,436,242,194,3833,69,138,7,0
llava-onevision-qwen2-7b-ov-hf,repope_to_dashb,repope,dash-b,logistic(z),tierA,50pct_hard_negatives,source_calibration,False,C=0.1,passed,,0.5,20260506,0.7410344961241428,0.6799762065908357,0.7961400541414959,0.7933671295901848,0.7513293431959968,0.8327222440785108,0.7269306736984162,0.0,0.6611570247933884,436,242,194,3833,69,138,7,0
llava-onevision-qwen2-7b-ov-hf,repope_to_dashb,repope,dash-b,final-hidden linear probe,tierA,same_constraint_linear_or_cached,source_calibration,False,C=0.1,passed,,0.5,20260506,0.7997510786514195,0.7474933293087633,0.8450231252395758,0.8136661838629974,0.7743011291684255,0.8510673809376356,0.7816130046870948,0.30927835051546393,1.0,436,242,194,3833,69,138,7,0
llava-onevision-qwen2-7b-ov-hf,repope_to_dashb,repope,dash-b,output-confidence,tierA,same_constraint_linear_or_cached,source_calibration,False,negative_top2_margin,passed,,0.5,20260506,0.49305225068195896,0.4337445796009439,0.5553701020344741,0.6163840845190424,0.5633034475293839,0.6674216078356916,0.49683825912720025,0.0,0.7479338842975206,436,242,194,3833,69,138,7,0
llava-onevision-qwen2-7b-ov-hf,repope_to_dashb,repope,dash-b,HALP-lite,tierA,same_constraint_linear_or_cached,source_calibration,False,C=1.0,passed,,0.5,20260506,0.7333303349130731,0.6782134041530702,0.7828731544278893,0.6880058788446791,0.6489739902812497,0.7297211275693132,0.6061361059868751,0.0,1.0,436,242,194,3833,69,138,7,0
llava-onevision-qwen2-7b-ov-hf,repope_to_dashb,repope,dash-b,MIND-main,tierA,50pct_hard_negatives,oracle_target_calibration,True,rho=0.04884659742001401,passed,,0.5,20260506,0.724438322695766,0.6623313691916841,0.7784820688832353,0.7713853625287551,0.7301628796063486,0.8135937238935759,0.7081804603957486,0.0,0.6652892561983471,436,242,194,3833,69,138,7,0
llava-onevision-qwen2-7b-ov-hf,repope_to_dashb,repope,dash-b,MIND-param,tierA,50pct_hard_negatives,oracle_target_calibration,True,single_vmf,passed,,0.5,20260506,0.7418126858077692,0.6779711415720563,0.7984099514263272,0.798372667632274,0.7590459181893607,0.8368874743410001,0.7430035916937117,0.08247422680412371,0.6570247933884298,436,242,194,3833,69,138,7,0
llava-onevision-qwen2-7b-ov-hf,repope_to_dashb,repope,dash-b,logistic(z),tierA,50pct_hard_negatives,oracle_target_calibration,True,C=0.1,passed,,0.5,20260506,0.7410344961241428,0.6799762065908357,0.7961400541414959,0.7933671295901848,0.7513293431959968,0.8327222440785108,0.7269306736984162,0.0,0.6611570247933884,436,242,194,3833,69,138,7,0
llava-onevision-qwen2-7b-ov-hf,repope_to_dashb,repope,dash-b,final-hidden linear probe,tierA,same_constraint_linear_or_cached,oracle_target_calibration,True,C=1.0,passed,,0.5,20260506,0.77271893379568,0.7246808342150907,0.8178426121185332,0.7456334668143477,0.7049667628263747,0.7876926843377687,0.6492152005262681,0.0,1.0,436,242,194,3833,69,138,7,0
llava-onevision-qwen2-7b-ov-hf,repope_to_dashb,repope,dash-b,output-confidence,tierA,same_constraint_linear_or_cached,oracle_target_calibration,True,negative_top2_margin,passed,,0.5,20260506,0.49305225068195896,0.4337445796009439,0.5553701020344741,0.6163840845190424,0.5633034475293839,0.6674216078356916,0.49683825912720025,0.0,0.7479338842975206,436,242,194,3833,69,138,7,0
llava-onevision-qwen2-7b-ov-hf,repope_to_dashb,repope,dash-b,HALP-lite,tierA,same_constraint_linear_or_cached,oracle_target_calibration,True,C=0.1,passed,,0.5,20260506,0.7176644078950385,0.6728022520280682,0.7644765557108928,0.6938953736048394,0.6460244859705221,0.739285858231097,0.5888754100525883,0.0,1.0,436,242,194,3833,69,138,7,0
llava-onevision-qwen2-7b-ov-hf,repope_to_repope,repope,repope,MIND-main,tierA,50pct_hard_negatives,source_calibration,False,rho=0.005555495945128048,passed,,0.5,20260507,0.5369843527738265,0.5273664230229799,0.5463135348276131,0.7912123155869146,0.7787411689145793,0.8038937517941959,0.07396870554765292,0.0,0.41757536882617063,1611,1559,52,3833,69,138,29,0
llava-onevision-qwen2-7b-ov-hf,repope_to_repope,repope,repope,MIND-param,tierA,50pct_hard_negatives,source_calibration,False,single_vmf,passed,,0.5,20260507,0.39930513660985417,0.2709975096263233,0.5330870290707365,0.9614644495978685,0.94938208097165,0.972055747865963,0.41362668641020434,0.21153846153846154,0.12123155869146889,1611,1559,52,3833,69,138,29,0
llava-onevision-qwen2-7b-ov-hf,repope_to_repope,repope,repope,logistic(z),tierA,50pct_hard_negatives,source_calibration,False,C=10.0,passed,,0.5,20260507,0.426004609561356,0.30534907705555314,0.5343947581448117,0.7257734247791977,0.6555900025418725,0.7932468191255997,0.19095152681501967,0.0,1.0,1611,1559,52,3833,69,138,29,0
llava-onevision-qwen2-7b-ov-hf,repope_to_repope,repope,repope,final-hidden linear probe,tierA,same_constraint_linear_or_cached,source_calibration,False,C=0.1,passed,,0.5,20260507,0.40673102334327027,0.27861743743174955,0.5379325540754929,0.9596388217299058,0.9456556111568107,0.9710962643035937,0.41871538974189215,0.3269230769230769,0.1340602950609365,1611,1559,52,3833,69,138,29,0
llava-onevision-qwen2-7b-ov-hf,repope_to_repope,repope,repope,output-confidence,tierA,same_constraint_linear_or_cached,source_calibration,False,negative_top2_margin,passed,,0.5,20260507,0.14786887392640521,0.09307952486789631,0.23071719285068001,0.8740563477574382,0.8417011016350475,0.9017363448646428,0.16248442234974353,0.057692307692307696,0.26298909557408595,1611,1559,52,3833,69,138,29,0
llava-onevision-qwen2-7b-ov-hf,repope_to_repope,repope,repope,HALP-lite,tierA,same_constraint_linear_or_cached,source_calibration,False,C=0.1,passed,,0.5,20260507,0.3967821273097378,0.2731972033832788,0.5085311802373397,0.8494350421868062,0.7886367986635276,0.9056969876444775,0.2987558604018363,0.0,1.0,1611,1559,52,3833,69,138,29,0
llava-onevision-qwen2-7b-ov-hf,repope_to_repope,repope,repope,MIND-main,tierA,50pct_hard_negatives,oracle_target_calibration,True,rho=0.005555495945128048,passed,,0.5,20260507,0.5369843527738265,0.5273664230229799,0.5463135348276131,0.7912123155869146,0.7787411689145793,0.8038937517941959,0.07396870554765292,0.0,0.41757536882617063,1611,1559,52,3833,69,138,29,0
llava-onevision-qwen2-7b-ov-hf,repope_to_repope,repope,repope,MIND-param,tierA,50pct_hard_negatives,oracle_target_calibration,True,single_vmf,passed,,0.5,20260507,0.39930513660985417,0.2709975096263233,0.5330870290707365,0.9614644495978685,0.94938208097165,0.972055747865963,0.41362668641020434,0.21153846153846154,0.12123155869146889,1611,1559,52,3833,69,138,29,0
llava-onevision-qwen2-7b-ov-hf,repope_to_repope,repope,repope,logistic(z),tierA,50pct_hard_negatives,oracle_target_calibration,True,C=10.0,passed,,0.5,20260507,0.426004609561356,0.30534907705555314,0.5343947581448117,0.7257734247791977,0.6555900025418725,0.7932468191255997,0.19095152681501967,0.0,1.0,1611,1559,52,3833,69,138,29,0
llava-onevision-qwen2-7b-ov-hf,repope_to_repope,repope,repope,final-hidden linear probe,tierA,same_constraint_linear_or_cached,oracle_target_calibration,True,C=0.1,passed,,0.5,20260507,0.40673102334327027,0.27861743743174955,0.5379325540754929,0.9596388217299058,0.9456556111568107,0.9710962643035937,0.41871538974189215,0.3269230769230769,0.1340602950609365,1611,1559,52,3833,69,138,29,0
llava-onevision-qwen2-7b-ov-hf,repope_to_repope,repope,repope,output-confidence,tierA,same_constraint_linear_or_cached,oracle_target_calibration,True,negative_top2_margin,passed,,0.5,20260507,0.14786887392640521,0.09307952486789631,0.23071719285068001,0.8740563477574382,0.8417011016350475,0.9017363448646428,0.16248442234974353,0.057692307692307696,0.26298909557408595,1611,1559,52,3833,69,138,29,0
llava-onevision-qwen2-7b-ov-hf,repope_to_repope,repope,repope,HALP-lite,tierA,same_constraint_linear_or_cached,oracle_target_calibration,True,C=0.1,passed,,0.5,20260507,0.3967821273097378,0.2731972033832788,0.5085311802373397,0.8494350421868062,0.7886367986635276,0.9056969876444775,0.2987558604018363,0.0,1.0,1611,1559,52,3833,69,138,29,0
llava-onevision-qwen2-7b-ov-hf,repope_to_pope,repope,pope,MIND-main,tierA,50pct_hard_negatives,source_calibration,False,rho=0.005555495945128048,passed,,0.5,20260507,0.5337579617834395,0.5253902901020233,0.5434796128055375,0.7742134484885872,0.7622135992922634,0.7858483180428135,0.06751592356687898,0.0,0.45157310302282544,1674,1621,53,3833,69,138,126,0
llava-onevision-qwen2-7b-ov-hf,repope_to_pope,repope,pope,MIND-param,tierA,50pct_hard_negatives,source_calibration,False,single_vmf,passed,,0.5,20260507,0.21582157392422782,0.1392662344635172,0.3160538277681877,0.9121204008706483,0.8782024141932863,0.9389169109157212,0.2239735291740472,0.07547169811320754,0.49290561381863046,1674,1621,53,3833,69,138,126,0
llava-onevision-qwen2-7b-ov-hf,repope_to_pope,repope,pope,logistic(z),tierA,50pct_hard_negatives,source_calibration,False,C=10.0,passed,,0.5,20260507,0.27673942092688286,0.18578973352601044,0.36771627534552437,0.6515312001676113,0.5883230243575471,0.7201381819616169,0.08518035468735408,0.0,1.0,1674,1621,53,3833,69,138,126,0
llava-onevision-qwen2-7b-ov-hf,repope_to_pope,repope,pope,final-hidden linear probe,tierA,same_constraint_linear_or_cached,source_calibration,False,C=0.1,passed,,0.5,20260507,0.2252245140711516,0.14717603209944444,0.32357446300884135,0.907685682027167,0.8657501220103953,0.9393719577232507,0.21400174792012552,0.1320754716981132,1.0,1674,1621,53,3833,69,138,126,0
llava-onevision-qwen2-7b-ov-hf,repope_to_pope,repope,pope,output-confidence,tierA,same_constraint_linear_or_cached,source_calibration,False,negative_top2_margin,passed,,0.5,20260507,0.14398629265737156,0.07744744373747173,0.22702351841527943,0.8349376695028692,0.7997855154714861,0.8668489891656921,0.14741941717302937,0.07547169811320754,0.3849475632325725,1674,1621,53,3833,69,138,126,0
llava-onevision-qwen2-7b-ov-hf,repope_to_pope,repope,pope,HALP-lite,tierA,same_constraint_linear_or_cached,source_calibration,False,C=0.1,passed,,0.5,20260507,0.2435292422327411,0.1598200073309025,0.3259756658871865,0.781610466402058,0.7184574024964635,0.8449225353750436,0.13742082651440624,0.0,1.0,1674,1621,53,3833,69,138,126,0
llava-onevision-qwen2-7b-ov-hf,repope_to_pope,repope,pope,MIND-main,tierA,50pct_hard_negatives,oracle_target_calibration,True,rho=0.006545313887838057,passed,,0.5,20260507,0.5081555449915011,0.46859993191820515,0.5353219920946398,0.7792417911142667,0.7575975469678473,0.7972887851219588,0.06917617310655336,0.0,0.4855027760641579,1674,1621,53,3833,69,138,126,0
llava-onevision-qwen2-7b-ov-hf,repope_to_pope,repope,pope,MIND-param,tierA,50pct_hard_negatives,oracle_target_calibration,True,single_vmf,passed,,0.5,20260507,0.21582157392422782,0.1392662344635172,0.3160538277681877,0.9121204008706483,0.8782024141932863,0.9389169109157212,0.2239735291740472,0.07547169811320754,0.49290561381863046,1674,1621,53,3833,69,138,126,0
llava-onevision-qwen2-7b-ov-hf,repope_to_pope,repope,pope,logistic(z),tierA,50pct_hard_negatives,oracle_target_calibration,True,C=1.0,passed,,0.5,20260507,0.2772257373034054,0.19009822490164818,0.3664043782294619,0.6591901109261695,0.5967952339959707,0.7263447723280463,0.08444578392843761,0.0,1.0,1674,1621,53,3833,69,138,126,0
llava-onevision-qwen2-7b-ov-hf,repope_to_pope,repope,pope,final-hidden linear probe,tierA,same_constraint_linear_or_cached,oracle_target_calibration,True,C=1.0,passed,,0.5,20260507,0.3850809466575115,0.3010603118442432,0.46956255641402445,0.765437128257656,0.6991583954183526,0.8324098215636749,0.1275139099075774,0.0,1.0,1674,1621,53,3833,69,138,126,0
llava-onevision-qwen2-7b-ov-hf,repope_to_pope,repope,pope,output-confidence,tierA,same_constraint_linear_or_cached,oracle_target_calibration,True,negative_top2_margin,passed,,0.5,20260507,0.14398629265737156,0.07744744373747173,0.22702351841527943,0.8349376695028692,0.7997855154714861,0.8668489891656921,0.14741941717302937,0.07547169811320754,0.3849475632325725,1674,1621,53,3833,69,138,126,0
llava-onevision-qwen2-7b-ov-hf,repope_to_pope,repope,pope,HALP-lite,tierA,same_constraint_linear_or_cached,oracle_target_calibration,True,C=0.1,passed,,0.5,20260507,0.2435292422327411,0.1598200073309025,0.3259756658871865,0.781610466402058,0.7184574024964635,0.8449225353750436,0.13742082651440624,0.0,1.0,1674,1621,53,3833,69,138,126,0
llava-onevision-qwen2-7b-ov-hf,repope_to_dashb,repope,dash-b,MIND-main,tierA,50pct_hard_negatives,source_calibration,False,rho=0.005555495945128048,passed,,0.5,20260507,0.7298578199052133,0.7064933048417459,0.7536370239701152,0.5289256198347108,0.5150198543707127,0.5438660990712074,0.4597156398104265,0.0,0.9421487603305785,436,242,194,3833,69,138,7,0
llava-onevision-qwen2-7b-ov-hf,repope_to_dashb,repope,dash-b,MIND-param,tierA,50pct_hard_negatives,source_calibration,False,single_vmf,passed,,0.5,20260507,0.7494870856991933,0.682396575653284,0.8136936137924919,0.8088097469540768,0.769226430519607,0.8485143216589502,0.7516358814348477,0.12886597938144329,0.6611570247933884,436,242,194,3833,69,138,7,0
llava-onevision-qwen2-7b-ov-hf,repope_to_dashb,repope,dash-b,logistic(z),tierA,50pct_hard_negatives,source_calibration,False,C=10.0,passed,,0.5,20260507,0.6953016663182582,0.6205342254572601,0.7596130237932368,0.5612379654085371,0.5368576479778613,0.5873379318778048,0.5030757628663632,0.0,1.0,436,242,194,3833,69,138,7,0
llava-onevision-qwen2-7b-ov-hf,repope_to_dashb,repope,dash-b,final-hidden linear probe,tierA,same_constraint_linear_or_cached,source_calibration,False,C=0.1,passed,,0.5,20260507,0.7758659365698111,0.7145332953772683,0.8341110578067867,0.8093742012439296,0.7716767644392292,0.8485157377630628,0.7607032002340463,0.16494845360824742,1.0,436,242,194,3833,69,138,7,0
llava-onevision-qwen2-7b-ov-hf,repope_to_dashb,repope,dash-b,output-confidence,tierA,same_constraint_linear_or_cached,source_calibration,False,negative_top2_margin,passed,,0.5,20260507,0.49305225068195896,0.431599699276342,0.5626564192228989,0.6163840845190424,0.5668345854793616,0.6680460889262126,0.49683825912720025,0.0,0.7479338842975206,436,242,194,3833,69,138,7,0
llava-onevision-qwen2-7b-ov-hf,repope_to_dashb,repope,dash-b,HALP-lite,tierA,same_constraint_linear_or_cached,source_calibration,False,C=0.1,passed,,0.5,20260507,0.6981105525558352,0.6304183392505927,0.7624474333701976,0.719977421828406,0.6747093070416796,0.7658349664199793,0.6440887150848776,0.0,1.0,436,242,194,3833,69,138,7,0
llava-onevision-qwen2-7b-ov-hf,repope_to_dashb,repope,dash-b,MIND-main,tierA,50pct_hard_negatives,oracle_target_calibration,True,rho=0.012522203387211564,passed,,0.5,20260507,0.6941731718513678,0.6437880973911443,0.742711695102084,0.6774729487944108,0.6326570548357823,0.7205942413271152,0.5668476007715348,0.0,0.768595041322314,436,242,194,3833,69,138,7,0
llava-onevision-qwen2-7b-ov-hf,repope_to_dashb,repope,dash-b,MIND-param,tierA,50pct_hard_negatives,oracle_target_calibration,True,single_vmf,passed,,0.5,20260507,0.7494870856991933,0.682396575653284,0.8136936137924919,0.8088097469540768,0.769226430519607,0.8485143216589502,0.7516358814348477,0.12886597938144329,0.6611570247933884,436,242,194,3833,69,138,7,0
llava-onevision-qwen2-7b-ov-hf,repope_to_dashb,repope,dash-b,logistic(z),tierA,50pct_hard_negatives,oracle_target_calibration,True,C=0.1,passed,,0.5,20260507,0.6988397708896881,0.6311298397212561,0.7610537149488145,0.6816051801993694,0.6396927774965108,0.7253142296744334,0.6389509885245306,0.12886597938144329,1.0,436,242,194,3833,69,138,7,0
llava-onevision-qwen2-7b-ov-hf,repope_to_dashb,repope,dash-b,final-hidden linear probe,tierA,same_constraint_linear_or_cached,oracle_target_calibration,True,C=0.1,passed,,0.5,20260507,0.7758659365698111,0.7145332953772683,0.8341110578067867,0.8093742012439296,0.7716767644392292,0.8485157377630628,0.7607032002340463,0.16494845360824742,1.0,436,242,194,3833,69,138,7,0
llava-onevision-qwen2-7b-ov-hf,repope_to_dashb,repope,dash-b,output-confidence,tierA,same_constraint_linear_or_cached,oracle_target_calibration,True,negative_top2_margin,passed,,0.5,20260507,0.49305225068195896,0.431599699276342,0.5626564192228989,0.6163840845190424,0.5668345854793616,0.6680460889262126,0.49683825912720025,0.0,0.7479338842975206,436,242,194,3833,69,138,7,0
llava-onevision-qwen2-7b-ov-hf,repope_to_dashb,repope,dash-b,HALP-lite,tierA,same_constraint_linear_or_cached,oracle_target_calibration,True,C=0.1,passed,,0.5,20260507,0.6981105525558352,0.6304183392505927,0.7624474333701976,0.719977421828406,0.6747093070416796,0.7658349664199793,0.6440887150848776,0.0,1.0,436,242,194,3833,69,138,7,0
llava-onevision-qwen2-7b-ov-hf,repope_to_repope,repope,repope,MIND-main,tierA,50pct_hard_negatives,source_calibration,False,rho=0.007315083619536806,passed,,0.5,20260508,0.5394996901801434,0.5140708502282059,0.5589529752301414,0.8433722307198895,0.8289222497823224,0.857143562735668,0.09653037622750484,0.0,0.30468248877485565,1611,1559,52,3833,69,138,29,0
llava-onevision-qwen2-7b-ov-hf,repope_to_repope,repope,repope,MIND-param,tierA,50pct_hard_negatives,source_calibration,False,single_vmf,passed,,0.5,20260508,0.4179420968695417,0.2894748239449486,0.5449977831824045,0.9562096018157595,0.9407644539861179,0.968896570486962,0.42669796725726317,0.1346153846153846,0.14239897370109045,1611,1559,52,3833,69,138,29,0
llava-onevision-qwen2-7b-ov-hf,repope_to_repope,repope,repope,logistic(z),tierA,50pct_hard_negatives,source_calibration,False,C=0.1,passed,,0.5,20260508,0.37214514464372034,0.2620788571868464,0.4937593941345161,0.9567646913702077,0.942331959757512,0.9685612431741568,0.3351060377051751,0.0,0.12443874278383579,1611,1559,52,3833,69,138,29,0
llava-onevision-qwen2-7b-ov-hf,repope_to_repope,repope,repope,final-hidden linear probe,tierA,same_constraint_linear_or_cached,source_calibration,False,C=0.1,passed,,0.5,20260508,0.5525899592857872,0.3969152368417185,0.6790241863694138,0.8954704692357034,0.8389824928835631,0.9435286675208199,0.5439858787108077,0.4423076923076923,1.0,1611,1559,52,3833,69,138,29,0
llava-onevision-qwen2-7b-ov-hf,repope_to_repope,repope,repope,output-confidence,tierA,same_constraint_linear_or_cached,source_calibration,False,negative_top2_margin,passed,,0.5,20260508,0.14786887392640521,0.09452591058114933,0.23684928150733378,0.8740563477574382,0.844976882166157,0.9037393595869248,0.16248442234974353,0.057692307692307696,0.26298909557408595,1611,1559,52,3833,69,138,29,0
llava-onevision-qwen2-7b-ov-hf,repope_to_repope,repope,repope,HALP-lite,tierA,same_constraint_linear_or_cached,source_calibration,False,C=1.0,passed,,0.5,20260508,0.468225695379085,0.36832956533374644,0.5642532410733951,0.7913850101149652,0.7237825098394916,0.8597445005581218,0.19877880693173988,0.0,1.0,1611,1559,52,3833,69,138,29,0
llava-onevision-qwen2-7b-ov-hf,repope_to_repope,repope,repope,MIND-main,tierA,50pct_hard_negatives,oracle_target_calibration,True,rho=0.007315083619536806,passed,,0.5,20260508,0.5394996901801434,0.5140708502282059,0.5589529752301414,0.8433722307198895,0.8289222497823224,0.857143562735668,0.09653037622750484,0.0,0.30468248877485565,1611,1559,52,3833,69,138,29,0
llava-onevision-qwen2-7b-ov-hf,repope_to_repope,repope,repope,MIND-param,tierA,50pct_hard_negatives,oracle_target_calibration,True,single_vmf,passed,,0.5,20260508,0.4179420968695417,0.2894748239449486,0.5449977831824045,0.9562096018157595,0.9407644539861179,0.968896570486962,0.42669796725726317,0.1346153846153846,0.14239897370109045,1611,1559,52,3833,69,138,29,0
llava-onevision-qwen2-7b-ov-hf,repope_to_repope,repope,repope,logistic(z),tierA,50pct_hard_negatives,oracle_target_calibration,True,C=0.1,passed,,0.5,20260508,0.37214514464372034,0.2620788571868464,0.4937593941345161,0.9567646913702077,0.942331959757512,0.9685612431741568,0.3351060377051751,0.0,0.12443874278383579,1611,1559,52,3833,69,138,29,0
llava-onevision-qwen2-7b-ov-hf,repope_to_repope,repope,repope,final-hidden linear probe,tierA,same_constraint_linear_or_cached,oracle_target_calibration,True,C=0.1,passed,,0.5,20260508,0.5525899592857872,0.3969152368417185,0.6790241863694138,0.8954704692357034,0.8389824928835631,0.9435286675208199,0.5439858787108077,0.4423076923076923,1.0,1611,1559,52,3833,69,138,29,0
llava-onevision-qwen2-7b-ov-hf,repope_to_repope,repope,repope,output-confidence,tierA,same_constraint_linear_or_cached,oracle_target_calibration,True,negative_top2_margin,passed,,0.5,20260508,0.14786887392640521,0.09452591058114933,0.23684928150733378,0.8740563477574382,0.844976882166157,0.9037393595869248,0.16248442234974353,0.057692307692307696,0.26298909557408595,1611,1559,52,3833,69,138,29,0
llava-onevision-qwen2-7b-ov-hf,repope_to_repope,repope,repope,HALP-lite,tierA,same_constraint_linear_or_cached,oracle_target_calibration,True,C=1.0,passed,,0.5,20260508,0.468225695379085,0.36832956533374644,0.5642532410733951,0.7913850101149652,0.7237825098394916,0.8597445005581218,0.19877880693173988,0.0,1.0,1611,1559,52,3833,69,138,29,0
llava-onevision-qwen2-7b-ov-hf,repope_to_pope,repope,pope,MIND-main,tierA,50pct_hard_negatives,source_calibration,False,rho=0.007315083619536806,passed,,0.5,20260508,0.5330957214720539,0.5088027653691929,0.5498392918922219,0.8203415082699941,0.8053834006545835,0.833543332688266,0.08357054793451629,0.0,0.3504009870450339,1674,1621,53,3833,69,138,126,0
llava-onevision-qwen2-7b-ov-hf,repope_to_pope,repope,pope,MIND-param,tierA,50pct_hard_negatives,source_calibration,False,single_vmf,passed,,0.5,20260508,0.17802158061632112,0.12049090300276886,0.25491053910866246,0.899188714164329,0.86129465200902,0.9316302878687281,0.18777427934285315,0.09433962264150944,0.5897594077729796,1674,1621,53,3833,69,138,126,0
llava-onevision-qwen2-7b-ov-hf,repope_to_pope,repope,pope,logistic(z),tierA,50pct_hard_negatives,source_calibration,False,C=0.1,passed,,0.5,20260508,0.2116061972361869,0.14341607540443627,0.2843404649076953,0.9190052727759478,0.8994954198268447,0.9362661624067176,0.17542977762957968,0.0,0.23750771128932757,1674,1621,53,3833,69,138,126,0
llava-onevision-qwen2-7b-ov-hf,repope_to_pope,repope,pope,final-hidden linear probe,tierA,same_constraint_linear_or_cached,source_calibration,False,C=0.1,passed,,0.5,20260508,0.26254006660160856,0.1638345604176316,0.3700430384936595,0.8916752994308197,0.8449785145817753,0.9289372223711642,0.23485234130097832,0.18867924528301888,1.0,1674,1621,53,3833,69,138,126,0
llava-onevision-qwen2-7b-ov-hf,repope_to_pope,repope,pope,output-confidence,tierA,same_constraint_linear_or_cached,source_calibration,False,negative_top2_margin,passed,,0.5,20260508,0.14398629265737156,0.07451533569164173,0.23670425122599817,0.8349376695028692,0.800537438515294,0.8677864987856305,0.14741941717302937,0.07547169811320754,0.3849475632325725,1674,1621,53,3833,69,138,126,0
llava-onevision-qwen2-7b-ov-hf,repope_to_pope,repope,pope,HALP-lite,tierA,same_constraint_linear_or_cached,source_calibration,False,C=1.0,passed,,0.5,20260508,0.3788874024185477,0.2873725515590857,0.46474962248348944,0.7443576641486154,0.6749394745743134,0.8066862363016873,0.12463082198322611,0.0,1.0,1674,1621,53,3833,69,138,126,0
llava-onevision-qwen2-7b-ov-hf,repope_to_pope,repope,pope,MIND-main,tierA,50pct_hard_negatives,oracle_target_calibration,True,rho=0.00839745749980874,passed,,0.5,20260508,0.5288647221615279,0.49900115345828044,0.551975999845285,0.8384004748990258,0.8235730587133313,0.8527634009590791,0.09218671024186263,0.0,0.3078346699568168,1674,1621,53,3833,69,138,126,0
llava-onevision-qwen2-7b-ov-hf,repope_to_pope,repope,pope,MIND-param,tierA,50pct_hard_negatives,oracle_target_calibration,True,single_vmf,passed,,0.5,20260508,0.17802158061632112,0.12049090300276886,0.25491053910866246,0.899188714164329,0.86129465200902,0.9316302878687281,0.18777427934285315,0.09433962264150944,0.5897594077729796,1674,1621,53,3833,69,138,126,0
llava-onevision-qwen2-7b-ov-hf,repope_to_pope,repope,pope,logistic(z),tierA,50pct_hard_negatives,oracle_target_calibration,True,C=0.1,passed,,0.5,20260508,0.2116061972361869,0.14341607540443627,0.2843404649076953,0.9190052727759478,0.8994954198268447,0.9362661624067176,0.17542977762957968,0.0,0.23750771128932757,1674,1621,53,3833,69,138,126,0
llava-onevision-qwen2-7b-ov-hf,repope_to_pope,repope,pope,final-hidden linear probe,tierA,same_constraint_linear_or_cached,oracle_target_calibration,True,C=1.0,passed,,0.5,20260508,0.30109847922537436,0.20478775795931092,0.39048631290054187,0.7255246586663253,0.6589195945285141,0.7926547796233167,0.13309484676193922,0.0,1.0,1674,1621,53,3833,69,138,126,0
llava-onevision-qwen2-7b-ov-hf,repope_to_pope,repope,pope,output-confidence,tierA,same_constraint_linear_or_cached,oracle_target_calibration,True,negative_top2_margin,passed,,0.5,20260508,0.14398629265737156,0.07451533569164173,0.23670425122599817,0.8349376695028692,0.800537438515294,0.8677864987856305,0.14741941717302937,0.07547169811320754,0.3849475632325725,1674,1621,53,3833,69,138,126,0
llava-onevision-qwen2-7b-ov-hf,repope_to_pope,repope,pope,HALP-lite,tierA,same_constraint_linear_or_cached,oracle_target_calibration,True,C=0.1,passed,,0.5,20260508,0.2846959540081429,0.19183835870004073,0.3748813324623418,0.7965616379360517,0.7273391505859315,0.8597455805314318,0.1456367061914742,0.0,1.0,1674,1621,53,3833,69,138,126,0
llava-onevision-qwen2-7b-ov-hf,repope_to_dashb,repope,dash-b,MIND-main,tierA,50pct_hard_negatives,source_calibration,False,rho=0.007315083619536806,passed,,0.5,20260508,0.7332721922696643,0.7056333083886012,0.759053597852893,0.5655725483513674,0.5407506753173744,0.5906223158101004,0.48028296875590487,0.0,0.8429752066115702,436,242,194,3833,69,138,7,0
llava-onevision-qwen2-7b-ov-hf,repope_to_dashb,repope,dash-b,MIND-param,tierA,50pct_hard_negatives,source_calibration,False,single_vmf,passed,,0.5,20260508,0.7464576666036189,0.6706086315264592,0.81506511821771,0.820673937121922,0.7812486149219081,0.85805229477092,0.7499510314208655,0.08762886597938144,0.5661157024793388,436,242,194,3833,69,138,7,0
llava-onevision-qwen2-7b-ov-hf,repope_to_dashb,repope,dash-b,logistic(z),tierA,50pct_hard_negatives,source_calibration,False,C=0.1,passed,,0.5,20260508,0.7573160051401324,0.6823208830660172,0.8180444306265476,0.8225164011246485,0.783536818714457,0.860073805205456,0.7537524567840594,0.08247422680412371,0.5826446280991735,436,242,194,3833,69,138,7,0
llava-onevision-qwen2-7b-ov-hf,repope_to_dashb,repope,dash-b,final-hidden linear probe,tierA,same_constraint_linear_or_cached,source_calibration,False,C=0.1,passed,,0.5,20260508,0.7598159536194355,0.6871655908185111,0.818767996997909,0.7763483002470819,0.7335029735640132,0.8150684460588289,0.7257535916885793,0.14948453608247422,1.0,436,242,194,3833,69,138,7,0
llava-onevision-qwen2-7b-ov-hf,repope_to_dashb,repope,dash-b,output-confidence,tierA,same_constraint_linear_or_cached,source_calibration,False,negative_top2_margin,passed,,0.5,20260508,0.49305225068195896,0.42824958507864014,0.5624062784490754,0.6163840845190424,0.5636654057444884,0.6651625352256119,0.49683825912720025,0.0,0.7479338842975206,436,242,194,3833,69,138,7,0
llava-onevision-qwen2-7b-ov-hf,repope_to_dashb,repope,dash-b,HALP-lite,tierA,same_constraint_linear_or_cached,source_calibration,False,C=1.0,passed,,0.5,20260508,0.7200725337256872,0.6621090320162438,0.7677101869627028,0.6839055976825424,0.6406578551471264,0.724039226324792,0.587620787270536,0.0,1.0,436,242,194,3833,69,138,7,0
llava-onevision-qwen2-7b-ov-hf,repope_to_dashb,repope,dash-b,MIND-main,tierA,50pct_hard_negatives,oracle_target_calibration,True,rho=0.013893455368637774,passed,,0.5,20260508,0.6713392968344423,0.6168573209545295,0.7190985193318673,0.6621581324018062,0.612914363858349,0.7107297865903585,0.5519751385470288,0.0,0.78099173553719,436,242,194,3833,69,138,7,0
llava-onevision-qwen2-7b-ov-hf,repope_to_dashb,repope,dash-b,MIND-param,tierA,50pct_hard_negatives,oracle_target_calibration,True,single_vmf,passed,,0.5,20260508,0.7464576666036189,0.6706086315264592,0.81506511821771,0.820673937121922,0.7812486149219081,0.85805229477092,0.7499510314208655,0.08762886597938144,0.5661157024793388,436,242,194,3833,69,138,7,0
llava-onevision-qwen2-7b-ov-hf,repope_to_dashb,repope,dash-b,logistic(z),tierA,50pct_hard_negatives,oracle_target_calibration,True,C=0.1,passed,,0.5,20260508,0.7573160051401324,0.6823208830660172,0.8180444306265476,0.8225164011246485,0.783536818714457,0.860073805205456,0.7537524567840594,0.08247422680412371,0.5826446280991735,436,242,194,3833,69,138,7,0
llava-onevision-qwen2-7b-ov-hf,repope_to_dashb,repope,dash-b,final-hidden linear probe,tierA,same_constraint_linear_or_cached,oracle_target_calibration,True,C=0.1,passed,,0.5,20260508,0.7598159536194355,0.6871655908185111,0.818767996997909,0.7763483002470819,0.7335029735640132,0.8150684460588289,0.7257535916885793,0.14948453608247422,1.0,436,242,194,3833,69,138,7,0
llava-onevision-qwen2-7b-ov-hf,repope_to_dashb,repope,dash-b,output-confidence,tierA,same_constraint_linear_or_cached,oracle_target_calibration,True,negative_top2_margin,passed,,0.5,20260508,0.49305225068195896,0.42824958507864014,0.5624062784490754,0.6163840845190424,0.5636654057444884,0.6651625352256119,0.49683825912720025,0.0,0.7479338842975206,436,242,194,3833,69,138,7,0
llava-onevision-qwen2-7b-ov-hf,repope_to_dashb,repope,dash-b,HALP-lite,tierA,same_constraint_linear_or_cached,oracle_target_calibration,True,C=0.1,passed,,0.5,20260508,0.7138681997962366,0.6508049832890433,0.768291409227636,0.7233854477294027,0.6759428062740944,0.7661856716565991,0.6372605558820659,0.0,1.0,436,242,194,3833,69,138,7,0
qwen3-vl-8b,pope_to_dashb,pope,dash-b,MIND-main,tierA,50pct_hard_negatives,source_calibration,False,rho=0.008369829088337007,passed,,0.5,20260506,0.5398520482680647,0.483686902560938,0.5833543582195156,0.5214986737400531,0.4649548564206897,0.569092575527559,0.27740984089033927,0.0,0.9969230769230769,441,325,116,4021,86,173,2,0
qwen3-vl-8b,pope_to_dashb,pope,dash-b,MIND-param,tierA,50pct_hard_negatives,source_calibration,False,single_vmf,passed,,0.5,20260506,0.857341359074365,0.7904653818183961,0.9103258154840572,0.9470822281167108,0.9257217170101248,0.9652072959335638,0.858142335100447,0.33620689655172414,0.2553846153846154,441,325,116,4021,86,173,2,0
qwen3-vl-8b,pope_to_dashb,pope,dash-b,logistic(z),tierA,50pct_hard_negatives,source_calibration,False,C=1.0,passed,,0.5,20260506,0.7739987463059563,0.6992454017618692,0.8347441391572934,0.783846153846154,0.7321152343773968,0.8303746072730406,0.6491346946663852,0.0,1.0,441,325,116,4021,86,173,2,0
qwen3-vl-8b,pope_to_dashb,pope,dash-b,final-hidden linear probe,tierA,same_constraint_linear_or_cached,source_calibration,False,C=1.0,passed,,0.5,20260506,0.6696379701305808,0.6421441428805199,0.6968249422895085,0.5517241379310345,0.5254194487245335,0.5810810810810811,0.33927594026116187,0.10344827586206896,1.0,441,325,116,4021,86,173,2,0
qwen3-vl-8b,pope_to_dashb,pope,dash-b,output-confidence,tierA,same_constraint_linear_or_cached,source_calibration,False,negative_top2_margin,passed,,0.5,20260506,0.3772568967510079,0.3105059540129598,0.4598085711522734,0.7210875331564987,0.6754671143135507,0.7664349287528361,0.3828650341332334,0.008620689655172414,0.5076923076923077,441,325,116,4021,86,173,2,0
qwen3-vl-8b,pope_to_dashb,pope,dash-b,HALP-lite,tierA,same_constraint_linear_or_cached,source_calibration,False,C=0.1,passed,,0.5,20260506,0.6595533597826753,0.570387725418778,0.7360283910438026,0.7928912466843502,0.7413081945578245,0.838984692826071,0.5763753195091194,0.0,1.0,441,325,116,4021,86,173,2,0
qwen3-vl-8b,pope_to_dashb,pope,dash-b,MIND-main,tierA,50pct_hard_negatives,oracle_target_calibration,True,rho=0.014174168073817987,passed,,0.5,20260506,0.32306673179078976,0.25664545682365514,0.388695397719313,0.44084880636604773,0.3740100497387539,0.5030141652103797,0.2579770493589151,0.0,0.9815384615384616,441,325,116,4021,86,173,2,0
qwen3-vl-8b,pope_to_dashb,pope,dash-b,MIND-param,tierA,50pct_hard_negatives,oracle_target_calibration,True,single_vmf,passed,,0.5,20260506,0.857341359074365,0.7904653818183961,0.9103258154840572,0.9470822281167108,0.9257217170101248,0.9652072959335638,0.858142335100447,0.33620689655172414,0.2553846153846154,441,325,116,4021,86,173,2,0
qwen3-vl-8b,pope_to_dashb,pope,dash-b,logistic(z),tierA,50pct_hard_negatives,oracle_target_calibration,True,C=0.1,passed,,0.5,20260506,0.8484041881323399,0.7792013810386772,0.9030722740713003,0.9415119363395226,0.9182374317573548,0.9616609187574734,0.8492368186514697,0.33620689655172414,0.26461538461538464,441,325,116,4021,86,173,2,0
qwen3-vl-8b,pope_to_dashb,pope,dash-b,final-hidden linear probe,tierA,same_constraint_linear_or_cached,oracle_target_calibration,True,C=1.0,passed,,0.5,20260506,0.6696379701305808,0.6421441428805199,0.6968249422895085,0.5517241379310345,0.5254194487245335,0.5810810810810811,0.33927594026116187,0.10344827586206896,1.0,441,325,116,4021,86,173,2,0
qwen3-vl-8b,pope_to_dashb,pope,dash-b,output-confidence,tierA,same_constraint_linear_or_cached,oracle_target_calibration,True,negative_top2_margin,passed,,0.5,20260506,0.3772568967510079,0.3105059540129598,0.4598085711522734,0.7210875331564987,0.6754671143135507,0.7664349287528361,0.3828650341332334,0.008620689655172414,0.5076923076923077,441,325,116,4021,86,173,2,0
qwen3-vl-8b,pope_to_dashb,pope,dash-b,HALP-lite,tierA,same_constraint_linear_or_cached,oracle_target_calibration,True,C=0.1,passed,,0.5,20260506,0.6595533597826753,0.570387725418778,0.7360283910438026,0.7928912466843502,0.7413081945578245,0.838984692826071,0.5763753195091194,0.0,1.0,441,325,116,4021,86,173,2,0
qwen3-vl-8b,pope_to_dashb,pope,dash-b,MIND-main,tierA,50pct_hard_negatives,source_calibration,False,rho=0.007231934392592834,passed,,0.5,20260507,0.5647069840356634,0.5154728620931581,0.6112624202452942,0.5559018567639257,0.5076681313331358,0.6037415567276678,0.2933379784312611,0.0,0.9353846153846154,441,325,116,4021,86,173,2,0
qwen3-vl-8b,pope_to_dashb,pope,dash-b,MIND-param,tierA,50pct_hard_negatives,source_calibration,False,single_vmf,passed,,0.5,20260507,0.7829540088808388,0.7013494282828219,0.8507871860141434,0.9163925729442971,0.889283283687571,0.9402792127217686,0.7846164675744157,0.3275862068965517,0.2953846153846154,441,325,116,4021,86,173,2,0
qwen3-vl-8b,pope_to_dashb,pope,dash-b,logistic(z),tierA,50pct_hard_negatives,source_calibration,False,C=1.0,passed,,0.5,20260507,0.6710620597932991,0.5838759909211734,0.7443704877686912,0.6705437665782493,0.6241046108022617,0.715915840761592,0.5086297979516372,0.33620689655172414,1.0,441,325,116,4021,86,173,2,0
qwen3-vl-8b,pope_to_dashb,pope,dash-b,final-hidden linear probe,tierA,same_constraint_linear_or_cached,source_calibration,False,C=0.1,passed,,0.5,20260507,0.5267296043267908,0.43559049839540853,0.6211408373378215,0.7667904509283819,0.718486885945739,0.8125974719529397,0.5078601841023433,0.04310344827586207,1.0,441,325,116,4021,86,173,2,0
qwen3-vl-8b,pope_to_dashb,pope,dash-b,output-confidence,tierA,same_constraint_linear_or_cached,source_calibration,False,negative_top2_margin,passed,,0.5,20260507,0.3772568967510079,0.3112622459560589,0.4565452304816402,0.7210875331564987,0.6757521667277063,0.765255401440384,0.3828650341332334,0.008620689655172414,0.5076923076923077,441,325,116,4021,86,173,2,0
qwen3-vl-8b,pope_to_dashb,pope,dash-b,HALP-lite,tierA,same_constraint_linear_or_cached,source_calibration,False,C=1.0,passed,,0.5,20260507,0.6676463872655509,0.5886396472074237,0.7254427710478131,0.5963395225464191,0.5605565756483064,0.6358481861186364,0.4001973676890683,0.19827586206896552,1.0,441,325,116,4021,86,173,2,0
qwen3-vl-8b,pope_to_dashb,pope,dash-b,MIND-main,tierA,50pct_hard_negatives,oracle_target_calibration,True,rho=0.010655362610795157,passed,,0.5,20260507,0.438346193523217,0.3729787924441455,0.5061802525560402,0.5329973474801061,0.4757903569671129,0.5969030259516884,0.30234191422583356,0.0,0.9569230769230769,441,325,116,4021,86,173,2,0
qwen3-vl-8b,pope_to_dashb,pope,dash-b,MIND-param,tierA,50pct_hard_negatives,oracle_target_calibration,True,single_vmf,passed,,0.5,20260507,0.7829540088808388,0.7013494282828219,0.8507871860141434,0.9163925729442971,0.889283283687571,0.9402792127217686,0.7846164675744157,0.3275862068965517,0.2953846153846154,441,325,116,4021,86,173,2,0
qwen3-vl-8b,pope_to_dashb,pope,dash-b,logistic(z),tierA,50pct_hard_negatives,oracle_target_calibration,True,C=0.1,passed,,0.5,20260507,0.7607621093626098,0.6790360656191184,0.8302988618985626,0.9022281167108753,0.8729899614416794,0.9291971666848756,0.7623748944229395,0.33620689655172414,0.3292307692307692,441,325,116,4021,86,173,2,0
qwen3-vl-8b,pope_to_dashb,pope,dash-b,final-hidden linear probe,tierA,same_constraint_linear_or_cached,oracle_target_calibration,True,C=1.0,passed,,0.5,20260507,0.6346958323559309,0.6144996142787011,0.655641484664041,0.5043103448275862,0.5,0.5150187007874015,0.26939166471186177,0.008620689655172414,1.0,441,325,116,4021,86,173,2,0
qwen3-vl-8b,pope_to_dashb,pope,dash-b,output-confidence,tierA,same_constraint_linear_or_cached,oracle_target_calibration,True,negative_top2_margin,passed,,0.5,20260507,0.3772568967510079,0.3112622459560589,0.4565452304816402,0.7210875331564987,0.6757521667277063,0.765255401440384,0.3828650341332334,0.008620689655172414,0.5076923076923077,441,325,116,4021,86,173,2,0
qwen3-vl-8b,pope_to_dashb,pope,dash-b,HALP-lite,tierA,same_constraint_linear_or_cached,oracle_target_calibration,True,C=1.0,passed,,0.5,20260507,0.6676463872655509,0.5886396472074237,0.7254427710478131,0.5963395225464191,0.5605565756483064,0.6358481861186364,0.4001973676890683,0.19827586206896552,1.0,441,325,116,4021,86,173,2,0
qwen3-vl-8b,pope_to_dashb,pope,dash-b,MIND-main,tierA,50pct_hard_negatives,source_calibration,False,rho=0.0075943949782341464,passed,,0.5,20260508,0.6104098008396667,0.5738042522941253,0.6464986188622239,0.5692307692307692,0.5320825452422415,0.6069868618850467,0.29601536051861266,0.0,0.96,441,325,116,4021,86,173,2,0
qwen3-vl-8b,pope_to_dashb,pope,dash-b,MIND-param,tierA,50pct_hard_negatives,source_calibration,False,single_vmf,passed,,0.5,20260508,0.8418660187630013,0.7821117298708014,0.8925504407381497,0.9331564986737401,0.908750318383504,0.9544107488256425,0.8426291570403055,0.4224137931034483,0.28307692307692306,441,325,116,4021,86,173,2,0
qwen3-vl-8b,pope_to_dashb,pope,dash-b,logistic(z),tierA,50pct_hard_negatives,source_calibration,False,C=1.0,passed,,0.5,20260508,0.7406191924248264,0.6802073865933508,0.7897397268655204,0.6894960212201592,0.6464978714825506,0.7333511751521086,0.5344202590729594,0.3879310344827586,1.0,441,325,116,4021,86,173,2,0
qwen3-vl-8b,pope_to_dashb,pope,dash-b,final-hidden linear probe,tierA,same_constraint_linear_or_cached,source_calibration,False,C=0.1,passed,,0.5,20260508,0.8396111396042527,0.7760378666312633,0.8930768605630024,0.9168037135278514,0.8842884391163134,0.9458833403875806,0.8302567968736418,0.35344827586206895,1.0,441,325,116,4021,86,173,2,0
qwen3-vl-8b,pope_to_dashb,pope,dash-b,output-confidence,tierA,same_constraint_linear_or_cached,source_calibration,False,negative_top2_margin,passed,,0.5,20260508,0.3772568967510079,0.31044817637897587,0.46121731572341185,0.7210875331564987,0.6778264061326519,0.7661651470204554,0.3828650341332334,0.008620689655172414,0.5076923076923077,441,325,116,4021,86,173,2,0
qwen3-vl-8b,pope_to_dashb,pope,dash-b,HALP-lite,tierA,same_constraint_linear_or_cached,source_calibration,False,C=0.1,passed,,0.5,20260508,0.669030779863782,0.5904511249197006,0.7345710019434103,0.6383819628647216,0.5969819727850604,0.6805788813124636,0.46186771336135257,0.2413793103448276,1.0,441,325,116,4021,86,173,2,0
qwen3-vl-8b,pope_to_dashb,pope,dash-b,MIND-main,tierA,50pct_hard_negatives,oracle_target_calibration,True,rho=0.012974720695662684,passed,,0.5,20260508,0.36834165787258755,0.30467882359032833,0.43486699599772327,0.5085145888594165,0.44976401006602773,0.571170950620183,0.2803233242869038,0.0,0.9292307692307692,441,325,116,4021,86,173,2,0
qwen3-vl-8b,pope_to_dashb,pope,dash-b,MIND-param,tierA,50pct_hard_negatives,oracle_target_calibration,True,single_vmf,passed,,0.5,20260508,0.8418660187630013,0.7821117298708014,0.8925504407381497,0.9331564986737401,0.908750318383504,0.9544107488256425,0.8426291570403055,0.4224137931034483,0.28307692307692306,441,325,116,4021,86,173,2,0
qwen3-vl-8b,pope_to_dashb,pope,dash-b,logistic(z),tierA,50pct_hard_negatives,oracle_target_calibration,True,C=0.1,passed,,0.5,20260508,0.8360906535633901,0.7742916098940615,0.8879111527373237,0.9307427055702918,0.9063436167353739,0.9525722368163467,0.8369006211486238,0.3879310344827586,0.30153846153846153,441,325,116,4021,86,173,2,0
qwen3-vl-8b,pope_to_dashb,pope,dash-b,final-hidden linear probe,tierA,same_constraint_linear_or_cached,oracle_target_calibration,True,C=0.1,passed,,0.5,20260508,0.8396111396042527,0.7760378666312633,0.8930768605630024,0.9168037135278514,0.8842884391163134,0.9458833403875806,0.8302567968736418,0.35344827586206895,1.0,441,325,116,4021,86,173,2,0
qwen3-vl-8b,pope_to_dashb,pope,dash-b,output-confidence,tierA,same_constraint_linear_or_cached,oracle_target_calibration,True,negative_top2_margin,passed,,0.5,20260508,0.3772568967510079,0.31044817637897587,0.46121731572341185,0.7210875331564987,0.6778264061326519,0.7661651470204554,0.3828650341332334,0.008620689655172414,0.5076923076923077,441,325,116,4021,86,173,2,0
qwen3-vl-8b,pope_to_dashb,pope,dash-b,HALP-lite,tierA,same_constraint_linear_or_cached,oracle_target_calibration,True,C=1.0,passed,,0.5,20260508,0.6315192743764172,0.6110827664399093,0.6519557823129252,0.5,0.5,0.5,0.26303854875283444,0.0,1.0,441,325,116,4021,86,173,2,0
qwen3-vl-8b,repope_to_repope,repope,repope,MIND-main,tierA,50pct_hard_negatives,source_calibration,False,rho=0.00751669285605182,passed,,0.5,20260506,0.5026275442533911,0.4450175516441379,0.5497001607856049,0.887656323145857,0.863312797741423,0.9078624965544446,0.10106625798729459,0.0,0.3869123252858958,1612,1574,38,3812,84,168,28,0
qwen3-vl-8b,repope_to_repope,repope,repope,MIND-param,tierA,50pct_hard_negatives,source_calibration,False,single_vmf,passed,,0.5,20260506,0.5442748795189642,0.3849401955778298,0.6946041528524846,0.9801043268909249,0.9708293605013659,0.9894583358848923,0.5557328159089645,0.39473684210526316,0.09021601016518424,1612,1574,38,3812,84,168,28,0
qwen3-vl-8b,repope_to_repope,repope,repope,logistic(z),tierA,50pct_hard_negatives,source_calibration,False,C=0.1,passed,,0.5,20260506,0.516490484142348,0.35732064475737046,0.6683380878759615,0.9778639737845248,0.9677321466476203,0.9875016012723816,0.5271859834944836,0.2894736842105263,0.08703939008894536,1612,1574,38,3812,84,168,28,0
qwen3-vl-8b,repope_to_repope,repope,repope,final-hidden linear probe,tierA,same_constraint_linear_or_cached,source_calibration,False,C=0.1,passed,,0.5,20260506,0.4988077039691953,0.34426477227951785,0.6641861818588641,0.9753143181970173,0.9648150837155047,0.9860440475697719,0.49833543831022786,0.3157894736842105,0.11054637865311309,1612,1574,38,3812,84,168,28,0
qwen3-vl-8b,repope_to_repope,repope,repope,output-confidence,tierA,same_constraint_linear_or_cached,source_calibration,False,negative_top2_margin,passed,,0.5,20260506,0.16485258830721908,0.11122733922779851,0.23601814437527668,0.9258092021667892,0.9005533960745683,0.9499968651775564,0.17790914519742665,0.07894736842105263,0.27001270648030495,1612,1574,38,3812,84,168,28,0
qwen3-vl-8b,repope_to_repope,repope,repope,HALP-lite,tierA,same_constraint_linear_or_cached,source_calibration,False,C=1.0,passed,,0.5,20260506,0.5536399746779392,0.4351553492121733,0.660478604232894,0.8556393365879756,0.7833743265839431,0.9277324237679863,0.3120508493007939,0.0,1.0,1612,1574,38,3812,84,168,28,0
qwen3-vl-8b,repope_to_repope,repope,repope,MIND-main,tierA,50pct_hard_negatives,oracle_target_calibration,True,rho=0.00751669285605182,passed,,0.5,20260506,0.5026275442533911,0.4450175516441379,0.5497001607856049,0.887656323145857,0.863312797741423,0.9078624965544446,0.10106625798729459,0.0,0.3869123252858958,1612,1574,38,3812,84,168,28,0
qwen3-vl-8b,repope_to_repope,repope,repope,MIND-param,tierA,50pct_hard_negatives,oracle_target_calibration,True,single_vmf,passed,,0.5,20260506,0.5442748795189642,0.3849401955778298,0.6946041528524846,0.9801043268909249,0.9708293605013659,0.9894583358848923,0.5557328159089645,0.39473684210526316,0.09021601016518424,1612,1574,38,3812,84,168,28,0
qwen3-vl-8b,repope_to_repope,repope,repope,logistic(z),tierA,50pct_hard_negatives,oracle_target_calibration,True,C=0.1,passed,,0.5,20260506,0.516490484142348,0.35732064475737046,0.6683380878759615,0.9778639737845248,0.9677321466476203,0.9875016012723816,0.5271859834944836,0.2894736842105263,0.08703939008894536,1612,1574,38,3812,84,168,28,0
qwen3-vl-8b,repope_to_repope,repope,repope,final-hidden linear probe,tierA,same_constraint_linear_or_cached,oracle_target_calibration,True,C=0.1,passed,,0.5,20260506,0.4988077039691953,0.34426477227951785,0.6641861818588641,0.9753143181970173,0.9648150837155047,0.9860440475697719,0.49833543831022786,0.3157894736842105,0.11054637865311309,1612,1574,38,3812,84,168,28,0
qwen3-vl-8b,repope_to_repope,repope,repope,output-confidence,tierA,same_constraint_linear_or_cached,oracle_target_calibration,True,negative_top2_margin,passed,,0.5,20260506,0.16485258830721908,0.11122733922779851,0.23601814437527668,0.9258092021667892,0.9005533960745683,0.9499968651775564,0.17790914519742665,0.07894736842105263,0.27001270648030495,1612,1574,38,3812,84,168,28,0
qwen3-vl-8b,repope_to_repope,repope,repope,HALP-lite,tierA,same_constraint_linear_or_cached,oracle_target_calibration,True,C=1.0,passed,,0.5,20260506,0.5536399746779392,0.4351553492121733,0.660478604232894,0.8556393365879756,0.7833743265839431,0.9277324237679863,0.3120508493007939,0.0,1.0,1612,1574,38,3812,84,168,28,0
qwen3-vl-8b,repope_to_pope,repope,pope,MIND-main,tierA,50pct_hard_negatives,source_calibration,False,rho=0.00751669285605182,passed,,0.5,20260506,0.49075947541021064,0.4297328073513928,0.5412432482742974,0.8746194916892152,0.8525004854523528,0.8949934838710818,0.11765942799031034,0.0,0.40954773869346733,1644,1592,52,3812,84,168,156,0
qwen3-vl-8b,repope_to_pope,repope,pope,MIND-param,tierA,50pct_hard_negatives,source_calibration,False,single_vmf,passed,,0.5,20260506,0.290583292561312,0.21131184006873116,0.39998974003911564,0.9531310398144568,0.9396840766558292,0.9671966605351425,0.3027120815019215,0.15384615384615385,0.16080402010050251,1644,1592,52,3812,84,168,156,0
qwen3-vl-8b,repope_to_pope,repope,pope,logistic(z),tierA,50pct_hard_negatives,source_calibration,False,C=0.1,passed,,0.5,20260506,0.26465767275156804,0.19237825547497725,0.3637846725511442,0.9481300734441438,0.9346673240815043,0.962578618388975,0.28027384200810596,0.07692307692307693,0.15201005025125627,1644,1592,52,3812,84,168,156,0
qwen3-vl-8b,repope_to_pope,repope,pope,final-hidden linear probe,tierA,same_constraint_linear_or_cached,source_calibration,False,C=0.1,passed,,0.5,20260506,0.3490726100268058,0.238578788938731,0.469478596860353,0.951258697332818,0.9372011328550309,0.9652054456242112,0.32640498597273876,0.21153846153846154,0.13944723618090452,1644,1592,52,3812,84,168,156,0
qwen3-vl-8b,repope_to_pope,repope,pope,output-confidence,tierA,same_constraint_linear_or_cached,source_calibration,False,negative_top2_margin,passed,,0.5,20260506,0.18930279746491388,0.13488722853885424,0.2765588307129911,0.9160163799768071,0.8928408784418854,0.9374737116792657,0.20246743433280281,0.07692307692307693,0.2933417085427136,1644,1592,52,3812,84,168,156,0
qwen3-vl-8b,repope_to_pope,repope,pope,HALP-lite,tierA,same_constraint_linear_or_cached,source_calibration,False,C=1.0,passed,,0.5,20260506,0.3894477252258801,0.2937346809659929,0.495010168480689,0.7312463761113258,0.66482135705704,0.7988330034680886,0.1670645841677873,0.0,1.0,1644,1592,52,3812,84,168,156,0
qwen3-vl-8b,repope_to_pope,repope,pope,MIND-main,tierA,50pct_hard_negatives,oracle_target_calibration,True,rho=0.0062113689123056755,passed,,0.5,20260506,0.5390452548430705,0.5120672259086831,0.5565884331129827,0.845199555469656,0.8317921044524355,0.8576424091531923,0.09561855455793576,0.0,0.3021356783919598,1644,1592,52,3812,84,168,156,0
qwen3-vl-8b,repope_to_pope,repope,pope,MIND-param,tierA,50pct_hard_negatives,oracle_target_calibration,True,single_vmf,passed,,0.5,20260506,0.290583292561312,0.21131184006873116,0.39998974003911564,0.9531310398144568,0.9396840766558292,0.9671966605351425,0.3027120815019215,0.15384615384615385,0.16080402010050251,1644,1592,52,3812,84,168,156,0
qwen3-vl-8b,repope_to_pope,repope,pope,logistic(z),tierA,50pct_hard_negatives,oracle_target_calibration,True,C=1.0,passed,,0.5,20260506,0.37429191510055804,0.27779433668445064,0.4758502286778536,0.8578952454580594,0.801169515716576,0.9150513123476606,0.23104810866137623,0.0,1.0,1644,1592,52,3812,84,168,156,0
qwen3-vl-8b,repope_to_pope,repope,pope,final-hidden linear probe,tierA,same_constraint_linear_or_cached,oracle_target_calibration,True,C=10.0,passed,,0.5,20260506,0.40329880981946187,0.2889719449026559,0.5130712319953172,0.7082407228449942,0.6389560365545996,0.7770619108531802,0.1795728415324148,0.0,1.0,1644,1592,52,3812,84,168,156,0
qwen3-vl-8b,repope_to_pope,repope,pope,output-confidence,tierA,same_constraint_linear_or_cached,oracle_target_calibration,True,negative_top2_margin,passed,,0.5,20260506,0.18930279746491388,0.13488722853885424,0.2765588307129911,0.9160163799768071,0.8928408784418854,0.9374737116792657,0.20246743433280281,0.07692307692307693,0.2933417085427136,1644,1592,52,3812,84,168,156,0
qwen3-vl-8b,repope_to_pope,repope,pope,HALP-lite,tierA,same_constraint_linear_or_cached,oracle_target_calibration,True,C=0.1,passed,,0.5,20260506,0.5320905134703313,0.4681630220074455,0.5945042261777821,0.8981385291843834,0.8526123468356899,0.9387456227373989,0.20490756941964908,0.0,1.0,1644,1592,52,3812,84,168,156,0
qwen3-vl-8b,repope_to_dashb,repope,dash-b,MIND-main,tierA,50pct_hard_negatives,source_calibration,False,rho=0.00751669285605182,passed,,0.5,20260506,0.5940901949832548,0.5528424952216154,0.6332917779612374,0.5425596816976127,0.5037492423222977,0.5837860987612912,0.2827918252290056,0.0,0.9569230769230769,441,325,116,3812,84,168,2,0
qwen3-vl-8b,repope_to_dashb,repope,dash-b,MIND-param,tierA,50pct_hard_negatives,source_calibration,False,single_vmf,passed,,0.5,20260506,0.8285355906188591,0.763936455721395,0.8903538951792128,0.9336339522546419,0.9112551176680426,0.9541265745817463,0.829458634837075,0.3103448275862069,0.22153846153846155,441,325,116,3812,84,168,2,0
qwen3-vl-8b,repope_to_dashb,repope,dash-b,logistic(z),tierA,50pct_hard_negatives,source_calibration,False,C=0.1,passed,,0.5,20260506,0.8352073217779173,0.7651358041478156,0.8965228232464374,0.9390185676392573,0.9168972818519883,0.9592145570060306,0.8361623127941084,0.21551724137931033,0.20615384615384616,441,325,116,3812,84,168,2,0
qwen3-vl-8b,repope_to_dashb,repope,dash-b,final-hidden linear probe,tierA,same_constraint_linear_or_cached,source_calibration,False,C=0.1,passed,,0.5,20260506,0.8665065276799807,0.8002514830503848,0.9230319688356241,0.9580371352785145,0.9404780323609915,0.9731330864791138,0.8674585794957468,0.2672413793103448,0.1723076923076923,441,325,116,3812,84,168,2,0
qwen3-vl-8b,repope_to_dashb,repope,dash-b,output-confidence,tierA,same_constraint_linear_or_cached,source_calibration,False,negative_top2_margin,passed,,0.5,20260506,0.3772568967510079,0.3105059540129598,0.4598085711522734,0.7210875331564987,0.6754671143135507,0.7664349287528361,0.3828650341332334,0.008620689655172414,0.5076923076923077,441,325,116,3812,84,168,2,0
qwen3-vl-8b,repope_to_dashb,repope,dash-b,HALP-lite,tierA,same_constraint_linear_or_cached,source_calibration,False,C=1.0,passed,,0.5,20260506,0.6126295531189858,0.516995973396624,0.6907430009365538,0.598448275862069,0.5618458886930314,0.6394167738662073,0.3788186168052686,0.0,1.0,441,325,116,3812,84,168,2,0
qwen3-vl-8b,repope_to_dashb,repope,dash-b,MIND-main,tierA,50pct_hard_negatives,oracle_target_calibration,True,rho=0.01777267863546694,passed,,0.5,20260506,0.47567211815955873,0.3873234934474642,0.5681152629186924,0.7074270557029178,0.6566536713168183,0.7622608191568967,0.4641971458814883,0.10344827586206896,0.7538461538461538,441,325,116,3812,84,168,2,0
qwen3-vl-8b,repope_to_dashb,repope,dash-b,MIND-param,tierA,50pct_hard_negatives,oracle_target_calibration,True,single_vmf,passed,,0.5,20260506,0.8285355906188591,0.763936455721395,0.8903538951792128,0.9336339522546419,0.9112551176680426,0.9541265745817463,0.829458634837075,0.3103448275862069,0.22153846153846155,441,325,116,3812,84,168,2,0
qwen3-vl-8b,repope_to_dashb,repope,dash-b,logistic(z),tierA,50pct_hard_negatives,oracle_target_calibration,True,C=0.1,passed,,0.5,20260506,0.8352073217779173,0.7651358041478156,0.8965228232464374,0.9390185676392573,0.9168972818519883,0.9592145570060306,0.8361623127941084,0.21551724137931033,0.20615384615384616,441,325,116,3812,84,168,2,0
qwen3-vl-8b,repope_to_dashb,repope,dash-b,final-hidden linear probe,tierA,same_constraint_linear_or_cached,oracle_target_calibration,True,C=0.1,passed,,0.5,20260506,0.8665065276799807,0.8002514830503848,0.9230319688356241,0.9580371352785145,0.9404780323609915,0.9731330864791138,0.8674585794957468,0.2672413793103448,0.1723076923076923,441,325,116,3812,84,168,2,0
qwen3-vl-8b,repope_to_dashb,repope,dash-b,output-confidence,tierA,same_constraint_linear_or_cached,oracle_target_calibration,True,negative_top2_margin,passed,,0.5,20260506,0.3772568967510079,0.3105059540129598,0.4598085711522734,0.7210875331564987,0.6754671143135507,0.7664349287528361,0.3828650341332334,0.008620689655172414,0.5076923076923077,441,325,116,3812,84,168,2,0
qwen3-vl-8b,repope_to_dashb,repope,dash-b,HALP-lite,tierA,same_constraint_linear_or_cached,oracle_target_calibration,True,C=0.1,passed,,0.5,20260506,0.8021382148943308,0.7339263369595184,0.8589516887246696,0.8557957559681697,0.8147557668039208,0.8982673302236266,0.7160598435239851,0.0,1.0,441,325,116,3812,84,168,2,0
qwen3-vl-8b,repope_to_repope,repope,repope,MIND-main,tierA,50pct_hard_negatives,source_calibration,False,rho=0.0046911122675140976,passed,,0.5,20260507,0.4545303743044246,0.3844034624199058,0.5099808033120284,0.7938373570520966,0.744730152248167,0.8343540930423833,0.0596866353177319,0.0,0.571156289707751,1612,1574,38,3812,84,168,28,0
qwen3-vl-8b,repope_to_repope,repope,repope,MIND-param,tierA,50pct_hard_negatives,source_calibration,False,single_vmf,passed,,0.5,20260507,0.04087426269649359,0.01730444406743432,0.10996318016064315,0.47421922022336654,0.3825411853736258,0.5623662815503732,0.06183082219682605,0.07894736842105263,0.8310038119440915,1612,1574,38,3812,84,168,28,0
qwen3-vl-8b,repope_to_repope,repope,repope,logistic(z),tierA,50pct_hard_negatives,source_calibration,False,C=1.0,passed,,0.5,20260507,0.33638205353543105,0.2300756788558831,0.4288207984025671,0.9236608038520697,0.8757279517676125,0.9576786847839696,0.18905514119384215,0.0,1.0,1612,1574,38,3812,84,168,28,0
qwen3-vl-8b,repope_to_repope,repope,repope,final-hidden linear probe,tierA,same_constraint_linear_or_cached,source_calibration,False,C=0.1,passed,,0.5,20260507,0.3708390464154327,0.24562257149542083,0.47882308626168,0.9626914331572259,0.9493464831095335,0.9733041368440575,0.27306252480731874,0.0,0.13595933926302414,1612,1574,38,3812,84,168,28,0
qwen3-vl-8b,repope_to_repope,repope,repope,output-confidence,tierA,same_constraint_linear_or_cached,source_calibration,False,negative_top2_margin,passed,,0.5,20260507,0.16485258830721908,0.10431654689392945,0.23833523812910373,0.9258092021667892,0.8987721501868917,0.9510205831735427,0.17790914519742665,0.07894736842105263,0.27001270648030495,1612,1574,38,3812,84,168,28,0
qwen3-vl-8b,repope_to_repope,repope,repope,HALP-lite,tierA,same_constraint_linear_or_cached,source_calibration,False,C=1.0,passed,,0.5,20260507,0.4759663300722466,0.37448018442139797,0.5668244749194592,0.8415033772487126,0.7713427923295753,0.9059524455621748,0.1905325398534227,0.0,1.0,1612,1574,38,3812,84,168,28,0
qwen3-vl-8b,repope_to_repope,repope,repope,MIND-main,tierA,50pct_hard_negatives,oracle_target_calibration,True,rho=0.0046911122675140976,passed,,0.5,20260507,0.4545303743044246,0.3844034624199058,0.5099808033120284,0.7938373570520966,0.744730152248167,0.8343540930423833,0.0596866353177319,0.0,0.571156289707751,1612,1574,38,3812,84,168,28,0
qwen3-vl-8b,repope_to_repope,repope,repope,MIND-param,tierA,50pct_hard_negatives,oracle_target_calibration,True,single_vmf,passed,,0.5,20260507,0.04087426269649359,0.01730444406743432,0.10996318016064315,0.47421922022336654,0.3825411853736258,0.5623662815503732,0.06183082219682605,0.07894736842105263,0.8310038119440915,1612,1574,38,3812,84,168,28,0
qwen3-vl-8b,repope_to_repope,repope,repope,logistic(z),tierA,50pct_hard_negatives,oracle_target_calibration,True,C=1.0,passed,,0.5,20260507,0.33638205353543105,0.2300756788558831,0.4288207984025671,0.9236608038520697,0.8757279517676125,0.9576786847839696,0.18905514119384215,0.0,1.0,1612,1574,38,3812,84,168,28,0
qwen3-vl-8b,repope_to_repope,repope,repope,final-hidden linear probe,tierA,same_constraint_linear_or_cached,oracle_target_calibration,True,C=0.1,passed,,0.5,20260507,0.3708390464154327,0.24562257149542083,0.47882308626168,0.9626914331572259,0.9493464831095335,0.9733041368440575,0.27306252480731874,0.0,0.13595933926302414,1612,1574,38,3812,84,168,28,0
qwen3-vl-8b,repope_to_repope,repope,repope,output-confidence,tierA,same_constraint_linear_or_cached,oracle_target_calibration,True,negative_top2_margin,passed,,0.5,20260507,0.16485258830721908,0.10431654689392945,0.23833523812910373,0.9258092021667892,0.8987721501868917,0.9510205831735427,0.17790914519742665,0.07894736842105263,0.27001270648030495,1612,1574,38,3812,84,168,28,0
qwen3-vl-8b,repope_to_repope,repope,repope,HALP-lite,tierA,same_constraint_linear_or_cached,oracle_target_calibration,True,C=1.0,passed,,0.5,20260507,0.4759663300722466,0.37448018442139797,0.5668244749194592,0.8415033772487126,0.7713427923295753,0.9059524455621748,0.1905325398534227,0.0,1.0,1612,1574,38,3812,84,168,28,0
qwen3-vl-8b,repope_to_pope,repope,pope,MIND-main,tierA,50pct_hard_negatives,source_calibration,False,rho=0.0046911122675140976,passed,,0.5,20260507,0.434452715554783,0.3700910641488957,0.495928976536361,0.7516669887901044,0.6980826192669523,0.8034641062505299,0.06954243580339409,0.0,0.7782663316582915,1644,1592,52,3812,84,168,156,0
qwen3-vl-8b,repope_to_pope,repope,pope,MIND-param,tierA,50pct_hard_negatives,source_calibration,False,single_vmf,passed,,0.5,20260507,0.025865995485250225,0.018146499788440143,0.03480917928141233,0.4368477000386548,0.3677894773695114,0.5081694028710052,0.027125799248910433,0.0,0.8473618090452262,1644,1592,52,3812,84,168,156,0
qwen3-vl-8b,repope_to_pope,repope,pope,logistic(z),tierA,50pct_hard_negatives,source_calibration,False,C=1.0,passed,,0.5,20260507,0.3097320182947074,0.2248195544342537,0.39553698349133903,0.9000169114804792,0.8629176323675298,0.9289353430709042,0.16597256048490552,0.0,0.1978643216080402,1644,1592,52,3812,84,168,156,0
qwen3-vl-8b,repope_to_pope,repope,pope,final-hidden linear probe,tierA,same_constraint_linear_or_cached,source_calibration,False,C=0.1,passed,,0.5,20260507,0.2952171686052088,0.2080870252268137,0.3956362910509127,0.8979694143795902,0.8504611370258639,0.9365389862906042,0.207032535785156,0.0,1.0,1644,1592,52,3812,84,168,156,0
qwen3-vl-8b,repope_to_pope,repope,pope,output-confidence,tierA,same_constraint_linear_or_cached,source_calibration,False,negative_top2_margin,passed,,0.5,20260507,0.18930279746491388,0.1319353835492143,0.2775547173977269,0.9160163799768071,0.8925345177109705,0.9378478424731639,0.20246743433280281,0.07692307692307693,0.2933417085427136,1644,1592,52,3812,84,168,156,0
qwen3-vl-8b,repope_to_pope,repope,pope,HALP-lite,tierA,same_constraint_linear_or_cached,source_calibration,False,C=1.0,passed,,0.5,20260507,0.34376294150253206,0.2539598960071473,0.4303593668899197,0.7296518650947043,0.6582171773533871,0.7955222623795412,0.11108052315824277,0.0,1.0,1644,1592,52,3812,84,168,156,0
qwen3-vl-8b,repope_to_pope,repope,pope,MIND-main,tierA,50pct_hard_negatives,oracle_target_calibration,True,rho=0.004900299411693017,passed,,0.5,20260507,0.43709874403498034,0.3723674545431245,0.4986874456776352,0.7616447622729029,0.7050235163875519,0.8181786894552238,0.07489208649423519,0.0,0.7581658291457286,1644,1592,52,3812,84,168,156,0
qwen3-vl-8b,repope_to_pope,repope,pope,MIND-param,tierA,50pct_hard_negatives,oracle_target_calibration,True,single_vmf,passed,,0.5,20260507,0.025865995485250225,0.018146499788440143,0.03480917928141233,0.4368477000386548,0.3677894773695114,0.5081694028710052,0.027125799248910433,0.0,0.8473618090452262,1644,1592,52,3812,84,168,156,0
qwen3-vl-8b,repope_to_pope,repope,pope,logistic(z),tierA,50pct_hard_negatives,oracle_target_calibration,True,C=10.0,passed,,0.5,20260507,0.515852009561653,0.45362460402475435,0.5677337755433153,0.859435398144569,0.8096222443812051,0.9041290579495396,0.14690372326531786,0.0,1.0,1644,1592,52,3812,84,168,156,0
qwen3-vl-8b,repope_to_pope,repope,pope,final-hidden linear probe,tierA,same_constraint_linear_or_cached,oracle_target_calibration,True,C=10.0,passed,,0.5,20260507,0.49727116446392833,0.4231468250847499,0.5618924356281843,0.8425239176652493,0.7845099787127062,0.896511383834933,0.16438330525921765,0.0,1.0,1644,1592,52,3812,84,168,156,0
qwen3-vl-8b,repope_to_pope,repope,pope,output-confidence,tierA,same_constraint_linear_or_cached,oracle_target_calibration,True,negative_top2_margin,passed,,0.5,20260507,0.18930279746491388,0.1319353835492143,0.2775547173977269,0.9160163799768071,0.8925345177109705,0.9378478424731639,0.20246743433280281,0.07692307692307693,0.2933417085427136,1644,1592,52,3812,84,168,156,0
qwen3-vl-8b,repope_to_pope,repope,pope,HALP-lite,tierA,same_constraint_linear_or_cached,oracle_target_calibration,True,C=0.1,passed,,0.5,20260507,0.4231144844954058,0.3469421382387167,0.4945439627439629,0.8752536722071897,0.8291013195400224,0.9154408077861379,0.15593073908889057,0.0,1.0,1644,1592,52,3812,84,168,156,0
qwen3-vl-8b,repope_to_dashb,repope,dash-b,MIND-main,tierA,50pct_hard_negatives,source_calibration,False,rho=0.0046911122675140976,passed,,0.5,20260507,0.6164347831377727,0.581973596843066,0.6451356768074231,0.5328249336870027,0.5037488690111702,0.5599602523468019,0.2772286030914786,0.0,0.9938461538461538,441,325,116,3812,84,168,2,0
qwen3-vl-8b,repope_to_dashb,repope,dash-b,MIND-param,tierA,50pct_hard_negatives,source_calibration,False,single_vmf,passed,,0.5,20260507,0.4360531689904876,0.3533998216139949,0.5214282947701854,0.6907692307692308,0.6410062059027526,0.7361595758869032,0.4390681176194722,0.06896551724137931,0.56,441,325,116,3812,84,168,2,0
qwen3-vl-8b,repope_to_dashb,repope,dash-b,logistic(z),tierA,50pct_hard_negatives,source_calibration,False,C=1.0,passed,,0.5,20260507,0.8490998521461637,0.778468958951274,0.9101284806090911,0.9376790450928382,0.9097756283915128,0.9622643648180313,0.8212004607334586,0.0,1.0,441,325,116,3812,84,168,2,0
qwen3-vl-8b,repope_to_dashb,repope,dash-b,final-hidden linear probe,tierA,same_constraint_linear_or_cached,source_calibration,False,C=0.1,passed,,0.5,20260507,0.8065651387585903,0.7356162442134239,0.8732165733795537,0.9179973474801062,0.8874735845988418,0.9461201825613659,0.796092070526365,0.25,1.0,441,325,116,3812,84,168,2,0
qwen3-vl-8b,repope_to_dashb,repope,dash-b,output-confidence,tierA,same_constraint_linear_or_cached,source_calibration,False,negative_top2_margin,passed,,0.5,20260507,0.3772568967510079,0.3112622459560589,0.4565452304816402,0.7210875331564987,0.6757521667277063,0.765255401440384,0.3828650341332334,0.008620689655172414,0.5076923076923077,441,325,116,3812,84,168,2,0
qwen3-vl-8b,repope_to_dashb,repope,dash-b,HALP-lite,tierA,same_constraint_linear_or_cached,source_calibration,False,C=1.0,passed,,0.5,20260507,0.628203480974417,0.5380236464931144,0.7034447836068269,0.585185676392573,0.5511162533276589,0.620873807229895,0.3878519537386532,0.1810344827586207,1.0,441,325,116,3812,84,168,2,0
qwen3-vl-8b,repope_to_dashb,repope,dash-b,MIND-main,tierA,50pct_hard_negatives,oracle_target_calibration,True,rho=0.015618538183592719,passed,,0.5,20260507,0.2863565119589721,0.23173786786436354,0.34300591731262126,0.5577586206896552,0.498403753889865,0.6108301811107556,0.29075301900639366,0.0,0.92,441,325,116,3812,84,168,2,0
qwen3-vl-8b,repope_to_dashb,repope,dash-b,MIND-param,tierA,50pct_hard_negatives,oracle_target_calibration,True,single_vmf,passed,,0.5,20260507,0.4360531689904876,0.3533998216139949,0.5214282947701854,0.6907692307692308,0.6410062059027526,0.7361595758869032,0.4390681176194722,0.06896551724137931,0.56,441,325,116,3812,84,168,2,0
qwen3-vl-8b,repope_to_dashb,repope,dash-b,logistic(z),tierA,50pct_hard_negatives,oracle_target_calibration,True,C=1.0,passed,,0.5,20260507,0.8490998521461637,0.778468958951274,0.9101284806090911,0.9376790450928382,0.9097756283915128,0.9622643648180313,0.8212004607334586,0.0,1.0,441,325,116,3812,84,168,2,0
qwen3-vl-8b,repope_to_dashb,repope,dash-b,final-hidden linear probe,tierA,same_constraint_linear_or_cached,oracle_target_calibration,True,C=0.1,passed,,0.5,20260507,0.8065651387585903,0.7356162442134239,0.8732165733795537,0.9179973474801062,0.8874735845988418,0.9461201825613659,0.796092070526365,0.25,1.0,441,325,116,3812,84,168,2,0
qwen3-vl-8b,repope_to_dashb,repope,dash-b,output-confidence,tierA,same_constraint_linear_or_cached,oracle_target_calibration,True,negative_top2_margin,passed,,0.5,20260507,0.3772568967510079,0.3112622459560589,0.4565452304816402,0.7210875331564987,0.6757521667277063,0.765255401440384,0.3828650341332334,0.008620689655172414,0.5076923076923077,441,325,116,3812,84,168,2,0
qwen3-vl-8b,repope_to_dashb,repope,dash-b,HALP-lite,tierA,same_constraint_linear_or_cached,oracle_target_calibration,True,C=0.1,passed,,0.5,20260507,0.8360369762569114,0.7754139520223551,0.8942643724338556,0.893368700265252,0.8568463361821897,0.9318027872540022,0.7790149689656773,0.0,1.0,441,325,116,3812,84,168,2,0
qwen3-vl-8b,repope_to_repope,repope,repope,MIND-main,tierA,50pct_hard_negatives,source_calibration,False,rho=0.015686477413006203,passed,,0.5,20260508,0.37557558503186783,0.2432250667509387,0.5058192831831186,0.9411071356918345,0.91394794351619,0.9622403315256368,0.24003374405191508,0.0,0.28589580686149935,1612,1574,38,3812,84,168,28,0
qwen3-vl-8b,repope_to_repope,repope,repope,MIND-param,tierA,50pct_hard_negatives,source_calibration,False,single_vmf,passed,,0.5,20260508,0.5983253469338009,0.436718270998133,0.7455741585337241,0.9657259412826857,0.9234961861215998,0.98899690069694,0.6074126586257586,0.6578947368421053,0.09783989834815757,1612,1574,38,3812,84,168,28,0
qwen3-vl-8b,repope_to_repope,repope,repope,logistic(z),tierA,50pct_hard_negatives,source_calibration,False,C=0.1,passed,,0.5,20260508,0.5847649743494232,0.4778887671517119,0.6769690087858677,0.9703654784992978,0.9519887122337412,0.982554075426284,0.35881703492318595,0.0,0.09783989834815757,1612,1574,38,3812,84,168,28,0
qwen3-vl-8b,repope_to_repope,repope,repope,final-hidden linear probe,tierA,same_constraint_linear_or_cached,source_calibration,False,C=1.0,passed,,0.5,20260508,0.506972346206342,0.38196298587846395,0.6266443574249925,0.8044372366749147,0.7256374129788098,0.8832197520131742,0.27816370769281984,0.0,1.0,1612,1574,38,3812,84,168,28,0
qwen3-vl-8b,repope_to_repope,repope,repope,output-confidence,tierA,same_constraint_linear_or_cached,source_calibration,False,negative_top2_margin,passed,,0.5,20260508,0.16485258830721908,0.10652698878502267,0.23835729540884196,0.9258092021667892,0.8981119800288662,0.9486113888347575,0.17790914519742665,0.07894736842105263,0.27001270648030495,1612,1574,38,3812,84,168,28,0
qwen3-vl-8b,repope_to_repope,repope,repope,HALP-lite,tierA,same_constraint_linear_or_cached,source_calibration,False,C=0.1,passed,,0.5,20260508,0.44881198903342945,0.3190492771433212,0.592194078535432,0.9195311977529592,0.8653130387903293,0.9639091023492948,0.34710213739766005,0.0,1.0,1612,1574,38,3812,84,168,28,0
qwen3-vl-8b,repope_to_repope,repope,repope,MIND-main,tierA,50pct_hard_negatives,oracle_target_calibration,True,rho=0.015686477413006203,passed,,0.5,20260508,0.37557558503186783,0.2432250667509387,0.5058192831831186,0.9411071356918345,0.91394794351619,0.9622403315256368,0.24003374405191508,0.0,0.28589580686149935,1612,1574,38,3812,84,168,28,0
qwen3-vl-8b,repope_to_repope,repope,repope,MIND-param,tierA,50pct_hard_negatives,oracle_target_calibration,True,single_vmf,passed,,0.5,20260508,0.5983253469338009,0.436718270998133,0.7455741585337241,0.9657259412826857,0.9234961861215998,0.98899690069694,0.6074126586257586,0.6578947368421053,0.09783989834815757,1612,1574,38,3812,84,168,28,0
qwen3-vl-8b,repope_to_repope,repope,repope,logistic(z),tierA,50pct_hard_negatives,oracle_target_calibration,True,C=0.1,passed,,0.5,20260508,0.5847649743494232,0.4778887671517119,0.6769690087858677,0.9703654784992978,0.9519887122337412,0.982554075426284,0.35881703492318595,0.0,0.09783989834815757,1612,1574,38,3812,84,168,28,0
qwen3-vl-8b,repope_to_repope,repope,repope,final-hidden linear probe,tierA,same_constraint_linear_or_cached,oracle_target_calibration,True,C=1.0,passed,,0.5,20260508,0.506972346206342,0.38196298587846395,0.6266443574249925,0.8044372366749147,0.7256374129788098,0.8832197520131742,0.27816370769281984,0.0,1.0,1612,1574,38,3812,84,168,28,0
qwen3-vl-8b,repope_to_repope,repope,repope,output-confidence,tierA,same_constraint_linear_or_cached,oracle_target_calibration,True,negative_top2_margin,passed,,0.5,20260508,0.16485258830721908,0.10652698878502267,0.23835729540884196,0.9258092021667892,0.8981119800288662,0.9486113888347575,0.17790914519742665,0.07894736842105263,0.27001270648030495,1612,1574,38,3812,84,168,28,0
qwen3-vl-8b,repope_to_repope,repope,repope,HALP-lite,tierA,same_constraint_linear_or_cached,oracle_target_calibration,True,C=0.1,passed,,0.5,20260508,0.44881198903342945,0.3190492771433212,0.592194078535432,0.9195311977529592,0.8653130387903293,0.9639091023492948,0.34710213739766005,0.0,1.0,1612,1574,38,3812,84,168,28,0
qwen3-vl-8b,repope_to_pope,repope,pope,MIND-main,tierA,50pct_hard_negatives,source_calibration,False,rho=0.015686477413006203,passed,,0.5,20260508,0.2953991201983598,0.19363514372066545,0.39823181735354424,0.9199543390027058,0.8961110123385667,0.9401995147229594,0.20134947624680502,0.0,0.23555276381909548,1644,1592,52,3812,84,168,156,0
qwen3-vl-8b,repope_to_pope,repope,pope,MIND-param,tierA,50pct_hard_negatives,source_calibration,False,single_vmf,passed,,0.5,20260508,0.3250251148298797,0.22185678828301442,0.44256929486253954,0.940580305373019,0.9067984339203953,0.9632264345103051,0.33490046489425696,0.23076923076923078,0.14384422110552764,1644,1592,52,3812,84,168,156,0
qwen3-vl-8b,repope_to_pope,repope,pope,logistic(z),tierA,50pct_hard_negatives,source_calibration,False,C=0.1,passed,,0.5,20260508,0.4528556707483965,0.3663079865137482,0.5419199735380797,0.9451524449168922,0.9285473091015544,0.9595040925114644,0.2621502638355037,0.0,0.1457286432160804,1644,1592,52,3812,84,168,156,0
qwen3-vl-8b,repope_to_pope,repope,pope,final-hidden linear probe,tierA,same_constraint_linear_or_cached,source_calibration,False,C=1.0,passed,,0.5,20260508,0.3854724447276382,0.2811902055379886,0.4932248832069001,0.7313973714727484,0.6622659099374785,0.7999187119310838,0.18062631913670613,0.0,1.0,1644,1592,52,3812,84,168,156,0
qwen3-vl-8b,repope_to_pope,repope,pope,output-confidence,tierA,same_constraint_linear_or_cached,source_calibration,False,negative_top2_margin,passed,,0.5,20260508,0.18930279746491388,0.1286800342944876,0.2790233732082304,0.9160163799768071,0.8926278158187819,0.9366011566910234,0.20246743433280281,0.07692307692307693,0.2933417085427136,1644,1592,52,3812,84,168,156,0
qwen3-vl-8b,repope_to_pope,repope,pope,HALP-lite,tierA,same_constraint_linear_or_cached,source_calibration,False,C=0.1,passed,,0.5,20260508,0.29209620263154934,0.1974574818826004,0.4024593749868772,0.8248212214920757,0.7632156061184902,0.8879090464340935,0.20967366791931177,0.0,1.0,1644,1592,52,3812,84,168,156,0
qwen3-vl-8b,repope_to_pope,repope,pope,MIND-main,tierA,50pct_hard_negatives,oracle_target_calibration,True,rho=0.005788079540384546,passed,,0.5,20260508,0.5395136778115501,0.5293662466824509,0.5495525326651155,0.8096733668341709,0.7974875030444449,0.821853475266124,0.0790273556231003,0.0,0.3806532663316583,1644,1592,52,3812,84,168,156,0
qwen3-vl-8b,repope_to_pope,repope,pope,MIND-param,tierA,50pct_hard_negatives,oracle_target_calibration,True,single_vmf,passed,,0.5,20260508,0.3250251148298797,0.22185678828301442,0.44256929486253954,0.940580305373019,0.9067984339203953,0.9632264345103051,0.33490046489425696,0.23076923076923078,0.14384422110552764,1644,1592,52,3812,84,168,156,0
qwen3-vl-8b,repope_to_pope,repope,pope,logistic(z),tierA,50pct_hard_negatives,oracle_target_calibration,True,C=1.0,passed,,0.5,20260508,0.42400959581467057,0.33489695186226687,0.5121851594221529,0.8139857943563974,0.7478917096770732,0.8720000687021728,0.18876239477710705,0.0,1.0,1644,1592,52,3812,84,168,156,0
qwen3-vl-8b,repope_to_pope,repope,pope,final-hidden linear probe,tierA,same_constraint_linear_or_cached,oracle_target_calibration,True,C=10.0,passed,,0.5,20260508,0.526455174995321,0.4561645076401942,0.5862585215436683,0.8657228449942018,0.8123478647334457,0.9173345938272827,0.18782159259419223,0.0,1.0,1644,1592,52,3812,84,168,156,0
qwen3-vl-8b,repope_to_pope,repope,pope,output-confidence,tierA,same_constraint_linear_or_cached,oracle_target_calibration,True,negative_top2_margin,passed,,0.5,20260508,0.18930279746491388,0.1286800342944876,0.2790233732082304,0.9160163799768071,0.8926278158187819,0.9366011566910234,0.20246743433280281,0.07692307692307693,0.2933417085427136,1644,1592,52,3812,84,168,156,0
qwen3-vl-8b,repope_to_pope,repope,pope,HALP-lite,tierA,same_constraint_linear_or_cached,oracle_target_calibration,True,C=10.0,passed,,0.5,20260508,0.4051742674977862,0.2914095083420753,0.5128788893443338,0.7077514978739853,0.637981301241947,0.779319764573762,0.17659422959947596,0.0,1.0,1644,1592,52,3812,84,168,156,0
qwen3-vl-8b,repope_to_dashb,repope,dash-b,MIND-main,tierA,50pct_hard_negatives,source_calibration,False,rho=0.015686477413006203,passed,,0.5,20260508,0.4066386099271527,0.3241593276132888,0.48370080667310816,0.6542572944297081,0.6005198085007866,0.7078168379703467,0.3601898781238546,0.0,0.8246153846153846,441,325,116,3812,84,168,2,0
qwen3-vl-8b,repope_to_dashb,repope,dash-b,MIND-param,tierA,50pct_hard_negatives,source_calibration,False,single_vmf,passed,,0.5,20260508,0.8172043794346361,0.7377667803341125,0.8812773520036986,0.9331299734748011,0.907562962405615,0.9544261561007381,0.8183168831538905,0.28448275862068967,0.24615384615384617,441,325,116,3812,84,168,2,0
qwen3-vl-8b,repope_to_dashb,repope,dash-b,logistic(z),tierA,50pct_hard_negatives,source_calibration,False,C=0.1,passed,,0.5,20260508,0.8152455304734023,0.7348108123500319,0.8803153040579563,0.9299602122015914,0.9025467746503554,0.9540805002274921,0.8079165610971186,0.28448275862068967,0.20615384615384616,441,325,116,3812,84,168,2,0
qwen3-vl-8b,repope_to_dashb,repope,dash-b,final-hidden linear probe,tierA,same_constraint_linear_or_cached,source_calibration,False,C=1.0,passed,,0.5,20260508,0.6346958323559309,0.6129180839002267,0.6556311413454271,0.5043103448275862,0.5,0.5141543126684637,0.26939166471186177,0.008620689655172414,1.0,441,325,116,3812,84,168,2,0
qwen3-vl-8b,repope_to_dashb,repope,dash-b,output-confidence,tierA,same_constraint_linear_or_cached,source_calibration,False,negative_top2_margin,passed,,0.5,20260508,0.3772568967510079,0.31044817637897587,0.46121731572341185,0.7210875331564987,0.6778264061326519,0.7661651470204554,0.3828650341332334,0.008620689655172414,0.5076923076923077,441,325,116,3812,84,168,2,0
qwen3-vl-8b,repope_to_dashb,repope,dash-b,HALP-lite,tierA,same_constraint_linear_or_cached,source_calibration,False,C=0.1,passed,,0.5,20260508,0.684287568324359,0.6028715330453793,0.7495764477721273,0.6521220159151194,0.609168625832918,0.6960431069327866,0.47436202826642415,0.23275862068965517,1.0,441,325,116,3812,84,168,2,0
qwen3-vl-8b,repope_to_dashb,repope,dash-b,MIND-main,tierA,50pct_hard_negatives,oracle_target_calibration,True,rho=0.01421911736084654,passed,,0.5,20260508,0.4498274774671566,0.3701064728899897,0.530235934176699,0.6702254641909815,0.6160206586970809,0.7197763229580589,0.3779823194042284,0.0,0.8123076923076923,441,325,116,3812,84,168,2,0
qwen3-vl-8b,repope_to_dashb,repope,dash-b,MIND-param,tierA,50pct_hard_negatives,oracle_target_calibration,True,single_vmf,passed,,0.5,20260508,0.8172043794346361,0.7377667803341125,0.8812773520036986,0.9331299734748011,0.907562962405615,0.9544261561007381,0.8183168831538905,0.28448275862068967,0.24615384615384617,441,325,116,3812,84,168,2,0
qwen3-vl-8b,repope_to_dashb,repope,dash-b,logistic(z),tierA,50pct_hard_negatives,oracle_target_calibration,True,C=0.1,passed,,0.5,20260508,0.8152455304734023,0.7348108123500319,0.8803153040579563,0.9299602122015914,0.9025467746503554,0.9540805002274921,0.8079165610971186,0.28448275862068967,0.20615384615384616,441,325,116,3812,84,168,2,0
qwen3-vl-8b,repope_to_dashb,repope,dash-b,final-hidden linear probe,tierA,same_constraint_linear_or_cached,oracle_target_calibration,True,C=0.1,passed,,0.5,20260508,0.7340433325536183,0.6363975663321663,0.8100708611252048,0.8143501326259948,0.7657703417852563,0.8563402179727295,0.6545417064022555,0.16379310344827586,1.0,441,325,116,3812,84,168,2,0
qwen3-vl-8b,repope_to_dashb,repope,dash-b,output-confidence,tierA,same_constraint_linear_or_cached,oracle_target_calibration,True,negative_top2_margin,passed,,0.5,20260508,0.3772568967510079,0.31044817637897587,0.46121731572341185,0.7210875331564987,0.6778264061326519,0.7661651470204554,0.3828650341332334,0.008620689655172414,0.5076923076923077,441,325,116,3812,84,168,2,0
qwen3-vl-8b,repope_to_dashb,repope,dash-b,HALP-lite,tierA,same_constraint_linear_or_cached,oracle_target_calibration,True,C=1.0,passed,,0.5,20260508,0.7960399868999828,0.7516821184320379,0.8388857294819191,0.8787267904509284,0.8491235824774723,0.9090074563939579,0.6210035341971138,0.0,1.0,441,325,116,3812,84,168,2,0
internvl3.5-8b,pope_to_dashb,pope,dash-b,MIND-main,tierA,50pct_hard_negatives,source_calibration,False,rho=0.007872968004949984,passed,,0.5,20260506,0.5677061948785925,0.5236706679244939,0.6069897609107964,0.42199099714831134,0.38258463178746105,0.4628025708955716,0.31682739596719744,0.0,0.9750889679715302,432,281,151,3980,173,346,11,0
internvl3.5-8b,pope_to_dashb,pope,dash-b,MIND-param,tierA,50pct_hard_negatives,source_calibration,False,single_vmf,passed,,0.5,20260506,0.755340007036823,0.6920870301609857,0.8122666341276336,0.8515943531851713,0.8142967213888563,0.8839743225206861,0.7562214450486878,0.25165562913907286,0.39501779359430605,432,281,151,3980,173,346,11,0
internvl3.5-8b,pope_to_dashb,pope,dash-b,logistic(z),tierA,50pct_hard_negatives,source_calibration,False,C=0.1,passed,,0.5,20260506,0.754629890505754,0.6921250850169641,0.8121057910318223,0.8528905752869365,0.8161501761831783,0.8853844887961825,0.7555210161462999,0.24503311258278146,0.3665480427046263,432,281,151,3980,173,346,11,0
internvl3.5-8b,pope_to_dashb,pope,dash-b,final-hidden linear probe,tierA,same_constraint_linear_or_cached,source_calibration,False,C=0.1,passed,,0.5,20260506,0.6689489619144783,0.5929709376806007,0.7460675694114837,0.8131790436237656,0.7728187951510018,0.8488806356236289,0.6705273552079536,0.11920529801324503,0.4804270462633452,432,281,151,3980,173,346,11,0
internvl3.5-8b,pope_to_dashb,pope,dash-b,output-confidence,tierA,same_constraint_linear_or_cached,source_calibration,False,negative_top2_margin,passed,,0.5,20260506,0.4116282385443665,0.3529810538956812,0.4922831559715167,0.6289151799391954,0.5737009641748052,0.6779672340027564,0.42126209230359835,0.019867549668874173,0.7046263345195729,432,281,151,3980,173,346,11,0
internvl3.5-8b,pope_to_dashb,pope,dash-b,HALP-lite,tierA,same_constraint_linear_or_cached,source_calibration,False,C=0.1,passed,,0.5,20260506,0.8432703294584768,0.794907637486516,0.8889015073039059,0.9015106879404209,0.8712755338492654,0.9281197709222032,0.842082278772348,0.36423841059602646,0.3701067615658363,432,281,151,3980,173,346,11,0
internvl3.5-8b,pope_to_dashb,pope,dash-b,MIND-main,tierA,50pct_hard_negatives,oracle_target_calibration,True,rho=0.012457822453542565,passed,,0.5,20260506,0.33256756705231244,0.2816389352915642,0.3977415677141592,0.37657608823737365,0.31971677618661026,0.43521348660176024,0.2981015385527348,0.0,0.99644128113879,432,281,151,3980,173,346,11,0
internvl3.5-8b,pope_to_dashb,pope,dash-b,MIND-param,tierA,50pct_hard_negatives,oracle_target_calibration,True,single_vmf,passed,,0.5,20260506,0.755340007036823,0.6920870301609857,0.8122666341276336,0.8515943531851713,0.8142967213888563,0.8839743225206861,0.7562214450486878,0.25165562913907286,0.39501779359430605,432,281,151,3980,173,346,11,0
internvl3.5-8b,pope_to_dashb,pope,dash-b,logistic(z),tierA,50pct_hard_negatives,oracle_target_calibration,True,C=1.0,passed,,0.5,20260506,0.7253064578262038,0.659354746561943,0.788686054987217,0.8317385873535859,0.7922363846075967,0.8682643354395727,0.6665071882424932,0.0,1.0,432,281,151,3980,173,346,11,0
internvl3.5-8b,pope_to_dashb,pope,dash-b,final-hidden linear probe,tierA,same_constraint_linear_or_cached,oracle_target_calibration,True,C=10.0,passed,,0.5,20260506,0.6844985489526224,0.6367726321006479,0.7278393774898242,0.6803398458674083,0.6345680931797021,0.7212442459179448,0.4642395837662884,0.0,1.0,432,281,151,3980,173,346,11,0
internvl3.5-8b,pope_to_dashb,pope,dash-b,output-confidence,tierA,same_constraint_linear_or_cached,oracle_target_calibration,True,negative_top2_margin,passed,,0.5,20260506,0.4116282385443665,0.3529810538956812,0.4922831559715167,0.6289151799391954,0.5737009641748052,0.6779672340027564,0.42126209230359835,0.019867549668874173,0.7046263345195729,432,281,151,3980,173,346,11,0
internvl3.5-8b,pope_to_dashb,pope,dash-b,HALP-lite,tierA,same_constraint_linear_or_cached,oracle_target_calibration,True,C=10.0,passed,,0.5,20260506,0.8031342438813481,0.7613524377243782,0.8444275074915424,0.831208314675591,0.7979016068555158,0.8664539029214521,0.6494164291535177,0.0,1.0,432,281,151,3980,173,346,11,0
internvl3.5-8b,pope_to_dashb,pope,dash-b,MIND-main,tierA,50pct_hard_negatives,source_calibration,False,rho=0.010600519899824027,passed,,0.5,20260507,0.571015645574123,0.5222078504933738,0.6183086987594764,0.48332587023638374,0.4374984043658371,0.5316711827181534,0.34392966136369285,0.0,0.9857651245551602,432,281,151,3980,173,346,11,0
internvl3.5-8b,pope_to_dashb,pope,dash-b,MIND-param,tierA,50pct_hard_negatives,source_calibration,False,single_vmf,passed,,0.5,20260507,0.6603368980620063,0.5848096855640404,0.7316336978266359,0.7707100940350216,0.7257140938943015,0.8167616767099168,0.6617237457173032,0.12582781456953643,0.5907473309608541,432,281,151,3980,173,346,11,0
internvl3.5-8b,pope_to_dashb,pope,dash-b,logistic(z),tierA,50pct_hard_negatives,source_calibration,False,C=0.1,passed,,0.5,20260507,0.6678372293284954,0.5905993189002579,0.7412805580990078,0.7778746671065966,0.7316058490771733,0.8227870669442159,0.6574273734807474,0.0,0.5765124555160143,432,281,151,3980,173,346,11,0
internvl3.5-8b,pope_to_dashb,pope,dash-b,final-hidden linear probe,tierA,same_constraint_linear_or_cached,source_calibration,False,C=0.1,passed,,0.5,20260507,0.6649395669351726,0.5862825899352597,0.7398108555355185,0.812424878037284,0.7717124194509503,0.8522808777055564,0.6666828271828995,0.10596026490066225,0.5088967971530249,432,281,151,3980,173,346,11,0
internvl3.5-8b,pope_to_dashb,pope,dash-b,output-confidence,tierA,same_constraint_linear_or_cached,source_calibration,False,negative_top2_margin,passed,,0.5,20260507,0.4116282385443665,0.3522776860749409,0.4882856044251816,0.6289151799391954,0.5749240653516966,0.6784854008668699,0.42126209230359835,0.019867549668874173,0.7046263345195729,432,281,151,3980,173,346,11,0
internvl3.5-8b,pope_to_dashb,pope,dash-b,HALP-lite,tierA,same_constraint_linear_or_cached,source_calibration,False,C=0.1,passed,,0.5,20260507,0.705681570519609,0.6332725289759239,0.7826081728265989,0.7932172232565812,0.7475843010361433,0.8365282636693282,0.6724803827221626,0.12582781456953643,1.0,432,281,151,3980,173,346,11,0
internvl3.5-8b,pope_to_dashb,pope,dash-b,MIND-main,tierA,50pct_hard_negatives,oracle_target_calibration,True,rho=0.015120852598058947,passed,,0.5,20260507,0.38551804777465004,0.32669687089528227,0.44700948378048094,0.4411279489052815,0.3817086581931177,0.49649414963378946,0.32608713173953574,0.0,0.9786476868327402,432,281,151,3980,173,346,11,0
internvl3.5-8b,pope_to_dashb,pope,dash-b,MIND-param,tierA,50pct_hard_negatives,oracle_target_calibration,True,single_vmf,passed,,0.5,20260507,0.6603368980620063,0.5848096855640404,0.7316336978266359,0.7707100940350216,0.7257140938943015,0.8167616767099168,0.6617237457173032,0.12582781456953643,0.5907473309608541,432,281,151,3980,173,346,11,0
internvl3.5-8b,pope_to_dashb,pope,dash-b,logistic(z),tierA,50pct_hard_negatives,oracle_target_calibration,True,C=10.0,passed,,0.5,20260507,0.6595063879535102,0.5792810783198336,0.7266936621195341,0.6046758266361857,0.5689383078875909,0.642027088570559,0.47356508301949546,0.0,1.0,432,281,151,3980,173,346,11,0
internvl3.5-8b,pope_to_dashb,pope,dash-b,final-hidden linear probe,tierA,same_constraint_linear_or_cached,oracle_target_calibration,True,C=1.0,passed,,0.5,20260507,0.6481576653035627,0.5836303785537652,0.7074827778374885,0.7052980132450332,0.6547507829689461,0.754867406283694,0.5168256653678198,0.0,1.0,432,281,151,3980,173,346,11,0
internvl3.5-8b,pope_to_dashb,pope,dash-b,output-confidence,tierA,same_constraint_linear_or_cached,oracle_target_calibration,True,negative_top2_margin,passed,,0.5,20260507,0.4116282385443665,0.3522776860749409,0.4882856044251816,0.6289151799391954,0.5749240653516966,0.6784854008668699,0.42126209230359835,0.019867549668874173,0.7046263345195729,432,281,151,3980,173,346,11,0
internvl3.5-8b,pope_to_dashb,pope,dash-b,HALP-lite,tierA,same_constraint_linear_or_cached,oracle_target_calibration,True,C=1.0,passed,,0.5,20260507,0.707076281579593,0.6817129629629629,0.731165066262354,0.5496688741721855,0.5273926008759668,0.5741968177855274,0.41415256315918564,0.09933774834437085,1.0,432,281,151,3980,173,346,11,0
internvl3.5-8b,pope_to_dashb,pope,dash-b,MIND-main,tierA,50pct_hard_negatives,source_calibration,False,rho=0.008738186685963122,passed,,0.5,20260508,0.5946812740903642,0.5506220196789399,0.6340987659179426,0.4744997761070916,0.4330969252151214,0.5143063535822715,0.34024812457890613,0.0,0.9893238434163701,432,281,151,3980,173,346,11,0
internvl3.5-8b,pope_to_dashb,pope,dash-b,MIND-param,tierA,50pct_hard_negatives,source_calibration,False,single_vmf,passed,,0.5,20260508,0.7622821118452422,0.6964076198561052,0.8222410249884862,0.8675261011995946,0.832521555941459,0.897429237507333,0.7633539596809099,0.19205298013245034,0.4377224199288256,432,281,151,3980,173,346,11,0
internvl3.5-8b,pope_to_dashb,pope,dash-b,logistic(z),tierA,50pct_hard_negatives,source_calibration,False,C=0.1,passed,,0.5,20260508,0.7526907746697964,0.6833397236086767,0.8122395736919148,0.8606914755721053,0.8242554910917594,0.8909264835466004,0.7538543945771803,0.17218543046357615,0.3914590747330961,432,281,151,3980,173,346,11,0
internvl3.5-8b,pope_to_dashb,pope,dash-b,final-hidden linear probe,tierA,same_constraint_linear_or_cached,source_calibration,False,C=1.0,passed,,0.5,20260508,0.5999228216582563,0.5258135985181351,0.6713769962438991,0.6613796516697696,0.6156589119896796,0.7073397621526227,0.5067445708460985,0.0,1.0,432,281,151,3980,173,346,11,0
internvl3.5-8b,pope_to_dashb,pope,dash-b,output-confidence,tierA,same_constraint_linear_or_cached,source_calibration,False,negative_top2_margin,passed,,0.5,20260508,0.4116282385443665,0.3491554749669023,0.49429447992088565,0.6289151799391954,0.5769609851312679,0.6780663221892748,0.42126209230359835,0.019867549668874173,0.7046263345195729,432,281,151,3980,173,346,11,0
internvl3.5-8b,pope_to_dashb,pope,dash-b,HALP-lite,tierA,same_constraint_linear_or_cached,source_calibration,False,C=0.1,passed,,0.5,20260508,0.797836683567813,0.7388567775316707,0.8506594169113912,0.8604911503381962,0.8207581511900869,0.89564462166922,0.7832758940907889,0.19205298013245034,1.0,432,281,151,3980,173,346,11,0
internvl3.5-8b,pope_to_dashb,pope,dash-b,MIND-main,tierA,50pct_hard_negatives,oracle_target_calibration,True,rho=0.013083036732750922,passed,,0.5,20260508,0.3698969978196575,0.3057817147831823,0.4299573738503668,0.4233107869246542,0.368165019051541,0.4803079192870115,0.3160034989869952,0.0,0.9466192170818505,432,281,151,3980,173,346,11,0
internvl3.5-8b,pope_to_dashb,pope,dash-b,MIND-param,tierA,50pct_hard_negatives,oracle_target_calibration,True,single_vmf,passed,,0.5,20260508,0.7622821118452422,0.6964076198561052,0.8222410249884862,0.8675261011995946,0.832521555941459,0.897429237507333,0.7633539596809099,0.19205298013245034,0.4377224199288256,432,281,151,3980,173,346,11,0
internvl3.5-8b,pope_to_dashb,pope,dash-b,logistic(z),tierA,50pct_hard_negatives,oracle_target_calibration,True,C=10.0,passed,,0.5,20260508,0.7020097594873043,0.636224324384153,0.7585227371957933,0.7522919563526668,0.7061704652195905,0.7936101991867679,0.5787629416643056,0.0,1.0,432,281,151,3980,173,346,11,0
internvl3.5-8b,pope_to_dashb,pope,dash-b,final-hidden linear probe,tierA,same_constraint_linear_or_cached,oracle_target_calibration,True,C=10.0,passed,,0.5,20260508,0.6400752779249883,0.5854155091048021,0.6888076119610292,0.6534373453371355,0.6073144709335653,0.6994842560446635,0.4479040472928396,0.0,1.0,432,281,151,3980,173,346,11,0
internvl3.5-8b,pope_to_dashb,pope,dash-b,output-confidence,tierA,same_constraint_linear_or_cached,oracle_target_calibration,True,negative_top2_margin,passed,,0.5,20260508,0.4116282385443665,0.3491554749669023,0.49429447992088565,0.6289151799391954,0.5769609851312679,0.6780663221892748,0.42126209230359835,0.019867549668874173,0.7046263345195729,432,281,151,3980,173,346,11,0
internvl3.5-8b,pope_to_dashb,pope,dash-b,HALP-lite,tierA,same_constraint_linear_or_cached,oracle_target_calibration,True,C=10.0,passed,,0.5,20260508,0.7594875793949959,0.7052691387473664,0.8066159500335258,0.7699794961231176,0.7269596830769597,0.810118692068846,0.6112157151307911,0.0,1.0,432,281,151,3980,173,346,11,0
internvl3.5-8b,repope_to_repope,repope,repope,MIND-main,tierA,50pct_hard_negatives,source_calibration,False,rho=0.015126563937934564,passed,,0.5,20260506,0.581899269697228,0.5056966988487829,0.6598744197829073,0.9215007359828716,0.9036935235671206,0.9387487258823793,0.5097983266204957,0.0,0.272911051212938,1625,1484,141,3689,176,352,15,0
internvl3.5-8b,repope_to_repope,repope,repope,MIND-param,tierA,50pct_hard_negatives,source_calibration,False,single_vmf,passed,,0.5,20260506,0.6578509873858334,0.5693288253622902,0.7404584298733881,0.9571313872799221,0.9434290327048948,0.968349026202806,0.6622831070257426,0.3120567375886525,0.14016172506738545,1625,1484,141,3689,176,352,15,0
internvl3.5-8b,repope_to_repope,repope,repope,logistic(z),tierA,50pct_hard_negatives,source_calibration,False,C=1.0,passed,,0.5,20260506,0.7057384799546589,0.6494599570714223,0.7567763775823286,0.9106545468448317,0.8804762678771976,0.9358059248599147,0.5232075845877181,0.0,1.0,1625,1484,141,3689,176,352,15,0
internvl3.5-8b,repope_to_repope,repope,repope,final-hidden linear probe,tierA,same_constraint_linear_or_cached,source_calibration,False,C=0.1,passed,,0.5,20260506,0.6467913725122523,0.5765437267906593,0.7148775095601804,0.9547752862686624,0.9433561275631134,0.9643520960481763,0.5593704671587321,0.0,0.12533692722371967,1625,1484,141,3689,176,352,15,0
internvl3.5-8b,repope_to_repope,repope,repope,output-confidence,tierA,same_constraint_linear_or_cached,source_calibration,False,negative_top2_margin,passed,,0.5,20260506,0.29013377553123554,0.2325536234010105,0.35854936275839494,0.8454889984898014,0.8177312219380511,0.8722281400028907,0.2940446159531443,0.03546099290780142,0.5518867924528302,1625,1484,141,3689,176,352,15,0
internvl3.5-8b,repope_to_repope,repope,repope,HALP-lite,tierA,same_constraint_linear_or_cached,source_calibration,False,C=1.0,passed,,0.5,20260506,0.639076346908946,0.5677355645472695,0.7064145108289559,0.8180879738487126,0.7764576039797072,0.8544942454298541,0.45797459901343557,0.0,1.0,1625,1484,141,3689,176,352,15,0
internvl3.5-8b,repope_to_repope,repope,repope,MIND-main,tierA,50pct_hard_negatives,oracle_target_calibration,True,rho=0.015126563937934564,passed,,0.5,20260506,0.581899269697228,0.5056966988487829,0.6598744197829073,0.9215007359828716,0.9036935235671206,0.9387487258823793,0.5097983266204957,0.0,0.272911051212938,1625,1484,141,3689,176,352,15,0
internvl3.5-8b,repope_to_repope,repope,repope,MIND-param,tierA,50pct_hard_negatives,oracle_target_calibration,True,single_vmf,passed,,0.5,20260506,0.6578509873858334,0.5693288253622902,0.7404584298733881,0.9571313872799221,0.9434290327048948,0.968349026202806,0.6622831070257426,0.3120567375886525,0.14016172506738545,1625,1484,141,3689,176,352,15,0
internvl3.5-8b,repope_to_repope,repope,repope,logistic(z),tierA,50pct_hard_negatives,oracle_target_calibration,True,C=1.0,passed,,0.5,20260506,0.7057384799546589,0.6494599570714223,0.7567763775823286,0.9106545468448317,0.8804762678771976,0.9358059248599147,0.5232075845877181,0.0,1.0,1625,1484,141,3689,176,352,15,0
internvl3.5-8b,repope_to_repope,repope,repope,final-hidden linear probe,tierA,same_constraint_linear_or_cached,oracle_target_calibration,True,C=0.1,passed,,0.5,20260506,0.6467913725122523,0.5765437267906593,0.7148775095601804,0.9547752862686624,0.9433561275631134,0.9643520960481763,0.5593704671587321,0.0,0.12533692722371967,1625,1484,141,3689,176,352,15,0
internvl3.5-8b,repope_to_repope,repope,repope,output-confidence,tierA,same_constraint_linear_or_cached,oracle_target_calibration,True,negative_top2_margin,passed,,0.5,20260506,0.29013377553123554,0.2325536234010105,0.35854936275839494,0.8454889984898014,0.8177312219380511,0.8722281400028907,0.2940446159531443,0.03546099290780142,0.5518867924528302,1625,1484,141,3689,176,352,15,0
internvl3.5-8b,repope_to_repope,repope,repope,HALP-lite,tierA,same_constraint_linear_or_cached,oracle_target_calibration,True,C=1.0,passed,,0.5,20260506,0.639076346908946,0.5677355645472695,0.7064145108289559,0.8180879738487126,0.7764576039797072,0.8544942454298541,0.45797459901343557,0.0,1.0,1625,1484,141,3689,176,352,15,0
internvl3.5-8b,repope_to_pope,repope,pope,MIND-main,tierA,50pct_hard_negatives,source_calibration,False,rho=0.015126563937934564,passed,,0.5,20260506,0.46917260244143033,0.39970454216697804,0.5364669563370694,0.8999177912637053,0.8777064354348266,0.9194142921390792,0.37168043439514914,0.0,0.3964308476736775,1707,1569,138,3689,176,352,93,0
internvl3.5-8b,repope_to_pope,repope,pope,MIND-param,tierA,50pct_hard_negatives,source_calibration,False,single_vmf,passed,,0.5,20260506,0.48760275377697826,0.4052371834046662,0.5700871935765275,0.9254717765400282,0.9059297899551639,0.9429691234573921,0.4920899013094361,0.18840579710144928,0.19184193753983428,1707,1569,138,3689,176,352,93,0
internvl3.5-8b,repope_to_pope,repope,pope,logistic(z),tierA,50pct_hard_negatives,source_calibration,False,C=1.0,passed,,0.5,20260506,0.6011066875343197,0.5502162812504592,0.648597271998323,0.8877712195527476,0.8592642865470549,0.9144074194312459,0.364063666717044,0.0,1.0,1707,1569,138,3689,176,352,93,0
internvl3.5-8b,repope_to_pope,repope,pope,final-hidden linear probe,tierA,same_constraint_linear_or_cached,source_calibration,False,C=0.1,passed,,0.5,20260506,0.49646023572173925,0.43156110544280396,0.5599434689054358,0.9178974884769214,0.9017958756521671,0.9319096902325787,0.3696469910007114,0.0,0.20267686424474188,1707,1569,138,3689,176,352,93,0
internvl3.5-8b,repope_to_pope,repope,pope,output-confidence,tierA,same_constraint_linear_or_cached,source_calibration,False,negative_top2_margin,passed,,0.5,20260506,0.26912789830228284,0.21088430320011303,0.3286329846788951,0.8440689629691209,0.8158345185760062,0.872077071016908,0.27196088053624695,0.036231884057971016,0.5831739961759083,1707,1569,138,3689,176,352,93,0
internvl3.5-8b,repope_to_pope,repope,pope,HALP-lite,tierA,same_constraint_linear_or_cached,source_calibration,False,C=1.0,passed,,0.5,20260506,0.5283730784272616,0.46139385856725046,0.5876541982833838,0.8028306592401696,0.761798269852432,0.8413336178107104,0.3285236887517285,0.0,1.0,1707,1569,138,3689,176,352,93,0
internvl3.5-8b,repope_to_pope,repope,pope,MIND-main,tierA,50pct_hard_negatives,oracle_target_calibration,True,rho=0.008142182588824457,passed,,0.5,20260506,0.5242265087789201,0.4879543307415892,0.558766345308726,0.8012395969000841,0.7778989552957668,0.8205174505667391,0.18585342842764457,0.0,0.497131931166348,1707,1569,138,3689,176,352,93,0
internvl3.5-8b,repope_to_pope,repope,pope,MIND-param,tierA,50pct_hard_negatives,oracle_target_calibration,True,single_vmf,passed,,0.5,20260506,0.48760275377697826,0.4052371834046662,0.5700871935765275,0.9254717765400282,0.9059297899551639,0.9429691234573921,0.4920899013094361,0.18840579710144928,0.19184193753983428,1707,1569,138,3689,176,352,93,0
internvl3.5-8b,repope_to_pope,repope,pope,logistic(z),tierA,50pct_hard_negatives,oracle_target_calibration,True,C=0.1,passed,,0.5,20260506,0.5795940776290487,0.5215199452214309,0.6325005724430427,0.9253447686609213,0.9118630185738851,0.9380451691540664,0.3888728887934015,0.0,0.18738049713193117,1707,1569,138,3689,176,352,93,0
internvl3.5-8b,repope_to_pope,repope,pope,final-hidden linear probe,tierA,same_constraint_linear_or_cached,oracle_target_calibration,True,C=1.0,passed,,0.5,20260506,0.5385627133972064,0.4728032841347975,0.5980324269383257,0.8349590341859026,0.7959251702827789,0.8718511564251102,0.33728469771711506,0.0,1.0,1707,1569,138,3689,176,352,93,0
internvl3.5-8b,repope_to_pope,repope,pope,output-confidence,tierA,same_constraint_linear_or_cached,oracle_target_calibration,True,negative_top2_margin,passed,,0.5,20260506,0.26912789830228284,0.21088430320011303,0.3286329846788951,0.8440689629691209,0.8158345185760062,0.872077071016908,0.27196088053624695,0.036231884057971016,0.5831739961759083,1707,1569,138,3689,176,352,93,0
internvl3.5-8b,repope_to_pope,repope,pope,HALP-lite,tierA,same_constraint_linear_or_cached,oracle_target_calibration,True,C=10.0,passed,,0.5,20260506,0.5379176762464163,0.4769219859548038,0.5959953545713832,0.7803364092332419,0.7393924596247832,0.8213169015933014,0.298965265468981,0.0,1.0,1707,1569,138,3689,176,352,93,0
internvl3.5-8b,repope_to_dashb,repope,dash-b,MIND-main,tierA,50pct_hard_negatives,source_calibration,False,rho=0.015126563937934564,passed,,0.5,20260506,0.468887177641979,0.40382888569929604,0.541020221601052,0.5960382739035139,0.5393871949957617,0.6463167184282087,0.401854045731144,0.0,0.8647686832740213,432,281,151,3689,176,352,11,0
internvl3.5-8b,repope_to_dashb,repope,dash-b,MIND-param,tierA,50pct_hard_negatives,source_calibration,False,single_vmf,passed,,0.5,20260506,0.5125853163704797,0.4409599798184238,0.5958498729295634,0.7249416700054205,0.6766403282849491,0.7705510883106204,0.5165170468676153,0.052980132450331126,0.5088967971530249,432,281,151,3689,176,352,11,0
internvl3.5-8b,repope_to_dashb,repope,dash-b,logistic(z),tierA,50pct_hard_negatives,source_calibration,False,C=1.0,passed,,0.5,20260506,0.5783726358639618,0.5154551879660564,0.6397196748676768,0.6540029695269967,0.6063640403686883,0.701080199399897,0.44088503807403756,0.0,1.0,432,281,151,3689,176,352,11,0
internvl3.5-8b,repope_to_dashb,repope,dash-b,final-hidden linear probe,tierA,same_constraint_linear_or_cached,source_calibration,False,C=0.1,passed,,0.5,20260506,0.4697705711647796,0.4050397368995093,0.5479819121319737,0.7168815252998988,0.6702016918821858,0.7635972054364749,0.4652519872196285,0.0,0.5338078291814946,432,281,151,3689,176,352,11,0
internvl3.5-8b,repope_to_dashb,repope,dash-b,output-confidence,tierA,same_constraint_linear_or_cached,source_calibration,False,negative_top2_margin,passed,,0.5,20260506,0.4116282385443665,0.3529810538956812,0.4922831559715167,0.6289151799391954,0.5737009641748052,0.6779672340027564,0.42126209230359835,0.019867549668874173,0.7046263345195729,432,281,151,3689,176,352,11,0
internvl3.5-8b,repope_to_dashb,repope,dash-b,HALP-lite,tierA,same_constraint_linear_or_cached,source_calibration,False,C=1.0,passed,,0.5,20260506,0.44754622923151877,0.3376941649099935,0.5584567877940145,0.527868775187952,0.4992281323877068,0.5556647347989607,0.36788975626187326,0.0,1.0,432,281,151,3689,176,352,11,0
internvl3.5-8b,repope_to_dashb,repope,dash-b,MIND-main,tierA,50pct_hard_negatives,oracle_target_calibration,True,rho=0.022576564505566655,passed,,0.5,20260506,0.4794122202471194,0.4084617743645604,0.5569538410174325,0.668379251019302,0.6165973605217646,0.713176200372279,0.4676007622846614,0.0,0.7544483985765125,432,281,151,3689,176,352,11,0
internvl3.5-8b,repope_to_dashb,repope,dash-b,MIND-param,tierA,50pct_hard_negatives,oracle_target_calibration,True,single_vmf,passed,,0.5,20260506,0.5125853163704797,0.4409599798184238,0.5958498729295634,0.7249416700054205,0.6766403282849491,0.7705510883106204,0.5165170468676153,0.052980132450331126,0.5088967971530249,432,281,151,3689,176,352,11,0
internvl3.5-8b,repope_to_dashb,repope,dash-b,logistic(z),tierA,50pct_hard_negatives,oracle_target_calibration,True,C=1.0,passed,,0.5,20260506,0.5783726358639618,0.5154551879660564,0.6397196748676768,0.6540029695269967,0.6063640403686883,0.701080199399897,0.44088503807403756,0.0,1.0,432,281,151,3689,176,352,11,0
internvl3.5-8b,repope_to_dashb,repope,dash-b,final-hidden linear probe,tierA,same_constraint_linear_or_cached,oracle_target_calibration,True,C=10.0,passed,,0.5,20260506,0.4726795612362925,0.39905656952859436,0.5573577135982122,0.5431759798260706,0.5044315037585301,0.5850974198466229,0.37711691799252595,0.0,1.0,432,281,151,3689,176,352,11,0
internvl3.5-8b,repope_to_dashb,repope,dash-b,output-confidence,tierA,same_constraint_linear_or_cached,oracle_target_calibration,True,negative_top2_margin,passed,,0.5,20260506,0.4116282385443665,0.3529810538956812,0.4922831559715167,0.6289151799391954,0.5737009641748052,0.6779672340027564,0.42126209230359835,0.019867549668874173,0.7046263345195729,432,281,151,3689,176,352,11,0
internvl3.5-8b,repope_to_dashb,repope,dash-b,HALP-lite,tierA,same_constraint_linear_or_cached,oracle_target_calibration,True,C=10.0,passed,,0.5,20260506,0.5990042973103331,0.538625583146631,0.6619142251661565,0.6268530084136599,0.5789474693309511,0.6744805230473859,0.4348191195328846,0.0,1.0,432,281,151,3689,176,352,11,0
internvl3.5-8b,repope_to_repope,repope,repope,MIND-main,tierA,50pct_hard_negatives,source_calibration,False,rho=0.01814310545981271,passed,,0.5,20260507,0.566141251096681,0.4922271856917109,0.6367934778618525,0.9284280552847394,0.9113817570128553,0.9439706379528515,0.45966866795539674,0.0,0.24932614555256064,1625,1484,141,3689,176,352,15,0
internvl3.5-8b,repope_to_repope,repope,repope,MIND-param,tierA,50pct_hard_negatives,source_calibration,False,single_vmf,passed,,0.5,20260507,0.5892663403602666,0.508786155544538,0.6743382613662912,0.9520464147120109,0.9396088242296402,0.9634538771758792,0.5930518799331725,0.1773049645390071,0.1320754716981132,1625,1484,141,3689,176,352,15,0
internvl3.5-8b,repope_to_repope,repope,repope,logistic(z),tierA,50pct_hard_negatives,source_calibration,False,C=1.0,passed,,0.5,20260507,0.6467527495276405,0.5774591105546912,0.7100853294602725,0.8545788648658982,0.8133024307220618,0.8889200213776308,0.4570083210575226,0.0,1.0,1625,1484,141,3689,176,352,15,0
internvl3.5-8b,repope_to_repope,repope,repope,final-hidden linear probe,tierA,same_constraint_linear_or_cached,source_calibration,False,C=10.0,passed,,0.5,20260507,0.6778100126387454,0.6139814098380025,0.7361530285458183,0.8544187646957618,0.8148386102188794,0.8909536948441349,0.4686100117945134,0.0,1.0,1625,1484,141,3689,176,352,15,0
internvl3.5-8b,repope_to_repope,repope,repope,output-confidence,tierA,same_constraint_linear_or_cached,source_calibration,False,negative_top2_margin,passed,,0.5,20260507,0.29013377553123554,0.23190021977558892,0.3590587105317653,0.8454889984898014,0.8144243749585469,0.8720367698326658,0.2940446159531443,0.03546099290780142,0.5518867924528302,1625,1484,141,3689,176,352,15,0
internvl3.5-8b,repope_to_repope,repope,repope,HALP-lite,tierA,same_constraint_linear_or_cached,source_calibration,False,C=10.0,passed,,0.5,20260507,0.6616144879315057,0.6069393209163515,0.7156042841489134,0.8648420026380684,0.8289906970276225,0.8984614538225428,0.4292669532472656,0.0,1.0,1625,1484,141,3689,176,352,15,0
internvl3.5-8b,repope_to_repope,repope,repope,MIND-main,tierA,50pct_hard_negatives,oracle_target_calibration,True,rho=0.01814310545981271,passed,,0.5,20260507,0.566141251096681,0.4922271856917109,0.6367934778618525,0.9284280552847394,0.9113817570128553,0.9439706379528515,0.45966866795539674,0.0,0.24932614555256064,1625,1484,141,3689,176,352,15,0
internvl3.5-8b,repope_to_repope,repope,repope,MIND-param,tierA,50pct_hard_negatives,oracle_target_calibration,True,single_vmf,passed,,0.5,20260507,0.5892663403602666,0.508786155544538,0.6743382613662912,0.9520464147120109,0.9396088242296402,0.9634538771758792,0.5930518799331725,0.1773049645390071,0.1320754716981132,1625,1484,141,3689,176,352,15,0
internvl3.5-8b,repope_to_repope,repope,repope,logistic(z),tierA,50pct_hard_negatives,oracle_target_calibration,True,C=1.0,passed,,0.5,20260507,0.6467527495276405,0.5774591105546912,0.7100853294602725,0.8545788648658982,0.8133024307220618,0.8889200213776308,0.4570083210575226,0.0,1.0,1625,1484,141,3689,176,352,15,0
internvl3.5-8b,repope_to_repope,repope,repope,final-hidden linear probe,tierA,same_constraint_linear_or_cached,oracle_target_calibration,True,C=10.0,passed,,0.5,20260507,0.6778100126387454,0.6139814098380025,0.7361530285458183,0.8544187646957618,0.8148386102188794,0.8909536948441349,0.4686100117945134,0.0,1.0,1625,1484,141,3689,176,352,15,0
internvl3.5-8b,repope_to_repope,repope,repope,output-confidence,tierA,same_constraint_linear_or_cached,oracle_target_calibration,True,negative_top2_margin,passed,,0.5,20260507,0.29013377553123554,0.23190021977558892,0.3590587105317653,0.8454889984898014,0.8144243749585469,0.8720367698326658,0.2940446159531443,0.03546099290780142,0.5518867924528302,1625,1484,141,3689,176,352,15,0
internvl3.5-8b,repope_to_repope,repope,repope,HALP-lite,tierA,same_constraint_linear_or_cached,oracle_target_calibration,True,C=10.0,passed,,0.5,20260507,0.6616144879315057,0.6069393209163515,0.7156042841489134,0.8648420026380684,0.8289906970276225,0.8984614538225428,0.4292669532472656,0.0,1.0,1625,1484,141,3689,176,352,15,0
internvl3.5-8b,repope_to_pope,repope,pope,MIND-main,tierA,50pct_hard_negatives,source_calibration,False,rho=0.01814310545981271,passed,,0.5,20260507,0.47918877278596117,0.41502671795780294,0.5421280904931748,0.8985876723843305,0.8793004471939072,0.9162598807650055,0.34356274605666137,0.0,0.3715742511153601,1707,1569,138,3689,176,352,93,0
internvl3.5-8b,repope_to_pope,repope,pope,MIND-param,tierA,50pct_hard_negatives,source_calibration,False,single_vmf,passed,,0.5,20260507,0.3991436799579549,0.3281642637904464,0.48011309868755037,0.9023009209225852,0.8773538932849031,0.9244168388394599,0.40355630752316635,0.06521739130434782,0.28680688336520077,1707,1569,138,3689,176,352,93,0
internvl3.5-8b,repope_to_pope,repope,pope,logistic(z),tierA,50pct_hard_negatives,source_calibration,False,C=1.0,passed,,0.5,20260507,0.5429710313317151,0.4822478147053231,0.5992483964022881,0.8147393798320725,0.7730599052314193,0.8515704180473926,0.3239272935071317,0.0,1.0,1707,1569,138,3689,176,352,93,0
internvl3.5-8b,repope_to_pope,repope,pope,final-hidden linear probe,tierA,same_constraint_linear_or_cached,source_calibration,False,C=10.0,passed,,0.5,20260507,0.5743495746297217,0.5126063346160764,0.6275923067170155,0.8250662750205521,0.7820695823649351,0.8595414667373316,0.330317798012529,0.0,1.0,1707,1569,138,3689,176,352,93,0
internvl3.5-8b,repope_to_pope,repope,pope,output-confidence,tierA,same_constraint_linear_or_cached,source_calibration,False,negative_top2_margin,passed,,0.5,20260507,0.26912789830228284,0.21256014244051655,0.33322344510405066,0.8440689629691209,0.8133490303697536,0.8712439406644755,0.27196088053624695,0.036231884057971016,0.5831739961759083,1707,1569,138,3689,176,352,93,0
internvl3.5-8b,repope_to_pope,repope,pope,HALP-lite,tierA,same_constraint_linear_or_cached,source_calibration,False,C=10.0,passed,,0.5,20260507,0.611408212550169,0.561934929879103,0.6560082260853765,0.8523337120477364,0.8167387127823137,0.8832883431619222,0.34047069071262737,0.0,1.0,1707,1569,138,3689,176,352,93,0
internvl3.5-8b,repope_to_pope,repope,pope,MIND-main,tierA,50pct_hard_negatives,oracle_target_calibration,True,rho=0.011055398761552298,passed,,0.5,20260507,0.5191562947402651,0.47748370102509197,0.5572561116100295,0.8368849354799974,0.8175287976621237,0.8548923076666833,0.21518135503929886,0.0,0.36775015933715743,1707,1569,138,3689,176,352,93,0
internvl3.5-8b,repope_to_pope,repope,pope,MIND-param,tierA,50pct_hard_negatives,oracle_target_calibration,True,single_vmf,passed,,0.5,20260507,0.3991436799579549,0.3281642637904464,0.48011309868755037,0.9023009209225852,0.8773538932849031,0.9244168388394599,0.40355630752316635,0.06521739130434782,0.28680688336520077,1707,1569,138,3689,176,352,93,0
internvl3.5-8b,repope_to_pope,repope,pope,logistic(z),tierA,50pct_hard_negatives,oracle_target_calibration,True,C=0.1,passed,,0.5,20260507,0.5290335876945612,0.464374962426044,0.5867391666900962,0.9177358420853309,0.9019579331255936,0.932942777122577,0.38511103503441735,0.0,0.2307202039515615,1707,1569,138,3689,176,352,93,0
internvl3.5-8b,repope_to_pope,repope,pope,final-hidden linear probe,tierA,same_constraint_linear_or_cached,oracle_target_calibration,True,C=10.0,passed,,0.5,20260507,0.5743495746297217,0.5126063346160764,0.6275923067170155,0.8250662750205521,0.7820695823649351,0.8595414667373316,0.330317798012529,0.0,1.0,1707,1569,138,3689,176,352,93,0
internvl3.5-8b,repope_to_pope,repope,pope,output-confidence,tierA,same_constraint_linear_or_cached,oracle_target_calibration,True,negative_top2_margin,passed,,0.5,20260507,0.26912789830228284,0.21256014244051655,0.33322344510405066,0.8440689629691209,0.8133490303697536,0.8712439406644755,0.27196088053624695,0.036231884057971016,0.5831739961759083,1707,1569,138,3689,176,352,93,0
internvl3.5-8b,repope_to_pope,repope,pope,HALP-lite,tierA,same_constraint_linear_or_cached,oracle_target_calibration,True,C=10.0,passed,,0.5,20260507,0.611408212550169,0.561934929879103,0.6560082260853765,0.8523337120477364,0.8167387127823137,0.8832883431619222,0.34047069071262737,0.0,1.0,1707,1569,138,3689,176,352,93,0
internvl3.5-8b,repope_to_dashb,repope,dash-b,MIND-main,tierA,50pct_hard_negatives,source_calibration,False,rho=0.01814310545981271,passed,,0.5,20260507,0.5148260489264556,0.45454320664418046,0.5804910765331845,0.646979802502887,0.5994967094757273,0.6951884132460674,0.4292293987804628,0.0,0.6832740213523132,432,281,151,3689,176,352,11,0
internvl3.5-8b,repope_to_dashb,repope,dash-b,MIND-param,tierA,50pct_hard_negatives,source_calibration,False,single_vmf,passed,,0.5,20260507,0.4140815837100303,0.3511888456447689,0.4827147065745667,0.6529895595201622,0.6057295756838535,0.7023283029821134,0.41759641064767883,0.006622516556291391,0.5729537366548043,432,281,151,3689,176,352,11,0
internvl3.5-8b,repope_to_dashb,repope,dash-b,logistic(z),tierA,50pct_hard_negatives,source_calibration,False,C=1.0,passed,,0.5,20260507,0.49228026472548847,0.4257189718107991,0.5626934049759932,0.5617001720440243,0.5116590462189199,0.6122923161701422,0.37984756593211705,0.0,1.0,432,281,151,3689,176,352,11,0
internvl3.5-8b,repope_to_dashb,repope,dash-b,final-hidden linear probe,tierA,same_constraint_linear_or_cached,source_calibration,False,C=10.0,passed,,0.5,20260507,0.575762157570243,0.5044215980880562,0.6454177712484428,0.6215267139591336,0.5731772148171034,0.6660801108370089,0.4323883666600039,0.0,1.0,432,281,151,3689,176,352,11,0
internvl3.5-8b,repope_to_dashb,repope,dash-b,output-confidence,tierA,same_constraint_linear_or_cached,source_calibration,False,negative_top2_margin,passed,,0.5,20260507,0.4116282385443665,0.3522776860749409,0.4882856044251816,0.6289151799391954,0.5749240653516966,0.6784854008668699,0.42126209230359835,0.019867549668874173,0.7046263345195729,432,281,151,3689,176,352,11,0
internvl3.5-8b,repope_to_dashb,repope,dash-b,HALP-lite,tierA,same_constraint_linear_or_cached,source_calibration,False,C=10.0,passed,,0.5,20260507,0.6364923591273661,0.5804120483175058,0.6973207999319804,0.6578562843204261,0.611854376437033,0.705740169360724,0.4556716620302764,0.0,1.0,432,281,151,3689,176,352,11,0
internvl3.5-8b,repope_to_dashb,repope,dash-b,MIND-main,tierA,50pct_hard_negatives,oracle_target_calibration,True,rho=0.019914191737452472,passed,,0.5,20260507,0.5003709834223201,0.43840011804440326,0.5703949313781665,0.64483514411633,0.5968984954017195,0.69502870196757,0.42906562484340205,0.0,0.6903914590747331,432,281,151,3689,176,352,11,0
internvl3.5-8b,repope_to_dashb,repope,dash-b,MIND-param,tierA,50pct_hard_negatives,oracle_target_calibration,True,single_vmf,passed,,0.5,20260507,0.4140815837100303,0.3511888456447689,0.4827147065745667,0.6529895595201622,0.6057295756838535,0.7023283029821134,0.41759641064767883,0.006622516556291391,0.5729537366548043,432,281,151,3689,176,352,11,0
internvl3.5-8b,repope_to_dashb,repope,dash-b,logistic(z),tierA,50pct_hard_negatives,oracle_target_calibration,True,C=10.0,passed,,0.5,20260507,0.4708527836124694,0.4005276609526126,0.5425602083488404,0.5330654474323019,0.48705620225051466,0.5782564606783585,0.3648569730186705,0.0,1.0,432,281,151,3689,176,352,11,0
internvl3.5-8b,repope_to_dashb,repope,dash-b,final-hidden linear probe,tierA,same_constraint_linear_or_cached,oracle_target_calibration,True,C=10.0,passed,,0.5,20260507,0.575762157570243,0.5044215980880562,0.6454177712484428,0.6215267139591336,0.5731772148171034,0.6660801108370089,0.4323883666600039,0.0,1.0,432,281,151,3689,176,352,11,0
internvl3.5-8b,repope_to_dashb,repope,dash-b,output-confidence,tierA,same_constraint_linear_or_cached,oracle_target_calibration,True,negative_top2_margin,passed,,0.5,20260507,0.4116282385443665,0.3522776860749409,0.4882856044251816,0.6289151799391954,0.5749240653516966,0.6784854008668699,0.42126209230359835,0.019867549668874173,0.7046263345195729,432,281,151,3689,176,352,11,0
internvl3.5-8b,repope_to_dashb,repope,dash-b,HALP-lite,tierA,same_constraint_linear_or_cached,oracle_target_calibration,True,C=10.0,passed,,0.5,20260507,0.6364923591273661,0.5804120483175058,0.6973207999319804,0.6578562843204261,0.611854376437033,0.705740169360724,0.4556716620302764,0.0,1.0,432,281,151,3689,176,352,11,0
internvl3.5-8b,repope_to_repope,repope,repope,MIND-main,tierA,50pct_hard_negatives,source_calibration,False,rho=0.017936525230252572,passed,,0.5,20260508,0.507044852734342,0.4390449193200103,0.5738886814760151,0.9223060159431095,0.9067929061764263,0.9367439466470469,0.4117970477729588,0.0,0.23517520215633422,1625,1484,141,3689,176,352,15,0
internvl3.5-8b,repope_to_repope,repope,repope,MIND-param,tierA,50pct_hard_negatives,source_calibration,False,single_vmf,passed,,0.5,20260508,0.5670664513861955,0.48254252650675394,0.6469631789690959,0.9447057024335226,0.9300399777730384,0.9577952877820928,0.5715165396529077,0.1773049645390071,0.19204851752021562,1625,1484,141,3689,176,352,15,0
internvl3.5-8b,repope_to_repope,repope,repope,logistic(z),tierA,50pct_hard_negatives,source_calibration,False,C=1.0,passed,,0.5,20260508,0.6616753965175695,0.602972134494918,0.7184254105593316,0.8851675555810442,0.8513246113180214,0.9156267978385454,0.4850020866362024,0.0,1.0,1625,1484,141,3689,176,352,15,0
internvl3.5-8b,repope_to_repope,repope,repope,final-hidden linear probe,tierA,same_constraint_linear_or_cached,source_calibration,False,C=1.0,passed,,0.5,20260508,0.6559873321929649,0.586096820773299,0.7214081963512793,0.8780657987803713,0.8441836120528791,0.9089999360542839,0.519183247013933,0.0,1.0,1625,1484,141,3689,176,352,15,0
internvl3.5-8b,repope_to_repope,repope,repope,output-confidence,tierA,same_constraint_linear_or_cached,source_calibration,False,negative_top2_margin,passed,,0.5,20260508,0.29013377553123554,0.22345888753855525,0.36022426187818146,0.8454889984898014,0.8150978423962877,0.8707971534742378,0.2940446159531443,0.03546099290780142,0.5518867924528302,1625,1484,141,3689,176,352,15,0
internvl3.5-8b,repope_to_repope,repope,repope,HALP-lite,tierA,same_constraint_linear_or_cached,source_calibration,False,C=1.0,passed,,0.5,20260508,0.6709015387820247,0.5999519346577539,0.7308741100513247,0.8534151516889373,0.8161102829948067,0.8901139745464592,0.5053394795436938,0.0,1.0,1625,1484,141,3689,176,352,15,0
internvl3.5-8b,repope_to_repope,repope,repope,MIND-main,tierA,50pct_hard_negatives,oracle_target_calibration,True,rho=0.017936525230252572,passed,,0.5,20260508,0.507044852734342,0.4390449193200103,0.5738886814760151,0.9223060159431095,0.9067929061764263,0.9367439466470469,0.4117970477729588,0.0,0.23517520215633422,1625,1484,141,3689,176,352,15,0
internvl3.5-8b,repope_to_repope,repope,repope,MIND-param,tierA,50pct_hard_negatives,oracle_target_calibration,True,single_vmf,passed,,0.5,20260508,0.5670664513861955,0.48254252650675394,0.6469631789690959,0.9447057024335226,0.9300399777730384,0.9577952877820928,0.5715165396529077,0.1773049645390071,0.19204851752021562,1625,1484,141,3689,176,352,15,0
internvl3.5-8b,repope_to_repope,repope,repope,logistic(z),tierA,50pct_hard_negatives,oracle_target_calibration,True,C=1.0,passed,,0.5,20260508,0.6616753965175695,0.602972134494918,0.7184254105593316,0.8851675555810442,0.8513246113180214,0.9156267978385454,0.4850020866362024,0.0,1.0,1625,1484,141,3689,176,352,15,0
internvl3.5-8b,repope_to_repope,repope,repope,final-hidden linear probe,tierA,same_constraint_linear_or_cached,oracle_target_calibration,True,C=1.0,passed,,0.5,20260508,0.6559873321929649,0.586096820773299,0.7214081963512793,0.8780657987803713,0.8441836120528791,0.9089999360542839,0.519183247013933,0.0,1.0,1625,1484,141,3689,176,352,15,0
internvl3.5-8b,repope_to_repope,repope,repope,output-confidence,tierA,same_constraint_linear_or_cached,oracle_target_calibration,True,negative_top2_margin,passed,,0.5,20260508,0.29013377553123554,0.22345888753855525,0.36022426187818146,0.8454889984898014,0.8150978423962877,0.8707971534742378,0.2940446159531443,0.03546099290780142,0.5518867924528302,1625,1484,141,3689,176,352,15,0
internvl3.5-8b,repope_to_repope,repope,repope,HALP-lite,tierA,same_constraint_linear_or_cached,oracle_target_calibration,True,C=1.0,passed,,0.5,20260508,0.6709015387820247,0.5999519346577539,0.7308741100513247,0.8534151516889373,0.8161102829948067,0.8901139745464592,0.5053394795436938,0.0,1.0,1625,1484,141,3689,176,352,15,0
internvl3.5-8b,repope_to_pope,repope,pope,MIND-main,tierA,50pct_hard_negatives,source_calibration,False,rho=0.017936525230252572,passed,,0.5,20260508,0.4179838941220332,0.3488172524460663,0.4835408273348279,0.8818711262596872,0.8591915305774538,0.9031052164522887,0.3068303446140235,0.0,0.30911408540471635,1707,1569,138,3689,176,352,93,0
internvl3.5-8b,repope_to_pope,repope,pope,MIND-param,tierA,50pct_hard_negatives,source_calibration,False,single_vmf,passed,,0.5,20260508,0.3941063627141461,0.31773258463350657,0.46776576953929355,0.8940430995464663,0.8681249887585618,0.9174230086160301,0.3989138923300313,0.12318840579710146,0.4576163161249203,1707,1569,138,3689,176,352,93,0
internvl3.5-8b,repope_to_pope,repope,pope,logistic(z),tierA,50pct_hard_negatives,source_calibration,False,C=1.0,passed,,0.5,20260508,0.5622270073527988,0.501194041949842,0.6160485597127419,0.8447663516871264,0.8074085000777659,0.8780134998221696,0.33425513726263056,0.0,1.0,1707,1569,138,3689,176,352,93,0
internvl3.5-8b,repope_to_pope,repope,pope,final-hidden linear probe,tierA,same_constraint_linear_or_cached,source_calibration,False,C=1.0,passed,,0.5,20260508,0.5261684595858598,0.4631582996180972,0.5863560297099887,0.8415034038111601,0.8060727994849406,0.8750985595673222,0.3507942031840217,0.0,1.0,1707,1569,138,3689,176,352,93,0
internvl3.5-8b,repope_to_pope,repope,pope,output-confidence,tierA,same_constraint_linear_or_cached,source_calibration,False,negative_top2_margin,passed,,0.5,20260508,0.26912789830228284,0.2134776814119792,0.32919437768825455,0.8440689629691209,0.8162827581806015,0.8702126223267788,0.27196088053624695,0.036231884057971016,0.5831739961759083,1707,1569,138,3689,176,352,93,0
internvl3.5-8b,repope_to_pope,repope,pope,HALP-lite,tierA,same_constraint_linear_or_cached,source_calibration,False,C=1.0,passed,,0.5,20260508,0.5636662597459122,0.5052474571411648,0.6214958670320225,0.822221298528556,0.7861272098240675,0.859556449891486,0.3632828046339915,0.0,1.0,1707,1569,138,3689,176,352,93,0
internvl3.5-8b,repope_to_pope,repope,pope,MIND-main,tierA,50pct_hard_negatives,oracle_target_calibration,True,rho=0.009505172740044768,passed,,0.5,20260508,0.5267403428871693,0.4878693148716525,0.5602067256816332,0.798415403515578,0.7744868136103362,0.8213471840217127,0.186241524651269,0.0,0.5818992989165074,1707,1569,138,3689,176,352,93,0
internvl3.5-8b,repope_to_pope,repope,pope,MIND-param,tierA,50pct_hard_negatives,oracle_target_calibration,True,single_vmf,passed,,0.5,20260508,0.3941063627141461,0.31773258463350657,0.46776576953929355,0.8940430995464663,0.8681249887585618,0.9174230086160301,0.3989138923300313,0.12318840579710146,0.4576163161249203,1707,1569,138,3689,176,352,93,0
internvl3.5-8b,repope_to_pope,repope,pope,logistic(z),tierA,50pct_hard_negatives,oracle_target_calibration,True,C=1.0,passed,,0.5,20260508,0.5622270073527988,0.501194041949842,0.6160485597127419,0.8447663516871264,0.8074085000777659,0.8780134998221696,0.33425513726263056,0.0,1.0,1707,1569,138,3689,176,352,93,0
internvl3.5-8b,repope_to_pope,repope,pope,final-hidden linear probe,tierA,same_constraint_linear_or_cached,oracle_target_calibration,True,C=1.0,passed,,0.5,20260508,0.5261684595858598,0.4631582996180972,0.5863560297099887,0.8415034038111601,0.8060727994849406,0.8750985595673222,0.3507942031840217,0.0,1.0,1707,1569,138,3689,176,352,93,0
internvl3.5-8b,repope_to_pope,repope,pope,output-confidence,tierA,same_constraint_linear_or_cached,oracle_target_calibration,True,negative_top2_margin,passed,,0.5,20260508,0.26912789830228284,0.2134776814119792,0.32919437768825455,0.8440689629691209,0.8162827581806015,0.8702126223267788,0.27196088053624695,0.036231884057971016,0.5831739961759083,1707,1569,138,3689,176,352,93,0
internvl3.5-8b,repope_to_pope,repope,pope,HALP-lite,tierA,same_constraint_linear_or_cached,oracle_target_calibration,True,C=10.0,passed,,0.5,20260508,0.5652795432879628,0.5086132835633339,0.6219655807515683,0.8060243300911686,0.767880542669383,0.8431132468942372,0.32238324980888433,0.0,1.0,1707,1569,138,3689,176,352,93,0
internvl3.5-8b,repope_to_dashb,repope,dash-b,MIND-main,tierA,50pct_hard_negatives,source_calibration,False,rho=0.017936525230252572,passed,,0.5,20260508,0.6660578536931956,0.603391279470923,0.7249029983377466,0.7592208526784662,0.7196199948610681,0.7972416905984451,0.5435420751118023,0.0,0.6548042704626335,432,281,151,3689,176,352,11,0
internvl3.5-8b,repope_to_dashb,repope,dash-b,MIND-param,tierA,50pct_hard_negatives,source_calibration,False,single_vmf,passed,,0.5,20260508,0.5401488289703739,0.4624991488715608,0.6216340857823945,0.7359006386839811,0.6913144756778061,0.7822222670402508,0.5428756728403268,0.046357615894039736,0.5444839857651246,432,281,151,3689,176,352,11,0
internvl3.5-8b,repope_to_dashb,repope,dash-b,logistic(z),tierA,50pct_hard_negatives,source_calibration,False,C=1.0,passed,,0.5,20260508,0.6165911869277544,0.5540046266148374,0.6761320003649397,0.6763451250265136,0.6270634581491438,0.7243439426595587,0.46857698215834226,0.0,1.0,432,281,151,3689,176,352,11,0
internvl3.5-8b,repope_to_dashb,repope,dash-b,final-hidden linear probe,tierA,same_constraint_linear_or_cached,source_calibration,False,C=1.0,passed,,0.5,20260508,0.4915018047521762,0.4114756670457231,0.5736012234781915,0.5940114538898447,0.5448320436966329,0.6393968304637643,0.4255215240678021,0.0,1.0,432,281,151,3689,176,352,11,0
internvl3.5-8b,repope_to_dashb,repope,dash-b,output-confidence,tierA,same_constraint_linear_or_cached,source_calibration,False,negative_top2_margin,passed,,0.5,20260508,0.4116282385443665,0.3491554749669023,0.49429447992088565,0.6289151799391954,0.5769609851312679,0.6780663221892748,0.42126209230359835,0.019867549668874173,0.7046263345195729,432,281,151,3689,176,352,11,0
internvl3.5-8b,repope_to_dashb,repope,dash-b,HALP-lite,tierA,same_constraint_linear_or_cached,source_calibration,False,C=1.0,passed,,0.5,20260508,0.5661100430139556,0.47388521106188036,0.6452761917216325,0.5887676462963399,0.5524934568505726,0.6252195444191683,0.427068857716463,0.0,1.0,432,281,151,3689,176,352,11,0
internvl3.5-8b,repope_to_dashb,repope,dash-b,MIND-main,tierA,50pct_hard_negatives,oracle_target_calibration,True,rho=0.01833390703258809,passed,,0.5,20260508,0.6596389608004716,0.5966254281438521,0.7185918268732673,0.757877495227546,0.7167860079887218,0.7968561532146864,0.5420264705728318,0.0,0.6298932384341637,432,281,151,3689,176,352,11,0
internvl3.5-8b,repope_to_dashb,repope,dash-b,MIND-param,tierA,50pct_hard_negatives,oracle_target_calibration,True,single_vmf,passed,,0.5,20260508,0.5401488289703739,0.4624991488715608,0.6216340857823945,0.7359006386839811,0.6913144756778061,0.7822222670402508,0.5428756728403268,0.046357615894039736,0.5444839857651246,432,281,151,3689,176,352,11,0
internvl3.5-8b,repope_to_dashb,repope,dash-b,logistic(z),tierA,50pct_hard_negatives,oracle_target_calibration,True,C=1.0,passed,,0.5,20260508,0.6165911869277544,0.5540046266148374,0.6761320003649397,0.6763451250265136,0.6270634581491438,0.7243439426595587,0.46857698215834226,0.0,1.0,432,281,151,3689,176,352,11,0
internvl3.5-8b,repope_to_dashb,repope,dash-b,final-hidden linear probe,tierA,same_constraint_linear_or_cached,oracle_target_calibration,True,C=10.0,passed,,0.5,20260508,0.6867615605868403,0.6373882864584802,0.7362844888055122,0.6975795998208856,0.6507132271898166,0.7413671108147757,0.4831699423267103,0.0,1.0,432,281,151,3689,176,352,11,0
internvl3.5-8b,repope_to_dashb,repope,dash-b,output-confidence,tierA,same_constraint_linear_or_cached,oracle_target_calibration,True,negative_top2_margin,passed,,0.5,20260508,0.4116282385443665,0.3491554749669023,0.49429447992088565,0.6289151799391954,0.5769609851312679,0.6780663221892748,0.42126209230359835,0.019867549668874173,0.7046263345195729,432,281,151,3689,176,352,11,0
internvl3.5-8b,repope_to_dashb,repope,dash-b,HALP-lite,tierA,same_constraint_linear_or_cached,oracle_target_calibration,True,C=10.0,passed,,0.5,20260508,0.5908324618178546,0.5269217536287667,0.6545329185369907,0.6233649925761826,0.5754987509132474,0.6695886102053303,0.4332715596812182,0.0,1.0,432,281,151,3689,176,352,11,0
minicpm-v-2_6,pope_to_dashb,pope,dash-b,MIND-main,tierA,50pct_hard_negatives,source_calibration,False,rho=0.008146711447625733,passed,,0.5,20260506,0.627677148071062,0.6009131512304111,0.6535151818089727,0.5869653323357027,0.5640383878385283,0.613160217636674,0.27042648398918107,0.0,0.8055555555555556,423,324,99,3919,38,77,20,0
minicpm-v-2_6,pope_to_dashb,pope,dash-b,MIND-param,tierA,50pct_hard_negatives,source_calibration,False,single_vmf,passed,,0.5,20260506,0.6130196401652421,0.5119752616896365,0.7079668653255093,0.8441825664047886,0.8040846667106075,0.8814469241841683,0.6159683475654202,0.1111111111111111,0.48148148148148145,423,324,99,3919,38,77,20,0
minicpm-v-2_6,pope_to_dashb,pope,dash-b,logistic(z),tierA,50pct_hard_negatives,source_calibration,False,C=10.0,passed,,0.5,20260506,0.6571910359144403,0.6028050613851546,0.7060737931173438,0.7527123082678638,0.7080088840307931,0.795353999040575,0.40096215840896693,0.0,1.0,423,324,99,3919,38,77,20,0
minicpm-v-2_6,pope_to_dashb,pope,dash-b,final-hidden linear probe,tierA,same_constraint_linear_or_cached,source_calibration,False,C=1.0,passed,,0.5,20260506,0.5745614557604386,0.5154167094872165,0.6344342292326842,0.6775782516523258,0.6257743151266721,0.7266828904323572,0.335779823579718,0.0,1.0,423,324,99,3919,38,77,20,0
minicpm-v-2_6,pope_to_dashb,pope,dash-b,output-confidence,tierA,same_constraint_linear_or_cached,source_calibration,False,negative_top2_margin,passed,,0.5,20260506,0.2748639169219136,0.22586828700486555,0.3330052412530645,0.6326848734256142,0.5764167090465306,0.6871730009612149,0.2942684174498501,0.0,0.7685185185185185,423,324,99,3919,38,77,20,0
minicpm-v-2_6,pope_to_dashb,pope,dash-b,HALP-lite,tierA,same_constraint_linear_or_cached,source_calibration,False,C=0.1,passed,,0.5,20260506,0.6101767066324885,0.5581347146184905,0.6607645242194408,0.6934624017957352,0.6499546538091826,0.7369107447355602,0.34000722626399527,0.0,1.0,423,324,99,3919,38,77,20,0
minicpm-v-2_6,pope_to_dashb,pope,dash-b,MIND-main,tierA,50pct_hard_negatives,oracle_target_calibration,True,rho=0.026258581132578063,passed,,0.5,20260506,0.4109440887421147,0.327455714216231,0.5036845861004914,0.7187616909839132,0.6655725482847311,0.7716522520538094,0.39110403924037956,0.0,0.7006172839506173,423,324,99,3919,38,77,20,0
minicpm-v-2_6,pope_to_dashb,pope,dash-b,MIND-param,tierA,50pct_hard_negatives,oracle_target_calibration,True,single_vmf,passed,,0.5,20260506,0.6130196401652421,0.5119752616896365,0.7079668653255093,0.8441825664047886,0.8040846667106075,0.8814469241841683,0.6159683475654202,0.1111111111111111,0.48148148148148145,423,324,99,3919,38,77,20,0
minicpm-v-2_6,pope_to_dashb,pope,dash-b,logistic(z),tierA,50pct_hard_negatives,oracle_target_calibration,True,C=10.0,passed,,0.5,20260506,0.6571910359144403,0.6028050613851546,0.7060737931173438,0.7527123082678638,0.7080088840307931,0.795353999040575,0.40096215840896693,0.0,1.0,423,324,99,3919,38,77,20,0
minicpm-v-2_6,pope_to_dashb,pope,dash-b,final-hidden linear probe,tierA,same_constraint_linear_or_cached,oracle_target_calibration,True,C=10.0,passed,,0.5,20260506,0.6472650286704826,0.6117060752864973,0.6821699264306814,0.6844681381718418,0.6487258663150481,0.7171760136833667,0.32831864746758366,0.0,1.0,423,324,99,3919,38,77,20,0
minicpm-v-2_6,pope_to_dashb,pope,dash-b,output-confidence,tierA,same_constraint_linear_or_cached,oracle_target_calibration,True,negative_top2_margin,passed,,0.5,20260506,0.2748639169219136,0.22586828700486555,0.3330052412530645,0.6326848734256142,0.5764167090465306,0.6871730009612149,0.2942684174498501,0.0,0.7685185185185185,423,324,99,3919,38,77,20,0
minicpm-v-2_6,pope_to_dashb,pope,dash-b,HALP-lite,tierA,same_constraint_linear_or_cached,oracle_target_calibration,True,C=0.1,passed,,0.5,20260506,0.6101767066324885,0.5581347146184905,0.6607645242194408,0.6934624017957352,0.6499546538091826,0.7369107447355602,0.34000722626399527,0.0,1.0,423,324,99,3919,38,77,20,0
minicpm-v-2_6,pope_to_dashb,pope,dash-b,MIND-main,tierA,50pct_hard_negatives,source_calibration,False,rho=0.009334192095287642,passed,,0.5,20260507,0.38445200903080434,0.3203171880592435,0.4517060957193963,0.46971255767552056,0.4053368880083215,0.5354057130332789,0.2322696149969487,0.0,0.9629629629629629,423,324,99,3919,38,77,20,0
minicpm-v-2_6,pope_to_dashb,pope,dash-b,MIND-param,tierA,50pct_hard_negatives,source_calibration,False,single_vmf,passed,,0.5,20260507,0.5119322540946561,0.41819371889841395,0.6211671707566121,0.8150642224716298,0.7726055358733931,0.8575565956562958,0.5191822949247443,0.04040404040404041,0.5339506172839507,423,324,99,3919,38,77,20,0
minicpm-v-2_6,pope_to_dashb,pope,dash-b,logistic(z),tierA,50pct_hard_negatives,source_calibration,False,C=0.1,passed,,0.5,20260507,0.5858482915143407,0.49574376962143557,0.6745925091294597,0.8115881032547698,0.7667833443906628,0.8546506303794523,0.5300144118851545,0.0,0.558641975308642,423,324,99,3919,38,77,20,0
minicpm-v-2_6,pope_to_dashb,pope,dash-b,final-hidden linear probe,tierA,same_constraint_linear_or_cached,source_calibration,False,C=0.1,passed,,0.5,20260507,0.5252627199017317,0.4510339522173262,0.5997236991987509,0.720414016710313,0.6693020243691208,0.7668855278100186,0.3879681058092171,0.0,0.6697530864197531,423,324,99,3919,38,77,20,0
minicpm-v-2_6,pope_to_dashb,pope,dash-b,output-confidence,tierA,same_constraint_linear_or_cached,source_calibration,False,negative_top2_margin,passed,,0.5,20260507,0.2748639169219136,0.22577039492742532,0.33406013526905265,0.6326848734256142,0.5732287258148254,0.6864640623968885,0.2942684174498501,0.0,0.7685185185185185,423,324,99,3919,38,77,20,0
minicpm-v-2_6,pope_to_dashb,pope,dash-b,HALP-lite,tierA,same_constraint_linear_or_cached,source_calibration,False,C=0.1,passed,,0.5,20260507,0.6114868935584813,0.5243891838562822,0.7031895343819017,0.7512470382840754,0.697845412007417,0.8080920629374508,0.5339735573893366,0.0,1.0,423,324,99,3919,38,77,20,0
minicpm-v-2_6,pope_to_dashb,pope,dash-b,MIND-main,tierA,50pct_hard_negatives,oracle_target_calibration,True,rho=0.01363148376481811,passed,,0.5,20260507,0.2822747317991281,0.21699265793703953,0.35130469028622857,0.4518643222346926,0.38500214265707544,0.5202247505040697,0.22961077202613472,0.0,0.9722222222222222,423,324,99,3919,38,77,20,0
minicpm-v-2_6,pope_to_dashb,pope,dash-b,MIND-param,tierA,50pct_hard_negatives,oracle_target_calibration,True,single_vmf,passed,,0.5,20260507,0.5119322540946561,0.41819371889841395,0.6211671707566121,0.8150642224716298,0.7726055358733931,0.8575565956562958,0.5191822949247443,0.04040404040404041,0.5339506172839507,423,324,99,3919,38,77,20,0
minicpm-v-2_6,pope_to_dashb,pope,dash-b,logistic(z),tierA,50pct_hard_negatives,oracle_target_calibration,True,C=1.0,passed,,0.5,20260507,0.5924719571487747,0.5178709589577316,0.663099725122495,0.7143191170968949,0.6620706743862359,0.7673984300003777,0.3973607217471107,0.0,1.0,423,324,99,3919,38,77,20,0
minicpm-v-2_6,pope_to_dashb,pope,dash-b,final-hidden linear probe,tierA,same_constraint_linear_or_cached,oracle_target_calibration,True,C=0.1,passed,,0.5,20260507,0.5252627199017317,0.4510339522173262,0.5997236991987509,0.720414016710313,0.6693020243691208,0.7668855278100186,0.3879681058092171,0.0,0.6697530864197531,423,324,99,3919,38,77,20,0
minicpm-v-2_6,pope_to_dashb,pope,dash-b,output-confidence,tierA,same_constraint_linear_or_cached,oracle_target_calibration,True,negative_top2_margin,passed,,0.5,20260507,0.2748639169219136,0.22577039492742532,0.33406013526905265,0.6326848734256142,0.5732287258148254,0.6864640623968885,0.2942684174498501,0.0,0.7685185185185185,423,324,99,3919,38,77,20,0
minicpm-v-2_6,pope_to_dashb,pope,dash-b,HALP-lite,tierA,same_constraint_linear_or_cached,oracle_target_calibration,True,C=10.0,passed,,0.5,20260507,0.5598605738233398,0.4664239900949464,0.661131167953048,0.630331088664422,0.586656354146656,0.6819850230414746,0.36298714091267287,0.0,1.0,423,324,99,3919,38,77,20,0
minicpm-v-2_6,pope_to_dashb,pope,dash-b,MIND-main,tierA,50pct_hard_negatives,source_calibration,False,rho=0.01115806493369848,passed,,0.5,20260508,0.6245742526551269,0.5874634309105529,0.6575745062522573,0.6288190547449807,0.5928765720818654,0.6602626252464644,0.29328521876514896,0.0,0.8734567901234568,423,324,99,3919,38,77,20,0
minicpm-v-2_6,pope_to_dashb,pope,dash-b,MIND-param,tierA,50pct_hard_negatives,source_calibration,False,single_vmf,passed,,0.5,20260508,0.5583378163893077,0.45450603189973426,0.6545548913920325,0.8013779773039033,0.755939113500698,0.8442182843631477,0.5612850689121398,0.13131313131313133,0.5216049382716049,423,324,99,3919,38,77,20,0
minicpm-v-2_6,pope_to_dashb,pope,dash-b,logistic(z),tierA,50pct_hard_negatives,source_calibration,False,C=1.0,passed,,0.5,20260508,0.531298730782791,0.40680089727027935,0.6354228387015853,0.5905349794238683,0.5512124576141082,0.6347277758610776,0.3265004621204181,0.0,1.0,423,324,99,3919,38,77,20,0
minicpm-v-2_6,pope_to_dashb,pope,dash-b,final-hidden linear probe,tierA,same_constraint_linear_or_cached,source_calibration,False,C=0.1,passed,,0.5,20260508,0.4298677321687517,0.33101879843189425,0.5317989774513749,0.6102537722908093,0.5568259742605106,0.6647953274590132,0.35951543520626167,0.09090909090909091,1.0,423,324,99,3919,38,77,20,0
minicpm-v-2_6,pope_to_dashb,pope,dash-b,output-confidence,tierA,same_constraint_linear_or_cached,source_calibration,False,negative_top2_margin,passed,,0.5,20260508,0.2748639169219136,0.22087106529587427,0.32855923073877286,0.6326848734256142,0.577531398525833,0.6898882474838497,0.2942684174498501,0.0,0.7685185185185185,423,324,99,3919,38,77,20,0
minicpm-v-2_6,pope_to_dashb,pope,dash-b,HALP-lite,tierA,same_constraint_linear_or_cached,source_calibration,False,C=1.0,passed,,0.5,20260508,0.41414141414141414,0.20493469187673627,0.5930749346771184,0.5190796857463524,0.4975611447476035,0.5424732578996609,0.250280583613917,0.0,1.0,423,324,99,3919,38,77,20,0
minicpm-v-2_6,pope_to_dashb,pope,dash-b,MIND-main,tierA,50pct_hard_negatives,oracle_target_calibration,True,rho=0.01640523017614739,passed,,0.5,20260508,0.5634554678368973,0.49329686261340555,0.631587814621982,0.7204451926674149,0.6688321373934581,0.7659186885270043,0.37242247922083493,0.0,0.6944444444444444,423,324,99,3919,38,77,20,0
minicpm-v-2_6,pope_to_dashb,pope,dash-b,MIND-param,tierA,50pct_hard_negatives,oracle_target_calibration,True,single_vmf,passed,,0.5,20260508,0.5583378163893077,0.45450603189973426,0.6545548913920325,0.8013779773039033,0.755939113500698,0.8442182843631477,0.5612850689121398,0.13131313131313133,0.5216049382716049,423,324,99,3919,38,77,20,0
minicpm-v-2_6,pope_to_dashb,pope,dash-b,logistic(z),tierA,50pct_hard_negatives,oracle_target_calibration,True,C=10.0,passed,,0.5,20260508,0.5401941364523902,0.42418512485059173,0.6431266556089054,0.5917508417508417,0.5526154985953993,0.635798180089531,0.3265004621204181,0.0,1.0,423,324,99,3919,38,77,20,0
minicpm-v-2_6,pope_to_dashb,pope,dash-b,final-hidden linear probe,tierA,same_constraint_linear_or_cached,oracle_target_calibration,True,C=0.1,passed,,0.5,20260508,0.4298677321687517,0.33101879843189425,0.5317989774513749,0.6102537722908093,0.5568259742605106,0.6647953274590132,0.35951543520626167,0.09090909090909091,1.0,423,324,99,3919,38,77,20,0
minicpm-v-2_6,pope_to_dashb,pope,dash-b,output-confidence,tierA,same_constraint_linear_or_cached,oracle_target_calibration,True,negative_top2_margin,passed,,0.5,20260508,0.2748639169219136,0.22087106529587427,0.32855923073877286,0.6326848734256142,0.577531398525833,0.6898882474838497,0.2942684174498501,0.0,0.7685185185185185,423,324,99,3919,38,77,20,0
minicpm-v-2_6,pope_to_dashb,pope,dash-b,HALP-lite,tierA,same_constraint_linear_or_cached,oracle_target_calibration,True,C=0.1,passed,,0.5,20260508,0.6189504575707027,0.4973957064440528,0.6895564163840067,0.5639574759945131,0.5323493263221367,0.5974100992563904,0.3169857752868714,0.13131313131313133,1.0,423,324,99,3919,38,77,20,0
minicpm-v-2_6,repope_to_repope,repope,repope,MIND-main,tierA,50pct_hard_negatives,source_calibration,False,rho=0.015450013581692538,passed,,0.5,20260506,0.01186863103230234,0.006806680100662938,0.01821725131583167,0.4591979309114692,0.35122786346496365,0.5705482670212745,0.01363916222392449,0.0,0.8397645519947678,1551,1529,22,3776,40,80,89,0
minicpm-v-2_6,repope_to_repope,repope,repope,MIND-param,tierA,50pct_hard_negatives,source_calibration,False,single_vmf,passed,,0.5,20260506,0.23649702285904695,0.07008264204195375,0.421519610050307,0.8448778167548605,0.7379244541507751,0.9330475526509548,0.24687322751768587,0.18181818181818182,0.7076520601700458,1551,1529,22,3776,40,80,89,0
minicpm-v-2_6,repope_to_repope,repope,repope,logistic(z),tierA,50pct_hard_negatives,source_calibration,False,C=10.0,passed,,0.5,20260506,0.16348373657913806,0.04512685336671711,0.31667603377161374,0.5823770735477733,0.5110260641930344,0.6772315478064972,0.03957744383276299,0.0,1.0,1551,1529,22,3776,40,80,89,0
minicpm-v-2_6,repope_to_repope,repope,repope,final-hidden linear probe,tierA,same_constraint_linear_or_cached,source_calibration,False,C=1.0,passed,,0.5,20260506,0.4755800663456352,0.3830302158737985,0.5463457175269427,0.8653457399369762,0.7830649324072199,0.9349804941482445,0.07686159172606273,0.0,1.0,1551,1529,22,3776,40,80,89,0
minicpm-v-2_6,repope_to_repope,repope,repope,output-confidence,tierA,same_constraint_linear_or_cached,source_calibration,False,negative_top2_margin,passed,,0.5,20260506,0.09457312923635128,0.04388516740096161,0.24000232311463013,0.872554848683037,0.8057568941132446,0.9332240774673647,0.1247309321143273,0.0,0.3570961412688031,1551,1529,22,3776,40,80,89,0
minicpm-v-2_6,repope_to_repope,repope,repope,HALP-lite,tierA,same_constraint_linear_or_cached,source_calibration,False,C=10.0,passed,,0.5,20260506,0.46082495916331984,0.3734687453104319,0.5295054033397186,0.8272340805041918,0.7446764105090014,0.8950320647193918,0.050481842216703106,0.0,1.0,1551,1529,22,3776,40,80,89,0
minicpm-v-2_6,repope_to_repope,repope,repope,MIND-main,tierA,50pct_hard_negatives,oracle_target_calibration,True,rho=0.015450013581692538,passed,,0.5,20260506,0.01186863103230234,0.006806680100662938,0.01821725131583167,0.4591979309114692,0.35122786346496365,0.5705482670212745,0.01363916222392449,0.0,0.8397645519947678,1551,1529,22,3776,40,80,89,0
minicpm-v-2_6,repope_to_repope,repope,repope,MIND-param,tierA,50pct_hard_negatives,oracle_target_calibration,True,single_vmf,passed,,0.5,20260506,0.23649702285904695,0.07008264204195375,0.421519610050307,0.8448778167548605,0.7379244541507751,0.9330475526509548,0.24687322751768587,0.18181818181818182,0.7076520601700458,1551,1529,22,3776,40,80,89,0
minicpm-v-2_6,repope_to_repope,repope,repope,logistic(z),tierA,50pct_hard_negatives,oracle_target_calibration,True,C=10.0,passed,,0.5,20260506,0.16348373657913806,0.04512685336671711,0.31667603377161374,0.5823770735477733,0.5110260641930344,0.6772315478064972,0.03957744383276299,0.0,1.0,1551,1529,22,3776,40,80,89,0
minicpm-v-2_6,repope_to_repope,repope,repope,final-hidden linear probe,tierA,same_constraint_linear_or_cached,oracle_target_calibration,True,C=1.0,passed,,0.5,20260506,0.4755800663456352,0.3830302158737985,0.5463457175269427,0.8653457399369762,0.7830649324072199,0.9349804941482445,0.07686159172606273,0.0,1.0,1551,1529,22,3776,40,80,89,0
minicpm-v-2_6,repope_to_repope,repope,repope,output-confidence,tierA,same_constraint_linear_or_cached,oracle_target_calibration,True,negative_top2_margin,passed,,0.5,20260506,0.09457312923635128,0.04388516740096161,0.24000232311463013,0.872554848683037,0.8057568941132446,0.9332240774673647,0.1247309321143273,0.0,0.3570961412688031,1551,1529,22,3776,40,80,89,0
minicpm-v-2_6,repope_to_repope,repope,repope,HALP-lite,tierA,same_constraint_linear_or_cached,oracle_target_calibration,True,C=10.0,passed,,0.5,20260506,0.46082495916331984,0.3734687453104319,0.5295054033397186,0.8272340805041918,0.7446764105090014,0.8950320647193918,0.050481842216703106,0.0,1.0,1551,1529,22,3776,40,80,89,0
minicpm-v-2_6,repope_to_pope,repope,pope,MIND-main,tierA,50pct_hard_negatives,source_calibration,False,rho=0.015450013581692538,passed,,0.5,20260506,0.007367229970706011,0.0037285129148796788,0.012381973775879997,0.5057070386810399,0.3942426051424154,0.6102713701798845,0.008192669123551717,0.0,0.8509828788839569,1590,1577,13,3776,40,80,210,0
minicpm-v-2_6,repope_to_pope,repope,pope,MIND-param,tierA,50pct_hard_negatives,source_calibration,False,single_vmf,passed,,0.5,20260506,0.050011494641208645,0.02188042198113675,0.12558165836892343,0.8920052680357056,0.8219695478553829,0.9462928981329042,0.06163462980279876,0.07692307692307693,0.38807863031071654,1590,1577,13,3776,40,80,210,0
minicpm-v-2_6,repope_to_pope,repope,pope,logistic(z),tierA,50pct_hard_negatives,source_calibration,False,C=10.0,passed,,0.5,20260506,0.10096827700601285,0.002822327044025164,0.2474325968750211,0.56209453197405,0.48292166035958195,0.6847594936708861,0.014244246319718018,0.0,1.0,1590,1577,13,3776,40,80,210,0
minicpm-v-2_6,repope_to_pope,repope,pope,final-hidden linear probe,tierA,same_constraint_linear_or_cached,source_calibration,False,C=1.0,passed,,0.5,20260506,0.5233812949640287,0.5122798066595059,0.5366312741312741,0.9159797083069119,0.9072740713018631,0.9252711644575846,0.046762589928057555,0.0,0.16804058338617628,1590,1577,13,3776,40,80,210,0
minicpm-v-2_6,repope_to_pope,repope,pope,output-confidence,tierA,same_constraint_linear_or_cached,source_calibration,False,negative_top2_margin,passed,,0.5,20260506,0.06039427747242799,0.02325685283969263,0.11649246256735947,0.8960294619774645,0.8003888888888889,0.9646916119966399,0.07422611553930059,0.0,0.5668991756499683,1590,1577,13,3776,40,80,210,0
minicpm-v-2_6,repope_to_pope,repope,pope,HALP-lite,tierA,same_constraint_linear_or_cached,source_calibration,False,C=10.0,passed,,0.5,20260506,0.5166666666666667,0.5087064676616916,0.5263789721991251,0.8804692454026634,0.8705563210055596,0.8908272468755516,0.03333333333333333,0.0,0.23906150919467342,1590,1577,13,3776,40,80,210,0
minicpm-v-2_6,repope_to_pope,repope,pope,MIND-main,tierA,50pct_hard_negatives,oracle_target_calibration,True,rho=0.01325244193510366,passed,,0.5,20260506,0.04539707076167647,0.0035849636160662844,0.13504936681811924,0.4694892932052095,0.3317514107025126,0.6089723447060481,0.0077735587191317766,0.0,0.9334178820545339,1590,1577,13,3776,40,80,210,0
minicpm-v-2_6,repope_to_pope,repope,pope,MIND-param,tierA,50pct_hard_negatives,oracle_target_calibration,True,single_vmf,passed,,0.5,20260506,0.050011494641208645,0.02188042198113675,0.12558165836892343,0.8920052680357056,0.8219695478553829,0.9462928981329042,0.06163462980279876,0.07692307692307693,0.38807863031071654,1590,1577,13,3776,40,80,210,0
minicpm-v-2_6,repope_to_pope,repope,pope,logistic(z),tierA,50pct_hard_negatives,oracle_target_calibration,True,C=1.0,passed,,0.5,20260506,0.12231196328993121,0.02243230652215707,0.2582094589210963,0.704721720891664,0.5731396632003329,0.8485408756909449,0.0339586436400541,0.0,1.0,1590,1577,13,3776,40,80,210,0
minicpm-v-2_6,repope_to_pope,repope,pope,final-hidden linear probe,tierA,same_constraint_linear_or_cached,oracle_target_calibration,True,C=1.0,passed,,0.5,20260506,0.5233812949640287,0.5122798066595059,0.5366312741312741,0.9159797083069119,0.9072740713018631,0.9252711644575846,0.046762589928057555,0.0,0.16804058338617628,1590,1577,13,3776,40,80,210,0
minicpm-v-2_6,repope_to_pope,repope,pope,output-confidence,tierA,same_constraint_linear_or_cached,oracle_target_calibration,True,negative_top2_margin,passed,,0.5,20260506,0.06039427747242799,0.02325685283969263,0.11649246256735947,0.8960294619774645,0.8003888888888889,0.9646916119966399,0.07422611553930059,0.0,0.5668991756499683,1590,1577,13,3776,40,80,210,0
minicpm-v-2_6,repope_to_pope,repope,pope,HALP-lite,tierA,same_constraint_linear_or_cached,oracle_target_calibration,True,C=10.0,passed,,0.5,20260506,0.5166666666666667,0.5087064676616916,0.5263789721991251,0.8804692454026634,0.8705563210055596,0.8908272468755516,0.03333333333333333,0.0,0.23906150919467342,1590,1577,13,3776,40,80,210,0
minicpm-v-2_6,repope_to_dashb,repope,dash-b,MIND-main,tierA,50pct_hard_negatives,source_calibration,False,rho=0.015450013581692538,passed,,0.5,20260506,0.1877232927899805,0.15040509366769894,0.2285942067534755,0.3150953984287317,0.25550140013593853,0.3721360337122617,0.1690204883175649,0.0,0.9783950617283951,423,324,99,3776,40,80,20,0
minicpm-v-2_6,repope_to_dashb,repope,dash-b,MIND-param,tierA,50pct_hard_negatives,source_calibration,False,single_vmf,passed,,0.5,20260506,0.45010615025296136,0.3631563751044463,0.5425744119072957,0.7679261753335828,0.7228092341003173,0.8114848748669048,0.45491096630896516,0.030303030303030304,0.6141975308641975,423,324,99,3776,40,80,20,0
minicpm-v-2_6,repope_to_dashb,repope,dash-b,logistic(z),tierA,50pct_hard_negatives,source_calibration,False,C=10.0,passed,,0.5,20260506,0.41939168045649833,0.29212578008790874,0.5416258682644389,0.5411054994388328,0.5131661175701071,0.575311339253913,0.2596479667234229,0.0,1.0,423,324,99,3776,40,80,20,0
minicpm-v-2_6,repope_to_dashb,repope,dash-b,final-hidden linear probe,tierA,same_constraint_linear_or_cached,source_calibration,False,C=1.0,passed,,0.5,20260506,0.6131546047998297,0.5541140649636154,0.666358317871432,0.7058548447437336,0.6598827175679453,0.7520455251897277,0.35999071958683193,0.0,1.0,423,324,99,3776,40,80,20,0
minicpm-v-2_6,repope_to_dashb,repope,dash-b,output-confidence,tierA,same_constraint_linear_or_cached,source_calibration,False,negative_top2_margin,passed,,0.5,20260506,0.2748639169219136,0.22586828700486555,0.3330052412530645,0.6326848734256142,0.5764167090465306,0.6871730009612149,0.2942684174498501,0.0,0.7685185185185185,423,324,99,3776,40,80,20,0
minicpm-v-2_6,repope_to_dashb,repope,dash-b,HALP-lite,tierA,same_constraint_linear_or_cached,source_calibration,False,C=10.0,passed,,0.5,20260506,0.5451023883609453,0.48000299778108413,0.603525933032672,0.6446408529741863,0.5877345257380061,0.694146606639794,0.3123172053560583,0.0,1.0,423,324,99,3776,40,80,20,0
minicpm-v-2_6,repope_to_dashb,repope,dash-b,MIND-main,tierA,50pct_hard_negatives,oracle_target_calibration,True,rho=0.011263211005444885,passed,,0.5,20260506,0.27008414789843727,0.2139450258355179,0.3279353456971455,0.3773381967826412,0.31350242360228503,0.44063246242449783,0.19144917594250796,0.0,0.9938271604938271,423,324,99,3776,40,80,20,0
minicpm-v-2_6,repope_to_dashb,repope,dash-b,MIND-param,tierA,50pct_hard_negatives,oracle_target_calibration,True,single_vmf,passed,,0.5,20260506,0.45010615025296136,0.3631563751044463,0.5425744119072957,0.7679261753335828,0.7228092341003173,0.8114848748669048,0.45491096630896516,0.030303030303030304,0.6141975308641975,423,324,99,3776,40,80,20,0
minicpm-v-2_6,repope_to_dashb,repope,dash-b,logistic(z),tierA,50pct_hard_negatives,oracle_target_calibration,True,C=0.1,passed,,0.5,20260506,0.43913944860063764,0.35609003218614743,0.5325823484061202,0.7565625389699464,0.7096030608163071,0.8016668078291013,0.4377050572486233,0.030303030303030304,1.0,423,324,99,3776,40,80,20,0
minicpm-v-2_6,repope_to_dashb,repope,dash-b,final-hidden linear probe,tierA,same_constraint_linear_or_cached,oracle_target_calibration,True,C=10.0,passed,,0.5,20260506,0.37475822050290136,0.10638297872340426,0.6345547675334909,0.5070145903479236,0.4954268292682927,0.5234520123839009,0.23941543090479261,0.020202020202020204,1.0,423,324,99,3776,40,80,20,0
minicpm-v-2_6,repope_to_dashb,repope,dash-b,output-confidence,tierA,same_constraint_linear_or_cached,oracle_target_calibration,True,negative_top2_margin,passed,,0.5,20260506,0.2748639169219136,0.22586828700486555,0.3330052412530645,0.6326848734256142,0.5764167090465306,0.6871730009612149,0.2942684174498501,0.0,0.7685185185185185,423,324,99,3776,40,80,20,0
minicpm-v-2_6,repope_to_dashb,repope,dash-b,HALP-lite,tierA,same_constraint_linear_or_cached,oracle_target_calibration,True,C=0.1,passed,,0.5,20260506,0.620889748549323,0.599290780141844,0.6414598108747045,0.5050505050505051,0.5,0.5164835164835165,0.24177949709864607,0.010101010101010102,1.0,423,324,99,3776,40,80,20,0
minicpm-v-2_6,repope_to_repope,repope,repope,MIND-main,tierA,50pct_hard_negatives,source_calibration,False,rho=0.007575214267842335,passed,,0.5,20260507,0.47840755411332264,0.406193654600278,0.529126213592233,0.8241274748796005,0.7505991846385115,0.8765473323305327,0.045776196616827115,0.0,0.6304774362328319,1551,1529,22,3776,40,80,89,0
minicpm-v-2_6,repope_to_repope,repope,repope,MIND-param,tierA,50pct_hard_negatives,source_calibration,False,single_vmf,passed,,0.5,20260507,0.12960906607340944,0.062209413090105324,0.2332263729602715,0.8662524525833879,0.7634788467107301,0.9515325284288777,0.16111195640660284,0.22727272727272727,0.671026814911707,1551,1529,22,3776,40,80,89,0
minicpm-v-2_6,repope_to_repope,repope,repope,logistic(z),tierA,50pct_hard_negatives,source_calibration,False,C=10.0,passed,,0.5,20260507,0.20758426581977574,0.06337297263448219,0.3583975724952823,0.6060110589214578,0.5293780906482805,0.7020591398480864,0.054666964241432324,0.0,1.0,1551,1529,22,3776,40,80,89,0
minicpm-v-2_6,repope_to_repope,repope,repope,final-hidden linear probe,tierA,same_constraint_linear_or_cached,source_calibration,False,C=1.0,passed,,0.5,20260507,0.4072410492243319,0.24615283881141597,0.5567569662102365,0.7845294012723704,0.684387921123051,0.8861322889200175,0.1837255534064045,0.0,1.0,1551,1529,22,3776,40,80,89,0
minicpm-v-2_6,repope_to_repope,repope,repope,output-confidence,tierA,same_constraint_linear_or_cached,source_calibration,False,negative_top2_margin,passed,,0.5,20260507,0.09457312923635128,0.04258778971241182,0.2501848676009939,0.872554848683037,0.8053875981038452,0.9282566866640776,0.1247309321143273,0.0,0.3570961412688031,1551,1529,22,3776,40,80,89,0
minicpm-v-2_6,repope_to_repope,repope,repope,HALP-lite,tierA,same_constraint_linear_or_cached,source_calibration,False,C=10.0,passed,,0.5,20260507,0.48304985007112666,0.3969316924649248,0.5512225939108956,0.8762262916939176,0.7954441541476158,0.9444146508926636,0.08875482279737598,0.0,1.0,1551,1529,22,3776,40,80,89,0
minicpm-v-2_6,repope_to_repope,repope,repope,MIND-main,tierA,50pct_hard_negatives,oracle_target_calibration,True,rho=0.007575214267842335,passed,,0.5,20260507,0.47840755411332264,0.406193654600278,0.529126213592233,0.8241274748796005,0.7505991846385115,0.8765473323305327,0.045776196616827115,0.0,0.6304774362328319,1551,1529,22,3776,40,80,89,0
minicpm-v-2_6,repope_to_repope,repope,repope,MIND-param,tierA,50pct_hard_negatives,oracle_target_calibration,True,single_vmf,passed,,0.5,20260507,0.12960906607340944,0.062209413090105324,0.2332263729602715,0.8662524525833879,0.7634788467107301,0.9515325284288777,0.16111195640660284,0.22727272727272727,0.671026814911707,1551,1529,22,3776,40,80,89,0
minicpm-v-2_6,repope_to_repope,repope,repope,logistic(z),tierA,50pct_hard_negatives,oracle_target_calibration,True,C=10.0,passed,,0.5,20260507,0.20758426581977574,0.06337297263448219,0.3583975724952823,0.6060110589214578,0.5293780906482805,0.7020591398480864,0.054666964241432324,0.0,1.0,1551,1529,22,3776,40,80,89,0
minicpm-v-2_6,repope_to_repope,repope,repope,final-hidden linear probe,tierA,same_constraint_linear_or_cached,oracle_target_calibration,True,C=1.0,passed,,0.5,20260507,0.4072410492243319,0.24615283881141597,0.5567569662102365,0.7845294012723704,0.684387921123051,0.8861322889200175,0.1837255534064045,0.0,1.0,1551,1529,22,3776,40,80,89,0
minicpm-v-2_6,repope_to_repope,repope,repope,output-confidence,tierA,same_constraint_linear_or_cached,oracle_target_calibration,True,negative_top2_margin,passed,,0.5,20260507,0.09457312923635128,0.04258778971241182,0.2501848676009939,0.872554848683037,0.8053875981038452,0.9282566866640776,0.1247309321143273,0.0,0.3570961412688031,1551,1529,22,3776,40,80,89,0
minicpm-v-2_6,repope_to_repope,repope,repope,HALP-lite,tierA,same_constraint_linear_or_cached,oracle_target_calibration,True,C=10.0,passed,,0.5,20260507,0.48304985007112666,0.3969316924649248,0.5512225939108956,0.8762262916939176,0.7954441541476158,0.9444146508926636,0.08875482279737598,0.0,1.0,1551,1529,22,3776,40,80,89,0
minicpm-v-2_6,repope_to_pope,repope,pope,MIND-main,tierA,50pct_hard_negatives,source_calibration,False,rho=0.007575214267842335,passed,,0.5,20260507,0.39567237178991876,0.25626628809592683,0.5110144341351214,0.7431832593532024,0.5985569620253165,0.8606888346700164,0.019578653116714494,0.0,0.7349397590361446,1590,1577,13,3776,40,80,210,0
minicpm-v-2_6,repope_to_pope,repope,pope,MIND-param,tierA,50pct_hard_negatives,source_calibration,False,single_vmf,passed,,0.5,20260507,0.13059117029595702,0.02082952283554253,0.33086832878893274,0.9094190527291351,0.8650148728283987,0.9520334543644599,0.1375013311005552,0.15384615384615385,0.2447685478757134,1590,1577,13,3776,40,80,210,0
minicpm-v-2_6,repope_to_pope,repope,pope,logistic(z),tierA,50pct_hard_negatives,source_calibration,False,C=10.0,passed,,0.5,20260507,0.15773045290461835,0.0034512578616352273,0.3332152520946949,0.6041900395102678,0.48956192289843015,0.7395951704545454,0.02552007740686986,0.0,1.0,1590,1577,13,3776,40,80,210,0
minicpm-v-2_6,repope_to_pope,repope,pope,final-hidden linear probe,tierA,same_constraint_linear_or_cached,source_calibration,False,C=1.0,passed,,0.5,20260507,0.3093481989708405,0.14527470722230418,0.4821701341422475,0.7912053070581924,0.6512702930634618,0.9301198491158635,0.08845933940273562,0.0,1.0,1590,1577,13,3776,40,80,210,0
minicpm-v-2_6,repope_to_pope,repope,pope,output-confidence,tierA,same_constraint_linear_or_cached,source_calibration,False,negative_top2_margin,passed,,0.5,20260507,0.06039427747242799,0.020785572299867893,0.1095565846055731,0.8960294619774645,0.7897992734743792,0.9617679288128433,0.07422611553930059,0.0,0.5668991756499683,1590,1577,13,3776,40,80,210,0
minicpm-v-2_6,repope_to_pope,repope,pope,HALP-lite,tierA,same_constraint_linear_or_cached,source_calibration,False,C=10.0,passed,,0.5,20260507,0.4878013375110618,0.38290948371574623,0.5371905631366519,0.8920296570898981,0.7952300074845989,0.936786349122386,0.04858097876965802,0.0,1.0,1590,1577,13,3776,40,80,210,0
minicpm-v-2_6,repope_to_pope,repope,pope,MIND-main,tierA,50pct_hard_negatives,oracle_target_calibration,True,rho=0.007795239008936302,passed,,0.5,20260507,0.35723405510051554,0.21853359021565227,0.5062448507334767,0.72584264182235,0.5875041678004189,0.862221287315954,0.01839792491196917,0.0,0.7152821813570069,1590,1577,13,3776,40,80,210,0
minicpm-v-2_6,repope_to_pope,repope,pope,MIND-param,tierA,50pct_hard_negatives,oracle_target_calibration,True,single_vmf,passed,,0.5,20260507,0.13059117029595702,0.02082952283554253,0.33086832878893274,0.9094190527291351,0.8650148728283987,0.9520334543644599,0.1375013311005552,0.15384615384615385,0.2447685478757134,1590,1577,13,3776,40,80,210,0
minicpm-v-2_6,repope_to_pope,repope,pope,logistic(z),tierA,50pct_hard_negatives,oracle_target_calibration,True,C=10.0,passed,,0.5,20260507,0.15773045290461835,0.0034512578616352273,0.3332152520946949,0.6041900395102678,0.48956192289843015,0.7395951704545454,0.02552007740686986,0.0,1.0,1590,1577,13,3776,40,80,210,0
minicpm-v-2_6,repope_to_pope,repope,pope,final-hidden linear probe,tierA,same_constraint_linear_or_cached,oracle_target_calibration,True,C=1.0,passed,,0.5,20260507,0.3093481989708405,0.14527470722230418,0.4821701341422475,0.7912053070581924,0.6512702930634618,0.9301198491158635,0.08845933940273562,0.0,1.0,1590,1577,13,3776,40,80,210,0
minicpm-v-2_6,repope_to_pope,repope,pope,output-confidence,tierA,same_constraint_linear_or_cached,oracle_target_calibration,True,negative_top2_margin,passed,,0.5,20260507,0.06039427747242799,0.020785572299867893,0.1095565846055731,0.8960294619774645,0.7897992734743792,0.9617679288128433,0.07422611553930059,0.0,0.5668991756499683,1590,1577,13,3776,40,80,210,0
minicpm-v-2_6,repope_to_pope,repope,pope,HALP-lite,tierA,same_constraint_linear_or_cached,oracle_target_calibration,True,C=10.0,passed,,0.5,20260507,0.4878013375110618,0.38290948371574623,0.5371905631366519,0.8920296570898981,0.7952300074845989,0.936786349122386,0.04858097876965802,0.0,1.0,1590,1577,13,3776,40,80,210,0
minicpm-v-2_6,repope_to_dashb,repope,dash-b,MIND-main,tierA,50pct_hard_negatives,source_calibration,False,rho=0.007575214267842335,passed,,0.5,20260507,0.5198533548841459,0.46272172899766956,0.5765516691937522,0.5517520887891258,0.4982593315309399,0.6095517091514813,0.2631185701679888,0.0,0.9783950617283951,423,324,99,3776,40,80,20,0
minicpm-v-2_6,repope_to_dashb,repope,dash-b,MIND-param,tierA,50pct_hard_negatives,source_calibration,False,single_vmf,passed,,0.5,20260507,0.5045142248006415,0.41093400409549713,0.605837653317461,0.8085796233944382,0.765848237675637,0.8487560179331042,0.5082995473984019,0.0707070707070707,0.5216049382716049,423,324,99,3776,40,80,20,0
minicpm-v-2_6,repope_to_dashb,repope,dash-b,logistic(z),tierA,50pct_hard_negatives,source_calibration,False,C=10.0,passed,,0.5,20260507,0.4528050751455006,0.2934080520128144,0.5887519620234863,0.5363823419378975,0.5075221844561958,0.5674276406020154,0.2731315178123689,0.0,1.0,423,324,99,3776,40,80,20,0
minicpm-v-2_6,repope_to_dashb,repope,dash-b,final-hidden linear probe,tierA,same_constraint_linear_or_cached,source_calibration,False,C=1.0,passed,,0.5,20260507,0.3199755934525763,0.22582961684624575,0.4258258917861021,0.5253928170594837,0.491045270550583,0.5638380220606041,0.24641786680137423,0.0,1.0,423,324,99,3776,40,80,20,0
minicpm-v-2_6,repope_to_dashb,repope,dash-b,output-confidence,tierA,same_constraint_linear_or_cached,source_calibration,False,negative_top2_margin,passed,,0.5,20260507,0.2748639169219136,0.22577039492742532,0.33406013526905265,0.6326848734256142,0.5732287258148254,0.6864640623968885,0.2942684174498501,0.0,0.7685185185185185,423,324,99,3776,40,80,20,0
minicpm-v-2_6,repope_to_dashb,repope,dash-b,HALP-lite,tierA,same_constraint_linear_or_cached,source_calibration,False,C=10.0,passed,,0.5,20260507,0.5567492578541294,0.470993749521103,0.6435630055501347,0.6554277341314378,0.6048272370291209,0.7049068106496816,0.37370622662019515,0.0,1.0,423,324,99,3776,40,80,20,0
minicpm-v-2_6,repope_to_dashb,repope,dash-b,MIND-main,tierA,50pct_hard_negatives,oracle_target_calibration,True,rho=0.00993024800611714,passed,,0.5,20260507,0.28399506472850483,0.2239994366232564,0.3450146820569493,0.42288627010849233,0.3626346992568212,0.48547984657905285,0.2150214985458924,0.0,0.9444444444444444,423,324,99,3776,40,80,20,0
minicpm-v-2_6,repope_to_dashb,repope,dash-b,MIND-param,tierA,50pct_hard_negatives,oracle_target_calibration,True,single_vmf,passed,,0.5,20260507,0.5045142248006415,0.41093400409549713,0.605837653317461,0.8085796233944382,0.765848237675637,0.8487560179331042,0.5082995473984019,0.0707070707070707,0.5216049382716049,423,324,99,3776,40,80,20,0
minicpm-v-2_6,repope_to_dashb,repope,dash-b,logistic(z),tierA,50pct_hard_negatives,oracle_target_calibration,True,C=0.1,passed,,0.5,20260507,0.5005354355460989,0.4092758792081607,0.6037508295636967,0.81076194039157,0.7686833893219703,0.8498477659516003,0.5050242634587604,0.06060606060606061,0.49382716049382713,423,324,99,3776,40,80,20,0
minicpm-v-2_6,repope_to_dashb,repope,dash-b,final-hidden linear probe,tierA,same_constraint_linear_or_cached,oracle_target_calibration,True,C=0.1,passed,,0.5,20260507,0.4911808992024828,0.3982330615356195,0.5912166628703566,0.7216922309514902,0.6703059156735329,0.7755806610703602,0.4203550432518817,0.0,1.0,423,324,99,3776,40,80,20,0
minicpm-v-2_6,repope_to_dashb,repope,dash-b,output-confidence,tierA,same_constraint_linear_or_cached,oracle_target_calibration,True,negative_top2_margin,passed,,0.5,20260507,0.2748639169219136,0.22577039492742532,0.33406013526905265,0.6326848734256142,0.5732287258148254,0.6864640623968885,0.2942684174498501,0.0,0.7685185185185185,423,324,99,3776,40,80,20,0
minicpm-v-2_6,repope_to_dashb,repope,dash-b,HALP-lite,tierA,same_constraint_linear_or_cached,oracle_target_calibration,True,C=10.0,passed,,0.5,20260507,0.5567492578541294,0.470993749521103,0.6435630055501347,0.6554277341314378,0.6048272370291209,0.7049068106496816,0.37370622662019515,0.0,1.0,423,324,99,3776,40,80,20,0
minicpm-v-2_6,repope_to_repope,repope,repope,MIND-main,tierA,50pct_hard_negatives,source_calibration,False,rho=0.00906405868349422,passed,,0.5,20260508,0.45284984352663915,0.36549228555031343,0.5170222646356862,0.8129347761460253,0.7828547315954422,0.8386922258199916,0.037080805934397096,0.0,0.3407455853499019,1551,1529,22,3776,40,80,89,0
minicpm-v-2_6,repope_to_repope,repope,repope,MIND-param,tierA,50pct_hard_negatives,source_calibration,False,single_vmf,passed,,0.5,20260508,0.33679012532011376,0.13007406634108196,0.5650174719529257,0.8460966763779059,0.7251772881167221,0.9459805851474448,0.3688058181895761,0.3181818181818182,0.7155003270111184,1551,1529,22,3776,40,80,89,0
minicpm-v-2_6,repope_to_repope,repope,repope,logistic(z),tierA,50pct_hard_negatives,source_calibration,False,C=1.0,passed,,0.5,20260508,0.35837094347732645,0.1474040182804263,0.543733703587818,0.6554937867887508,0.5555517089965916,0.748159551665699,0.1334085536213196,0.3181818181818182,1.0,1551,1529,22,3776,40,80,89,0
minicpm-v-2_6,repope_to_repope,repope,repope,final-hidden linear probe,tierA,same_constraint_linear_or_cached,source_calibration,False,C=10.0,passed,,0.5,20260508,0.42825985986720083,0.31582413228024947,0.5198828465489919,0.8229234793982996,0.7215777781149894,0.9090308645938229,0.06548137419368638,0.0,1.0,1551,1529,22,3776,40,80,89,0
minicpm-v-2_6,repope_to_repope,repope,repope,output-confidence,tierA,same_constraint_linear_or_cached,source_calibration,False,negative_top2_margin,passed,,0.5,20260508,0.09457312923635128,0.04031011142901789,0.23212319191643638,0.872554848683037,0.8072406755913176,0.9318668014008981,0.1247309321143273,0.0,0.3570961412688031,1551,1529,22,3776,40,80,89,0
minicpm-v-2_6,repope_to_repope,repope,repope,HALP-lite,tierA,same_constraint_linear_or_cached,source_calibration,False,C=10.0,passed,,0.5,20260508,0.49714487469098834,0.4370842842859031,0.5255497847651133,0.8085052619061776,0.7497689363961376,0.8402016408263764,0.03797333852011138,0.0,0.33747547416612167,1551,1529,22,3776,40,80,89,0
minicpm-v-2_6,repope_to_repope,repope,repope,MIND-main,tierA,50pct_hard_negatives,oracle_target_calibration,True,rho=0.00906405868349422,passed,,0.5,20260508,0.45284984352663915,0.36549228555031343,0.5170222646356862,0.8129347761460253,0.7828547315954422,0.8386922258199916,0.037080805934397096,0.0,0.3407455853499019,1551,1529,22,3776,40,80,89,0
minicpm-v-2_6,repope_to_repope,repope,repope,MIND-param,tierA,50pct_hard_negatives,oracle_target_calibration,True,single_vmf,passed,,0.5,20260508,0.33679012532011376,0.13007406634108196,0.5650174719529257,0.8460966763779059,0.7251772881167221,0.9459805851474448,0.3688058181895761,0.3181818181818182,0.7155003270111184,1551,1529,22,3776,40,80,89,0
minicpm-v-2_6,repope_to_repope,repope,repope,logistic(z),tierA,50pct_hard_negatives,oracle_target_calibration,True,C=1.0,passed,,0.5,20260508,0.35837094347732645,0.1474040182804263,0.543733703587818,0.6554937867887508,0.5555517089965916,0.748159551665699,0.1334085536213196,0.3181818181818182,1.0,1551,1529,22,3776,40,80,89,0
minicpm-v-2_6,repope_to_repope,repope,repope,final-hidden linear probe,tierA,same_constraint_linear_or_cached,oracle_target_calibration,True,C=10.0,passed,,0.5,20260508,0.42825985986720083,0.31582413228024947,0.5198828465489919,0.8229234793982996,0.7215777781149894,0.9090308645938229,0.06548137419368638,0.0,1.0,1551,1529,22,3776,40,80,89,0
minicpm-v-2_6,repope_to_repope,repope,repope,output-confidence,tierA,same_constraint_linear_or_cached,oracle_target_calibration,True,negative_top2_margin,passed,,0.5,20260508,0.09457312923635128,0.04031011142901789,0.23212319191643638,0.872554848683037,0.8072406755913176,0.9318668014008981,0.1247309321143273,0.0,0.3570961412688031,1551,1529,22,3776,40,80,89,0
minicpm-v-2_6,repope_to_repope,repope,repope,HALP-lite,tierA,same_constraint_linear_or_cached,oracle_target_calibration,True,C=10.0,passed,,0.5,20260508,0.49714487469098834,0.4370842842859031,0.5255497847651133,0.8085052619061776,0.7497689363961376,0.8402016408263764,0.03797333852011138,0.0,0.33747547416612167,1551,1529,22,3776,40,80,89,0
minicpm-v-2_6,repope_to_pope,repope,pope,MIND-main,tierA,50pct_hard_negatives,source_calibration,False,rho=0.00906405868349422,passed,,0.5,20260508,0.39541235101524674,0.25924826021717945,0.5081973953839517,0.7695722159894639,0.7147301637611939,0.8132192832528073,0.017721965840508936,0.0,0.3868103994927077,1590,1577,13,3776,40,80,210,0
minicpm-v-2_6,repope_to_pope,repope,pope,MIND-param,tierA,50pct_hard_negatives,source_calibration,False,single_vmf,passed,,0.5,20260508,0.18262081205678768,0.014190021558618565,0.39388794553840484,0.8047412321350178,0.6413158127500015,0.9310381043860462,0.1857536611435338,0.15384615384615385,0.9403931515535827,1590,1577,13,3776,40,80,210,0
minicpm-v-2_6,repope_to_pope,repope,pope,logistic(z),tierA,50pct_hard_negatives,source_calibration,False,C=1.0,passed,,0.5,20260508,0.11486495504062193,0.0025157232704402514,0.2531446540880503,0.568362518901517,0.4901462998889686,0.6745826653006043,0.017528318569307512,0.0,1.0,1590,1577,13,3776,40,80,210,0
minicpm-v-2_6,repope_to_pope,repope,pope,final-hidden linear probe,tierA,same_constraint_linear_or_cached,source_calibration,False,C=10.0,passed,,0.5,20260508,0.40493862580304,0.26837467711141055,0.5200122950819672,0.8059850738988342,0.6811340552092273,0.9223575960711213,0.031701938547046046,0.0,1.0,1590,1577,13,3776,40,80,210,0
minicpm-v-2_6,repope_to_pope,repope,pope,output-confidence,tierA,same_constraint_linear_or_cached,source_calibration,False,negative_top2_margin,passed,,0.5,20260508,0.06039427747242799,0.023971476862911345,0.11793581300770202,0.8960294619774645,0.8010320285460943,0.964576372963058,0.07422611553930059,0.0,0.5668991756499683,1590,1577,13,3776,40,80,210,0
minicpm-v-2_6,repope_to_pope,repope,pope,HALP-lite,tierA,same_constraint_linear_or_cached,source_calibration,False,C=10.0,passed,,0.5,20260508,0.3938033426461583,0.2578650479012477,0.5078188004032258,0.6955026584069071,0.5709765846110256,0.8112393091790215,0.014580369502842881,0.0,1.0,1590,1577,13,3776,40,80,210,0
minicpm-v-2_6,repope_to_pope,repope,pope,MIND-main,tierA,50pct_hard_negatives,oracle_target_calibration,True,rho=0.01017070384320918,passed,,0.5,20260508,0.3198615798280233,0.17741093011995174,0.4452116723391514,0.770547778157163,0.7162133138116324,0.8191668462724561,0.017843121885597803,0.0,0.4629042485732403,1590,1577,13,3776,40,80,210,0
minicpm-v-2_6,repope_to_pope,repope,pope,MIND-param,tierA,50pct_hard_negatives,oracle_target_calibration,True,single_vmf,passed,,0.5,20260508,0.18262081205678768,0.014190021558618565,0.39388794553840484,0.8047412321350178,0.6413158127500015,0.9310381043860462,0.1857536611435338,0.15384615384615385,0.9403931515535827,1590,1577,13,3776,40,80,210,0
minicpm-v-2_6,repope_to_pope,repope,pope,logistic(z),tierA,50pct_hard_negatives,oracle_target_calibration,True,C=0.1,passed,,0.5,20260508,0.09690992814001768,0.004433801117851567,0.23553204423075216,0.5436320179503439,0.3659818889851985,0.7169483650567434,0.029291905729010595,0.0,1.0,1590,1577,13,3776,40,80,210,0
minicpm-v-2_6,repope_to_pope,repope,pope,final-hidden linear probe,tierA,same_constraint_linear_or_cached,oracle_target_calibration,True,C=10.0,passed,,0.5,20260508,0.40493862580304,0.26837467711141055,0.5200122950819672,0.8059850738988342,0.6811340552092273,0.9223575960711213,0.031701938547046046,0.0,1.0,1590,1577,13,3776,40,80,210,0
minicpm-v-2_6,repope_to_pope,repope,pope,output-confidence,tierA,same_constraint_linear_or_cached,oracle_target_calibration,True,negative_top2_margin,passed,,0.5,20260508,0.06039427747242799,0.023971476862911345,0.11793581300770202,0.8960294619774645,0.8010320285460943,0.964576372963058,0.07422611553930059,0.0,0.5668991756499683,1590,1577,13,3776,40,80,210,0
minicpm-v-2_6,repope_to_pope,repope,pope,HALP-lite,tierA,same_constraint_linear_or_cached,oracle_target_calibration,True,C=10.0,passed,,0.5,20260508,0.3938033426461583,0.2578650479012477,0.5078188004032258,0.6955026584069071,0.5709765846110256,0.8112393091790215,0.014580369502842881,0.0,1.0,1590,1577,13,3776,40,80,210,0
minicpm-v-2_6,repope_to_dashb,repope,dash-b,MIND-main,tierA,50pct_hard_negatives,source_calibration,False,rho=0.00906405868349422,passed,,0.5,20260508,0.6094116298066823,0.568050109456679,0.6450442300564885,0.6005892255892257,0.5614716745686507,0.6334639074967484,0.27844040307183066,0.0,0.9074074074074074,423,324,99,3776,40,80,20,0
minicpm-v-2_6,repope_to_dashb,repope,dash-b,MIND-param,tierA,50pct_hard_negatives,source_calibration,False,single_vmf,passed,,0.5,20260508,0.4784410118955664,0.3890443369499633,0.5740395491057858,0.7755019329093404,0.7262842377488647,0.8233501465412993,0.48193233398800805,0.06060606060606061,0.5679012345679012,423,324,99,3776,40,80,20,0
minicpm-v-2_6,repope_to_dashb,repope,dash-b,logistic(z),tierA,50pct_hard_negatives,source_calibration,False,C=1.0,passed,,0.5,20260508,0.41469520585855413,0.2872165314035408,0.5424034179713282,0.5436307519640853,0.5117509292625956,0.5770625532795126,0.26993887528347466,0.0,1.0,423,324,99,3776,40,80,20,0
minicpm-v-2_6,repope_to_dashb,repope,dash-b,final-hidden linear probe,tierA,same_constraint_linear_or_cached,source_calibration,False,C=10.0,passed,,0.5,20260508,0.5484812304583239,0.47056441123888937,0.6226941966317877,0.6685528120713305,0.6118305014945493,0.7224156224197819,0.35043468313886983,0.0,1.0,423,324,99,3776,40,80,20,0
minicpm-v-2_6,repope_to_dashb,repope,dash-b,output-confidence,tierA,same_constraint_linear_or_cached,source_calibration,False,negative_top2_margin,passed,,0.5,20260508,0.2748639169219136,0.22087106529587427,0.32855923073877286,0.6326848734256142,0.577531398525833,0.6898882474838497,0.2942684174498501,0.0,0.7685185185185185,423,324,99,3776,40,80,20,0
minicpm-v-2_6,repope_to_dashb,repope,dash-b,HALP-lite,tierA,same_constraint_linear_or_cached,source_calibration,False,C=10.0,passed,,0.5,20260508,0.5297431198886966,0.44689341879411826,0.601533348039379,0.6537598204264872,0.5988394253662018,0.7086957358142787,0.33735262290693424,0.0,1.0,423,324,99,3776,40,80,20,0
minicpm-v-2_6,repope_to_dashb,repope,dash-b,MIND-main,tierA,50pct_hard_negatives,oracle_target_calibration,True,rho=0.014596290316076836,passed,,0.5,20260508,0.5255826184216918,0.45842476728815884,0.5850591318528864,0.6599482479112109,0.6049852124979486,0.7108959683473577,0.33294059843104096,0.0,0.8703703703703703,423,324,99,3776,40,80,20,0
minicpm-v-2_6,repope_to_dashb,repope,dash-b,MIND-param,tierA,50pct_hard_negatives,oracle_target_calibration,True,single_vmf,passed,,0.5,20260508,0.4784410118955664,0.3890443369499633,0.5740395491057858,0.7755019329093404,0.7262842377488647,0.8233501465412993,0.48193233398800805,0.06060606060606061,0.5679012345679012,423,324,99,3776,40,80,20,0
minicpm-v-2_6,repope_to_dashb,repope,dash-b,logistic(z),tierA,50pct_hard_negatives,oracle_target_calibration,True,C=10.0,passed,,0.5,20260508,0.4211798839458414,0.3000904859890952,0.5350067145761339,0.5491021324354658,0.5151242961251197,0.5853866320231859,0.2716526971846121,0.0,1.0,423,324,99,3776,40,80,20,0
minicpm-v-2_6,repope_to_dashb,repope,dash-b,final-hidden linear probe,tierA,same_constraint_linear_or_cached,oracle_target_calibration,True,C=1.0,passed,,0.5,20260508,0.5647251613579958,0.4751073273385184,0.6524339124418612,0.6563162489088415,0.602042577947351,0.7101218879147145,0.3869251861610044,0.0,1.0,423,324,99,3776,40,80,20,0
minicpm-v-2_6,repope_to_dashb,repope,dash-b,output-confidence,tierA,same_constraint_linear_or_cached,oracle_target_calibration,True,negative_top2_margin,passed,,0.5,20260508,0.2748639169219136,0.22087106529587427,0.32855923073877286,0.6326848734256142,0.577531398525833,0.6898882474838497,0.2942684174498501,0.0,0.7685185185185185,423,324,99,3776,40,80,20,0
minicpm-v-2_6,repope_to_dashb,repope,dash-b,HALP-lite,tierA,same_constraint_linear_or_cached,oracle_target_calibration,True,C=0.1,passed,,0.5,20260508,0.5355086351600884,0.4045666671093808,0.6455393237334629,0.5630221972814565,0.5293785818528539,0.6004070795613574,0.3204268098777134,0.0707070707070707,1.0,423,324,99,3776,40,80,20,0
gemma-3-12b-it,pope_to_dashb,pope,dash-b,MIND-main,tierA,50pct_hard_negatives,source_calibration,False,rho=0.004896834288252667,passed,,0.5,20260506,0.733890214797136,0.7088305489260143,0.7593918964021094,0.5411522633744856,0.5256916996047432,0.5607843137254902,0.4677804295942721,0.0,0.9176954732510288,439,243,196,3720,229,459,4,0
gemma-3-12b-it,pope_to_dashb,pope,dash-b,MIND-param,tierA,50pct_hard_negatives,source_calibration,False,single_vmf,passed,,0.5,20260506,0.8124107972096752,0.7586540502916991,0.8612488507750131,0.8432224741748552,0.8057095937334654,0.8780883826398777,0.8130215833407244,0.20408163265306123,0.6090534979423868,439,243,196,3720,229,459,4,0
gemma-3-12b-it,pope_to_dashb,pope,dash-b,logistic(z),tierA,50pct_hard_negatives,source_calibration,False,C=0.1,passed,,0.5,20260506,0.8106865919532161,0.755165257746465,0.8608797513250206,0.8489543965734442,0.8127846863049734,0.8831244497691411,0.8063594480002522,0.19387755102040816,0.5267489711934157,439,243,196,3720,229,459,4,0
gemma-3-12b-it,pope_to_dashb,pope,dash-b,final-hidden linear probe,tierA,same_constraint_linear_or_cached,source_calibration,False,C=1.0,passed,,0.5,20260506,0.7506810326373808,0.6962870748201939,0.7994765624687944,0.7538632737045435,0.7059805228979454,0.7980143774510672,0.6727883417437956,0.0,1.0,439,243,196,3720,229,459,4,0
gemma-3-12b-it,pope_to_dashb,pope,dash-b,output-confidence,tierA,same_constraint_linear_or_cached,source_calibration,False,negative_top2_margin,passed,,0.5,20260506,0.4049368427673586,0.3512802002792897,0.47316003619296665,0.457252036617116,0.4022886007509522,0.507971895267647,0.41454474557352433,0.01020408163265306,0.9835390946502057,439,243,196,3720,229,459,4,0
gemma-3-12b-it,pope_to_dashb,pope,dash-b,HALP-lite,tierA,same_constraint_linear_or_cached,source_calibration,False,C=0.1,passed,,0.5,20260506,0.7477200729481089,0.7024682619959937,0.7884074808325099,0.7307886117409927,0.6895286779259615,0.7704421699070647,0.6122310991211563,0.0,0.6131687242798354,439,243,196,3720,229,459,4,0
gemma-3-12b-it,pope_to_dashb,pope,dash-b,MIND-main,tierA,50pct_hard_negatives,oracle_target_calibration,True,rho=0.008989702194998294,passed,,0.5,20260506,0.6702978890578957,0.6136629086418376,0.7284915415351085,0.6580267909632989,0.607869048698886,0.7098824204739854,0.5672729603751576,0.0,0.8724279835390947,439,243,196,3720,229,459,4,0
gemma-3-12b-it,pope_to_dashb,pope,dash-b,MIND-param,tierA,50pct_hard_negatives,oracle_target_calibration,True,single_vmf,passed,,0.5,20260506,0.8124107972096752,0.7586540502916991,0.8612488507750131,0.8432224741748552,0.8057095937334654,0.8780883826398777,0.8130215833407244,0.20408163265306123,0.6090534979423868,439,243,196,3720,229,459,4,0
gemma-3-12b-it,pope_to_dashb,pope,dash-b,logistic(z),tierA,50pct_hard_negatives,oracle_target_calibration,True,C=0.1,passed,,0.5,20260506,0.8106865919532161,0.755165257746465,0.8608797513250206,0.8489543965734442,0.8127846863049734,0.8831244497691411,0.8063594480002522,0.19387755102040816,0.5267489711934157,439,243,196,3720,229,459,4,0
gemma-3-12b-it,pope_to_dashb,pope,dash-b,final-hidden linear probe,tierA,same_constraint_linear_or_cached,oracle_target_calibration,True,C=0.1,passed,,0.5,20260506,0.7546675143762571,0.6944850426291678,0.8077285065772406,0.7851893843957336,0.7437903917660795,0.8252595357039835,0.7531120988743131,0.1989795918367347,0.6213991769547325,439,243,196,3720,229,459,4,0
gemma-3-12b-it,pope_to_dashb,pope,dash-b,output-confidence,tierA,same_constraint_linear_or_cached,oracle_target_calibration,True,negative_top2_margin,passed,,0.5,20260506,0.4049368427673586,0.3512802002792897,0.47316003619296665,0.457252036617116,0.4022886007509522,0.507971895267647,0.41454474557352433,0.01020408163265306,0.9835390946502057,439,243,196,3720,229,459,4,0
gemma-3-12b-it,pope_to_dashb,pope,dash-b,HALP-lite,tierA,same_constraint_linear_or_cached,oracle_target_calibration,True,C=10.0,passed,,0.5,20260506,0.7544032498843738,0.7201104742502091,0.7850293957552906,0.6535231376501218,0.6188668177905882,0.6863832323320975,0.5391373280647493,0.0,1.0,439,243,196,3720,229,459,4,0
gemma-3-12b-it,pope_to_dashb,pope,dash-b,MIND-main,tierA,50pct_hard_negatives,source_calibration,False,rho=0.010292936042286682,passed,,0.5,20260507,0.7353172345753168,0.6711406762597593,0.7953529788423086,0.8073822121441169,0.7640195842948072,0.8454898696709444,0.709175135345961,0.0,0.5843621399176955,439,243,196,3720,229,459,4,0
gemma-3-12b-it,pope_to_dashb,pope,dash-b,MIND-param,tierA,50pct_hard_negatives,source_calibration,False,single_vmf,passed,,0.5,20260507,0.6713883473832338,0.6059400151259313,0.732409466712937,0.6686612916771647,0.6151245555967365,0.7170042138418041,0.6723368795448442,0.19387755102040816,0.8600823045267489,439,243,196,3720,229,459,4,0
gemma-3-12b-it,pope_to_dashb,pope,dash-b,logistic(z),tierA,50pct_hard_negatives,source_calibration,False,C=0.1,passed,,0.5,20260507,0.7484536370359821,0.6876502086321256,0.8028705044657553,0.7827118501721676,0.7412248244485087,0.8222169692350236,0.7492596061322532,0.20408163265306123,0.5925925925925926,439,243,196,3720,229,459,4,0
gemma-3-12b-it,pope_to_dashb,pope,dash-b,final-hidden linear probe,tierA,same_constraint_linear_or_cached,source_calibration,False,C=1.0,passed,,0.5,20260507,0.8213606504391403,0.7718071864690795,0.8633007512226698,0.786281179138322,0.7437244734671983,0.8245515755233137,0.7365617581618595,0.0,1.0,439,243,196,3720,229,459,4,0
gemma-3-12b-it,pope_to_dashb,pope,dash-b,output-confidence,tierA,same_constraint_linear_or_cached,source_calibration,False,negative_top2_margin,passed,,0.5,20260507,0.4049368427673586,0.3541335494464354,0.467314784184356,0.457252036617116,0.40673170063268205,0.5114445142704022,0.41454474557352433,0.01020408163265306,0.9835390946502057,439,243,196,3720,229,459,4,0
gemma-3-12b-it,pope_to_dashb,pope,dash-b,HALP-lite,tierA,same_constraint_linear_or_cached,source_calibration,False,C=1.0,passed,,0.5,20260507,0.7443283589102009,0.6858498676101477,0.7979416165640714,0.7194402452338959,0.6755477441323144,0.7636705813692851,0.6782790226682247,0.0,1.0,439,243,196,3720,229,459,4,0
gemma-3-12b-it,pope_to_dashb,pope,dash-b,MIND-main,tierA,50pct_hard_negatives,oracle_target_calibration,True,rho=0.007103211174304751,passed,,0.5,20260507,0.7943908502566085,0.7469828604040484,0.8383325997661248,0.7975875535399345,0.7549363174188147,0.8373510607140101,0.6978322759925492,0.0,0.6460905349794238,439,243,196,3720,229,459,4,0
gemma-3-12b-it,pope_to_dashb,pope,dash-b,MIND-param,tierA,50pct_hard_negatives,oracle_target_calibration,True,single_vmf,passed,,0.5,20260507,0.6713883473832338,0.6059400151259313,0.732409466712937,0.6686612916771647,0.6151245555967365,0.7170042138418041,0.6723368795448442,0.19387755102040816,0.8600823045267489,439,243,196,3720,229,459,4,0
gemma-3-12b-it,pope_to_dashb,pope,dash-b,logistic(z),tierA,50pct_hard_negatives,oracle_target_calibration,True,C=10.0,passed,,0.5,20260507,0.7468007558723175,0.6944521266011899,0.7828574151286365,0.5718799865625264,0.54664087512679,0.5962002296013018,0.5227462172880035,0.14795918367346939,1.0,439,243,196,3720,229,459,4,0
gemma-3-12b-it,pope_to_dashb,pope,dash-b,final-hidden linear probe,tierA,same_constraint_linear_or_cached,oracle_target_calibration,True,C=1.0,passed,,0.5,20260507,0.8213606504391403,0.7718071864690795,0.8633007512226698,0.786281179138322,0.7437244734671983,0.8245515755233137,0.7365617581618595,0.0,1.0,439,243,196,3720,229,459,4,0
gemma-3-12b-it,pope_to_dashb,pope,dash-b,output-confidence,tierA,same_constraint_linear_or_cached,oracle_target_calibration,True,negative_top2_margin,passed,,0.5,20260507,0.4049368427673586,0.3541335494464354,0.467314784184356,0.457252036617116,0.40673170063268205,0.5114445142704022,0.41454474557352433,0.01020408163265306,0.9835390946502057,439,243,196,3720,229,459,4,0
gemma-3-12b-it,pope_to_dashb,pope,dash-b,HALP-lite,tierA,same_constraint_linear_or_cached,oracle_target_calibration,True,C=10.0,passed,,0.5,20260507,0.7628469053959444,0.7139875567315426,0.81011293797323,0.7203955656336609,0.6807968981656494,0.7617579152748736,0.6287845889827611,0.0,1.0,439,243,196,3720,229,459,4,0
gemma-3-12b-it,pope_to_dashb,pope,dash-b,MIND-main,tierA,50pct_hard_negatives,source_calibration,False,rho=0.00546172454662927,passed,,0.5,20260508,0.7541222506837992,0.7245013585181747,0.7822109967929874,0.6316662467456118,0.6019256775793348,0.662342283149113,0.5234288244336948,0.0,0.7078189300411523,439,243,196,3720,229,459,4,0
gemma-3-12b-it,pope_to_dashb,pope,dash-b,MIND-param,tierA,50pct_hard_negatives,source_calibration,False,single_vmf,passed,,0.5,20260508,0.8348301470905187,0.7869621347716582,0.8801195555209469,0.849878222894096,0.8084984321669233,0.8847901910928336,0.8353552187939898,0.20408163265306123,0.691358024691358,439,243,196,3720,229,459,4,0
gemma-3-12b-it,pope_to_dashb,pope,dash-b,logistic(z),tierA,50pct_hard_negatives,source_calibration,False,C=0.1,passed,,0.5,20260508,0.8416056847921811,0.7931934916984476,0.8872364178982196,0.8671789703535735,0.8296861555687282,0.8984191929844475,0.8348495676715044,0.0,0.5679012345679012,439,243,196,3720,229,459,4,0
gemma-3-12b-it,pope_to_dashb,pope,dash-b,final-hidden linear probe,tierA,same_constraint_linear_or_cached,source_calibration,False,C=10.0,passed,,0.5,20260508,0.7949752137160676,0.753940546431015,0.8328692862572983,0.767888636936256,0.7257130598923411,0.8058271980741439,0.6595200920313304,0.0,1.0,439,243,196,3720,229,459,4,0
gemma-3-12b-it,pope_to_dashb,pope,dash-b,output-confidence,tierA,same_constraint_linear_or_cached,source_calibration,False,negative_top2_margin,passed,,0.5,20260508,0.4049368427673586,0.3542878656694868,0.46882900707996855,0.457252036617116,0.4060753310444419,0.5117906746080452,0.41454474557352433,0.01020408163265306,0.9835390946502057,439,243,196,3720,229,459,4,0
gemma-3-12b-it,pope_to_dashb,pope,dash-b,HALP-lite,tierA,same_constraint_linear_or_cached,source_calibration,False,C=0.1,passed,,0.5,20260508,0.8220674855789241,0.7670470929762534,0.8698450222719727,0.8480515663055346,0.808936860498356,0.8815485146979375,0.8223567868724528,0.19387755102040816,0.6337448559670782,439,243,196,3720,229,459,4,0
gemma-3-12b-it,pope_to_dashb,pope,dash-b,MIND-main,tierA,50pct_hard_negatives,oracle_target_calibration,True,rho=0.0076800427533124,passed,,0.5,20260508,0.7609849899847941,0.7130803298780758,0.8062041459438436,0.7682770639119846,0.7297600191494542,0.8097397634231891,0.6609305282296727,0.0,0.6831275720164609,439,243,196,3720,229,459,4,0
gemma-3-12b-it,pope_to_dashb,pope,dash-b,MIND-param,tierA,50pct_hard_negatives,oracle_target_calibration,True,single_vmf,passed,,0.5,20260508,0.8348301470905187,0.7869621347716582,0.8801195555209469,0.849878222894096,0.8084984321669233,0.8847901910928336,0.8353552187939898,0.20408163265306123,0.691358024691358,439,243,196,3720,229,459,4,0
gemma-3-12b-it,pope_to_dashb,pope,dash-b,logistic(z),tierA,50pct_hard_negatives,oracle_target_calibration,True,C=0.1,passed,,0.5,20260508,0.8416056847921811,0.7931934916984476,0.8872364178982196,0.8671789703535735,0.8296861555687282,0.8984191929844475,0.8348495676715044,0.0,0.5679012345679012,439,243,196,3720,229,459,4,0
gemma-3-12b-it,pope_to_dashb,pope,dash-b,final-hidden linear probe,tierA,same_constraint_linear_or_cached,oracle_target_calibration,True,C=1.0,passed,,0.5,20260508,0.7830097809623825,0.7318171580880231,0.8280229275381262,0.7875619383555892,0.7446069911908959,0.8274300674396828,0.7060118617404973,0.0,1.0,439,243,196,3720,229,459,4,0
gemma-3-12b-it,pope_to_dashb,pope,dash-b,output-confidence,tierA,same_constraint_linear_or_cached,oracle_target_calibration,True,negative_top2_margin,passed,,0.5,20260508,0.4049368427673586,0.3542878656694868,0.46882900707996855,0.457252036617116,0.4060753310444419,0.5117906746080452,0.41454474557352433,0.01020408163265306,0.9835390946502057,439,243,196,3720,229,459,4,0
gemma-3-12b-it,pope_to_dashb,pope,dash-b,HALP-lite,tierA,same_constraint_linear_or_cached,oracle_target_calibration,True,C=0.1,passed,,0.5,20260508,0.8220674855789241,0.7670470929762534,0.8698450222719727,0.8480515663055346,0.808936860498356,0.8815485146979375,0.8223567868724528,0.19387755102040816,0.6337448559670782,439,243,196,3720,229,459,4,0
gemma-3-12b-it,repope_to_repope,repope,repope,MIND-main,tierA,50pct_hard_negatives,source_calibration,False,rho=0.01482555265630899,passed,,0.5,20260506,0.6336530286776291,0.5741368176981486,0.6922819969166859,0.9277532679738562,0.9125164280634079,0.9408674879038499,0.5253424414758718,0.0,0.21944444444444444,1610,1440,170,3553,212,425,30,0
gemma-3-12b-it,repope_to_repope,repope,repope,MIND-param,tierA,50pct_hard_negatives,source_calibration,False,single_vmf,passed,,0.5,20260506,0.736456434544031,0.671033649290995,0.803653167546494,0.9553390522875816,0.9363261769561383,0.971150005884342,0.7381104873522903,0.29411764705882354,0.12083333333333333,1610,1440,170,3553,212,425,30,0
gemma-3-12b-it,repope_to_repope,repope,repope,logistic(z),tierA,50pct_hard_negatives,source_calibration,False,C=0.1,passed,,0.5,20260506,0.761852682744919,0.7039361668054704,0.8226006736932175,0.9654718137254902,0.955309112146561,0.974659596338858,0.7238832209473618,0.0,0.1361111111111111,1610,1440,170,3553,212,425,30,0
gemma-3-12b-it,repope_to_repope,repope,repope,final-hidden linear probe,tierA,same_constraint_linear_or_cached,source_calibration,False,C=1.0,passed,,0.5,20260506,0.6922588043475674,0.6346380481294865,0.7463859260947111,0.864515931372549,0.8320084059698423,0.8955071042377921,0.5360849244767608,0.0,1.0,1610,1440,170,3553,212,425,30,0
gemma-3-12b-it,repope_to_repope,repope,repope,output-confidence,tierA,same_constraint_linear_or_cached,source_calibration,False,negative_top2_margin,passed,,0.5,20260506,0.11127859276092583,0.08967092582439778,0.1383026720716806,0.4877900326797386,0.4480271856739855,0.5295538119672034,0.09999743780280076,0.0,0.9451388888888889,1610,1440,170,3553,212,425,30,0
gemma-3-12b-it,repope_to_repope,repope,repope,HALP-lite,tierA,same_constraint_linear_or_cached,source_calibration,False,C=0.1,passed,,0.5,20260506,0.6998037779990208,0.6315947841726424,0.7690941995353276,0.9545915032679738,0.9421712165937761,0.9668226375502412,0.6654749467215121,0.0,0.17430555555555555,1610,1440,170,3553,212,425,30,0
gemma-3-12b-it,repope_to_repope,repope,repope,MIND-main,tierA,50pct_hard_negatives,oracle_target_calibration,True,rho=0.01482555265630899,passed,,0.5,20260506,0.6336530286776291,0.5741368176981486,0.6922819969166859,0.9277532679738562,0.9125164280634079,0.9408674879038499,0.5253424414758718,0.0,0.21944444444444444,1610,1440,170,3553,212,425,30,0
gemma-3-12b-it,repope_to_repope,repope,repope,MIND-param,tierA,50pct_hard_negatives,oracle_target_calibration,True,single_vmf,passed,,0.5,20260506,0.736456434544031,0.671033649290995,0.803653167546494,0.9553390522875816,0.9363261769561383,0.971150005884342,0.7381104873522903,0.29411764705882354,0.12083333333333333,1610,1440,170,3553,212,425,30,0
gemma-3-12b-it,repope_to_repope,repope,repope,logistic(z),tierA,50pct_hard_negatives,oracle_target_calibration,True,C=0.1,passed,,0.5,20260506,0.761852682744919,0.7039361668054704,0.8226006736932175,0.9654718137254902,0.955309112146561,0.974659596338858,0.7238832209473618,0.0,0.1361111111111111,1610,1440,170,3553,212,425,30,0
gemma-3-12b-it,repope_to_repope,repope,repope,final-hidden linear probe,tierA,same_constraint_linear_or_cached,oracle_target_calibration,True,C=1.0,passed,,0.5,20260506,0.6922588043475674,0.6346380481294865,0.7463859260947111,0.864515931372549,0.8320084059698423,0.8955071042377921,0.5360849244767608,0.0,1.0,1610,1440,170,3553,212,425,30,0
gemma-3-12b-it,repope_to_repope,repope,repope,output-confidence,tierA,same_constraint_linear_or_cached,oracle_target_calibration,True,negative_top2_margin,passed,,0.5,20260506,0.11127859276092583,0.08967092582439778,0.1383026720716806,0.4877900326797386,0.4480271856739855,0.5295538119672034,0.09999743780280076,0.0,0.9451388888888889,1610,1440,170,3553,212,425,30,0
gemma-3-12b-it,repope_to_repope,repope,repope,HALP-lite,tierA,same_constraint_linear_or_cached,oracle_target_calibration,True,C=0.1,passed,,0.5,20260506,0.6998037779990208,0.6315947841726424,0.7690941995353276,0.9545915032679738,0.9421712165937761,0.9668226375502412,0.6654749467215121,0.0,0.17430555555555555,1610,1440,170,3553,212,425,30,0
gemma-3-12b-it,repope_to_pope,repope,pope,MIND-main,tierA,50pct_hard_negatives,source_calibration,False,rho=0.01482555265630899,passed,,0.5,20260506,0.5867790263393247,0.528143874195841,0.6461809080815217,0.9132493428804496,0.8988492487880784,0.9273719918294243,0.47364816048033936,0.0,0.24067796610169492,1662,1475,187,3553,212,425,138,0
gemma-3-12b-it,repope_to_pope,repope,pope,MIND-param,tierA,50pct_hard_negatives,source_calibration,False,single_vmf,passed,,0.5,20260506,0.6345151531240799,0.5648133381440643,0.7126188251290031,0.9520203027281792,0.9419798504755829,0.9624085436755673,0.6371535720809695,0.10160427807486631,0.14915254237288136,1662,1475,187,3553,212,425,138,0
gemma-3-12b-it,repope_to_pope,repope,pope,logistic(z),tierA,50pct_hard_negatives,source_calibration,False,C=0.1,passed,,0.5,20260506,0.7094071564789828,0.6521658716923582,0.7674424469944842,0.9548518082117284,0.9452891340018279,0.9638016371455163,0.656347953336936,0.0,0.15932203389830507,1662,1475,187,3553,212,425,138,0
gemma-3-12b-it,repope_to_pope,repope,pope,final-hidden linear probe,tierA,same_constraint_linear_or_cached,source_calibration,False,C=1.0,passed,,0.5,20260506,0.665813136168394,0.6103486376323962,0.7220044904109295,0.8617347956131606,0.8296979590193329,0.8905213658933494,0.503409622858225,0.0,1.0,1662,1475,187,3553,212,425,138,0
gemma-3-12b-it,repope_to_pope,repope,pope,output-confidence,tierA,same_constraint_linear_or_cached,source_calibration,False,negative_top2_margin,passed,,0.5,20260506,0.11531835196109454,0.09389087915806334,0.1403968536236124,0.4680902746306535,0.4254505456842844,0.5096511577802452,0.10248391733989379,0.0,0.9430508474576271,1662,1475,187,3553,212,425,138,0
gemma-3-12b-it,repope_to_pope,repope,pope,HALP-lite,tierA,same_constraint_linear_or_cached,source_calibration,False,C=0.1,passed,,0.5,20260506,0.6355006249102471,0.5717758890891107,0.7021695771858849,0.944606181455633,0.9338172656884614,0.9549036711654698,0.5901955273407364,0.0,0.18847457627118644,1662,1475,187,3553,212,425,138,0
gemma-3-12b-it,repope_to_pope,repope,pope,MIND-main,tierA,50pct_hard_negatives,oracle_target_calibration,True,rho=0.00709591745841522,passed,,0.5,20260506,0.6216241406569096,0.5882968863254247,0.6534771873374775,0.866683585606816,0.8516861684326423,0.8809590377864128,0.32770350819317196,0.0,0.3342372881355932,1662,1475,187,3553,212,425,138,0
gemma-3-12b-it,repope_to_pope,repope,pope,MIND-param,tierA,50pct_hard_negatives,oracle_target_calibration,True,single_vmf,passed,,0.5,20260506,0.6345151531240799,0.5648133381440643,0.7126188251290031,0.9520203027281792,0.9419798504755829,0.9624085436755673,0.6371535720809695,0.10160427807486631,0.14915254237288136,1662,1475,187,3553,212,425,138,0
gemma-3-12b-it,repope_to_pope,repope,pope,logistic(z),tierA,50pct_hard_negatives,oracle_target_calibration,True,C=0.1,passed,,0.5,20260506,0.7094071564789828,0.6521658716923582,0.7674424469944842,0.9548518082117284,0.9452891340018279,0.9638016371455163,0.656347953336936,0.0,0.15932203389830507,1662,1475,187,3553,212,425,138,0
gemma-3-12b-it,repope_to_pope,repope,pope,final-hidden linear probe,tierA,same_constraint_linear_or_cached,oracle_target_calibration,True,C=0.1,passed,,0.5,20260506,0.6186215733575573,0.547341852533365,0.6919485132139845,0.9334650593673526,0.9193216809104734,0.9471324326462714,0.5976109836308878,0.1443850267379679,0.26101694915254237,1662,1475,187,3553,212,425,138,0
gemma-3-12b-it,repope_to_pope,repope,pope,output-confidence,tierA,same_constraint_linear_or_cached,oracle_target_calibration,True,negative_top2_margin,passed,,0.5,20260506,0.11531835196109454,0.09389087915806334,0.1403968536236124,0.4680902746306535,0.4254505456842844,0.5096511577802452,0.10248391733989379,0.0,0.9430508474576271,1662,1475,187,3553,212,425,138,0
gemma-3-12b-it,repope_to_pope,repope,pope,HALP-lite,tierA,same_constraint_linear_or_cached,oracle_target_calibration,True,C=0.1,passed,,0.5,20260506,0.6355006249102471,0.5717758890891107,0.7021695771858849,0.944606181455633,0.9338172656884614,0.9549036711654698,0.5901955273407364,0.0,0.18847457627118644,1662,1475,187,3553,212,425,138,0
gemma-3-12b-it,repope_to_dashb,repope,dash-b,MIND-main,tierA,50pct_hard_negatives,source_calibration,False,rho=0.01482555265630899,passed,,0.5,20260506,0.7376201093184156,0.6762434287906914,0.7984688970849377,0.798710842361636,0.7584302886618197,0.8386177569419984,0.7026822545035634,0.0,0.5185185185185185,439,243,196,3553,212,425,4,0
gemma-3-12b-it,repope_to_dashb,repope,dash-b,MIND-param,tierA,50pct_hard_negatives,source_calibration,False,single_vmf,passed,,0.5,20260506,0.8983838498690246,0.8534579610081743,0.9386512389109314,0.9280885193583607,0.9035686681051363,0.9513612151689541,0.8988061949294875,0.1836734693877551,0.3004115226337449,439,243,196,3553,212,425,4,0
gemma-3-12b-it,repope_to_dashb,repope,dash-b,logistic(z),tierA,50pct_hard_negatives,source_calibration,False,C=0.1,passed,,0.5,20260506,0.896935960916596,0.8518878430058292,0.9385596438010445,0.9276476022507768,0.9034845660900405,0.9512475700095585,0.896827711496232,0.15306122448979592,0.3045267489711934,439,243,196,3553,212,425,4,0
gemma-3-12b-it,repope_to_dashb,repope,dash-b,final-hidden linear probe,tierA,same_constraint_linear_or_cached,source_calibration,False,C=1.0,passed,,0.5,20260506,0.8396666505962024,0.7939824389979167,0.8856390461709692,0.8322835306962291,0.7989211225373435,0.8690187787686239,0.7751487475856551,0.0,1.0,439,243,196,3553,212,425,4,0
gemma-3-12b-it,repope_to_dashb,repope,dash-b,output-confidence,tierA,same_constraint_linear_or_cached,source_calibration,False,negative_top2_margin,passed,,0.5,20260506,0.4049368427673586,0.3512802002792897,0.47316003619296665,0.457252036617116,0.4022886007509522,0.507971895267647,0.41454474557352433,0.01020408163265306,0.9835390946502057,439,243,196,3553,212,425,4,0
gemma-3-12b-it,repope_to_dashb,repope,dash-b,HALP-lite,tierA,same_constraint_linear_or_cached,source_calibration,False,C=0.1,passed,,0.5,20260506,0.8181121289900853,0.7609336723196132,0.8732523625820564,0.8622553959855548,0.8270744915051448,0.8968407201218233,0.814192374150134,0.15306122448979592,0.4732510288065844,439,243,196,3553,212,425,4,0
gemma-3-12b-it,repope_to_dashb,repope,dash-b,MIND-main,tierA,50pct_hard_negatives,oracle_target_calibration,True,rho=0.008908651777636584,passed,,0.5,20260506,0.7902981110827938,0.7501948522086503,0.8291564563547511,0.7777987738305199,0.7402742377396088,0.8158810622301598,0.652459369431976,0.0,0.5102880658436214,439,243,196,3553,212,425,4,0
gemma-3-12b-it,repope_to_dashb,repope,dash-b,MIND-param,tierA,50pct_hard_negatives,oracle_target_calibration,True,single_vmf,passed,,0.5,20260506,0.8983838498690246,0.8534579610081743,0.9386512389109314,0.9280885193583607,0.9035686681051363,0.9513612151689541,0.8988061949294875,0.1836734693877551,0.3004115226337449,439,243,196,3553,212,425,4,0
gemma-3-12b-it,repope_to_dashb,repope,dash-b,logistic(z),tierA,50pct_hard_negatives,oracle_target_calibration,True,C=0.1,passed,,0.5,20260506,0.896935960916596,0.8518878430058292,0.9385596438010445,0.9276476022507768,0.9034845660900405,0.9512475700095585,0.896827711496232,0.15306122448979592,0.3045267489711934,439,243,196,3553,212,425,4,0
gemma-3-12b-it,repope_to_dashb,repope,dash-b,final-hidden linear probe,tierA,same_constraint_linear_or_cached,oracle_target_calibration,True,C=0.1,passed,,0.5,20260506,0.8122139437228036,0.7516961180455727,0.8668861730960336,0.8544133702863862,0.8179907212352303,0.8887937426861853,0.8129753872432468,0.12755102040816327,0.5349794238683128,439,243,196,3553,212,425,4,0
gemma-3-12b-it,repope_to_dashb,repope,dash-b,output-confidence,tierA,same_constraint_linear_or_cached,oracle_target_calibration,True,negative_top2_margin,passed,,0.5,20260506,0.4049368427673586,0.3512802002792897,0.47316003619296665,0.457252036617116,0.4022886007509522,0.507971895267647,0.41454474557352433,0.01020408163265306,0.9835390946502057,439,243,196,3553,212,425,4,0
gemma-3-12b-it,repope_to_dashb,repope,dash-b,HALP-lite,tierA,same_constraint_linear_or_cached,oracle_target_calibration,True,C=10.0,passed,,0.5,20260506,0.8225857896265462,0.7814028174377915,0.8629026790747526,0.7849794238683128,0.7481117115857394,0.8235641162383073,0.703667070472836,0.0,1.0,439,243,196,3553,212,425,4,0
gemma-3-12b-it,repope_to_repope,repope,repope,MIND-main,tierA,50pct_hard_negatives,source_calibration,False,rho=0.008543779056727218,passed,,0.5,20260507,0.6879228326261441,0.65290539047938,0.7193048604704818,0.9177348856209151,0.9059123311098737,0.9293921837314509,0.4274180724854414,0.0,0.22708333333333333,1610,1440,170,3553,212,425,30,0
gemma-3-12b-it,repope_to_repope,repope,repope,MIND-param,tierA,50pct_hard_negatives,source_calibration,False,single_vmf,passed,,0.5,20260507,0.6791266445807348,0.5993297170499332,0.7468680113825072,0.9371609477124183,0.9141481985654336,0.959059683549523,0.6811945786554681,0.21764705882352942,0.125,1610,1440,170,3553,212,425,30,0
gemma-3-12b-it,repope_to_repope,repope,repope,logistic(z),tierA,50pct_hard_negatives,source_calibration,False,C=0.1,passed,,0.5,20260507,0.7202637351499033,0.6582954450407096,0.7750649387801097,0.956294934640523,0.9452986713042996,0.9668441765588602,0.6350800680727031,0.0,0.125,1610,1440,170,3553,212,425,30,0
gemma-3-12b-it,repope_to_repope,repope,repope,final-hidden linear probe,tierA,same_constraint_linear_or_cached,source_calibration,False,C=10.0,passed,,0.5,20260507,0.6973536464330664,0.6403296527879911,0.7449475253635907,0.8458537581699346,0.8129390935698981,0.8773925659913792,0.5026797583615754,0.0,1.0,1610,1440,170,3553,212,425,30,0
gemma-3-12b-it,repope_to_repope,repope,repope,output-confidence,tierA,same_constraint_linear_or_cached,source_calibration,False,negative_top2_margin,passed,,0.5,20260507,0.11127859276092583,0.08910821158806687,0.13836301623371983,0.4877900326797386,0.442498352704247,0.5318774787073114,0.09999743780280076,0.0,0.9451388888888889,1610,1440,170,3553,212,425,30,0
gemma-3-12b-it,repope_to_repope,repope,repope,HALP-lite,tierA,same_constraint_linear_or_cached,source_calibration,False,C=1.0,passed,,0.5,20260507,0.7207173440561423,0.6625908869183104,0.7727789057642191,0.9085804738562091,0.882651301362227,0.9333048427550297,0.5900810252436407,0.0,1.0,1610,1440,170,3553,212,425,30,0
gemma-3-12b-it,repope_to_repope,repope,repope,MIND-main,tierA,50pct_hard_negatives,oracle_target_calibration,True,rho=0.008543779056727218,passed,,0.5,20260507,0.6879228326261441,0.65290539047938,0.7193048604704818,0.9177348856209151,0.9059123311098737,0.9293921837314509,0.4274180724854414,0.0,0.22708333333333333,1610,1440,170,3553,212,425,30,0
gemma-3-12b-it,repope_to_repope,repope,repope,MIND-param,tierA,50pct_hard_negatives,oracle_target_calibration,True,single_vmf,passed,,0.5,20260507,0.6791266445807348,0.5993297170499332,0.7468680113825072,0.9371609477124183,0.9141481985654336,0.959059683549523,0.6811945786554681,0.21764705882352942,0.125,1610,1440,170,3553,212,425,30,0
gemma-3-12b-it,repope_to_repope,repope,repope,logistic(z),tierA,50pct_hard_negatives,oracle_target_calibration,True,C=0.1,passed,,0.5,20260507,0.7202637351499033,0.6582954450407096,0.7750649387801097,0.956294934640523,0.9452986713042996,0.9668441765588602,0.6350800680727031,0.0,0.125,1610,1440,170,3553,212,425,30,0
gemma-3-12b-it,repope_to_repope,repope,repope,final-hidden linear probe,tierA,same_constraint_linear_or_cached,oracle_target_calibration,True,C=10.0,passed,,0.5,20260507,0.6973536464330664,0.6403296527879911,0.7449475253635907,0.8458537581699346,0.8129390935698981,0.8773925659913792,0.5026797583615754,0.0,1.0,1610,1440,170,3553,212,425,30,0
gemma-3-12b-it,repope_to_repope,repope,repope,output-confidence,tierA,same_constraint_linear_or_cached,oracle_target_calibration,True,negative_top2_margin,passed,,0.5,20260507,0.11127859276092583,0.08910821158806687,0.13836301623371983,0.4877900326797386,0.442498352704247,0.5318774787073114,0.09999743780280076,0.0,0.9451388888888889,1610,1440,170,3553,212,425,30,0
gemma-3-12b-it,repope_to_repope,repope,repope,HALP-lite,tierA,same_constraint_linear_or_cached,oracle_target_calibration,True,C=1.0,passed,,0.5,20260507,0.7207173440561423,0.6625908869183104,0.7727789057642191,0.9085804738562091,0.882651301362227,0.9333048427550297,0.5900810252436407,0.0,1.0,1610,1440,170,3553,212,425,30,0
gemma-3-12b-it,repope_to_pope,repope,pope,MIND-main,tierA,50pct_hard_negatives,source_calibration,False,rho=0.008543779056727218,passed,,0.5,20260507,0.6566461676718885,0.6228496426316326,0.6892511379721945,0.8926964560862866,0.878984422440698,0.906212162868906,0.3807912395169702,0.0,0.2711864406779661,1662,1475,187,3553,212,425,138,0
gemma-3-12b-it,repope_to_pope,repope,pope,MIND-param,tierA,50pct_hard_negatives,source_calibration,False,single_vmf,passed,,0.5,20260507,0.6243319746385152,0.5499974427635265,0.6897026944342519,0.9354336989032901,0.9162058106489386,0.9532088072230244,0.6266388202033226,0.12834224598930483,0.15254237288135594,1662,1475,187,3553,212,425,138,0
gemma-3-12b-it,repope_to_pope,repope,pope,logistic(z),tierA,50pct_hard_negatives,source_calibration,False,C=0.1,passed,,0.5,20260507,0.6938608742897291,0.6378837198833089,0.7456268598693494,0.9468866128886069,0.9348550872307806,0.9584576807835206,0.6017219151145999,0.0,0.13898305084745763,1662,1475,187,3553,212,425,138,0
gemma-3-12b-it,repope_to_pope,repope,pope,final-hidden linear probe,tierA,same_constraint_linear_or_cached,source_calibration,False,C=10.0,passed,,0.5,20260507,0.6807377192609457,0.634509542822203,0.7288012735380005,0.8459457989667362,0.8144099693769294,0.8759165450202503,0.47747258499249895,0.0,1.0,1662,1475,187,3553,212,425,138,0
gemma-3-12b-it,repope_to_pope,repope,pope,output-confidence,tierA,same_constraint_linear_or_cached,source_calibration,False,negative_top2_margin,passed,,0.5,20260507,0.11531835196109454,0.0921510239819908,0.13952712151195482,0.4680902746306535,0.42646664215047814,0.5071907571985442,0.10248391733989379,0.0,0.9430508474576271,1662,1475,187,3553,212,425,138,0
gemma-3-12b-it,repope_to_pope,repope,pope,HALP-lite,tierA,same_constraint_linear_or_cached,source_calibration,False,C=1.0,passed,,0.5,20260507,0.6697728843120642,0.6150476067784799,0.7229555581265144,0.8816097163056287,0.8517152094493756,0.9094554168332308,0.5238687474575556,0.0,1.0,1662,1475,187,3553,212,425,138,0
gemma-3-12b-it,repope_to_pope,repope,pope,MIND-main,tierA,50pct_hard_negatives,oracle_target_calibration,True,rho=0.0069519250421858315,passed,,0.5,20260507,0.641468927014017,0.614436096266748,0.6655156274986825,0.8641548083023657,0.8508434823944001,0.8770909703953093,0.32032086742114557,0.0,0.26372881355932204,1662,1475,187,3553,212,425,138,0
gemma-3-12b-it,repope_to_pope,repope,pope,MIND-param,tierA,50pct_hard_negatives,oracle_target_calibration,True,single_vmf,passed,,0.5,20260507,0.6243319746385152,0.5499974427635265,0.6897026944342519,0.9354336989032901,0.9162058106489386,0.9532088072230244,0.6266388202033226,0.12834224598930483,0.15254237288135594,1662,1475,187,3553,212,425,138,0
gemma-3-12b-it,repope_to_pope,repope,pope,logistic(z),tierA,50pct_hard_negatives,oracle_target_calibration,True,C=1.0,passed,,0.5,20260507,0.706546857785815,0.6583611472080947,0.7523339873045154,0.9012199764343334,0.875866726596316,0.9260148119074036,0.5491002410334372,0.0,1.0,1662,1475,187,3553,212,425,138,0
gemma-3-12b-it,repope_to_pope,repope,pope,final-hidden linear probe,tierA,same_constraint_linear_or_cached,oracle_target_calibration,True,C=1.0,passed,,0.5,20260507,0.6485226518068168,0.5894692508444841,0.7053733271009064,0.8576561225414665,0.8255826848324418,0.8881431652508233,0.49698674237419793,0.0,1.0,1662,1475,187,3553,212,425,138,0
gemma-3-12b-it,repope_to_pope,repope,pope,output-confidence,tierA,same_constraint_linear_or_cached,oracle_target_calibration,True,negative_top2_margin,passed,,0.5,20260507,0.11531835196109454,0.0921510239819908,0.13952712151195482,0.4680902746306535,0.42646664215047814,0.5071907571985442,0.10248391733989379,0.0,0.9430508474576271,1662,1475,187,3553,212,425,138,0
gemma-3-12b-it,repope_to_pope,repope,pope,HALP-lite,tierA,same_constraint_linear_or_cached,oracle_target_calibration,True,C=1.0,passed,,0.5,20260507,0.6697728843120642,0.6150476067784799,0.7229555581265144,0.8816097163056287,0.8517152094493756,0.9094554168332308,0.5238687474575556,0.0,1.0,1662,1475,187,3553,212,425,138,0
gemma-3-12b-it,repope_to_dashb,repope,dash-b,MIND-main,tierA,50pct_hard_negatives,source_calibration,False,rho=0.008543779056727218,passed,,0.5,20260507,0.749912620544983,0.7255493710160098,0.7753602320742509,0.6004871084236163,0.5755835219651659,0.6264410981204678,0.5024462396140638,0.0,0.7942386831275721,439,243,196,3553,212,425,4,0
gemma-3-12b-it,repope_to_dashb,repope,dash-b,MIND-param,tierA,50pct_hard_negatives,source_calibration,False,single_vmf,passed,,0.5,20260507,0.8946831107002677,0.857107792570984,0.9276678877327517,0.9123414798017973,0.8849517949358654,0.9354081784228843,0.8950030223260367,0.35714285714285715,0.35390946502057613,439,243,196,3553,212,425,4,0
gemma-3-12b-it,repope_to_dashb,repope,dash-b,logistic(z),tierA,50pct_hard_negatives,source_calibration,False,C=0.1,passed,,0.5,20260507,0.8928880294273589,0.8536218186349503,0.9264934702072061,0.914504073234232,0.887376385739481,0.9377383256737386,0.8833476405672602,0.0,0.34156378600823045,439,243,196,3553,212,425,4,0
gemma-3-12b-it,repope_to_dashb,repope,dash-b,final-hidden linear probe,tierA,same_constraint_linear_or_cached,source_calibration,False,C=10.0,passed,,0.5,20260507,0.8133940989867698,0.7637065342637386,0.8546100723136008,0.7634374737549341,0.7230059970806272,0.8026860753513569,0.7008203637766749,0.0,1.0,439,243,196,3553,212,425,4,0
gemma-3-12b-it,repope_to_dashb,repope,dash-b,output-confidence,tierA,same_constraint_linear_or_cached,source_calibration,False,negative_top2_margin,passed,,0.5,20260507,0.4049368427673586,0.3541335494464354,0.467314784184356,0.457252036617116,0.40673170063268205,0.5114445142704022,0.41454474557352433,0.01020408163265306,0.9835390946502057,439,243,196,3553,212,425,4,0
gemma-3-12b-it,repope_to_dashb,repope,dash-b,HALP-lite,tierA,same_constraint_linear_or_cached,source_calibration,False,C=1.0,passed,,0.5,20260507,0.825346487123343,0.77773759258238,0.8671768420985225,0.8053875871336189,0.7639965221897723,0.8418570398351334,0.7554255953230877,0.0,1.0,439,243,196,3553,212,425,4,0
gemma-3-12b-it,repope_to_dashb,repope,dash-b,MIND-main,tierA,50pct_hard_negatives,oracle_target_calibration,True,rho=0.03519932726498498,passed,,0.5,20260507,0.8279770619794014,0.7748510978721423,0.8804418104743543,0.8759658184261359,0.8455189927253831,0.9074023678770825,0.8059111926186882,0.0,0.3374485596707819,439,243,196,3553,212,425,4,0
gemma-3-12b-it,repope_to_dashb,repope,dash-b,MIND-param,tierA,50pct_hard_negatives,oracle_target_calibration,True,single_vmf,passed,,0.5,20260507,0.8946831107002677,0.857107792570984,0.9276678877327517,0.9123414798017973,0.8849517949358654,0.9354081784228843,0.8950030223260367,0.35714285714285715,0.35390946502057613,439,243,196,3553,212,425,4,0
gemma-3-12b-it,repope_to_dashb,repope,dash-b,logistic(z),tierA,50pct_hard_negatives,oracle_target_calibration,True,C=0.1,passed,,0.5,20260507,0.8928880294273589,0.8536218186349503,0.9264934702072061,0.914504073234232,0.887376385739481,0.9377383256737386,0.8833476405672602,0.0,0.34156378600823045,439,243,196,3553,212,425,4,0
gemma-3-12b-it,repope_to_dashb,repope,dash-b,final-hidden linear probe,tierA,same_constraint_linear_or_cached,oracle_target_calibration,True,C=1.0,passed,,0.5,20260507,0.8638740005966357,0.8210460462834868,0.9005440279131586,0.8782858822541362,0.8468671676364311,0.9085192409212864,0.811807141197292,0.0,1.0,439,243,196,3553,212,425,4,0
gemma-3-12b-it,repope_to_dashb,repope,dash-b,output-confidence,tierA,same_constraint_linear_or_cached,oracle_target_calibration,True,negative_top2_margin,passed,,0.5,20260507,0.4049368427673586,0.3541335494464354,0.467314784184356,0.457252036617116,0.40673170063268205,0.5114445142704022,0.41454474557352433,0.01020408163265306,0.9835390946502057,439,243,196,3553,212,425,4,0
gemma-3-12b-it,repope_to_dashb,repope,dash-b,HALP-lite,tierA,same_constraint_linear_or_cached,oracle_target_calibration,True,C=1.0,passed,,0.5,20260507,0.825346487123343,0.77773759258238,0.8671768420985225,0.8053875871336189,0.7639965221897723,0.8418570398351334,0.7554255953230877,0.0,1.0,439,243,196,3553,212,425,4,0
gemma-3-12b-it,repope_to_repope,repope,repope,MIND-main,tierA,50pct_hard_negatives,source_calibration,False,rho=0.007050916620418831,passed,,0.5,20260508,0.6324485577781345,0.5963129326822586,0.6676819832765236,0.8910008169934641,0.8764042101226189,0.9038966686891794,0.3583516609679953,0.0,0.25763888888888886,1610,1440,170,3553,212,425,30,0
gemma-3-12b-it,repope_to_repope,repope,repope,MIND-param,tierA,50pct_hard_negatives,source_calibration,False,single_vmf,passed,,0.5,20260508,0.7481414622191944,0.688082935065205,0.8041764796286092,0.9600898692810458,0.945614116592117,0.9727165210195864,0.7494077528006593,0.3235294117647059,0.10347222222222222,1610,1440,170,3553,212,425,30,0
gemma-3-12b-it,repope_to_repope,repope,repope,logistic(z),tierA,50pct_hard_negatives,source_calibration,False,C=0.1,passed,,0.5,20260508,0.739354914129531,0.6778088469618414,0.7967147132521344,0.9652777777777777,0.9563188366275105,0.9734833337656073,0.6822859923421313,0.0,0.10347222222222222,1610,1440,170,3553,212,425,30,0
gemma-3-12b-it,repope_to_repope,repope,repope,final-hidden linear probe,tierA,same_constraint_linear_or_cached,source_calibration,False,C=0.1,passed,,0.5,20260508,0.6945321430973143,0.6276535925708725,0.7569119533264131,0.9455800653594771,0.9327441521338956,0.9579056890979201,0.6806509596195034,0.27058823529411763,0.23194444444444445,1610,1440,170,3553,212,425,30,0
gemma-3-12b-it,repope_to_repope,repope,repope,output-confidence,tierA,same_constraint_linear_or_cached,source_calibration,False,negative_top2_margin,passed,,0.5,20260508,0.11127859276092583,0.08925535535290739,0.1371139660297329,0.4877900326797386,0.44377145677904695,0.5310359581270213,0.09999743780280076,0.0,0.9451388888888889,1610,1440,170,3553,212,425,30,0
gemma-3-12b-it,repope_to_repope,repope,repope,HALP-lite,tierA,same_constraint_linear_or_cached,source_calibration,False,C=0.1,passed,,0.5,20260508,0.6914108872413711,0.6239322057126466,0.7553944856050628,0.9559946895424837,0.9454049016631245,0.9655324998105332,0.658065163667683,0.0,0.175,1610,1440,170,3553,212,425,30,0
gemma-3-12b-it,repope_to_repope,repope,repope,MIND-main,tierA,50pct_hard_negatives,oracle_target_calibration,True,rho=0.007050916620418831,passed,,0.5,20260508,0.6324485577781345,0.5963129326822586,0.6676819832765236,0.8910008169934641,0.8764042101226189,0.9038966686891794,0.3583516609679953,0.0,0.25763888888888886,1610,1440,170,3553,212,425,30,0
gemma-3-12b-it,repope_to_repope,repope,repope,MIND-param,tierA,50pct_hard_negatives,oracle_target_calibration,True,single_vmf,passed,,0.5,20260508,0.7481414622191944,0.688082935065205,0.8041764796286092,0.9600898692810458,0.945614116592117,0.9727165210195864,0.7494077528006593,0.3235294117647059,0.10347222222222222,1610,1440,170,3553,212,425,30,0
gemma-3-12b-it,repope_to_repope,repope,repope,logistic(z),tierA,50pct_hard_negatives,oracle_target_calibration,True,C=0.1,passed,,0.5,20260508,0.739354914129531,0.6778088469618414,0.7967147132521344,0.9652777777777777,0.9563188366275105,0.9734833337656073,0.6822859923421313,0.0,0.10347222222222222,1610,1440,170,3553,212,425,30,0
gemma-3-12b-it,repope_to_repope,repope,repope,final-hidden linear probe,tierA,same_constraint_linear_or_cached,oracle_target_calibration,True,C=0.1,passed,,0.5,20260508,0.6945321430973143,0.6276535925708725,0.7569119533264131,0.9455800653594771,0.9327441521338956,0.9579056890979201,0.6806509596195034,0.27058823529411763,0.23194444444444445,1610,1440,170,3553,212,425,30,0
gemma-3-12b-it,repope_to_repope,repope,repope,output-confidence,tierA,same_constraint_linear_or_cached,oracle_target_calibration,True,negative_top2_margin,passed,,0.5,20260508,0.11127859276092583,0.08925535535290739,0.1371139660297329,0.4877900326797386,0.44377145677904695,0.5310359581270213,0.09999743780280076,0.0,0.9451388888888889,1610,1440,170,3553,212,425,30,0
gemma-3-12b-it,repope_to_repope,repope,repope,HALP-lite,tierA,same_constraint_linear_or_cached,oracle_target_calibration,True,C=0.1,passed,,0.5,20260508,0.6914108872413711,0.6239322057126466,0.7553944856050628,0.9559946895424837,0.9454049016631245,0.9655324998105332,0.658065163667683,0.0,0.175,1610,1440,170,3553,212,425,30,0
gemma-3-12b-it,repope_to_pope,repope,pope,MIND-main,tierA,50pct_hard_negatives,source_calibration,False,rho=0.007050916620418831,passed,,0.5,20260508,0.6108588946792065,0.5733332692696841,0.6444669690957094,0.8689930209371884,0.8544619319598058,0.884051764208312,0.3309693137179574,0.0,0.29627118644067796,1662,1475,187,3553,212,425,138,0
gemma-3-12b-it,repope_to_pope,repope,pope,MIND-param,tierA,50pct_hard_negatives,source_calibration,False,single_vmf,passed,,0.5,20260508,0.6565775873917625,0.5877846867689026,0.7251250144758945,0.9531297018036798,0.9434009606726307,0.9622837850786183,0.6586438641635021,0.17647058823529413,0.14440677966101695,1662,1475,187,3553,212,425,138,0
gemma-3-12b-it,repope_to_pope,repope,pope,logistic(z),tierA,50pct_hard_negatives,source_calibration,False,C=0.1,passed,,0.5,20260508,0.6911330989466845,0.6298906464170887,0.7479845319487243,0.9522994652406417,0.9423200252705404,0.9618744472628655,0.6216796257032522,0.0,0.14440677966101695,1662,1475,187,3553,212,425,138,0
gemma-3-12b-it,repope_to_pope,repope,pope,final-hidden linear probe,tierA,same_constraint_linear_or_cached,source_calibration,False,C=0.1,passed,,0.5,20260508,0.6259884322400389,0.5570313636385266,0.6956339169258519,0.932573189522342,0.9189546280328225,0.947077635196693,0.5996100301491702,0.0,0.24067796610169492,1662,1475,187,3553,212,425,138,0
gemma-3-12b-it,repope_to_pope,repope,pope,output-confidence,tierA,same_constraint_linear_or_cached,source_calibration,False,negative_top2_margin,passed,,0.5,20260508,0.11531835196109454,0.09378462055825136,0.14070605321558985,0.4680902746306535,0.42635418135055525,0.5094385003357205,0.10248391733989379,0.0,0.9430508474576271,1662,1475,187,3553,212,425,138,0
gemma-3-12b-it,repope_to_pope,repope,pope,HALP-lite,tierA,same_constraint_linear_or_cached,source_calibration,False,C=0.1,passed,,0.5,20260508,0.6283905030271092,0.5616083640500183,0.6925409875515945,0.9417891779207831,0.9305780994184394,0.9530074949592713,0.5878117172722537,0.0,0.18983050847457628,1662,1475,187,3553,212,425,138,0
gemma-3-12b-it,repope_to_pope,repope,pope,MIND-main,tierA,50pct_hard_negatives,oracle_target_calibration,True,rho=0.005754321528960545,passed,,0.5,20260508,0.619322407713562,0.5922182504472714,0.6455316052239307,0.8475065711955044,0.8329892231176625,0.8620119008149163,0.2959763988775434,0.0,0.39864406779661016,1662,1475,187,3553,212,425,138,0
gemma-3-12b-it,repope_to_pope,repope,pope,MIND-param,tierA,50pct_hard_negatives,oracle_target_calibration,True,single_vmf,passed,,0.5,20260508,0.6565775873917625,0.5877846867689026,0.7251250144758945,0.9531297018036798,0.9434009606726307,0.9622837850786183,0.6586438641635021,0.17647058823529413,0.14440677966101695,1662,1475,187,3553,212,425,138,0
gemma-3-12b-it,repope_to_pope,repope,pope,logistic(z),tierA,50pct_hard_negatives,oracle_target_calibration,True,C=0.1,passed,,0.5,20260508,0.6911330989466845,0.6298906464170887,0.7479845319487243,0.9522994652406417,0.9423200252705404,0.9618744472628655,0.6216796257032522,0.0,0.14440677966101695,1662,1475,187,3553,212,425,138,0
gemma-3-12b-it,repope_to_pope,repope,pope,final-hidden linear probe,tierA,same_constraint_linear_or_cached,oracle_target_calibration,True,C=0.1,passed,,0.5,20260508,0.6259884322400389,0.5570313636385266,0.6956339169258519,0.932573189522342,0.9189546280328225,0.947077635196693,0.5996100301491702,0.0,0.24067796610169492,1662,1475,187,3553,212,425,138,0
gemma-3-12b-it,repope_to_pope,repope,pope,output-confidence,tierA,same_constraint_linear_or_cached,oracle_target_calibration,True,negative_top2_margin,passed,,0.5,20260508,0.11531835196109454,0.09378462055825136,0.14070605321558985,0.4680902746306535,0.42635418135055525,0.5094385003357205,0.10248391733989379,0.0,0.9430508474576271,1662,1475,187,3553,212,425,138,0
gemma-3-12b-it,repope_to_pope,repope,pope,HALP-lite,tierA,same_constraint_linear_or_cached,oracle_target_calibration,True,C=0.1,passed,,0.5,20260508,0.6283905030271092,0.5616083640500183,0.6925409875515945,0.9417891779207831,0.9305780994184394,0.9530074949592713,0.5878117172722537,0.0,0.18983050847457628,1662,1475,187,3553,212,425,138,0
gemma-3-12b-it,repope_to_dashb,repope,dash-b,MIND-main,tierA,50pct_hard_negatives,source_calibration,False,rho=0.007050916620418831,passed,,0.5,20260508,0.7743990151488404,0.7448319266886974,0.8024086626706228,0.6908436213991769,0.6567187147817378,0.7246181307805445,0.5672105594767314,0.0,0.5843621399176955,439,243,196,3553,212,425,4,0
gemma-3-12b-it,repope_to_dashb,repope,dash-b,MIND-param,tierA,50pct_hard_negatives,source_calibration,False,single_vmf,passed,,0.5,20260508,0.9032643214972191,0.8649970473256815,0.936848409411838,0.9255689930293104,0.901741453355293,0.9487426331484355,0.9036141091855201,0.33163265306122447,0.2962962962962963,439,243,196,3553,212,425,4,0
gemma-3-12b-it,repope_to_dashb,repope,dash-b,logistic(z),tierA,50pct_hard_negatives,source_calibration,False,C=0.1,passed,,0.5,20260508,0.9040388855944386,0.866089242591105,0.9376619399957141,0.9263983371126229,0.9031046469017853,0.9486513588167766,0.8993602504249214,0.33163265306122447,0.2962962962962963,439,243,196,3553,212,425,4,0
gemma-3-12b-it,repope_to_dashb,repope,dash-b,final-hidden linear probe,tierA,same_constraint_linear_or_cached,source_calibration,False,C=0.1,passed,,0.5,20260508,0.8128064871286813,0.7551351407726229,0.8608675666071998,0.8469492735365751,0.8105023242202888,0.880183982115029,0.8086689515335731,0.19387755102040816,0.5596707818930041,439,243,196,3553,212,425,4,0
gemma-3-12b-it,repope_to_dashb,repope,dash-b,output-confidence,tierA,same_constraint_linear_or_cached,source_calibration,False,negative_top2_margin,passed,,0.5,20260508,0.4049368427673586,0.3542878656694868,0.46882900707996855,0.457252036617116,0.4060753310444419,0.5117906746080452,0.41454474557352433,0.01020408163265306,0.9835390946502057,439,243,196,3553,212,425,4,0
gemma-3-12b-it,repope_to_dashb,repope,dash-b,HALP-lite,tierA,same_constraint_linear_or_cached,source_calibration,False,C=0.1,passed,,0.5,20260508,0.8329674052998683,0.7763645482285342,0.882057817252648,0.8737402368354749,0.8395180761306874,0.9046086865294716,0.8265439999667741,0.0,0.5061728395061729,439,243,196,3553,212,425,4,0
gemma-3-12b-it,repope_to_dashb,repope,dash-b,MIND-main,tierA,50pct_hard_negatives,oracle_target_calibration,True,rho=0.0165344451700192,passed,,0.5,20260508,0.7466273610395306,0.6757773818689821,0.8089947673959099,0.8258797346098933,0.7882881406664249,0.8628949651821403,0.7368159777364119,0.0,0.4773662551440329,439,243,196,3553,212,425,4,0
gemma-3-12b-it,repope_to_dashb,repope,dash-b,MIND-param,tierA,50pct_hard_negatives,oracle_target_calibration,True,single_vmf,passed,,0.5,20260508,0.9032643214972191,0.8649970473256815,0.936848409411838,0.9255689930293104,0.901741453355293,0.9487426331484355,0.9036141091855201,0.33163265306122447,0.2962962962962963,439,243,196,3553,212,425,4,0
gemma-3-12b-it,repope_to_dashb,repope,dash-b,logistic(z),tierA,50pct_hard_negatives,oracle_target_calibration,True,C=0.1,passed,,0.5,20260508,0.9040388855944386,0.866089242591105,0.9376619399957141,0.9263983371126229,0.9031046469017853,0.9486513588167766,0.8993602504249214,0.33163265306122447,0.2962962962962963,439,243,196,3553,212,425,4,0
gemma-3-12b-it,repope_to_dashb,repope,dash-b,final-hidden linear probe,tierA,same_constraint_linear_or_cached,oracle_target_calibration,True,C=10.0,passed,,0.5,20260508,0.8398307650688432,0.8048231274114312,0.8707157279801412,0.8210926345846981,0.7857956412194507,0.8536087734062697,0.7046814784138989,0.0,1.0,439,243,196,3553,212,425,4,0
gemma-3-12b-it,repope_to_dashb,repope,dash-b,output-confidence,tierA,same_constraint_linear_or_cached,oracle_target_calibration,True,negative_top2_margin,passed,,0.5,20260508,0.4049368427673586,0.3542878656694868,0.46882900707996855,0.457252036617116,0.4060753310444419,0.5117906746080452,0.41454474557352433,0.01020408163265306,0.9835390946502057,439,243,196,3553,212,425,4,0
gemma-3-12b-it,repope_to_dashb,repope,dash-b,HALP-lite,tierA,same_constraint_linear_or_cached,oracle_target_calibration,True,C=1.0,passed,,0.5,20260508,0.8430615475094947,0.797329311914736,0.8794074487743292,0.8233287142017301,0.784997716560317,0.8588948880348816,0.7540237221691319,0.0,1.0,439,243,196,3553,212,425,4,0
gemma-4-12b-it,pope_to_dashb,pope,dash-b,MIND-main,tierA,50pct_hard_negatives,source_calibration,False,rho=0.005266119890924965,passed,,0.5,20260506,0.6134259259259259,0.5925636574074074,0.6331018518518519,0.5,0.5,0.5,0.22685185185185186,0.0,1.0,432,334,98,3012,42,84,11,0
gemma-4-12b-it,pope_to_dashb,pope,dash-b,MIND-param,tierA,50pct_hard_negatives,source_calibration,False,single_vmf,passed,,0.5,20260506,0.26145936328038877,0.2042122635463387,0.3366481331517302,0.5641573994867408,0.5008674332793833,0.6230960834655028,0.26871477016240286,0.030612244897959183,0.8622754491017964,432,334,98,3012,42,84,11,0
gemma-4-12b-it,pope_to_dashb,pope,dash-b,logistic(z),tierA,50pct_hard_negatives,source_calibration,False,C=10.0,passed,,0.5,20260506,0.6134259259259259,0.5925636574074074,0.6331018518518519,0.5,0.5,0.5,0.22685185185185186,0.0,1.0,432,334,98,3012,42,84,11,0
gemma-4-12b-it,pope_to_dashb,pope,dash-b,final-hidden linear probe,tierA,same_constraint_linear_or_cached,source_calibration,False,C=10.0,passed,,0.5,20260506,0.5713171308535233,0.5316652997266799,0.6056039846080012,0.5064157399486741,0.4698923552119488,0.5397755006934409,0.2292484349353931,0.0,1.0,432,334,98,3012,42,84,11,0
gemma-4-12b-it,pope_to_dashb,pope,dash-b,output-confidence,tierA,same_constraint_linear_or_cached,source_calibration,False,negative_top2_margin,passed,,0.5,20260506,0.18309695577632967,0.14213833265184056,0.2276934995955851,0.37924660882316996,0.3136536286956891,0.44300898187167337,0.1816172215058488,0.0,0.9940119760479041,432,334,98,3012,42,84,11,0
gemma-4-12b-it,pope_to_dashb,pope,dash-b,HALP-lite,tierA,same_constraint_linear_or_cached,source_calibration,False,C=10.0,passed,,0.5,20260506,0.16941839867260033,0.10958746263433765,0.238593825593794,0.4689447635341561,0.4476524690143617,0.49471158086829403,0.22269033876176733,0.0,1.0,432,334,98,3012,42,84,11,0
gemma-4-12b-it,pope_to_dashb,pope,dash-b,MIND-main,tierA,50pct_hard_negatives,oracle_target_calibration,True,rho=0.021947673529052088,passed,,0.5,20260506,0.5255052898673062,0.44858323617254836,0.5966172250966013,0.6478828058169375,0.580623856917559,0.710880124795642,0.3466894908526466,0.0,0.9221556886227545,432,334,98,3012,42,84,11,0
gemma-4-12b-it,pope_to_dashb,pope,dash-b,MIND-param,tierA,50pct_hard_negatives,oracle_target_calibration,True,single_vmf,passed,,0.5,20260506,0.26145936328038877,0.2042122635463387,0.3366481331517302,0.5641573994867408,0.5008674332793833,0.6230960834655028,0.26871477016240286,0.030612244897959183,0.8622754491017964,432,334,98,3012,42,84,11,0
gemma-4-12b-it,pope_to_dashb,pope,dash-b,logistic(z),tierA,50pct_hard_negatives,oracle_target_calibration,True,C=1.0,passed,,0.5,20260506,0.6134259259259259,0.5925636574074074,0.6331018518518519,0.5,0.5,0.5,0.22685185185185186,0.0,1.0,432,334,98,3012,42,84,11,0
gemma-4-12b-it,pope_to_dashb,pope,dash-b,final-hidden linear probe,tierA,same_constraint_linear_or_cached,oracle_target_calibration,True,C=1.0,passed,,0.5,20260506,0.6082301293151663,0.5725903262836552,0.639703661136272,0.585191861175608,0.5529860213082983,0.6172152286345307,0.2617486277688897,0.0,1.0,432,334,98,3012,42,84,11,0
gemma-4-12b-it,pope_to_dashb,pope,dash-b,output-confidence,tierA,same_constraint_linear_or_cached,oracle_target_calibration,True,negative_top2_margin,passed,,0.5,20260506,0.18309695577632967,0.14213833265184056,0.2276934995955851,0.37924660882316996,0.3136536286956891,0.44300898187167337,0.1816172215058488,0.0,0.9940119760479041,432,334,98,3012,42,84,11,0
gemma-4-12b-it,pope_to_dashb,pope,dash-b,HALP-lite,tierA,same_constraint_linear_or_cached,oracle_target_calibration,True,C=10.0,passed,,0.5,20260506,0.16941839867260033,0.10958746263433765,0.238593825593794,0.4689447635341561,0.4476524690143617,0.49471158086829403,0.22269033876176733,0.0,1.0,432,334,98,3012,42,84,11,0
gemma-4-12b-it,pope_to_dashb,pope,dash-b,MIND-main,tierA,50pct_hard_negatives,source_calibration,False,rho=0.005612391051974235,passed,,0.5,20260507,0.6134259259259259,0.5960648148148148,0.6342592592592593,0.5,0.5,0.5,0.22685185185185186,0.0,1.0,432,334,98,3012,42,84,11,0
gemma-4-12b-it,pope_to_dashb,pope,dash-b,MIND-param,tierA,50pct_hard_negatives,source_calibration,False,single_vmf,passed,,0.5,20260507,0.14754106729150301,0.12185348741690967,0.17882023754969056,0.25919589392643283,0.20882010374769341,0.31266610273953616,0.14925425607888362,0.0,0.9940119760479041,432,334,98,3012,42,84,11,0
gemma-4-12b-it,pope_to_dashb,pope,dash-b,logistic(z),tierA,50pct_hard_negatives,source_calibration,False,C=1.0,passed,,0.5,20260507,0.6134259259259259,0.5960648148148148,0.6342592592592593,0.5,0.5,0.5,0.22685185185185186,0.0,1.0,432,334,98,3012,42,84,11,0
gemma-4-12b-it,pope_to_dashb,pope,dash-b,final-hidden linear probe,tierA,same_constraint_linear_or_cached,source_calibration,False,C=0.1,passed,,0.5,20260507,0.6134259259259259,0.5960648148148148,0.6342592592592593,0.5,0.5,0.5,0.22685185185185186,0.0,1.0,432,334,98,3012,42,84,11,0
gemma-4-12b-it,pope_to_dashb,pope,dash-b,output-confidence,tierA,same_constraint_linear_or_cached,source_calibration,False,negative_top2_margin,passed,,0.5,20260507,0.18309695577632967,0.14685502145706497,0.22885162308624057,0.37924660882316996,0.3133221801599333,0.44616305575649806,0.1816172215058488,0.0,0.9940119760479041,432,334,98,3012,42,84,11,0
gemma-4-12b-it,pope_to_dashb,pope,dash-b,HALP-lite,tierA,same_constraint_linear_or_cached,source_calibration,False,C=1.0,passed,,0.5,20260507,0.6134259259259259,0.5960648148148148,0.6342592592592593,0.5,0.5,0.5,0.22685185185185186,0.0,1.0,432,334,98,3012,42,84,11,0
gemma-4-12b-it,pope_to_dashb,pope,dash-b,MIND-main,tierA,50pct_hard_negatives,oracle_target_calibration,True,rho=0.035240906361527866,passed,,0.5,20260507,0.2854892604522997,0.22040279103367239,0.35591561371130265,0.4450537700109984,0.3794386295180723,0.5148911557100305,0.21155339518247138,0.0,0.9910179640718563,432,334,98,3012,42,84,11,0
gemma-4-12b-it,pope_to_dashb,pope,dash-b,MIND-param,tierA,50pct_hard_negatives,oracle_target_calibration,True,single_vmf,passed,,0.5,20260507,0.14754106729150301,0.12185348741690967,0.17882023754969056,0.25919589392643283,0.20882010374769341,0.31266610273953616,0.14925425607888362,0.0,0.9940119760479041,432,334,98,3012,42,84,11,0
gemma-4-12b-it,pope_to_dashb,pope,dash-b,logistic(z),tierA,50pct_hard_negatives,oracle_target_calibration,True,C=0.1,passed,,0.5,20260507,0.6134259259259259,0.5960648148148148,0.6342592592592593,0.5,0.5,0.5,0.22685185185185186,0.0,1.0,432,334,98,3012,42,84,11,0
gemma-4-12b-it,pope_to_dashb,pope,dash-b,final-hidden linear probe,tierA,same_constraint_linear_or_cached,oracle_target_calibration,True,C=0.1,passed,,0.5,20260507,0.6134259259259259,0.5960648148148148,0.6342592592592593,0.5,0.5,0.5,0.22685185185185186,0.0,1.0,432,334,98,3012,42,84,11,0
gemma-4-12b-it,pope_to_dashb,pope,dash-b,output-confidence,tierA,same_constraint_linear_or_cached,oracle_target_calibration,True,negative_top2_margin,passed,,0.5,20260507,0.18309695577632967,0.14685502145706497,0.22885162308624057,0.37924660882316996,0.3133221801599333,0.44616305575649806,0.1816172215058488,0.0,0.9940119760479041,432,334,98,3012,42,84,11,0
gemma-4-12b-it,pope_to_dashb,pope,dash-b,HALP-lite,tierA,same_constraint_linear_or_cached,oracle_target_calibration,True,C=0.1,passed,,0.5,20260507,0.6134259259259259,0.5960648148148148,0.6342592592592593,0.5,0.5,0.5,0.22685185185185186,0.0,1.0,432,334,98,3012,42,84,11,0
gemma-4-12b-it,pope_to_dashb,pope,dash-b,MIND-main,tierA,50pct_hard_negatives,source_calibration,False,rho=0.014629897060722683,passed,,0.5,20260508,0.6134259259259259,0.5925925925925926,0.6354166666666666,0.5,0.5,0.5,0.22685185185185186,0.0,1.0,432,334,98,3012,42,84,11,0
gemma-4-12b-it,pope_to_dashb,pope,dash-b,MIND-param,tierA,50pct_hard_negatives,source_calibration,False,single_vmf,passed,,0.5,20260508,0.2507997230945882,0.18731740594256552,0.31707768563094685,0.5307038983257975,0.464804834001715,0.5900953979732299,0.2543301215582164,0.030612244897959183,0.8802395209580839,432,334,98,3012,42,84,11,0
gemma-4-12b-it,pope_to_dashb,pope,dash-b,logistic(z),tierA,50pct_hard_negatives,source_calibration,False,C=10.0,passed,,0.5,20260508,0.6134259259259259,0.5925925925925926,0.6354166666666666,0.5,0.5,0.5,0.22685185185185186,0.0,1.0,432,334,98,3012,42,84,11,0
gemma-4-12b-it,pope_to_dashb,pope,dash-b,final-hidden linear probe,tierA,same_constraint_linear_or_cached,source_calibration,False,C=10.0,passed,,0.5,20260508,0.6158155831024124,0.5896787757594849,0.6406720392746559,0.5526396187217402,0.5293568029279507,0.5748693895542732,0.24700286758460543,0.0,0.874251497005988,432,334,98,3012,42,84,11,0
gemma-4-12b-it,pope_to_dashb,pope,dash-b,output-confidence,tierA,same_constraint_linear_or_cached,source_calibration,False,negative_top2_margin,passed,,0.5,20260508,0.18309695577632967,0.1431810234062171,0.23230821007031532,0.37924660882316996,0.31001057339778837,0.4505045138505312,0.1816172215058488,0.0,0.9940119760479041,432,334,98,3012,42,84,11,0
gemma-4-12b-it,pope_to_dashb,pope,dash-b,HALP-lite,tierA,same_constraint_linear_or_cached,source_calibration,False,C=1.0,passed,,0.5,20260508,0.6115204407609105,0.5876545365526001,0.6359427119219756,0.5113039227667114,0.49768014892941886,0.5243241487159156,0.2309105388187021,0.0,0.9670658682634731,432,334,98,3012,42,84,11,0
gemma-4-12b-it,pope_to_dashb,pope,dash-b,MIND-main,tierA,50pct_hard_negatives,oracle_target_calibration,True,rho=0.1566133268456426,passed,,0.5,20260508,0.33047747399801186,0.2648583598220428,0.39388817504032575,0.4760173530490041,0.41102898063097526,0.5368424112043638,0.21374919002534565,0.0,0.9401197604790419,432,334,98,3012,42,84,11,0
gemma-4-12b-it,pope_to_dashb,pope,dash-b,MIND-param,tierA,50pct_hard_negatives,oracle_target_calibration,True,single_vmf,passed,,0.5,20260508,0.2507997230945882,0.18731740594256552,0.31707768563094685,0.5307038983257975,0.464804834001715,0.5900953979732299,0.2543301215582164,0.030612244897959183,0.8802395209580839,432,334,98,3012,42,84,11,0
gemma-4-12b-it,pope_to_dashb,pope,dash-b,logistic(z),tierA,50pct_hard_negatives,oracle_target_calibration,True,C=1.0,passed,,0.5,20260508,0.6134259259259259,0.5925925925925926,0.6354166666666666,0.5,0.5,0.5,0.22685185185185186,0.0,1.0,432,334,98,3012,42,84,11,0
gemma-4-12b-it,pope_to_dashb,pope,dash-b,final-hidden linear probe,tierA,same_constraint_linear_or_cached,oracle_target_calibration,True,C=0.1,passed,,0.5,20260508,0.6134259259259259,0.5925925925925926,0.6354166666666666,0.5,0.5,0.5,0.22685185185185186,0.0,1.0,432,334,98,3012,42,84,11,0
gemma-4-12b-it,pope_to_dashb,pope,dash-b,output-confidence,tierA,same_constraint_linear_or_cached,oracle_target_calibration,True,negative_top2_margin,passed,,0.5,20260508,0.18309695577632967,0.1431810234062171,0.23230821007031532,0.37924660882316996,0.31001057339778837,0.4505045138505312,0.1816172215058488,0.0,0.9940119760479041,432,334,98,3012,42,84,11,0
gemma-4-12b-it,pope_to_dashb,pope,dash-b,HALP-lite,tierA,same_constraint_linear_or_cached,oracle_target_calibration,True,C=0.1,passed,,0.5,20260508,0.6134259259259259,0.5925925925925926,0.6354166666666666,0.5,0.5,0.5,0.22685185185185186,0.0,1.0,432,334,98,3012,42,84,11,0
gemma-4-12b-it,repope_to_repope,repope,repope,MIND-main,tierA,50pct_hard_negatives,source_calibration,False,rho=0.012223404758435247,passed,,0.5,20260506,0.44429803569293297,0.3328072401386899,0.53484081280215,0.9138960852043754,0.8905716105015673,0.9355401681397949,0.10988055998963175,0.0,0.22884283246977546,1182,1158,24,2926,32,64,44,414
gemma-4-12b-it,repope_to_repope,repope,repope,MIND-param,tierA,50pct_hard_negatives,source_calibration,False,single_vmf,passed,,0.5,20260506,0.22062268580349298,0.11397137174692029,0.35110408820110445,0.9313831318364997,0.876694938230505,0.9693958618080701,0.24800341893087813,0.25,0.28324697754749567,1182,1158,24,2926,32,64,44,414
gemma-4-12b-it,repope_to_repope,repope,repope,logistic(z),tierA,50pct_hard_negatives,source_calibration,False,C=1.0,passed,,0.5,20260506,0.3007266704611894,0.11566939643877856,0.47226478280460416,0.639392630972942,0.5492461216236989,0.7421805020167023,0.12271573604060915,0.25,1.0,1182,1158,24,2926,32,64,44,414
gemma-4-12b-it,repope_to_repope,repope,repope,final-hidden linear probe,tierA,same_constraint_linear_or_cached,source_calibration,False,C=1.0,passed,,0.5,20260506,0.29593977125545623,0.15140350804575076,0.42979255806172584,0.7037097006332758,0.5926843760600564,0.8045080626945224,0.08614511490148491,0.0,1.0,1182,1158,24,2926,32,64,44,414
gemma-4-12b-it,repope_to_repope,repope,repope,output-confidence,tierA,same_constraint_linear_or_cached,source_calibration,False,negative_top2_margin,passed,,0.5,20260506,0.0211420716950463,0.012300455065240521,0.032044008049663245,0.5647488485895221,0.47399814824590375,0.6464346825044348,0.023553509628414786,0.0,0.7512953367875648,1182,1158,24,2926,32,64,44,414
gemma-4-12b-it,repope_to_repope,repope,repope,HALP-lite,tierA,same_constraint_linear_or_cached,source_calibration,False,C=1.0,passed,,0.5,20260506,0.43550647754094257,0.3559920501249932,0.5121398107773056,0.6735031663788141,0.5942244901860247,0.7467072796810624,0.031971859191474175,0.0,1.0,1182,1158,24,2926,32,64,44,414
gemma-4-12b-it,repope_to_repope,repope,repope,MIND-main,tierA,50pct_hard_negatives,oracle_target_calibration,True,rho=0.012223404758435247,passed,,0.5,20260506,0.44429803569293297,0.3328072401386899,0.53484081280215,0.9138960852043754,0.8905716105015673,0.9355401681397949,0.10988055998963175,0.0,0.22884283246977546,1182,1158,24,2926,32,64,44,414
gemma-4-12b-it,repope_to_repope,repope,repope,MIND-param,tierA,50pct_hard_negatives,oracle_target_calibration,True,single_vmf,passed,,0.5,20260506,0.22062268580349298,0.11397137174692029,0.35110408820110445,0.9313831318364997,0.876694938230505,0.9693958618080701,0.24800341893087813,0.25,0.28324697754749567,1182,1158,24,2926,32,64,44,414
gemma-4-12b-it,repope_to_repope,repope,repope,logistic(z),tierA,50pct_hard_negatives,oracle_target_calibration,True,C=1.0,passed,,0.5,20260506,0.3007266704611894,0.11566939643877856,0.47226478280460416,0.639392630972942,0.5492461216236989,0.7421805020167023,0.12271573604060915,0.25,1.0,1182,1158,24,2926,32,64,44,414
gemma-4-12b-it,repope_to_repope,repope,repope,final-hidden linear probe,tierA,same_constraint_linear_or_cached,oracle_target_calibration,True,C=1.0,passed,,0.5,20260506,0.29593977125545623,0.15140350804575076,0.42979255806172584,0.7037097006332758,0.5926843760600564,0.8045080626945224,0.08614511490148491,0.0,1.0,1182,1158,24,2926,32,64,44,414
gemma-4-12b-it,repope_to_repope,repope,repope,output-confidence,tierA,same_constraint_linear_or_cached,oracle_target_calibration,True,negative_top2_margin,passed,,0.5,20260506,0.0211420716950463,0.012300455065240521,0.032044008049663245,0.5647488485895221,0.47399814824590375,0.6464346825044348,0.023553509628414786,0.0,0.7512953367875648,1182,1158,24,2926,32,64,44,414
gemma-4-12b-it,repope_to_repope,repope,repope,HALP-lite,tierA,same_constraint_linear_or_cached,oracle_target_calibration,True,C=1.0,passed,,0.5,20260506,0.43550647754094257,0.3559920501249932,0.5121398107773056,0.6735031663788141,0.5942244901860247,0.7467072796810624,0.031971859191474175,0.0,1.0,1182,1158,24,2926,32,64,44,414
gemma-4-12b-it,repope_to_pope,repope,pope,MIND-main,tierA,50pct_hard_negatives,source_calibration,False,rho=0.012223404758435247,passed,,0.5,20260506,0.4240061055342789,0.3283879598279086,0.5073962537434861,0.8889175748022936,0.8619209624172176,0.9121154478482315,0.10633292390652,0.0,0.2611625947767481,1218,1187,31,2926,32,64,117,465
gemma-4-12b-it,repope_to_pope,repope,pope,MIND-param,tierA,50pct_hard_negatives,source_calibration,False,single_vmf,passed,,0.5,20260506,0.17263471989214452,0.09258064061080115,0.27507816894635334,0.8412098812403185,0.748306990626436,0.9176760130165998,0.18819799456370065,0.0,0.8306655433866892,1218,1187,31,2926,32,64,117,465
gemma-4-12b-it,repope_to_pope,repope,pope,logistic(z),tierA,50pct_hard_negatives,source_calibration,False,C=1.0,passed,,0.5,20260506,0.31183119341963345,0.17224034424528853,0.46337737430273807,0.6516699730956328,0.5791271515380174,0.7339412996255894,0.12442140012199934,0.0,1.0,1218,1187,31,2926,32,64,117,465
gemma-4-12b-it,repope_to_pope,repope,pope,final-hidden linear probe,tierA,same_constraint_linear_or_cached,source_calibration,False,C=1.0,passed,,0.5,20260506,0.3475131303353712,0.22818565802656188,0.45616860929122044,0.7431719977172052,0.651187594083394,0.830984449452061,0.1148150755491116,0.0,1.0,1218,1187,31,2926,32,64,117,465
gemma-4-12b-it,repope_to_pope,repope,pope,output-confidence,tierA,same_constraint_linear_or_cached,source_calibration,False,negative_top2_margin,passed,,0.5,20260506,0.04284342138326801,0.016538873913188333,0.08833419497525621,0.5559828246867952,0.4749370423537798,0.6406573638392041,0.028514567813722268,0.0,0.7700084245998315,1218,1187,31,2926,32,64,117,465
gemma-4-12b-it,repope_to_pope,repope,pope,HALP-lite,tierA,same_constraint_linear_or_cached,source_calibration,False,C=1.0,passed,,0.5,20260506,0.44149511839017724,0.3650530788064388,0.5039492379961966,0.6577030736201321,0.5816922380077484,0.7232974592513721,0.03780903407227006,0.0,1.0,1218,1187,31,2926,32,64,117,465
gemma-4-12b-it,repope_to_pope,repope,pope,MIND-main,tierA,50pct_hard_negatives,oracle_target_calibration,True,rho=0.010661534398180995,passed,,0.5,20260506,0.45800246009233314,0.3737664413638972,0.5257413678660116,0.8677609587738131,0.837933276403837,0.8923564987520161,0.09176393346739878,0.0,0.33698399326032014,1218,1187,31,2926,32,64,117,465
gemma-4-12b-it,repope_to_pope,repope,pope,MIND-param,tierA,50pct_hard_negatives,oracle_target_calibration,True,single_vmf,passed,,0.5,20260506,0.17263471989214452,0.09258064061080115,0.27507816894635334,0.8412098812403185,0.748306990626436,0.9176760130165998,0.18819799456370065,0.0,0.8306655433866892,1218,1187,31,2926,32,64,117,465
gemma-4-12b-it,repope_to_pope,repope,pope,logistic(z),tierA,50pct_hard_negatives,oracle_target_calibration,True,C=1.0,passed,,0.5,20260506,0.31183119341963345,0.17224034424528853,0.46337737430273807,0.6516699730956328,0.5791271515380174,0.7339412996255894,0.12442140012199934,0.0,1.0,1218,1187,31,2926,32,64,117,465
gemma-4-12b-it,repope_to_pope,repope,pope,final-hidden linear probe,tierA,same_constraint_linear_or_cached,oracle_target_calibration,True,C=1.0,passed,,0.5,20260506,0.3475131303353712,0.22818565802656188,0.45616860929122044,0.7431719977172052,0.651187594083394,0.830984449452061,0.1148150755491116,0.0,1.0,1218,1187,31,2926,32,64,117,465
gemma-4-12b-it,repope_to_pope,repope,pope,output-confidence,tierA,same_constraint_linear_or_cached,oracle_target_calibration,True,negative_top2_margin,passed,,0.5,20260506,0.04284342138326801,0.016538873913188333,0.08833419497525621,0.5559828246867952,0.4749370423537798,0.6406573638392041,0.028514567813722268,0.0,0.7700084245998315,1218,1187,31,2926,32,64,117,465
gemma-4-12b-it,repope_to_pope,repope,pope,HALP-lite,tierA,same_constraint_linear_or_cached,oracle_target_calibration,True,C=0.1,passed,,0.5,20260506,0.5162256797513429,0.456911605138265,0.5566017672022643,0.8688751800418513,0.8452475904844379,0.8874799087328605,0.09217460938396829,0.0,0.2965459140690817,1218,1187,31,2926,32,64,117,465
gemma-4-12b-it,repope_to_dashb,repope,dash-b,MIND-main,tierA,50pct_hard_negatives,source_calibration,False,rho=0.012223404758435247,passed,,0.5,20260506,0.6134259259259259,0.5925636574074074,0.6331018518518519,0.5,0.5,0.5,0.22685185185185186,0.0,1.0,432,334,98,2926,32,64,11,0
gemma-4-12b-it,repope_to_dashb,repope,dash-b,MIND-param,tierA,50pct_hard_negatives,source_calibration,False,single_vmf,passed,,0.5,20260506,0.18277702305852012,0.14243594081528727,0.24544935525340947,0.33836918000733224,0.2762621668915614,0.4003450510367406,0.1889027964506445,0.04081632653061224,0.9940119760479041,432,334,98,2926,32,64,11,0
gemma-4-12b-it,repope_to_dashb,repope,dash-b,logistic(z),tierA,50pct_hard_negatives,source_calibration,False,C=1.0,passed,,0.5,20260506,0.6134259259259259,0.5925636574074074,0.6331018518518519,0.5,0.5,0.5,0.22685185185185186,0.0,1.0,432,334,98,2926,32,64,11,0
gemma-4-12b-it,repope_to_dashb,repope,dash-b,final-hidden linear probe,tierA,same_constraint_linear_or_cached,source_calibration,False,C=1.0,passed,,0.5,20260506,0.6173705593348451,0.594896133958634,0.6394826892109501,0.5051020408163265,0.5,0.5176483602290474,0.2347411186696901,0.01020408163265306,1.0,432,334,98,2926,32,64,11,0
gemma-4-12b-it,repope_to_dashb,repope,dash-b,output-confidence,tierA,same_constraint_linear_or_cached,source_calibration,False,negative_top2_margin,passed,,0.5,20260506,0.18309695577632967,0.14213833265184056,0.2276934995955851,0.37924660882316996,0.3136536286956891,0.44300898187167337,0.1816172215058488,0.0,0.9940119760479041,432,334,98,2926,32,64,11,0
gemma-4-12b-it,repope_to_dashb,repope,dash-b,HALP-lite,tierA,same_constraint_linear_or_cached,source_calibration,False,C=1.0,passed,,0.5,20260506,0.2771028158548298,0.16960289155415695,0.3975626652853379,0.5082946352193572,0.48514532180059516,0.5354122578099133,0.23212918208218963,0.0,1.0,432,334,98,2926,32,64,11,0
gemma-4-12b-it,repope_to_dashb,repope,dash-b,MIND-main,tierA,50pct_hard_negatives,oracle_target_calibration,True,rho=0.030702267974425795,passed,,0.5,20260506,0.27611620257485453,0.22067341621774023,0.3351408921574441,0.3237504582671392,0.26619649100435433,0.38886586792205247,0.17054730347835623,0.0,1.0,432,334,98,2926,32,64,11,0
gemma-4-12b-it,repope_to_dashb,repope,dash-b,MIND-param,tierA,50pct_hard_negatives,oracle_target_calibration,True,single_vmf,passed,,0.5,20260506,0.18277702305852012,0.14243594081528727,0.24544935525340947,0.33836918000733224,0.2762621668915614,0.4003450510367406,0.1889027964506445,0.04081632653061224,0.9940119760479041,432,334,98,2926,32,64,11,0
gemma-4-12b-it,repope_to_dashb,repope,dash-b,logistic(z),tierA,50pct_hard_negatives,oracle_target_calibration,True,C=1.0,passed,,0.5,20260506,0.6134259259259259,0.5925636574074074,0.6331018518518519,0.5,0.5,0.5,0.22685185185185186,0.0,1.0,432,334,98,2926,32,64,11,0
gemma-4-12b-it,repope_to_dashb,repope,dash-b,final-hidden linear probe,tierA,same_constraint_linear_or_cached,oracle_target_calibration,True,C=1.0,passed,,0.5,20260506,0.6173705593348451,0.594896133958634,0.6394826892109501,0.5051020408163265,0.5,0.5176483602290474,0.2347411186696901,0.01020408163265306,1.0,432,334,98,2926,32,64,11,0
gemma-4-12b-it,repope_to_dashb,repope,dash-b,output-confidence,tierA,same_constraint_linear_or_cached,oracle_target_calibration,True,negative_top2_margin,passed,,0.5,20260506,0.18309695577632967,0.14213833265184056,0.2276934995955851,0.37924660882316996,0.3136536286956891,0.44300898187167337,0.1816172215058488,0.0,0.9940119760479041,432,334,98,2926,32,64,11,0
gemma-4-12b-it,repope_to_dashb,repope,dash-b,HALP-lite,tierA,same_constraint_linear_or_cached,oracle_target_calibration,True,C=10.0,passed,,0.5,20260506,0.6134259259259259,0.5925636574074074,0.6331018518518519,0.5,0.5,0.5,0.22685185185185186,0.0,1.0,432,334,98,2926,32,64,11,0
gemma-4-12b-it,repope_to_repope,repope,repope,MIND-main,tierA,50pct_hard_negatives,source_calibration,False,rho=0.00785452629462825,passed,,0.5,20260507,0.41136432744137835,0.3169639052948719,0.4923771403604527,0.8252374784110535,0.7782906241284752,0.8650451191933047,0.05904104869273975,0.0,0.48704663212435234,1182,1158,24,2926,32,64,44,414
gemma-4-12b-it,repope_to_repope,repope,repope,MIND-param,tierA,50pct_hard_negatives,source_calibration,False,single_vmf,passed,,0.5,20260507,0.23369001197253228,0.11681924467793638,0.3979293671367923,0.9392271157167531,0.9042319749216301,0.9637637096180133,0.2539150954400952,0.25,0.2556131260794473,1182,1158,24,2926,32,64,44,414
gemma-4-12b-it,repope_to_repope,repope,repope,logistic(z),tierA,50pct_hard_negatives,source_calibration,False,C=1.0,passed,,0.5,20260507,0.4353576615017408,0.31793050991098165,0.5334571002374664,0.9090025906735751,0.8379731538491253,0.9555681451511324,0.1526851453828815,0.0,1.0,1182,1158,24,2926,32,64,44,414
gemma-4-12b-it,repope_to_repope,repope,repope,final-hidden linear probe,tierA,same_constraint_linear_or_cached,source_calibration,False,C=1.0,passed,,0.5,20260507,0.5077308660699948,0.3595276174757184,0.6393984449197384,0.8368595279217041,0.7391004558255669,0.9291032631214518,0.2331234236822782,0.0,1.0,1182,1158,24,2926,32,64,44,414
gemma-4-12b-it,repope_to_repope,repope,repope,output-confidence,tierA,same_constraint_linear_or_cached,source_calibration,False,negative_top2_margin,passed,,0.5,20260507,0.0211420716950463,0.012638688752448947,0.03271430920074223,0.5647488485895221,0.4816621804860825,0.6525750234565024,0.023553509628414786,0.0,0.7512953367875648,1182,1158,24,2926,32,64,44,414
gemma-4-12b-it,repope_to_repope,repope,repope,HALP-lite,tierA,same_constraint_linear_or_cached,source_calibration,False,C=1.0,passed,,0.5,20260507,0.18695974830968487,0.07801904432102182,0.30207041300810855,0.6038248416810593,0.5148023689113655,0.7052337879840921,0.03758316028303338,0.0,1.0,1182,1158,24,2926,32,64,44,414
gemma-4-12b-it,repope_to_repope,repope,repope,MIND-main,tierA,50pct_hard_negatives,oracle_target_calibration,True,rho=0.00785452629462825,passed,,0.5,20260507,0.41136432744137835,0.3169639052948719,0.4923771403604527,0.8252374784110535,0.7782906241284752,0.8650451191933047,0.05904104869273975,0.0,0.48704663212435234,1182,1158,24,2926,32,64,44,414
gemma-4-12b-it,repope_to_repope,repope,repope,MIND-param,tierA,50pct_hard_negatives,oracle_target_calibration,True,single_vmf,passed,,0.5,20260507,0.23369001197253228,0.11681924467793638,0.3979293671367923,0.9392271157167531,0.9042319749216301,0.9637637096180133,0.2539150954400952,0.25,0.2556131260794473,1182,1158,24,2926,32,64,44,414
gemma-4-12b-it,repope_to_repope,repope,repope,logistic(z),tierA,50pct_hard_negatives,oracle_target_calibration,True,C=1.0,passed,,0.5,20260507,0.4353576615017408,0.31793050991098165,0.5334571002374664,0.9090025906735751,0.8379731538491253,0.9555681451511324,0.1526851453828815,0.0,1.0,1182,1158,24,2926,32,64,44,414
gemma-4-12b-it,repope_to_repope,repope,repope,final-hidden linear probe,tierA,same_constraint_linear_or_cached,oracle_target_calibration,True,C=1.0,passed,,0.5,20260507,0.5077308660699948,0.3595276174757184,0.6393984449197384,0.8368595279217041,0.7391004558255669,0.9291032631214518,0.2331234236822782,0.0,1.0,1182,1158,24,2926,32,64,44,414
gemma-4-12b-it,repope_to_repope,repope,repope,output-confidence,tierA,same_constraint_linear_or_cached,oracle_target_calibration,True,negative_top2_margin,passed,,0.5,20260507,0.0211420716950463,0.012638688752448947,0.03271430920074223,0.5647488485895221,0.4816621804860825,0.6525750234565024,0.023553509628414786,0.0,0.7512953367875648,1182,1158,24,2926,32,64,44,414
gemma-4-12b-it,repope_to_repope,repope,repope,HALP-lite,tierA,same_constraint_linear_or_cached,oracle_target_calibration,True,C=1.0,passed,,0.5,20260507,0.18695974830968487,0.07801904432102182,0.30207041300810855,0.6038248416810593,0.5148023689113655,0.7052337879840921,0.03758316028303338,0.0,1.0,1182,1158,24,2926,32,64,44,414
gemma-4-12b-it,repope_to_pope,repope,pope,MIND-main,tierA,50pct_hard_negatives,source_calibration,False,rho=0.00785452629462825,passed,,0.5,20260507,0.3283806205354039,0.22779211085507975,0.4153736317841108,0.7664347637035628,0.7156940942910602,0.8130251954215522,0.05423017190011528,0.0,0.5172704296545914,1218,1187,31,2926,32,64,117,465
gemma-4-12b-it,repope_to_pope,repope,pope,MIND-param,tierA,50pct_hard_negatives,source_calibration,False,single_vmf,passed,,0.5,20260507,0.1788577662761671,0.10431558067228738,0.2822215023781294,0.8727885425442291,0.8032823459997503,0.9354206369001723,0.19390024071337647,0.03225806451612903,0.6925021061499579,1218,1187,31,2926,32,64,117,465
gemma-4-12b-it,repope_to_pope,repope,pope,logistic(z),tierA,50pct_hard_negatives,source_calibration,False,C=1.0,passed,,0.5,20260507,0.4124359908545389,0.31410606202052693,0.5052924971979741,0.8427860966926651,0.7742915899072605,0.9135708085119091,0.131357671921186,0.0,1.0,1218,1187,31,2926,32,64,117,465
gemma-4-12b-it,repope_to_pope,repope,pope,final-hidden linear probe,tierA,same_constraint_linear_or_cached,source_calibration,False,C=1.0,passed,,0.5,20260507,0.40191328107067814,0.26995474958397764,0.5171010500388903,0.7515830094844688,0.6587235707654927,0.8381938315607781,0.15947172343167892,0.0,1.0,1218,1187,31,2926,32,64,117,465
gemma-4-12b-it,repope_to_pope,repope,pope,output-confidence,tierA,same_constraint_linear_or_cached,source_calibration,False,negative_top2_margin,passed,,0.5,20260507,0.04284342138326801,0.017716985104113882,0.09066376368400007,0.5559828246867952,0.4772023759923506,0.6329527760905528,0.028514567813722268,0.0,0.7700084245998315,1218,1187,31,2926,32,64,117,465
gemma-4-12b-it,repope_to_pope,repope,pope,HALP-lite,tierA,same_constraint_linear_or_cached,source_calibration,False,C=1.0,passed,,0.5,20260507,0.2924817392921091,0.17543651439998,0.39736741671378073,0.6937250319319509,0.5986673377517165,0.7802803131387689,0.07286857204146388,0.0,1.0,1218,1187,31,2926,32,64,117,465
gemma-4-12b-it,repope_to_pope,repope,pope,MIND-main,tierA,50pct_hard_negatives,oracle_target_calibration,True,rho=0.008206124750912694,passed,,0.5,20260507,0.3294016219412514,0.22817064649607696,0.41682137068030234,0.7703481262059407,0.7188866513233603,0.8194391813707497,0.056107887877748785,0.0,0.4962089300758214,1218,1187,31,2926,32,64,117,465
gemma-4-12b-it,repope_to_pope,repope,pope,MIND-param,tierA,50pct_hard_negatives,oracle_target_calibration,True,single_vmf,passed,,0.5,20260507,0.1788577662761671,0.10431558067228738,0.2822215023781294,0.8727885425442291,0.8032823459997503,0.9354206369001723,0.19390024071337647,0.03225806451612903,0.6925021061499579,1218,1187,31,2926,32,64,117,465
gemma-4-12b-it,repope_to_pope,repope,pope,logistic(z),tierA,50pct_hard_negatives,oracle_target_calibration,True,C=1.0,passed,,0.5,20260507,0.4124359908545389,0.31410606202052693,0.5052924971979741,0.8427860966926651,0.7742915899072605,0.9135708085119091,0.131357671921186,0.0,1.0,1218,1187,31,2926,32,64,117,465
gemma-4-12b-it,repope_to_pope,repope,pope,final-hidden linear probe,tierA,same_constraint_linear_or_cached,oracle_target_calibration,True,C=0.1,passed,,0.5,20260507,0.36062816208810483,0.2477959222424122,0.47307345736216816,0.7874147348968666,0.696145823714101,0.8751483830691495,0.1357911616009956,0.0,1.0,1218,1187,31,2926,32,64,117,465
gemma-4-12b-it,repope_to_pope,repope,pope,output-confidence,tierA,same_constraint_linear_or_cached,oracle_target_calibration,True,negative_top2_margin,passed,,0.5,20260507,0.04284342138326801,0.017716985104113882,0.09066376368400007,0.5559828246867952,0.4772023759923506,0.6329527760905528,0.028514567813722268,0.0,0.7700084245998315,1218,1187,31,2926,32,64,117,465
gemma-4-12b-it,repope_to_pope,repope,pope,HALP-lite,tierA,same_constraint_linear_or_cached,oracle_target_calibration,True,C=1.0,passed,,0.5,20260507,0.2924817392921091,0.17543651439998,0.39736741671378073,0.6937250319319509,0.5986673377517165,0.7802803131387689,0.07286857204146388,0.0,1.0,1218,1187,31,2926,32,64,117,465
gemma-4-12b-it,repope_to_dashb,repope,dash-b,MIND-main,tierA,50pct_hard_negatives,source_calibration,False,rho=0.00785452629462825,passed,,0.5,20260507,0.6134259259259259,0.5960648148148148,0.6342592592592593,0.5,0.5,0.5,0.22685185185185186,0.0,1.0,432,334,98,2926,32,64,11,0
gemma-4-12b-it,repope_to_dashb,repope,dash-b,MIND-param,tierA,50pct_hard_negatives,source_calibration,False,single_vmf,passed,,0.5,20260507,0.4548790205783192,0.36699352460652,0.5666974689662923,0.7687889527068312,0.7192634186232305,0.8149213902887371,0.4628696369191754,0.061224489795918366,0.6227544910179641,432,334,98,2926,32,64,11,0
gemma-4-12b-it,repope_to_dashb,repope,dash-b,logistic(z),tierA,50pct_hard_negatives,source_calibration,False,C=1.0,passed,,0.5,20260507,0.2727695443256668,0.11342592592592593,0.4405229608708562,0.5049340095319566,0.48830150597733274,0.5252401383113621,0.2385662995356873,0.02040816326530612,1.0,432,334,98,2926,32,64,11,0
gemma-4-12b-it,repope_to_dashb,repope,dash-b,final-hidden linear probe,tierA,same_constraint_linear_or_cached,source_calibration,False,C=1.0,passed,,0.5,20260507,0.6134259259259259,0.5960648148148148,0.6342592592592593,0.5,0.5,0.5,0.22685185185185186,0.0,1.0,432,334,98,2926,32,64,11,0
gemma-4-12b-it,repope_to_dashb,repope,dash-b,output-confidence,tierA,same_constraint_linear_or_cached,source_calibration,False,negative_top2_margin,passed,,0.5,20260507,0.18309695577632967,0.14685502145706497,0.22885162308624057,0.37924660882316996,0.3133221801599333,0.44616305575649806,0.1816172215058488,0.0,0.9940119760479041,432,334,98,2926,32,64,11,0
gemma-4-12b-it,repope_to_dashb,repope,dash-b,HALP-lite,tierA,same_constraint_linear_or_cached,source_calibration,False,C=1.0,passed,,0.5,20260507,0.33888409085996996,0.26133520695692686,0.4223817242144358,0.5350879872907247,0.48720741196273987,0.5862438680451965,0.238606321299523,0.0,1.0,432,334,98,2926,32,64,11,0
gemma-4-12b-it,repope_to_dashb,repope,dash-b,MIND-main,tierA,50pct_hard_negatives,oracle_target_calibration,True,rho=0.04576629379485889,passed,,0.5,20260507,0.2548128865944647,0.20244172872394509,0.3118517943810188,0.30532811927166076,0.24466073019040557,0.3722122899062321,0.16424595317610505,0.0,1.0,432,334,98,2926,32,64,11,0
gemma-4-12b-it,repope_to_dashb,repope,dash-b,MIND-param,tierA,50pct_hard_negatives,oracle_target_calibration,True,single_vmf,passed,,0.5,20260507,0.4548790205783192,0.36699352460652,0.5666974689662923,0.7687889527068312,0.7192634186232305,0.8149213902887371,0.4628696369191754,0.061224489795918366,0.6227544910179641,432,334,98,2926,32,64,11,0
gemma-4-12b-it,repope_to_dashb,repope,dash-b,logistic(z),tierA,50pct_hard_negatives,oracle_target_calibration,True,C=10.0,passed,,0.5,20260507,0.6134259259259259,0.5960648148148148,0.6342592592592593,0.5,0.5,0.5,0.22685185185185186,0.0,1.0,432,334,98,2926,32,64,11,0
gemma-4-12b-it,repope_to_dashb,repope,dash-b,final-hidden linear probe,tierA,same_constraint_linear_or_cached,oracle_target_calibration,True,C=0.1,passed,,0.5,20260507,0.6134259259259259,0.5960648148148148,0.6342592592592593,0.5,0.5,0.5,0.22685185185185186,0.0,1.0,432,334,98,2926,32,64,11,0
gemma-4-12b-it,repope_to_dashb,repope,dash-b,output-confidence,tierA,same_constraint_linear_or_cached,oracle_target_calibration,True,negative_top2_margin,passed,,0.5,20260507,0.18309695577632967,0.14685502145706497,0.22885162308624057,0.37924660882316996,0.3133221801599333,0.44616305575649806,0.1816172215058488,0.0,0.9940119760479041,432,334,98,2926,32,64,11,0
gemma-4-12b-it,repope_to_dashb,repope,dash-b,HALP-lite,tierA,same_constraint_linear_or_cached,oracle_target_calibration,True,C=10.0,passed,,0.5,20260507,0.38240358879091185,0.290891985177625,0.46842081734684643,0.5590553586704143,0.5142105196715032,0.60338460912423,0.258446926369902,0.0,1.0,432,334,98,2926,32,64,11,0
gemma-4-12b-it,repope_to_repope,repope,repope,MIND-main,tierA,50pct_hard_negatives,source_calibration,False,rho=0.003669485013849859,passed,,0.5,20260508,0.5405405405405406,0.526143506182961,0.5568609571053399,0.8825561312607946,0.8709258929863044,0.8941233634376994,0.08108108108108109,0.0,0.23488773747841105,1182,1158,24,2926,32,64,44,414
gemma-4-12b-it,repope_to_repope,repope,repope,MIND-param,tierA,50pct_hard_negatives,source_calibration,False,single_vmf,passed,,0.5,20260508,0.20641255637537134,0.12298460695952362,0.32849767472228186,0.9573258491652273,0.942137240582922,0.9712576652962913,0.2241588135084992,0.0,0.0846286701208981,1182,1158,24,2926,32,64,44,414
gemma-4-12b-it,repope_to_repope,repope,repope,logistic(z),tierA,50pct_hard_negatives,source_calibration,False,C=0.1,passed,,0.5,20260508,0.16562780223375434,0.0887490817509365,0.27789323154918616,0.9275331030512377,0.8901686739825919,0.956285753310965,0.18723120916152913,0.041666666666666664,0.13471502590673576,1182,1158,24,2926,32,64,44,414
gemma-4-12b-it,repope_to_repope,repope,repope,final-hidden linear probe,tierA,same_constraint_linear_or_cached,source_calibration,False,C=10.0,passed,,0.5,20260508,0.17875481763489376,0.047086886089518595,0.3197692533843266,0.590097869890616,0.5099826868422495,0.6777244575694188,0.04500963526978756,0.0,1.0,1182,1158,24,2926,32,64,44,414
gemma-4-12b-it,repope_to_repope,repope,repope,output-confidence,tierA,same_constraint_linear_or_cached,source_calibration,False,negative_top2_margin,passed,,0.5,20260508,0.0211420716950463,0.013126302811102946,0.032986096303569884,0.5647488485895221,0.47967994734884783,0.6544712264806583,0.023553509628414786,0.0,0.7512953367875648,1182,1158,24,2926,32,64,44,414
gemma-4-12b-it,repope_to_repope,repope,repope,HALP-lite,tierA,same_constraint_linear_or_cached,source_calibration,False,C=10.0,passed,,0.5,20260508,0.329294165563547,0.20589339706975252,0.4486225834178713,0.7242731721358664,0.6197138320993605,0.827076278388233,0.06847993004308323,0.0,1.0,1182,1158,24,2926,32,64,44,414
gemma-4-12b-it,repope_to_repope,repope,repope,MIND-main,tierA,50pct_hard_negatives,oracle_target_calibration,True,rho=0.003669485013849859,passed,,0.5,20260508,0.5405405405405406,0.526143506182961,0.5568609571053399,0.8825561312607946,0.8709258929863044,0.8941233634376994,0.08108108108108109,0.0,0.23488773747841105,1182,1158,24,2926,32,64,44,414
gemma-4-12b-it,repope_to_repope,repope,repope,MIND-param,tierA,50pct_hard_negatives,oracle_target_calibration,True,single_vmf,passed,,0.5,20260508,0.20641255637537134,0.12298460695952362,0.32849767472228186,0.9573258491652273,0.942137240582922,0.9712576652962913,0.2241588135084992,0.0,0.0846286701208981,1182,1158,24,2926,32,64,44,414
gemma-4-12b-it,repope_to_repope,repope,repope,logistic(z),tierA,50pct_hard_negatives,oracle_target_calibration,True,C=0.1,passed,,0.5,20260508,0.16562780223375434,0.0887490817509365,0.27789323154918616,0.9275331030512377,0.8901686739825919,0.956285753310965,0.18723120916152913,0.041666666666666664,0.13471502590673576,1182,1158,24,2926,32,64,44,414
gemma-4-12b-it,repope_to_repope,repope,repope,final-hidden linear probe,tierA,same_constraint_linear_or_cached,oracle_target_calibration,True,C=10.0,passed,,0.5,20260508,0.17875481763489376,0.047086886089518595,0.3197692533843266,0.590097869890616,0.5099826868422495,0.6777244575694188,0.04500963526978756,0.0,1.0,1182,1158,24,2926,32,64,44,414
gemma-4-12b-it,repope_to_repope,repope,repope,output-confidence,tierA,same_constraint_linear_or_cached,oracle_target_calibration,True,negative_top2_margin,passed,,0.5,20260508,0.0211420716950463,0.013126302811102946,0.032986096303569884,0.5647488485895221,0.47967994734884783,0.6544712264806583,0.023553509628414786,0.0,0.7512953367875648,1182,1158,24,2926,32,64,44,414
gemma-4-12b-it,repope_to_repope,repope,repope,HALP-lite,tierA,same_constraint_linear_or_cached,oracle_target_calibration,True,C=10.0,passed,,0.5,20260508,0.329294165563547,0.20589339706975252,0.4486225834178713,0.7242731721358664,0.6197138320993605,0.827076278388233,0.06847993004308323,0.0,1.0,1182,1158,24,2926,32,64,44,414
gemma-4-12b-it,repope_to_pope,repope,pope,MIND-main,tierA,50pct_hard_negatives,source_calibration,False,rho=0.003669485013849859,passed,,0.5,20260508,0.46259192882411665,0.39054907667890404,0.5230427909436953,0.8368617006821208,0.8077461842948684,0.864307043556681,0.07456069049280811,0.0,0.36394271272114576,1218,1187,31,2926,32,64,117,465
gemma-4-12b-it,repope_to_pope,repope,pope,MIND-param,tierA,50pct_hard_negatives,source_calibration,False,single_vmf,passed,,0.5,20260508,0.23564455025834435,0.13659091094939935,0.358847853210813,0.8794466940239694,0.7881814225738256,0.9583604908434455,0.2495219615744997,0.0,0.8559393428812131,1218,1187,31,2926,32,64,117,465
gemma-4-12b-it,repope_to_pope,repope,pope,logistic(z),tierA,50pct_hard_negatives,source_calibration,False,C=0.1,passed,,0.5,20260508,0.17379891283857124,0.10413473560396251,0.26229796205909484,0.9006712503736718,0.855064287296224,0.9410629778520699,0.18732749758566838,0.0,0.38247683235046337,1218,1187,31,2926,32,64,117,465
gemma-4-12b-it,repope_to_pope,repope,pope,final-hidden linear probe,tierA,same_constraint_linear_or_cached,source_calibration,False,C=10.0,passed,,0.5,20260508,0.19487035578200704,0.08671603745411524,0.31007841120839297,0.595401799059706,0.5283088812906213,0.6723204588060887,0.053335181610096996,0.0,1.0,1218,1187,31,2926,32,64,117,465
gemma-4-12b-it,repope_to_pope,repope,pope,output-confidence,tierA,same_constraint_linear_or_cached,source_calibration,False,negative_top2_margin,passed,,0.5,20260508,0.04284342138326801,0.017307640986521634,0.08696578250835213,0.5559828246867952,0.4758835586881473,0.640445605991998,0.028514567813722268,0.0,0.7700084245998315,1218,1187,31,2926,32,64,117,465
gemma-4-12b-it,repope_to_pope,repope,pope,HALP-lite,tierA,same_constraint_linear_or_cached,source_calibration,False,C=10.0,passed,,0.5,20260508,0.29882647060253203,0.18647017244377323,0.4000569733047121,0.6854634888713753,0.5910380897543273,0.7743222785691183,0.06251087754345343,0.0,1.0,1218,1187,31,2926,32,64,117,465
gemma-4-12b-it,repope_to_pope,repope,pope,MIND-main,tierA,50pct_hard_negatives,oracle_target_calibration,True,rho=0.003927893044976961,passed,,0.5,20260508,0.4554507583966176,0.3767254925281896,0.5229128462018359,0.8627061988749083,0.8345604977766584,0.8881092998815889,0.08782203558272647,0.0,0.3100252737994945,1218,1187,31,2926,32,64,117,465
gemma-4-12b-it,repope_to_pope,repope,pope,MIND-param,tierA,50pct_hard_negatives,oracle_target_calibration,True,single_vmf,passed,,0.5,20260508,0.23564455025834435,0.13659091094939935,0.358847853210813,0.8794466940239694,0.7881814225738256,0.9583604908434455,0.2495219615744997,0.0,0.8559393428812131,1218,1187,31,2926,32,64,117,465
gemma-4-12b-it,repope_to_pope,repope,pope,logistic(z),tierA,50pct_hard_negatives,oracle_target_calibration,True,C=10.0,passed,,0.5,20260508,0.3281342792957005,0.17998691077459156,0.46724382464857994,0.6669837214990353,0.5823073365522943,0.7492532146151865,0.12143527043742972,0.0,1.0,1218,1187,31,2926,32,64,117,465
gemma-4-12b-it,repope_to_pope,repope,pope,final-hidden linear probe,tierA,same_constraint_linear_or_cached,oracle_target_calibration,True,C=10.0,passed,,0.5,20260508,0.19487035578200704,0.08671603745411524,0.31007841120839297,0.595401799059706,0.5283088812906213,0.6723204588060887,0.053335181610096996,0.0,1.0,1218,1187,31,2926,32,64,117,465
gemma-4-12b-it,repope_to_pope,repope,pope,output-confidence,tierA,same_constraint_linear_or_cached,oracle_target_calibration,True,negative_top2_margin,passed,,0.5,20260508,0.04284342138326801,0.017307640986521634,0.08696578250835213,0.5559828246867952,0.4758835586881473,0.640445605991998,0.028514567813722268,0.0,0.7700084245998315,1218,1187,31,2926,32,64,117,465
gemma-4-12b-it,repope_to_pope,repope,pope,HALP-lite,tierA,same_constraint_linear_or_cached,oracle_target_calibration,True,C=10.0,passed,,0.5,20260508,0.29882647060253203,0.18647017244377323,0.4000569733047121,0.6854634888713753,0.5910380897543273,0.7743222785691183,0.06251087754345343,0.0,1.0,1218,1187,31,2926,32,64,117,465
gemma-4-12b-it,repope_to_dashb,repope,dash-b,MIND-main,tierA,50pct_hard_negatives,source_calibration,False,rho=0.003669485013849859,passed,,0.5,20260508,0.6134259259259259,0.5925925925925926,0.6354166666666666,0.5,0.5,0.5,0.22685185185185186,0.0,1.0,432,334,98,2926,32,64,11,0
gemma-4-12b-it,repope_to_dashb,repope,dash-b,MIND-param,tierA,50pct_hard_negatives,source_calibration,False,single_vmf,passed,,0.5,20260508,0.2017095037231836,0.15480584998871852,0.2586801339722196,0.40898814615666623,0.34239776226262214,0.47850578799794247,0.20612237386095134,0.0,0.9491017964071856,432,334,98,2926,32,64,11,0
gemma-4-12b-it,repope_to_dashb,repope,dash-b,logistic(z),tierA,50pct_hard_negatives,source_calibration,False,C=0.1,passed,,0.5,20260508,0.2711607495388858,0.19741659295636851,0.35277223429871624,0.4974642551631431,0.43538032621253153,0.5658289851268637,0.2751395474750064,0.04081632653061224,0.9580838323353293,432,334,98,2926,32,64,11,0
gemma-4-12b-it,repope_to_dashb,repope,dash-b,final-hidden linear probe,tierA,same_constraint_linear_or_cached,source_calibration,False,C=10.0,passed,,0.5,20260508,0.6134259259259259,0.5925925925925926,0.6354166666666666,0.5,0.5,0.5,0.22685185185185186,0.0,1.0,432,334,98,2926,32,64,11,0
gemma-4-12b-it,repope_to_dashb,repope,dash-b,output-confidence,tierA,same_constraint_linear_or_cached,source_calibration,False,negative_top2_margin,passed,,0.5,20260508,0.18309695577632967,0.1431810234062171,0.23230821007031532,0.37924660882316996,0.31001057339778837,0.4505045138505312,0.1816172215058488,0.0,0.9940119760479041,432,334,98,2926,32,64,11,0
gemma-4-12b-it,repope_to_dashb,repope,dash-b,HALP-lite,tierA,same_constraint_linear_or_cached,source_calibration,False,C=10.0,passed,,0.5,20260508,0.41206622699246925,0.3489451535215111,0.47484426842994654,0.4994959061468899,0.43920832218296824,0.5541277519722282,0.22694838805087253,0.0,1.0,432,334,98,2926,32,64,11,0
gemma-4-12b-it,repope_to_dashb,repope,dash-b,MIND-main,tierA,50pct_hard_negatives,oracle_target_calibration,True,rho=0.01389972583469476,passed,,0.5,20260508,0.3672081108445274,0.3061182970206228,0.42637709636824844,0.38468471220823663,0.3230488575879038,0.44469091984063236,0.18733768884121244,0.0,0.9910179640718563,432,334,98,2926,32,64,11,0
gemma-4-12b-it,repope_to_dashb,repope,dash-b,MIND-param,tierA,50pct_hard_negatives,oracle_target_calibration,True,single_vmf,passed,,0.5,20260508,0.2017095037231836,0.15480584998871852,0.2586801339722196,0.40898814615666623,0.34239776226262214,0.47850578799794247,0.20612237386095134,0.0,0.9491017964071856,432,334,98,2926,32,64,11,0
gemma-4-12b-it,repope_to_dashb,repope,dash-b,logistic(z),tierA,50pct_hard_negatives,oracle_target_calibration,True,C=10.0,passed,,0.5,20260508,0.6061241915005564,0.5800294940696539,0.632319893930715,0.5241201270927531,0.5021541051316598,0.5451905599902298,0.2356635335664921,0.0,0.9221556886227545,432,334,98,2926,32,64,11,0
gemma-4-12b-it,repope_to_dashb,repope,dash-b,final-hidden linear probe,tierA,same_constraint_linear_or_cached,oracle_target_calibration,True,C=0.1,passed,,0.5,20260508,0.6134259259259259,0.5925925925925926,0.6354166666666666,0.5,0.5,0.5,0.22685185185185186,0.0,1.0,432,334,98,2926,32,64,11,0
gemma-4-12b-it,repope_to_dashb,repope,dash-b,output-confidence,tierA,same_constraint_linear_or_cached,oracle_target_calibration,True,negative_top2_margin,passed,,0.5,20260508,0.18309695577632967,0.1431810234062171,0.23230821007031532,0.37924660882316996,0.31001057339778837,0.4505045138505312,0.1816172215058488,0.0,0.9940119760479041,432,334,98,2926,32,64,11,0
gemma-4-12b-it,repope_to_dashb,repope,dash-b,HALP-lite,tierA,same_constraint_linear_or_cached,oracle_target_calibration,True,C=0.1,passed,,0.5,20260508,0.6134259259259259,0.5925925925925926,0.6354166666666666,0.5,0.5,0.5,0.22685185185185186,0.0,1.0,432,334,98,2926,32,64,11,0
qwen3.5-4b,pope_to_dashb,pope,dash-b,MIND-main,tierA,50pct_hard_negatives,source_calibration,False,rho=0.007054051661153925,passed,,0.5,20260506,0.653518938626425,0.6289611877979817,0.6794534644298803,0.5044343240651966,0.48872919567813894,0.5192852400002195,0.3215897864089358,0.0,0.9697986577181208,438,298,140,4010,48,97,5,0
qwen3.5-4b,pope_to_dashb,pope,dash-b,MIND-param,tierA,50pct_hard_negatives,source_calibration,False,single_vmf,passed,,0.5,20260506,0.6710965492901472,0.5876481674712456,0.7557618217361897,0.8401486097794824,0.7994407627029652,0.8760114461939422,0.6731738789830608,0.11428571428571428,0.5234899328859061,438,298,140,4010,48,97,5,0
qwen3.5-4b,pope_to_dashb,pope,dash-b,logistic(z),tierA,50pct_hard_negatives,source_calibration,False,C=0.1,passed,,0.5,20260506,0.6981162323928098,0.6274039073850286,0.7615813843213343,0.8246524448705657,0.7832883868811871,0.8614415107046315,0.6109865960673995,0.0,0.4798657718120805,438,298,140,4010,48,97,5,0
qwen3.5-4b,pope_to_dashb,pope,dash-b,final-hidden linear probe,tierA,same_constraint_linear_or_cached,source_calibration,False,C=0.1,passed,,0.5,20260506,0.7148766371592741,0.6494305335955205,0.7758928360326649,0.8170661553211889,0.7737180202538134,0.8600949918892637,0.6202720561679386,0.0,1.0,438,298,140,4010,48,97,5,0
qwen3.5-4b,pope_to_dashb,pope,dash-b,output-confidence,tierA,same_constraint_linear_or_cached,source_calibration,False,negative_top2_margin,passed,,0.5,20260506,0.3705959972809472,0.30790043149248364,0.4436299061881931,0.5869846596356664,0.5282508886769439,0.6450048290506867,0.37147727684032594,0.0,0.9395973154362416,438,298,140,4010,48,97,5,0
qwen3.5-4b,pope_to_dashb,pope,dash-b,HALP-lite,tierA,same_constraint_linear_or_cached,source_calibration,False,C=10.0,passed,,0.5,20260506,0.7074295346614297,0.6770519920015899,0.7354798926148122,0.6838806327900288,0.6507331720248589,0.7160539745061426,0.4271135336085738,0.0,0.610738255033557,438,298,140,4010,48,97,5,0
qwen3.5-4b,pope_to_dashb,pope,dash-b,MIND-main,tierA,50pct_hard_negatives,oracle_target_calibration,True,rho=0.01640272359253587,passed,,0.5,20260506,0.3989206221781171,0.3348175327090273,0.4644519620351934,0.5019894534995206,0.4466162848243798,0.5613474568199148,0.3226729481534007,0.0,0.9463087248322147,438,298,140,4010,48,97,5,0
qwen3.5-4b,pope_to_dashb,pope,dash-b,MIND-param,tierA,50pct_hard_negatives,oracle_target_calibration,True,single_vmf,passed,,0.5,20260506,0.6710965492901472,0.5876481674712456,0.7557618217361897,0.8401486097794824,0.7994407627029652,0.8760114461939422,0.6731738789830608,0.11428571428571428,0.5234899328859061,438,298,140,4010,48,97,5,0
qwen3.5-4b,pope_to_dashb,pope,dash-b,logistic(z),tierA,50pct_hard_negatives,oracle_target_calibration,True,C=0.1,passed,,0.5,20260506,0.6981162323928098,0.6274039073850286,0.7615813843213343,0.8246524448705657,0.7832883868811871,0.8614415107046315,0.6109865960673995,0.0,0.4798657718120805,438,298,140,4010,48,97,5,0
qwen3.5-4b,pope_to_dashb,pope,dash-b,final-hidden linear probe,tierA,same_constraint_linear_or_cached,oracle_target_calibration,True,C=0.1,passed,,0.5,20260506,0.7148766371592741,0.6494305335955205,0.7758928360326649,0.8170661553211889,0.7737180202538134,0.8600949918892637,0.6202720561679386,0.0,1.0,438,298,140,4010,48,97,5,0
qwen3.5-4b,pope_to_dashb,pope,dash-b,output-confidence,tierA,same_constraint_linear_or_cached,oracle_target_calibration,True,negative_top2_margin,passed,,0.5,20260506,0.3705959972809472,0.30790043149248364,0.4436299061881931,0.5869846596356664,0.5282508886769439,0.6450048290506867,0.37147727684032594,0.0,0.9395973154362416,438,298,140,4010,48,97,5,0
qwen3.5-4b,pope_to_dashb,pope,dash-b,HALP-lite,tierA,same_constraint_linear_or_cached,oracle_target_calibration,True,C=10.0,passed,,0.5,20260506,0.7074295346614297,0.6770519920015899,0.7354798926148122,0.6838806327900288,0.6507331720248589,0.7160539745061426,0.4271135336085738,0.0,0.610738255033557,438,298,140,4010,48,97,5,0
qwen3.5-4b,pope_to_dashb,pope,dash-b,MIND-main,tierA,50pct_hard_negatives,source_calibration,False,rho=0.010161341487671111,passed,,0.5,20260507,0.6538719354402581,0.6186196553909515,0.6901138653598943,0.5857262703739214,0.5514436582280161,0.6212280393772028,0.363956929733762,0.0,0.9261744966442953,438,298,140,4010,48,97,5,0
qwen3.5-4b,pope_to_dashb,pope,dash-b,MIND-param,tierA,50pct_hard_negatives,source_calibration,False,single_vmf,passed,,0.5,20260507,0.6358516507636743,0.548543143694695,0.7276010343365857,0.8318791946308726,0.7939577192295347,0.8672171560462784,0.6414609978104971,0.03571428571428571,0.5805369127516778,438,298,140,4010,48,97,5,0
qwen3.5-4b,pope_to_dashb,pope,dash-b,logistic(z),tierA,50pct_hard_negatives,source_calibration,False,C=10.0,passed,,0.5,20260507,0.5202783853267334,0.3870167417782031,0.6402681116021645,0.5327181208053691,0.5086071590260771,0.5591754603331398,0.3478396838187329,0.0,1.0,438,298,140,4010,48,97,5,0
qwen3.5-4b,pope_to_dashb,pope,dash-b,final-hidden linear probe,tierA,same_constraint_linear_or_cached,source_calibration,False,C=1.0,passed,,0.5,20260507,0.6399359843326846,0.5578111393787567,0.716321057575852,0.6464645254074785,0.6065232944834558,0.6851875311164929,0.46811159797825364,0.0,1.0,438,298,140,4010,48,97,5,0
qwen3.5-4b,pope_to_dashb,pope,dash-b,output-confidence,tierA,same_constraint_linear_or_cached,source_calibration,False,negative_top2_margin,passed,,0.5,20260507,0.3705959972809472,0.30742226090201896,0.44448606563057597,0.5869846596356664,0.5347301790413648,0.6404508114411284,0.37147727684032594,0.0,0.9395973154362416,438,298,140,4010,48,97,5,0
qwen3.5-4b,pope_to_dashb,pope,dash-b,HALP-lite,tierA,same_constraint_linear_or_cached,source_calibration,False,C=0.1,passed,,0.5,20260507,0.6895808362389071,0.6330877350327163,0.7428003821353527,0.7561840843720038,0.7112065228252182,0.7990042944698571,0.5284186676083883,0.0,1.0,438,298,140,4010,48,97,5,0
qwen3.5-4b,pope_to_dashb,pope,dash-b,MIND-main,tierA,50pct_hard_negatives,oracle_target_calibration,True,rho=0.013968072058994413,passed,,0.5,20260507,0.6123795883942227,0.5563189643101473,0.6701603464436756,0.674460690316395,0.6279215823506687,0.7219189585625229,0.44581219699455527,0.0,0.8322147651006712,438,298,140,4010,48,97,5,0
qwen3.5-4b,pope_to_dashb,pope,dash-b,MIND-param,tierA,50pct_hard_negatives,oracle_target_calibration,True,single_vmf,passed,,0.5,20260507,0.6358516507636743,0.548543143694695,0.7276010343365857,0.8318791946308726,0.7939577192295347,0.8672171560462784,0.6414609978104971,0.03571428571428571,0.5805369127516778,438,298,140,4010,48,97,5,0
qwen3.5-4b,pope_to_dashb,pope,dash-b,logistic(z),tierA,50pct_hard_negatives,oracle_target_calibration,True,C=1.0,passed,,0.5,20260507,0.5662326631565868,0.37885599824483424,0.6881566149350873,0.5217042186001918,0.5042380962037638,0.5406015745144267,0.34578732177802624,0.05,1.0,438,298,140,4010,48,97,5,0
qwen3.5-4b,pope_to_dashb,pope,dash-b,final-hidden linear probe,tierA,same_constraint_linear_or_cached,oracle_target_calibration,True,C=0.1,passed,,0.5,20260507,0.6343998456874669,0.5451687997423974,0.7135503068136418,0.764549376797699,0.7194472154063157,0.8104250902369768,0.6009239734133269,0.07857142857142857,1.0,438,298,140,4010,48,97,5,0
qwen3.5-4b,pope_to_dashb,pope,dash-b,output-confidence,tierA,same_constraint_linear_or_cached,oracle_target_calibration,True,negative_top2_margin,passed,,0.5,20260507,0.3705959972809472,0.30742226090201896,0.44448606563057597,0.5869846596356664,0.5347301790413648,0.6404508114411284,0.37147727684032594,0.0,0.9395973154362416,438,298,140,4010,48,97,5,0
qwen3.5-4b,pope_to_dashb,pope,dash-b,HALP-lite,tierA,same_constraint_linear_or_cached,oracle_target_calibration,True,C=10.0,passed,,0.5,20260507,0.6650850215193288,0.6404160840110249,0.692178561201118,0.5431687440076702,0.5229770363492265,0.5630379286871505,0.3396119524805671,0.0,0.8993288590604027,438,298,140,4010,48,97,5,0
qwen3.5-4b,pope_to_dashb,pope,dash-b,MIND-main,tierA,50pct_hard_negatives,source_calibration,False,rho=0.005944897096114899,passed,,0.5,20260508,0.6605504587155964,0.6374105543253655,0.6815068493150684,0.5033557046979866,0.5,0.5083612040133779,0.3211009174311927,0.0,0.9932885906040269,438,298,140,4010,48,97,5,0
qwen3.5-4b,pope_to_dashb,pope,dash-b,MIND-param,tierA,50pct_hard_negatives,source_calibration,False,single_vmf,passed,,0.5,20260508,0.7290043553549855,0.646587133061335,0.8152317783366355,0.8730824544582935,0.8403730366697576,0.9074693348161578,0.7313074217890622,0.03571428571428571,0.4798657718120805,438,298,140,4010,48,97,5,0
qwen3.5-4b,pope_to_dashb,pope,dash-b,logistic(z),tierA,50pct_hard_negatives,source_calibration,False,C=1.0,passed,,0.5,20260508,0.7288821759848376,0.6621201281908576,0.7927619075606775,0.7558485139022051,0.7103267333637655,0.8055628157070062,0.5840517801644711,0.0,1.0,438,298,140,4010,48,97,5,0
qwen3.5-4b,pope_to_dashb,pope,dash-b,final-hidden linear probe,tierA,same_constraint_linear_or_cached,source_calibration,False,C=0.1,passed,,0.5,20260508,0.7830481543849074,0.7251844116877237,0.8360052033906407,0.8710690316395014,0.8354571604169632,0.9042851228401934,0.7039939331877959,0.0,0.38926174496644295,438,298,140,4010,48,97,5,0
qwen3.5-4b,pope_to_dashb,pope,dash-b,output-confidence,tierA,same_constraint_linear_or_cached,source_calibration,False,negative_top2_margin,passed,,0.5,20260508,0.3705959972809472,0.3076148098330918,0.44059456828024235,0.5869846596356664,0.5316991862321113,0.6422214319930354,0.37147727684032594,0.0,0.9395973154362416,438,298,140,4010,48,97,5,0
qwen3.5-4b,pope_to_dashb,pope,dash-b,HALP-lite,tierA,same_constraint_linear_or_cached,source_calibration,False,C=0.1,passed,,0.5,20260508,0.7021287539182987,0.6719501395002418,0.7294892107165556,0.6764621284755513,0.646222991584315,0.7064567791127485,0.42158557947928965,0.0,0.6241610738255033,438,298,140,4010,48,97,5,0
qwen3.5-4b,pope_to_dashb,pope,dash-b,MIND-main,tierA,50pct_hard_negatives,oracle_target_calibration,True,rho=0.016497935007097606,passed,,0.5,20260508,0.5342703922593935,0.46786294897631503,0.5964065986844556,0.6328259827420901,0.579145328337779,0.684939191318659,0.4151123744828494,0.0,0.8221476510067114,438,298,140,4010,48,97,5,0
qwen3.5-4b,pope_to_dashb,pope,dash-b,MIND-param,tierA,50pct_hard_negatives,oracle_target_calibration,True,single_vmf,passed,,0.5,20260508,0.7290043553549855,0.646587133061335,0.8152317783366355,0.8730824544582935,0.8403730366697576,0.9074693348161578,0.7313074217890622,0.03571428571428571,0.4798657718120805,438,298,140,4010,48,97,5,0
qwen3.5-4b,pope_to_dashb,pope,dash-b,logistic(z),tierA,50pct_hard_negatives,oracle_target_calibration,True,C=0.1,passed,,0.5,20260508,0.7628537378103246,0.6958040254525405,0.827709778355585,0.864801054650048,0.830503096029596,0.9003239067973386,0.718957069930659,0.0,0.4463087248322148,438,298,140,4010,48,97,5,0
qwen3.5-4b,pope_to_dashb,pope,dash-b,final-hidden linear probe,tierA,same_constraint_linear_or_cached,oracle_target_calibration,True,C=0.1,passed,,0.5,20260508,0.7830481543849074,0.7251844116877237,0.8360052033906407,0.8710690316395014,0.8354571604169632,0.9042851228401934,0.7039939331877959,0.0,0.38926174496644295,438,298,140,4010,48,97,5,0
qwen3.5-4b,pope_to_dashb,pope,dash-b,output-confidence,tierA,same_constraint_linear_or_cached,oracle_target_calibration,True,negative_top2_margin,passed,,0.5,20260508,0.3705959972809472,0.3076148098330918,0.44059456828024235,0.5869846596356664,0.5316991862321113,0.6422214319930354,0.37147727684032594,0.0,0.9395973154362416,438,298,140,4010,48,97,5,0
qwen3.5-4b,pope_to_dashb,pope,dash-b,HALP-lite,tierA,same_constraint_linear_or_cached,oracle_target_calibration,True,C=0.1,passed,,0.5,20260508,0.7021287539182987,0.6719501395002418,0.7294892107165556,0.6764621284755513,0.646222991584315,0.7064567791127485,0.42158557947928965,0.0,0.6241610738255033,438,298,140,4010,48,97,5,0
qwen3.5-4b,repope_to_repope,repope,repope,MIND-main,tierA,50pct_hard_negatives,source_calibration,False,rho=0.00637488285998241,passed,,0.5,20260506,0.4401172748432749,0.3575713420419021,0.5020005510432601,0.769251223144012,0.7226670183100271,0.8078725944115355,0.04078276309819934,0.0,0.5283982131461391,1597,1567,30,3852,42,84,43,0
qwen3.5-4b,repope_to_repope,repope,repope,MIND-param,tierA,50pct_hard_negatives,source_calibration,False,single_vmf,passed,,0.5,20260506,0.337934302781252,0.18553162741803317,0.5076818019870522,0.9601574133163158,0.9429229665072522,0.9762918599183888,0.3532567300058303,0.3,0.1595405232929164,1597,1567,30,3852,42,84,43,0
qwen3.5-4b,repope_to_repope,repope,repope,logistic(z),tierA,50pct_hard_negatives,source_calibration,False,C=10.0,passed,,0.5,20260506,0.3514998360020276,0.19178191290687588,0.5002809473530402,0.6609232078281216,0.5766824803683239,0.7485538079433834,0.1315711005754838,0.0,1.0,1597,1567,30,3852,42,84,43,0
qwen3.5-4b,repope_to_repope,repope,repope,final-hidden linear probe,tierA,same_constraint_linear_or_cached,source_calibration,False,C=1.0,passed,,0.5,20260506,0.5441176470588235,0.5292267441860465,0.5606508875739645,0.9010848755583918,0.8908722662857953,0.9108505629571366,0.08823529411764706,0.0,0.19783024888321635,1597,1567,30,3852,42,84,43,0
qwen3.5-4b,repope_to_repope,repope,repope,output-confidence,tierA,same_constraint_linear_or_cached,source_calibration,False,negative_top2_margin,passed,,0.5,20260506,0.05548633737074756,0.03218488632069867,0.08692261985657802,0.8216230589236333,0.7697726394760913,0.8717733862288286,0.060833012622398104,0.0,0.4971282705807275,1597,1567,30,3852,42,84,43,0
qwen3.5-4b,repope_to_repope,repope,repope,HALP-lite,tierA,same_constraint_linear_or_cached,source_calibration,False,C=1.0,passed,,0.5,20260506,0.3856212989083792,0.2475161715376699,0.5115928055027986,0.7667730270155286,0.6717196846410979,0.8520605016607321,0.14775774933190988,0.0,1.0,1597,1567,30,3852,42,84,43,0
qwen3.5-4b,repope_to_repope,repope,repope,MIND-main,tierA,50pct_hard_negatives,oracle_target_calibration,True,rho=0.00637488285998241,passed,,0.5,20260506,0.4401172748432749,0.3575713420419021,0.5020005510432601,0.769251223144012,0.7226670183100271,0.8078725944115355,0.04078276309819934,0.0,0.5283982131461391,1597,1567,30,3852,42,84,43,0
qwen3.5-4b,repope_to_repope,repope,repope,MIND-param,tierA,50pct_hard_negatives,oracle_target_calibration,True,single_vmf,passed,,0.5,20260506,0.337934302781252,0.18553162741803317,0.5076818019870522,0.9601574133163158,0.9429229665072522,0.9762918599183888,0.3532567300058303,0.3,0.1595405232929164,1597,1567,30,3852,42,84,43,0
qwen3.5-4b,repope_to_repope,repope,repope,logistic(z),tierA,50pct_hard_negatives,oracle_target_calibration,True,C=10.0,passed,,0.5,20260506,0.3514998360020276,0.19178191290687588,0.5002809473530402,0.6609232078281216,0.5766824803683239,0.7485538079433834,0.1315711005754838,0.0,1.0,1597,1567,30,3852,42,84,43,0
qwen3.5-4b,repope_to_repope,repope,repope,final-hidden linear probe,tierA,same_constraint_linear_or_cached,oracle_target_calibration,True,C=1.0,passed,,0.5,20260506,0.5441176470588235,0.5292267441860465,0.5606508875739645,0.9010848755583918,0.8908722662857953,0.9108505629571366,0.08823529411764706,0.0,0.19783024888321635,1597,1567,30,3852,42,84,43,0
qwen3.5-4b,repope_to_repope,repope,repope,output-confidence,tierA,same_constraint_linear_or_cached,oracle_target_calibration,True,negative_top2_margin,passed,,0.5,20260506,0.05548633737074756,0.03218488632069867,0.08692261985657802,0.8216230589236333,0.7697726394760913,0.8717733862288286,0.060833012622398104,0.0,0.4971282705807275,1597,1567,30,3852,42,84,43,0
qwen3.5-4b,repope_to_repope,repope,repope,HALP-lite,tierA,same_constraint_linear_or_cached,oracle_target_calibration,True,C=1.0,passed,,0.5,20260506,0.3856212989083792,0.2475161715376699,0.5115928055027986,0.7667730270155286,0.6717196846410979,0.8520605016607321,0.14775774933190988,0.0,1.0,1597,1567,30,3852,42,84,43,0
qwen3.5-4b,repope_to_pope,repope,pope,MIND-main,tierA,50pct_hard_negatives,source_calibration,False,rho=0.00637488285998241,passed,,0.5,20260506,0.4635481505329642,0.4010504393020478,0.5139846249226473,0.7604741170778907,0.7222176479243062,0.7917487765378537,0.04946612223093031,0.0,0.5553459119496855,1629,1590,39,3852,42,84,171,0
qwen3.5-4b,repope_to_pope,repope,pope,MIND-param,tierA,50pct_hard_negatives,source_calibration,False,single_vmf,passed,,0.5,20260506,0.2690073398398589,0.17284640522154932,0.39994463665877233,0.9553781648121271,0.9388463540922345,0.968975346778004,0.28492702972032224,0.2564102564102564,0.15283018867924528,1629,1590,39,3852,42,84,171,0
qwen3.5-4b,repope_to_pope,repope,pope,logistic(z),tierA,50pct_hard_negatives,source_calibration,False,C=10.0,passed,,0.5,20260506,0.38237619328334,0.25458940772641825,0.49687453147628574,0.7169327527818095,0.6364509973571053,0.7917507325226386,0.14688638160390077,0.0,1.0,1629,1590,39,3852,42,84,171,0
qwen3.5-4b,repope_to_pope,repope,pope,final-hidden linear probe,tierA,same_constraint_linear_or_cached,source_calibration,False,C=1.0,passed,,0.5,20260506,0.5480295566502463,0.5341169786096257,0.5625,0.8845911949685535,0.8744520632887857,0.8946068213580814,0.0960591133004926,0.0,0.23081761006289309,1629,1590,39,3852,42,84,171,0
qwen3.5-4b,repope_to_pope,repope,pope,output-confidence,tierA,same_constraint_linear_or_cached,source_calibration,False,negative_top2_margin,passed,,0.5,20260506,0.08983412345021792,0.06158823560650148,0.12667636842949556,0.8784228350266086,0.8508456768302831,0.9054084237193256,0.09506276025207484,0.0,0.2622641509433962,1629,1590,39,3852,42,84,171,0
qwen3.5-4b,repope_to_pope,repope,pope,HALP-lite,tierA,same_constraint_linear_or_cached,source_calibration,False,C=1.0,passed,,0.5,20260506,0.3982712950478972,0.29295332997399,0.4983904689486899,0.7796887598774391,0.7040065914957486,0.8491616703649679,0.14058779254807657,0.0,1.0,1629,1590,39,3852,42,84,171,0
qwen3.5-4b,repope_to_pope,repope,pope,MIND-main,tierA,50pct_hard_negatives,oracle_target_calibration,True,rho=0.007110458125539709,passed,,0.5,20260506,0.4406840730402959,0.36906117140981554,0.5003666013328937,0.7721093372036768,0.7329115167119697,0.8082006485479849,0.052295579303106986,0.0,0.5245283018867924,1629,1590,39,3852,42,84,171,0
qwen3.5-4b,repope_to_pope,repope,pope,MIND-param,tierA,50pct_hard_negatives,oracle_target_calibration,True,single_vmf,passed,,0.5,20260506,0.2690073398398589,0.17284640522154932,0.39994463665877233,0.9553781648121271,0.9388463540922345,0.968975346778004,0.28492702972032224,0.2564102564102564,0.15283018867924528,1629,1590,39,3852,42,84,171,0
qwen3.5-4b,repope_to_pope,repope,pope,logistic(z),tierA,50pct_hard_negatives,oracle_target_calibration,True,C=1.0,passed,,0.5,20260506,0.46531965237937534,0.3613829180002774,0.5562999459404713,0.8178277697145622,0.7399319511052721,0.8868543015215513,0.17133409384063644,0.0,1.0,1629,1590,39,3852,42,84,171,0
qwen3.5-4b,repope_to_pope,repope,pope,final-hidden linear probe,tierA,same_constraint_linear_or_cached,oracle_target_calibration,True,C=1.0,passed,,0.5,20260506,0.5480295566502463,0.5341169786096257,0.5625,0.8845911949685535,0.8744520632887857,0.8946068213580814,0.0960591133004926,0.0,0.23081761006289309,1629,1590,39,3852,42,84,171,0
qwen3.5-4b,repope_to_pope,repope,pope,output-confidence,tierA,same_constraint_linear_or_cached,oracle_target_calibration,True,negative_top2_margin,passed,,0.5,20260506,0.08983412345021792,0.06158823560650148,0.12667636842949556,0.8784228350266086,0.8508456768302831,0.9054084237193256,0.09506276025207484,0.0,0.2622641509433962,1629,1590,39,3852,42,84,171,0
qwen3.5-4b,repope_to_pope,repope,pope,HALP-lite,tierA,same_constraint_linear_or_cached,oracle_target_calibration,True,C=1.0,passed,,0.5,20260506,0.3982712950478972,0.29295332997399,0.4983904689486899,0.7796887598774391,0.7040065914957486,0.8491616703649679,0.14058779254807657,0.0,1.0,1629,1590,39,3852,42,84,171,0
qwen3.5-4b,repope_to_dashb,repope,dash-b,MIND-main,tierA,50pct_hard_negatives,source_calibration,False,rho=0.00637488285998241,passed,,0.5,20260506,0.6715686274509804,0.649143718097199,0.6941832312422827,0.5503355704697986,0.5345380558076225,0.5697001037138895,0.3431372549019608,0.0,0.8993288590604027,438,298,140,3852,42,84,5,0
qwen3.5-4b,repope_to_dashb,repope,dash-b,MIND-param,tierA,50pct_hard_negatives,source_calibration,False,single_vmf,passed,,0.5,20260506,0.5390990596031381,0.4513215078439835,0.6332938148921683,0.7381591562799615,0.687298094859978,0.7875393352856636,0.5443174513248552,0.007142857142857143,0.7785234899328859,438,298,140,3852,42,84,5,0
qwen3.5-4b,repope_to_dashb,repope,dash-b,logistic(z),tierA,50pct_hard_negatives,source_calibration,False,C=10.0,passed,,0.5,20260506,0.1598173515981735,0.13926940639269406,0.6757990867579908,0.4983221476510067,0.4936086777285376,0.5,0.319634703196347,0.0,1.0,438,298,140,3852,42,84,5,0
qwen3.5-4b,repope_to_dashb,repope,dash-b,final-hidden linear probe,tierA,same_constraint_linear_or_cached,source_calibration,False,C=1.0,passed,,0.5,20260506,0.6778677915374077,0.6351781664656074,0.7172520423369031,0.6790627996164909,0.6402501633206644,0.7183597480624455,0.4285705168652838,0.0,1.0,438,298,140,3852,42,84,5,0
qwen3.5-4b,repope_to_dashb,repope,dash-b,output-confidence,tierA,same_constraint_linear_or_cached,source_calibration,False,negative_top2_margin,passed,,0.5,20260506,0.3705959972809472,0.30790043149248364,0.4436299061881931,0.5869846596356664,0.5282508886769439,0.6450048290506867,0.37147727684032594,0.0,0.9395973154362416,438,298,140,3852,42,84,5,0
qwen3.5-4b,repope_to_dashb,repope,dash-b,HALP-lite,tierA,same_constraint_linear_or_cached,source_calibration,False,C=1.0,passed,,0.5,20260506,0.49562948467058054,0.15296803652968036,0.6811091471498012,0.5054530201342282,0.49665551839464883,0.5171262399622106,0.3234018264840182,0.014285714285714285,1.0,438,298,140,3852,42,84,5,0
qwen3.5-4b,repope_to_dashb,repope,dash-b,MIND-main,tierA,50pct_hard_negatives,oracle_target_calibration,True,rho=0.015158152706155423,passed,,0.5,20260506,0.3808752078953594,0.32225813192535324,0.4444604567070039,0.5367569511025887,0.4819673109181777,0.5912935283108828,0.33206860446655867,0.0,0.87248322147651,438,298,140,3852,42,84,5,0
qwen3.5-4b,repope_to_dashb,repope,dash-b,MIND-param,tierA,50pct_hard_negatives,oracle_target_calibration,True,single_vmf,passed,,0.5,20260506,0.5390990596031381,0.4513215078439835,0.6332938148921683,0.7381591562799615,0.687298094859978,0.7875393352856636,0.5443174513248552,0.007142857142857143,0.7785234899328859,438,298,140,3852,42,84,5,0
qwen3.5-4b,repope_to_dashb,repope,dash-b,logistic(z),tierA,50pct_hard_negatives,oracle_target_calibration,True,C=0.1,passed,,0.5,20260506,0.4655254582615812,0.3711590226214062,0.5593646463414349,0.5754913710450623,0.5294934423489243,0.621891379831149,0.40734239456036503,0.0,1.0,438,298,140,3852,42,84,5,0
qwen3.5-4b,repope_to_dashb,repope,dash-b,final-hidden linear probe,tierA,same_constraint_linear_or_cached,oracle_target_calibration,True,C=1.0,passed,,0.5,20260506,0.6778677915374077,0.6351781664656074,0.7172520423369031,0.6790627996164909,0.6402501633206644,0.7183597480624455,0.4285705168652838,0.0,1.0,438,298,140,3852,42,84,5,0
qwen3.5-4b,repope_to_dashb,repope,dash-b,output-confidence,tierA,same_constraint_linear_or_cached,oracle_target_calibration,True,negative_top2_margin,passed,,0.5,20260506,0.3705959972809472,0.30790043149248364,0.4436299061881931,0.5869846596356664,0.5282508886769439,0.6450048290506867,0.37147727684032594,0.0,0.9395973154362416,438,298,140,3852,42,84,5,0
qwen3.5-4b,repope_to_dashb,repope,dash-b,HALP-lite,tierA,same_constraint_linear_or_cached,oracle_target_calibration,True,C=0.1,passed,,0.5,20260506,0.6062038548530824,0.5139965484798044,0.6890975812030986,0.6196548418024929,0.5786133877570636,0.6605910108176224,0.4650001918005888,0.0,1.0,438,298,140,3852,42,84,5,0
qwen3.5-4b,repope_to_repope,repope,repope,MIND-main,tierA,50pct_hard_negatives,source_calibration,False,rho=0.006548727216977208,passed,,0.5,20260507,0.4357215850430173,0.35335496133360006,0.5066517042795099,0.8447989789406509,0.8083892139289427,0.8768126430478848,0.060201952287439686,0.0,0.3937460114869177,1597,1567,30,3852,42,84,43,0
qwen3.5-4b,repope_to_repope,repope,repope,MIND-param,tierA,50pct_hard_negatives,source_calibration,False,single_vmf,passed,,0.5,20260507,0.3032548728875506,0.1788421045716399,0.4541190951761238,0.9683684322484578,0.953950810836268,0.9806024504581322,0.31999311483989296,0.23333333333333334,0.11933631142310147,1597,1567,30,3852,42,84,43,0
qwen3.5-4b,repope_to_repope,repope,repope,logistic(z),tierA,50pct_hard_negatives,source_calibration,False,C=0.1,passed,,0.5,20260507,0.35769491731640657,0.21284287702632712,0.512260533341236,0.9684109763880024,0.9541856344818067,0.9805874119195237,0.3166014340569079,0.23333333333333334,0.11933631142310147,1597,1567,30,3852,42,84,43,0
qwen3.5-4b,repope_to_repope,repope,repope,final-hidden linear probe,tierA,same_constraint_linear_or_cached,source_calibration,False,C=0.1,passed,,0.5,20260507,0.387691014696942,0.24378952493320633,0.5167294672473923,0.9245905126568815,0.8623733065637318,0.9762176021643164,0.2548449568864708,0.0,1.0,1597,1567,30,3852,42,84,43,0
qwen3.5-4b,repope_to_repope,repope,repope,output-confidence,tierA,same_constraint_linear_or_cached,source_calibration,False,negative_top2_margin,passed,,0.5,20260507,0.05548633737074756,0.0328265981379919,0.0859300926991961,0.8216230589236333,0.7679802249654754,0.869707441986947,0.060833012622398104,0.0,0.4971282705807275,1597,1567,30,3852,42,84,43,0
qwen3.5-4b,repope_to_repope,repope,repope,HALP-lite,tierA,same_constraint_linear_or_cached,source_calibration,False,C=10.0,passed,,0.5,20260507,0.3032782238516585,0.17222240494465105,0.42862694667879414,0.6714422463305679,0.5863339983807542,0.7566122075025038,0.09771291028835094,0.0,1.0,1597,1567,30,3852,42,84,43,0
qwen3.5-4b,repope_to_repope,repope,repope,MIND-main,tierA,50pct_hard_negatives,oracle_target_calibration,True,rho=0.006548727216977208,passed,,0.5,20260507,0.4357215850430173,0.35335496133360006,0.5066517042795099,0.8447989789406509,0.8083892139289427,0.8768126430478848,0.060201952287439686,0.0,0.3937460114869177,1597,1567,30,3852,42,84,43,0
qwen3.5-4b,repope_to_repope,repope,repope,MIND-param,tierA,50pct_hard_negatives,oracle_target_calibration,True,single_vmf,passed,,0.5,20260507,0.3032548728875506,0.1788421045716399,0.4541190951761238,0.9683684322484578,0.953950810836268,0.9806024504581322,0.31999311483989296,0.23333333333333334,0.11933631142310147,1597,1567,30,3852,42,84,43,0
qwen3.5-4b,repope_to_repope,repope,repope,logistic(z),tierA,50pct_hard_negatives,oracle_target_calibration,True,C=0.1,passed,,0.5,20260507,0.35769491731640657,0.21284287702632712,0.512260533341236,0.9684109763880024,0.9541856344818067,0.9805874119195237,0.3166014340569079,0.23333333333333334,0.11933631142310147,1597,1567,30,3852,42,84,43,0
qwen3.5-4b,repope_to_repope,repope,repope,final-hidden linear probe,tierA,same_constraint_linear_or_cached,oracle_target_calibration,True,C=0.1,passed,,0.5,20260507,0.387691014696942,0.24378952493320633,0.5167294672473923,0.9245905126568815,0.8623733065637318,0.9762176021643164,0.2548449568864708,0.0,1.0,1597,1567,30,3852,42,84,43,0
qwen3.5-4b,repope_to_repope,repope,repope,output-confidence,tierA,same_constraint_linear_or_cached,oracle_target_calibration,True,negative_top2_margin,passed,,0.5,20260507,0.05548633737074756,0.0328265981379919,0.0859300926991961,0.8216230589236333,0.7679802249654754,0.869707441986947,0.060833012622398104,0.0,0.4971282705807275,1597,1567,30,3852,42,84,43,0
qwen3.5-4b,repope_to_repope,repope,repope,HALP-lite,tierA,same_constraint_linear_or_cached,oracle_target_calibration,True,C=10.0,passed,,0.5,20260507,0.3032782238516585,0.17222240494465105,0.42862694667879414,0.6714422463305679,0.5863339983807542,0.7566122075025038,0.09771291028835094,0.0,1.0,1597,1567,30,3852,42,84,43,0
qwen3.5-4b,repope_to_pope,repope,pope,MIND-main,tierA,50pct_hard_negatives,source_calibration,False,rho=0.006548727216977208,passed,,0.5,20260507,0.5168571317275031,0.47503481950672705,0.5489162301844813,0.8591598129333978,0.8375412251533113,0.8767990640220275,0.08117083913738843,0.0,0.4220125786163522,1629,1590,39,3852,42,84,171,0
qwen3.5-4b,repope_to_pope,repope,pope,MIND-param,tierA,50pct_hard_negatives,source_calibration,False,single_vmf,passed,,0.5,20260507,0.2523226445615029,0.16164298238113667,0.3636431440462686,0.9568456700532172,0.942630624636821,0.969317623496444,0.26259487493260103,0.07692307692307693,0.12264150943396226,1629,1590,39,3852,42,84,171,0
qwen3.5-4b,repope_to_pope,repope,pope,logistic(z),tierA,50pct_hard_negatives,source_calibration,False,C=0.1,passed,,0.5,20260507,0.3110693141072819,0.20763744342347895,0.4315218765681836,0.9570391872278665,0.9425279659733178,0.9697354488671124,0.25267493234089267,0.0,0.12452830188679245,1629,1590,39,3852,42,84,171,0
qwen3.5-4b,repope_to_pope,repope,pope,final-hidden linear probe,tierA,same_constraint_linear_or_cached,source_calibration,False,C=0.1,passed,,0.5,20260507,0.4792840535635804,0.3641478616038301,0.5912054311504015,0.9658603451056281,0.9541567496013791,0.976364730322641,0.3051349686799303,0.0,0.09371069182389936,1629,1590,39,3852,42,84,171,0
qwen3.5-4b,repope_to_pope,repope,pope,output-confidence,tierA,same_constraint_linear_or_cached,source_calibration,False,negative_top2_margin,passed,,0.5,20260507,0.08983412345021792,0.05907860846730694,0.12855578890460553,0.8784228350266086,0.8513439660836489,0.9053688531191176,0.09506276025207484,0.0,0.2622641509433962,1629,1590,39,3852,42,84,171,0
qwen3.5-4b,repope_to_pope,repope,pope,HALP-lite,tierA,same_constraint_linear_or_cached,source_calibration,False,C=10.0,passed,,0.5,20260507,0.40492314345932595,0.2832671762328429,0.5146868814256135,0.761780358006773,0.6800360034482237,0.8429150696099748,0.15338861364954687,0.0,1.0,1629,1590,39,3852,42,84,171,0
qwen3.5-4b,repope_to_pope,repope,pope,MIND-main,tierA,50pct_hard_negatives,oracle_target_calibration,True,rho=0.005682247936133919,passed,,0.5,20260507,0.5084011474595452,0.46729170154568345,0.5380573823276872,0.8216577971294952,0.7973886078848345,0.8417566579633433,0.06498396074781514,0.0,0.4968553459119497,1629,1590,39,3852,42,84,171,0
qwen3.5-4b,repope_to_pope,repope,pope,MIND-param,tierA,50pct_hard_negatives,oracle_target_calibration,True,single_vmf,passed,,0.5,20260507,0.2523226445615029,0.16164298238113667,0.3636431440462686,0.9568456700532172,0.942630624636821,0.969317623496444,0.26259487493260103,0.07692307692307693,0.12264150943396226,1629,1590,39,3852,42,84,171,0
qwen3.5-4b,repope_to_pope,repope,pope,logistic(z),tierA,50pct_hard_negatives,oracle_target_calibration,True,C=0.1,passed,,0.5,20260507,0.3110693141072819,0.20763744342347895,0.4315218765681836,0.9570391872278665,0.9425279659733178,0.9697354488671124,0.25267493234089267,0.0,0.12452830188679245,1629,1590,39,3852,42,84,171,0
qwen3.5-4b,repope_to_pope,repope,pope,final-hidden linear probe,tierA,same_constraint_linear_or_cached,oracle_target_calibration,True,C=0.1,passed,,0.5,20260507,0.4792840535635804,0.3641478616038301,0.5912054311504015,0.9658603451056281,0.9541567496013791,0.976364730322641,0.3051349686799303,0.0,0.09371069182389936,1629,1590,39,3852,42,84,171,0
qwen3.5-4b,repope_to_pope,repope,pope,output-confidence,tierA,same_constraint_linear_or_cached,oracle_target_calibration,True,negative_top2_margin,passed,,0.5,20260507,0.08983412345021792,0.05907860846730694,0.12855578890460553,0.8784228350266086,0.8513439660836489,0.9053688531191176,0.09506276025207484,0.0,0.2622641509433962,1629,1590,39,3852,42,84,171,0
qwen3.5-4b,repope_to_pope,repope,pope,HALP-lite,tierA,same_constraint_linear_or_cached,oracle_target_calibration,True,C=10.0,passed,,0.5,20260507,0.40492314345932595,0.2832671762328429,0.5146868814256135,0.761780358006773,0.6800360034482237,0.8429150696099748,0.15338861364954687,0.0,1.0,1629,1590,39,3852,42,84,171,0
qwen3.5-4b,repope_to_dashb,repope,dash-b,MIND-main,tierA,50pct_hard_negatives,source_calibration,False,rho=0.006548727216977208,passed,,0.5,20260507,0.6707360726286195,0.643777473500327,0.7000642400393723,0.5818312559923298,0.5572865770222096,0.6070246295360412,0.36010916030338047,0.0,0.8087248322147651,438,298,140,3852,42,84,5,0
qwen3.5-4b,repope_to_dashb,repope,dash-b,MIND-param,tierA,50pct_hard_negatives,source_calibration,False,single_vmf,passed,,0.5,20260507,0.5469244671777466,0.46839516824813593,0.6337060302000237,0.7547938638542664,0.7107514937489227,0.7987830360847729,0.5518891872064114,0.0,0.6845637583892618,438,298,140,3852,42,84,5,0
qwen3.5-4b,repope_to_dashb,repope,dash-b,logistic(z),tierA,50pct_hard_negatives,source_calibration,False,C=0.1,passed,,0.5,20260507,0.5515318200007069,0.47221471397936454,0.637787126521034,0.7599952061361458,0.7167815026954908,0.8038203227134012,0.5552962940756558,0.0,0.6845637583892618,438,298,140,3852,42,84,5,0
qwen3.5-4b,repope_to_dashb,repope,dash-b,final-hidden linear probe,tierA,same_constraint_linear_or_cached,source_calibration,False,C=0.1,passed,,0.5,20260507,0.6516326761409932,0.5436790249952277,0.7127333680134095,0.5446907957813999,0.521607339583554,0.5686106257684593,0.375895559376479,0.09285714285714286,1.0,438,298,140,3852,42,84,5,0
qwen3.5-4b,repope_to_dashb,repope,dash-b,output-confidence,tierA,same_constraint_linear_or_cached,source_calibration,False,negative_top2_margin,passed,,0.5,20260507,0.3705959972809472,0.30742226090201896,0.44448606563057597,0.5869846596356664,0.5347301790413648,0.6404508114411284,0.37147727684032594,0.0,0.9395973154362416,438,298,140,3852,42,84,5,0
qwen3.5-4b,repope_to_dashb,repope,dash-b,HALP-lite,tierA,same_constraint_linear_or_cached,source_calibration,False,C=10.0,passed,,0.5,20260507,0.46414159328114807,0.3236601477511353,0.6106343198617442,0.520505752636625,0.49985163283183776,0.5438546508035779,0.3376581865622962,0.0,1.0,438,298,140,3852,42,84,5,0
qwen3.5-4b,repope_to_dashb,repope,dash-b,MIND-main,tierA,50pct_hard_negatives,oracle_target_calibration,True,rho=0.010968117642168575,passed,,0.5,20260507,0.5736748949214318,0.5110515391315966,0.6406707970712097,0.6866251198465964,0.6350718709631097,0.7365059200439923,0.4548839611462153,0.0,0.7986577181208053,438,298,140,3852,42,84,5,0
qwen3.5-4b,repope_to_dashb,repope,dash-b,MIND-param,tierA,50pct_hard_negatives,oracle_target_calibration,True,single_vmf,passed,,0.5,20260507,0.5469244671777466,0.46839516824813593,0.6337060302000237,0.7547938638542664,0.7107514937489227,0.7987830360847729,0.5518891872064114,0.0,0.6845637583892618,438,298,140,3852,42,84,5,0
qwen3.5-4b,repope_to_dashb,repope,dash-b,logistic(z),tierA,50pct_hard_negatives,oracle_target_calibration,True,C=0.1,passed,,0.5,20260507,0.5515318200007069,0.47221471397936454,0.637787126521034,0.7599952061361458,0.7167815026954908,0.8038203227134012,0.5552962940756558,0.0,0.6845637583892618,438,298,140,3852,42,84,5,0
qwen3.5-4b,repope_to_dashb,repope,dash-b,final-hidden linear probe,tierA,same_constraint_linear_or_cached,oracle_target_calibration,True,C=1.0,passed,,0.5,20260507,0.6598173515981736,0.639269406392694,0.682648401826484,0.5,0.5,0.5,0.319634703196347,0.0,1.0,438,298,140,3852,42,84,5,0
qwen3.5-4b,repope_to_dashb,repope,dash-b,output-confidence,tierA,same_constraint_linear_or_cached,oracle_target_calibration,True,negative_top2_margin,passed,,0.5,20260507,0.3705959972809472,0.30742226090201896,0.44448606563057597,0.5869846596356664,0.5347301790413648,0.6404508114411284,0.37147727684032594,0.0,0.9395973154362416,438,298,140,3852,42,84,5,0
qwen3.5-4b,repope_to_dashb,repope,dash-b,HALP-lite,tierA,same_constraint_linear_or_cached,oracle_target_calibration,True,C=0.1,passed,,0.5,20260507,0.4952644383396364,0.3901283307621643,0.6022363047417248,0.5501677852348993,0.5188383330277186,0.5825742842729287,0.38530817687466073,0.07857142857142857,1.0,438,298,140,3852,42,84,5,0
qwen3.5-4b,repope_to_repope,repope,repope,MIND-main,tierA,50pct_hard_negatives,source_calibration,False,rho=0.005997844922609379,passed,,0.5,20260508,0.45714222638964314,0.3866312448719172,0.5097861736232937,0.7804084237396299,0.7396514844986313,0.8106571020259953,0.04238902794268495,0.0,0.5022335673261008,1597,1567,30,3852,42,84,43,0
qwen3.5-4b,repope_to_repope,repope,repope,MIND-param,tierA,50pct_hard_negatives,source_calibration,False,single_vmf,passed,,0.5,20260508,0.2508492732829946,0.16162604290458168,0.38482133512392525,0.9619017230376516,0.9467756769454168,0.9770952246905829,0.27137336275051216,0.16666666666666666,0.13209955328653478,1597,1567,30,3852,42,84,43,0
qwen3.5-4b,repope_to_repope,repope,repope,logistic(z),tierA,50pct_hard_negatives,source_calibration,False,C=10.0,passed,,0.5,20260508,0.38627525294137033,0.2457399955169514,0.5171802387574618,0.7365985960433951,0.6386825049931865,0.826549255337708,0.1409715585143196,0.0,1.0,1597,1567,30,3852,42,84,43,0
qwen3.5-4b,repope_to_repope,repope,repope,final-hidden linear probe,tierA,same_constraint_linear_or_cached,source_calibration,False,C=1.0,passed,,0.5,20260508,0.4502601618239388,0.31803277169773464,0.587439583706033,0.7886832588810891,0.6995500377696756,0.8760494227994227,0.2131248261194013,0.0,1.0,1597,1567,30,3852,42,84,43,0
qwen3.5-4b,repope_to_repope,repope,repope,output-confidence,tierA,same_constraint_linear_or_cached,source_calibration,False,negative_top2_margin,passed,,0.5,20260508,0.05548633737074756,0.03300746040441712,0.08568050879124235,0.8216230589236333,0.7665360752225853,0.8672757441957196,0.060833012622398104,0.0,0.4971282705807275,1597,1567,30,3852,42,84,43,0
qwen3.5-4b,repope_to_repope,repope,repope,HALP-lite,tierA,same_constraint_linear_or_cached,source_calibration,False,C=0.1,passed,,0.5,20260508,0.3975135291147272,0.29053535134134245,0.5016334515030143,0.8844501169963838,0.8179515815399985,0.9422413349486458,0.14498765306346703,0.0,1.0,1597,1567,30,3852,42,84,43,0
qwen3.5-4b,repope_to_repope,repope,repope,MIND-main,tierA,50pct_hard_negatives,oracle_target_calibration,True,rho=0.005997844922609379,passed,,0.5,20260508,0.45714222638964314,0.3866312448719172,0.5097861736232937,0.7804084237396299,0.7396514844986313,0.8106571020259953,0.04238902794268495,0.0,0.5022335673261008,1597,1567,30,3852,42,84,43,0
qwen3.5-4b,repope_to_repope,repope,repope,MIND-param,tierA,50pct_hard_negatives,oracle_target_calibration,True,single_vmf,passed,,0.5,20260508,0.2508492732829946,0.16162604290458168,0.38482133512392525,0.9619017230376516,0.9467756769454168,0.9770952246905829,0.27137336275051216,0.16666666666666666,0.13209955328653478,1597,1567,30,3852,42,84,43,0
qwen3.5-4b,repope_to_repope,repope,repope,logistic(z),tierA,50pct_hard_negatives,oracle_target_calibration,True,C=10.0,passed,,0.5,20260508,0.38627525294137033,0.2457399955169514,0.5171802387574618,0.7365985960433951,0.6386825049931865,0.826549255337708,0.1409715585143196,0.0,1.0,1597,1567,30,3852,42,84,43,0
qwen3.5-4b,repope_to_repope,repope,repope,final-hidden linear probe,tierA,same_constraint_linear_or_cached,oracle_target_calibration,True,C=1.0,passed,,0.5,20260508,0.4502601618239388,0.31803277169773464,0.587439583706033,0.7886832588810891,0.6995500377696756,0.8760494227994227,0.2131248261194013,0.0,1.0,1597,1567,30,3852,42,84,43,0
qwen3.5-4b,repope_to_repope,repope,repope,output-confidence,tierA,same_constraint_linear_or_cached,oracle_target_calibration,True,negative_top2_margin,passed,,0.5,20260508,0.05548633737074756,0.03300746040441712,0.08568050879124235,0.8216230589236333,0.7665360752225853,0.8672757441957196,0.060833012622398104,0.0,0.4971282705807275,1597,1567,30,3852,42,84,43,0
qwen3.5-4b,repope_to_repope,repope,repope,HALP-lite,tierA,same_constraint_linear_or_cached,oracle_target_calibration,True,C=0.1,passed,,0.5,20260508,0.3975135291147272,0.29053535134134245,0.5016334515030143,0.8844501169963838,0.8179515815399985,0.9422413349486458,0.14498765306346703,0.0,1.0,1597,1567,30,3852,42,84,43,0
qwen3.5-4b,repope_to_pope,repope,pope,MIND-main,tierA,50pct_hard_negatives,source_calibration,False,rho=0.005997844922609379,passed,,0.5,20260508,0.516079027947686,0.4843121530934273,0.5354920484060862,0.7942106111917432,0.7733126744552177,0.8121186817612209,0.056473423067881966,0.0,0.3968553459119497,1629,1590,39,3852,42,84,171,0
qwen3.5-4b,repope_to_pope,repope,pope,MIND-param,tierA,50pct_hard_negatives,source_calibration,False,single_vmf,passed,,0.5,20260508,0.20607642281920482,0.1298728110807093,0.3009215430539429,0.9437510079019513,0.9213320416957713,0.960755910669988,0.2177155761025965,0.07692307692307693,0.1949685534591195,1629,1590,39,3852,42,84,171,0
qwen3.5-4b,repope_to_pope,repope,pope,logistic(z),tierA,50pct_hard_negatives,source_calibration,False,C=10.0,passed,,0.5,20260508,0.3476666233401438,0.24096973129721502,0.4505776214721616,0.7190614417029512,0.6432394826099689,0.7977926568922067,0.1077043807009063,0.0,1.0,1629,1590,39,3852,42,84,171,0
qwen3.5-4b,repope_to_pope,repope,pope,final-hidden linear probe,tierA,same_constraint_linear_or_cached,source_calibration,False,C=1.0,passed,,0.5,20260508,0.40795069946964374,0.2918438186688632,0.5152061343098062,0.7735365263667151,0.6945317279799856,0.8498421112335846,0.1667872663421544,0.0,1.0,1629,1590,39,3852,42,84,171,0
qwen3.5-4b,repope_to_pope,repope,pope,output-confidence,tierA,same_constraint_linear_or_cached,source_calibration,False,negative_top2_margin,passed,,0.5,20260508,0.08983412345021792,0.05936256051641446,0.1274141935445558,0.8784228350266086,0.8491291727140784,0.9050386589994059,0.09506276025207484,0.0,0.2622641509433962,1629,1590,39,3852,42,84,171,0
qwen3.5-4b,repope_to_pope,repope,pope,HALP-lite,tierA,same_constraint_linear_or_cached,source_calibration,False,C=0.1,passed,,0.5,20260508,0.392782966981892,0.2983720408945202,0.48693261059793924,0.8259071117561684,0.7470670328458925,0.8929900690452182,0.12403906515470112,0.0,1.0,1629,1590,39,3852,42,84,171,0
qwen3.5-4b,repope_to_pope,repope,pope,MIND-main,tierA,50pct_hard_negatives,oracle_target_calibration,True,rho=0.006330400068778438,passed,,0.5,20260508,0.5182755532846113,0.485996948732955,0.5380810489495129,0.8094581519109821,0.7879724535392673,0.826720110997708,0.060780017754655434,0.0,0.36666666666666664,1629,1590,39,3852,42,84,171,0
qwen3.5-4b,repope_to_pope,repope,pope,MIND-param,tierA,50pct_hard_negatives,oracle_target_calibration,True,single_vmf,passed,,0.5,20260508,0.20607642281920482,0.1298728110807093,0.3009215430539429,0.9437510079019513,0.9213320416957713,0.960755910669988,0.2177155761025965,0.07692307692307693,0.1949685534591195,1629,1590,39,3852,42,84,171,0
qwen3.5-4b,repope_to_pope,repope,pope,logistic(z),tierA,50pct_hard_negatives,oracle_target_calibration,True,C=10.0,passed,,0.5,20260508,0.3476666233401438,0.24096973129721502,0.4505776214721616,0.7190614417029512,0.6432394826099689,0.7977926568922067,0.1077043807009063,0.0,1.0,1629,1590,39,3852,42,84,171,0
qwen3.5-4b,repope_to_pope,repope,pope,final-hidden linear probe,tierA,same_constraint_linear_or_cached,oracle_target_calibration,True,C=1.0,passed,,0.5,20260508,0.40795069946964374,0.2918438186688632,0.5152061343098062,0.7735365263667151,0.6945317279799856,0.8498421112335846,0.1667872663421544,0.0,1.0,1629,1590,39,3852,42,84,171,0
qwen3.5-4b,repope_to_pope,repope,pope,output-confidence,tierA,same_constraint_linear_or_cached,oracle_target_calibration,True,negative_top2_margin,passed,,0.5,20260508,0.08983412345021792,0.05936256051641446,0.1274141935445558,0.8784228350266086,0.8491291727140784,0.9050386589994059,0.09506276025207484,0.0,0.2622641509433962,1629,1590,39,3852,42,84,171,0
qwen3.5-4b,repope_to_pope,repope,pope,HALP-lite,tierA,same_constraint_linear_or_cached,oracle_target_calibration,True,C=0.1,passed,,0.5,20260508,0.392782966981892,0.2983720408945202,0.48693261059793924,0.8259071117561684,0.7470670328458925,0.8929900690452182,0.12403906515470112,0.0,1.0,1629,1590,39,3852,42,84,171,0
qwen3.5-4b,repope_to_dashb,repope,dash-b,MIND-main,tierA,50pct_hard_negatives,source_calibration,False,rho=0.005997844922609379,passed,,0.5,20260508,0.6650943396226415,0.641171940340117,0.6869047619047619,0.5234899328859061,0.5115131578947368,0.536085017634292,0.330188679245283,0.0,0.9530201342281879,438,298,140,3852,42,84,5,0
qwen3.5-4b,repope_to_dashb,repope,dash-b,MIND-param,tierA,50pct_hard_negatives,source_calibration,False,single_vmf,passed,,0.5,20260508,0.4836299929831993,0.4059548861111407,0.5769805023879316,0.7109300095877278,0.659215605007689,0.7606005655191003,0.4896186673182106,0.007142857142857143,0.7348993288590604,438,298,140,3852,42,84,5,0
qwen3.5-4b,repope_to_dashb,repope,dash-b,logistic(z),tierA,50pct_hard_negatives,source_calibration,False,C=10.0,passed,,0.5,20260508,0.4051658387274826,0.24605517655642484,0.5645006130330747,0.5096836049856184,0.4920122514923637,0.5291139058103405,0.3257162928395805,0.0,1.0,438,298,140,3852,42,84,5,0
qwen3.5-4b,repope_to_dashb,repope,dash-b,final-hidden linear probe,tierA,same_constraint_linear_or_cached,source_calibration,False,C=1.0,passed,,0.5,20260508,0.6622472276581866,0.6381278538812786,0.6842763785330329,0.5035714285714286,0.5,0.5111940298507462,0.3244944553163731,0.007142857142857143,1.0,438,298,140,3852,42,84,5,0
qwen3.5-4b,repope_to_dashb,repope,dash-b,output-confidence,tierA,same_constraint_linear_or_cached,source_calibration,False,negative_top2_margin,passed,,0.5,20260508,0.3705959972809472,0.3076148098330918,0.44059456828024235,0.5869846596356664,0.5316991862321113,0.6422214319930354,0.37147727684032594,0.0,0.9395973154362416,438,298,140,3852,42,84,5,0
qwen3.5-4b,repope_to_dashb,repope,dash-b,HALP-lite,tierA,same_constraint_linear_or_cached,source_calibration,False,C=0.1,passed,,0.5,20260508,0.6135363038925061,0.5485680480136366,0.6736730873350489,0.6996764141898371,0.6473374366352821,0.7454612147573358,0.4724338831488058,0.0,1.0,438,298,140,3852,42,84,5,0
qwen3.5-4b,repope_to_dashb,repope,dash-b,MIND-main,tierA,50pct_hard_negatives,oracle_target_calibration,True,rho=0.015497658219831612,passed,,0.5,20260508,0.39917902264574967,0.33302732690617576,0.46265797547073784,0.560953978906999,0.5058523939369628,0.6176375058571684,0.3449803617942079,0.0,0.8590604026845637,438,298,140,3852,42,84,5,0
qwen3.5-4b,repope_to_dashb,repope,dash-b,MIND-param,tierA,50pct_hard_negatives,oracle_target_calibration,True,single_vmf,passed,,0.5,20260508,0.4836299929831993,0.4059548861111407,0.5769805023879316,0.7109300095877278,0.659215605007689,0.7606005655191003,0.4896186673182106,0.007142857142857143,0.7348993288590604,438,298,140,3852,42,84,5,0
qwen3.5-4b,repope_to_dashb,repope,dash-b,logistic(z),tierA,50pct_hard_negatives,oracle_target_calibration,True,C=0.1,passed,,0.5,20260508,0.44548532656879286,0.3610654445659229,0.5302369100290611,0.5764621284755513,0.533953527486538,0.6205366278130404,0.38045531474496475,0.0,1.0,438,298,140,3852,42,84,5,0
qwen3.5-4b,repope_to_dashb,repope,dash-b,final-hidden linear probe,tierA,same_constraint_linear_or_cached,oracle_target_calibration,True,C=0.1,passed,,0.5,20260508,0.5055463980633964,0.4007706166195594,0.6142638244200112,0.563614573346117,0.5308323750400447,0.6001769740061902,0.38841200338581144,0.014285714285714285,1.0,438,298,140,3852,42,84,5,0
qwen3.5-4b,repope_to_dashb,repope,dash-b,output-confidence,tierA,same_constraint_linear_or_cached,oracle_target_calibration,True,negative_top2_margin,passed,,0.5,20260508,0.3705959972809472,0.3076148098330918,0.44059456828024235,0.5869846596356664,0.5316991862321113,0.6422214319930354,0.37147727684032594,0.0,0.9395973154362416,438,298,140,3852,42,84,5,0
qwen3.5-4b,repope_to_dashb,repope,dash-b,HALP-lite,tierA,same_constraint_linear_or_cached,oracle_target_calibration,True,C=0.1,passed,,0.5,20260508,0.6135363038925061,0.5485680480136366,0.6736730873350489,0.6996764141898371,0.6473374366352821,0.7454612147573358,0.4724338831488058,0.0,1.0,438,298,140,3852,42,84,5,0
qwen3.5-9b,pope_to_dashb,pope,dash-b,MIND-main,tierA,50pct_hard_negatives,source_calibration,False,rho=0.008613199952467794,passed,,0.5,20260506,0.693621867881549,0.6727184516396846,0.7159251958359102,0.5055147058823529,0.5,0.5112792594694282,0.38724373576309795,0.0,0.9889705882352942,442,272,170,4080,63,126,1,0
qwen3.5-9b,pope_to_dashb,pope,dash-b,MIND-param,tierA,50pct_hard_negatives,source_calibration,False,single_vmf,passed,,0.5,20260506,0.71164862642919,0.6355543551099748,0.7916520026771301,0.8236591695501729,0.7829092332685014,0.8633546870998873,0.7145735840008939,0.07058823529411765,0.6176470588235294,442,272,170,4080,63,126,1,0
qwen3.5-9b,pope_to_dashb,pope,dash-b,logistic(z),tierA,50pct_hard_negatives,source_calibration,False,C=10.0,passed,,0.5,20260506,0.7345373431246026,0.6703740198304511,0.7902108833941407,0.7011245674740485,0.6589044013159152,0.7406167148180873,0.5811021163839355,0.0,1.0,442,272,170,4080,63,126,1,0
qwen3.5-9b,pope_to_dashb,pope,dash-b,final-hidden linear probe,tierA,same_constraint_linear_or_cached,source_calibration,False,C=0.1,passed,,0.5,20260506,0.6935007164562802,0.641166515089683,0.7460435908822555,0.723648356401384,0.6769492841325434,0.7712504123672373,0.5621712947931309,0.0,1.0,442,272,170,4080,63,126,1,0
qwen3.5-9b,pope_to_dashb,pope,dash-b,output-confidence,tierA,same_constraint_linear_or_cached,source_calibration,False,negative_top2_margin,passed,,0.5,20260506,0.5044309576782543,0.4417773494807123,0.5793715302399417,0.7210964532871972,0.6757703547714722,0.7635700023313465,0.511116133126555,0.0,0.5514705882352942,442,272,170,4080,63,126,1,0
qwen3.5-9b,pope_to_dashb,pope,dash-b,HALP-lite,tierA,same_constraint_linear_or_cached,source_calibration,False,C=10.0,passed,,0.5,20260506,0.7070939788204139,0.6674515295013352,0.7463243649608214,0.6728157439446367,0.6346139971139971,0.7169689805446825,0.49387548168513384,0.0,1.0,442,272,170,4080,63,126,1,0
qwen3.5-9b,pope_to_dashb,pope,dash-b,MIND-main,tierA,50pct_hard_negatives,oracle_target_calibration,True,rho=0.018550468531971735,passed,,0.5,20260506,0.5965725265428685,0.5410125684217504,0.6478648148944928,0.5849048442906575,0.5298260974054448,0.6330377307647508,0.4409425039453772,0.0,0.8860294117647058,442,272,170,4080,63,126,1,0
qwen3.5-9b,pope_to_dashb,pope,dash-b,MIND-param,tierA,50pct_hard_negatives,oracle_target_calibration,True,single_vmf,passed,,0.5,20260506,0.71164862642919,0.6355543551099748,0.7916520026771301,0.8236591695501729,0.7829092332685014,0.8633546870998873,0.7145735840008939,0.07058823529411765,0.6176470588235294,442,272,170,4080,63,126,1,0
qwen3.5-9b,pope_to_dashb,pope,dash-b,logistic(z),tierA,50pct_hard_negatives,oracle_target_calibration,True,C=0.1,passed,,0.5,20260506,0.7506345306474624,0.6794147184822693,0.820427780033388,0.8503243944636678,0.8138562131939444,0.8857121925784672,0.7469182499588657,0.09411764705882353,0.5441176470588235,442,272,170,4080,63,126,1,0
qwen3.5-9b,pope_to_dashb,pope,dash-b,final-hidden linear probe,tierA,same_constraint_linear_or_cached,oracle_target_calibration,True,C=0.1,passed,,0.5,20260506,0.6935007164562802,0.641166515089683,0.7460435908822555,0.723648356401384,0.6769492841325434,0.7712504123672373,0.5621712947931309,0.0,1.0,442,272,170,4080,63,126,1,0
qwen3.5-9b,pope_to_dashb,pope,dash-b,output-confidence,tierA,same_constraint_linear_or_cached,oracle_target_calibration,True,negative_top2_margin,passed,,0.5,20260506,0.5044309576782543,0.4417773494807123,0.5793715302399417,0.7210964532871972,0.6757703547714722,0.7635700023313465,0.511116133126555,0.0,0.5514705882352942,442,272,170,4080,63,126,1,0
qwen3.5-9b,pope_to_dashb,pope,dash-b,HALP-lite,tierA,same_constraint_linear_or_cached,oracle_target_calibration,True,C=0.1,passed,,0.5,20260506,0.7019747885960386,0.6559188604855587,0.75007977722304,0.7176470588235294,0.6761020615709809,0.763995552617479,0.5366764681357419,0.0,1.0,442,272,170,4080,63,126,1,0
qwen3.5-9b,pope_to_dashb,pope,dash-b,MIND-main,tierA,50pct_hard_negatives,source_calibration,False,rho=0.0066992402143202425,passed,,0.5,20260507,0.692440254357352,0.6685757374425695,0.7140829632874909,0.5080774221453287,0.4971743417546104,0.5187301250794997,0.3884879928983087,0.0,0.9779411764705882,442,272,170,4080,63,126,1,0
qwen3.5-9b,pope_to_dashb,pope,dash-b,MIND-param,tierA,50pct_hard_negatives,source_calibration,False,single_vmf,passed,,0.5,20260507,0.7016098926089505,0.6259648789399901,0.7812326922609295,0.8269031141868513,0.7895764706455856,0.8646063854634121,0.7057543891243752,0.08235294117647059,0.5477941176470589,442,272,170,4080,63,126,1,0
qwen3.5-9b,pope_to_dashb,pope,dash-b,logistic(z),tierA,50pct_hard_negatives,source_calibration,False,C=1.0,passed,,0.5,20260507,0.6241376733635743,0.5498035845861334,0.693840072878303,0.5900194636678201,0.5576771398713102,0.6220544394283384,0.4653219425257846,0.0,1.0,442,272,170,4080,63,126,1,0
qwen3.5-9b,pope_to_dashb,pope,dash-b,final-hidden linear probe,tierA,same_constraint_linear_or_cached,source_calibration,False,C=10.0,passed,,0.5,20260507,0.6217946242946243,0.5339641902931189,0.6960366174768702,0.5660034602076125,0.5363225497587425,0.5957639701903626,0.4482394870630165,0.0,1.0,442,272,170,4080,63,126,1,0
qwen3.5-9b,pope_to_dashb,pope,dash-b,output-confidence,tierA,same_constraint_linear_or_cached,source_calibration,False,negative_top2_margin,passed,,0.5,20260507,0.5044309576782543,0.43949670694095105,0.5819647909100013,0.7210964532871972,0.6730622022381039,0.766363924396063,0.511116133126555,0.0,0.5514705882352942,442,272,170,4080,63,126,1,0
qwen3.5-9b,pope_to_dashb,pope,dash-b,HALP-lite,tierA,same_constraint_linear_or_cached,source_calibration,False,C=1.0,passed,,0.5,20260507,0.6049256371209765,0.5123500894946097,0.6789509240960937,0.5741457612456747,0.5414951788108942,0.6058843110807342,0.4485571445024838,0.0,1.0,442,272,170,4080,63,126,1,0
qwen3.5-9b,pope_to_dashb,pope,dash-b,MIND-main,tierA,50pct_hard_negatives,oracle_target_calibration,True,rho=0.013353321400638083,passed,,0.5,20260507,0.6191736402394762,0.566274598987397,0.6742117965069809,0.6469506920415224,0.5976937563987709,0.6956347061872777,0.48538901712155935,0.0,0.7904411764705882,442,272,170,4080,63,126,1,0
qwen3.5-9b,pope_to_dashb,pope,dash-b,MIND-param,tierA,50pct_hard_negatives,oracle_target_calibration,True,single_vmf,passed,,0.5,20260507,0.7016098926089505,0.6259648789399901,0.7812326922609295,0.8269031141868513,0.7895764706455856,0.8646063854634121,0.7057543891243752,0.08235294117647059,0.5477941176470589,442,272,170,4080,63,126,1,0
qwen3.5-9b,pope_to_dashb,pope,dash-b,logistic(z),tierA,50pct_hard_negatives,oracle_target_calibration,True,C=0.1,passed,,0.5,20260507,0.6942655518301316,0.625735805731059,0.7598186019827796,0.7557850346020761,0.7135911562691547,0.795963895796348,0.6212622478837375,0.0,1.0,442,272,170,4080,63,126,1,0
qwen3.5-9b,pope_to_dashb,pope,dash-b,final-hidden linear probe,tierA,same_constraint_linear_or_cached,oracle_target_calibration,True,C=10.0,passed,,0.5,20260507,0.6217946242946243,0.5339641902931189,0.6960366174768702,0.5660034602076125,0.5363225497587425,0.5957639701903626,0.4482394870630165,0.0,1.0,442,272,170,4080,63,126,1,0
qwen3.5-9b,pope_to_dashb,pope,dash-b,output-confidence,tierA,same_constraint_linear_or_cached,oracle_target_calibration,True,negative_top2_margin,passed,,0.5,20260507,0.5044309576782543,0.43949670694095105,0.5819647909100013,0.7210964532871972,0.6730622022381039,0.766363924396063,0.511116133126555,0.0,0.5514705882352942,442,272,170,4080,63,126,1,0
qwen3.5-9b,pope_to_dashb,pope,dash-b,HALP-lite,tierA,same_constraint_linear_or_cached,oracle_target_calibration,True,C=1.0,passed,,0.5,20260507,0.6049256371209765,0.5123500894946097,0.6789509240960937,0.5741457612456747,0.5414951788108942,0.6058843110807342,0.4485571445024838,0.0,1.0,442,272,170,4080,63,126,1,0
qwen3.5-9b,pope_to_dashb,pope,dash-b,MIND-main,tierA,50pct_hard_negatives,source_calibration,False,rho=0.00750641332653364,passed,,0.5,20260508,0.695852534562212,0.6742548245800779,0.7208237986270023,0.5147058823529411,0.5055147058823529,0.5257376682222705,0.391705069124424,0.0,0.9705882352941176,442,272,170,4080,63,126,1,0
qwen3.5-9b,pope_to_dashb,pope,dash-b,MIND-param,tierA,50pct_hard_negatives,source_calibration,False,single_vmf,passed,,0.5,20260508,0.6709301824762964,0.5920693722419598,0.7549527315241161,0.8080666089965398,0.7669686965559386,0.8469487440874067,0.6729991433011488,0.047058823529411764,0.5808823529411765,442,272,170,4080,63,126,1,0
qwen3.5-9b,pope_to_dashb,pope,dash-b,logistic(z),tierA,50pct_hard_negatives,source_calibration,False,C=10.0,passed,,0.5,20260508,0.7089204912734325,0.6500072270598833,0.7690088073779882,0.7014705882352942,0.6554477485782739,0.7440974066540652,0.5546477052359405,0.0,1.0,442,272,170,4080,63,126,1,0
qwen3.5-9b,pope_to_dashb,pope,dash-b,final-hidden linear probe,tierA,same_constraint_linear_or_cached,source_calibration,False,C=1.0,passed,,0.5,20260508,0.6512075910679782,0.5801504504984669,0.7185175860615128,0.6586829584775087,0.6106544619792811,0.703000952450411,0.5057780454033123,0.0,1.0,442,272,170,4080,63,126,1,0
qwen3.5-9b,pope_to_dashb,pope,dash-b,output-confidence,tierA,same_constraint_linear_or_cached,source_calibration,False,negative_top2_margin,passed,,0.5,20260508,0.5044309576782543,0.4404675424212389,0.5877552130819811,0.7210964532871972,0.6719782293733243,0.7694582210299836,0.511116133126555,0.0,0.5514705882352942,442,272,170,4080,63,126,1,0
qwen3.5-9b,pope_to_dashb,pope,dash-b,HALP-lite,tierA,same_constraint_linear_or_cached,source_calibration,False,C=1.0,passed,,0.5,20260508,0.6165447355412753,0.5247679590778055,0.7016317673633672,0.5630514705882352,0.5332252952246985,0.5937300486449764,0.4448961937716263,0.0,1.0,442,272,170,4080,63,126,1,0
qwen3.5-9b,pope_to_dashb,pope,dash-b,MIND-main,tierA,50pct_hard_negatives,oracle_target_calibration,True,rho=0.018323956440329976,passed,,0.5,20260508,0.5850707873053191,0.5238625079834108,0.6371360612542494,0.5991673875432526,0.5443825155892533,0.6517797827251675,0.4492517385777677,0.0,0.8897058823529411,442,272,170,4080,63,126,1,0
qwen3.5-9b,pope_to_dashb,pope,dash-b,MIND-param,tierA,50pct_hard_negatives,oracle_target_calibration,True,single_vmf,passed,,0.5,20260508,0.6709301824762964,0.5920693722419598,0.7549527315241161,0.8080666089965398,0.7669686965559386,0.8469487440874067,0.6729991433011488,0.047058823529411764,0.5808823529411765,442,272,170,4080,63,126,1,0
qwen3.5-9b,pope_to_dashb,pope,dash-b,logistic(z),tierA,50pct_hard_negatives,oracle_target_calibration,True,C=0.1,passed,,0.5,20260508,0.6975401869670169,0.6283675289649594,0.7658196251569918,0.7495458477508652,0.7049754220542852,0.7919184668748014,0.6120085761695239,0.0,1.0,442,272,170,4080,63,126,1,0
qwen3.5-9b,pope_to_dashb,pope,dash-b,final-hidden linear probe,tierA,same_constraint_linear_or_cached,oracle_target_calibration,True,C=10.0,passed,,0.5,20260508,0.5858447878425681,0.4939680176063371,0.6694822087473398,0.5698529411764706,0.5372301135924065,0.6065239590485073,0.44138990864851024,0.0,1.0,442,272,170,4080,63,126,1,0
qwen3.5-9b,pope_to_dashb,pope,dash-b,output-confidence,tierA,same_constraint_linear_or_cached,oracle_target_calibration,True,negative_top2_margin,passed,,0.5,20260508,0.5044309576782543,0.4404675424212389,0.5877552130819811,0.7210964532871972,0.6719782293733243,0.7694582210299836,0.511116133126555,0.0,0.5514705882352942,442,272,170,4080,63,126,1,0
qwen3.5-9b,pope_to_dashb,pope,dash-b,HALP-lite,tierA,same_constraint_linear_or_cached,oracle_target_calibration,True,C=10.0,passed,,0.5,20260508,0.6774990221782892,0.619217814814392,0.7338906365463669,0.6764489619377162,0.6291425823814177,0.7199187262865594,0.5135647997412117,0.0,1.0,442,272,170,4080,63,126,1,0
qwen3.5-9b,repope_to_repope,repope,repope,MIND-main,tierA,50pct_hard_negatives,source_calibration,False,rho=0.01632956357765619,passed,,0.5,20260506,0.46040148837562095,0.3346980358247715,0.5655622739659912,0.9541535226077813,0.9310651637475763,0.9721078151771704,0.17045247844656716,0.0,0.14384858044164037,1609,1585,24,3885,57,114,31,0
qwen3.5-9b,repope_to_repope,repope,repope,MIND-param,tierA,50pct_hard_negatives,source_calibration,False,single_vmf,passed,,0.5,20260506,0.25752900905873205,0.14537312045057096,0.4403205464299954,0.9530757097791798,0.903008170978406,0.9828712299844162,0.28514209719785955,0.375,0.09337539432176656,1609,1585,24,3885,57,114,31,0
qwen3.5-9b,repope_to_repope,repope,repope,logistic(z),tierA,50pct_hard_negatives,source_calibration,False,C=10.0,passed,,0.5,20260506,0.4050814429252123,0.23054726077216758,0.5558716625368799,0.7225420609884332,0.6174221257829503,0.8218973851902313,0.16563163585042467,0.0,1.0,1609,1585,24,3885,57,114,31,0
qwen3.5-9b,repope_to_repope,repope,repope,final-hidden linear probe,tierA,same_constraint_linear_or_cached,source_calibration,False,C=0.1,passed,,0.5,20260506,0.2395480629018046,0.11440743156202755,0.39661821971771566,0.852839116719243,0.7532405136539393,0.939839771064783,0.19854985009753778,0.25,1.0,1609,1585,24,3885,57,114,31,0
qwen3.5-9b,repope_to_repope,repope,repope,output-confidence,tierA,same_constraint_linear_or_cached,source_calibration,False,negative_top2_margin,passed,,0.5,20260506,0.13937886302463473,0.07291947352007107,0.2537743234528419,0.9275368033648792,0.8981337922539439,0.9576691632420206,0.15716461967606038,0.25,0.18485804416403787,1609,1585,24,3885,57,114,31,0
qwen3.5-9b,repope_to_repope,repope,repope,HALP-lite,tierA,same_constraint_linear_or_cached,source_calibration,False,C=0.1,passed,,0.5,20260506,0.39394054080229757,0.21343532992670503,0.6001224559721021,0.9558491062039959,0.9072464676670792,0.985581307739761,0.39064472890623303,0.2916666666666667,0.08643533123028391,1609,1585,24,3885,57,114,31,0
qwen3.5-9b,repope_to_repope,repope,repope,MIND-main,tierA,50pct_hard_negatives,oracle_target_calibration,True,rho=0.01632956357765619,passed,,0.5,20260506,0.46040148837562095,0.3346980358247715,0.5655622739659912,0.9541535226077813,0.9310651637475763,0.9721078151771704,0.17045247844656716,0.0,0.14384858044164037,1609,1585,24,3885,57,114,31,0
qwen3.5-9b,repope_to_repope,repope,repope,MIND-param,tierA,50pct_hard_negatives,oracle_target_calibration,True,single_vmf,passed,,0.5,20260506,0.25752900905873205,0.14537312045057096,0.4403205464299954,0.9530757097791798,0.903008170978406,0.9828712299844162,0.28514209719785955,0.375,0.09337539432176656,1609,1585,24,3885,57,114,31,0
qwen3.5-9b,repope_to_repope,repope,repope,logistic(z),tierA,50pct_hard_negatives,oracle_target_calibration,True,C=10.0,passed,,0.5,20260506,0.4050814429252123,0.23054726077216758,0.5558716625368799,0.7225420609884332,0.6174221257829503,0.8218973851902313,0.16563163585042467,0.0,1.0,1609,1585,24,3885,57,114,31,0
qwen3.5-9b,repope_to_repope,repope,repope,final-hidden linear probe,tierA,same_constraint_linear_or_cached,oracle_target_calibration,True,C=0.1,passed,,0.5,20260506,0.2395480629018046,0.11440743156202755,0.39661821971771566,0.852839116719243,0.7532405136539393,0.939839771064783,0.19854985009753778,0.25,1.0,1609,1585,24,3885,57,114,31,0
qwen3.5-9b,repope_to_repope,repope,repope,output-confidence,tierA,same_constraint_linear_or_cached,oracle_target_calibration,True,negative_top2_margin,passed,,0.5,20260506,0.13937886302463473,0.07291947352007107,0.2537743234528419,0.9275368033648792,0.8981337922539439,0.9576691632420206,0.15716461967606038,0.25,0.18485804416403787,1609,1585,24,3885,57,114,31,0
qwen3.5-9b,repope_to_repope,repope,repope,HALP-lite,tierA,same_constraint_linear_or_cached,oracle_target_calibration,True,C=0.1,passed,,0.5,20260506,0.39394054080229757,0.21343532992670503,0.6001224559721021,0.9558491062039959,0.9072464676670792,0.985581307739761,0.39064472890623303,0.2916666666666667,0.08643533123028391,1609,1585,24,3885,57,114,31,0
qwen3.5-9b,repope_to_pope,repope,pope,MIND-main,tierA,50pct_hard_negatives,source_calibration,False,rho=0.01632956357765619,passed,,0.5,20260506,0.4125836576634981,0.319431348096482,0.49386039718605673,0.9293780573025856,0.9107928584304221,0.9457366794650429,0.1772783226183794,0.0,0.14654088050314465,1635,1590,45,3885,57,114,165,0
qwen3.5-9b,repope_to_pope,repope,pope,MIND-param,tierA,50pct_hard_negatives,source_calibration,False,single_vmf,passed,,0.5,20260506,0.27155547348794434,0.17737603881171987,0.3852944651358144,0.9410062893081761,0.9115745216352084,0.962705681534598,0.2816488327133823,0.17777777777777778,0.12264150943396226,1635,1590,45,3885,57,114,165,0
qwen3.5-9b,repope_to_pope,repope,pope,logistic(z),tierA,50pct_hard_negatives,source_calibration,False,C=10.0,passed,,0.5,20260506,0.3258409785932722,0.20745788020270015,0.4350572192410517,0.6556603773584905,0.5914831956817139,0.7260480706410629,0.118348623853211,0.0,1.0,1635,1590,45,3885,57,114,165,0
qwen3.5-9b,repope_to_pope,repope,pope,final-hidden linear probe,tierA,same_constraint_linear_or_cached,source_calibration,False,C=0.1,passed,,0.5,20260506,0.32251155002143317,0.20676239486234937,0.44425558922597885,0.8466526904262752,0.7822213276182988,0.907958112528509,0.25825170082286303,0.2222222222222222,1.0,1635,1590,45,3885,57,114,165,0
qwen3.5-9b,repope_to_pope,repope,pope,output-confidence,tierA,same_constraint_linear_or_cached,source_calibration,False,negative_top2_margin,passed,,0.5,20260506,0.22653579426170356,0.14358382028581965,0.3440652902674887,0.9283088749126485,0.9067123386797494,0.9478908523242402,0.2488418607146781,0.2,0.18427672955974841,1635,1590,45,3885,57,114,165,0
qwen3.5-9b,repope_to_pope,repope,pope,HALP-lite,tierA,same_constraint_linear_or_cached,source_calibration,False,C=0.1,passed,,0.5,20260506,0.32379907694542465,0.20956383404618595,0.45389148470726876,0.936135569531796,0.899876095613483,0.9646061225298167,0.3117339095182582,0.15555555555555556,0.11446540880503145,1635,1590,45,3885,57,114,165,0
qwen3.5-9b,repope_to_pope,repope,pope,MIND-main,tierA,50pct_hard_negatives,oracle_target_calibration,True,rho=0.005161169935336159,passed,,0.5,20260506,0.5335669924314244,0.5033752107397601,0.5541849405050129,0.8521523410202655,0.8381344976232977,0.8651316295854948,0.08754214812815475,0.0,0.28742138364779873,1635,1590,45,3885,57,114,165,0
qwen3.5-9b,repope_to_pope,repope,pope,MIND-param,tierA,50pct_hard_negatives,oracle_target_calibration,True,single_vmf,passed,,0.5,20260506,0.27155547348794434,0.17737603881171987,0.3852944651358144,0.9410062893081761,0.9115745216352084,0.962705681534598,0.2816488327133823,0.17777777777777778,0.12264150943396226,1635,1590,45,3885,57,114,165,0
qwen3.5-9b,repope_to_pope,repope,pope,logistic(z),tierA,50pct_hard_negatives,oracle_target_calibration,True,C=10.0,passed,,0.5,20260506,0.3258409785932722,0.20745788020270015,0.4350572192410517,0.6556603773584905,0.5914831956817139,0.7260480706410629,0.118348623853211,0.0,1.0,1635,1590,45,3885,57,114,165,0
qwen3.5-9b,repope_to_pope,repope,pope,final-hidden linear probe,tierA,same_constraint_linear_or_cached,oracle_target_calibration,True,C=1.0,passed,,0.5,20260506,0.4273079042038303,0.3238842401764841,0.5356307699864936,0.7807058001397624,0.7092262982299794,0.8553004526997707,0.19309080684011243,0.0,1.0,1635,1590,45,3885,57,114,165,0
qwen3.5-9b,repope_to_pope,repope,pope,output-confidence,tierA,same_constraint_linear_or_cached,oracle_target_calibration,True,negative_top2_margin,passed,,0.5,20260506,0.22653579426170356,0.14358382028581965,0.3440652902674887,0.9283088749126485,0.9067123386797494,0.9478908523242402,0.2488418607146781,0.2,0.18427672955974841,1635,1590,45,3885,57,114,165,0
qwen3.5-9b,repope_to_pope,repope,pope,HALP-lite,tierA,same_constraint_linear_or_cached,oracle_target_calibration,True,C=1.0,passed,,0.5,20260506,0.5510965680151545,0.5192874405659503,0.5755514705882352,0.8909573724668065,0.864734204574786,0.9105463923232411,0.121800979167564,0.0,0.19559748427672957,1635,1590,45,3885,57,114,165,0
qwen3.5-9b,repope_to_dashb,repope,dash-b,MIND-main,tierA,50pct_hard_negatives,source_calibration,False,rho=0.01632956357765619,passed,,0.5,20260506,0.7514433771008066,0.6963306728452242,0.8019126350983958,0.8190095155709344,0.7817979665591573,0.859302877956519,0.6733182934060487,0.0,0.5036764705882353,442,272,170,3885,57,114,1,0
qwen3.5-9b,repope_to_dashb,repope,dash-b,MIND-param,tierA,50pct_hard_negatives,source_calibration,False,single_vmf,passed,,0.5,20260506,0.7836395590097477,0.7093166841461678,0.8417343012980039,0.8664576124567474,0.8323312388993065,0.9005028154327424,0.7850564859609652,0.19411764705882353,0.4227941176470588,442,272,170,3885,57,114,1,0
qwen3.5-9b,repope_to_dashb,repope,dash-b,logistic(z),tierA,50pct_hard_negatives,source_calibration,False,C=10.0,passed,,0.5,20260506,0.6317388493859082,0.45030676564932304,0.7207949179976034,0.5158088235294118,0.5021150639310383,0.5305685028248588,0.4012928248222366,0.03529411764705882,1.0,442,272,170,3885,57,114,1,0
qwen3.5-9b,repope_to_dashb,repope,dash-b,final-hidden linear probe,tierA,same_constraint_linear_or_cached,source_calibration,False,C=0.1,passed,,0.5,20260506,0.6832384754762839,0.6012542060577949,0.7501867783562356,0.6944636678200692,0.6486525027653601,0.7385171118207302,0.592324670283582,0.12352941176470589,1.0,442,272,170,3885,57,114,1,0
qwen3.5-9b,repope_to_dashb,repope,dash-b,output-confidence,tierA,same_constraint_linear_or_cached,source_calibration,False,negative_top2_margin,passed,,0.5,20260506,0.5044309576782543,0.4417773494807123,0.5793715302399417,0.7210964532871972,0.6757703547714722,0.7635700023313465,0.511116133126555,0.0,0.5514705882352942,442,272,170,3885,57,114,1,0
qwen3.5-9b,repope_to_dashb,repope,dash-b,HALP-lite,tierA,same_constraint_linear_or_cached,source_calibration,False,C=0.1,passed,,0.5,20260506,0.7338731785752828,0.6657630666871123,0.7921973250362618,0.6818014705882351,0.6437791480959975,0.7209285608048557,0.5985514031888197,0.21764705882352942,1.0,442,272,170,3885,57,114,1,0
qwen3.5-9b,repope_to_dashb,repope,dash-b,MIND-main,tierA,50pct_hard_negatives,oracle_target_calibration,True,rho=0.022371094691126702,passed,,0.5,20260506,0.7705744060828321,0.706096235097216,0.8280183071975217,0.844939446366782,0.8055337747932572,0.8836139689470749,0.7327177573523274,0.0,0.5514705882352942,442,272,170,3885,57,114,1,0
qwen3.5-9b,repope_to_dashb,repope,dash-b,MIND-param,tierA,50pct_hard_negatives,oracle_target_calibration,True,single_vmf,passed,,0.5,20260506,0.7836395590097477,0.7093166841461678,0.8417343012980039,0.8664576124567474,0.8323312388993065,0.9005028154327424,0.7850564859609652,0.19411764705882353,0.4227941176470588,442,272,170,3885,57,114,1,0
qwen3.5-9b,repope_to_dashb,repope,dash-b,logistic(z),tierA,50pct_hard_negatives,oracle_target_calibration,True,C=1.0,passed,,0.5,20260506,0.6317388493859082,0.45030676564932304,0.7207949179976034,0.5158088235294118,0.5021150639310383,0.5305685028248588,0.4012928248222366,0.03529411764705882,1.0,442,272,170,3885,57,114,1,0
qwen3.5-9b,repope_to_dashb,repope,dash-b,final-hidden linear probe,tierA,same_constraint_linear_or_cached,oracle_target_calibration,True,C=0.1,passed,,0.5,20260506,0.6832384754762839,0.6012542060577949,0.7501867783562356,0.6944636678200692,0.6486525027653601,0.7385171118207302,0.592324670283582,0.12352941176470589,1.0,442,272,170,3885,57,114,1,0
qwen3.5-9b,repope_to_dashb,repope,dash-b,output-confidence,tierA,same_constraint_linear_or_cached,oracle_target_calibration,True,negative_top2_margin,passed,,0.5,20260506,0.5044309576782543,0.4417773494807123,0.5793715302399417,0.7210964532871972,0.6757703547714722,0.7635700023313465,0.511116133126555,0.0,0.5514705882352942,442,272,170,3885,57,114,1,0
qwen3.5-9b,repope_to_dashb,repope,dash-b,HALP-lite,tierA,same_constraint_linear_or_cached,oracle_target_calibration,True,C=1.0,passed,,0.5,20260506,0.7673488142536175,0.7323255313480813,0.800430636429181,0.7561202422145329,0.722264277707461,0.7912491548300998,0.5677392625606007,0.0,1.0,442,272,170,3885,57,114,1,0
qwen3.5-9b,repope_to_repope,repope,repope,MIND-main,tierA,50pct_hard_negatives,source_calibration,False,rho=0.007057172805022567,passed,,0.5,20260507,0.2491705767724068,0.15303549803052563,0.35098344134758513,0.7077155625657203,0.6292082237443323,0.7823885000782212,0.026910452121084984,0.0,0.632807570977918,1609,1585,24,3885,57,114,31,0
qwen3.5-9b,repope_to_repope,repope,repope,MIND-param,tierA,50pct_hard_negatives,source_calibration,False,single_vmf,passed,,0.5,20260507,0.27460986856219666,0.15656459301780004,0.4815699168497303,0.9606992639327026,0.9275958104198889,0.9848266762624446,0.3027358735402299,0.2916666666666667,0.09085173501577287,1609,1585,24,3885,57,114,31,0
qwen3.5-9b,repope_to_repope,repope,repope,logistic(z),tierA,50pct_hard_negatives,source_calibration,False,C=10.0,passed,,0.5,20260507,0.5513338174960787,0.4950514576627991,0.5941626516862792,0.9359358569926394,0.8917017366320422,0.96185731423511,0.13838192070644292,0.0,0.08643533123028391,1609,1585,24,3885,57,114,31,0
qwen3.5-9b,repope_to_repope,repope,repope,final-hidden linear probe,tierA,same_constraint_linear_or_cached,source_calibration,False,C=10.0,passed,,0.5,20260507,0.5073440769425166,0.42144493169974834,0.5742866795366796,0.8960567823343849,0.8236237612419088,0.9597271761760715,0.12275267001406563,0.0,1.0,1609,1585,24,3885,57,114,31,0
qwen3.5-9b,repope_to_repope,repope,repope,output-confidence,tierA,same_constraint_linear_or_cached,source_calibration,False,negative_top2_margin,passed,,0.5,20260507,0.13937886302463473,0.07287754842112568,0.2424799877851104,0.9275368033648792,0.8995836746920323,0.9537309680451128,0.15716461967606038,0.25,0.18485804416403787,1609,1585,24,3885,57,114,31,0
qwen3.5-9b,repope_to_repope,repope,repope,HALP-lite,tierA,same_constraint_linear_or_cached,source_calibration,False,C=1.0,passed,,0.5,20260507,0.40495812729123315,0.25434972051492843,0.5640297004689401,0.7591219768664563,0.6561167312046416,0.8741511284871398,0.15991625458246636,0.0,1.0,1609,1585,24,3885,57,114,31,0
qwen3.5-9b,repope_to_repope,repope,repope,MIND-main,tierA,50pct_hard_negatives,oracle_target_calibration,True,rho=0.007057172805022567,passed,,0.5,20260507,0.2491705767724068,0.15303549803052563,0.35098344134758513,0.7077155625657203,0.6292082237443323,0.7823885000782212,0.026910452121084984,0.0,0.632807570977918,1609,1585,24,3885,57,114,31,0
qwen3.5-9b,repope_to_repope,repope,repope,MIND-param,tierA,50pct_hard_negatives,oracle_target_calibration,True,single_vmf,passed,,0.5,20260507,0.27460986856219666,0.15656459301780004,0.4815699168497303,0.9606992639327026,0.9275958104198889,0.9848266762624446,0.3027358735402299,0.2916666666666667,0.09085173501577287,1609,1585,24,3885,57,114,31,0
qwen3.5-9b,repope_to_repope,repope,repope,logistic(z),tierA,50pct_hard_negatives,oracle_target_calibration,True,C=10.0,passed,,0.5,20260507,0.5513338174960787,0.4950514576627991,0.5941626516862792,0.9359358569926394,0.8917017366320422,0.96185731423511,0.13838192070644292,0.0,0.08643533123028391,1609,1585,24,3885,57,114,31,0
qwen3.5-9b,repope_to_repope,repope,repope,final-hidden linear probe,tierA,same_constraint_linear_or_cached,oracle_target_calibration,True,C=10.0,passed,,0.5,20260507,0.5073440769425166,0.42144493169974834,0.5742866795366796,0.8960567823343849,0.8236237612419088,0.9597271761760715,0.12275267001406563,0.0,1.0,1609,1585,24,3885,57,114,31,0
qwen3.5-9b,repope_to_repope,repope,repope,output-confidence,tierA,same_constraint_linear_or_cached,oracle_target_calibration,True,negative_top2_margin,passed,,0.5,20260507,0.13937886302463473,0.07287754842112568,0.2424799877851104,0.9275368033648792,0.8995836746920323,0.9537309680451128,0.15716461967606038,0.25,0.18485804416403787,1609,1585,24,3885,57,114,31,0
qwen3.5-9b,repope_to_repope,repope,repope,HALP-lite,tierA,same_constraint_linear_or_cached,oracle_target_calibration,True,C=1.0,passed,,0.5,20260507,0.40495812729123315,0.25434972051492843,0.5640297004689401,0.7591219768664563,0.6561167312046416,0.8741511284871398,0.15991625458246636,0.0,1.0,1609,1585,24,3885,57,114,31,0
qwen3.5-9b,repope_to_pope,repope,pope,MIND-main,tierA,50pct_hard_negatives,source_calibration,False,rho=0.007057172805022567,passed,,0.5,20260507,0.32602089598972317,0.2501942802732545,0.4013570953694819,0.7203633822501747,0.6591762151891797,0.7792631602495269,0.05401900426798335,0.0,0.7157232704402515,1635,1590,45,3885,57,114,165,0
qwen3.5-9b,repope_to_pope,repope,pope,MIND-param,tierA,50pct_hard_negatives,source_calibration,False,single_vmf,passed,,0.5,20260507,0.25468456320739935,0.1566356153898503,0.37454550307303686,0.9351781970649895,0.9125864350902488,0.95531132448736,0.2645869677724688,0.1111111111111111,0.1371069182389937,1635,1590,45,3885,57,114,165,0
qwen3.5-9b,repope_to_pope,repope,pope,logistic(z),tierA,50pct_hard_negatives,source_calibration,False,C=10.0,passed,,0.5,20260507,0.5652283700384831,0.5134340198632694,0.6091755217329028,0.9122431865828092,0.8724940624365188,0.9445931213173692,0.18416044378066995,0.0,1.0,1635,1590,45,3885,57,114,165,0
qwen3.5-9b,repope_to_pope,repope,pope,final-hidden linear probe,tierA,same_constraint_linear_or_cached,source_calibration,False,C=10.0,passed,,0.5,20260507,0.5031342499642603,0.4264617211092257,0.5668768278570595,0.8577987421383648,0.794450708800806,0.911040798350014,0.15257365675999326,0.0,1.0,1635,1590,45,3885,57,114,165,0
qwen3.5-9b,repope_to_pope,repope,pope,output-confidence,tierA,same_constraint_linear_or_cached,source_calibration,False,negative_top2_margin,passed,,0.5,20260507,0.22653579426170356,0.14402740763635524,0.3366010618244924,0.9283088749126485,0.9078573246692648,0.9480985518940266,0.2488418607146781,0.2,0.18427672955974841,1635,1590,45,3885,57,114,165,0
qwen3.5-9b,repope_to_pope,repope,pope,HALP-lite,tierA,same_constraint_linear_or_cached,source_calibration,False,C=1.0,passed,,0.5,20260507,0.23120335905141812,0.1261883128128031,0.33355237486534006,0.6155345911949686,0.5516532712992042,0.6777577466066224,0.07179638946433856,0.0,1.0,1635,1590,45,3885,57,114,165,0
qwen3.5-9b,repope_to_pope,repope,pope,MIND-main,tierA,50pct_hard_negatives,oracle_target_calibration,True,rho=0.007125062846280268,passed,,0.5,20260507,0.32630177606752764,0.25006186099831734,0.4012707505907863,0.7211460517120893,0.6598329480328808,0.780874765478424,0.054581403438577564,0.0,0.710062893081761,1635,1590,45,3885,57,114,165,0
qwen3.5-9b,repope_to_pope,repope,pope,MIND-param,tierA,50pct_hard_negatives,oracle_target_calibration,True,single_vmf,passed,,0.5,20260507,0.25468456320739935,0.1566356153898503,0.37454550307303686,0.9351781970649895,0.9125864350902488,0.95531132448736,0.2645869677724688,0.1111111111111111,0.1371069182389937,1635,1590,45,3885,57,114,165,0
qwen3.5-9b,repope_to_pope,repope,pope,logistic(z),tierA,50pct_hard_negatives,oracle_target_calibration,True,C=10.0,passed,,0.5,20260507,0.5652283700384831,0.5134340198632694,0.6091755217329028,0.9122431865828092,0.8724940624365188,0.9445931213173692,0.18416044378066995,0.0,1.0,1635,1590,45,3885,57,114,165,0
qwen3.5-9b,repope_to_pope,repope,pope,final-hidden linear probe,tierA,same_constraint_linear_or_cached,oracle_target_calibration,True,C=10.0,passed,,0.5,20260507,0.5031342499642603,0.4264617211092257,0.5668768278570595,0.8577987421383648,0.794450708800806,0.911040798350014,0.15257365675999326,0.0,1.0,1635,1590,45,3885,57,114,165,0
qwen3.5-9b,repope_to_pope,repope,pope,output-confidence,tierA,same_constraint_linear_or_cached,oracle_target_calibration,True,negative_top2_margin,passed,,0.5,20260507,0.22653579426170356,0.14402740763635524,0.3366010618244924,0.9283088749126485,0.9078573246692648,0.9480985518940266,0.2488418607146781,0.2,0.18427672955974841,1635,1590,45,3885,57,114,165,0
qwen3.5-9b,repope_to_pope,repope,pope,HALP-lite,tierA,same_constraint_linear_or_cached,oracle_target_calibration,True,C=1.0,passed,,0.5,20260507,0.23120335905141812,0.1261883128128031,0.33355237486534006,0.6155345911949686,0.5516532712992042,0.6777577466066224,0.07179638946433856,0.0,1.0,1635,1590,45,3885,57,114,165,0
qwen3.5-9b,repope_to_dashb,repope,dash-b,MIND-main,tierA,50pct_hard_negatives,source_calibration,False,rho=0.007057172805022567,passed,,0.5,20260507,0.6665883927776697,0.6335389546916104,0.6949121658521807,0.505503892733564,0.4749354884165325,0.5346430010090012,0.38750350419460244,0.0,0.9852941176470589,442,272,170,3885,57,114,1,0
qwen3.5-9b,repope_to_dashb,repope,dash-b,MIND-param,tierA,50pct_hard_negatives,source_calibration,False,single_vmf,passed,,0.5,20260507,0.722530169456299,0.645544545332698,0.7970309952612709,0.8406790657439447,0.8069364797825729,0.8751107618491369,0.7252357021373036,0.07058823529411765,0.45588235294117646,442,272,170,3885,57,114,1,0
qwen3.5-9b,repope_to_dashb,repope,dash-b,logistic(z),tierA,50pct_hard_negatives,source_calibration,False,C=10.0,passed,,0.5,20260507,0.7701874632491201,0.7265082917595274,0.8090410247399709,0.7735510380622838,0.7352632594594588,0.810759539646722,0.6032020969402374,0.0,1.0,442,272,170,3885,57,114,1,0
qwen3.5-9b,repope_to_dashb,repope,dash-b,final-hidden linear probe,tierA,same_constraint_linear_or_cached,source_calibration,False,C=10.0,passed,,0.5,20260507,0.7444417767106843,0.6947839740398478,0.7892463477688253,0.7459450692041523,0.703466519757726,0.7844814377322686,0.5800106196324684,0.0,1.0,442,272,170,3885,57,114,1,0
qwen3.5-9b,repope_to_dashb,repope,dash-b,output-confidence,tierA,same_constraint_linear_or_cached,source_calibration,False,negative_top2_margin,passed,,0.5,20260507,0.5044309576782543,0.43949670694095105,0.5819647909100013,0.7210964532871972,0.6730622022381039,0.766363924396063,0.511116133126555,0.0,0.5514705882352942,442,272,170,3885,57,114,1,0
qwen3.5-9b,repope_to_dashb,repope,dash-b,HALP-lite,tierA,same_constraint_linear_or_cached,source_calibration,False,C=1.0,passed,,0.5,20260507,0.7072456570054239,0.6629946002512941,0.749941728149741,0.6859429065743945,0.6445743650840078,0.7272736996819492,0.510500483416484,0.0,1.0,442,272,170,3885,57,114,1,0
qwen3.5-9b,repope_to_dashb,repope,dash-b,MIND-main,tierA,50pct_hard_negatives,oracle_target_calibration,True,rho=0.011006919233405679,passed,,0.5,20260507,0.5542245838914525,0.4934795904700288,0.6118814562507634,0.5869917820069204,0.5335682244011265,0.6392281608316033,0.4400009994631491,0.0,0.8455882352941176,442,272,170,3885,57,114,1,0
qwen3.5-9b,repope_to_dashb,repope,dash-b,MIND-param,tierA,50pct_hard_negatives,oracle_target_calibration,True,single_vmf,passed,,0.5,20260507,0.722530169456299,0.645544545332698,0.7970309952612709,0.8406790657439447,0.8069364797825729,0.8751107618491369,0.7252357021373036,0.07058823529411765,0.45588235294117646,442,272,170,3885,57,114,1,0
qwen3.5-9b,repope_to_dashb,repope,dash-b,logistic(z),tierA,50pct_hard_negatives,oracle_target_calibration,True,C=10.0,passed,,0.5,20260507,0.7701874632491201,0.7265082917595274,0.8090410247399709,0.7735510380622838,0.7352632594594588,0.810759539646722,0.6032020969402374,0.0,1.0,442,272,170,3885,57,114,1,0
qwen3.5-9b,repope_to_dashb,repope,dash-b,final-hidden linear probe,tierA,same_constraint_linear_or_cached,oracle_target_calibration,True,C=0.1,passed,,0.5,20260507,0.783364442793665,0.719255450531175,0.8420206453793716,0.8518706747404844,0.8171877208877764,0.8851837222790151,0.7706746492919068,0.15294117647058825,1.0,442,272,170,3885,57,114,1,0
qwen3.5-9b,repope_to_dashb,repope,dash-b,output-confidence,tierA,same_constraint_linear_or_cached,oracle_target_calibration,True,negative_top2_margin,passed,,0.5,20260507,0.5044309576782543,0.43949670694095105,0.5819647909100013,0.7210964532871972,0.6730622022381039,0.766363924396063,0.511116133126555,0.0,0.5514705882352942,442,272,170,3885,57,114,1,0
qwen3.5-9b,repope_to_dashb,repope,dash-b,HALP-lite,tierA,same_constraint_linear_or_cached,oracle_target_calibration,True,C=1.0,passed,,0.5,20260507,0.7072456570054239,0.6629946002512941,0.749941728149741,0.6859429065743945,0.6445743650840078,0.7272736996819492,0.510500483416484,0.0,1.0,442,272,170,3885,57,114,1,0
qwen3.5-9b,repope_to_repope,repope,repope,MIND-main,tierA,50pct_hard_negatives,source_calibration,False,rho=0.005549295555194952,passed,,0.5,20260508,0.51854714064915,0.5118166936112307,0.5264820082170752,0.8034700315457413,0.7921704964789398,0.8158596964598258,0.03709428129829984,0.0,0.39305993690851737,1609,1585,24,3885,57,114,31,0
qwen3.5-9b,repope_to_repope,repope,repope,MIND-param,tierA,50pct_hard_negatives,source_calibration,False,single_vmf,passed,,0.5,20260508,0.21265578807039065,0.11862210674667066,0.35406222121538955,0.9651419558359622,0.9479079375758372,0.979246305955489,0.23789343081031453,0.25,0.09589905362776026,1609,1585,24,3885,57,114,31,0
qwen3.5-9b,repope_to_repope,repope,repope,logistic(z),tierA,50pct_hard_negatives,source_calibration,False,C=0.1,passed,,0.5,20260508,0.3043970853885322,0.16824379506552475,0.4529094399276011,0.9640641430073607,0.9453897089495904,0.9787658387660401,0.2149268554419952,0.0,0.09589905362776026,1609,1585,24,3885,57,114,31,0
qwen3.5-9b,repope_to_repope,repope,repope,final-hidden linear probe,tierA,same_constraint_linear_or_cached,source_calibration,False,C=1.0,passed,,0.5,20260508,0.45847800675525063,0.31436781191540564,0.5818029751275179,0.8366193480546793,0.7342243549402139,0.9304651285292879,0.17987136161176714,0.0,1.0,1609,1585,24,3885,57,114,31,0
qwen3.5-9b,repope_to_repope,repope,repope,output-confidence,tierA,same_constraint_linear_or_cached,source_calibration,False,negative_top2_margin,passed,,0.5,20260508,0.13937886302463473,0.06945174159395989,0.2405786733662244,0.9275368033648792,0.8968722704698883,0.956761710321552,0.15716461967606038,0.25,0.18485804416403787,1609,1585,24,3885,57,114,31,0
qwen3.5-9b,repope_to_repope,repope,repope,HALP-lite,tierA,same_constraint_linear_or_cached,source_calibration,False,C=10.0,passed,,0.5,20260508,0.449030173445781,0.361723124566417,0.5239838835457781,0.821608832807571,0.7405558579710387,0.8939103787398702,0.05440709611756817,0.0,1.0,1609,1585,24,3885,57,114,31,0
qwen3.5-9b,repope_to_repope,repope,repope,MIND-main,tierA,50pct_hard_negatives,oracle_target_calibration,True,rho=0.005549295555194952,passed,,0.5,20260508,0.51854714064915,0.5118166936112307,0.5264820082170752,0.8034700315457413,0.7921704964789398,0.8158596964598258,0.03709428129829984,0.0,0.39305993690851737,1609,1585,24,3885,57,114,31,0
qwen3.5-9b,repope_to_repope,repope,repope,MIND-param,tierA,50pct_hard_negatives,oracle_target_calibration,True,single_vmf,passed,,0.5,20260508,0.21265578807039065,0.11862210674667066,0.35406222121538955,0.9651419558359622,0.9479079375758372,0.979246305955489,0.23789343081031453,0.25,0.09589905362776026,1609,1585,24,3885,57,114,31,0
qwen3.5-9b,repope_to_repope,repope,repope,logistic(z),tierA,50pct_hard_negatives,oracle_target_calibration,True,C=0.1,passed,,0.5,20260508,0.3043970853885322,0.16824379506552475,0.4529094399276011,0.9640641430073607,0.9453897089495904,0.9787658387660401,0.2149268554419952,0.0,0.09589905362776026,1609,1585,24,3885,57,114,31,0
qwen3.5-9b,repope_to_repope,repope,repope,final-hidden linear probe,tierA,same_constraint_linear_or_cached,oracle_target_calibration,True,C=1.0,passed,,0.5,20260508,0.45847800675525063,0.31436781191540564,0.5818029751275179,0.8366193480546793,0.7342243549402139,0.9304651285292879,0.17987136161176714,0.0,1.0,1609,1585,24,3885,57,114,31,0
qwen3.5-9b,repope_to_repope,repope,repope,output-confidence,tierA,same_constraint_linear_or_cached,oracle_target_calibration,True,negative_top2_margin,passed,,0.5,20260508,0.13937886302463473,0.06945174159395989,0.2405786733662244,0.9275368033648792,0.8968722704698883,0.956761710321552,0.15716461967606038,0.25,0.18485804416403787,1609,1585,24,3885,57,114,31,0
qwen3.5-9b,repope_to_repope,repope,repope,HALP-lite,tierA,same_constraint_linear_or_cached,oracle_target_calibration,True,C=10.0,passed,,0.5,20260508,0.449030173445781,0.361723124566417,0.5239838835457781,0.821608832807571,0.7405558579710387,0.8939103787398702,0.05440709611756817,0.0,1.0,1609,1585,24,3885,57,114,31,0
qwen3.5-9b,repope_to_pope,repope,pope,MIND-main,tierA,50pct_hard_negatives,source_calibration,False,rho=0.005549295555194952,passed,,0.5,20260508,0.5316011235955056,0.5229723621396083,0.5413042191200299,0.790251572327044,0.777988555465762,0.8018839811126562,0.06320224719101124,0.0,0.41949685534591197,1635,1590,45,3885,57,114,165,0
qwen3.5-9b,repope_to_pope,repope,pope,MIND-param,tierA,50pct_hard_negatives,source_calibration,False,single_vmf,passed,,0.5,20260508,0.26151390062403285,0.1675768441388391,0.3652616059951123,0.9505101327742838,0.9336211085026065,0.9635234968885361,0.2725284425584208,0.08888888888888889,0.11886792452830189,1635,1590,45,3885,57,114,165,0
qwen3.5-9b,repope_to_pope,repope,pope,logistic(z),tierA,50pct_hard_negatives,source_calibration,False,C=0.1,passed,,0.5,20260508,0.3058590425691983,0.20658838851561906,0.39991931039660794,0.9495877009084556,0.9321004585269066,0.9628434319235463,0.24133317197214996,0.0,0.11886792452830189,1635,1590,45,3885,57,114,165,0
qwen3.5-9b,repope_to_pope,repope,pope,final-hidden linear probe,tierA,same_constraint_linear_or_cached,source_calibration,False,C=1.0,passed,,0.5,20260508,0.4046860427171508,0.301612543825217,0.4988090918232159,0.7836477987421384,0.7099217748625233,0.8563544008076385,0.16692816409343272,0.0,1.0,1635,1590,45,3885,57,114,165,0
qwen3.5-9b,repope_to_pope,repope,pope,output-confidence,tierA,same_constraint_linear_or_cached,source_calibration,False,negative_top2_margin,passed,,0.5,20260508,0.22653579426170356,0.14115987987531348,0.34483532614623863,0.9283088749126485,0.9065126700042332,0.9486100286437402,0.2488418607146781,0.2,0.18427672955974841,1635,1590,45,3885,57,114,165,0
qwen3.5-9b,repope_to_pope,repope,pope,HALP-lite,tierA,same_constraint_linear_or_cached,source_calibration,False,C=10.0,passed,,0.5,20260508,0.4887005922838379,0.42399908325378544,0.5400132170463359,0.8310482180293501,0.7729641715772373,0.8805765328132978,0.09652686762778506,0.0,1.0,1635,1590,45,3885,57,114,165,0
qwen3.5-9b,repope_to_pope,repope,pope,MIND-main,tierA,50pct_hard_negatives,oracle_target_calibration,True,rho=0.005985318429289541,passed,,0.5,20260508,0.5222725049848207,0.4922589102411308,0.5406450793189821,0.7971348707197763,0.7792402009434183,0.8130949770048778,0.06544591087054241,0.0,0.39308176100628933,1635,1590,45,3885,57,114,165,0
qwen3.5-9b,repope_to_pope,repope,pope,MIND-param,tierA,50pct_hard_negatives,oracle_target_calibration,True,single_vmf,passed,,0.5,20260508,0.26151390062403285,0.1675768441388391,0.3652616059951123,0.9505101327742838,0.9336211085026065,0.9635234968885361,0.2725284425584208,0.08888888888888889,0.11886792452830189,1635,1590,45,3885,57,114,165,0
qwen3.5-9b,repope_to_pope,repope,pope,logistic(z),tierA,50pct_hard_negatives,oracle_target_calibration,True,C=1.0,passed,,0.5,20260508,0.33271251259233964,0.22361590806950649,0.4303499300239675,0.7249266247379454,0.6462474763067538,0.7945060818983933,0.13857499993975678,0.0,1.0,1635,1590,45,3885,57,114,165,0
qwen3.5-9b,repope_to_pope,repope,pope,final-hidden linear probe,tierA,same_constraint_linear_or_cached,oracle_target_calibration,True,C=1.0,passed,,0.5,20260508,0.4046860427171508,0.301612543825217,0.4988090918232159,0.7836477987421384,0.7099217748625233,0.8563544008076385,0.16692816409343272,0.0,1.0,1635,1590,45,3885,57,114,165,0
qwen3.5-9b,repope_to_pope,repope,pope,output-confidence,tierA,same_constraint_linear_or_cached,oracle_target_calibration,True,negative_top2_margin,passed,,0.5,20260508,0.22653579426170356,0.14115987987531348,0.34483532614623863,0.9283088749126485,0.9065126700042332,0.9486100286437402,0.2488418607146781,0.2,0.18427672955974841,1635,1590,45,3885,57,114,165,0
qwen3.5-9b,repope_to_pope,repope,pope,HALP-lite,tierA,same_constraint_linear_or_cached,oracle_target_calibration,True,C=10.0,passed,,0.5,20260508,0.4887005922838379,0.42399908325378544,0.5400132170463359,0.8310482180293501,0.7729641715772373,0.8805765328132978,0.09652686762778506,0.0,1.0,1635,1590,45,3885,57,114,165,0
qwen3.5-9b,repope_to_dashb,repope,dash-b,MIND-main,tierA,50pct_hard_negatives,source_calibration,False,rho=0.005549295555194952,passed,,0.5,20260508,0.6967592592592593,0.6740139211136891,0.7212076459204294,0.5183823529411764,0.508844420234128,0.5313653136531366,0.39351851851851855,0.0,0.9632352941176471,442,272,170,3885,57,114,1,0
qwen3.5-9b,repope_to_dashb,repope,dash-b,MIND-param,tierA,50pct_hard_negatives,source_calibration,False,single_vmf,passed,,0.5,20260508,0.7543198434942181,0.676624295656476,0.8245669385950692,0.8690743944636677,0.8344042822634007,0.900216840849508,0.7559854016325157,0.07647058823529412,0.45588235294117646,442,272,170,3885,57,114,1,0
qwen3.5-9b,repope_to_dashb,repope,dash-b,logistic(z),tierA,50pct_hard_negatives,source_calibration,False,C=0.1,passed,,0.5,20260508,0.752207419488766,0.673184829284107,0.8219107601765808,0.8563040657439446,0.819073743940749,0.8916505263483755,0.7436383776175433,0.07647058823529412,1.0,442,272,170,3885,57,114,1,0
qwen3.5-9b,repope_to_dashb,repope,dash-b,final-hidden linear probe,tierA,same_constraint_linear_or_cached,source_calibration,False,C=1.0,passed,,0.5,20260508,0.6938863403389273,0.6349407099303512,0.7574624122889226,0.6952097750865052,0.6529170968331578,0.738746652394579,0.5566858997528921,0.0,1.0,442,272,170,3885,57,114,1,0
qwen3.5-9b,repope_to_dashb,repope,dash-b,output-confidence,tierA,same_constraint_linear_or_cached,source_calibration,False,negative_top2_margin,passed,,0.5,20260508,0.5044309576782543,0.4404675424212389,0.5877552130819811,0.7210964532871972,0.6719782293733243,0.7694582210299836,0.511116133126555,0.0,0.5514705882352942,442,272,170,3885,57,114,1,0
qwen3.5-9b,repope_to_dashb,repope,dash-b,HALP-lite,tierA,same_constraint_linear_or_cached,source_calibration,False,C=10.0,passed,,0.5,20260508,0.7349575558131707,0.6916916713151269,0.7801962503547973,0.7242647058823529,0.6838423850350522,0.7632733346954245,0.5442952769155978,0.0,1.0,442,272,170,3885,57,114,1,0
qwen3.5-9b,repope_to_dashb,repope,dash-b,MIND-main,tierA,50pct_hard_negatives,oracle_target_calibration,True,rho=0.020866880406477713,passed,,0.5,20260508,0.7185053804752024,0.6479956301567741,0.7837327429939112,0.8261461937716263,0.7892154599075606,0.8612911873646959,0.6909510042761018,0.0,0.5220588235294118,442,272,170,3885,57,114,1,0
qwen3.5-9b,repope_to_dashb,repope,dash-b,MIND-param,tierA,50pct_hard_negatives,oracle_target_calibration,True,single_vmf,passed,,0.5,20260508,0.7543198434942181,0.676624295656476,0.8245669385950692,0.8690743944636677,0.8344042822634007,0.900216840849508,0.7559854016325157,0.07647058823529412,0.45588235294117646,442,272,170,3885,57,114,1,0
qwen3.5-9b,repope_to_dashb,repope,dash-b,logistic(z),tierA,50pct_hard_negatives,oracle_target_calibration,True,C=0.1,passed,,0.5,20260508,0.752207419488766,0.673184829284107,0.8219107601765808,0.8563040657439446,0.819073743940749,0.8916505263483755,0.7436383776175433,0.07647058823529412,1.0,442,272,170,3885,57,114,1,0
qwen3.5-9b,repope_to_dashb,repope,dash-b,final-hidden linear probe,tierA,same_constraint_linear_or_cached,oracle_target_calibration,True,C=0.1,passed,,0.5,20260508,0.7461305551932185,0.6800970075387837,0.8119933264482289,0.7894571799307959,0.748046881345163,0.8319288227764313,0.6968710730349295,0.06470588235294118,1.0,442,272,170,3885,57,114,1,0
qwen3.5-9b,repope_to_dashb,repope,dash-b,output-confidence,tierA,same_constraint_linear_or_cached,oracle_target_calibration,True,negative_top2_margin,passed,,0.5,20260508,0.5044309576782543,0.4404675424212389,0.5877552130819811,0.7210964532871972,0.6719782293733243,0.7694582210299836,0.511116133126555,0.0,0.5514705882352942,442,272,170,3885,57,114,1,0
qwen3.5-9b,repope_to_dashb,repope,dash-b,HALP-lite,tierA,same_constraint_linear_or_cached,oracle_target_calibration,True,C=10.0,passed,,0.5,20260508,0.7349575558131707,0.6916916713151269,0.7801962503547973,0.7242647058823529,0.6838423850350522,0.7632733346954245,0.5442952769155978,0.0,1.0,442,272,170,3885,57,114,1,0
phi-4-multimodal-instruct,pope_to_dashb,pope,dash-b,MIND-main,tierA,50pct_hard_negatives,source_calibration,False,rho=0.008509822661335379,passed,,0.5,20260506,0.7476395323792687,0.7214376541564005,0.7715640420468357,0.5199543189368772,0.5061702770461672,0.5353549590088561,0.49995708183786486,0.0,0.9508928571428571,439,224,215,3945,78,156,4,0
phi-4-multimodal-instruct,pope_to_dashb,pope,dash-b,MIND-param,tierA,50pct_hard_negatives,source_calibration,False,single_vmf,passed,,0.5,20260506,0.8070038835954398,0.7498331557350933,0.8585205279625936,0.8218853820598007,0.7852474232307003,0.8573175847792575,0.8079064121887418,0.08372093023255814,0.6741071428571429,439,224,215,3945,78,156,4,0
phi-4-multimodal-instruct,pope_to_dashb,pope,dash-b,logistic(z),tierA,50pct_hard_negatives,source_calibration,False,C=1.0,passed,,0.5,20260506,0.8040530354957376,0.7577143988140711,0.8482090260367027,0.7314472591362126,0.693664189988886,0.7718652693217133,0.7077909032257597,0.0,1.0,439,224,215,3945,78,156,4,0
phi-4-multimodal-instruct,pope_to_dashb,pope,dash-b,final-hidden linear probe,tierA,same_constraint_linear_or_cached,source_calibration,False,C=1.0,passed,,0.5,20260506,0.7775451008490143,0.7317383819718465,0.8190141680439679,0.7172549833887043,0.6750752427583797,0.7608997287912338,0.6532178164434128,0.0,1.0,439,224,215,3945,78,156,4,0
phi-4-multimodal-instruct,pope_to_dashb,pope,dash-b,output-confidence,tierA,same_constraint_linear_or_cached,source_calibration,False,negative_top2_margin,passed,,0.5,20260506,0.46649120762046287,0.40665532744814353,0.5267803029126429,0.4769622093023255,0.42162566731060097,0.5324216200298881,0.4634473589287457,0.0,0.9598214285714286,439,224,215,3945,78,156,4,0
phi-4-multimodal-instruct,pope_to_dashb,pope,dash-b,HALP-lite,tierA,same_constraint_linear_or_cached,source_calibration,False,C=10.0,passed,,0.5,20260506,0.7174087740219282,0.6625376540101158,0.7745705230521762,0.640220099667774,0.6011226152622535,0.6804501349107513,0.5942202843936795,0.0,1.0,439,224,215,3945,78,156,4,0
phi-4-multimodal-instruct,pope_to_dashb,pope,dash-b,MIND-main,tierA,50pct_hard_negatives,oracle_target_calibration,True,rho=0.0395477935030685,passed,,0.5,20260506,0.6638927315911121,0.5947319828825489,0.7405642378647992,0.7364098837209302,0.6918233298729921,0.7849036022945972,0.6675116914383031,0.027906976744186046,0.6116071428571429,439,224,215,3945,78,156,4,0
phi-4-multimodal-instruct,pope_to_dashb,pope,dash-b,MIND-param,tierA,50pct_hard_negatives,oracle_target_calibration,True,single_vmf,passed,,0.5,20260506,0.8070038835954398,0.7498331557350933,0.8585205279625936,0.8218853820598007,0.7852474232307003,0.8573175847792575,0.8079064121887418,0.08372093023255814,0.6741071428571429,439,224,215,3945,78,156,4,0
phi-4-multimodal-instruct,pope_to_dashb,pope,dash-b,logistic(z),tierA,50pct_hard_negatives,oracle_target_calibration,True,C=1.0,passed,,0.5,20260506,0.8040530354957376,0.7577143988140711,0.8482090260367027,0.7314472591362126,0.693664189988886,0.7718652693217133,0.7077909032257597,0.0,1.0,439,224,215,3945,78,156,4,0
phi-4-multimodal-instruct,pope_to_dashb,pope,dash-b,final-hidden linear probe,tierA,same_constraint_linear_or_cached,oracle_target_calibration,True,C=1.0,passed,,0.5,20260506,0.7775451008490143,0.7317383819718465,0.8190141680439679,0.7172549833887043,0.6750752427583797,0.7608997287912338,0.6532178164434128,0.0,1.0,439,224,215,3945,78,156,4,0
phi-4-multimodal-instruct,pope_to_dashb,pope,dash-b,output-confidence,tierA,same_constraint_linear_or_cached,oracle_target_calibration,True,negative_top2_margin,passed,,0.5,20260506,0.46649120762046287,0.40665532744814353,0.5267803029126429,0.4769622093023255,0.42162566731060097,0.5324216200298881,0.4634473589287457,0.0,0.9598214285714286,439,224,215,3945,78,156,4,0
phi-4-multimodal-instruct,pope_to_dashb,pope,dash-b,HALP-lite,tierA,same_constraint_linear_or_cached,oracle_target_calibration,True,C=10.0,passed,,0.5,20260506,0.7174087740219282,0.6625376540101158,0.7745705230521762,0.640220099667774,0.6011226152622535,0.6804501349107513,0.5942202843936795,0.0,1.0,439,224,215,3945,78,156,4,0
phi-4-multimodal-instruct,pope_to_dashb,pope,dash-b,MIND-main,tierA,50pct_hard_negatives,source_calibration,False,rho=0.006068092755169929,passed,,0.5,20260507,0.7477522046586694,0.7218925013034037,0.7760923842157423,0.5414244186046512,0.5176987293225626,0.5672189783758985,0.5117595006364024,0.0,0.8839285714285714,439,224,215,3945,78,156,4,0
phi-4-multimodal-instruct,pope_to_dashb,pope,dash-b,MIND-param,tierA,50pct_hard_negatives,source_calibration,False,single_vmf,passed,,0.5,20260507,0.760697573154392,0.700615966281683,0.8214379168689918,0.7889950166112957,0.7446624237197724,0.8290481453986908,0.7625526134685515,0.018604651162790697,0.6339285714285714,439,224,215,3945,78,156,4,0
phi-4-multimodal-instruct,pope_to_dashb,pope,dash-b,logistic(z),tierA,50pct_hard_negatives,source_calibration,False,C=10.0,passed,,0.5,20260507,0.753437377401966,0.7030445305185037,0.8020079605259874,0.6673691860465115,0.6262760807384434,0.7053035409928314,0.6251572378127962,0.0,1.0,439,224,215,3945,78,156,4,0
phi-4-multimodal-instruct,pope_to_dashb,pope,dash-b,final-hidden linear probe,tierA,same_constraint_linear_or_cached,source_calibration,False,C=1.0,passed,,0.5,20260507,0.7366154695761554,0.6779743799019273,0.7900532067395077,0.5957641196013289,0.5684117612339937,0.6237581218635728,0.5736740579860985,0.0,1.0,439,224,215,3945,78,156,4,0
phi-4-multimodal-instruct,pope_to_dashb,pope,dash-b,output-confidence,tierA,same_constraint_linear_or_cached,source_calibration,False,negative_top2_margin,passed,,0.5,20260507,0.46649120762046287,0.40971051824816873,0.5331749184689207,0.4769622093023255,0.42022635895668653,0.5294927868012547,0.4634473589287457,0.0,0.9598214285714286,439,224,215,3945,78,156,4,0
phi-4-multimodal-instruct,pope_to_dashb,pope,dash-b,HALP-lite,tierA,same_constraint_linear_or_cached,source_calibration,False,C=10.0,passed,,0.5,20260507,0.6726272612331786,0.6158826572090813,0.7262008073532512,0.5984738372093023,0.5561980859298553,0.638949867097139,0.5547410366520841,0.0,1.0,439,224,215,3945,78,156,4,0
phi-4-multimodal-instruct,pope_to_dashb,pope,dash-b,MIND-main,tierA,50pct_hard_negatives,oracle_target_calibration,True,rho=0.013701554444521825,passed,,0.5,20260507,0.6932696529116731,0.6469416121110172,0.7443601401967113,0.6645867940199335,0.6160821316758773,0.713903282121851,0.6000298606357115,0.0,0.7678571428571429,439,224,215,3945,78,156,4,0
phi-4-multimodal-instruct,pope_to_dashb,pope,dash-b,MIND-param,tierA,50pct_hard_negatives,oracle_target_calibration,True,single_vmf,passed,,0.5,20260507,0.760697573154392,0.700615966281683,0.8214379168689918,0.7889950166112957,0.7446624237197724,0.8290481453986908,0.7625526134685515,0.018604651162790697,0.6339285714285714,439,224,215,3945,78,156,4,0
phi-4-multimodal-instruct,pope_to_dashb,pope,dash-b,logistic(z),tierA,50pct_hard_negatives,oracle_target_calibration,True,C=0.1,passed,,0.5,20260507,0.7828435044717301,0.7328413530977855,0.8353785237550162,0.791611295681063,0.747579197757334,0.8319077009582634,0.7727886886804054,0.0,0.5892857142857143,439,224,215,3945,78,156,4,0
phi-4-multimodal-instruct,pope_to_dashb,pope,dash-b,final-hidden linear probe,tierA,same_constraint_linear_or_cached,oracle_target_calibration,True,C=0.1,passed,,0.5,20260507,0.7956938899455938,0.7403021584284217,0.8494874633342128,0.8156561461794019,0.7770735691095904,0.8516851852638978,0.7850337820260107,0.08372093023255814,1.0,439,224,215,3945,78,156,4,0
phi-4-multimodal-instruct,pope_to_dashb,pope,dash-b,output-confidence,tierA,same_constraint_linear_or_cached,oracle_target_calibration,True,negative_top2_margin,passed,,0.5,20260507,0.46649120762046287,0.40971051824816873,0.5331749184689207,0.4769622093023255,0.42022635895668653,0.5294927868012547,0.4634473589287457,0.0,0.9598214285714286,439,224,215,3945,78,156,4,0
phi-4-multimodal-instruct,pope_to_dashb,pope,dash-b,HALP-lite,tierA,same_constraint_linear_or_cached,oracle_target_calibration,True,C=0.1,passed,,0.5,20260507,0.723848793588113,0.6650432490288807,0.7778647330031947,0.6762873754152825,0.6350481974834108,0.7173841243278543,0.6624351908683705,0.0,1.0,439,224,215,3945,78,156,4,0
phi-4-multimodal-instruct,pope_to_dashb,pope,dash-b,MIND-main,tierA,50pct_hard_negatives,source_calibration,False,rho=0.009042170067260717,passed,,0.5,20260508,0.6816419151693868,0.6412126593402208,0.7217938342291398,0.5235049833887043,0.480100862001651,0.5683147966877558,0.5029528787768958,0.0,0.9151785714285714,439,224,215,3945,78,156,4,0
phi-4-multimodal-instruct,pope_to_dashb,pope,dash-b,MIND-param,tierA,50pct_hard_negatives,source_calibration,False,single_vmf,passed,,0.5,20260508,0.7630458147125612,0.6975300781639966,0.8185468102378569,0.7869393687707642,0.7453813558034684,0.8255805798328739,0.7642040255679136,0.07906976744186046,0.6160714285714286,439,224,215,3945,78,156,4,0
phi-4-multimodal-instruct,pope_to_dashb,pope,dash-b,logistic(z),tierA,50pct_hard_negatives,source_calibration,False,C=0.1,passed,,0.5,20260508,0.770508376137932,0.7145710089195964,0.8200604046642805,0.7806374584717608,0.7363541847900309,0.8196984836209565,0.7438912403748231,0.0,0.6383928571428571,439,224,215,3945,78,156,4,0
phi-4-multimodal-instruct,pope_to_dashb,pope,dash-b,final-hidden linear probe,tierA,same_constraint_linear_or_cached,source_calibration,False,C=0.1,passed,,0.5,20260508,0.7282194365264296,0.6631569701324295,0.7856954902878209,0.7228612956810632,0.6749439280299863,0.7668044312992942,0.6995858823466781,0.0,1.0,439,224,215,3945,78,156,4,0
phi-4-multimodal-instruct,pope_to_dashb,pope,dash-b,output-confidence,tierA,same_constraint_linear_or_cached,source_calibration,False,negative_top2_margin,passed,,0.5,20260508,0.46649120762046287,0.4063391339799609,0.5257995043270614,0.4769622093023255,0.42353314109076884,0.5307980139055385,0.4634473589287457,0.0,0.9598214285714286,439,224,215,3945,78,156,4,0
phi-4-multimodal-instruct,pope_to_dashb,pope,dash-b,HALP-lite,tierA,same_constraint_linear_or_cached,source_calibration,False,C=1.0,passed,,0.5,20260508,0.705598843773974,0.6463329482250988,0.7601313062259966,0.6336482558139533,0.5912317596427217,0.6759846051933425,0.6042282027106937,0.0,1.0,439,224,215,3945,78,156,4,0
phi-4-multimodal-instruct,pope_to_dashb,pope,dash-b,MIND-main,tierA,50pct_hard_negatives,oracle_target_calibration,True,rho=0.012335865580437502,passed,,0.5,20260508,0.6600556936754334,0.6040308599968565,0.7131489120267845,0.6259966777408638,0.5744619165912338,0.6737917081006333,0.5761637990968764,0.0,0.8169642857142857,439,224,215,3945,78,156,4,0
phi-4-multimodal-instruct,pope_to_dashb,pope,dash-b,MIND-param,tierA,50pct_hard_negatives,oracle_target_calibration,True,single_vmf,passed,,0.5,20260508,0.7630458147125612,0.6975300781639966,0.8185468102378569,0.7869393687707642,0.7453813558034684,0.8255805798328739,0.7642040255679136,0.07906976744186046,0.6160714285714286,439,224,215,3945,78,156,4,0
phi-4-multimodal-instruct,pope_to_dashb,pope,dash-b,logistic(z),tierA,50pct_hard_negatives,oracle_target_calibration,True,C=10.0,passed,,0.5,20260508,0.7485564999470637,0.6892397766757913,0.796338790869774,0.6126453488372093,0.5785821771723505,0.6445114175415251,0.591773692730444,0.0,1.0,439,224,215,3945,78,156,4,0
phi-4-multimodal-instruct,pope_to_dashb,pope,dash-b,final-hidden linear probe,tierA,same_constraint_linear_or_cached,oracle_target_calibration,True,C=10.0,passed,,0.5,20260508,0.7281266164106931,0.6767649387178895,0.7770279298432735,0.6541009136212624,0.6124112719830145,0.6966945006365245,0.5996864899796064,0.0,1.0,439,224,215,3945,78,156,4,0
phi-4-multimodal-instruct,pope_to_dashb,pope,dash-b,output-confidence,tierA,same_constraint_linear_or_cached,oracle_target_calibration,True,negative_top2_margin,passed,,0.5,20260508,0.46649120762046287,0.4063391339799609,0.5257995043270614,0.4769622093023255,0.42353314109076884,0.5307980139055385,0.4634473589287457,0.0,0.9598214285714286,439,224,215,3945,78,156,4,0
phi-4-multimodal-instruct,pope_to_dashb,pope,dash-b,HALP-lite,tierA,same_constraint_linear_or_cached,oracle_target_calibration,True,C=0.1,passed,,0.5,20260508,0.7439850186428564,0.6849658777250184,0.7943053498572046,0.7368666943521593,0.6907611430233959,0.778338462982164,0.7065148865605545,0.0,1.0,439,224,215,3945,78,156,4,0
phi-4-multimodal-instruct,repope_to_repope,repope,repope,MIND-main,tierA,50pct_hard_negatives,source_calibration,False,rho=0.010536207423065968,passed,,0.5,20260506,0.452176539039983,0.39306133825611644,0.5009461677744609,0.8093609134384367,0.7803059960937242,0.8342030202377217,0.0921594458453967,0.0,0.48374253483742535,1565,1507,58,3719,98,197,75,0
phi-4-multimodal-instruct,repope_to_repope,repope,repope,MIND-param,tierA,50pct_hard_negatives,source_calibration,False,single_vmf,passed,,0.5,20260506,0.3861656438046078,0.26371250122489287,0.5123019558838026,0.9019861336750338,0.8491709162783099,0.9438033397531175,0.39210809458418977,0.22413793103448276,0.2780358327803583,1565,1507,58,3719,98,197,75,0
phi-4-multimodal-instruct,repope_to_repope,repope,repope,logistic(z),tierA,50pct_hard_negatives,source_calibration,False,C=1.0,passed,,0.5,20260506,0.41360813961832577,0.3124101481967317,0.5150365624321159,0.7512642152712629,0.6826359642066279,0.8140881192926958,0.20142986400289997,0.0,1.0,1565,1507,58,3719,98,197,75,0
phi-4-multimodal-instruct,repope_to_repope,repope,repope,final-hidden linear probe,tierA,same_constraint_linear_or_cached,source_calibration,False,C=0.1,passed,,0.5,20260506,0.3717734413117705,0.2610977359750311,0.49045442559024977,0.927848202640551,0.893738162005657,0.955306592659715,0.3366425710729147,0.2413793103448276,0.18911745189117452,1565,1507,58,3719,98,197,75,0
phi-4-multimodal-instruct,repope_to_repope,repope,repope,output-confidence,tierA,same_constraint_linear_or_cached,source_calibration,False,negative_top2_margin,passed,,0.5,20260506,0.1528780482207614,0.10864210286316466,0.20761923634544752,0.8463492208772854,0.7915764496687215,0.8944046014418062,0.1655574469769612,0.0,0.6914399469143995,1565,1507,58,3719,98,197,75,0
phi-4-multimodal-instruct,repope_to_repope,repope,repope,HALP-lite,tierA,same_constraint_linear_or_cached,source_calibration,False,C=0.1,passed,,0.5,20260506,0.40117929047699286,0.28720165362254635,0.5205618274450452,0.8587739972084296,0.8050092455163603,0.9109596548167689,0.3151575277255534,0.0,1.0,1565,1507,58,3719,98,197,75,0
phi-4-multimodal-instruct,repope_to_repope,repope,repope,MIND-main,tierA,50pct_hard_negatives,oracle_target_calibration,True,rho=0.010536207423065968,passed,,0.5,20260506,0.452176539039983,0.39306133825611644,0.5009461677744609,0.8093609134384367,0.7803059960937242,0.8342030202377217,0.0921594458453967,0.0,0.48374253483742535,1565,1507,58,3719,98,197,75,0
phi-4-multimodal-instruct,repope_to_repope,repope,repope,MIND-param,tierA,50pct_hard_negatives,oracle_target_calibration,True,single_vmf,passed,,0.5,20260506,0.3861656438046078,0.26371250122489287,0.5123019558838026,0.9019861336750338,0.8491709162783099,0.9438033397531175,0.39210809458418977,0.22413793103448276,0.2780358327803583,1565,1507,58,3719,98,197,75,0
phi-4-multimodal-instruct,repope_to_repope,repope,repope,logistic(z),tierA,50pct_hard_negatives,oracle_target_calibration,True,C=1.0,passed,,0.5,20260506,0.41360813961832577,0.3124101481967317,0.5150365624321159,0.7512642152712629,0.6826359642066279,0.8140881192926958,0.20142986400289997,0.0,1.0,1565,1507,58,3719,98,197,75,0
phi-4-multimodal-instruct,repope_to_repope,repope,repope,final-hidden linear probe,tierA,same_constraint_linear_or_cached,oracle_target_calibration,True,C=0.1,passed,,0.5,20260506,0.3717734413117705,0.2610977359750311,0.49045442559024977,0.927848202640551,0.893738162005657,0.955306592659715,0.3366425710729147,0.2413793103448276,0.18911745189117452,1565,1507,58,3719,98,197,75,0
phi-4-multimodal-instruct,repope_to_repope,repope,repope,output-confidence,tierA,same_constraint_linear_or_cached,oracle_target_calibration,True,negative_top2_margin,passed,,0.5,20260506,0.1528780482207614,0.10864210286316466,0.20761923634544752,0.8463492208772854,0.7915764496687215,0.8944046014418062,0.1655574469769612,0.0,0.6914399469143995,1565,1507,58,3719,98,197,75,0
phi-4-multimodal-instruct,repope_to_repope,repope,repope,HALP-lite,tierA,same_constraint_linear_or_cached,oracle_target_calibration,True,C=0.1,passed,,0.5,20260506,0.40117929047699286,0.28720165362254635,0.5205618274450452,0.8587739972084296,0.8050092455163603,0.9109596548167689,0.3151575277255534,0.0,1.0,1565,1507,58,3719,98,197,75,0
phi-4-multimodal-instruct,repope_to_pope,repope,pope,MIND-main,tierA,50pct_hard_negatives,source_calibration,False,rho=0.010536207423065968,passed,,0.5,20260506,0.4709652914995736,0.418233940713272,0.5149582668410365,0.8018676829058948,0.7745726926446225,0.8247349676651002,0.0863390115798825,0.0,0.5081539465101109,1590,1533,57,3719,98,197,210,0
phi-4-multimodal-instruct,repope_to_pope,repope,pope,MIND-param,tierA,50pct_hard_negatives,source_calibration,False,single_vmf,passed,,0.5,20260506,0.252732431818085,0.173440322904223,0.3606657194686242,0.8995777114017922,0.8477862225897143,0.9386846694436833,0.2666827376073902,0.14035087719298245,0.2511415525114155,1590,1533,57,3719,98,197,210,0
phi-4-multimodal-instruct,repope_to_pope,repope,pope,logistic(z),tierA,50pct_hard_negatives,source_calibration,False,C=1.0,passed,,0.5,20260506,0.4186852432560554,0.31855409290979037,0.5111606857970519,0.7777491674391459,0.7107905844155845,0.836803682199447,0.2003647779451294,0.0,1.0,1590,1533,57,3719,98,197,210,0
phi-4-multimodal-instruct,repope_to_pope,repope,pope,final-hidden linear probe,tierA,same_constraint_linear_or_cached,source_calibration,False,C=0.1,passed,,0.5,20260506,0.29060045604112617,0.20649688870258434,0.391557181935689,0.9166294732264451,0.8807397793290335,0.944052518664164,0.2552239385483608,0.0,0.21656881930854532,1590,1533,57,3719,98,197,210,0
phi-4-multimodal-instruct,repope_to_pope,repope,pope,output-confidence,tierA,same_constraint_linear_or_cached,source_calibration,False,negative_top2_margin,passed,,0.5,20260506,0.16116883000996382,0.10642380427306838,0.2286804360925835,0.8398049919318845,0.7853066040937466,0.8902833311225344,0.17364926775473646,0.0,0.6836268754076973,1590,1533,57,3719,98,197,210,0
phi-4-multimodal-instruct,repope_to_pope,repope,pope,HALP-lite,tierA,same_constraint_linear_or_cached,source_calibration,False,C=0.1,passed,,0.5,20260506,0.36125586670787735,0.2572724095385027,0.466449176096424,0.8532976276307207,0.7932770759639195,0.9041391048284912,0.2731901576019207,0.0,1.0,1590,1533,57,3719,98,197,210,0
phi-4-multimodal-instruct,repope_to_pope,repope,pope,MIND-main,tierA,50pct_hard_negatives,oracle_target_calibration,True,rho=0.010829137691293886,passed,,0.5,20260506,0.4474580156778624,0.39170304708411785,0.5010816006803503,0.8042938396218857,0.7759011920421561,0.8290576946053984,0.08698744809616518,0.0,0.487279843444227,1590,1533,57,3719,98,197,210,0
phi-4-multimodal-instruct,repope_to_pope,repope,pope,MIND-param,tierA,50pct_hard_negatives,oracle_target_calibration,True,single_vmf,passed,,0.5,20260506,0.252732431818085,0.173440322904223,0.3606657194686242,0.8995777114017922,0.8477862225897143,0.9386846694436833,0.2666827376073902,0.14035087719298245,0.2511415525114155,1590,1533,57,3719,98,197,210,0
phi-4-multimodal-instruct,repope_to_pope,repope,pope,logistic(z),tierA,50pct_hard_negatives,oracle_target_calibration,True,C=1.0,passed,,0.5,20260506,0.4186852432560554,0.31855409290979037,0.5111606857970519,0.7777491674391459,0.7107905844155845,0.836803682199447,0.2003647779451294,0.0,1.0,1590,1533,57,3719,98,197,210,0
phi-4-multimodal-instruct,repope_to_pope,repope,pope,final-hidden linear probe,tierA,same_constraint_linear_or_cached,oracle_target_calibration,True,C=10.0,passed,,0.5,20260506,0.4406141106741002,0.34421221129188034,0.5200272083876507,0.7683020336228699,0.7033612657502867,0.8293680748572185,0.17671102284011916,0.0,1.0,1590,1533,57,3719,98,197,210,0
phi-4-multimodal-instruct,repope_to_pope,repope,pope,output-confidence,tierA,same_constraint_linear_or_cached,oracle_target_calibration,True,negative_top2_margin,passed,,0.5,20260506,0.16116883000996382,0.10642380427306838,0.2286804360925835,0.8398049919318845,0.7853066040937466,0.8902833311225344,0.17364926775473646,0.0,0.6836268754076973,1590,1533,57,3719,98,197,210,0
phi-4-multimodal-instruct,repope_to_pope,repope,pope,HALP-lite,tierA,same_constraint_linear_or_cached,oracle_target_calibration,True,C=0.1,passed,,0.5,20260506,0.36125586670787735,0.2572724095385027,0.466449176096424,0.8532976276307207,0.7932770759639195,0.9041391048284912,0.2731901576019207,0.0,1.0,1590,1533,57,3719,98,197,210,0
phi-4-multimodal-instruct,repope_to_dashb,repope,dash-b,MIND-main,tierA,50pct_hard_negatives,source_calibration,False,rho=0.010536207423065968,passed,,0.5,20260506,0.7222799692959596,0.6919040568288206,0.753318200118822,0.5124273255813953,0.48198714995956327,0.5444992607780713,0.49688088700560584,0.0,0.9732142857142857,439,224,215,3719,98,197,4,0
phi-4-multimodal-instruct,repope_to_dashb,repope,dash-b,MIND-param,tierA,50pct_hard_negatives,source_calibration,False,single_vmf,passed,,0.5,20260506,0.7108086175961732,0.6449157659649638,0.7743339252422304,0.7465531561461793,0.6967538308728948,0.792245879748868,0.7120270116369806,0.08372093023255814,0.625,439,224,215,3719,98,197,4,0
phi-4-multimodal-instruct,repope_to_dashb,repope,dash-b,logistic(z),tierA,50pct_hard_negatives,source_calibration,False,C=1.0,passed,,0.5,20260506,0.7052510057052511,0.6501982649271689,0.7594650112993147,0.6489929401993355,0.6045802051879156,0.6932055555072527,0.5987324285817897,0.0,1.0,439,224,215,3719,98,197,4,0
phi-4-multimodal-instruct,repope_to_dashb,repope,dash-b,final-hidden linear probe,tierA,same_constraint_linear_or_cached,source_calibration,False,C=0.1,passed,,0.5,20260506,0.7251624383113737,0.6601577167492767,0.7901002586733594,0.7746470099667775,0.728612032876097,0.8181162228322764,0.7178643893039038,0.0,0.5223214285714286,439,224,215,3719,98,197,4,0
phi-4-multimodal-instruct,repope_to_dashb,repope,dash-b,output-confidence,tierA,same_constraint_linear_or_cached,source_calibration,False,negative_top2_margin,passed,,0.5,20260506,0.46649120762046287,0.40665532744814353,0.5267803029126429,0.4769622093023255,0.42162566731060097,0.5324216200298881,0.4634473589287457,0.0,0.9598214285714286,439,224,215,3719,98,197,4,0
phi-4-multimodal-instruct,repope_to_dashb,repope,dash-b,HALP-lite,tierA,same_constraint_linear_or_cached,source_calibration,False,C=0.1,passed,,0.5,20260506,0.7526040251069287,0.6932107773916265,0.8036660815880167,0.7280523255813953,0.6849262395543665,0.7702772534362623,0.7284758867265435,0.16279069767441862,1.0,439,224,215,3719,98,197,4,0
phi-4-multimodal-instruct,repope_to_dashb,repope,dash-b,MIND-main,tierA,50pct_hard_negatives,oracle_target_calibration,True,rho=0.020396287146285677,passed,,0.5,20260506,0.6014853451478404,0.5427557274839435,0.6598629435627282,0.5947570598006644,0.5401643022498851,0.6459251214617046,0.5467669071438681,0.0,0.7991071428571429,439,224,215,3719,98,197,4,0
phi-4-multimodal-instruct,repope_to_dashb,repope,dash-b,MIND-param,tierA,50pct_hard_negatives,oracle_target_calibration,True,single_vmf,passed,,0.5,20260506,0.7108086175961732,0.6449157659649638,0.7743339252422304,0.7465531561461793,0.6967538308728948,0.792245879748868,0.7120270116369806,0.08372093023255814,0.625,439,224,215,3719,98,197,4,0
phi-4-multimodal-instruct,repope_to_dashb,repope,dash-b,logistic(z),tierA,50pct_hard_negatives,oracle_target_calibration,True,C=0.1,passed,,0.5,20260506,0.7172973814450905,0.6564239154971728,0.7779856648513696,0.7462728405315614,0.6974108893013238,0.792736705451023,0.6879569469991419,0.0,0.6294642857142857,439,224,215,3719,98,197,4,0
phi-4-multimodal-instruct,repope_to_dashb,repope,dash-b,final-hidden linear probe,tierA,same_constraint_linear_or_cached,oracle_target_calibration,True,C=0.1,passed,,0.5,20260506,0.7251624383113737,0.6601577167492767,0.7901002586733594,0.7746470099667775,0.728612032876097,0.8181162228322764,0.7178643893039038,0.0,0.5223214285714286,439,224,215,3719,98,197,4,0
phi-4-multimodal-instruct,repope_to_dashb,repope,dash-b,output-confidence,tierA,same_constraint_linear_or_cached,oracle_target_calibration,True,negative_top2_margin,passed,,0.5,20260506,0.46649120762046287,0.40665532744814353,0.5267803029126429,0.4769622093023255,0.42162566731060097,0.5324216200298881,0.4634473589287457,0.0,0.9598214285714286,439,224,215,3719,98,197,4,0
phi-4-multimodal-instruct,repope_to_dashb,repope,dash-b,HALP-lite,tierA,same_constraint_linear_or_cached,oracle_target_calibration,True,C=10.0,passed,,0.5,20260506,0.7716311161310363,0.7416457243353589,0.7987176132575031,0.6326827242524916,0.5972690218827763,0.6674145698388972,0.5672496898006143,0.0,1.0,439,224,215,3719,98,197,4,0
phi-4-multimodal-instruct,repope_to_repope,repope,repope,MIND-main,tierA,50pct_hard_negatives,source_calibration,False,rho=0.011085827296444634,passed,,0.5,20260507,0.3156738432721534,0.22698516465907925,0.40850546565333573,0.873904537445942,0.8374281694917508,0.9057816760991495,0.1915007683082029,0.0,0.4041141340411413,1565,1507,58,3719,98,197,75,0
phi-4-multimodal-instruct,repope_to_repope,repope,repope,MIND-param,tierA,50pct_hard_negatives,source_calibration,False,single_vmf,passed,,0.5,20260507,0.32118882617662814,0.20293666553388576,0.45895435081551517,0.8220717113241653,0.7522016542301835,0.885133029285113,0.3297501871353111,0.2413793103448276,0.794293297942933,1565,1507,58,3719,98,197,75,0
phi-4-multimodal-instruct,repope_to_repope,repope,repope,logistic(z),tierA,50pct_hard_negatives,source_calibration,False,C=10.0,passed,,0.5,20260507,0.42820269826698776,0.3281845817214122,0.5325716617436865,0.7244239525890671,0.6640789793502844,0.78977545777202,0.19702776827493432,0.0,1.0,1565,1507,58,3719,98,197,75,0
phi-4-multimodal-instruct,repope_to_repope,repope,repope,final-hidden linear probe,tierA,same_constraint_linear_or_cached,source_calibration,False,C=1.0,passed,,0.5,20260507,0.414773736070315,0.32944104464484614,0.503905470778331,0.7573049905040844,0.6986270101767212,0.8215318428617054,0.1651020974253901,0.0,1.0,1565,1507,58,3719,98,197,75,0
phi-4-multimodal-instruct,repope_to_repope,repope,repope,output-confidence,tierA,same_constraint_linear_or_cached,source_calibration,False,negative_top2_margin,passed,,0.5,20260507,0.1528780482207614,0.10699751875569631,0.21272660508265226,0.8463492208772854,0.78842037507562,0.8931411054618025,0.1655574469769612,0.0,0.6914399469143995,1565,1507,58,3719,98,197,75,0
phi-4-multimodal-instruct,repope_to_repope,repope,repope,HALP-lite,tierA,same_constraint_linear_or_cached,source_calibration,False,C=0.1,passed,,0.5,20260507,0.4062602617742974,0.3181885600295814,0.4997661778485797,0.8664965791822071,0.8153647899801066,0.9140090209300558,0.23100249527264224,0.0,1.0,1565,1507,58,3719,98,197,75,0
phi-4-multimodal-instruct,repope_to_repope,repope,repope,MIND-main,tierA,50pct_hard_negatives,oracle_target_calibration,True,rho=0.011085827296444634,passed,,0.5,20260507,0.3156738432721534,0.22698516465907925,0.40850546565333573,0.873904537445942,0.8374281694917508,0.9057816760991495,0.1915007683082029,0.0,0.4041141340411413,1565,1507,58,3719,98,197,75,0
phi-4-multimodal-instruct,repope_to_repope,repope,repope,MIND-param,tierA,50pct_hard_negatives,oracle_target_calibration,True,single_vmf,passed,,0.5,20260507,0.32118882617662814,0.20293666553388576,0.45895435081551517,0.8220717113241653,0.7522016542301835,0.885133029285113,0.3297501871353111,0.2413793103448276,0.794293297942933,1565,1507,58,3719,98,197,75,0
phi-4-multimodal-instruct,repope_to_repope,repope,repope,logistic(z),tierA,50pct_hard_negatives,oracle_target_calibration,True,C=10.0,passed,,0.5,20260507,0.42820269826698776,0.3281845817214122,0.5325716617436865,0.7244239525890671,0.6640789793502844,0.78977545777202,0.19702776827493432,0.0,1.0,1565,1507,58,3719,98,197,75,0
phi-4-multimodal-instruct,repope_to_repope,repope,repope,final-hidden linear probe,tierA,same_constraint_linear_or_cached,oracle_target_calibration,True,C=1.0,passed,,0.5,20260507,0.414773736070315,0.32944104464484614,0.503905470778331,0.7573049905040844,0.6986270101767212,0.8215318428617054,0.1651020974253901,0.0,1.0,1565,1507,58,3719,98,197,75,0
phi-4-multimodal-instruct,repope_to_repope,repope,repope,output-confidence,tierA,same_constraint_linear_or_cached,oracle_target_calibration,True,negative_top2_margin,passed,,0.5,20260507,0.1528780482207614,0.10699751875569631,0.21272660508265226,0.8463492208772854,0.78842037507562,0.8931411054618025,0.1655574469769612,0.0,0.6914399469143995,1565,1507,58,3719,98,197,75,0
phi-4-multimodal-instruct,repope_to_repope,repope,repope,HALP-lite,tierA,same_constraint_linear_or_cached,oracle_target_calibration,True,C=0.1,passed,,0.5,20260507,0.4062602617742974,0.3181885600295814,0.4997661778485797,0.8664965791822071,0.8153647899801066,0.9140090209300558,0.23100249527264224,0.0,1.0,1565,1507,58,3719,98,197,75,0
phi-4-multimodal-instruct,repope_to_pope,repope,pope,MIND-main,tierA,50pct_hard_negatives,source_calibration,False,rho=0.011085827296444634,passed,,0.5,20260507,0.2983175164866788,0.21076043689875626,0.3893659576124066,0.8742461175770476,0.8425252900589789,0.9061427399375325,0.16659234169029477,0.0,0.30006523157208087,1590,1533,57,3719,98,197,210,0
phi-4-multimodal-instruct,repope_to_pope,repope,pope,MIND-param,tierA,50pct_hard_negatives,source_calibration,False,single_vmf,passed,,0.5,20260507,0.2100049680671908,0.1383822843640097,0.3081279311923629,0.8540758288415102,0.7960825064792703,0.9058275748989275,0.22145043542397358,0.15789473684210525,0.6229615133724723,1590,1533,57,3719,98,197,210,0
phi-4-multimodal-instruct,repope_to_pope,repope,pope,logistic(z),tierA,50pct_hard_negatives,source_calibration,False,C=10.0,passed,,0.5,20260507,0.3678353367976506,0.267516769400548,0.4654603340466131,0.6979778212654926,0.637047298602397,0.7639095645735066,0.14615926065434676,0.0,1.0,1590,1533,57,3719,98,197,210,0
phi-4-multimodal-instruct,repope_to_pope,repope,pope,final-hidden linear probe,tierA,same_constraint_linear_or_cached,source_calibration,False,C=1.0,passed,,0.5,20260507,0.4010678652263729,0.3166316166454062,0.4785814823548166,0.7549524496171938,0.694032189194541,0.8202956136952277,0.1438173849675883,0.0,1.0,1590,1533,57,3719,98,197,210,0
phi-4-multimodal-instruct,repope_to_pope,repope,pope,output-confidence,tierA,same_constraint_linear_or_cached,source_calibration,False,negative_top2_margin,passed,,0.5,20260507,0.16116883000996382,0.10857548742653049,0.22881960802262555,0.8398049919318845,0.7831180114752264,0.8890872244918736,0.17364926775473646,0.0,0.6836268754076973,1590,1533,57,3719,98,197,210,0
phi-4-multimodal-instruct,repope_to_pope,repope,pope,HALP-lite,tierA,same_constraint_linear_or_cached,source_calibration,False,C=0.1,passed,,0.5,20260507,0.40640819039864834,0.3191116721995167,0.49646276096594616,0.8809695471555602,0.8372354519854277,0.9229532942448919,0.21948938260677955,0.0,1.0,1590,1533,57,3719,98,197,210,0
phi-4-multimodal-instruct,repope_to_pope,repope,pope,MIND-main,tierA,50pct_hard_negatives,oracle_target_calibration,True,rho=0.006725940130461203,passed,,0.5,20260507,0.4549798304147218,0.39331654573071834,0.5083221946019363,0.8516897265996041,0.8280692214793349,0.8728899032375208,0.11219301910902271,0.0,0.350293542074364,1590,1533,57,3719,98,197,210,0
phi-4-multimodal-instruct,repope_to_pope,repope,pope,MIND-param,tierA,50pct_hard_negatives,oracle_target_calibration,True,single_vmf,passed,,0.5,20260507,0.2100049680671908,0.1383822843640097,0.3081279311923629,0.8540758288415102,0.7960825064792703,0.9058275748989275,0.22145043542397358,0.15789473684210525,0.6229615133724723,1590,1533,57,3719,98,197,210,0
phi-4-multimodal-instruct,repope_to_pope,repope,pope,logistic(z),tierA,50pct_hard_negatives,oracle_target_calibration,True,C=10.0,passed,,0.5,20260507,0.3678353367976506,0.267516769400548,0.4654603340466131,0.6979778212654926,0.637047298602397,0.7639095645735066,0.14615926065434676,0.0,1.0,1590,1533,57,3719,98,197,210,0
phi-4-multimodal-instruct,repope_to_pope,repope,pope,final-hidden linear probe,tierA,same_constraint_linear_or_cached,oracle_target_calibration,True,C=1.0,passed,,0.5,20260507,0.4010678652263729,0.3166316166454062,0.4785814823548166,0.7549524496171938,0.694032189194541,0.8202956136952277,0.1438173849675883,0.0,1.0,1590,1533,57,3719,98,197,210,0
phi-4-multimodal-instruct,repope_to_pope,repope,pope,output-confidence,tierA,same_constraint_linear_or_cached,oracle_target_calibration,True,negative_top2_margin,passed,,0.5,20260507,0.16116883000996382,0.10857548742653049,0.22881960802262555,0.8398049919318845,0.7831180114752264,0.8890872244918736,0.17364926775473646,0.0,0.6836268754076973,1590,1533,57,3719,98,197,210,0
phi-4-multimodal-instruct,repope_to_pope,repope,pope,HALP-lite,tierA,same_constraint_linear_or_cached,oracle_target_calibration,True,C=0.1,passed,,0.5,20260507,0.40640819039864834,0.3191116721995167,0.49646276096594616,0.8809695471555602,0.8372354519854277,0.9229532942448919,0.21948938260677955,0.0,1.0,1590,1533,57,3719,98,197,210,0
phi-4-multimodal-instruct,repope_to_dashb,repope,dash-b,MIND-main,tierA,50pct_hard_negatives,source_calibration,False,rho=0.011085827296444634,passed,,0.5,20260507,0.6328823388236686,0.5704995025317812,0.701836848744335,0.6642234219269103,0.6136999085934507,0.7135376286641935,0.6047475327959211,0.0,0.7008928571428571,439,224,215,3719,98,197,4,0
phi-4-multimodal-instruct,repope_to_dashb,repope,dash-b,MIND-param,tierA,50pct_hard_negatives,source_calibration,False,single_vmf,passed,,0.5,20260507,0.6867189074484104,0.6201205646465774,0.7500332885362506,0.7155730897009966,0.6693014238218262,0.7590210425176744,0.6878920289825265,0.10232558139534884,0.6696428571428571,439,224,215,3719,98,197,4,0
phi-4-multimodal-instruct,repope_to_dashb,repope,dash-b,logistic(z),tierA,50pct_hard_negatives,source_calibration,False,C=10.0,passed,,0.5,20260507,0.6572413790950762,0.5786841642615909,0.729601483713368,0.5625415282392027,0.5305675731201113,0.5924580818825103,0.5388452821196371,0.0,1.0,439,224,215,3719,98,197,4,0
phi-4-multimodal-instruct,repope_to_dashb,repope,dash-b,final-hidden linear probe,tierA,same_constraint_linear_or_cached,source_calibration,False,C=1.0,passed,,0.5,20260507,0.7231425141760115,0.6782948206569147,0.7699367417057508,0.6541009136212624,0.6083574864642267,0.6984712666090741,0.5911638153136255,0.0,1.0,439,224,215,3719,98,197,4,0
phi-4-multimodal-instruct,repope_to_dashb,repope,dash-b,output-confidence,tierA,same_constraint_linear_or_cached,source_calibration,False,negative_top2_margin,passed,,0.5,20260507,0.46649120762046287,0.40971051824816873,0.5331749184689207,0.4769622093023255,0.42022635895668653,0.5294927868012547,0.4634473589287457,0.0,0.9598214285714286,439,224,215,3719,98,197,4,0
phi-4-multimodal-instruct,repope_to_dashb,repope,dash-b,HALP-lite,tierA,same_constraint_linear_or_cached,source_calibration,False,C=0.1,passed,,0.5,20260507,0.7109047633087746,0.6600398798247822,0.7594175998529163,0.6828696013289037,0.6343098082613716,0.7279511122736911,0.6071076816851795,0.0,0.7008928571428571,439,224,215,3719,98,197,4,0
phi-4-multimodal-instruct,repope_to_dashb,repope,dash-b,MIND-main,tierA,50pct_hard_negatives,oracle_target_calibration,True,rho=0.00907443042611431,passed,,0.5,20260507,0.6568937139915122,0.6011208481990064,0.7154818383110255,0.6519622093023255,0.6043847628754411,0.7016416344675724,0.5855865219647687,0.0,0.75,439,224,215,3719,98,197,4,0
phi-4-multimodal-instruct,repope_to_dashb,repope,dash-b,MIND-param,tierA,50pct_hard_negatives,oracle_target_calibration,True,single_vmf,passed,,0.5,20260507,0.6867189074484104,0.6201205646465774,0.7500332885362506,0.7155730897009966,0.6693014238218262,0.7590210425176744,0.6878920289825265,0.10232558139534884,0.6696428571428571,439,224,215,3719,98,197,4,0
phi-4-multimodal-instruct,repope_to_dashb,repope,dash-b,logistic(z),tierA,50pct_hard_negatives,oracle_target_calibration,True,C=0.1,passed,,0.5,20260507,0.6868385148416607,0.6196758032742345,0.7500699567800694,0.7189161129568107,0.6735123614382047,0.7631670017963575,0.6816300268940009,0.0,0.6428571428571429,439,224,215,3719,98,197,4,0
phi-4-multimodal-instruct,repope_to_dashb,repope,dash-b,final-hidden linear probe,tierA,same_constraint_linear_or_cached,oracle_target_calibration,True,C=1.0,passed,,0.5,20260507,0.7231425141760115,0.6782948206569147,0.7699367417057508,0.6541009136212624,0.6083574864642267,0.6984712666090741,0.5911638153136255,0.0,1.0,439,224,215,3719,98,197,4,0
phi-4-multimodal-instruct,repope_to_dashb,repope,dash-b,output-confidence,tierA,same_constraint_linear_or_cached,oracle_target_calibration,True,negative_top2_margin,passed,,0.5,20260507,0.46649120762046287,0.40971051824816873,0.5331749184689207,0.4769622093023255,0.42022635895668653,0.5294927868012547,0.4634473589287457,0.0,0.9598214285714286,439,224,215,3719,98,197,4,0
phi-4-multimodal-instruct,repope_to_dashb,repope,dash-b,HALP-lite,tierA,same_constraint_linear_or_cached,oracle_target_calibration,True,C=10.0,passed,,0.5,20260507,0.699472519252971,0.6551810085444809,0.7452866817833979,0.5938226744186047,0.547127454927941,0.6402734537152346,0.5437108577916089,0.0,1.0,439,224,215,3719,98,197,4,0
phi-4-multimodal-instruct,repope_to_repope,repope,repope,MIND-main,tierA,50pct_hard_negatives,source_calibration,False,rho=0.00474060353489238,passed,,0.5,20260508,0.48102142338164766,0.4299395810050457,0.5239984742217682,0.796449900464499,0.7646022251817571,0.8212045257720392,0.08947414747072642,0.0,0.5262110152621101,1565,1507,58,3719,98,197,75,0
phi-4-multimodal-instruct,repope_to_repope,repope,repope,MIND-param,tierA,50pct_hard_negatives,source_calibration,False,single_vmf,passed,,0.5,20260508,0.3681597766079722,0.2395013396888539,0.486644786612948,0.8672631169484932,0.8076960927061523,0.9183697827023872,0.3735688277236399,0.3275862068965517,0.504313205043132,1565,1507,58,3719,98,197,75,0
phi-4-multimodal-instruct,repope_to_repope,repope,repope,logistic(z),tierA,50pct_hard_negatives,source_calibration,False,C=1.0,passed,,0.5,20260508,0.3857923963330192,0.2756663354753731,0.4886281501489924,0.7179598654554608,0.6482796650253453,0.7839810187882984,0.18603255973082364,0.0,1.0,1565,1507,58,3719,98,197,75,0
phi-4-multimodal-instruct,repope_to_repope,repope,repope,final-hidden linear probe,tierA,same_constraint_linear_or_cached,source_calibration,False,C=0.1,passed,,0.5,20260508,0.43422970215274764,0.30856150182971404,0.5460969644480734,0.9196851474727137,0.8839837536837113,0.9492034204594612,0.3944197566236327,0.3103448275862069,0.23822163238221633,1565,1507,58,3719,98,197,75,0
phi-4-multimodal-instruct,repope_to_repope,repope,repope,output-confidence,tierA,same_constraint_linear_or_cached,source_calibration,False,negative_top2_margin,passed,,0.5,20260508,0.1528780482207614,0.10608441753424251,0.20865204125676332,0.8463492208772854,0.7924673381911319,0.8934673943337418,0.1655574469769612,0.0,0.6914399469143995,1565,1507,58,3719,98,197,75,0
phi-4-multimodal-instruct,repope_to_repope,repope,repope,HALP-lite,tierA,same_constraint_linear_or_cached,source_calibration,False,C=0.1,passed,,0.5,20260508,0.4198740883371494,0.317255130487894,0.5070235991887779,0.8745452257282109,0.8216094310018112,0.9226558466615892,0.2305154437172082,0.0,1.0,1565,1507,58,3719,98,197,75,0
phi-4-multimodal-instruct,repope_to_repope,repope,repope,MIND-main,tierA,50pct_hard_negatives,oracle_target_calibration,True,rho=0.00474060353489238,passed,,0.5,20260508,0.48102142338164766,0.4299395810050457,0.5239984742217682,0.796449900464499,0.7646022251817571,0.8212045257720392,0.08947414747072642,0.0,0.5262110152621101,1565,1507,58,3719,98,197,75,0
phi-4-multimodal-instruct,repope_to_repope,repope,repope,MIND-param,tierA,50pct_hard_negatives,oracle_target_calibration,True,single_vmf,passed,,0.5,20260508,0.3681597766079722,0.2395013396888539,0.486644786612948,0.8672631169484932,0.8076960927061523,0.9183697827023872,0.3735688277236399,0.3275862068965517,0.504313205043132,1565,1507,58,3719,98,197,75,0
phi-4-multimodal-instruct,repope_to_repope,repope,repope,logistic(z),tierA,50pct_hard_negatives,oracle_target_calibration,True,C=1.0,passed,,0.5,20260508,0.3857923963330192,0.2756663354753731,0.4886281501489924,0.7179598654554608,0.6482796650253453,0.7839810187882984,0.18603255973082364,0.0,1.0,1565,1507,58,3719,98,197,75,0
phi-4-multimodal-instruct,repope_to_repope,repope,repope,final-hidden linear probe,tierA,same_constraint_linear_or_cached,oracle_target_calibration,True,C=0.1,passed,,0.5,20260508,0.43422970215274764,0.30856150182971404,0.5460969644480734,0.9196851474727137,0.8839837536837113,0.9492034204594612,0.3944197566236327,0.3103448275862069,0.23822163238221633,1565,1507,58,3719,98,197,75,0
phi-4-multimodal-instruct,repope_to_repope,repope,repope,output-confidence,tierA,same_constraint_linear_or_cached,oracle_target_calibration,True,negative_top2_margin,passed,,0.5,20260508,0.1528780482207614,0.10608441753424251,0.20865204125676332,0.8463492208772854,0.7924673381911319,0.8934673943337418,0.1655574469769612,0.0,0.6914399469143995,1565,1507,58,3719,98,197,75,0
phi-4-multimodal-instruct,repope_to_repope,repope,repope,HALP-lite,tierA,same_constraint_linear_or_cached,oracle_target_calibration,True,C=0.1,passed,,0.5,20260508,0.4198740883371494,0.317255130487894,0.5070235991887779,0.8745452257282109,0.8216094310018112,0.9226558466615892,0.2305154437172082,0.0,1.0,1565,1507,58,3719,98,197,75,0
phi-4-multimodal-instruct,repope_to_pope,repope,pope,MIND-main,tierA,50pct_hard_negatives,source_calibration,False,rho=0.00474060353489238,passed,,0.5,20260508,0.5022494627162944,0.46029154804320144,0.5360322974471374,0.7974044700793079,0.7705240223056041,0.819197159220676,0.08547652026647357,0.0,0.4748858447488584,1590,1533,57,3719,98,197,210,0
phi-4-multimodal-instruct,repope_to_pope,repope,pope,MIND-param,tierA,50pct_hard_negatives,source_calibration,False,single_vmf,passed,,0.5,20260508,0.22035279084916312,0.13892996165074156,0.32306588294562033,0.8606218743205044,0.8075969677511105,0.9039291073062825,0.23205850560553848,0.12280701754385964,0.4324853228962818,1590,1533,57,3719,98,197,210,0
phi-4-multimodal-instruct,repope_to_pope,repope,pope,logistic(z),tierA,50pct_hard_negatives,source_calibration,False,C=1.0,passed,,0.5,20260508,0.3247368617968594,0.22363676959050313,0.41503964620784173,0.6889541204609698,0.6197227863394594,0.7475767970297451,0.13273055786440355,0.0,1.0,1590,1533,57,3719,98,197,210,0
phi-4-multimodal-instruct,repope_to_pope,repope,pope,final-hidden linear probe,tierA,same_constraint_linear_or_cached,source_calibration,False,C=0.1,passed,,0.5,20260508,0.3944406029176221,0.27584394327249534,0.5012723003059034,0.9130016822879116,0.876569338339499,0.9402357384434362,0.33597556527663786,0.2982456140350877,0.2126549249836921,1590,1533,57,3719,98,197,210,0
phi-4-multimodal-instruct,repope_to_pope,repope,pope,output-confidence,tierA,same_constraint_linear_or_cached,source_calibration,False,negative_top2_margin,passed,,0.5,20260508,0.16116883000996382,0.11352754272578598,0.22445411985315095,0.8398049919318845,0.7873603187572976,0.8910067428744777,0.17364926775473646,0.0,0.6836268754076973,1590,1533,57,3719,98,197,210,0
phi-4-multimodal-instruct,repope_to_pope,repope,pope,HALP-lite,tierA,same_constraint_linear_or_cached,source_calibration,False,C=0.1,passed,,0.5,20260508,0.3930209924885643,0.2961042021531503,0.4753836643217497,0.8806262230919766,0.833549171496489,0.9199682761686458,0.20671214670239896,0.0,1.0,1590,1533,57,3719,98,197,210,0
phi-4-multimodal-instruct,repope_to_pope,repope,pope,MIND-main,tierA,50pct_hard_negatives,oracle_target_calibration,True,rho=0.004803223898755496,passed,,0.5,20260508,0.5030709909275961,0.4609581136690768,0.5368978288413228,0.8013984733523306,0.7751597222534624,0.8229231802982453,0.08696867954639087,0.0,0.4598825831702544,1590,1533,57,3719,98,197,210,0
phi-4-multimodal-instruct,repope_to_pope,repope,pope,MIND-param,tierA,50pct_hard_negatives,oracle_target_calibration,True,single_vmf,passed,,0.5,20260508,0.22035279084916312,0.13892996165074156,0.32306588294562033,0.8606218743205044,0.8075969677511105,0.9039291073062825,0.23205850560553848,0.12280701754385964,0.4324853228962818,1590,1533,57,3719,98,197,210,0
phi-4-multimodal-instruct,repope_to_pope,repope,pope,logistic(z),tierA,50pct_hard_negatives,oracle_target_calibration,True,C=1.0,passed,,0.5,20260508,0.3247368617968594,0.22363676959050313,0.41503964620784173,0.6889541204609698,0.6197227863394594,0.7475767970297451,0.13273055786440355,0.0,1.0,1590,1533,57,3719,98,197,210,0
phi-4-multimodal-instruct,repope_to_pope,repope,pope,final-hidden linear probe,tierA,same_constraint_linear_or_cached,oracle_target_calibration,True,C=10.0,passed,,0.5,20260508,0.3658361704290439,0.2746870425774904,0.4481278928620459,0.7136448427003582,0.6490366356343502,0.7732036808509005,0.12827408142999006,0.0,1.0,1590,1533,57,3719,98,197,210,0
phi-4-multimodal-instruct,repope_to_pope,repope,pope,output-confidence,tierA,same_constraint_linear_or_cached,oracle_target_calibration,True,negative_top2_margin,passed,,0.5,20260508,0.16116883000996382,0.11352754272578598,0.22445411985315095,0.8398049919318845,0.7873603187572976,0.8910067428744777,0.17364926775473646,0.0,0.6836268754076973,1590,1533,57,3719,98,197,210,0
phi-4-multimodal-instruct,repope_to_pope,repope,pope,HALP-lite,tierA,same_constraint_linear_or_cached,oracle_target_calibration,True,C=0.1,passed,,0.5,20260508,0.3930209924885643,0.2961042021531503,0.4753836643217497,0.8806262230919766,0.833549171496489,0.9199682761686458,0.20671214670239896,0.0,1.0,1590,1533,57,3719,98,197,210,0
phi-4-multimodal-instruct,repope_to_dashb,repope,dash-b,MIND-main,tierA,50pct_hard_negatives,source_calibration,False,rho=0.00474060353489238,passed,,0.5,20260508,0.7541173032853157,0.7257004875018811,0.7805640732236604,0.5559281561461793,0.5299872374926791,0.5780881934647066,0.5195364364292758,0.0,0.8660714285714286,439,224,215,3719,98,197,4,0
phi-4-multimodal-instruct,repope_to_dashb,repope,dash-b,MIND-param,tierA,50pct_hard_negatives,source_calibration,False,single_vmf,passed,,0.5,20260508,0.622978201585,0.5456240566262646,0.6935899369071854,0.6628945182724253,0.6078295514367046,0.7125923431241474,0.6252283465650049,0.04186046511627907,0.7544642857142857,439,224,215,3719,98,197,4,0
phi-4-multimodal-instruct,repope_to_dashb,repope,dash-b,logistic(z),tierA,50pct_hard_negatives,source_calibration,False,C=1.0,passed,,0.5,20260508,0.6398149223173911,0.5706449768172799,0.7014018858414542,0.5790074750830565,0.533788486088214,0.6221918507153893,0.5437937925407517,0.0,1.0,439,224,215,3719,98,197,4,0
phi-4-multimodal-instruct,repope_to_dashb,repope,dash-b,final-hidden linear probe,tierA,same_constraint_linear_or_cached,source_calibration,False,C=0.1,passed,,0.5,20260508,0.6770753511687384,0.6026107013054662,0.7444790336115545,0.7262769933554818,0.672528858904046,0.7714681508497329,0.6742224586684747,0.09302325581395349,0.6071428571428571,439,224,215,3719,98,197,4,0
phi-4-multimodal-instruct,repope_to_dashb,repope,dash-b,output-confidence,tierA,same_constraint_linear_or_cached,source_calibration,False,negative_top2_margin,passed,,0.5,20260508,0.46649120762046287,0.4063391339799609,0.5257995043270614,0.4769622093023255,0.42353314109076884,0.5307980139055385,0.4634473589287457,0.0,0.9598214285714286,439,224,215,3719,98,197,4,0
phi-4-multimodal-instruct,repope_to_dashb,repope,dash-b,HALP-lite,tierA,same_constraint_linear_or_cached,source_calibration,False,C=0.1,passed,,0.5,20260508,0.6794073413357009,0.6260389524515847,0.7266505489035313,0.6219788205980066,0.5674300690581185,0.6698620884932335,0.5551590543437641,0.0,0.7098214285714286,439,224,215,3719,98,197,4,0
phi-4-multimodal-instruct,repope_to_dashb,repope,dash-b,MIND-main,tierA,50pct_hard_negatives,oracle_target_calibration,True,rho=0.011978842532134748,passed,,0.5,20260508,0.6949070914432167,0.6425555364593512,0.7443110146349294,0.6467192691029902,0.5968459956555193,0.6949369207441732,0.5831851440746476,0.0,0.75,439,224,215,3719,98,197,4,0
phi-4-multimodal-instruct,repope_to_dashb,repope,dash-b,MIND-param,tierA,50pct_hard_negatives,oracle_target_calibration,True,single_vmf,passed,,0.5,20260508,0.622978201585,0.5456240566262646,0.6935899369071854,0.6628945182724253,0.6078295514367046,0.7125923431241474,0.6252283465650049,0.04186046511627907,0.7544642857142857,439,224,215,3719,98,197,4,0
phi-4-multimodal-instruct,repope_to_dashb,repope,dash-b,logistic(z),tierA,50pct_hard_negatives,oracle_target_calibration,True,C=1.0,passed,,0.5,20260508,0.6398149223173911,0.5706449768172799,0.7014018858414542,0.5790074750830565,0.533788486088214,0.6221918507153893,0.5437937925407517,0.0,1.0,439,224,215,3719,98,197,4,0
phi-4-multimodal-instruct,repope_to_dashb,repope,dash-b,final-hidden linear probe,tierA,same_constraint_linear_or_cached,oracle_target_calibration,True,C=10.0,passed,,0.5,20260508,0.6625483412634485,0.6062041327851516,0.7103518611887708,0.5695598006644519,0.5179032972880169,0.612868475879458,0.529766435832173,0.0,1.0,439,224,215,3719,98,197,4,0
phi-4-multimodal-instruct,repope_to_dashb,repope,dash-b,output-confidence,tierA,same_constraint_linear_or_cached,oracle_target_calibration,True,negative_top2_margin,passed,,0.5,20260508,0.46649120762046287,0.4063391339799609,0.5257995043270614,0.4769622093023255,0.42353314109076884,0.5307980139055385,0.4634473589287457,0.0,0.9598214285714286,439,224,215,3719,98,197,4,0
phi-4-multimodal-instruct,repope_to_dashb,repope,dash-b,HALP-lite,tierA,same_constraint_linear_or_cached,oracle_target_calibration,True,C=0.1,passed,,0.5,20260508,0.6794073413357009,0.6260389524515847,0.7266505489035313,0.6219788205980066,0.5674300690581185,0.6698620884932335,0.5551590543437641,0.0,0.7098214285714286,439,224,215,3719,98,197,4,0
phi-3.5-vision-instruct,pope_to_dashb,pope,dash-b,MIND-main,tierA,50pct_hard_negatives,source_calibration,False,rho=0.005483784039195831,passed,,0.5,20260506,0.6623985063307375,0.6172520133222815,0.7077768534500818,0.649671208250544,0.6074148332764726,0.6923580301663184,0.4587682334845108,0.0,0.7859778597785978,427,271,156,3808,46,92,16,0
phi-3.5-vision-instruct,pope_to_dashb,pope,dash-b,MIND-param,tierA,50pct_hard_negatives,source_calibration,False,single_vmf,passed,,0.5,20260506,0.5821961094043805,0.5007496093129536,0.66373087679448,0.6809064244488598,0.6250725318022092,0.7363431293013698,0.5843966906714952,0.04487179487179487,0.8929889298892989,427,271,156,3808,46,92,16,0
phi-3.5-vision-instruct,pope_to_dashb,pope,dash-b,logistic(z),tierA,50pct_hard_negatives,source_calibration,False,C=1.0,passed,,0.5,20260506,0.6908064612982646,0.6674626902993496,0.7150351288056206,0.5128205128205128,0.5030674846625767,0.5266282051282052,0.3816129225965291,0.02564102564102564,1.0,427,271,156,3808,46,92,16,0
phi-3.5-vision-instruct,pope_to_dashb,pope,dash-b,final-hidden linear probe,tierA,same_constraint_linear_or_cached,source_calibration,False,C=1.0,passed,,0.5,20260506,0.680485837794555,0.6350338208782901,0.7226481926571265,0.6466080045415838,0.6025988277413113,0.6872293599460927,0.455235294079819,0.0,1.0,427,271,156,3808,46,92,16,0
phi-3.5-vision-instruct,pope_to_dashb,pope,dash-b,output-confidence,tierA,same_constraint_linear_or_cached,source_calibration,False,negative_top2_margin,passed,,0.5,20260506,0.358825611159624,0.3012337967145394,0.4174394903237767,0.5253216955246476,0.4667460700496414,0.577031042898069,0.3668305794683683,0.0,0.959409594095941,427,271,156,3808,46,92,16,0
phi-3.5-vision-instruct,pope_to_dashb,pope,dash-b,HALP-lite,tierA,same_constraint_linear_or_cached,source_calibration,False,C=10.0,passed,,0.5,20260506,0.6023709809271818,0.5475628594318304,0.654692171190673,0.5846343078815404,0.5389553896538894,0.6306482820476927,0.4131471590487984,0.0,1.0,427,271,156,3808,46,92,16,0
phi-3.5-vision-instruct,pope_to_dashb,pope,dash-b,MIND-main,tierA,50pct_hard_negatives,oracle_target_calibration,True,rho=0.007103057080464471,passed,,0.5,20260506,0.6360299528687626,0.5802165674980576,0.6927909568109889,0.6829288485192544,0.6343984988320748,0.729434783137143,0.5019530450825231,0.0,0.7822878228782287,427,271,156,3808,46,92,16,0
phi-3.5-vision-instruct,pope_to_dashb,pope,dash-b,MIND-param,tierA,50pct_hard_negatives,oracle_target_calibration,True,single_vmf,passed,,0.5,20260506,0.5821961094043805,0.5007496093129536,0.66373087679448,0.6809064244488598,0.6250725318022092,0.7363431293013698,0.5843966906714952,0.04487179487179487,0.8929889298892989,427,271,156,3808,46,92,16,0
phi-3.5-vision-instruct,pope_to_dashb,pope,dash-b,logistic(z),tierA,50pct_hard_negatives,oracle_target_calibration,True,C=1.0,passed,,0.5,20260506,0.6908064612982646,0.6674626902993496,0.7150351288056206,0.5128205128205128,0.5030674846625767,0.5266282051282052,0.3816129225965291,0.02564102564102564,1.0,427,271,156,3808,46,92,16,0
phi-3.5-vision-instruct,pope_to_dashb,pope,dash-b,final-hidden linear probe,tierA,same_constraint_linear_or_cached,oracle_target_calibration,True,C=1.0,passed,,0.5,20260506,0.680485837794555,0.6350338208782901,0.7226481926571265,0.6466080045415838,0.6025988277413113,0.6872293599460927,0.455235294079819,0.0,1.0,427,271,156,3808,46,92,16,0
phi-3.5-vision-instruct,pope_to_dashb,pope,dash-b,output-confidence,tierA,same_constraint_linear_or_cached,oracle_target_calibration,True,negative_top2_margin,passed,,0.5,20260506,0.358825611159624,0.3012337967145394,0.4174394903237767,0.5253216955246476,0.4667460700496414,0.577031042898069,0.3668305794683683,0.0,0.959409594095941,427,271,156,3808,46,92,16,0
phi-3.5-vision-instruct,pope_to_dashb,pope,dash-b,HALP-lite,tierA,same_constraint_linear_or_cached,oracle_target_calibration,True,C=0.1,passed,,0.5,20260506,0.5318909128566719,0.4525592535368598,0.6050100771892071,0.6000212886744252,0.5502826904150719,0.6516906938131592,0.451807591072791,0.0,1.0,427,271,156,3808,46,92,16,0
phi-3.5-vision-instruct,pope_to_dashb,pope,dash-b,MIND-main,tierA,50pct_hard_negatives,source_calibration,False,rho=0.003087493853060298,passed,,0.5,20260507,0.7057873114496369,0.6796228343188028,0.7306703875976706,0.5947937363989024,0.5704814990512335,0.6195778790712171,0.4154174639514172,0.0,0.8044280442804428,427,271,156,3808,46,92,16,0
phi-3.5-vision-instruct,pope_to_dashb,pope,dash-b,MIND-param,tierA,50pct_hard_negatives,source_calibration,False,single_vmf,passed,,0.5,20260507,0.6032479610346658,0.5171512950094737,0.6887910287755681,0.7277415081843126,0.6761759328522822,0.7754880795378352,0.6066788764251105,0.04487179487179487,0.8413284132841329,427,271,156,3808,46,92,16,0
phi-3.5-vision-instruct,pope_to_dashb,pope,dash-b,logistic(z),tierA,50pct_hard_negatives,source_calibration,False,C=10.0,passed,,0.5,20260507,0.5500140114894214,0.3308562783585374,0.70395082156974,0.5123592582079666,0.4983897039251662,0.5275352358698836,0.3787215516723713,0.03205128205128205,1.0,427,271,156,3808,46,92,16,0
phi-3.5-vision-instruct,pope_to_dashb,pope,dash-b,final-hidden linear probe,tierA,same_constraint_linear_or_cached,source_calibration,False,C=10.0,passed,,0.5,20260507,0.5637722932804901,0.1885245901639344,0.7079242482798558,0.5077703661652001,0.4980861522131083,0.5202741542722459,0.3727368942532877,0.019230769230769232,1.0,427,271,156,3808,46,92,16,0
phi-3.5-vision-instruct,pope_to_dashb,pope,dash-b,output-confidence,tierA,same_constraint_linear_or_cached,source_calibration,False,negative_top2_margin,passed,,0.5,20260507,0.358825611159624,0.3044415846951406,0.4191485432184688,0.5253216955246476,0.4699075753521254,0.5805060534287871,0.3668305794683683,0.0,0.959409594095941,427,271,156,3808,46,92,16,0
phi-3.5-vision-instruct,pope_to_dashb,pope,dash-b,HALP-lite,tierA,same_constraint_linear_or_cached,source_calibration,False,C=1.0,passed,,0.5,20260507,0.5470067730462815,0.48469602218665814,0.6069651185450164,0.5566160469297001,0.5078995668034656,0.6050089791851833,0.3989318246950524,0.0,1.0,427,271,156,3808,46,92,16,0
phi-3.5-vision-instruct,pope_to_dashb,pope,dash-b,MIND-main,tierA,50pct_hard_negatives,oracle_target_calibration,True,rho=0.005659312756235091,passed,,0.5,20260507,0.5947348151216388,0.531237239596767,0.6548912216561114,0.6571340713407134,0.6022271500163555,0.7066722047072942,0.47223345588538035,0.0,0.8081180811808119,427,271,156,3808,46,92,16,0
phi-3.5-vision-instruct,pope_to_dashb,pope,dash-b,MIND-param,tierA,50pct_hard_negatives,oracle_target_calibration,True,single_vmf,passed,,0.5,20260507,0.6032479610346658,0.5171512950094737,0.6887910287755681,0.7277415081843126,0.6761759328522822,0.7754880795378352,0.6066788764251105,0.04487179487179487,0.8413284132841329,427,271,156,3808,46,92,16,0
phi-3.5-vision-instruct,pope_to_dashb,pope,dash-b,logistic(z),tierA,50pct_hard_negatives,oracle_target_calibration,True,C=1.0,passed,,0.5,20260507,0.5817227626653857,0.39529141253857963,0.7078719745203856,0.5187103794114865,0.5020846072059888,0.5363462778629212,0.38286961975486566,0.04487179487179487,1.0,427,271,156,3808,46,92,16,0
phi-3.5-vision-instruct,pope_to_dashb,pope,dash-b,final-hidden linear probe,tierA,same_constraint_linear_or_cached,oracle_target_calibration,True,C=0.1,passed,,0.5,20260507,0.46140008286983203,0.3858678073193212,0.5415169124641165,0.5821979373639891,0.5313184389218125,0.6349451705234583,0.42269070791230584,0.0,1.0,427,271,156,3808,46,92,16,0
phi-3.5-vision-instruct,pope_to_dashb,pope,dash-b,output-confidence,tierA,same_constraint_linear_or_cached,oracle_target_calibration,True,negative_top2_margin,passed,,0.5,20260507,0.358825611159624,0.3044415846951406,0.4191485432184688,0.5253216955246476,0.4699075753521254,0.5805060534287871,0.3668305794683683,0.0,0.959409594095941,427,271,156,3808,46,92,16,0
phi-3.5-vision-instruct,pope_to_dashb,pope,dash-b,HALP-lite,tierA,same_constraint_linear_or_cached,oracle_target_calibration,True,C=1.0,passed,,0.5,20260507,0.5470067730462815,0.48469602218665814,0.6069651185450164,0.5566160469297001,0.5078995668034656,0.6050089791851833,0.3989318246950524,0.0,1.0,427,271,156,3808,46,92,16,0
phi-3.5-vision-instruct,pope_to_dashb,pope,dash-b,MIND-main,tierA,50pct_hard_negatives,source_calibration,False,rho=0.005872640658861507,passed,,0.5,20260508,0.6811402390741701,0.6474719725996143,0.7117521646851092,0.5693064622953922,0.5398282046035503,0.6006630444811785,0.4011289588417405,0.0,0.922509225092251,427,271,156,3808,46,92,16,0
phi-3.5-vision-instruct,pope_to_dashb,pope,dash-b,MIND-param,tierA,50pct_hard_negatives,source_calibration,False,single_vmf,passed,,0.5,20260508,0.6218642081019875,0.5405872658935731,0.7018817821983258,0.7373923739237394,0.6870748016911638,0.7897964870600634,0.6240897878660246,0.0641025641025641,0.7896678966789668,427,271,156,3808,46,92,16,0
phi-3.5-vision-instruct,pope_to_dashb,pope,dash-b,logistic(z),tierA,50pct_hard_negatives,source_calibration,False,C=0.1,passed,,0.5,20260508,0.6180981446615038,0.5364741638723475,0.697187561314269,0.7416264547260858,0.6927044883171943,0.7907091703700303,0.6203680646106804,0.0641025641025641,0.7859778597785978,427,271,156,3808,46,92,16,0
phi-3.5-vision-instruct,pope_to_dashb,pope,dash-b,final-hidden linear probe,tierA,same_constraint_linear_or_cached,source_calibration,False,C=1.0,passed,,0.5,20260508,0.6111249332892901,0.5393339542051524,0.6737608757075318,0.642468540070016,0.5948052625923795,0.6908418671516888,0.46878668873895557,0.0,1.0,427,271,156,3808,46,92,16,0
phi-3.5-vision-instruct,pope_to_dashb,pope,dash-b,output-confidence,tierA,same_constraint_linear_or_cached,source_calibration,False,negative_top2_margin,passed,,0.5,20260508,0.358825611159624,0.30693435031420274,0.4195444936917455,0.5253216955246476,0.4696416095612683,0.5856384946499855,0.3668305794683683,0.0,0.959409594095941,427,271,156,3808,46,92,16,0
phi-3.5-vision-instruct,pope_to_dashb,pope,dash-b,HALP-lite,tierA,same_constraint_linear_or_cached,source_calibration,False,C=10.0,passed,,0.5,20260508,0.6256685860355526,0.5761108686566064,0.6726638941202668,0.5960355757403728,0.550063212069291,0.6453518134051796,0.41966479586431604,0.0,1.0,427,271,156,3808,46,92,16,0
phi-3.5-vision-instruct,pope_to_dashb,pope,dash-b,MIND-main,tierA,50pct_hard_negatives,oracle_target_calibration,True,rho=0.010020852961789147,passed,,0.5,20260508,0.5215372284438188,0.4561997024205962,0.5829297692486022,0.5948765256883337,0.5395053001152574,0.6433588051499669,0.43645014448572417,0.0,0.8819188191881919,427,271,156,3808,46,92,16,0
phi-3.5-vision-instruct,pope_to_dashb,pope,dash-b,MIND-param,tierA,50pct_hard_negatives,oracle_target_calibration,True,single_vmf,passed,,0.5,20260508,0.6218642081019875,0.5405872658935731,0.7018817821983258,0.7373923739237394,0.6870748016911638,0.7897964870600634,0.6240897878660246,0.0641025641025641,0.7896678966789668,427,271,156,3808,46,92,16,0
phi-3.5-vision-instruct,pope_to_dashb,pope,dash-b,logistic(z),tierA,50pct_hard_negatives,oracle_target_calibration,True,C=1.0,passed,,0.5,20260508,0.5699511099101263,0.36496804450201337,0.7046656102315276,0.5155880404957895,0.50006137148658,0.5316716568480715,0.3826372625552953,0.038461538461538464,1.0,427,271,156,3808,46,92,16,0
phi-3.5-vision-instruct,pope_to_dashb,pope,dash-b,final-hidden linear probe,tierA,same_constraint_linear_or_cached,oracle_target_calibration,True,C=10.0,passed,,0.5,20260508,0.5122370289289392,0.39701429241746783,0.618002532703587,0.5296740467404675,0.5056226631540901,0.5557605438339912,0.38868345956727995,0.0,1.0,427,271,156,3808,46,92,16,0
phi-3.5-vision-instruct,pope_to_dashb,pope,dash-b,output-confidence,tierA,same_constraint_linear_or_cached,oracle_target_calibration,True,negative_top2_margin,passed,,0.5,20260508,0.358825611159624,0.30693435031420274,0.4195444936917455,0.5253216955246476,0.4696416095612683,0.5856384946499855,0.3668305794683683,0.0,0.959409594095941,427,271,156,3808,46,92,16,0
phi-3.5-vision-instruct,pope_to_dashb,pope,dash-b,HALP-lite,tierA,same_constraint_linear_or_cached,oracle_target_calibration,True,C=10.0,passed,,0.5,20260508,0.6256685860355526,0.5761108686566064,0.6726638941202668,0.5960355757403728,0.550063212069291,0.6453518134051796,0.41966479586431604,0.0,1.0,427,271,156,3808,46,92,16,0
phi-3.5-vision-instruct,repope_to_repope,repope,repope,MIND-main,tierA,50pct_hard_negatives,source_calibration,False,rho=0.0045445769844614245,passed,,0.5,20260506,0.5317951595334259,0.5084098847075277,0.54738485840242,0.771202553930659,0.7544308566219781,0.7862502951537742,0.07955206475650717,0.0,0.4479237576582709,1527,1469,58,3648,58,116,113,0
phi-3.5-vision-instruct,repope_to_repope,repope,repope,MIND-param,tierA,50pct_hard_negatives,source_calibration,False,single_vmf,passed,,0.5,20260506,0.46305369239174676,0.337682103961407,0.5809909875042533,0.9381117814135818,0.9125070925889892,0.9590449070931081,0.47013144048456235,0.3275862068965517,0.1531654186521443,1527,1469,58,3648,58,116,113,0
phi-3.5-vision-instruct,repope_to_repope,repope,repope,logistic(z),tierA,50pct_hard_negatives,source_calibration,False,C=1.0,passed,,0.5,20260506,0.43414626259386785,0.32434424573280507,0.5361959844997698,0.7185629445318185,0.6553650721467689,0.7866444398654764,0.20110488327559253,0.0,1.0,1527,1469,58,3648,58,116,113,0
phi-3.5-vision-instruct,repope_to_repope,repope,repope,final-hidden linear probe,tierA,same_constraint_linear_or_cached,source_calibration,False,C=0.1,passed,,0.5,20260506,0.4849621011883962,0.39802710894243515,0.5625757586779487,0.9308936409943429,0.9033907406817122,0.9519502695300337,0.2729125090557657,0.0,0.21647379169503064,1527,1469,58,3648,58,116,113,0
phi-3.5-vision-instruct,repope_to_repope,repope,repope,output-confidence,tierA,same_constraint_linear_or_cached,source_calibration,False,negative_top2_margin,passed,,0.5,20260506,0.1608464057438917,0.10525294499208507,0.22686108720962642,0.8529494612802516,0.8072248430322003,0.8922190380491144,0.17710652804270288,0.0,0.7338325391422736,1527,1469,58,3648,58,116,113,0
phi-3.5-vision-instruct,repope_to_repope,repope,repope,HALP-lite,tierA,same_constraint_linear_or_cached,source_calibration,False,C=1.0,passed,,0.5,20260506,0.37996557595943203,0.2687887645741611,0.4911348767120945,0.6761695734841906,0.6147912189533864,0.7408131973587033,0.16037609073977616,0.0,1.0,1527,1469,58,3648,58,116,113,0
phi-3.5-vision-instruct,repope_to_repope,repope,repope,MIND-main,tierA,50pct_hard_negatives,oracle_target_calibration,True,rho=0.0045445769844614245,passed,,0.5,20260506,0.5317951595334259,0.5084098847075277,0.54738485840242,0.771202553930659,0.7544308566219781,0.7862502951537742,0.07955206475650717,0.0,0.4479237576582709,1527,1469,58,3648,58,116,113,0
phi-3.5-vision-instruct,repope_to_repope,repope,repope,MIND-param,tierA,50pct_hard_negatives,oracle_target_calibration,True,single_vmf,passed,,0.5,20260506,0.46305369239174676,0.337682103961407,0.5809909875042533,0.9381117814135818,0.9125070925889892,0.9590449070931081,0.47013144048456235,0.3275862068965517,0.1531654186521443,1527,1469,58,3648,58,116,113,0
phi-3.5-vision-instruct,repope_to_repope,repope,repope,logistic(z),tierA,50pct_hard_negatives,oracle_target_calibration,True,C=1.0,passed,,0.5,20260506,0.43414626259386785,0.32434424573280507,0.5361959844997698,0.7185629445318185,0.6553650721467689,0.7866444398654764,0.20110488327559253,0.0,1.0,1527,1469,58,3648,58,116,113,0
phi-3.5-vision-instruct,repope_to_repope,repope,repope,final-hidden linear probe,tierA,same_constraint_linear_or_cached,oracle_target_calibration,True,C=0.1,passed,,0.5,20260506,0.4849621011883962,0.39802710894243515,0.5625757586779487,0.9308936409943429,0.9033907406817122,0.9519502695300337,0.2729125090557657,0.0,0.21647379169503064,1527,1469,58,3648,58,116,113,0
phi-3.5-vision-instruct,repope_to_repope,repope,repope,output-confidence,tierA,same_constraint_linear_or_cached,oracle_target_calibration,True,negative_top2_margin,passed,,0.5,20260506,0.1608464057438917,0.10525294499208507,0.22686108720962642,0.8529494612802516,0.8072248430322003,0.8922190380491144,0.17710652804270288,0.0,0.7338325391422736,1527,1469,58,3648,58,116,113,0
phi-3.5-vision-instruct,repope_to_repope,repope,repope,HALP-lite,tierA,same_constraint_linear_or_cached,oracle_target_calibration,True,C=1.0,passed,,0.5,20260506,0.37996557595943203,0.2687887645741611,0.4911348767120945,0.6761695734841906,0.6147912189533864,0.7408131973587033,0.16037609073977616,0.0,1.0,1527,1469,58,3648,58,116,113,0
phi-3.5-vision-instruct,repope_to_pope,repope,pope,MIND-main,tierA,50pct_hard_negatives,source_calibration,False,rho=0.0045445769844614245,passed,,0.5,20260506,0.5165701615643719,0.4880657082442921,0.5338913194803218,0.7554515452470545,0.7335455847435784,0.7715031114194919,0.05519325015360352,0.0,0.47546419098143233,1551,1508,43,3648,58,116,249,0
phi-3.5-vision-instruct,repope_to_pope,repope,pope,MIND-param,tierA,50pct_hard_negatives,source_calibration,False,single_vmf,passed,,0.5,20260506,0.19113596430007443,0.12143015803968418,0.29206084400328564,0.9019338720621801,0.8513675866089604,0.9411097563792731,0.20179615693864028,0.046511627906976744,0.20623342175066314,1551,1508,43,3648,58,116,249,0
phi-3.5-vision-instruct,repope_to_pope,repope,pope,logistic(z),tierA,50pct_hard_negatives,source_calibration,False,C=1.0,passed,,0.5,20260506,0.2779422550627713,0.1644955374697981,0.3904520102467544,0.6554191598297452,0.5832806894387607,0.7292100610704997,0.08808234831748503,0.0,1.0,1551,1508,43,3648,58,116,249,0
phi-3.5-vision-instruct,repope_to_pope,repope,pope,final-hidden linear probe,tierA,same_constraint_linear_or_cached,source_calibration,False,C=0.1,passed,,0.5,20260506,0.4331463971765147,0.34056768683348176,0.5170465258527694,0.9066760224538893,0.8604711946103185,0.942096208522906,0.18204015190347078,0.0,0.1956233421750663,1551,1508,43,3648,58,116,249,0
phi-3.5-vision-instruct,repope_to_pope,repope,pope,output-confidence,tierA,same_constraint_linear_or_cached,source_calibration,False,negative_top2_margin,passed,,0.5,20260506,0.11694996887077962,0.07088337393196263,0.1779725510519562,0.8576429584849794,0.8142480346202111,0.8970029791782075,0.12446676303770246,0.0,0.35809018567639256,1551,1508,43,3648,58,116,249,0
phi-3.5-vision-instruct,repope_to_pope,repope,pope,HALP-lite,tierA,same_constraint_linear_or_cached,source_calibration,False,C=1.0,passed,,0.5,20260506,0.2183404588154712,0.12151776254719568,0.3223157503615762,0.6087687372771574,0.5491240444798507,0.6748390352547091,0.0639234425478859,0.0,1.0,1551,1508,43,3648,58,116,249,0
phi-3.5-vision-instruct,repope_to_pope,repope,pope,MIND-main,tierA,50pct_hard_negatives,oracle_target_calibration,True,rho=0.005215327966122277,passed,,0.5,20260506,0.5182273677009389,0.4899096490146068,0.5358149617548795,0.7698245018814385,0.7487214559003681,0.7861887171340031,0.0584287328382447,0.0,0.44761273209549074,1551,1508,43,3648,58,116,249,0
phi-3.5-vision-instruct,repope_to_pope,repope,pope,MIND-param,tierA,50pct_hard_negatives,oracle_target_calibration,True,single_vmf,passed,,0.5,20260506,0.19113596430007443,0.12143015803968418,0.29206084400328564,0.9019338720621801,0.8513675866089604,0.9411097563792731,0.20179615693864028,0.046511627906976744,0.20623342175066314,1551,1508,43,3648,58,116,249,0
phi-3.5-vision-instruct,repope_to_pope,repope,pope,logistic(z),tierA,50pct_hard_negatives,oracle_target_calibration,True,C=1.0,passed,,0.5,20260506,0.2779422550627713,0.1644955374697981,0.3904520102467544,0.6554191598297452,0.5832806894387607,0.7292100610704997,0.08808234831748503,0.0,1.0,1551,1508,43,3648,58,116,249,0
phi-3.5-vision-instruct,repope_to_pope,repope,pope,final-hidden linear probe,tierA,same_constraint_linear_or_cached,oracle_target_calibration,True,C=0.1,passed,,0.5,20260506,0.4331463971765147,0.34056768683348176,0.5170465258527694,0.9066760224538893,0.8604711946103185,0.942096208522906,0.18204015190347078,0.0,0.1956233421750663,1551,1508,43,3648,58,116,249,0
phi-3.5-vision-instruct,repope_to_pope,repope,pope,output-confidence,tierA,same_constraint_linear_or_cached,oracle_target_calibration,True,negative_top2_margin,passed,,0.5,20260506,0.11694996887077962,0.07088337393196263,0.1779725510519562,0.8576429584849794,0.8142480346202111,0.8970029791782075,0.12446676303770246,0.0,0.35809018567639256,1551,1508,43,3648,58,116,249,0
phi-3.5-vision-instruct,repope_to_pope,repope,pope,HALP-lite,tierA,same_constraint_linear_or_cached,oracle_target_calibration,True,C=10.0,passed,,0.5,20260506,0.23756006564322982,0.14474277678789788,0.3330149210487243,0.6319551539078404,0.5647665826420603,0.7040916529952717,0.061297049347750626,0.0,1.0,1551,1508,43,3648,58,116,249,0
phi-3.5-vision-instruct,repope_to_dashb,repope,dash-b,MIND-main,tierA,50pct_hard_negatives,source_calibration,False,rho=0.0045445769844614245,passed,,0.5,20260506,0.6974683544303797,0.6730204718945177,0.7236256025675452,0.559040590405904,0.5408846486234379,0.5794266190230605,0.3949367088607595,0.0,0.8819188191881919,427,271,156,3648,58,116,16,0
phi-3.5-vision-instruct,repope_to_dashb,repope,dash-b,MIND-param,tierA,50pct_hard_negatives,source_calibration,False,single_vmf,passed,,0.5,20260506,0.6360207281007573,0.5549519057570483,0.7208102175587521,0.7957706500141926,0.7524561054498742,0.8347256252880285,0.6385924338142932,0.02564102564102564,0.5202952029520295,427,271,156,3648,58,116,16,0
phi-3.5-vision-instruct,repope_to_dashb,repope,dash-b,logistic(z),tierA,50pct_hard_negatives,source_calibration,False,C=1.0,passed,,0.5,20260506,0.6004942870575518,0.5167276089294947,0.6771923095139151,0.6079572334184881,0.5658959054564943,0.6445489410931097,0.44951555491973405,0.0,1.0,427,271,156,3648,58,116,16,0
phi-3.5-vision-instruct,repope_to_dashb,repope,dash-b,final-hidden linear probe,tierA,same_constraint_linear_or_cached,source_calibration,False,C=0.1,passed,,0.5,20260506,0.6446229079144025,0.5878812147446335,0.6993600438627643,0.7068431261235689,0.6611978092239107,0.7494883487498549,0.5114945737488475,0.0,0.6863468634686347,427,271,156,3648,58,116,16,0
phi-3.5-vision-instruct,repope_to_dashb,repope,dash-b,output-confidence,tierA,same_constraint_linear_or_cached,source_calibration,False,negative_top2_margin,passed,,0.5,20260506,0.358825611159624,0.3012337967145394,0.4174394903237767,0.5253216955246476,0.4667460700496414,0.577031042898069,0.3668305794683683,0.0,0.959409594095941,427,271,156,3648,58,116,16,0
phi-3.5-vision-instruct,repope_to_dashb,repope,dash-b,HALP-lite,tierA,same_constraint_linear_or_cached,source_calibration,False,C=1.0,passed,,0.5,20260506,0.5586670996191067,0.49415844596448766,0.6182214875124411,0.5755629671681333,0.5268168498318526,0.6206328194425432,0.41076209444261524,0.0,1.0,427,271,156,3648,58,116,16,0
phi-3.5-vision-instruct,repope_to_dashb,repope,dash-b,MIND-main,tierA,50pct_hard_negatives,oracle_target_calibration,True,rho=0.015641460283094828,passed,,0.5,20260506,0.6564624873983373,0.6036779233404065,0.7098401051514623,0.6941527107578768,0.6475586146752762,0.7426048616230959,0.5079586783098677,0.0,0.7269372693726938,427,271,156,3648,58,116,16,0
phi-3.5-vision-instruct,repope_to_dashb,repope,dash-b,MIND-param,tierA,50pct_hard_negatives,oracle_target_calibration,True,single_vmf,passed,,0.5,20260506,0.6360207281007573,0.5549519057570483,0.7208102175587521,0.7957706500141926,0.7524561054498742,0.8347256252880285,0.6385924338142932,0.02564102564102564,0.5202952029520295,427,271,156,3648,58,116,16,0
phi-3.5-vision-instruct,repope_to_dashb,repope,dash-b,logistic(z),tierA,50pct_hard_negatives,oracle_target_calibration,True,C=10.0,passed,,0.5,20260506,0.565855787460003,0.47730889212156435,0.6515553759745891,0.5691408837165295,0.5334988165994499,0.6025485584848022,0.4202202091429258,0.0,1.0,427,271,156,3648,58,116,16,0
phi-3.5-vision-instruct,repope_to_dashb,repope,dash-b,final-hidden linear probe,tierA,same_constraint_linear_or_cached,oracle_target_calibration,True,C=0.1,passed,,0.5,20260506,0.6446229079144025,0.5878812147446335,0.6993600438627643,0.7068431261235689,0.6611978092239107,0.7494883487498549,0.5114945737488475,0.0,0.6863468634686347,427,271,156,3648,58,116,16,0
phi-3.5-vision-instruct,repope_to_dashb,repope,dash-b,output-confidence,tierA,same_constraint_linear_or_cached,oracle_target_calibration,True,negative_top2_margin,passed,,0.5,20260506,0.358825611159624,0.3012337967145394,0.4174394903237767,0.5253216955246476,0.4667460700496414,0.577031042898069,0.3668305794683683,0.0,0.959409594095941,427,271,156,3648,58,116,16,0
phi-3.5-vision-instruct,repope_to_dashb,repope,dash-b,HALP-lite,tierA,same_constraint_linear_or_cached,oracle_target_calibration,True,C=1.0,passed,,0.5,20260506,0.5586670996191067,0.49415844596448766,0.6182214875124411,0.5755629671681333,0.5268168498318526,0.6206328194425432,0.41076209444261524,0.0,1.0,427,271,156,3648,58,116,16,0
phi-3.5-vision-instruct,repope_to_repope,repope,repope,MIND-main,tierA,50pct_hard_negatives,source_calibration,False,rho=0.0046471937989704445,passed,,0.5,20260507,0.5433482810164425,0.5328733629806008,0.5540545835804457,0.7920353982300885,0.7787659941517745,0.8042203708558874,0.08669656203288491,0.0,0.415929203539823,1527,1469,58,3648,58,116,113,0
phi-3.5-vision-instruct,repope_to_repope,repope,repope,MIND-param,tierA,50pct_hard_negatives,source_calibration,False,single_vmf,passed,,0.5,20260507,0.41963962556391887,0.29021848104364967,0.5419614279799874,0.9110701626722377,0.8735134568265046,0.9441656546152805,0.42684825318299163,0.27586206896551724,0.5064669843430906,1527,1469,58,3648,58,116,113,0
phi-3.5-vision-instruct,repope_to_repope,repope,repope,logistic(z),tierA,50pct_hard_negatives,source_calibration,False,C=10.0,passed,,0.5,20260507,0.39316043383817645,0.2590295467934674,0.5103387068082288,0.6476608530316189,0.5895750903989097,0.7087052277475739,0.17320059854262715,0.0,1.0,1527,1469,58,3648,58,116,113,0
phi-3.5-vision-instruct,repope_to_repope,repope,repope,final-hidden linear probe,tierA,same_constraint_linear_or_cached,source_calibration,False,C=0.1,passed,,0.5,20260507,0.37005542780653616,0.2791297114891088,0.45555937086908666,0.9013344757165326,0.8689526341793218,0.9293620934881317,0.21614193899209092,0.0,0.28046289993192647,1527,1469,58,3648,58,116,113,0
phi-3.5-vision-instruct,repope_to_repope,repope,repope,output-confidence,tierA,same_constraint_linear_or_cached,source_calibration,False,negative_top2_margin,passed,,0.5,20260507,0.1608464057438917,0.10618661893173331,0.22909119547733967,0.8529494612802516,0.8063533740042074,0.8953020469003075,0.17710652804270288,0.0,0.7338325391422736,1527,1469,58,3648,58,116,113,0
phi-3.5-vision-instruct,repope_to_repope,repope,repope,HALP-lite,tierA,same_constraint_linear_or_cached,source_calibration,False,C=1.0,passed,,0.5,20260507,0.38480497618976145,0.28974428051903983,0.47137037493488915,0.7251472970118072,0.6611631883492586,0.7886748725259591,0.14347565110910546,0.0,1.0,1527,1469,58,3648,58,116,113,0
phi-3.5-vision-instruct,repope_to_repope,repope,repope,MIND-main,tierA,50pct_hard_negatives,oracle_target_calibration,True,rho=0.0046471937989704445,passed,,0.5,20260507,0.5433482810164425,0.5328733629806008,0.5540545835804457,0.7920353982300885,0.7787659941517745,0.8042203708558874,0.08669656203288491,0.0,0.415929203539823,1527,1469,58,3648,58,116,113,0
phi-3.5-vision-instruct,repope_to_repope,repope,repope,MIND-param,tierA,50pct_hard_negatives,oracle_target_calibration,True,single_vmf,passed,,0.5,20260507,0.41963962556391887,0.29021848104364967,0.5419614279799874,0.9110701626722377,0.8735134568265046,0.9441656546152805,0.42684825318299163,0.27586206896551724,0.5064669843430906,1527,1469,58,3648,58,116,113,0
phi-3.5-vision-instruct,repope_to_repope,repope,repope,logistic(z),tierA,50pct_hard_negatives,oracle_target_calibration,True,C=10.0,passed,,0.5,20260507,0.39316043383817645,0.2590295467934674,0.5103387068082288,0.6476608530316189,0.5895750903989097,0.7087052277475739,0.17320059854262715,0.0,1.0,1527,1469,58,3648,58,116,113,0
phi-3.5-vision-instruct,repope_to_repope,repope,repope,final-hidden linear probe,tierA,same_constraint_linear_or_cached,oracle_target_calibration,True,C=0.1,passed,,0.5,20260507,0.37005542780653616,0.2791297114891088,0.45555937086908666,0.9013344757165326,0.8689526341793218,0.9293620934881317,0.21614193899209092,0.0,0.28046289993192647,1527,1469,58,3648,58,116,113,0
phi-3.5-vision-instruct,repope_to_repope,repope,repope,output-confidence,tierA,same_constraint_linear_or_cached,oracle_target_calibration,True,negative_top2_margin,passed,,0.5,20260507,0.1608464057438917,0.10618661893173331,0.22909119547733967,0.8529494612802516,0.8063533740042074,0.8953020469003075,0.17710652804270288,0.0,0.7338325391422736,1527,1469,58,3648,58,116,113,0
phi-3.5-vision-instruct,repope_to_repope,repope,repope,HALP-lite,tierA,same_constraint_linear_or_cached,oracle_target_calibration,True,C=1.0,passed,,0.5,20260507,0.38480497618976145,0.28974428051903983,0.47137037493488915,0.7251472970118072,0.6611631883492586,0.7886748725259591,0.14347565110910546,0.0,1.0,1527,1469,58,3648,58,116,113,0
phi-3.5-vision-instruct,repope_to_pope,repope,pope,MIND-main,tierA,50pct_hard_negatives,source_calibration,False,rho=0.0046471937989704445,passed,,0.5,20260507,0.5300699300699301,0.5218309859154929,0.5394931020124153,0.7771883289124668,0.7654884369684336,0.7891093048296871,0.06013986013986014,0.0,0.44562334217506633,1551,1508,43,3648,58,116,249,0
phi-3.5-vision-instruct,repope_to_pope,repope,pope,MIND-param,tierA,50pct_hard_negatives,source_calibration,False,single_vmf,passed,,0.5,20260507,0.2571893403303607,0.15344504749788834,0.386439019387798,0.9122355190919746,0.8698014109839307,0.9477070747571951,0.26808816788907475,0.13953488372093023,0.5092838196286472,1551,1508,43,3648,58,116,249,0
phi-3.5-vision-instruct,repope_to_pope,repope,pope,logistic(z),tierA,50pct_hard_negatives,source_calibration,False,C=10.0,passed,,0.5,20260507,0.3429802920154231,0.21178408023582845,0.46511064800215846,0.6538307322188638,0.582970831738964,0.7236219118023554,0.13557298713162147,0.0,1.0,1551,1508,43,3648,58,116,249,0
phi-3.5-vision-instruct,repope_to_pope,repope,pope,final-hidden linear probe,tierA,same_constraint_linear_or_cached,source_calibration,False,C=0.1,passed,,0.5,20260507,0.26361703383807444,0.18371762525519653,0.3513834364632597,0.882348405403738,0.8361861359064446,0.9213133435578478,0.1327495798038399,0.0,0.3096816976127321,1551,1508,43,3648,58,116,249,0
phi-3.5-vision-instruct,repope_to_pope,repope,pope,output-confidence,tierA,same_constraint_linear_or_cached,source_calibration,False,negative_top2_margin,passed,,0.5,20260507,0.11694996887077962,0.0723898837785199,0.17043074740204925,0.8576429584849794,0.8124072095418635,0.8959717012350462,0.12446676303770246,0.0,0.35809018567639256,1551,1508,43,3648,58,116,249,0
phi-3.5-vision-instruct,repope_to_pope,repope,pope,HALP-lite,tierA,same_constraint_linear_or_cached,source_calibration,False,C=1.0,passed,,0.5,20260507,0.3655162142678535,0.2753979023812192,0.4557494564006522,0.7519893899204245,0.6759500387594928,0.8258830444818493,0.11400382150215205,0.0,1.0,1551,1508,43,3648,58,116,249,0
phi-3.5-vision-instruct,repope_to_pope,repope,pope,MIND-main,tierA,50pct_hard_negatives,oracle_target_calibration,True,rho=0.005019633382226483,passed,,0.5,20260507,0.5206632911039275,0.49035531294984375,0.5381737718059776,0.7883535870705076,0.7716616726333271,0.8039310207963211,0.06311360791164952,0.0,0.41312997347480107,1551,1508,43,3648,58,116,249,0
phi-3.5-vision-instruct,repope_to_pope,repope,pope,MIND-param,tierA,50pct_hard_negatives,oracle_target_calibration,True,single_vmf,passed,,0.5,20260507,0.2571893403303607,0.15344504749788834,0.386439019387798,0.9122355190919746,0.8698014109839307,0.9477070747571951,0.26808816788907475,0.13953488372093023,0.5092838196286472,1551,1508,43,3648,58,116,249,0
phi-3.5-vision-instruct,repope_to_pope,repope,pope,logistic(z),tierA,50pct_hard_negatives,oracle_target_calibration,True,C=1.0,passed,,0.5,20260507,0.3429849339945504,0.21527903682198193,0.46486351283110877,0.6748041453334156,0.6017880677903175,0.7475960894713158,0.15952340129996478,0.0,1.0,1551,1508,43,3648,58,116,249,0
phi-3.5-vision-instruct,repope_to_pope,repope,pope,final-hidden linear probe,tierA,same_constraint_linear_or_cached,oracle_target_calibration,True,C=0.1,passed,,0.5,20260507,0.26361703383807444,0.18371762525519653,0.3513834364632597,0.882348405403738,0.8361861359064446,0.9213133435578478,0.1327495798038399,0.0,0.3096816976127321,1551,1508,43,3648,58,116,249,0
phi-3.5-vision-instruct,repope_to_pope,repope,pope,output-confidence,tierA,same_constraint_linear_or_cached,oracle_target_calibration,True,negative_top2_margin,passed,,0.5,20260507,0.11694996887077962,0.0723898837785199,0.17043074740204925,0.8576429584849794,0.8124072095418635,0.8959717012350462,0.12446676303770246,0.0,0.35809018567639256,1551,1508,43,3648,58,116,249,0
phi-3.5-vision-instruct,repope_to_pope,repope,pope,HALP-lite,tierA,same_constraint_linear_or_cached,oracle_target_calibration,True,C=1.0,passed,,0.5,20260507,0.3655162142678535,0.2753979023812192,0.4557494564006522,0.7519893899204245,0.6759500387594928,0.8258830444818493,0.11400382150215205,0.0,1.0,1551,1508,43,3648,58,116,249,0
phi-3.5-vision-instruct,repope_to_dashb,repope,dash-b,MIND-main,tierA,50pct_hard_negatives,source_calibration,False,rho=0.0046471937989704445,passed,,0.5,20260507,0.6899049241043583,0.6639521592641185,0.7141794395433584,0.5453448765256884,0.526073952933626,0.5648786798243854,0.3877554005987134,0.0,0.8966789667896679,427,271,156,3648,58,116,16,0
phi-3.5-vision-instruct,repope_to_dashb,repope,dash-b,MIND-param,tierA,50pct_hard_negatives,source_calibration,False,single_vmf,passed,,0.5,20260507,0.6001792665033674,0.5158901067558929,0.6804116003415738,0.7740562021004826,0.7276448446862672,0.8160299270447172,0.6033265794053799,0.03205128205128205,0.5756457564575646,427,271,156,3648,58,116,16,0
phi-3.5-vision-instruct,repope_to_dashb,repope,dash-b,logistic(z),tierA,50pct_hard_negatives,source_calibration,False,C=10.0,passed,,0.5,20260507,0.5552829141968486,0.4596952640833851,0.6493765371432867,0.5530561074841518,0.5214646113230857,0.5853908165592987,0.41017794050580936,0.0,1.0,427,271,156,3648,58,116,16,0
phi-3.5-vision-instruct,repope_to_dashb,repope,dash-b,final-hidden linear probe,tierA,same_constraint_linear_or_cached,source_calibration,False,C=0.1,passed,,0.5,20260507,0.5850717184412503,0.5181725004380108,0.6421887301013549,0.666820418204182,0.6144070257761945,0.7151856487043067,0.47544569883408605,0.0,0.7306273062730627,427,271,156,3648,58,116,16,0
phi-3.5-vision-instruct,repope_to_dashb,repope,dash-b,output-confidence,tierA,same_constraint_linear_or_cached,source_calibration,False,negative_top2_margin,passed,,0.5,20260507,0.358825611159624,0.3044415846951406,0.4191485432184688,0.5253216955246476,0.4699075753521254,0.5805060534287871,0.3668305794683683,0.0,0.959409594095941,427,271,156,3648,58,116,16,0
phi-3.5-vision-instruct,repope_to_dashb,repope,dash-b,HALP-lite,tierA,same_constraint_linear_or_cached,source_calibration,False,C=1.0,passed,,0.5,20260507,0.5899527794678876,0.5240717788984802,0.6467248604105493,0.6022211183650298,0.5535483271079962,0.6508457316392848,0.425848666493733,0.0,1.0,427,271,156,3648,58,116,16,0
phi-3.5-vision-instruct,repope_to_dashb,repope,dash-b,MIND-main,tierA,50pct_hard_negatives,oracle_target_calibration,True,rho=0.008591621730110367,passed,,0.5,20260507,0.5857246386524204,0.5220034145151223,0.6415822599822707,0.6476251300974548,0.600804819778034,0.6971865235295068,0.4586872241086397,0.0,0.7601476014760148,427,271,156,3648,58,116,16,0
phi-3.5-vision-instruct,repope_to_dashb,repope,dash-b,MIND-param,tierA,50pct_hard_negatives,oracle_target_calibration,True,single_vmf,passed,,0.5,20260507,0.6001792665033674,0.5158901067558929,0.6804116003415738,0.7740562021004826,0.7276448446862672,0.8160299270447172,0.6033265794053799,0.03205128205128205,0.5756457564575646,427,271,156,3648,58,116,16,0
phi-3.5-vision-instruct,repope_to_dashb,repope,dash-b,logistic(z),tierA,50pct_hard_negatives,oracle_target_calibration,True,C=1.0,passed,,0.5,20260507,0.5735699251222564,0.4821256182003867,0.6565579271562322,0.575941432491248,0.5402724969284679,0.6116945522804597,0.4288830606939116,0.0,1.0,427,271,156,3648,58,116,16,0
phi-3.5-vision-instruct,repope_to_dashb,repope,dash-b,final-hidden linear probe,tierA,same_constraint_linear_or_cached,oracle_target_calibration,True,C=1.0,passed,,0.5,20260507,0.5976636859483123,0.518179611080994,0.6659440985872326,0.6457919386886176,0.5974789124322384,0.6883102675074051,0.4780006023994391,0.0,1.0,427,271,156,3648,58,116,16,0
phi-3.5-vision-instruct,repope_to_dashb,repope,dash-b,output-confidence,tierA,same_constraint_linear_or_cached,oracle_target_calibration,True,negative_top2_margin,passed,,0.5,20260507,0.358825611159624,0.3044415846951406,0.4191485432184688,0.5253216955246476,0.4699075753521254,0.5805060534287871,0.3668305794683683,0.0,0.959409594095941,427,271,156,3648,58,116,16,0
phi-3.5-vision-instruct,repope_to_dashb,repope,dash-b,HALP-lite,tierA,same_constraint_linear_or_cached,oracle_target_calibration,True,C=10.0,passed,,0.5,20260507,0.6535561433102417,0.5730123455543891,0.7201761159560046,0.6256859683981455,0.58499452013079,0.6619217809008393,0.483782838291035,0.0,1.0,427,271,156,3648,58,116,16,0
phi-3.5-vision-instruct,repope_to_repope,repope,repope,MIND-main,tierA,50pct_hard_negatives,source_calibration,False,rho=0.004644788319728706,passed,,0.5,20260508,0.5407876230661041,0.5315164777392383,0.5509119024178709,0.7777399591558883,0.7648059618385163,0.7904117770816774,0.08157524613220815,0.0,0.44452008168822327,1527,1469,58,3648,58,116,113,0
phi-3.5-vision-instruct,repope_to_repope,repope,repope,MIND-param,tierA,50pct_hard_negatives,source_calibration,False,single_vmf,passed,,0.5,20260508,0.48504673501438644,0.3577370563621112,0.5984613643713138,0.9413159315509024,0.9078866783023916,0.9643719129499932,0.4922651388114234,0.29310344827586204,0.15112321307011573,1527,1469,58,3648,58,116,113,0
phi-3.5-vision-instruct,repope_to_repope,repope,repope,logistic(z),tierA,50pct_hard_negatives,source_calibration,False,C=10.0,passed,,0.5,20260508,0.45780422384311015,0.35104794927011734,0.5584918920067996,0.7056465810661721,0.645476358527468,0.7703153074455522,0.22116400324177576,0.0,1.0,1527,1469,58,3648,58,116,113,0
phi-3.5-vision-instruct,repope_to_repope,repope,repope,final-hidden linear probe,tierA,same_constraint_linear_or_cached,source_calibration,False,C=10.0,passed,,0.5,20260508,0.3917111927311595,0.31372645112517544,0.46679880750755526,0.7471010070186146,0.6879630165932907,0.805604621957231,0.12367683745085849,0.0,1.0,1527,1469,58,3648,58,116,113,0
phi-3.5-vision-instruct,repope_to_repope,repope,repope,output-confidence,tierA,same_constraint_linear_or_cached,source_calibration,False,negative_top2_margin,passed,,0.5,20260508,0.1608464057438917,0.11322767110663348,0.2295950303509336,0.8529494612802516,0.808793345809996,0.8938098216947843,0.17710652804270288,0.0,0.7338325391422736,1527,1469,58,3648,58,116,113,0
phi-3.5-vision-instruct,repope_to_repope,repope,repope,HALP-lite,tierA,same_constraint_linear_or_cached,source_calibration,False,C=1.0,passed,,0.5,20260508,0.4756830825610566,0.3822623135042715,0.5645542040018247,0.8143822914955048,0.7514529971971416,0.8729730701643267,0.22813653906501424,0.0,1.0,1527,1469,58,3648,58,116,113,0
phi-3.5-vision-instruct,repope_to_repope,repope,repope,MIND-main,tierA,50pct_hard_negatives,oracle_target_calibration,True,rho=0.004644788319728706,passed,,0.5,20260508,0.5407876230661041,0.5315164777392383,0.5509119024178709,0.7777399591558883,0.7648059618385163,0.7904117770816774,0.08157524613220815,0.0,0.44452008168822327,1527,1469,58,3648,58,116,113,0
phi-3.5-vision-instruct,repope_to_repope,repope,repope,MIND-param,tierA,50pct_hard_negatives,oracle_target_calibration,True,single_vmf,passed,,0.5,20260508,0.48504673501438644,0.3577370563621112,0.5984613643713138,0.9413159315509024,0.9078866783023916,0.9643719129499932,0.4922651388114234,0.29310344827586204,0.15112321307011573,1527,1469,58,3648,58,116,113,0
phi-3.5-vision-instruct,repope_to_repope,repope,repope,logistic(z),tierA,50pct_hard_negatives,oracle_target_calibration,True,C=10.0,passed,,0.5,20260508,0.45780422384311015,0.35104794927011734,0.5584918920067996,0.7056465810661721,0.645476358527468,0.7703153074455522,0.22116400324177576,0.0,1.0,1527,1469,58,3648,58,116,113,0
phi-3.5-vision-instruct,repope_to_repope,repope,repope,final-hidden linear probe,tierA,same_constraint_linear_or_cached,oracle_target_calibration,True,C=10.0,passed,,0.5,20260508,0.3917111927311595,0.31372645112517544,0.46679880750755526,0.7471010070186146,0.6879630165932907,0.805604621957231,0.12367683745085849,0.0,1.0,1527,1469,58,3648,58,116,113,0
phi-3.5-vision-instruct,repope_to_repope,repope,repope,output-confidence,tierA,same_constraint_linear_or_cached,oracle_target_calibration,True,negative_top2_margin,passed,,0.5,20260508,0.1608464057438917,0.11322767110663348,0.2295950303509336,0.8529494612802516,0.808793345809996,0.8938098216947843,0.17710652804270288,0.0,0.7338325391422736,1527,1469,58,3648,58,116,113,0
phi-3.5-vision-instruct,repope_to_repope,repope,repope,HALP-lite,tierA,same_constraint_linear_or_cached,oracle_target_calibration,True,C=1.0,passed,,0.5,20260508,0.4756830825610566,0.3822623135042715,0.5645542040018247,0.8143822914955048,0.7514529971971416,0.8729730701643267,0.22813653906501424,0.0,1.0,1527,1469,58,3648,58,116,113,0
phi-3.5-vision-instruct,repope_to_pope,repope,pope,MIND-main,tierA,50pct_hard_negatives,source_calibration,False,rho=0.004644788319728706,passed,,0.5,20260508,0.5168732274821412,0.48736815806431755,0.5346427928969752,0.7581965949046943,0.7381678361182464,0.7736012795631723,0.05576900605660089,0.0,0.47015915119363394,1551,1508,43,3648,58,116,249,0
phi-3.5-vision-instruct,repope_to_pope,repope,pope,MIND-param,tierA,50pct_hard_negatives,source_calibration,False,single_vmf,passed,,0.5,20260508,0.18256940389307097,0.11540158765188614,0.27321649393963554,0.8932052310159768,0.8385190710960595,0.9337260325164243,0.1947072834125861,0.09302325581395349,0.2957559681697613,1551,1508,43,3648,58,116,249,0
phi-3.5-vision-instruct,repope_to_pope,repope,pope,logistic(z),tierA,50pct_hard_negatives,source_calibration,False,C=10.0,passed,,0.5,20260508,0.2928291600679801,0.18143488214689138,0.4101244744653986,0.6482018382579731,0.5813215942440595,0.7189995038557344,0.0972862271127043,0.0,1.0,1551,1508,43,3648,58,116,249,0
phi-3.5-vision-instruct,repope_to_pope,repope,pope,final-hidden linear probe,tierA,same_constraint_linear_or_cached,source_calibration,False,C=10.0,passed,,0.5,20260508,0.3852050326507669,0.2969732330723537,0.475871878517295,0.7633474184195916,0.686041529854952,0.8382955726336107,0.09427911071280692,0.0,1.0,1551,1508,43,3648,58,116,249,0
phi-3.5-vision-instruct,repope_to_pope,repope,pope,output-confidence,tierA,same_constraint_linear_or_cached,source_calibration,False,negative_top2_margin,passed,,0.5,20260508,0.11694996887077962,0.0724688593699325,0.1769354053895096,0.8576429584849794,0.8148434168779307,0.8959613512319015,0.12446676303770246,0.0,0.35809018567639256,1551,1508,43,3648,58,116,249,0
phi-3.5-vision-instruct,repope_to_pope,repope,pope,HALP-lite,tierA,same_constraint_linear_or_cached,source_calibration,False,C=1.0,passed,,0.5,20260508,0.390957306652294,0.29373298275738313,0.48914172457277894,0.7779285670223923,0.7083899346145475,0.84702848883143,0.1386251559326645,0.0,1.0,1551,1508,43,3648,58,116,249,0
phi-3.5-vision-instruct,repope_to_pope,repope,pope,MIND-main,tierA,50pct_hard_negatives,oracle_target_calibration,True,rho=0.008317140114547933,passed,,0.5,20260508,0.49802017581153013,0.44598399157446317,0.5392709262523911,0.8360989451606934,0.8082994232005165,0.8594728966944313,0.08281942556327691,0.0,0.44297082228116713,1551,1508,43,3648,58,116,249,0
phi-3.5-vision-instruct,repope_to_pope,repope,pope,MIND-param,tierA,50pct_hard_negatives,oracle_target_calibration,True,single_vmf,passed,,0.5,20260508,0.18256940389307097,0.11540158765188614,0.27321649393963554,0.8932052310159768,0.8385190710960595,0.9337260325164243,0.1947072834125861,0.09302325581395349,0.2957559681697613,1551,1508,43,3648,58,116,249,0
phi-3.5-vision-instruct,repope_to_pope,repope,pope,logistic(z),tierA,50pct_hard_negatives,oracle_target_calibration,True,C=1.0,passed,,0.5,20260508,0.2917367994833298,0.17859702292897736,0.408977275498679,0.6479628030349763,0.5804724886335224,0.7191069698307366,0.10310760582903086,0.0,1.0,1551,1508,43,3648,58,116,249,0
phi-3.5-vision-instruct,repope_to_pope,repope,pope,final-hidden linear probe,tierA,same_constraint_linear_or_cached,oracle_target_calibration,True,C=10.0,passed,,0.5,20260508,0.3852050326507669,0.2969732330723537,0.475871878517295,0.7633474184195916,0.686041529854952,0.8382955726336107,0.09427911071280692,0.0,1.0,1551,1508,43,3648,58,116,249,0
phi-3.5-vision-instruct,repope_to_pope,repope,pope,output-confidence,tierA,same_constraint_linear_or_cached,oracle_target_calibration,True,negative_top2_margin,passed,,0.5,20260508,0.11694996887077962,0.0724688593699325,0.1769354053895096,0.8576429584849794,0.8148434168779307,0.8959613512319015,0.12446676303770246,0.0,0.35809018567639256,1551,1508,43,3648,58,116,249,0
phi-3.5-vision-instruct,repope_to_pope,repope,pope,HALP-lite,tierA,same_constraint_linear_or_cached,oracle_target_calibration,True,C=1.0,passed,,0.5,20260508,0.390957306652294,0.29373298275738313,0.48914172457277894,0.7779285670223923,0.7083899346145475,0.84702848883143,0.1386251559326645,0.0,1.0,1551,1508,43,3648,58,116,249,0
phi-3.5-vision-instruct,repope_to_dashb,repope,dash-b,MIND-main,tierA,50pct_hard_negatives,source_calibration,False,rho=0.004644788319728706,passed,,0.5,20260508,0.6945137157107232,0.6703351885464514,0.7173966195386414,0.5479704797047971,0.5311326903023983,0.5676194060980538,0.38902743142144636,0.0,0.9040590405904059,427,271,156,3648,58,116,16,0
phi-3.5-vision-instruct,repope_to_dashb,repope,dash-b,MIND-param,tierA,50pct_hard_negatives,source_calibration,False,single_vmf,passed,,0.5,20260508,0.6270196179394254,0.538313367496629,0.7107549728954896,0.7777935471662409,0.7320450553493285,0.8224366391047194,0.6303638012154141,0.05128205128205128,0.6236162361623616,427,271,156,3648,58,116,16,0
phi-3.5-vision-instruct,repope_to_dashb,repope,dash-b,logistic(z),tierA,50pct_hard_negatives,source_calibration,False,C=10.0,passed,,0.5,20260508,0.6725553783016609,0.6085078603149203,0.7286444665881866,0.6856608950704891,0.6388725281483585,0.7285396072149063,0.5139867834452645,0.0,1.0,427,271,156,3648,58,116,16,0
phi-3.5-vision-instruct,repope_to_dashb,repope,dash-b,final-hidden linear probe,tierA,same_constraint_linear_or_cached,source_calibration,False,C=10.0,passed,,0.5,20260508,0.7177829455970752,0.6796639174965345,0.7534739517758455,0.6915625887028101,0.6526469726661307,0.7306183071890534,0.48704055700232496,0.0,1.0,427,271,156,3648,58,116,16,0
phi-3.5-vision-instruct,repope_to_dashb,repope,dash-b,output-confidence,tierA,same_constraint_linear_or_cached,source_calibration,False,negative_top2_margin,passed,,0.5,20260508,0.358825611159624,0.30693435031420274,0.4195444936917455,0.5253216955246476,0.4696416095612683,0.5856384946499855,0.3668305794683683,0.0,0.959409594095941,427,271,156,3648,58,116,16,0
phi-3.5-vision-instruct,repope_to_dashb,repope,dash-b,HALP-lite,tierA,same_constraint_linear_or_cached,source_calibration,False,C=1.0,passed,,0.5,20260508,0.6396043783414508,0.584827443666656,0.6887720006155285,0.646643485665626,0.6026810055498547,0.6905196929010337,0.45635358939306003,0.0,1.0,427,271,156,3648,58,116,16,0
phi-3.5-vision-instruct,repope_to_dashb,repope,dash-b,MIND-main,tierA,50pct_hard_negatives,oracle_target_calibration,True,rho=0.02527920872849983,passed,,0.5,20260508,0.630460883615492,0.5728780774956866,0.6885540994256801,0.692224903018261,0.6478557862332074,0.7414421355341829,0.4907578446489922,0.0,0.6642066420664207,427,271,156,3648,58,116,16,0
phi-3.5-vision-instruct,repope_to_dashb,repope,dash-b,MIND-param,tierA,50pct_hard_negatives,oracle_target_calibration,True,single_vmf,passed,,0.5,20260508,0.6270196179394254,0.538313367496629,0.7107549728954896,0.7777935471662409,0.7320450553493285,0.8224366391047194,0.6303638012154141,0.05128205128205128,0.6236162361623616,427,271,156,3648,58,116,16,0
phi-3.5-vision-instruct,repope_to_dashb,repope,dash-b,logistic(z),tierA,50pct_hard_negatives,oracle_target_calibration,True,C=10.0,passed,,0.5,20260508,0.6725553783016609,0.6085078603149203,0.7286444665881866,0.6856608950704891,0.6388725281483585,0.7285396072149063,0.5139867834452645,0.0,1.0,427,271,156,3648,58,116,16,0
phi-3.5-vision-instruct,repope_to_dashb,repope,dash-b,final-hidden linear probe,tierA,same_constraint_linear_or_cached,oracle_target_calibration,True,C=10.0,passed,,0.5,20260508,0.7177829455970752,0.6796639174965345,0.7534739517758455,0.6915625887028101,0.6526469726661307,0.7306183071890534,0.48704055700232496,0.0,1.0,427,271,156,3648,58,116,16,0
phi-3.5-vision-instruct,repope_to_dashb,repope,dash-b,output-confidence,tierA,same_constraint_linear_or_cached,oracle_target_calibration,True,negative_top2_margin,passed,,0.5,20260508,0.358825611159624,0.30693435031420274,0.4195444936917455,0.5253216955246476,0.4696416095612683,0.5856384946499855,0.3668305794683683,0.0,0.959409594095941,427,271,156,3648,58,116,16,0
phi-3.5-vision-instruct,repope_to_dashb,repope,dash-b,HALP-lite,tierA,same_constraint_linear_or_cached,oracle_target_calibration,True,C=10.0,passed,,0.5,20260508,0.7077835787497069,0.679850135092699,0.733802599048866,0.6128891096603274,0.5858937774886289,0.6391818085003148,0.4265892094401585,0.0,0.7564575645756457,427,271,156,3648,58,116,16,0
gemma-3-4b-it,pope_to_dashb,pope,dash-b,MIND-main,tierA,50pct_hard_negatives,source_calibration,False,rho=0.005194511297880796,passed,,0.5,20260506,0.739070152294844,0.7132184284209802,0.7629184749036366,0.5294567151680101,0.512822356559902,0.5480455170183524,0.4832582574085602,0.0,0.9313304721030042,438,233,205,3734,200,400,5,0
gemma-3-4b-it,pope_to_dashb,pope,dash-b,MIND-param,tierA,50pct_hard_negatives,source_calibration,False,single_vmf,passed,,0.5,20260506,0.8484818589995704,0.7938421395344262,0.8991910039628908,0.8865487281482257,0.85473547164749,0.914048203588652,0.8500885318975897,0.2097560975609756,0.36909871244635195,438,233,205,3734,200,400,5,0
gemma-3-4b-it,pope_to_dashb,pope,dash-b,logistic(z),tierA,50pct_hard_negatives,source_calibration,False,C=0.1,passed,,0.5,20260506,0.8498085209751698,0.8140963640967079,0.8825055040564043,0.8454516905684079,0.8111797358127587,0.8754349245573346,0.7499295374685504,0.0,0.37339055793991416,438,233,205,3734,200,400,5,0
gemma-3-4b-it,pope_to_dashb,pope,dash-b,final-hidden linear probe,tierA,same_constraint_linear_or_cached,source_calibration,False,C=10.0,passed,,0.5,20260506,0.7936849604213811,0.7629817089358731,0.8235315922686534,0.7083324610070135,0.674897679305735,0.7427802326783304,0.6031878314510346,0.0,0.5450643776824035,438,233,205,3734,200,400,5,0
gemma-3-4b-it,pope_to_dashb,pope,dash-b,output-confidence,tierA,same_constraint_linear_or_cached,source_calibration,False,negative_top2_margin,passed,,0.5,20260506,0.43691963374356724,0.37669405430463204,0.4989021225195389,0.4462367842562546,0.39140068866871774,0.5006141001859507,0.43330164195034754,0.0,0.9828326180257511,438,233,205,3734,200,400,5,0
gemma-3-4b-it,pope_to_dashb,pope,dash-b,HALP-lite,tierA,same_constraint_linear_or_cached,source_calibration,False,C=0.1,passed,,0.5,20260506,0.8011641447517093,0.7396497029542326,0.8563744777157143,0.8402700722286194,0.8019654253638604,0.8732394032214971,0.8002179090946175,0.14146341463414633,0.51931330472103,438,233,205,3734,200,400,5,0
gemma-3-4b-it,pope_to_dashb,pope,dash-b,MIND-main,tierA,50pct_hard_negatives,oracle_target_calibration,True,rho=0.042438269010309906,passed,,0.5,20260506,0.8310595000542655,0.782782558713674,0.8732548156675305,0.8383439757144352,0.7995269780955523,0.8707451544655338,0.8060829737913955,0.18048780487804877,0.6781115879828327,438,233,205,3734,200,400,5,0
gemma-3-4b-it,pope_to_dashb,pope,dash-b,MIND-param,tierA,50pct_hard_negatives,oracle_target_calibration,True,single_vmf,passed,,0.5,20260506,0.8484818589995704,0.7938421395344262,0.8991910039628908,0.8865487281482257,0.85473547164749,0.914048203588652,0.8500885318975897,0.2097560975609756,0.36909871244635195,438,233,205,3734,200,400,5,0
gemma-3-4b-it,pope_to_dashb,pope,dash-b,logistic(z),tierA,50pct_hard_negatives,oracle_target_calibration,True,C=0.1,passed,,0.5,20260506,0.8498085209751698,0.8140963640967079,0.8825055040564043,0.8454516905684079,0.8111797358127587,0.8754349245573346,0.7499295374685504,0.0,0.37339055793991416,438,233,205,3734,200,400,5,0
gemma-3-4b-it,pope_to_dashb,pope,dash-b,final-hidden linear probe,tierA,same_constraint_linear_or_cached,oracle_target_calibration,True,C=0.1,passed,,0.5,20260506,0.7918691409309205,0.7396117212340866,0.839578728275451,0.8139432638961582,0.775516749238462,0.8499640981192261,0.7474599977578593,0.0,0.5622317596566524,438,233,205,3734,200,400,5,0
gemma-3-4b-it,pope_to_dashb,pope,dash-b,output-confidence,tierA,same_constraint_linear_or_cached,oracle_target_calibration,True,negative_top2_margin,passed,,0.5,20260506,0.43691963374356724,0.37669405430463204,0.4989021225195389,0.4462367842562546,0.39140068866871774,0.5006141001859507,0.43330164195034754,0.0,0.9828326180257511,438,233,205,3734,200,400,5,0
gemma-3-4b-it,pope_to_dashb,pope,dash-b,HALP-lite,tierA,same_constraint_linear_or_cached,oracle_target_calibration,True,C=10.0,passed,,0.5,20260506,0.8022900974990684,0.7560960832579847,0.8443027911308196,0.7538155553229353,0.7108803063818279,0.7922852530099587,0.680314226510544,0.0,1.0,438,233,205,3734,200,400,5,0
gemma-3-4b-it,pope_to_dashb,pope,dash-b,MIND-main,tierA,50pct_hard_negatives,source_calibration,False,rho=0.006121858626626406,passed,,0.5,20260507,0.7448536717740556,0.7186415642028631,0.7697220116921645,0.563278551240448,0.5396893310674145,0.5882020883242682,0.5019932480448733,0.0,0.8497854077253219,438,233,205,3734,200,400,5,0
gemma-3-4b-it,pope_to_dashb,pope,dash-b,MIND-param,tierA,50pct_hard_negatives,source_calibration,False,single_vmf,passed,,0.5,20260507,0.8011436611746081,0.739777552027988,0.8588822504458795,0.8436512090442793,0.8096722591783583,0.8800770204073195,0.8041701798345373,0.12195121951219512,0.5407725321888412,438,233,205,3734,200,400,5,0
gemma-3-4b-it,pope_to_dashb,pope,dash-b,logistic(z),tierA,50pct_hard_negatives,source_calibration,False,C=0.1,passed,,0.5,20260507,0.8260197824733907,0.7776364077439477,0.868598863057393,0.846351931330472,0.8120436112652741,0.8818797220098178,0.8007242842108432,0.0,0.5321888412017167,438,233,205,3734,200,400,5,0
gemma-3-4b-it,pope_to_dashb,pope,dash-b,final-hidden linear probe,tierA,same_constraint_linear_or_cached,source_calibration,False,C=0.1,passed,,0.5,20260507,0.8333782984538516,0.7841699287961924,0.8761735596119021,0.8490317177849891,0.813744729404133,0.8845165982767884,0.8245573815302314,0.0,0.5321888412017167,438,233,205,3734,200,400,5,0
gemma-3-4b-it,pope_to_dashb,pope,dash-b,output-confidence,tierA,same_constraint_linear_or_cached,source_calibration,False,negative_top2_margin,passed,,0.5,20260507,0.43691963374356724,0.37969744790258764,0.4974119123629291,0.4462367842562546,0.3922736956419726,0.5014373786628912,0.43330164195034754,0.0,0.9828326180257511,438,233,205,3734,200,400,5,0
gemma-3-4b-it,pope_to_dashb,pope,dash-b,HALP-lite,tierA,same_constraint_linear_or_cached,source_calibration,False,C=0.1,passed,,0.5,20260507,0.7709961774567183,0.7069999015454372,0.8289782667219389,0.8152412854600648,0.7753415976205801,0.8523438042330574,0.7719606444514507,0.12195121951219512,0.5965665236051502,438,233,205,3734,200,400,5,0
gemma-3-4b-it,pope_to_dashb,pope,dash-b,MIND-main,tierA,50pct_hard_negatives,oracle_target_calibration,True,rho=0.013008584901343016,passed,,0.5,20260507,0.6800439389951909,0.6293250239725285,0.7292914716794889,0.6399979064168324,0.5929245197861379,0.6894054656891948,0.56579324726562,0.0,0.8497854077253219,438,233,205,3734,200,400,5,0
gemma-3-4b-it,pope_to_dashb,pope,dash-b,MIND-param,tierA,50pct_hard_negatives,oracle_target_calibration,True,single_vmf,passed,,0.5,20260507,0.8011436611746081,0.739777552027988,0.8588822504458795,0.8436512090442793,0.8096722591783583,0.8800770204073195,0.8041701798345373,0.12195121951219512,0.5407725321888412,438,233,205,3734,200,400,5,0
gemma-3-4b-it,pope_to_dashb,pope,dash-b,logistic(z),tierA,50pct_hard_negatives,oracle_target_calibration,True,C=0.1,passed,,0.5,20260507,0.8260197824733907,0.7776364077439477,0.868598863057393,0.846351931330472,0.8120436112652741,0.8818797220098178,0.8007242842108432,0.0,0.5321888412017167,438,233,205,3734,200,400,5,0
gemma-3-4b-it,pope_to_dashb,pope,dash-b,final-hidden linear probe,tierA,same_constraint_linear_or_cached,oracle_target_calibration,True,C=1.0,passed,,0.5,20260507,0.8131218302577251,0.7664516169787939,0.8533693689862019,0.8046896262954045,0.7664470603266893,0.8449581723635717,0.7320619370740448,0.0,1.0,438,233,205,3734,200,400,5,0
gemma-3-4b-it,pope_to_dashb,pope,dash-b,output-confidence,tierA,same_constraint_linear_or_cached,oracle_target_calibration,True,negative_top2_margin,passed,,0.5,20260507,0.43691963374356724,0.37969744790258764,0.4974119123629291,0.4462367842562546,0.3922736956419726,0.5014373786628912,0.43330164195034754,0.0,0.9828326180257511,438,233,205,3734,200,400,5,0
gemma-3-4b-it,pope_to_dashb,pope,dash-b,HALP-lite,tierA,same_constraint_linear_or_cached,oracle_target_calibration,True,C=1.0,passed,,0.5,20260507,0.8352187784074565,0.7947247405263845,0.8732529580400132,0.8061551345127186,0.7693890097308781,0.8445945177219769,0.753709928248369,0.0,1.0,438,233,205,3734,200,400,5,0
gemma-3-4b-it,pope_to_dashb,pope,dash-b,MIND-main,tierA,50pct_hard_negatives,source_calibration,False,rho=0.0037804244563794014,passed,,0.5,20260508,0.7266427783535815,0.6911614462111122,0.7601284638293588,0.606039987438501,0.5662295751265901,0.6442935129155499,0.5305094001172584,0.0,0.8412017167381974,438,233,205,3734,200,400,5,0
gemma-3-4b-it,pope_to_dashb,pope,dash-b,MIND-param,tierA,50pct_hard_negatives,source_calibration,False,single_vmf,passed,,0.5,20260508,0.8469265971337747,0.7933582084993342,0.8956652149038391,0.865445409818905,0.8326642290389511,0.8967691581015699,0.8475818585905656,0.22926829268292684,0.5836909871244635,438,233,205,3734,200,400,5,0
gemma-3-4b-it,pope_to_dashb,pope,dash-b,logistic(z),tierA,50pct_hard_negatives,source_calibration,False,C=0.1,passed,,0.5,20260508,0.84866144310492,0.7883724972311893,0.8994240370511967,0.8740081649743536,0.8411079687616404,0.9040312238958667,0.8496884755953891,0.2682926829268293,0.5879828326180258,438,233,205,3734,200,400,5,0
gemma-3-4b-it,pope_to_dashb,pope,dash-b,final-hidden linear probe,tierA,same_constraint_linear_or_cached,source_calibration,False,C=0.1,passed,,0.5,20260508,0.8261415033537739,0.7719107291848306,0.8732828576500976,0.8481942845179525,0.8132138917930064,0.8819267061609539,0.8268557755023596,0.2682926829268293,0.5879828326180258,438,233,205,3734,200,400,5,0
gemma-3-4b-it,pope_to_dashb,pope,dash-b,output-confidence,tierA,same_constraint_linear_or_cached,source_calibration,False,negative_top2_margin,passed,,0.5,20260508,0.43691963374356724,0.3762604134714831,0.5004179935361817,0.4462367842562546,0.3922638400329678,0.5010762948126295,0.43330164195034754,0.0,0.9828326180257511,438,233,205,3734,200,400,5,0
gemma-3-4b-it,pope_to_dashb,pope,dash-b,HALP-lite,tierA,same_constraint_linear_or_cached,source_calibration,False,C=0.1,passed,,0.5,20260508,0.8026663680680762,0.7428199395621116,0.8585069368196543,0.8426672249555113,0.8076862284820031,0.878080878823698,0.803706369232798,0.1073170731707317,0.51931330472103,438,233,205,3734,200,400,5,0
gemma-3-4b-it,pope_to_dashb,pope,dash-b,MIND-main,tierA,50pct_hard_negatives,oracle_target_calibration,True,rho=0.004425555231577345,passed,,0.5,20260508,0.6815770029376567,0.633719519710423,0.7302724253265581,0.6283261802575106,0.5808071797790109,0.6807331429286608,0.5500028193660201,0.0,0.8412017167381974,438,233,205,3734,200,400,5,0
gemma-3-4b-it,pope_to_dashb,pope,dash-b,MIND-param,tierA,50pct_hard_negatives,oracle_target_calibration,True,single_vmf,passed,,0.5,20260508,0.8469265971337747,0.7933582084993342,0.8956652149038391,0.865445409818905,0.8326642290389511,0.8967691581015699,0.8475818585905656,0.22926829268292684,0.5836909871244635,438,233,205,3734,200,400,5,0
gemma-3-4b-it,pope_to_dashb,pope,dash-b,logistic(z),tierA,50pct_hard_negatives,oracle_target_calibration,True,C=0.1,passed,,0.5,20260508,0.84866144310492,0.7883724972311893,0.8994240370511967,0.8740081649743536,0.8411079687616404,0.9040312238958667,0.8496884755953891,0.2682926829268293,0.5879828326180258,438,233,205,3734,200,400,5,0
gemma-3-4b-it,pope_to_dashb,pope,dash-b,final-hidden linear probe,tierA,same_constraint_linear_or_cached,oracle_target_calibration,True,C=0.1,passed,,0.5,20260508,0.8261415033537739,0.7719107291848306,0.8732828576500976,0.8481942845179525,0.8132138917930064,0.8819267061609539,0.8268557755023596,0.2682926829268293,0.5879828326180258,438,233,205,3734,200,400,5,0
gemma-3-4b-it,pope_to_dashb,pope,dash-b,output-confidence,tierA,same_constraint_linear_or_cached,oracle_target_calibration,True,negative_top2_margin,passed,,0.5,20260508,0.43691963374356724,0.3762604134714831,0.5004179935361817,0.4462367842562546,0.3922638400329678,0.5010762948126295,0.43330164195034754,0.0,0.9828326180257511,438,233,205,3734,200,400,5,0
gemma-3-4b-it,pope_to_dashb,pope,dash-b,HALP-lite,tierA,same_constraint_linear_or_cached,oracle_target_calibration,True,C=0.1,passed,,0.5,20260508,0.8026663680680762,0.7428199395621116,0.8585069368196543,0.8426672249555113,0.8076862284820031,0.878080878823698,0.803706369232798,0.1073170731707317,0.51931330472103,438,233,205,3734,200,400,5,0
gemma-3-4b-it,repope_to_repope,repope,repope,MIND-main,tierA,50pct_hard_negatives,source_calibration,False,rho=0.003465976237625795,passed,,0.5,20260506,0.5713455035160572,0.530952345800145,0.6091850838038299,0.8491007111722871,0.8278691446659445,0.8696917213845811,0.26931529148027045,0.0,0.42188575361321407,1603,1453,150,3507,203,407,37,0
gemma-3-4b-it,repope_to_repope,repope,repope,MIND-param,tierA,50pct_hard_negatives,source_calibration,False,single_vmf,passed,,0.5,20260506,0.6336209705396364,0.5512381393288943,0.7146293348798708,0.9311264051387933,0.9109110957611939,0.9499668778932298,0.6364339287940767,0.36,0.34480385409497594,1603,1453,150,3507,203,407,37,0
gemma-3-4b-it,repope_to_repope,repope,repope,logistic(z),tierA,50pct_hard_negatives,source_calibration,False,C=0.1,passed,,0.5,20260506,0.6555550116858349,0.5850274505660785,0.7307301990241227,0.9493071805459968,0.9373963482399738,0.9608306783233912,0.6179883408988945,0.0,0.18306951135581556,1603,1453,150,3507,203,407,37,0
gemma-3-4b-it,repope_to_repope,repope,repope,final-hidden linear probe,tierA,same_constraint_linear_or_cached,source_calibration,False,C=0.1,passed,,0.5,20260506,0.6432224121734046,0.5739007537932563,0.7167004435111641,0.9357100252351457,0.9208907034215796,0.9498437674350952,0.6355232511017865,0.36666666666666664,0.25326909841706813,1603,1453,150,3507,203,407,37,0
gemma-3-4b-it,repope_to_repope,repope,repope,output-confidence,tierA,same_constraint_linear_or_cached,source_calibration,False,negative_top2_margin,passed,,0.5,20260506,0.1478405292749691,0.11363131518127259,0.18907953020316126,0.5746386785960083,0.5354629500294152,0.6168734164189706,0.1077355551690054,0.0,0.9008947006194081,1603,1453,150,3507,203,407,37,0
gemma-3-4b-it,repope_to_repope,repope,repope,HALP-lite,tierA,same_constraint_linear_or_cached,source_calibration,False,C=0.1,passed,,0.5,20260506,0.6622869397349574,0.5915897649763374,0.7360833665639469,0.9446386785960081,0.9321317642598962,0.9570219515107669,0.6518386171445465,0.37333333333333335,0.1858224363386098,1603,1453,150,3507,203,407,37,0
gemma-3-4b-it,repope_to_repope,repope,repope,MIND-main,tierA,50pct_hard_negatives,oracle_target_calibration,True,rho=0.003465976237625795,passed,,0.5,20260506,0.5713455035160572,0.530952345800145,0.6091850838038299,0.8491007111722871,0.8278691446659445,0.8696917213845811,0.26931529148027045,0.0,0.42188575361321407,1603,1453,150,3507,203,407,37,0
gemma-3-4b-it,repope_to_repope,repope,repope,MIND-param,tierA,50pct_hard_negatives,oracle_target_calibration,True,single_vmf,passed,,0.5,20260506,0.6336209705396364,0.5512381393288943,0.7146293348798708,0.9311264051387933,0.9109110957611939,0.9499668778932298,0.6364339287940767,0.36,0.34480385409497594,1603,1453,150,3507,203,407,37,0
gemma-3-4b-it,repope_to_repope,repope,repope,logistic(z),tierA,50pct_hard_negatives,oracle_target_calibration,True,C=0.1,passed,,0.5,20260506,0.6555550116858349,0.5850274505660785,0.7307301990241227,0.9493071805459968,0.9373963482399738,0.9608306783233912,0.6179883408988945,0.0,0.18306951135581556,1603,1453,150,3507,203,407,37,0
gemma-3-4b-it,repope_to_repope,repope,repope,final-hidden linear probe,tierA,same_constraint_linear_or_cached,oracle_target_calibration,True,C=0.1,passed,,0.5,20260506,0.6432224121734046,0.5739007537932563,0.7167004435111641,0.9357100252351457,0.9208907034215796,0.9498437674350952,0.6355232511017865,0.36666666666666664,0.25326909841706813,1603,1453,150,3507,203,407,37,0
gemma-3-4b-it,repope_to_repope,repope,repope,output-confidence,tierA,same_constraint_linear_or_cached,oracle_target_calibration,True,negative_top2_margin,passed,,0.5,20260506,0.1478405292749691,0.11363131518127259,0.18907953020316126,0.5746386785960083,0.5354629500294152,0.6168734164189706,0.1077355551690054,0.0,0.9008947006194081,1603,1453,150,3507,203,407,37,0
gemma-3-4b-it,repope_to_repope,repope,repope,HALP-lite,tierA,same_constraint_linear_or_cached,oracle_target_calibration,True,C=0.1,passed,,0.5,20260506,0.6622869397349574,0.5915897649763374,0.7360833665639469,0.9446386785960081,0.9321317642598962,0.9570219515107669,0.6518386171445465,0.37333333333333335,0.1858224363386098,1603,1453,150,3507,203,407,37,0
gemma-3-4b-it,repope_to_pope,repope,pope,MIND-main,tierA,50pct_hard_negatives,source_calibration,False,rho=0.003465976237625795,passed,,0.5,20260506,0.5389625266508212,0.4965494591056516,0.577134461151732,0.8202725615700903,0.796975929610544,0.8417449257495626,0.22996450390833942,0.0,0.45663600525624176,1677,1522,155,3507,203,407,123,0
gemma-3-4b-it,repope_to_pope,repope,pope,MIND-param,tierA,50pct_hard_negatives,source_calibration,False,single_vmf,passed,,0.5,20260506,0.44526272220632096,0.3733728074671354,0.5237187497103788,0.9059175109151795,0.8824069872335469,0.9273411790964681,0.44967794832217195,0.08387096774193549,0.3455978975032852,1677,1522,155,3507,203,407,123,0
gemma-3-4b-it,repope_to_pope,repope,pope,logistic(z),tierA,50pct_hard_negatives,source_calibration,False,C=0.1,passed,,0.5,20260506,0.522100572540108,0.45198233785239394,0.5892957637109056,0.9235725488533763,0.9086640962405921,0.9384887089756446,0.4604972741319824,0.0,0.21419185282522996,1677,1522,155,3507,203,407,123,0
gemma-3-4b-it,repope_to_pope,repope,pope,final-hidden linear probe,tierA,same_constraint_linear_or_cached,source_calibration,False,C=0.1,passed,,0.5,20260506,0.4645586002391507,0.38913841168874236,0.5362513477895258,0.9038807172226697,0.8842134174648284,0.9216476477557575,0.4229351340724247,0.0,0.32654402102496716,1677,1522,155,3507,203,407,123,0
gemma-3-4b-it,repope_to_pope,repope,pope,output-confidence,tierA,same_constraint_linear_or_cached,source_calibration,False,negative_top2_margin,passed,,0.5,20260506,0.15031468273741466,0.1168567613409001,0.19006853330193585,0.570304353355093,0.5304900910420327,0.6091775808389818,0.10510250493480114,0.0,0.859395532194481,1677,1522,155,3507,203,407,123,0
gemma-3-4b-it,repope_to_pope,repope,pope,HALP-lite,tierA,same_constraint_linear_or_cached,source_calibration,False,C=0.1,passed,,0.5,20260506,0.4991349399033759,0.4215689459324276,0.5716922895122379,0.9141960917298969,0.8967183726808234,0.9299072861599011,0.46066749454363254,0.0,0.2490144546649146,1677,1522,155,3507,203,407,123,0
gemma-3-4b-it,repope_to_pope,repope,pope,MIND-main,tierA,50pct_hard_negatives,oracle_target_calibration,True,rho=0.003018859903911431,passed,,0.5,20260506,0.5447248402870378,0.5111255357251437,0.5762657314406837,0.7892819295494045,0.7669858906668645,0.8094842991304345,0.19965622330503746,0.0,0.5532194480946123,1677,1522,155,3507,203,407,123,0
gemma-3-4b-it,repope_to_pope,repope,pope,MIND-param,tierA,50pct_hard_negatives,oracle_target_calibration,True,single_vmf,passed,,0.5,20260506,0.44526272220632096,0.3733728074671354,0.5237187497103788,0.9059175109151795,0.8824069872335469,0.9273411790964681,0.44967794832217195,0.08387096774193549,0.3455978975032852,1677,1522,155,3507,203,407,123,0
gemma-3-4b-it,repope_to_pope,repope,pope,logistic(z),tierA,50pct_hard_negatives,oracle_target_calibration,True,C=1.0,passed,,0.5,20260506,0.5767956631304809,0.521998339886286,0.6313073359475103,0.8860094951464542,0.8582374469088045,0.9122903433977624,0.40068129635533845,0.0,1.0,1677,1522,155,3507,203,407,123,0
gemma-3-4b-it,repope_to_pope,repope,pope,final-hidden linear probe,tierA,same_constraint_linear_or_cached,oracle_target_calibration,True,C=10.0,passed,,0.5,20260506,0.5505856082016034,0.49497754598111676,0.6047256888106254,0.7956593616209572,0.7607395985732002,0.8318117840161094,0.2995409926640147,0.0,1.0,1677,1522,155,3507,203,407,123,0
gemma-3-4b-it,repope_to_pope,repope,pope,output-confidence,tierA,same_constraint_linear_or_cached,oracle_target_calibration,True,negative_top2_margin,passed,,0.5,20260506,0.15031468273741466,0.1168567613409001,0.19006853330193585,0.570304353355093,0.5304900910420327,0.6091775808389818,0.10510250493480114,0.0,0.859395532194481,1677,1522,155,3507,203,407,123,0
gemma-3-4b-it,repope_to_pope,repope,pope,HALP-lite,tierA,same_constraint_linear_or_cached,oracle_target_calibration,True,C=1.0,passed,,0.5,20260506,0.5200576931721133,0.45760762769461144,0.5871012599190941,0.7746598279004706,0.7354001095801822,0.8131666693050903,0.3417747060206995,0.0,1.0,1677,1522,155,3507,203,407,123,0
gemma-3-4b-it,repope_to_dashb,repope,dash-b,MIND-main,tierA,50pct_hard_negatives,source_calibration,False,rho=0.003465976237625795,passed,,0.5,20260506,0.7400380572611364,0.7153752794694949,0.7646648767662448,0.5421647649952894,0.5205835392280577,0.5652573877877709,0.4900458492561164,0.0,0.8969957081545065,438,233,205,3507,203,407,5,0
gemma-3-4b-it,repope_to_dashb,repope,dash-b,MIND-param,tierA,50pct_hard_negatives,source_calibration,False,single_vmf,passed,,0.5,20260506,0.7800501337450454,0.7096862363669019,0.8490257787262298,0.857950382078928,0.8199389850058212,0.8929080257686002,0.7818457456085472,0.04390243902439024,0.3905579399141631,438,233,205,3507,203,407,5,0
gemma-3-4b-it,repope_to_dashb,repope,dash-b,logistic(z),tierA,50pct_hard_negatives,source_calibration,False,C=0.1,passed,,0.5,20260506,0.8327123835268717,0.783596746712474,0.877479552118231,0.8578038312571967,0.8201403191370883,0.8924116248819249,0.783457454955098,0.0,0.3905579399141631,438,233,205,3507,203,407,5,0
gemma-3-4b-it,repope_to_dashb,repope,dash-b,final-hidden linear probe,tierA,same_constraint_linear_or_cached,source_calibration,False,C=0.1,passed,,0.5,20260506,0.7326768416502659,0.6665909325474051,0.7972185106408309,0.7957081545064377,0.7535774735774736,0.8357499080599459,0.7189087936103606,0.0,0.5836909871244635,438,233,205,3507,203,407,5,0
gemma-3-4b-it,repope_to_dashb,repope,dash-b,output-confidence,tierA,same_constraint_linear_or_cached,source_calibration,False,negative_top2_margin,passed,,0.5,20260506,0.43691963374356724,0.37669405430463204,0.4989021225195389,0.4462367842562546,0.39140068866871774,0.5006141001859507,0.43330164195034754,0.0,0.9828326180257511,438,233,205,3507,203,407,5,0
gemma-3-4b-it,repope_to_dashb,repope,dash-b,HALP-lite,tierA,same_constraint_linear_or_cached,source_calibration,False,C=0.1,passed,,0.5,20260506,0.7500584113617007,0.6810668474259176,0.8130749569964453,0.8237621689521617,0.7807713185210297,0.8615705409241865,0.7358739076622585,0.0,0.5021459227467812,438,233,205,3507,203,407,5,0
gemma-3-4b-it,repope_to_dashb,repope,dash-b,MIND-main,tierA,50pct_hard_negatives,oracle_target_calibration,True,rho=0.0056069912763233665,passed,,0.5,20260506,0.7232386062053574,0.6749521764886129,0.765942115349789,0.6813775777242752,0.636226711056779,0.7255449054621849,0.5927377560925391,0.0,0.7639484978540773,438,233,205,3507,203,407,5,0
gemma-3-4b-it,repope_to_dashb,repope,dash-b,MIND-param,tierA,50pct_hard_negatives,oracle_target_calibration,True,single_vmf,passed,,0.5,20260506,0.7800501337450454,0.7096862363669019,0.8490257787262298,0.857950382078928,0.8199389850058212,0.8929080257686002,0.7818457456085472,0.04390243902439024,0.3905579399141631,438,233,205,3507,203,407,5,0
gemma-3-4b-it,repope_to_dashb,repope,dash-b,logistic(z),tierA,50pct_hard_negatives,oracle_target_calibration,True,C=1.0,passed,,0.5,20260506,0.8322977493758401,0.7896819809361958,0.870344641837692,0.8284308594158903,0.789128908417763,0.8649381621633049,0.7353579448370982,0.0,0.3905579399141631,438,233,205,3507,203,407,5,0
gemma-3-4b-it,repope_to_dashb,repope,dash-b,final-hidden linear probe,tierA,same_constraint_linear_or_cached,oracle_target_calibration,True,C=10.0,passed,,0.5,20260506,0.8126149541711787,0.7722114927626301,0.8495309652563435,0.7766774835130326,0.7359076273346342,0.8127236395766116,0.6842133372609139,0.0,1.0,438,233,205,3507,203,407,5,0
gemma-3-4b-it,repope_to_dashb,repope,dash-b,output-confidence,tierA,same_constraint_linear_or_cached,oracle_target_calibration,True,negative_top2_margin,passed,,0.5,20260506,0.43691963374356724,0.37669405430463204,0.4989021225195389,0.4462367842562546,0.39140068866871774,0.5006141001859507,0.43330164195034754,0.0,0.9828326180257511,438,233,205,3507,203,407,5,0
gemma-3-4b-it,repope_to_dashb,repope,dash-b,HALP-lite,tierA,same_constraint_linear_or_cached,oracle_target_calibration,True,C=10.0,passed,,0.5,20260506,0.8152434986957365,0.7721297424763242,0.8518153167775349,0.7747095153354966,0.7295920917886114,0.8129598348348349,0.6885825626529608,0.0,1.0,438,233,205,3507,203,407,5,0
gemma-3-4b-it,repope_to_repope,repope,repope,MIND-main,tierA,50pct_hard_negatives,source_calibration,False,rho=0.006876079449919129,passed,,0.5,20260507,0.4978384262162195,0.43963555089841844,0.5552306181952007,0.8824202798807066,0.8627559889052447,0.90119244913882,0.34402054680161476,0.0,0.3509979353062629,1603,1453,150,3507,203,407,37,0
gemma-3-4b-it,repope_to_repope,repope,repope,MIND-param,tierA,50pct_hard_negatives,source_calibration,False,single_vmf,passed,,0.5,20260507,0.6026776164934454,0.5261354988882765,0.6775328077021361,0.9286258316127552,0.910061729708659,0.9455145246091622,0.604673271426919,0.21333333333333335,0.16792842395044735,1603,1453,150,3507,203,407,37,0
gemma-3-4b-it,repope_to_repope,repope,repope,logistic(z),tierA,50pct_hard_negatives,source_calibration,False,C=0.1,passed,,0.5,20260507,0.6039070865325205,0.5348704866808274,0.6718454083702283,0.9371277816012846,0.9244683479356938,0.9500506878579486,0.5380824488672826,0.0,0.16930488644184447,1603,1453,150,3507,203,407,37,0
gemma-3-4b-it,repope_to_repope,repope,repope,final-hidden linear probe,tierA,same_constraint_linear_or_cached,source_calibration,False,C=0.1,passed,,0.5,20260507,0.6446570249589396,0.5622039125598101,0.7169393152715999,0.9443220922229869,0.9319143775565664,0.957008125884716,0.6365622993709308,0.26666666666666666,0.2002752924982794,1603,1453,150,3507,203,407,37,0
gemma-3-4b-it,repope_to_repope,repope,repope,output-confidence,tierA,same_constraint_linear_or_cached,source_calibration,False,negative_top2_margin,passed,,0.5,20260507,0.1478405292749691,0.11308118984810729,0.1859297067328619,0.5746386785960083,0.5340753195605878,0.6166571809298447,0.1077355551690054,0.0,0.9008947006194081,1603,1453,150,3507,203,407,37,0
gemma-3-4b-it,repope_to_repope,repope,repope,HALP-lite,tierA,same_constraint_linear_or_cached,source_calibration,False,C=1.0,passed,,0.5,20260507,0.6288666828331788,0.5625063424501207,0.6977475825333985,0.8192544161504931,0.7813347241408047,0.858062060251016,0.4619725244763567,0.0,1.0,1603,1453,150,3507,203,407,37,0
gemma-3-4b-it,repope_to_repope,repope,repope,MIND-main,tierA,50pct_hard_negatives,oracle_target_calibration,True,rho=0.006876079449919129,passed,,0.5,20260507,0.4978384262162195,0.43963555089841844,0.5552306181952007,0.8824202798807066,0.8627559889052447,0.90119244913882,0.34402054680161476,0.0,0.3509979353062629,1603,1453,150,3507,203,407,37,0
gemma-3-4b-it,repope_to_repope,repope,repope,MIND-param,tierA,50pct_hard_negatives,oracle_target_calibration,True,single_vmf,passed,,0.5,20260507,0.6026776164934454,0.5261354988882765,0.6775328077021361,0.9286258316127552,0.910061729708659,0.9455145246091622,0.604673271426919,0.21333333333333335,0.16792842395044735,1603,1453,150,3507,203,407,37,0
gemma-3-4b-it,repope_to_repope,repope,repope,logistic(z),tierA,50pct_hard_negatives,oracle_target_calibration,True,C=0.1,passed,,0.5,20260507,0.6039070865325205,0.5348704866808274,0.6718454083702283,0.9371277816012846,0.9244683479356938,0.9500506878579486,0.5380824488672826,0.0,0.16930488644184447,1603,1453,150,3507,203,407,37,0
gemma-3-4b-it,repope_to_repope,repope,repope,final-hidden linear probe,tierA,same_constraint_linear_or_cached,oracle_target_calibration,True,C=0.1,passed,,0.5,20260507,0.6446570249589396,0.5622039125598101,0.7169393152715999,0.9443220922229869,0.9319143775565664,0.957008125884716,0.6365622993709308,0.26666666666666666,0.2002752924982794,1603,1453,150,3507,203,407,37,0
gemma-3-4b-it,repope_to_repope,repope,repope,output-confidence,tierA,same_constraint_linear_or_cached,oracle_target_calibration,True,negative_top2_margin,passed,,0.5,20260507,0.1478405292749691,0.11308118984810729,0.1859297067328619,0.5746386785960083,0.5340753195605878,0.6166571809298447,0.1077355551690054,0.0,0.9008947006194081,1603,1453,150,3507,203,407,37,0
gemma-3-4b-it,repope_to_repope,repope,repope,HALP-lite,tierA,same_constraint_linear_or_cached,oracle_target_calibration,True,C=1.0,passed,,0.5,20260507,0.6288666828331788,0.5625063424501207,0.6977475825333985,0.8192544161504931,0.7813347241408047,0.858062060251016,0.4619725244763567,0.0,1.0,1603,1453,150,3507,203,407,37,0
gemma-3-4b-it,repope_to_pope,repope,pope,MIND-main,tierA,50pct_hard_negatives,source_calibration,False,rho=0.006876079449919129,passed,,0.5,20260507,0.4170014442618961,0.3563863987024839,0.47564053454005983,0.8440379805858166,0.8204184457684767,0.8671418807128535,0.2657391147390627,0.0,0.3968462549277267,1677,1522,155,3507,203,407,123,0
gemma-3-4b-it,repope_to_pope,repope,pope,MIND-param,tierA,50pct_hard_negatives,source_calibration,False,single_vmf,passed,,0.5,20260507,0.41838855229061284,0.3468955561596545,0.5010711465329514,0.9032936289262855,0.8844418233607065,0.9220609610798921,0.4231595494079421,0.1032258064516129,0.2457293035479632,1677,1522,155,3507,203,407,123,0
gemma-3-4b-it,repope_to_pope,repope,pope,logistic(z),tierA,50pct_hard_negatives,source_calibration,False,C=0.1,passed,,0.5,20260507,0.5186452712700769,0.44573764771966845,0.5879726438166595,0.9134733584841677,0.8983140775438343,0.9285381346046683,0.4268625247015907,0.0,0.22930354796320632,1677,1522,155,3507,203,407,123,0
gemma-3-4b-it,repope_to_pope,repope,pope,final-hidden linear probe,tierA,same_constraint_linear_or_cached,source_calibration,False,C=0.1,passed,,0.5,20260507,0.5048383333870732,0.42430973030119357,0.5861674824284913,0.9117587215463524,0.8951130917527078,0.9276048001695494,0.47419642465271145,0.1870967741935484,0.25098554533508544,1677,1522,155,3507,203,407,123,0
gemma-3-4b-it,repope_to_pope,repope,pope,output-confidence,tierA,same_constraint_linear_or_cached,source_calibration,False,negative_top2_margin,passed,,0.5,20260507,0.15031468273741466,0.11576987607966736,0.18629010492965672,0.570304353355093,0.5316162977627943,0.6121071316605025,0.10510250493480114,0.0,0.859395532194481,1677,1522,155,3507,203,407,123,0
gemma-3-4b-it,repope_to_pope,repope,pope,HALP-lite,tierA,same_constraint_linear_or_cached,source_calibration,False,C=1.0,passed,,0.5,20260507,0.5469334192068283,0.4738390561697352,0.6147549729001979,0.791952439489636,0.747624654552219,0.8285451619348867,0.37072820782191174,0.0,1.0,1677,1522,155,3507,203,407,123,0
gemma-3-4b-it,repope_to_pope,repope,pope,MIND-main,tierA,50pct_hard_negatives,oracle_target_calibration,True,rho=0.003368351188334947,passed,,0.5,20260507,0.5715884103150046,0.5475071058568318,0.5938787899980463,0.7823979483701411,0.7656834159492308,0.7991935638092685,0.19094674575643794,0.0,0.43101182654402104,1677,1522,155,3507,203,407,123,0
gemma-3-4b-it,repope_to_pope,repope,pope,MIND-param,tierA,50pct_hard_negatives,oracle_target_calibration,True,single_vmf,passed,,0.5,20260507,0.41838855229061284,0.3468955561596545,0.5010711465329514,0.9032936289262855,0.8844418233607065,0.9220609610798921,0.4231595494079421,0.1032258064516129,0.2457293035479632,1677,1522,155,3507,203,407,123,0
gemma-3-4b-it,repope_to_pope,repope,pope,logistic(z),tierA,50pct_hard_negatives,oracle_target_calibration,True,C=10.0,passed,,0.5,20260507,0.5484634719861669,0.48992419053180725,0.5993901906335167,0.7892247043363996,0.7503574976151841,0.8256552703239491,0.31192879405950874,0.0,1.0,1677,1522,155,3507,203,407,123,0
gemma-3-4b-it,repope_to_pope,repope,pope,final-hidden linear probe,tierA,same_constraint_linear_or_cached,oracle_target_calibration,True,C=10.0,passed,,0.5,20260507,0.5404590410773066,0.47646943636726585,0.604890075048832,0.7597537196388453,0.721847825362449,0.7996713675518822,0.31287699660323265,0.0,1.0,1677,1522,155,3507,203,407,123,0
gemma-3-4b-it,repope_to_pope,repope,pope,output-confidence,tierA,same_constraint_linear_or_cached,oracle_target_calibration,True,negative_top2_margin,passed,,0.5,20260507,0.15031468273741466,0.11576987607966736,0.18629010492965672,0.570304353355093,0.5316162977627943,0.6121071316605025,0.10510250493480114,0.0,0.859395532194481,1677,1522,155,3507,203,407,123,0
gemma-3-4b-it,repope_to_pope,repope,pope,HALP-lite,tierA,same_constraint_linear_or_cached,oracle_target_calibration,True,C=1.0,passed,,0.5,20260507,0.5469334192068283,0.4738390561697352,0.6147549729001979,0.791952439489636,0.747624654552219,0.8285451619348867,0.37072820782191174,0.0,1.0,1677,1522,155,3507,203,407,123,0
gemma-3-4b-it,repope_to_dashb,repope,dash-b,MIND-main,tierA,50pct_hard_negatives,source_calibration,False,rho=0.006876079449919129,passed,,0.5,20260507,0.7381329706740214,0.7012547265571394,0.769599874686684,0.6384486548728148,0.5983398251760303,0.6788876343559327,0.5543390929651388,0.0,0.7811158798283262,438,233,205,3507,203,407,5,0
gemma-3-4b-it,repope_to_dashb,repope,dash-b,MIND-param,tierA,50pct_hard_negatives,source_calibration,False,single_vmf,passed,,0.5,20260507,0.7509531317598711,0.6890778406889736,0.8185700494084857,0.8423531874803727,0.8062536149324453,0.876602138226286,0.7529960759655084,0.01951219512195122,0.40772532188841204,438,233,205,3507,203,407,5,0
gemma-3-4b-it,repope_to_dashb,repope,dash-b,logistic(z),tierA,50pct_hard_negatives,source_calibration,False,C=0.1,passed,,0.5,20260507,0.8211663828552151,0.7809620602474491,0.858536286933793,0.831654977493981,0.7961429288213794,0.8650392277878325,0.7369480983625851,0.0,0.41201716738197425,438,233,205,3507,203,407,5,0
gemma-3-4b-it,repope_to_dashb,repope,dash-b,final-hidden linear probe,tierA,same_constraint_linear_or_cached,source_calibration,False,C=0.1,passed,,0.5,20260507,0.7441310148086806,0.682135595851616,0.8011290391913183,0.8064482361561813,0.7679572908553998,0.8456160788683923,0.7295877343228729,0.0,0.5236051502145923,438,233,205,3507,203,407,5,0
gemma-3-4b-it,repope_to_dashb,repope,dash-b,output-confidence,tierA,same_constraint_linear_or_cached,source_calibration,False,negative_top2_margin,passed,,0.5,20260507,0.43691963374356724,0.37969744790258764,0.4974119123629291,0.4462367842562546,0.3922736956419726,0.5014373786628912,0.43330164195034754,0.0,0.9828326180257511,438,233,205,3507,203,407,5,0
gemma-3-4b-it,repope_to_dashb,repope,dash-b,HALP-lite,tierA,same_constraint_linear_or_cached,source_calibration,False,C=1.0,passed,,0.5,20260507,0.8207402710691094,0.7779951393779014,0.8595094838855921,0.8031089710038732,0.7672999373136351,0.840728739187478,0.7302101877055847,0.0,1.0,438,233,205,3507,203,407,5,0
gemma-3-4b-it,repope_to_dashb,repope,dash-b,MIND-main,tierA,50pct_hard_negatives,oracle_target_calibration,True,rho=0.00877147181579582,passed,,0.5,20260507,0.7340262109501713,0.6892220523645337,0.7757717820029042,0.6897519103946403,0.6454873714014042,0.73301123773346,0.6067493642448868,0.0,0.7854077253218884,438,233,205,3507,203,407,5,0
gemma-3-4b-it,repope_to_dashb,repope,dash-b,MIND-param,tierA,50pct_hard_negatives,oracle_target_calibration,True,single_vmf,passed,,0.5,20260507,0.7509531317598711,0.6890778406889736,0.8185700494084857,0.8423531874803727,0.8062536149324453,0.876602138226286,0.7529960759655084,0.01951219512195122,0.40772532188841204,438,233,205,3507,203,407,5,0
gemma-3-4b-it,repope_to_dashb,repope,dash-b,logistic(z),tierA,50pct_hard_negatives,oracle_target_calibration,True,C=10.0,passed,,0.5,20260507,0.8221793753949765,0.7895973739033335,0.8533779275723727,0.7794096095467392,0.7441377821031228,0.817158737912814,0.6734379803134909,0.0,1.0,438,233,205,3507,203,407,5,0
gemma-3-4b-it,repope_to_dashb,repope,dash-b,final-hidden linear probe,tierA,same_constraint_linear_or_cached,oracle_target_calibration,True,C=10.0,passed,,0.5,20260507,0.7612054599392207,0.7168829609664739,0.8013695658616835,0.7130744268816078,0.6706883041937414,0.7537542517487481,0.627558370893037,0.0,1.0,438,233,205,3507,203,407,5,0
gemma-3-4b-it,repope_to_dashb,repope,dash-b,output-confidence,tierA,same_constraint_linear_or_cached,oracle_target_calibration,True,negative_top2_margin,passed,,0.5,20260507,0.43691963374356724,0.37969744790258764,0.4974119123629291,0.4462367842562546,0.3922736956419726,0.5014373786628912,0.43330164195034754,0.0,0.9828326180257511,438,233,205,3507,203,407,5,0
gemma-3-4b-it,repope_to_dashb,repope,dash-b,HALP-lite,tierA,same_constraint_linear_or_cached,oracle_target_calibration,True,C=10.0,passed,,0.5,20260507,0.831866154093574,0.7964494833383566,0.8674595002494536,0.7983251334659268,0.7605262607617851,0.8344058586657512,0.7088214487099386,0.0,1.0,438,233,205,3507,203,407,5,0
gemma-3-4b-it,repope_to_repope,repope,repope,MIND-main,tierA,50pct_hard_negatives,source_calibration,False,rho=0.013000022709410515,passed,,0.5,20260508,0.4949162211498447,0.4298900846639727,0.5628970529198051,0.8918375774260152,0.8725386601483879,0.9109096174891476,0.40257482932230065,0.0,0.36132140399174123,1603,1453,150,3507,203,407,37,0
gemma-3-4b-it,repope_to_repope,repope,repope,MIND-param,tierA,50pct_hard_negatives,source_calibration,False,single_vmf,passed,,0.5,20260508,0.5940865923262071,0.5175126826708742,0.6762507865119142,0.945726083964212,0.9337081578764187,0.9562788278141576,0.5975461708932558,0.23333333333333334,0.1858224363386098,1603,1453,150,3507,203,407,37,0
gemma-3-4b-it,repope_to_repope,repope,repope,logistic(z),tierA,50pct_hard_negatives,source_calibration,False,C=0.1,passed,,0.5,20260508,0.6448435441440031,0.5801543176755009,0.7110469112782107,0.9458316127552191,0.9339351882980632,0.9566960619574318,0.576968814939535,0.0,0.1858224363386098,1603,1453,150,3507,203,407,37,0
gemma-3-4b-it,repope_to_repope,repope,repope,final-hidden linear probe,tierA,same_constraint_linear_or_cached,source_calibration,False,C=0.1,passed,,0.5,20260508,0.6715801188263468,0.6028457969925811,0.7388611007405173,0.9469786648313834,0.9352636046018644,0.9586671793326682,0.6728647602610418,0.35333333333333333,0.1748107364074329,1603,1453,150,3507,203,407,37,0
gemma-3-4b-it,repope_to_repope,repope,repope,output-confidence,tierA,same_constraint_linear_or_cached,source_calibration,False,negative_top2_margin,passed,,0.5,20260508,0.1478405292749691,0.11328118927655223,0.18565271292165897,0.5746386785960083,0.5315323452523096,0.6165556061855083,0.1077355551690054,0.0,0.9008947006194081,1603,1453,150,3507,203,407,37,0
gemma-3-4b-it,repope_to_repope,repope,repope,HALP-lite,tierA,same_constraint_linear_or_cached,source_calibration,False,C=0.1,passed,,0.5,20260508,0.6748531461102656,0.6093918824142448,0.7409687085258618,0.9481486579490709,0.9364264665455918,0.9591310207197271,0.6763208030700267,0.35333333333333333,0.17549896765313144,1603,1453,150,3507,203,407,37,0
gemma-3-4b-it,repope_to_repope,repope,repope,MIND-main,tierA,50pct_hard_negatives,oracle_target_calibration,True,rho=0.013000022709410515,passed,,0.5,20260508,0.4949162211498447,0.4298900846639727,0.5628970529198051,0.8918375774260152,0.8725386601483879,0.9109096174891476,0.40257482932230065,0.0,0.36132140399174123,1603,1453,150,3507,203,407,37,0
gemma-3-4b-it,repope_to_repope,repope,repope,MIND-param,tierA,50pct_hard_negatives,oracle_target_calibration,True,single_vmf,passed,,0.5,20260508,0.5940865923262071,0.5175126826708742,0.6762507865119142,0.945726083964212,0.9337081578764187,0.9562788278141576,0.5975461708932558,0.23333333333333334,0.1858224363386098,1603,1453,150,3507,203,407,37,0
gemma-3-4b-it,repope_to_repope,repope,repope,logistic(z),tierA,50pct_hard_negatives,oracle_target_calibration,True,C=0.1,passed,,0.5,20260508,0.6448435441440031,0.5801543176755009,0.7110469112782107,0.9458316127552191,0.9339351882980632,0.9566960619574318,0.576968814939535,0.0,0.1858224363386098,1603,1453,150,3507,203,407,37,0
gemma-3-4b-it,repope_to_repope,repope,repope,final-hidden linear probe,tierA,same_constraint_linear_or_cached,oracle_target_calibration,True,C=0.1,passed,,0.5,20260508,0.6715801188263468,0.6028457969925811,0.7388611007405173,0.9469786648313834,0.9352636046018644,0.9586671793326682,0.6728647602610418,0.35333333333333333,0.1748107364074329,1603,1453,150,3507,203,407,37,0
gemma-3-4b-it,repope_to_repope,repope,repope,output-confidence,tierA,same_constraint_linear_or_cached,oracle_target_calibration,True,negative_top2_margin,passed,,0.5,20260508,0.1478405292749691,0.11328118927655223,0.18565271292165897,0.5746386785960083,0.5315323452523096,0.6165556061855083,0.1077355551690054,0.0,0.9008947006194081,1603,1453,150,3507,203,407,37,0
gemma-3-4b-it,repope_to_repope,repope,repope,HALP-lite,tierA,same_constraint_linear_or_cached,oracle_target_calibration,True,C=0.1,passed,,0.5,20260508,0.6748531461102656,0.6093918824142448,0.7409687085258618,0.9481486579490709,0.9364264665455918,0.9591310207197271,0.6763208030700267,0.35333333333333333,0.17549896765313144,1603,1453,150,3507,203,407,37,0
gemma-3-4b-it,repope_to_pope,repope,pope,MIND-main,tierA,50pct_hard_negatives,source_calibration,False,rho=0.013000022709410515,passed,,0.5,20260508,0.4263480861327641,0.363965607749064,0.4881410333074047,0.8550718494341062,0.8291500856704249,0.8770540708265863,0.3265441599756272,0.0,0.4671484888304862,1677,1522,155,3507,203,407,123,0
gemma-3-4b-it,repope_to_pope,repope,pope,MIND-param,tierA,50pct_hard_negatives,source_calibration,False,single_vmf,passed,,0.5,20260508,0.42487349611261016,0.35796494997179046,0.4999159210125126,0.9090203891314484,0.8871256489705912,0.9263557770819989,0.4291893534055458,0.06451612903225806,0.21156373193166886,1677,1522,155,3507,203,407,123,0
gemma-3-4b-it,repope_to_pope,repope,pope,logistic(z),tierA,50pct_hard_negatives,source_calibration,False,C=0.1,passed,,0.5,20260508,0.5427374962442596,0.4782364081164369,0.6025594956095962,0.9181170785469035,0.9024640777185438,0.9320105077725876,0.44934894131457637,0.0,0.21156373193166886,1677,1522,155,3507,203,407,123,0
gemma-3-4b-it,repope_to_pope,repope,pope,final-hidden linear probe,tierA,same_constraint_linear_or_cached,source_calibration,False,C=0.1,passed,,0.5,20260508,0.4801136138239558,0.4079839940237987,0.5514394505539387,0.9126531304310965,0.8957601551383448,0.9284989747383354,0.456647222879749,0.15483870967741936,0.29697766097240474,1677,1522,155,3507,203,407,123,0
gemma-3-4b-it,repope_to_pope,repope,pope,output-confidence,tierA,same_constraint_linear_or_cached,source_calibration,False,negative_top2_margin,passed,,0.5,20260508,0.15031468273741466,0.1158332470209952,0.18478105825446375,0.570304353355093,0.5310198338023934,0.609923510517365,0.10510250493480114,0.0,0.859395532194481,1677,1522,155,3507,203,407,123,0
gemma-3-4b-it,repope_to_pope,repope,pope,HALP-lite,tierA,same_constraint_linear_or_cached,source_calibration,False,C=0.1,passed,,0.5,20260508,0.48317733237136673,0.4097158903770489,0.5499479419553888,0.9151646814463144,0.8984610347412151,0.9297408687176485,0.448516811276639,0.0,0.23915900131406045,1677,1522,155,3507,203,407,123,0
gemma-3-4b-it,repope_to_pope,repope,pope,MIND-main,tierA,50pct_hard_negatives,oracle_target_calibration,True,rho=0.006808466648420971,passed,,0.5,20260508,0.5582500837978273,0.5165383019637139,0.5939954366900105,0.8460196685176551,0.82530593762493,0.8645985319054508,0.2589573910792963,0.0,0.4612352168199737,1677,1522,155,3507,203,407,123,0
gemma-3-4b-it,repope_to_pope,repope,pope,MIND-param,tierA,50pct_hard_negatives,oracle_target_calibration,True,single_vmf,passed,,0.5,20260508,0.42487349611261016,0.35796494997179046,0.4999159210125126,0.9090203891314484,0.8871256489705912,0.9263557770819989,0.4291893534055458,0.06451612903225806,0.21156373193166886,1677,1522,155,3507,203,407,123,0
gemma-3-4b-it,repope_to_pope,repope,pope,logistic(z),tierA,50pct_hard_negatives,oracle_target_calibration,True,C=0.1,passed,,0.5,20260508,0.5427374962442596,0.4782364081164369,0.6025594956095962,0.9181170785469035,0.9024640777185438,0.9320105077725876,0.44934894131457637,0.0,0.21156373193166886,1677,1522,155,3507,203,407,123,0
gemma-3-4b-it,repope_to_pope,repope,pope,final-hidden linear probe,tierA,same_constraint_linear_or_cached,oracle_target_calibration,True,C=1.0,passed,,0.5,20260508,0.635286951256944,0.5961974811957222,0.6694438259542916,0.8891272095290577,0.866128551754698,0.9083496304733105,0.35137462053384494,0.0,1.0,1677,1522,155,3507,203,407,123,0
gemma-3-4b-it,repope_to_pope,repope,pope,output-confidence,tierA,same_constraint_linear_or_cached,oracle_target_calibration,True,negative_top2_margin,passed,,0.5,20260508,0.15031468273741466,0.1158332470209952,0.18478105825446375,0.570304353355093,0.5310198338023934,0.609923510517365,0.10510250493480114,0.0,0.859395532194481,1677,1522,155,3507,203,407,123,0
gemma-3-4b-it,repope_to_pope,repope,pope,HALP-lite,tierA,same_constraint_linear_or_cached,oracle_target_calibration,True,C=10.0,passed,,0.5,20260508,0.5445905821236842,0.4836277064382875,0.5968035941900787,0.7740833368657539,0.7346373619938683,0.8096467110733438,0.3119507787508538,0.0,1.0,1677,1522,155,3507,203,407,123,0
gemma-3-4b-it,repope_to_dashb,repope,dash-b,MIND-main,tierA,50pct_hard_negatives,source_calibration,False,rho=0.013000022709410515,passed,,0.5,20260508,0.6328809514055254,0.569300303628514,0.693526949283564,0.6524547262640008,0.6048949801091964,0.7050309099357329,0.5828132078547397,0.0,0.7682403433476395,438,233,205,3507,203,407,5,0
gemma-3-4b-it,repope_to_dashb,repope,dash-b,MIND-param,tierA,50pct_hard_negatives,source_calibration,False,single_vmf,passed,,0.5,20260508,0.6793843231913462,0.608702685082625,0.7563093830050582,0.7860776719355176,0.7439977209510874,0.8275792203954437,0.6823579182631743,0.00975609756097561,0.463519313304721,438,233,205,3507,203,407,5,0
gemma-3-4b-it,repope_to_dashb,repope,dash-b,logistic(z),tierA,50pct_hard_negatives,source_calibration,False,C=0.1,passed,,0.5,20260508,0.7375998307819489,0.6788677651457202,0.794013523830713,0.7870616560242855,0.7451594747356192,0.8283736097829414,0.6883582924839023,0.0,0.463519313304721,438,233,205,3507,203,407,5,0
gemma-3-4b-it,repope_to_dashb,repope,dash-b,final-hidden linear probe,tierA,same_constraint_linear_or_cached,source_calibration,False,C=0.1,passed,,0.5,20260508,0.6507443950919108,0.5826363578360869,0.7256295112935249,0.747817439547786,0.7017000918249029,0.7942531436122942,0.645819254306928,0.0,0.6094420600858369,438,233,205,3507,203,407,5,0
gemma-3-4b-it,repope_to_dashb,repope,dash-b,output-confidence,tierA,same_constraint_linear_or_cached,source_calibration,False,negative_top2_margin,passed,,0.5,20260508,0.43691963374356724,0.3762604134714831,0.5004179935361817,0.4462367842562546,0.3922638400329678,0.5010762948126295,0.43330164195034754,0.0,0.9828326180257511,438,233,205,3507,203,407,5,0
gemma-3-4b-it,repope_to_dashb,repope,dash-b,HALP-lite,tierA,same_constraint_linear_or_cached,source_calibration,False,C=0.1,passed,,0.5,20260508,0.6694520166742459,0.598886882741548,0.7406242721469929,0.764995289437873,0.7207265564688147,0.8099193759111594,0.6628438573278059,0.0,0.5407725321888412,438,233,205,3507,203,407,5,0
gemma-3-4b-it,repope_to_dashb,repope,dash-b,MIND-main,tierA,50pct_hard_negatives,oracle_target_calibration,True,rho=0.028014770274343435,passed,,0.5,20260508,0.65556501192667,0.5888381925540025,0.724438368765494,0.7161101224746154,0.6727825922035481,0.7628327899703145,0.6410125963358312,0.05853658536585366,0.7167381974248928,438,233,205,3507,203,407,5,0
gemma-3-4b-it,repope_to_dashb,repope,dash-b,MIND-param,tierA,50pct_hard_negatives,oracle_target_calibration,True,single_vmf,passed,,0.5,20260508,0.6793843231913462,0.608702685082625,0.7563093830050582,0.7860776719355176,0.7439977209510874,0.8275792203954437,0.6823579182631743,0.00975609756097561,0.463519313304721,438,233,205,3507,203,407,5,0
gemma-3-4b-it,repope_to_dashb,repope,dash-b,logistic(z),tierA,50pct_hard_negatives,oracle_target_calibration,True,C=1.0,passed,,0.5,20260508,0.7388354712938255,0.6882199173025493,0.7900158861464457,0.713032555218256,0.6708006984221543,0.7572214477853064,0.6316690484764678,0.0,1.0,438,233,205,3507,203,407,5,0
gemma-3-4b-it,repope_to_dashb,repope,dash-b,final-hidden linear probe,tierA,same_constraint_linear_or_cached,oracle_target_calibration,True,C=1.0,passed,,0.5,20260508,0.7654522200514338,0.7196041793089948,0.8105844203194167,0.7337485606615723,0.6896336471547962,0.7760928895687668,0.6414306729599862,0.0,1.0,438,233,205,3507,203,407,5,0
gemma-3-4b-it,repope_to_dashb,repope,dash-b,output-confidence,tierA,same_constraint_linear_or_cached,oracle_target_calibration,True,negative_top2_margin,passed,,0.5,20260508,0.43691963374356724,0.3762604134714831,0.5004179935361817,0.4462367842562546,0.3922638400329678,0.5010762948126295,0.43330164195034754,0.0,0.9828326180257511,438,233,205,3507,203,407,5,0
gemma-3-4b-it,repope_to_dashb,repope,dash-b,HALP-lite,tierA,same_constraint_linear_or_cached,oracle_target_calibration,True,C=10.0,passed,,0.5,20260508,0.6819471983312162,0.6248794847100009,0.7361549395852337,0.6260023029414844,0.5857095555919729,0.6702951751242655,0.5571021705277361,0.0,1.0,438,233,205,3507,203,407,5,0
molmo-7b-d-0924,pope_to_dashb,pope,dash-b,MIND-main,tierA,50pct_hard_negatives,source_calibration,False,rho=0.011623526330118405,passed,,0.5,20260506,0.5778219401054145,0.5220313786545212,0.6273361452596925,0.5205406021897809,0.46745575272161105,0.5688106290353238,0.38533755788850554,0.0,0.9525547445255474,434,274,160,4014,103,207,9,0
molmo-7b-d-0924,pope_to_dashb,pope,dash-b,MIND-param,tierA,50pct_hard_negatives,source_calibration,False,single_vmf,passed,,0.5,20260506,0.6196734958754433,0.5412769342910081,0.7130824252927207,0.7681227189781021,0.7207712115722065,0.8142027510716621,0.6231991137518855,0.0125,0.6496350364963503,434,274,160,4014,103,207,9,0
molmo-7b-d-0924,pope_to_dashb,pope,dash-b,logistic(z),tierA,50pct_hard_negatives,source_calibration,False,C=0.1,passed,,0.5,20260506,0.6202938288887084,0.541319616258666,0.7163996095088615,0.7537636861313868,0.7061487520950088,0.8035759282505786,0.6017857395255672,0.0125,1.0,434,274,160,4014,103,207,9,0
molmo-7b-d-0924,pope_to_dashb,pope,dash-b,final-hidden linear probe,tierA,same_constraint_linear_or_cached,source_calibration,False,C=0.1,passed,,0.5,20260506,0.6158396860581884,0.5385531464542395,0.7147166380322093,0.7356409671532846,0.690760778337309,0.7856306140374769,0.5816004219278863,0.03125,1.0,434,274,160,4014,103,207,9,0
molmo-7b-d-0924,pope_to_dashb,pope,dash-b,output-confidence,tierA,same_constraint_linear_or_cached,source_calibration,False,negative_top2_margin,passed,,0.5,20260506,0.3917643466013201,0.332035998431591,0.4645689134148456,0.5679630474452556,0.5118103093601797,0.6248791185918031,0.39631536324852024,0.0,0.9197080291970803,434,274,160,4014,103,207,9,0
molmo-7b-d-0924,pope_to_dashb,pope,dash-b,HALP-lite,tierA,same_constraint_linear_or_cached,source_calibration,False,C=0.1,passed,,0.5,20260506,0.6682007198963447,0.592947147559973,0.7472890603031139,0.7863480839416059,0.7410328084591398,0.8317111933302161,0.6490552411602685,0.0,1.0,434,274,160,4014,103,207,9,0
molmo-7b-d-0924,pope_to_dashb,pope,dash-b,MIND-main,tierA,50pct_hard_negatives,oracle_target_calibration,True,rho=0.014472795504196454,passed,,0.5,20260506,0.5074513450537027,0.4436018917604729,0.5638720099244643,0.5279311131386861,0.47028738659988667,0.5796205953247098,0.3984149733481427,0.0,0.948905109489051,434,274,160,4014,103,207,9,0
molmo-7b-d-0924,pope_to_dashb,pope,dash-b,MIND-param,tierA,50pct_hard_negatives,oracle_target_calibration,True,single_vmf,passed,,0.5,20260506,0.6196734958754433,0.5412769342910081,0.7130824252927207,0.7681227189781021,0.7207712115722065,0.8142027510716621,0.6231991137518855,0.0125,0.6496350364963503,434,274,160,4014,103,207,9,0
molmo-7b-d-0924,pope_to_dashb,pope,dash-b,logistic(z),tierA,50pct_hard_negatives,oracle_target_calibration,True,C=1.0,passed,,0.5,20260506,0.684331797235023,0.6624423963133641,0.7074020737327189,0.5,0.5,0.5,0.3686635944700461,0.0,1.0,434,274,160,4014,103,207,9,0
molmo-7b-d-0924,pope_to_dashb,pope,dash-b,final-hidden linear probe,tierA,same_constraint_linear_or_cached,oracle_target_calibration,True,C=1.0,passed,,0.5,20260506,0.476576180875576,0.2501499566102101,0.6880924085852744,0.5070711678832116,0.49472575537669883,0.5216478857090442,0.3787178379416282,0.025,1.0,434,274,160,4014,103,207,9,0
molmo-7b-d-0924,pope_to_dashb,pope,dash-b,output-confidence,tierA,same_constraint_linear_or_cached,oracle_target_calibration,True,negative_top2_margin,passed,,0.5,20260506,0.3917643466013201,0.332035998431591,0.4645689134148456,0.5679630474452556,0.5118103093601797,0.6248791185918031,0.39631536324852024,0.0,0.9197080291970803,434,274,160,4014,103,207,9,0
molmo-7b-d-0924,pope_to_dashb,pope,dash-b,HALP-lite,tierA,same_constraint_linear_or_cached,oracle_target_calibration,True,C=10.0,passed,,0.5,20260506,0.6721636649784847,0.6169664796154609,0.7243975212045427,0.6768362226277371,0.6326668542890896,0.7264455923396798,0.49287758768892814,0.0,1.0,434,274,160,4014,103,207,9,0
molmo-7b-d-0924,pope_to_dashb,pope,dash-b,MIND-main,tierA,50pct_hard_negatives,source_calibration,False,rho=0.009911425308384647,passed,,0.5,20260507,0.6502523034718294,0.6056304047228919,0.6889810130760803,0.5936131386861314,0.5489256056254873,0.636342411171273,0.4238400307206375,0.0,0.8978102189781022,434,274,160,4014,103,207,9,0
molmo-7b-d-0924,pope_to_dashb,pope,dash-b,MIND-param,tierA,50pct_hard_negatives,source_calibration,False,single_vmf,passed,,0.5,20260507,0.6521562370027432,0.5621097087872858,0.7328309347189813,0.7685218978102191,0.7210023964570134,0.8170607926183558,0.6545945544653748,0.06875,0.7737226277372263,434,274,160,4014,103,207,9,0
molmo-7b-d-0924,pope_to_dashb,pope,dash-b,logistic(z),tierA,50pct_hard_negatives,source_calibration,False,C=0.1,passed,,0.5,20260507,0.6605913581929725,0.5704925116028894,0.7406472923597431,0.7594662408759125,0.7097911417506532,0.809411462504246,0.636845699252663,0.075,1.0,434,274,160,4014,103,207,9,0
molmo-7b-d-0924,pope_to_dashb,pope,dash-b,final-hidden linear probe,tierA,same_constraint_linear_or_cached,source_calibration,False,C=0.1,passed,,0.5,20260507,0.5996553443688885,0.504586396128838,0.6824025073294229,0.6272582116788321,0.5824711712269414,0.669542995293772,0.5042875082107907,0.06875,1.0,434,274,160,4014,103,207,9,0
molmo-7b-d-0924,pope_to_dashb,pope,dash-b,output-confidence,tierA,same_constraint_linear_or_cached,source_calibration,False,negative_top2_margin,passed,,0.5,20260507,0.3917643466013201,0.3324231601761474,0.4592279525375247,0.5679630474452556,0.5086349797911711,0.6269209069938929,0.39631536324852024,0.0,0.9197080291970803,434,274,160,4014,103,207,9,0
molmo-7b-d-0924,pope_to_dashb,pope,dash-b,HALP-lite,tierA,same_constraint_linear_or_cached,source_calibration,False,C=1.0,passed,,0.5,20260507,0.6441051314820512,0.5747470480512942,0.712675512763179,0.6513800182481752,0.6075427346201002,0.6938799840912175,0.49438908845077056,0.0,1.0,434,274,160,4014,103,207,9,0
molmo-7b-d-0924,pope_to_dashb,pope,dash-b,MIND-main,tierA,50pct_hard_negatives,oracle_target_calibration,True,rho=0.011963243649700054,passed,,0.5,20260507,0.5977678883908368,0.5392920865310531,0.6527039403613444,0.6304288321167884,0.5816577135263398,0.6815170421692286,0.45980106880022276,0.0,0.8321167883211679,434,274,160,4014,103,207,9,0
molmo-7b-d-0924,pope_to_dashb,pope,dash-b,MIND-param,tierA,50pct_hard_negatives,oracle_target_calibration,True,single_vmf,passed,,0.5,20260507,0.6521562370027432,0.5621097087872858,0.7328309347189813,0.7685218978102191,0.7210023964570134,0.8170607926183558,0.6545945544653748,0.06875,0.7737226277372263,434,274,160,4014,103,207,9,0
molmo-7b-d-0924,pope_to_dashb,pope,dash-b,logistic(z),tierA,50pct_hard_negatives,oracle_target_calibration,True,C=1.0,passed,,0.5,20260507,0.6882776497695852,0.6642415796963946,0.7106081907886171,0.50625,0.5,0.5159339744390325,0.3765552995391705,0.0125,1.0,434,274,160,4014,103,207,9,0
molmo-7b-d-0924,pope_to_dashb,pope,dash-b,final-hidden linear probe,tierA,same_constraint_linear_or_cached,oracle_target_calibration,True,C=1.0,passed,,0.5,20260507,0.5911032200260733,0.47491567277538693,0.697236761392355,0.5334169708029197,0.5131381058321042,0.5583310302457333,0.4096162259361974,0.05,1.0,434,274,160,4014,103,207,9,0
molmo-7b-d-0924,pope_to_dashb,pope,dash-b,output-confidence,tierA,same_constraint_linear_or_cached,oracle_target_calibration,True,negative_top2_margin,passed,,0.5,20260507,0.3917643466013201,0.3324231601761474,0.4592279525375247,0.5679630474452556,0.5086349797911711,0.6269209069938929,0.39631536324852024,0.0,0.9197080291970803,434,274,160,4014,103,207,9,0
molmo-7b-d-0924,pope_to_dashb,pope,dash-b,HALP-lite,tierA,same_constraint_linear_or_cached,oracle_target_calibration,True,C=10.0,passed,,0.5,20260507,0.6312319835359417,0.5530783276099649,0.6994277382825037,0.60336450729927,0.5670249682465504,0.6381521334565564,0.46165767814881786,0.0,1.0,434,274,160,4014,103,207,9,0
molmo-7b-d-0924,pope_to_dashb,pope,dash-b,MIND-main,tierA,50pct_hard_negatives,source_calibration,False,rho=0.008379700090466416,passed,,0.5,20260508,0.6680803166513021,0.6251378086451429,0.7078088657428175,0.6103216240875913,0.5685634526762794,0.6559289146833333,0.43799149198287934,0.0,0.927007299270073,434,274,160,4014,103,207,9,0
molmo-7b-d-0924,pope_to_dashb,pope,dash-b,MIND-param,tierA,50pct_hard_negatives,source_calibration,False,single_vmf,passed,,0.5,20260508,0.6056398252190917,0.520998137329144,0.6920655439357676,0.7408987226277373,0.6889693952102611,0.7902954628854867,0.6105924640836542,0.0625,0.8686131386861314,434,274,160,4014,103,207,9,0
molmo-7b-d-0924,pope_to_dashb,pope,dash-b,logistic(z),tierA,50pct_hard_negatives,source_calibration,False,C=0.1,passed,,0.5,20260508,0.6145949340661045,0.5293827022334742,0.7017251744330066,0.7267563868613138,0.6789001538983357,0.7763514163300975,0.5819093044777637,0.0625,1.0,434,274,160,4014,103,207,9,0
molmo-7b-d-0924,pope_to_dashb,pope,dash-b,final-hidden linear probe,tierA,same_constraint_linear_or_cached,source_calibration,False,C=1.0,passed,,0.5,20260508,0.611552919173437,0.5373864760355564,0.6787558436837192,0.6369753649635037,0.5960621436639285,0.6839112143166096,0.479661635780177,0.0,1.0,434,274,160,4014,103,207,9,0
molmo-7b-d-0924,pope_to_dashb,pope,dash-b,output-confidence,tierA,same_constraint_linear_or_cached,source_calibration,False,negative_top2_margin,passed,,0.5,20260508,0.3917643466013201,0.3346418829564287,0.46083494987371887,0.5679630474452556,0.5159905988716568,0.6246576321818778,0.39631536324852024,0.0,0.9197080291970803,434,274,160,4014,103,207,9,0
molmo-7b-d-0924,pope_to_dashb,pope,dash-b,HALP-lite,tierA,same_constraint_linear_or_cached,source_calibration,False,C=10.0,passed,,0.5,20260508,0.609703357000047,0.5392493828111508,0.6791620634820857,0.6168795620437956,0.5753512911000509,0.6617994032631858,0.46355565017030653,0.0,1.0,434,274,160,4014,103,207,9,0
molmo-7b-d-0924,pope_to_dashb,pope,dash-b,MIND-main,tierA,50pct_hard_negatives,oracle_target_calibration,True,rho=0.010347196497580355,passed,,0.5,20260508,0.6273535087027329,0.5681680161269319,0.6793840610894137,0.6414347627737227,0.5876437705391893,0.6895505281263966,0.47748429062165926,0.0,0.8978102189781022,434,274,160,4014,103,207,9,0
molmo-7b-d-0924,pope_to_dashb,pope,dash-b,MIND-param,tierA,50pct_hard_negatives,oracle_target_calibration,True,single_vmf,passed,,0.5,20260508,0.6056398252190917,0.520998137329144,0.6920655439357676,0.7408987226277373,0.6889693952102611,0.7902954628854867,0.6105924640836542,0.0625,0.8686131386861314,434,274,160,4014,103,207,9,0
molmo-7b-d-0924,pope_to_dashb,pope,dash-b,logistic(z),tierA,50pct_hard_negatives,oracle_target_calibration,True,C=1.0,passed,,0.5,20260508,0.4870214093701997,0.18317972350230416,0.7008448540706604,0.5057139598540146,0.49559508236730865,0.5179188829787233,0.3727928187403993,0.01875,1.0,434,274,160,4014,103,207,9,0
molmo-7b-d-0924,pope_to_dashb,pope,dash-b,final-hidden linear probe,tierA,same_constraint_linear_or_cached,oracle_target_calibration,True,C=10.0,passed,,0.5,20260508,0.5786941488998378,0.4714199860468007,0.673441886008997,0.5435447080291971,0.5194804802931865,0.5695523399486423,0.40922327803682995,0.0,1.0,434,274,160,4014,103,207,9,0
molmo-7b-d-0924,pope_to_dashb,pope,dash-b,output-confidence,tierA,same_constraint_linear_or_cached,oracle_target_calibration,True,negative_top2_margin,passed,,0.5,20260508,0.3917643466013201,0.3346418829564287,0.46083494987371887,0.5679630474452556,0.5159905988716568,0.6246576321818778,0.39631536324852024,0.0,0.9197080291970803,434,274,160,4014,103,207,9,0
molmo-7b-d-0924,pope_to_dashb,pope,dash-b,HALP-lite,tierA,same_constraint_linear_or_cached,oracle_target_calibration,True,C=10.0,passed,,0.5,20260508,0.609703357000047,0.5392493828111508,0.6791620634820857,0.6168795620437956,0.5753512911000509,0.6617994032631858,0.46355565017030653,0.0,1.0,434,274,160,4014,103,207,9,0
molmo-7b-d-0924,repope_to_repope,repope,repope,MIND-main,tierA,50pct_hard_negatives,source_calibration,False,rho=0.008743154007144063,passed,,0.5,20260506,0.5800296061437533,0.5576817488920118,0.6010919124747807,0.885764571054355,0.874312243759145,0.8969360393627396,0.17192738168641367,0.0,0.2226588081204977,1599,1527,72,3786,101,202,41,0
molmo-7b-d-0924,repope_to_repope,repope,repope,MIND-param,tierA,50pct_hard_negatives,source_calibration,False,single_vmf,passed,,0.5,20260506,0.4053676560526853,0.29585626283423233,0.5174622053271485,0.9242978243469403,0.8946726503933542,0.9512063366732074,0.4119778254158653,0.2916666666666667,0.366732154551408,1599,1527,72,3786,101,202,41,0
molmo-7b-d-0924,repope_to_repope,repope,repope,logistic(z),tierA,50pct_hard_negatives,source_calibration,False,C=0.1,passed,,0.5,20260506,0.4390702762811028,0.33401083688543437,0.5440029461487464,0.9467456159499381,0.9322274399106517,0.960819130686038,0.4022708637705637,0.2916666666666667,0.16764898493778652,1599,1527,72,3786,101,202,41,0
molmo-7b-d-0924,repope_to_repope,repope,repope,final-hidden linear probe,tierA,same_constraint_linear_or_cached,source_calibration,False,C=0.1,passed,,0.5,20260506,0.5191034709593659,0.41737358295146926,0.6241064195266888,0.9479689660190643,0.9331756432773528,0.9625654096512155,0.4647461027294252,0.3472222222222222,0.17092337917485265,1599,1527,72,3786,101,202,41,0
molmo-7b-d-0924,repope_to_repope,repope,repope,output-confidence,tierA,same_constraint_linear_or_cached,source_calibration,False,negative_top2_margin,passed,,0.5,20260506,0.06611734631810702,0.04830641607678833,0.09144518895265835,0.6414219966528414,0.5794288000655037,0.6996598503277366,0.07081892833224968,0.027777777777777776,0.7347740667976425,1599,1527,72,3786,101,202,41,0
molmo-7b-d-0924,repope_to_repope,repope,repope,HALP-lite,tierA,same_constraint_linear_or_cached,source_calibration,False,C=10.0,passed,,0.5,20260506,0.46517354596622884,0.3907610249389649,0.5467275110947999,0.7761542239685658,0.7252824814629142,0.8338861648092986,0.19717401500938084,0.0,1.0,1599,1527,72,3786,101,202,41,0
molmo-7b-d-0924,repope_to_repope,repope,repope,MIND-main,tierA,50pct_hard_negatives,oracle_target_calibration,True,rho=0.008743154007144063,passed,,0.5,20260506,0.5800296061437533,0.5576817488920118,0.6010919124747807,0.885764571054355,0.874312243759145,0.8969360393627396,0.17192738168641367,0.0,0.2226588081204977,1599,1527,72,3786,101,202,41,0
molmo-7b-d-0924,repope_to_repope,repope,repope,MIND-param,tierA,50pct_hard_negatives,oracle_target_calibration,True,single_vmf,passed,,0.5,20260506,0.4053676560526853,0.29585626283423233,0.5174622053271485,0.9242978243469403,0.8946726503933542,0.9512063366732074,0.4119778254158653,0.2916666666666667,0.366732154551408,1599,1527,72,3786,101,202,41,0
molmo-7b-d-0924,repope_to_repope,repope,repope,logistic(z),tierA,50pct_hard_negatives,oracle_target_calibration,True,C=0.1,passed,,0.5,20260506,0.4390702762811028,0.33401083688543437,0.5440029461487464,0.9467456159499381,0.9322274399106517,0.960819130686038,0.4022708637705637,0.2916666666666667,0.16764898493778652,1599,1527,72,3786,101,202,41,0
molmo-7b-d-0924,repope_to_repope,repope,repope,final-hidden linear probe,tierA,same_constraint_linear_or_cached,oracle_target_calibration,True,C=0.1,passed,,0.5,20260506,0.5191034709593659,0.41737358295146926,0.6241064195266888,0.9479689660190643,0.9331756432773528,0.9625654096512155,0.4647461027294252,0.3472222222222222,0.17092337917485265,1599,1527,72,3786,101,202,41,0
molmo-7b-d-0924,repope_to_repope,repope,repope,output-confidence,tierA,same_constraint_linear_or_cached,oracle_target_calibration,True,negative_top2_margin,passed,,0.5,20260506,0.06611734631810702,0.04830641607678833,0.09144518895265835,0.6414219966528414,0.5794288000655037,0.6996598503277366,0.07081892833224968,0.027777777777777776,0.7347740667976425,1599,1527,72,3786,101,202,41,0
molmo-7b-d-0924,repope_to_repope,repope,repope,HALP-lite,tierA,same_constraint_linear_or_cached,oracle_target_calibration,True,C=10.0,passed,,0.5,20260506,0.46517354596622884,0.3907610249389649,0.5467275110947999,0.7761542239685658,0.7252824814629142,0.8338861648092986,0.19717401500938084,0.0,1.0,1599,1527,72,3786,101,202,41,0
molmo-7b-d-0924,repope_to_pope,repope,pope,MIND-main,tierA,50pct_hard_negatives,source_calibration,False,rho=0.008743154007144063,passed,,0.5,20260506,0.5387489872649635,0.49648151699935156,0.5721299710018931,0.8447946198984637,0.8225047479227161,0.8639079328800087,0.15796218171917875,0.0,0.4021669853409815,1656,1569,87,3786,101,202,144,0
molmo-7b-d-0924,repope_to_pope,repope,pope,MIND-param,tierA,50pct_hard_negatives,source_calibration,False,single_vmf,passed,,0.5,20260506,0.2915560959890737,0.21659569364860726,0.37399952885039267,0.891518867717193,0.8512620813596968,0.9250843501591312,0.297878162920973,0.09195402298850575,0.5889101338432122,1656,1569,87,3786,101,202,144,0
molmo-7b-d-0924,repope_to_pope,repope,pope,logistic(z),tierA,50pct_hard_negatives,source_calibration,False,C=0.1,passed,,0.5,20260506,0.3490774996463223,0.2637991981334248,0.4340158676706972,0.9212325003846069,0.90034499064832,0.9387678728570643,0.3080568575975499,0.0,0.2517527087316762,1656,1569,87,3786,101,202,144,0
molmo-7b-d-0924,repope_to_pope,repope,pope,final-hidden linear probe,tierA,same_constraint_linear_or_cached,source_calibration,False,C=0.1,passed,,0.5,20260506,0.4814195797478934,0.3810192113427612,0.5685902808577039,0.9322395844779967,0.9156109499618726,0.947367427094592,0.39811496692277587,0.0,0.212874442319949,1656,1569,87,3786,101,202,144,0
molmo-7b-d-0924,repope_to_pope,repope,pope,output-confidence,tierA,same_constraint_linear_or_cached,source_calibration,False,negative_top2_margin,passed,,0.5,20260506,0.07219989642589654,0.053110801271540116,0.09451417034534186,0.6389053720431053,0.5855902838872012,0.689963451507796,0.07540400134075302,0.0,0.7144678138942001,1656,1569,87,3786,101,202,144,0
molmo-7b-d-0924,repope_to_pope,repope,pope,HALP-lite,tierA,same_constraint_linear_or_cached,source_calibration,False,C=10.0,passed,,0.5,20260506,0.5067272911163465,0.43984014653292147,0.5675542898523948,0.8069273202786752,0.7582358466471438,0.8533028919496071,0.21870909783203635,0.0,1.0,1656,1569,87,3786,101,202,144,0
molmo-7b-d-0924,repope_to_pope,repope,pope,MIND-main,tierA,50pct_hard_negatives,oracle_target_calibration,True,rho=0.007634820212714924,passed,,0.5,20260506,0.5360998699775888,0.49679861566462125,0.5647070768235062,0.8162274821798788,0.7953945591736581,0.8337033304177728,0.13324756574836955,0.0,0.46590184831102616,1656,1569,87,3786,101,202,144,0
molmo-7b-d-0924,repope_to_pope,repope,pope,MIND-param,tierA,50pct_hard_negatives,oracle_target_calibration,True,single_vmf,passed,,0.5,20260506,0.2915560959890737,0.21659569364860726,0.37399952885039267,0.891518867717193,0.8512620813596968,0.9250843501591312,0.297878162920973,0.09195402298850575,0.5889101338432122,1656,1569,87,3786,101,202,144,0
molmo-7b-d-0924,repope_to_pope,repope,pope,logistic(z),tierA,50pct_hard_negatives,oracle_target_calibration,True,C=1.0,passed,,0.5,20260506,0.3876469546650005,0.2941886331636979,0.4694548869621415,0.7173212310352154,0.6604271558257995,0.7650591220946766,0.20902496275626176,0.0,1.0,1656,1569,87,3786,101,202,144,0
molmo-7b-d-0924,repope_to_pope,repope,pope,final-hidden linear probe,tierA,same_constraint_linear_or_cached,oracle_target_calibration,True,C=0.1,passed,,0.5,20260506,0.4814195797478934,0.3810192113427612,0.5685902808577039,0.9322395844779967,0.9156109499618726,0.947367427094592,0.39811496692277587,0.0,0.212874442319949,1656,1569,87,3786,101,202,144,0
molmo-7b-d-0924,repope_to_pope,repope,pope,output-confidence,tierA,same_constraint_linear_or_cached,oracle_target_calibration,True,negative_top2_margin,passed,,0.5,20260506,0.07219989642589654,0.053110801271540116,0.09451417034534186,0.6389053720431053,0.5855902838872012,0.689963451507796,0.07540400134075302,0.0,0.7144678138942001,1656,1569,87,3786,101,202,144,0
molmo-7b-d-0924,repope_to_pope,repope,pope,HALP-lite,tierA,same_constraint_linear_or_cached,oracle_target_calibration,True,C=10.0,passed,,0.5,20260506,0.5067272911163465,0.43984014653292147,0.5675542898523948,0.8069273202786752,0.7582358466471438,0.8533028919496071,0.21870909783203635,0.0,1.0,1656,1569,87,3786,101,202,144,0
molmo-7b-d-0924,repope_to_dashb,repope,dash-b,MIND-main,tierA,50pct_hard_negatives,source_calibration,False,rho=0.008743154007144063,passed,,0.5,20260506,0.6797048011741964,0.6374644860759856,0.7228587360166404,0.6472399635036497,0.6096009462376731,0.6870810908421829,0.4574248635625605,0.0,0.7116788321167883,434,274,160,3786,101,202,9,0
molmo-7b-d-0924,repope_to_dashb,repope,dash-b,MIND-param,tierA,50pct_hard_negatives,source_calibration,False,single_vmf,passed,,0.5,20260506,0.5209960194010718,0.44868311178084946,0.6108242808703954,0.7037864963503649,0.6534711343776647,0.7519420198653629,0.5264488035674433,0.025,0.7956204379562044,434,274,160,3786,101,202,9,0
molmo-7b-d-0924,repope_to_dashb,repope,dash-b,logistic(z),tierA,50pct_hard_negatives,source_calibration,False,C=0.1,passed,,0.5,20260506,0.5324945204014937,0.45934559516368806,0.6207416249834676,0.7100821167883211,0.6579846861918156,0.7585563843484102,0.5311237383385018,0.025,0.7554744525547445,434,274,160,3786,101,202,9,0
molmo-7b-d-0924,repope_to_dashb,repope,dash-b,final-hidden linear probe,tierA,same_constraint_linear_or_cached,source_calibration,False,C=0.1,passed,,0.5,20260506,0.5389948969805336,0.460662421620391,0.6283134013782967,0.7103672445255474,0.659128139920929,0.7592247069701072,0.531258504806119,0.00625,1.0,434,274,160,3786,101,202,9,0
molmo-7b-d-0924,repope_to_dashb,repope,dash-b,output-confidence,tierA,same_constraint_linear_or_cached,source_calibration,False,negative_top2_margin,passed,,0.5,20260506,0.3917643466013201,0.332035998431591,0.4645689134148456,0.5679630474452556,0.5118103093601797,0.6248791185918031,0.39631536324852024,0.0,0.9197080291970803,434,274,160,3786,101,202,9,0
molmo-7b-d-0924,repope_to_dashb,repope,dash-b,HALP-lite,tierA,same_constraint_linear_or_cached,source_calibration,False,C=10.0,passed,,0.5,20260506,0.5962228861949843,0.525026581494735,0.6621326658003358,0.6143704379562044,0.5665597958883724,0.6575439312889109,0.45004048783712325,0.0,1.0,434,274,160,3786,101,202,9,0
molmo-7b-d-0924,repope_to_dashb,repope,dash-b,MIND-main,tierA,50pct_hard_negatives,oracle_target_calibration,True,rho=0.011889753331687904,passed,,0.5,20260506,0.645149454989145,0.5886690644597593,0.6980603753687303,0.6863480839416057,0.6420172332747088,0.7318106318073504,0.4949448121720669,0.0,0.8175182481751825,434,274,160,3786,101,202,9,0
molmo-7b-d-0924,repope_to_dashb,repope,dash-b,MIND-param,tierA,50pct_hard_negatives,oracle_target_calibration,True,single_vmf,passed,,0.5,20260506,0.5209960194010718,0.44868311178084946,0.6108242808703954,0.7037864963503649,0.6534711343776647,0.7519420198653629,0.5264488035674433,0.025,0.7956204379562044,434,274,160,3786,101,202,9,0
molmo-7b-d-0924,repope_to_dashb,repope,dash-b,logistic(z),tierA,50pct_hard_negatives,oracle_target_calibration,True,C=0.1,passed,,0.5,20260506,0.5324945204014937,0.45934559516368806,0.6207416249834676,0.7100821167883211,0.6579846861918156,0.7585563843484102,0.5311237383385018,0.025,0.7554744525547445,434,274,160,3786,101,202,9,0
molmo-7b-d-0924,repope_to_dashb,repope,dash-b,final-hidden linear probe,tierA,same_constraint_linear_or_cached,oracle_target_calibration,True,C=0.1,passed,,0.5,20260506,0.5389948969805336,0.460662421620391,0.6283134013782967,0.7103672445255474,0.659128139920929,0.7592247069701072,0.531258504806119,0.00625,1.0,434,274,160,3786,101,202,9,0
molmo-7b-d-0924,repope_to_dashb,repope,dash-b,output-confidence,tierA,same_constraint_linear_or_cached,oracle_target_calibration,True,negative_top2_margin,passed,,0.5,20260506,0.3917643466013201,0.332035998431591,0.4645689134148456,0.5679630474452556,0.5118103093601797,0.6248791185918031,0.39631536324852024,0.0,0.9197080291970803,434,274,160,3786,101,202,9,0
molmo-7b-d-0924,repope_to_dashb,repope,dash-b,HALP-lite,tierA,same_constraint_linear_or_cached,oracle_target_calibration,True,C=10.0,passed,,0.5,20260506,0.5962228861949843,0.525026581494735,0.6621326658003358,0.6143704379562044,0.5665597958883724,0.6575439312889109,0.45004048783712325,0.0,1.0,434,274,160,3786,101,202,9,0
molmo-7b-d-0924,repope_to_repope,repope,repope,MIND-main,tierA,50pct_hard_negatives,source_calibration,False,rho=0.015284176194246359,passed,,0.5,20260507,0.11280408291703004,0.07327973241632783,0.1589219077309778,0.45288510514443714,0.38582054332604404,0.5185023333702984,0.04141106981198329,0.0,0.9666011787819253,1599,1527,72,3786,101,202,41,0
molmo-7b-d-0924,repope_to_repope,repope,repope,MIND-param,tierA,50pct_hard_negatives,source_calibration,False,single_vmf,passed,,0.5,20260507,0.10508452291686535,0.07951485999955811,0.1337643599132482,0.8137506366877683,0.7844001197208568,0.8396251954949372,0.1079670024338513,0.0,0.366732154551408,1599,1527,72,3786,101,202,41,0
molmo-7b-d-0924,repope_to_repope,repope,repope,logistic(z),tierA,50pct_hard_negatives,source_calibration,False,C=1.0,passed,,0.5,20260507,0.5212902332788054,0.42489642360304486,0.6045609199690505,0.8495415848068107,0.78958446019785,0.8958730279525676,0.3169760157088192,0.0,1.0,1599,1527,72,3786,101,202,41,0
molmo-7b-d-0924,repope_to_repope,repope,repope,final-hidden linear probe,tierA,same_constraint_linear_or_cached,source_calibration,False,C=0.1,passed,,0.5,20260507,0.503968387486063,0.3914662818679826,0.6129945515177135,0.9453358073200903,0.9217576872810276,0.9636688127403764,0.4334849767616803,0.0,0.206286836935167,1599,1527,72,3786,101,202,41,0
molmo-7b-d-0924,repope_to_repope,repope,repope,output-confidence,tierA,same_constraint_linear_or_cached,source_calibration,False,negative_top2_margin,passed,,0.5,20260507,0.06611734631810702,0.04847927422895433,0.08904464050415789,0.6414219966528414,0.5857292441836669,0.6959498275551991,0.07081892833224968,0.027777777777777776,0.7347740667976425,1599,1527,72,3786,101,202,41,0
molmo-7b-d-0924,repope_to_repope,repope,repope,HALP-lite,tierA,same_constraint_linear_or_cached,source_calibration,False,C=1.0,passed,,0.5,20260507,0.447201737026544,0.3498295434874511,0.5401713931774016,0.7494951975551188,0.6904251326541189,0.8074555844017275,0.2293293985089006,0.0,1.0,1599,1527,72,3786,101,202,41,0
molmo-7b-d-0924,repope_to_repope,repope,repope,MIND-main,tierA,50pct_hard_negatives,oracle_target_calibration,True,rho=0.015284176194246359,passed,,0.5,20260507,0.11280408291703004,0.07327973241632783,0.1589219077309778,0.45288510514443714,0.38582054332604404,0.5185023333702984,0.04141106981198329,0.0,0.9666011787819253,1599,1527,72,3786,101,202,41,0
molmo-7b-d-0924,repope_to_repope,repope,repope,MIND-param,tierA,50pct_hard_negatives,oracle_target_calibration,True,single_vmf,passed,,0.5,20260507,0.10508452291686535,0.07951485999955811,0.1337643599132482,0.8137506366877683,0.7844001197208568,0.8396251954949372,0.1079670024338513,0.0,0.366732154551408,1599,1527,72,3786,101,202,41,0
molmo-7b-d-0924,repope_to_repope,repope,repope,logistic(z),tierA,50pct_hard_negatives,oracle_target_calibration,True,C=1.0,passed,,0.5,20260507,0.5212902332788054,0.42489642360304486,0.6045609199690505,0.8495415848068107,0.78958446019785,0.8958730279525676,0.3169760157088192,0.0,1.0,1599,1527,72,3786,101,202,41,0
molmo-7b-d-0924,repope_to_repope,repope,repope,final-hidden linear probe,tierA,same_constraint_linear_or_cached,oracle_target_calibration,True,C=0.1,passed,,0.5,20260507,0.503968387486063,0.3914662818679826,0.6129945515177135,0.9453358073200903,0.9217576872810276,0.9636688127403764,0.4334849767616803,0.0,0.206286836935167,1599,1527,72,3786,101,202,41,0
molmo-7b-d-0924,repope_to_repope,repope,repope,output-confidence,tierA,same_constraint_linear_or_cached,oracle_target_calibration,True,negative_top2_margin,passed,,0.5,20260507,0.06611734631810702,0.04847927422895433,0.08904464050415789,0.6414219966528414,0.5857292441836669,0.6959498275551991,0.07081892833224968,0.027777777777777776,0.7347740667976425,1599,1527,72,3786,101,202,41,0
molmo-7b-d-0924,repope_to_repope,repope,repope,HALP-lite,tierA,same_constraint_linear_or_cached,oracle_target_calibration,True,C=1.0,passed,,0.5,20260507,0.447201737026544,0.3498295434874511,0.5401713931774016,0.7494951975551188,0.6904251326541189,0.8074555844017275,0.2293293985089006,0.0,1.0,1599,1527,72,3786,101,202,41,0
molmo-7b-d-0924,repope_to_pope,repope,pope,MIND-main,tierA,50pct_hard_negatives,source_calibration,False,rho=0.015284176194246359,passed,,0.5,20260507,0.14091458719263775,0.09733944379537826,0.18826690837663626,0.45512186545350647,0.39006685580073014,0.5179208715873326,0.04974584237937968,0.0,0.9420012746972594,1656,1569,87,3786,101,202,144,0
molmo-7b-d-0924,repope_to_pope,repope,pope,MIND-param,tierA,50pct_hard_negatives,source_calibration,False,single_vmf,passed,,0.5,20260507,0.1169220369778696,0.0899939782979584,0.14422241772320926,0.802114239247489,0.7729163344382222,0.8314612972761122,0.11898595477611015,0.0,0.4321223709369025,1656,1569,87,3786,101,202,144,0
molmo-7b-d-0924,repope_to_pope,repope,pope,logistic(z),tierA,50pct_hard_negatives,source_calibration,False,C=1.0,passed,,0.5,20260507,0.5076993516266247,0.430062426654308,0.5734064689100536,0.8740064320930677,0.830308943099057,0.9109187376934949,0.289169417685328,0.0,1.0,1656,1569,87,3786,101,202,144,0
molmo-7b-d-0924,repope_to_pope,repope,pope,final-hidden linear probe,tierA,same_constraint_linear_or_cached,source_calibration,False,C=0.1,passed,,0.5,20260507,0.5039862978746461,0.40821318953311747,0.5917719911062652,0.9304996959773778,0.9077765985227804,0.9491577686442928,0.4160827209742732,0.0,0.2498406628425749,1656,1569,87,3786,101,202,144,0
molmo-7b-d-0924,repope_to_pope,repope,pope,output-confidence,tierA,same_constraint_linear_or_cached,source_calibration,False,negative_top2_margin,passed,,0.5,20260507,0.07219989642589654,0.053680420268783884,0.09682083844970052,0.6389053720431053,0.587437286077228,0.6921949688901264,0.07540400134075302,0.0,0.7144678138942001,1656,1569,87,3786,101,202,144,0
molmo-7b-d-0924,repope_to_pope,repope,pope,HALP-lite,tierA,same_constraint_linear_or_cached,source_calibration,False,C=1.0,passed,,0.5,20260507,0.3871942684898008,0.3075505450345514,0.46319819890290553,0.7278155058863175,0.6747855865883167,0.7819466469053032,0.17748225477665935,0.0,1.0,1656,1569,87,3786,101,202,144,0
molmo-7b-d-0924,repope_to_pope,repope,pope,MIND-main,tierA,50pct_hard_negatives,oracle_target_calibration,True,rho=0.015394159677753512,passed,,0.5,20260507,0.1353791309745417,0.09201167473464131,0.18146486214379712,0.45445887636169163,0.38988439721034895,0.5176462760574967,0.04945464990819608,0.0,0.9662205226258763,1656,1569,87,3786,101,202,144,0
molmo-7b-d-0924,repope_to_pope,repope,pope,MIND-param,tierA,50pct_hard_negatives,oracle_target_calibration,True,single_vmf,passed,,0.5,20260507,0.1169220369778696,0.0899939782979584,0.14422241772320926,0.802114239247489,0.7729163344382222,0.8314612972761122,0.11898595477611015,0.0,0.4321223709369025,1656,1569,87,3786,101,202,144,0
molmo-7b-d-0924,repope_to_pope,repope,pope,logistic(z),tierA,50pct_hard_negatives,oracle_target_calibration,True,C=1.0,passed,,0.5,20260507,0.5076993516266247,0.430062426654308,0.5734064689100536,0.8740064320930677,0.830308943099057,0.9109187376934949,0.289169417685328,0.0,1.0,1656,1569,87,3786,101,202,144,0
molmo-7b-d-0924,repope_to_pope,repope,pope,final-hidden linear probe,tierA,same_constraint_linear_or_cached,oracle_target_calibration,True,C=0.1,passed,,0.5,20260507,0.5039862978746461,0.40821318953311747,0.5917719911062652,0.9304996959773778,0.9077765985227804,0.9491577686442928,0.4160827209742732,0.0,0.2498406628425749,1656,1569,87,3786,101,202,144,0
molmo-7b-d-0924,repope_to_pope,repope,pope,output-confidence,tierA,same_constraint_linear_or_cached,oracle_target_calibration,True,negative_top2_margin,passed,,0.5,20260507,0.07219989642589654,0.053680420268783884,0.09682083844970052,0.6389053720431053,0.587437286077228,0.6921949688901264,0.07540400134075302,0.0,0.7144678138942001,1656,1569,87,3786,101,202,144,0
molmo-7b-d-0924,repope_to_pope,repope,pope,HALP-lite,tierA,same_constraint_linear_or_cached,oracle_target_calibration,True,C=10.0,passed,,0.5,20260507,0.37726516015496525,0.2871855842773405,0.4670372038370119,0.6564910661304146,0.6084026228465307,0.7074602821344016,0.16704628455003268,0.0,1.0,1656,1569,87,3786,101,202,144,0
molmo-7b-d-0924,repope_to_dashb,repope,dash-b,MIND-main,tierA,50pct_hard_negatives,source_calibration,False,rho=0.015284176194246359,passed,,0.5,20260507,0.4379034119521896,0.37638140980051477,0.4972527278721869,0.46540830291970803,0.4088073532006428,0.5190703746507564,0.35610534406517635,0.0,0.9817518248175182,434,274,160,3786,101,202,9,0
molmo-7b-d-0924,repope_to_dashb,repope,dash-b,MIND-param,tierA,50pct_hard_negatives,source_calibration,False,single_vmf,passed,,0.5,20260507,0.5779422303752506,0.4953671840921216,0.6586365409606488,0.7346487226277373,0.6869839260783209,0.7844727428397769,0.5812783833395139,0.06875,0.8248175182481752,434,274,160,3786,101,202,9,0
molmo-7b-d-0924,repope_to_dashb,repope,dash-b,logistic(z),tierA,50pct_hard_negatives,source_calibration,False,C=1.0,passed,,0.5,20260507,0.519059197824561,0.42535050813134495,0.6069481254605865,0.5649520985401459,0.5298820624898819,0.6014556286487437,0.42437873965469725,0.04375,1.0,434,274,160,3786,101,202,9,0
molmo-7b-d-0924,repope_to_dashb,repope,dash-b,final-hidden linear probe,tierA,same_constraint_linear_or_cached,source_calibration,False,C=0.1,passed,,0.5,20260507,0.5706031415823573,0.4887239670608349,0.6588419767475207,0.7114507299270074,0.6639152981890387,0.7600902653520973,0.5572814636573395,0.0375,1.0,434,274,160,3786,101,202,9,0
molmo-7b-d-0924,repope_to_dashb,repope,dash-b,output-confidence,tierA,same_constraint_linear_or_cached,source_calibration,False,negative_top2_margin,passed,,0.5,20260507,0.3917643466013201,0.3324231601761474,0.4592279525375247,0.5679630474452556,0.5086349797911711,0.6269209069938929,0.39631536324852024,0.0,0.9197080291970803,434,274,160,3786,101,202,9,0
molmo-7b-d-0924,repope_to_dashb,repope,dash-b,HALP-lite,tierA,same_constraint_linear_or_cached,source_calibration,False,C=1.0,passed,,0.5,20260507,0.5229162701715686,0.41415581575182203,0.6357345474179034,0.5307595802919708,0.5086576019724808,0.5554290323373923,0.3984620478647696,0.0,1.0,434,274,160,3786,101,202,9,0
molmo-7b-d-0924,repope_to_dashb,repope,dash-b,MIND-main,tierA,50pct_hard_negatives,oracle_target_calibration,True,rho=0.015331144839780068,passed,,0.5,20260507,0.4367999799052038,0.37487596577646726,0.4948715911884086,0.4613138686131387,0.4034381299693532,0.5143054231243807,0.35412926619863094,0.0,0.9817518248175182,434,274,160,3786,101,202,9,0
molmo-7b-d-0924,repope_to_dashb,repope,dash-b,MIND-param,tierA,50pct_hard_negatives,oracle_target_calibration,True,single_vmf,passed,,0.5,20260507,0.5779422303752506,0.4953671840921216,0.6586365409606488,0.7346487226277373,0.6869839260783209,0.7844727428397769,0.5812783833395139,0.06875,0.8248175182481752,434,274,160,3786,101,202,9,0
molmo-7b-d-0924,repope_to_dashb,repope,dash-b,logistic(z),tierA,50pct_hard_negatives,oracle_target_calibration,True,C=10.0,passed,,0.5,20260507,0.6863047235023041,0.6624246069395501,0.7078754338626804,0.503125,0.5,0.5099337748344371,0.3726094470046083,0.00625,1.0,434,274,160,3786,101,202,9,0
molmo-7b-d-0924,repope_to_dashb,repope,dash-b,final-hidden linear probe,tierA,same_constraint_linear_or_cached,oracle_target_calibration,True,C=0.1,passed,,0.5,20260507,0.5706031415823573,0.4887239670608349,0.6588419767475207,0.7114507299270074,0.6639152981890387,0.7600902653520973,0.5572814636573395,0.0375,1.0,434,274,160,3786,101,202,9,0
molmo-7b-d-0924,repope_to_dashb,repope,dash-b,output-confidence,tierA,same_constraint_linear_or_cached,oracle_target_calibration,True,negative_top2_margin,passed,,0.5,20260507,0.3917643466013201,0.3324231601761474,0.4592279525375247,0.5679630474452556,0.5086349797911711,0.6269209069938929,0.39631536324852024,0.0,0.9197080291970803,434,274,160,3786,101,202,9,0
molmo-7b-d-0924,repope_to_dashb,repope,dash-b,HALP-lite,tierA,same_constraint_linear_or_cached,oracle_target_calibration,True,C=10.0,passed,,0.5,20260507,0.572742655529954,0.4530667817422992,0.6814911706686578,0.5360971715328468,0.513290048460856,0.5617432367626637,0.40441388248847926,0.0,1.0,434,274,160,3786,101,202,9,0
molmo-7b-d-0924,repope_to_repope,repope,repope,MIND-main,tierA,50pct_hard_negatives,source_calibration,False,rho=0.009307093733428255,passed,,0.5,20260508,0.5113790332845191,0.4682747489007733,0.5515347929728995,0.8392681728880157,0.8131847893790086,0.862241300095388,0.13319942582130875,0.0,0.4911591355599214,1599,1527,72,3786,101,202,41,0
molmo-7b-d-0924,repope_to_repope,repope,repope,MIND-param,tierA,50pct_hard_negatives,source_calibration,False,single_vmf,passed,,0.5,20260508,0.4668673741908014,0.34973332441079813,0.5884246273703694,0.9257622062140727,0.8986247857878733,0.9497203062930615,0.47381127979262566,0.3611111111111111,0.3143418467583497,1599,1527,72,3786,101,202,41,0
molmo-7b-d-0924,repope_to_repope,repope,repope,logistic(z),tierA,50pct_hard_negatives,source_calibration,False,C=1.0,passed,,0.5,20260508,0.5065006404128842,0.4015251603148336,0.6033804504279694,0.7575356545150258,0.6986461126058431,0.8126428895207651,0.3149041656762418,0.0,1.0,1599,1527,72,3786,101,202,41,0
molmo-7b-d-0924,repope_to_repope,repope,repope,final-hidden linear probe,tierA,same_constraint_linear_or_cached,source_calibration,False,C=1.0,passed,,0.5,20260508,0.4310916197849062,0.32842487777419505,0.5316352733070019,0.7347331368696791,0.6781445447495743,0.7913787242937635,0.253875538910027,0.0,1.0,1599,1527,72,3786,101,202,41,0
molmo-7b-d-0924,repope_to_repope,repope,repope,output-confidence,tierA,same_constraint_linear_or_cached,source_calibration,False,negative_top2_margin,passed,,0.5,20260508,0.06611734631810702,0.048174710561624236,0.09151014830568274,0.6414219966528414,0.5813635043552461,0.7010454412084128,0.07081892833224968,0.027777777777777776,0.7347740667976425,1599,1527,72,3786,101,202,41,0
molmo-7b-d-0924,repope_to_repope,repope,repope,HALP-lite,tierA,same_constraint_linear_or_cached,source_calibration,False,C=10.0,passed,,0.5,20260508,0.5233688874963351,0.40350722614959245,0.6205335566771765,0.7456568798661137,0.6816181356172033,0.8075895726862476,0.2862694092426143,0.0,1.0,1599,1527,72,3786,101,202,41,0
molmo-7b-d-0924,repope_to_repope,repope,repope,MIND-main,tierA,50pct_hard_negatives,oracle_target_calibration,True,rho=0.009307093733428255,passed,,0.5,20260508,0.5113790332845191,0.4682747489007733,0.5515347929728995,0.8392681728880157,0.8131847893790086,0.862241300095388,0.13319942582130875,0.0,0.4911591355599214,1599,1527,72,3786,101,202,41,0
molmo-7b-d-0924,repope_to_repope,repope,repope,MIND-param,tierA,50pct_hard_negatives,oracle_target_calibration,True,single_vmf,passed,,0.5,20260508,0.4668673741908014,0.34973332441079813,0.5884246273703694,0.9257622062140727,0.8986247857878733,0.9497203062930615,0.47381127979262566,0.3611111111111111,0.3143418467583497,1599,1527,72,3786,101,202,41,0
molmo-7b-d-0924,repope_to_repope,repope,repope,logistic(z),tierA,50pct_hard_negatives,oracle_target_calibration,True,C=1.0,passed,,0.5,20260508,0.5065006404128842,0.4015251603148336,0.6033804504279694,0.7575356545150258,0.6986461126058431,0.8126428895207651,0.3149041656762418,0.0,1.0,1599,1527,72,3786,101,202,41,0
molmo-7b-d-0924,repope_to_repope,repope,repope,final-hidden linear probe,tierA,same_constraint_linear_or_cached,oracle_target_calibration,True,C=1.0,passed,,0.5,20260508,0.4310916197849062,0.32842487777419505,0.5316352733070019,0.7347331368696791,0.6781445447495743,0.7913787242937635,0.253875538910027,0.0,1.0,1599,1527,72,3786,101,202,41,0
molmo-7b-d-0924,repope_to_repope,repope,repope,output-confidence,tierA,same_constraint_linear_or_cached,oracle_target_calibration,True,negative_top2_margin,passed,,0.5,20260508,0.06611734631810702,0.048174710561624236,0.09151014830568274,0.6414219966528414,0.5813635043552461,0.7010454412084128,0.07081892833224968,0.027777777777777776,0.7347740667976425,1599,1527,72,3786,101,202,41,0
molmo-7b-d-0924,repope_to_repope,repope,repope,HALP-lite,tierA,same_constraint_linear_or_cached,oracle_target_calibration,True,C=10.0,passed,,0.5,20260508,0.5233688874963351,0.40350722614959245,0.6205335566771765,0.7456568798661137,0.6816181356172033,0.8075895726862476,0.2862694092426143,0.0,1.0,1599,1527,72,3786,101,202,41,0
molmo-7b-d-0924,repope_to_pope,repope,pope,MIND-main,tierA,50pct_hard_negatives,source_calibration,False,rho=0.009307093733428255,passed,,0.5,20260508,0.49652434133298223,0.45383377678250697,0.5390304858258278,0.8144289869087126,0.7888167467909132,0.837587805118436,0.13419049220360885,0.0,0.5092415551306565,1656,1569,87,3786,101,202,144,0
molmo-7b-d-0924,repope_to_pope,repope,pope,MIND-param,tierA,50pct_hard_negatives,source_calibration,False,single_vmf,passed,,0.5,20260508,0.3887579297828379,0.29353315042228284,0.4976986910091755,0.9090569438034329,0.8744111482068251,0.9382655745770958,0.39473387215367023,0.13793103448275862,0.49075844486934356,1656,1569,87,3786,101,202,144,0
molmo-7b-d-0924,repope_to_pope,repope,pope,logistic(z),tierA,50pct_hard_negatives,source_calibration,False,C=1.0,passed,,0.5,20260508,0.4739648189322524,0.388253865236032,0.5642494446415202,0.7591115213585049,0.7080683313341121,0.8129773453297898,0.2739587300343136,0.0,1.0,1656,1569,87,3786,101,202,144,0
molmo-7b-d-0924,repope_to_pope,repope,pope,final-hidden linear probe,tierA,same_constraint_linear_or_cached,source_calibration,False,C=1.0,passed,,0.5,20260508,0.4529959069449202,0.3678469967032071,0.5413681657197577,0.7589943078174106,0.7089262786032641,0.8137386730128936,0.2693735550680727,0.0,1.0,1656,1569,87,3786,101,202,144,0
molmo-7b-d-0924,repope_to_pope,repope,pope,output-confidence,tierA,same_constraint_linear_or_cached,source_calibration,False,negative_top2_margin,passed,,0.5,20260508,0.07219989642589654,0.05608254935083628,0.09424457718106738,0.6389053720431053,0.5874185355479031,0.6916763042392806,0.07540400134075302,0.0,0.7144678138942001,1656,1569,87,3786,101,202,144,0
molmo-7b-d-0924,repope_to_pope,repope,pope,HALP-lite,tierA,same_constraint_linear_or_cached,source_calibration,False,C=10.0,passed,,0.5,20260508,0.40459736363769677,0.3206867947591173,0.4805761828215146,0.6999626381837761,0.6475057284299294,0.7510788152233707,0.17980006270735152,0.0,1.0,1656,1569,87,3786,101,202,144,0
molmo-7b-d-0924,repope_to_pope,repope,pope,MIND-main,tierA,50pct_hard_negatives,oracle_target_calibration,True,rho=0.009676146500113838,passed,,0.5,20260508,0.4835423003488372,0.43663909215882296,0.528212371745697,0.8158465381713222,0.7858115299643748,0.8419016825003613,0.13853182316625,0.0,0.5098789037603569,1656,1569,87,3786,101,202,144,0
molmo-7b-d-0924,repope_to_pope,repope,pope,MIND-param,tierA,50pct_hard_negatives,oracle_target_calibration,True,single_vmf,passed,,0.5,20260508,0.3887579297828379,0.29353315042228284,0.4976986910091755,0.9090569438034329,0.8744111482068251,0.9382655745770958,0.39473387215367023,0.13793103448275862,0.49075844486934356,1656,1569,87,3786,101,202,144,0
molmo-7b-d-0924,repope_to_pope,repope,pope,logistic(z),tierA,50pct_hard_negatives,oracle_target_calibration,True,C=10.0,passed,,0.5,20260508,0.4761954622655715,0.38495535620518573,0.5638144064396559,0.7248888302821184,0.6744600697143088,0.7786926115455371,0.25198764254236516,0.0,1.0,1656,1569,87,3786,101,202,144,0
molmo-7b-d-0924,repope_to_pope,repope,pope,final-hidden linear probe,tierA,same_constraint_linear_or_cached,oracle_target_calibration,True,C=10.0,passed,,0.5,20260508,0.4160396765091571,0.3272892019659991,0.5020994402539364,0.6936990395815477,0.6413090759123566,0.7456861562774398,0.19475561797861737,0.0,1.0,1656,1569,87,3786,101,202,144,0
molmo-7b-d-0924,repope_to_pope,repope,pope,output-confidence,tierA,same_constraint_linear_or_cached,oracle_target_calibration,True,negative_top2_margin,passed,,0.5,20260508,0.07219989642589654,0.05608254935083628,0.09424457718106738,0.6389053720431053,0.5874185355479031,0.6916763042392806,0.07540400134075302,0.0,0.7144678138942001,1656,1569,87,3786,101,202,144,0
molmo-7b-d-0924,repope_to_pope,repope,pope,HALP-lite,tierA,same_constraint_linear_or_cached,oracle_target_calibration,True,C=1.0,passed,,0.5,20260508,0.3303632402114799,0.24947081403657942,0.4004610552797134,0.7022263246961605,0.6517706421160331,0.7534105594959691,0.1458855909168456,0.0,1.0,1656,1569,87,3786,101,202,144,0
molmo-7b-d-0924,repope_to_dashb,repope,dash-b,MIND-main,tierA,50pct_hard_negatives,source_calibration,False,rho=0.009307093733428255,passed,,0.5,20260508,0.6712141861279393,0.6286004095102428,0.7089097981407626,0.6134238138686131,0.5718483574058651,0.6528932155964328,0.4335339101228737,0.0,0.8394160583941606,434,274,160,3786,101,202,9,0
molmo-7b-d-0924,repope_to_dashb,repope,dash-b,MIND-param,tierA,50pct_hard_negatives,source_calibration,False,single_vmf,passed,,0.5,20260508,0.5799044649900988,0.5017873399267124,0.6588649314393529,0.7382755474452556,0.6925572835297206,0.786334883310633,0.5825839523263135,0.0375,0.8503649635036497,434,274,160,3786,101,202,9,0
molmo-7b-d-0924,repope_to_dashb,repope,dash-b,logistic(z),tierA,50pct_hard_negatives,source_calibration,False,C=1.0,passed,,0.5,20260508,0.46291923605191254,0.35400839823277164,0.5690233084456701,0.5215214416058395,0.49789907727364413,0.5460540261901354,0.3870665383415661,0.0,1.0,434,274,160,3786,101,202,9,0
molmo-7b-d-0924,repope_to_dashb,repope,dash-b,final-hidden linear probe,tierA,same_constraint_linear_or_cached,source_calibration,False,C=1.0,passed,,0.5,20260508,0.5292289940568963,0.41501394912196343,0.6409312012164435,0.5382299270072993,0.5106039955985698,0.5668315561878017,0.4039962168484221,0.03125,1.0,434,274,160,3786,101,202,9,0
molmo-7b-d-0924,repope_to_dashb,repope,dash-b,output-confidence,tierA,same_constraint_linear_or_cached,source_calibration,False,negative_top2_margin,passed,,0.5,20260508,0.3917643466013201,0.3346418829564287,0.46083494987371887,0.5679630474452556,0.5159905988716568,0.6246576321818778,0.39631536324852024,0.0,0.9197080291970803,434,274,160,3786,101,202,9,0
molmo-7b-d-0924,repope_to_dashb,repope,dash-b,HALP-lite,tierA,same_constraint_linear_or_cached,source_calibration,False,C=10.0,passed,,0.5,20260508,0.5976548652959944,0.4560827174808649,0.7031143558405129,0.5288663321167884,0.5087403899824438,0.5481128507009049,0.39630560971286777,0.0,1.0,434,274,160,3786,101,202,9,0
molmo-7b-d-0924,repope_to_dashb,repope,dash-b,MIND-main,tierA,50pct_hard_negatives,oracle_target_calibration,True,rho=0.01315259752929547,passed,,0.5,20260508,0.6244373169479217,0.5604810378704131,0.6810016846272953,0.6773722627737226,0.6238594599658016,0.7262639681208565,0.5040639189137028,0.0,0.8357664233576643,434,274,160,3786,101,202,9,0
molmo-7b-d-0924,repope_to_dashb,repope,dash-b,MIND-param,tierA,50pct_hard_negatives,oracle_target_calibration,True,single_vmf,passed,,0.5,20260508,0.5799044649900988,0.5017873399267124,0.6588649314393529,0.7382755474452556,0.6925572835297206,0.786334883310633,0.5825839523263135,0.0375,0.8503649635036497,434,274,160,3786,101,202,9,0
molmo-7b-d-0924,repope_to_dashb,repope,dash-b,logistic(z),tierA,50pct_hard_negatives,oracle_target_calibration,True,C=0.1,passed,,0.5,20260508,0.5683583222912367,0.4896004973868838,0.6484080474848202,0.7296418795620437,0.6823352990537822,0.7797072964110298,0.5618831223788208,0.03125,1.0,434,274,160,3786,101,202,9,0
molmo-7b-d-0924,repope_to_dashb,repope,dash-b,final-hidden linear probe,tierA,same_constraint_linear_or_cached,oracle_target_calibration,True,C=0.1,passed,,0.5,20260508,0.57317950587521,0.49549726114977327,0.6492979823382942,0.72680200729927,0.6801611708609461,0.7751018547906772,0.5683806373018339,0.03125,1.0,434,274,160,3786,101,202,9,0
molmo-7b-d-0924,repope_to_dashb,repope,dash-b,output-confidence,tierA,same_constraint_linear_or_cached,oracle_target_calibration,True,negative_top2_margin,passed,,0.5,20260508,0.3917643466013201,0.3346418829564287,0.46083494987371887,0.5679630474452556,0.5159905988716568,0.6246576321818778,0.39631536324852024,0.0,0.9197080291970803,434,274,160,3786,101,202,9,0
molmo-7b-d-0924,repope_to_dashb,repope,dash-b,HALP-lite,tierA,same_constraint_linear_or_cached,oracle_target_calibration,True,C=10.0,passed,,0.5,20260508,0.5976548652959944,0.4560827174808649,0.7031143558405129,0.5288663321167884,0.5087403899824438,0.5481128507009049,0.39630560971286777,0.0,1.0,434,274,160,3786,101,202,9,0
minicpm-v-4_5,pope_to_dashb,pope,dash-b,MIND-main,tierA,50pct_hard_negatives,source_calibration,False,rho=0.007724978735705303,passed,,0.5,20260506,0.6431345855245485,0.6180631541051071,0.6671300577623492,0.5768415178571429,0.5559658777446762,0.5979539121012454,0.2926823327604822,0.0,0.8375,432,320,112,3986,57,115,11,0
minicpm-v-4_5,pope_to_dashb,pope,dash-b,MIND-param,tierA,50pct_hard_negatives,source_calibration,False,single_vmf,passed,,0.5,20260506,0.466003583670097,0.38030286535022917,0.5646178912148062,0.7697544642857141,0.728018957564256,0.8153006582686325,0.4711294048479702,0.026785714285714284,0.61875,432,320,112,3986,57,115,11,0
minicpm-v-4_5,pope_to_dashb,pope,dash-b,logistic(z),tierA,50pct_hard_negatives,source_calibration,False,C=10.0,passed,,0.5,20260506,0.43038329830577216,0.3233758372961088,0.5242794469764134,0.5546037946428571,0.5179705575964527,0.5935246762383879,0.29582964622163227,0.0,1.0,432,320,112,3986,57,115,11,0
minicpm-v-4_5,pope_to_dashb,pope,dash-b,final-hidden linear probe,tierA,same_constraint_linear_or_cached,source_calibration,False,C=10.0,passed,,0.5,20260506,0.5039255845707459,0.4325918408327683,0.5739087106370946,0.6136160714285714,0.5633095813955189,0.6654660221317745,0.32848768987881893,0.0,1.0,432,320,112,3986,57,115,11,0
minicpm-v-4_5,pope_to_dashb,pope,dash-b,output-confidence,tierA,same_constraint_linear_or_cached,source_calibration,False,negative_top2_margin,passed,,0.5,20260506,0.37608926559231803,0.30493493115316767,0.45044264710144516,0.7093470982142857,0.6552337685497366,0.756544375915701,0.3887589936693823,0.0,0.671875,432,320,112,3986,57,115,11,0
minicpm-v-4_5,pope_to_dashb,pope,dash-b,HALP-lite,tierA,same_constraint_linear_or_cached,source_calibration,False,C=10.0,passed,,0.5,20260506,0.6478650841926389,0.606811432993345,0.6857240658359697,0.6804268973214286,0.6417974827758393,0.7174822537688428,0.35787302552813505,0.0,1.0,432,320,112,3986,57,115,11,0
minicpm-v-4_5,pope_to_dashb,pope,dash-b,MIND-main,tierA,50pct_hard_negatives,oracle_target_calibration,True,rho=0.017512067983275204,passed,,0.5,20260506,0.5114416096856826,0.4425104708491504,0.5734281659600127,0.6610072544642857,0.607936186586718,0.7091059459635677,0.35608499273876787,0.0,0.778125,432,320,112,3986,57,115,11,0
minicpm-v-4_5,pope_to_dashb,pope,dash-b,MIND-param,tierA,50pct_hard_negatives,oracle_target_calibration,True,single_vmf,passed,,0.5,20260506,0.466003583670097,0.38030286535022917,0.5646178912148062,0.7697544642857141,0.728018957564256,0.8153006582686325,0.4711294048479702,0.026785714285714284,0.61875,432,320,112,3986,57,115,11,0
minicpm-v-4_5,pope_to_dashb,pope,dash-b,logistic(z),tierA,50pct_hard_negatives,oracle_target_calibration,True,C=1.0,passed,,0.5,20260506,0.49079900789999154,0.40948887705222625,0.5764214541331321,0.6074497767857143,0.5629186486844874,0.6593888771187675,0.34290512105936427,0.0,1.0,432,320,112,3986,57,115,11,0
minicpm-v-4_5,pope_to_dashb,pope,dash-b,final-hidden linear probe,tierA,same_constraint_linear_or_cached,oracle_target_calibration,True,C=10.0,passed,,0.5,20260506,0.5039255845707459,0.4325918408327683,0.5739087106370946,0.6136160714285714,0.5633095813955189,0.6654660221317745,0.32848768987881893,0.0,1.0,432,320,112,3986,57,115,11,0
minicpm-v-4_5,pope_to_dashb,pope,dash-b,output-confidence,tierA,same_constraint_linear_or_cached,oracle_target_calibration,True,negative_top2_margin,passed,,0.5,20260506,0.37608926559231803,0.30493493115316767,0.45044264710144516,0.7093470982142857,0.6552337685497366,0.756544375915701,0.3887589936693823,0.0,0.671875,432,320,112,3986,57,115,11,0
minicpm-v-4_5,pope_to_dashb,pope,dash-b,HALP-lite,tierA,same_constraint_linear_or_cached,oracle_target_calibration,True,C=10.0,passed,,0.5,20260506,0.6478650841926389,0.606811432993345,0.6857240658359697,0.6804268973214286,0.6417974827758393,0.7174822537688428,0.35787302552813505,0.0,1.0,432,320,112,3986,57,115,11,0
minicpm-v-4_5,pope_to_dashb,pope,dash-b,MIND-main,tierA,50pct_hard_negatives,source_calibration,False,rho=0.00858249111168193,passed,,0.5,20260507,0.5038940655824828,0.4479836018377076,0.555870693872317,0.4986467633928571,0.44617156849497813,0.5533374503322478,0.2639625526765297,0.0,0.9625,432,320,112,3986,57,115,11,0
minicpm-v-4_5,pope_to_dashb,pope,dash-b,MIND-param,tierA,50pct_hard_negatives,source_calibration,False,single_vmf,passed,,0.5,20260507,0.49616369859416704,0.40797559616258156,0.5871906453572346,0.7569475446428572,0.7095627606462496,0.8003131296684536,0.49930677651763417,0.08035714285714286,0.634375,432,320,112,3986,57,115,11,0
minicpm-v-4_5,pope_to_dashb,pope,dash-b,logistic(z),tierA,50pct_hard_negatives,source_calibration,False,C=1.0,passed,,0.5,20260507,0.4990891145797317,0.41355245730148854,0.5829187581266091,0.6310546875,0.5802511828046694,0.6777604377265809,0.37017419162181253,0.0,1.0,432,320,112,3986,57,115,11,0
minicpm-v-4_5,pope_to_dashb,pope,dash-b,final-hidden linear probe,tierA,same_constraint_linear_or_cached,source_calibration,False,C=10.0,passed,,0.5,20260507,0.46705146705146705,0.36881709764749815,0.5617173343696453,0.5698660714285714,0.5329571849473094,0.6124625429897749,0.31336429773929775,0.0,1.0,432,320,112,3986,57,115,11,0
minicpm-v-4_5,pope_to_dashb,pope,dash-b,output-confidence,tierA,same_constraint_linear_or_cached,source_calibration,False,negative_top2_margin,passed,,0.5,20260507,0.37608926559231803,0.31057912965700607,0.45392601520436693,0.7093470982142857,0.6647735046977177,0.7562011129346139,0.3887589936693823,0.0,0.671875,432,320,112,3986,57,115,11,0
minicpm-v-4_5,pope_to_dashb,pope,dash-b,HALP-lite,tierA,same_constraint_linear_or_cached,source_calibration,False,C=0.1,passed,,0.5,20260507,0.516705362058058,0.4443002740383209,0.5874334440242842,0.6504045758928572,0.5935349890517374,0.6994510950351376,0.3690838545819547,0.0,1.0,432,320,112,3986,57,115,11,0
minicpm-v-4_5,pope_to_dashb,pope,dash-b,MIND-main,tierA,50pct_hard_negatives,oracle_target_calibration,True,rho=0.011644855748286966,passed,,0.5,20260507,0.42041562924316156,0.35781622601291424,0.4864961186977294,0.5165876116071428,0.4566443147749156,0.5806368176675668,0.2839908104897413,0.0,0.965625,432,320,112,3986,57,115,11,0
minicpm-v-4_5,pope_to_dashb,pope,dash-b,MIND-param,tierA,50pct_hard_negatives,oracle_target_calibration,True,single_vmf,passed,,0.5,20260507,0.49616369859416704,0.40797559616258156,0.5871906453572346,0.7569475446428572,0.7095627606462496,0.8003131296684536,0.49930677651763417,0.08035714285714286,0.634375,432,320,112,3986,57,115,11,0
minicpm-v-4_5,pope_to_dashb,pope,dash-b,logistic(z),tierA,50pct_hard_negatives,oracle_target_calibration,True,C=10.0,passed,,0.5,20260507,0.5296595080115503,0.44973054937461987,0.6058125416372218,0.6455636160714286,0.593991132438453,0.6909298018736143,0.35986776821949784,0.0,1.0,432,320,112,3986,57,115,11,0
minicpm-v-4_5,pope_to_dashb,pope,dash-b,final-hidden linear probe,tierA,same_constraint_linear_or_cached,oracle_target_calibration,True,C=0.1,passed,,0.5,20260507,0.4679728632068989,0.3818466604337483,0.5527451815165471,0.6875,0.6281439441304814,0.7384718085778044,0.41132587232603174,0.0,1.0,432,320,112,3986,57,115,11,0
minicpm-v-4_5,pope_to_dashb,pope,dash-b,output-confidence,tierA,same_constraint_linear_or_cached,oracle_target_calibration,True,negative_top2_margin,passed,,0.5,20260507,0.37608926559231803,0.31057912965700607,0.45392601520436693,0.7093470982142857,0.6647735046977177,0.7562011129346139,0.3887589936693823,0.0,0.671875,432,320,112,3986,57,115,11,0
minicpm-v-4_5,pope_to_dashb,pope,dash-b,HALP-lite,tierA,same_constraint_linear_or_cached,oracle_target_calibration,True,C=10.0,passed,,0.5,20260507,0.5892678392678392,0.5427733241252608,0.6321765261651776,0.5919642857142857,0.5479825195333524,0.6328171586673309,0.30160517660517655,0.0,1.0,432,320,112,3986,57,115,11,0
minicpm-v-4_5,pope_to_dashb,pope,dash-b,MIND-main,tierA,50pct_hard_negatives,source_calibration,False,rho=0.006794969109060306,passed,,0.5,20260508,0.6382716049382716,0.6159574387202724,0.657896373396177,0.5421875,0.5269798708126784,0.558106600027386,0.2765432098765432,0.0,0.915625,432,320,112,3986,57,115,11,0
minicpm-v-4_5,pope_to_dashb,pope,dash-b,MIND-param,tierA,50pct_hard_negatives,source_calibration,False,single_vmf,passed,,0.5,20260508,0.3697537515700976,0.30765139434868716,0.442500798569238,0.7327566964285714,0.6867030060912901,0.7771389496815718,0.37600552909854257,0.008928571428571428,0.51875,432,320,112,3986,57,115,11,0
minicpm-v-4_5,pope_to_dashb,pope,dash-b,logistic(z),tierA,50pct_hard_negatives,source_calibration,False,C=0.1,passed,,0.5,20260508,0.6095208689644025,0.5397830521608856,0.671367525477552,0.7791434151785714,0.7384338563100137,0.8194397026029662,0.4469695994627035,0.0,0.490625,432,320,112,3986,57,115,11,0
minicpm-v-4_5,pope_to_dashb,pope,dash-b,final-hidden linear probe,tierA,same_constraint_linear_or_cached,source_calibration,False,C=10.0,passed,,0.5,20260508,0.5102700409304183,0.43703611229384803,0.5788176241509545,0.6071428571428572,0.5545522031977502,0.6593679461847937,0.3181591294798842,0.0,1.0,432,320,112,3986,57,115,11,0
minicpm-v-4_5,pope_to_dashb,pope,dash-b,output-confidence,tierA,same_constraint_linear_or_cached,source_calibration,False,negative_top2_margin,passed,,0.5,20260508,0.37608926559231803,0.30607956324966135,0.4526287054242281,0.7093470982142857,0.661374387455271,0.7538857634434875,0.3887589936693823,0.0,0.671875,432,320,112,3986,57,115,11,0
minicpm-v-4_5,pope_to_dashb,pope,dash-b,HALP-lite,tierA,same_constraint_linear_or_cached,source_calibration,False,C=0.1,passed,,0.5,20260508,0.47809196628704975,0.40339689964318326,0.5526449063588599,0.6433454241071429,0.5879566656243486,0.6989604107913289,0.35091852128279644,0.0,1.0,432,320,112,3986,57,115,11,0
minicpm-v-4_5,pope_to_dashb,pope,dash-b,MIND-main,tierA,50pct_hard_negatives,oracle_target_calibration,True,rho=0.18334511537523024,passed,,0.5,20260508,0.3770179433466257,0.3105732455859284,0.44271224329112274,0.7296456473214286,0.6834297931155054,0.7739591458325386,0.3700361181195088,0.0,0.515625,432,320,112,3986,57,115,11,0
minicpm-v-4_5,pope_to_dashb,pope,dash-b,MIND-param,tierA,50pct_hard_negatives,oracle_target_calibration,True,single_vmf,passed,,0.5,20260508,0.3697537515700976,0.30765139434868716,0.442500798569238,0.7327566964285714,0.6867030060912901,0.7771389496815718,0.37600552909854257,0.008928571428571428,0.51875,432,320,112,3986,57,115,11,0
minicpm-v-4_5,pope_to_dashb,pope,dash-b,logistic(z),tierA,50pct_hard_negatives,oracle_target_calibration,True,C=1.0,passed,,0.5,20260508,0.5816812762922127,0.5087857804240854,0.646789664091985,0.7144112723214284,0.6657703182210338,0.762186785166175,0.39905062639666616,0.0,1.0,432,320,112,3986,57,115,11,0
minicpm-v-4_5,pope_to_dashb,pope,dash-b,final-hidden linear probe,tierA,same_constraint_linear_or_cached,oracle_target_calibration,True,C=1.0,passed,,0.5,20260508,0.6189068326234658,0.5562805774684961,0.6736041293570617,0.710532924107143,0.661299253457655,0.755726146708256,0.3975031868949749,0.0,1.0,432,320,112,3986,57,115,11,0
minicpm-v-4_5,pope_to_dashb,pope,dash-b,output-confidence,tierA,same_constraint_linear_or_cached,oracle_target_calibration,True,negative_top2_margin,passed,,0.5,20260508,0.37608926559231803,0.30607956324966135,0.4526287054242281,0.7093470982142857,0.661374387455271,0.7538857634434875,0.3887589936693823,0.0,0.671875,432,320,112,3986,57,115,11,0
minicpm-v-4_5,pope_to_dashb,pope,dash-b,HALP-lite,tierA,same_constraint_linear_or_cached,oracle_target_calibration,True,C=0.1,passed,,0.5,20260508,0.47809196628704975,0.40339689964318326,0.5526449063588599,0.6433454241071429,0.5879566656243486,0.6989604107913289,0.35091852128279644,0.0,1.0,432,320,112,3986,57,115,11,0
minicpm-v-4_5,repope_to_repope,repope,repope,MIND-main,tierA,50pct_hard_negatives,source_calibration,False,rho=0.008026064962796932,passed,,0.5,20260506,0.5241072013099835,0.4893843826687977,0.5474747474747474,0.8488698105321816,0.8319730687942876,0.8642634648202087,0.07349147825675476,0.0,0.29059278350515466,1589,1552,37,3835,52,104,51,0
minicpm-v-4_5,repope_to_repope,repope,repope,MIND-param,tierA,50pct_hard_negatives,source_calibration,False,single_vmf,passed,,0.5,20260506,0.37054462543405087,0.22680356438682148,0.5324903357174443,0.9573174979102814,0.9413285072406277,0.9728454982232924,0.3856633344869988,0.32432432432432434,0.1134020618556701,1589,1552,37,3835,52,104,51,0
minicpm-v-4_5,repope_to_repope,repope,repope,logistic(z),tierA,50pct_hard_negatives,source_calibration,False,C=10.0,passed,,0.5,20260506,0.42470753371966075,0.30857587218743177,0.5434723927792843,0.7656467679019225,0.6867852011289723,0.8546342127921258,0.1668971064403478,0.0,1.0,1589,1552,37,3835,52,104,51,0
minicpm-v-4_5,repope_to_repope,repope,repope,final-hidden linear probe,tierA,same_constraint_linear_or_cached,source_calibration,False,C=1.0,passed,,0.5,20260506,0.47495681484744223,0.3410530627919714,0.6132871807655292,0.7602918640289773,0.6828267133830774,0.8463843711145136,0.25093879278901304,0.0,1.0,1589,1552,37,3835,52,104,51,0
minicpm-v-4_5,repope_to_repope,repope,repope,output-confidence,tierA,same_constraint_linear_or_cached,source_calibration,False,negative_top2_margin,passed,,0.5,20260506,0.1725942708931431,0.1128439145740068,0.25909424593061026,0.9372561994984675,0.9162072721698853,0.9546316985968596,0.1964509339284661,0.0,0.20167525773195877,1589,1552,37,3835,52,104,51,0
minicpm-v-4_5,repope_to_repope,repope,repope,HALP-lite,tierA,same_constraint_linear_or_cached,source_calibration,False,C=1.0,passed,,0.5,20260506,0.5678245629680951,0.5247628177731127,0.6009858436582575,0.9265115631095012,0.8948539306004945,0.9462685601311003,0.15840872764316033,0.0,0.11984536082474227,1589,1552,37,3835,52,104,51,0
minicpm-v-4_5,repope_to_repope,repope,repope,MIND-main,tierA,50pct_hard_negatives,oracle_target_calibration,True,rho=0.008026064962796932,passed,,0.5,20260506,0.5241072013099835,0.4893843826687977,0.5474747474747474,0.8488698105321816,0.8319730687942876,0.8642634648202087,0.07349147825675476,0.0,0.29059278350515466,1589,1552,37,3835,52,104,51,0
minicpm-v-4_5,repope_to_repope,repope,repope,MIND-param,tierA,50pct_hard_negatives,oracle_target_calibration,True,single_vmf,passed,,0.5,20260506,0.37054462543405087,0.22680356438682148,0.5324903357174443,0.9573174979102814,0.9413285072406277,0.9728454982232924,0.3856633344869988,0.32432432432432434,0.1134020618556701,1589,1552,37,3835,52,104,51,0
minicpm-v-4_5,repope_to_repope,repope,repope,logistic(z),tierA,50pct_hard_negatives,oracle_target_calibration,True,C=10.0,passed,,0.5,20260506,0.42470753371966075,0.30857587218743177,0.5434723927792843,0.7656467679019225,0.6867852011289723,0.8546342127921258,0.1668971064403478,0.0,1.0,1589,1552,37,3835,52,104,51,0
minicpm-v-4_5,repope_to_repope,repope,repope,final-hidden linear probe,tierA,same_constraint_linear_or_cached,oracle_target_calibration,True,C=1.0,passed,,0.5,20260506,0.47495681484744223,0.3410530627919714,0.6132871807655292,0.7602918640289773,0.6828267133830774,0.8463843711145136,0.25093879278901304,0.0,1.0,1589,1552,37,3835,52,104,51,0
minicpm-v-4_5,repope_to_repope,repope,repope,output-confidence,tierA,same_constraint_linear_or_cached,oracle_target_calibration,True,negative_top2_margin,passed,,0.5,20260506,0.1725942708931431,0.1128439145740068,0.25909424593061026,0.9372561994984675,0.9162072721698853,0.9546316985968596,0.1964509339284661,0.0,0.20167525773195877,1589,1552,37,3835,52,104,51,0
minicpm-v-4_5,repope_to_repope,repope,repope,HALP-lite,tierA,same_constraint_linear_or_cached,oracle_target_calibration,True,C=1.0,passed,,0.5,20260506,0.5678245629680951,0.5247628177731127,0.6009858436582575,0.9265115631095012,0.8948539306004945,0.9462685601311003,0.15840872764316033,0.0,0.11984536082474227,1589,1552,37,3835,52,104,51,0
minicpm-v-4_5,repope_to_pope,repope,pope,MIND-main,tierA,50pct_hard_negatives,source_calibration,False,rho=0.008026064962796932,passed,,0.5,20260506,0.5230509640073936,0.4918598050609749,0.5441703434004256,0.8357093044000065,0.8178239780228501,0.8504132863488036,0.07014038955324876,0.0,0.31688804554079697,1620,1581,39,3835,52,104,180,0
minicpm-v-4_5,repope_to_pope,repope,pope,MIND-param,tierA,50pct_hard_negatives,source_calibration,False,single_vmf,passed,,0.5,20260506,0.26942948398453653,0.15546470048455313,0.39596222872788256,0.897192623947842,0.8243120460585007,0.9481338916259966,0.27538651081749327,0.10256410256410256,0.7356103731815307,1620,1581,39,3835,52,104,180,0
minicpm-v-4_5,repope_to_pope,repope,pope,logistic(z),tierA,50pct_hard_negatives,source_calibration,False,C=10.0,passed,,0.5,20260506,0.3826316045066045,0.28802989674371865,0.48361492293631164,0.7450737118668807,0.673653252063785,0.8247722181555692,0.12889957264957264,0.0,1.0,1620,1581,39,3835,52,104,180,0
minicpm-v-4_5,repope_to_pope,repope,pope,final-hidden linear probe,tierA,same_constraint_linear_or_cached,source_calibration,False,C=1.0,passed,,0.5,20260506,0.34580897497564167,0.22919741345380612,0.46934870577801174,0.7024440876433287,0.6299213202267414,0.7826763328016468,0.14071144904478236,0.0,1.0,1620,1581,39,3835,52,104,180,0
minicpm-v-4_5,repope_to_pope,repope,pope,output-confidence,tierA,same_constraint_linear_or_cached,source_calibration,False,negative_top2_margin,passed,,0.5,20260506,0.13872081898803107,0.08897871930114269,0.20040874254087623,0.91808981657179,0.892074925176205,0.939073679503367,0.14706992844824912,0.0,0.2504743833017078,1620,1581,39,3835,52,104,180,0
minicpm-v-4_5,repope_to_pope,repope,pope,HALP-lite,tierA,same_constraint_linear_or_cached,source_calibration,False,C=1.0,passed,,0.5,20260506,0.5192313213631043,0.45291532710819143,0.5704309188770821,0.8798958789471123,0.8227590808409851,0.9225749929211515,0.1271130104463438,0.0,1.0,1620,1581,39,3835,52,104,180,0
minicpm-v-4_5,repope_to_pope,repope,pope,MIND-main,tierA,50pct_hard_negatives,oracle_target_calibration,True,rho=0.008670576877066311,passed,,0.5,20260506,0.5247386012427111,0.49371609499666885,0.5463365358714196,0.8436481292268768,0.8268329268193516,0.8581016345307158,0.0733936989682903,0.0,0.301707779886148,1620,1581,39,3835,52,104,180,0
minicpm-v-4_5,repope_to_pope,repope,pope,MIND-param,tierA,50pct_hard_negatives,oracle_target_calibration,True,single_vmf,passed,,0.5,20260506,0.26942948398453653,0.15546470048455313,0.39596222872788256,0.897192623947842,0.8243120460585007,0.9481338916259966,0.27538651081749327,0.10256410256410256,0.7356103731815307,1620,1581,39,3835,52,104,180,0
minicpm-v-4_5,repope_to_pope,repope,pope,logistic(z),tierA,50pct_hard_negatives,oracle_target_calibration,True,C=10.0,passed,,0.5,20260506,0.3826316045066045,0.28802989674371865,0.48361492293631164,0.7450737118668807,0.673653252063785,0.8247722181555692,0.12889957264957264,0.0,1.0,1620,1581,39,3835,52,104,180,0
minicpm-v-4_5,repope_to_pope,repope,pope,final-hidden linear probe,tierA,same_constraint_linear_or_cached,oracle_target_calibration,True,C=1.0,passed,,0.5,20260506,0.34580897497564167,0.22919741345380612,0.46934870577801174,0.7024440876433287,0.6299213202267414,0.7826763328016468,0.14071144904478236,0.0,1.0,1620,1581,39,3835,52,104,180,0
minicpm-v-4_5,repope_to_pope,repope,pope,output-confidence,tierA,same_constraint_linear_or_cached,oracle_target_calibration,True,negative_top2_margin,passed,,0.5,20260506,0.13872081898803107,0.08897871930114269,0.20040874254087623,0.91808981657179,0.892074925176205,0.939073679503367,0.14706992844824912,0.0,0.2504743833017078,1620,1581,39,3835,52,104,180,0
minicpm-v-4_5,repope_to_pope,repope,pope,HALP-lite,tierA,same_constraint_linear_or_cached,oracle_target_calibration,True,C=1.0,passed,,0.5,20260506,0.5192313213631043,0.45291532710819143,0.5704309188770821,0.8798958789471123,0.8227590808409851,0.9225749929211515,0.1271130104463438,0.0,1.0,1620,1581,39,3835,52,104,180,0
minicpm-v-4_5,repope_to_dashb,repope,dash-b,MIND-main,tierA,50pct_hard_negatives,source_calibration,False,rho=0.008026064962796932,passed,,0.5,20260506,0.6781323580094661,0.6511513292156563,0.7066256572029443,0.6913643973214286,0.6651641182023864,0.7183510701872201,0.3622611234576475,0.0,0.609375,432,320,112,3835,52,104,11,0
minicpm-v-4_5,repope_to_dashb,repope,dash-b,MIND-param,tierA,50pct_hard_negatives,source_calibration,False,single_vmf,passed,,0.5,20260506,0.5166797065104294,0.4292789609850406,0.6191424678945814,0.7955915178571429,0.7447534267088072,0.8421999247777674,0.523940609959461,0.03571428571428571,0.778125,432,320,112,3835,52,104,11,0
minicpm-v-4_5,repope_to_dashb,repope,dash-b,logistic(z),tierA,50pct_hard_negatives,source_calibration,False,C=10.0,passed,,0.5,20260506,0.5026455026455026,0.37177264035280344,0.6199336557539682,0.5441964285714286,0.5172919872288044,0.5741185058071103,0.3029100529100529,0.0,1.0,432,320,112,3835,52,104,11,0
minicpm-v-4_5,repope_to_dashb,repope,dash-b,final-hidden linear probe,tierA,same_constraint_linear_or_cached,source_calibration,False,C=1.0,passed,,0.5,20260506,0.35825007086167804,0.15917331206804938,0.5526884760106847,0.5099609375,0.4935253010019365,0.5304671181281208,0.2637471655328798,0.0,1.0,432,320,112,3835,52,104,11,0
minicpm-v-4_5,repope_to_dashb,repope,dash-b,output-confidence,tierA,same_constraint_linear_or_cached,source_calibration,False,negative_top2_margin,passed,,0.5,20260506,0.37608926559231803,0.30493493115316767,0.45044264710144516,0.7093470982142857,0.6552337685497366,0.756544375915701,0.3887589936693823,0.0,0.671875,432,320,112,3835,52,104,11,0
minicpm-v-4_5,repope_to_dashb,repope,dash-b,HALP-lite,tierA,same_constraint_linear_or_cached,source_calibration,False,C=1.0,passed,,0.5,20260506,0.5423496427347518,0.4356554301013335,0.6340493788653562,0.5984375000000001,0.5573076502350697,0.6404719140116426,0.35331282077511217,0.0,1.0,432,320,112,3835,52,104,11,0
minicpm-v-4_5,repope_to_dashb,repope,dash-b,MIND-main,tierA,50pct_hard_negatives,oracle_target_calibration,True,rho=0.013797108376807551,passed,,0.5,20260506,0.6992815940599345,0.6484080748366218,0.7480842763386855,0.8047572544642857,0.7700212665020022,0.8385492158137086,0.48100089895309106,0.0,0.471875,432,320,112,3835,52,104,11,0
minicpm-v-4_5,repope_to_dashb,repope,dash-b,MIND-param,tierA,50pct_hard_negatives,oracle_target_calibration,True,single_vmf,passed,,0.5,20260506,0.5166797065104294,0.4292789609850406,0.6191424678945814,0.7955915178571429,0.7447534267088072,0.8421999247777674,0.523940609959461,0.03571428571428571,0.778125,432,320,112,3835,52,104,11,0
minicpm-v-4_5,repope_to_dashb,repope,dash-b,logistic(z),tierA,50pct_hard_negatives,oracle_target_calibration,True,C=0.1,passed,,0.5,20260506,0.4089480830275376,0.3225231645936021,0.4981363394271327,0.5978515625,0.5350339657826191,0.6603327970197362,0.3947019453012205,0.0,1.0,432,320,112,3835,52,104,11,0
minicpm-v-4_5,repope_to_dashb,repope,dash-b,final-hidden linear probe,tierA,same_constraint_linear_or_cached,oracle_target_calibration,True,C=0.1,passed,,0.5,20260506,0.4970410131012663,0.4139634441958359,0.587923089535783,0.7798409598214285,0.7324993725513247,0.826541881511387,0.4710592254519852,0.0,1.0,432,320,112,3835,52,104,11,0
minicpm-v-4_5,repope_to_dashb,repope,dash-b,output-confidence,tierA,same_constraint_linear_or_cached,oracle_target_calibration,True,negative_top2_margin,passed,,0.5,20260506,0.37608926559231803,0.30493493115316767,0.45044264710144516,0.7093470982142857,0.6552337685497366,0.756544375915701,0.3887589936693823,0.0,0.671875,432,320,112,3835,52,104,11,0
minicpm-v-4_5,repope_to_dashb,repope,dash-b,HALP-lite,tierA,same_constraint_linear_or_cached,oracle_target_calibration,True,C=10.0,passed,,0.5,20260506,0.6296296296296297,0.6099537037037037,0.6516203703703703,0.5,0.5,0.5,0.25925925925925924,0.0,1.0,432,320,112,3835,52,104,11,0
minicpm-v-4_5,repope_to_repope,repope,repope,MIND-main,tierA,50pct_hard_negatives,source_calibration,False,rho=0.0068080780171184815,passed,,0.5,20260507,0.525623268698061,0.5177323302905608,0.5335662666515718,0.7793170103092784,0.7664266475486384,0.7915951518746294,0.05124653739612189,0.0,0.4413659793814433,1589,1552,37,3835,52,104,51,0
minicpm-v-4_5,repope_to_repope,repope,repope,MIND-param,tierA,50pct_hard_negatives,source_calibration,False,single_vmf,passed,,0.5,20260507,0.3451918964116023,0.19949332456289162,0.4886328829934929,0.9603824185009752,0.9457738729973957,0.9742705127293246,0.358855058172248,0.2702702702702703,0.11211340206185567,1589,1552,37,3835,52,104,51,0
minicpm-v-4_5,repope_to_repope,repope,repope,logistic(z),tierA,50pct_hard_negatives,source_calibration,False,C=1.0,passed,,0.5,20260507,0.41933140982570577,0.29511718435241174,0.5356320641582183,0.7677974366118696,0.6816728942731536,0.8473903244484625,0.187333962420915,0.0,1.0,1589,1552,37,3835,52,104,51,0
minicpm-v-4_5,repope_to_repope,repope,repope,final-hidden linear probe,tierA,same_constraint_linear_or_cached,source_calibration,False,C=10.0,passed,,0.5,20260507,0.530293886003825,0.43786864709700823,0.6069828570796294,0.887207439398161,0.821061814541747,0.9444644141093734,0.20496770264712266,0.0,1.0,1589,1552,37,3835,52,104,51,0
minicpm-v-4_5,repope_to_repope,repope,repope,output-confidence,tierA,same_constraint_linear_or_cached,source_calibration,False,negative_top2_margin,passed,,0.5,20260507,0.1725942708931431,0.10851321402744715,0.25581655158344385,0.9372561994984675,0.9168391618246653,0.9556162303622221,0.1964509339284661,0.0,0.20167525773195877,1589,1552,37,3835,52,104,51,0
minicpm-v-4_5,repope_to_repope,repope,repope,HALP-lite,tierA,same_constraint_linear_or_cached,source_calibration,False,C=1.0,passed,,0.5,20260507,0.37497683065803833,0.25226998807567125,0.4866412329476452,0.7472746586792979,0.66033601369183,0.8295183600278082,0.13531402167643708,0.0,1.0,1589,1552,37,3835,52,104,51,0
minicpm-v-4_5,repope_to_repope,repope,repope,MIND-main,tierA,50pct_hard_negatives,oracle_target_calibration,True,rho=0.0068080780171184815,passed,,0.5,20260507,0.525623268698061,0.5177323302905608,0.5335662666515718,0.7793170103092784,0.7664266475486384,0.7915951518746294,0.05124653739612189,0.0,0.4413659793814433,1589,1552,37,3835,52,104,51,0
minicpm-v-4_5,repope_to_repope,repope,repope,MIND-param,tierA,50pct_hard_negatives,oracle_target_calibration,True,single_vmf,passed,,0.5,20260507,0.3451918964116023,0.19949332456289162,0.4886328829934929,0.9603824185009752,0.9457738729973957,0.9742705127293246,0.358855058172248,0.2702702702702703,0.11211340206185567,1589,1552,37,3835,52,104,51,0
minicpm-v-4_5,repope_to_repope,repope,repope,logistic(z),tierA,50pct_hard_negatives,oracle_target_calibration,True,C=1.0,passed,,0.5,20260507,0.41933140982570577,0.29511718435241174,0.5356320641582183,0.7677974366118696,0.6816728942731536,0.8473903244484625,0.187333962420915,0.0,1.0,1589,1552,37,3835,52,104,51,0
minicpm-v-4_5,repope_to_repope,repope,repope,final-hidden linear probe,tierA,same_constraint_linear_or_cached,oracle_target_calibration,True,C=10.0,passed,,0.5,20260507,0.530293886003825,0.43786864709700823,0.6069828570796294,0.887207439398161,0.821061814541747,0.9444644141093734,0.20496770264712266,0.0,1.0,1589,1552,37,3835,52,104,51,0
minicpm-v-4_5,repope_to_repope,repope,repope,output-confidence,tierA,same_constraint_linear_or_cached,oracle_target_calibration,True,negative_top2_margin,passed,,0.5,20260507,0.1725942708931431,0.10851321402744715,0.25581655158344385,0.9372561994984675,0.9168391618246653,0.9556162303622221,0.1964509339284661,0.0,0.20167525773195877,1589,1552,37,3835,52,104,51,0
minicpm-v-4_5,repope_to_repope,repope,repope,HALP-lite,tierA,same_constraint_linear_or_cached,oracle_target_calibration,True,C=1.0,passed,,0.5,20260507,0.37497683065803833,0.25226998807567125,0.4866412329476452,0.7472746586792979,0.66033601369183,0.8295183600278082,0.13531402167643708,0.0,1.0,1589,1552,37,3835,52,104,51,0
minicpm-v-4_5,repope_to_pope,repope,pope,MIND-main,tierA,50pct_hard_negatives,source_calibration,False,rho=0.0068080780171184815,passed,,0.5,20260507,0.525390625,0.5181095044077834,0.5330312321006512,0.769449715370019,0.7572867869523733,0.7812311753278779,0.05078125,0.0,0.46110056925996207,1620,1581,39,3835,52,104,180,0
minicpm-v-4_5,repope_to_pope,repope,pope,MIND-param,tierA,50pct_hard_negatives,source_calibration,False,single_vmf,passed,,0.5,20260507,0.26222497233802505,0.15102088650788037,0.40192489097140277,0.9030798423587798,0.8382263021348866,0.9553507451370524,0.27060354414267157,0.1794871794871795,0.6900695762175838,1620,1581,39,3835,52,104,180,0
minicpm-v-4_5,repope_to_pope,repope,pope,logistic(z),tierA,50pct_hard_negatives,source_calibration,False,C=1.0,passed,,0.5,20260507,0.3371784101045036,0.22196435134205292,0.4522502684170496,0.7215978202695471,0.6412298262672885,0.804235571746672,0.12023145839133773,0.0,1.0,1620,1581,39,3835,52,104,180,0
minicpm-v-4_5,repope_to_pope,repope,pope,final-hidden linear probe,tierA,same_constraint_linear_or_cached,source_calibration,False,C=10.0,passed,,0.5,20260507,0.503795065957684,0.4216724448826632,0.577229857475689,0.8705622861220584,0.8061025214168361,0.9271015991102308,0.1716926960179322,0.0,1.0,1620,1581,39,3835,52,104,180,0
minicpm-v-4_5,repope_to_pope,repope,pope,output-confidence,tierA,same_constraint_linear_or_cached,source_calibration,False,negative_top2_margin,passed,,0.5,20260507,0.13872081898803107,0.0929433813449171,0.2019957265156101,0.91808981657179,0.8943355429793831,0.9402082722308167,0.14706992844824912,0.0,0.2504743833017078,1620,1581,39,3835,52,104,180,0
minicpm-v-4_5,repope_to_pope,repope,pope,HALP-lite,tierA,same_constraint_linear_or_cached,source_calibration,False,C=1.0,passed,,0.5,20260507,0.2925233674469148,0.1874567645260262,0.3885832079475863,0.6890802640328257,0.6142441870879374,0.7690951383420358,0.08384701718035052,0.0,1.0,1620,1581,39,3835,52,104,180,0
minicpm-v-4_5,repope_to_pope,repope,pope,MIND-main,tierA,50pct_hard_negatives,oracle_target_calibration,True,rho=0.00725046851791266,passed,,0.5,20260507,0.5266030013642565,0.5189596302763438,0.5345781466113416,0.7805186590765338,0.7687211774382423,0.7925378931447828,0.05320600272851296,0.0,0.4389626818469323,1620,1581,39,3835,52,104,180,0
minicpm-v-4_5,repope_to_pope,repope,pope,MIND-param,tierA,50pct_hard_negatives,oracle_target_calibration,True,single_vmf,passed,,0.5,20260507,0.26222497233802505,0.15102088650788037,0.40192489097140277,0.9030798423587798,0.8382263021348866,0.9553507451370524,0.27060354414267157,0.1794871794871795,0.6900695762175838,1620,1581,39,3835,52,104,180,0
minicpm-v-4_5,repope_to_pope,repope,pope,logistic(z),tierA,50pct_hard_negatives,oracle_target_calibration,True,C=0.1,passed,,0.5,20260507,0.3620382468788754,0.24970426995212464,0.4750258878430643,0.7224330592452035,0.6061739896734387,0.8335504232167749,0.15203978105753238,0.0,1.0,1620,1581,39,3835,52,104,180,0
minicpm-v-4_5,repope_to_pope,repope,pope,final-hidden linear probe,tierA,same_constraint_linear_or_cached,oracle_target_calibration,True,C=10.0,passed,,0.5,20260507,0.503795065957684,0.4216724448826632,0.577229857475689,0.8705622861220584,0.8061025214168361,0.9271015991102308,0.1716926960179322,0.0,1.0,1620,1581,39,3835,52,104,180,0
minicpm-v-4_5,repope_to_pope,repope,pope,output-confidence,tierA,same_constraint_linear_or_cached,oracle_target_calibration,True,negative_top2_margin,passed,,0.5,20260507,0.13872081898803107,0.0929433813449171,0.2019957265156101,0.91808981657179,0.8943355429793831,0.9402082722308167,0.14706992844824912,0.0,0.2504743833017078,1620,1581,39,3835,52,104,180,0
minicpm-v-4_5,repope_to_pope,repope,pope,HALP-lite,tierA,same_constraint_linear_or_cached,oracle_target_calibration,True,C=1.0,passed,,0.5,20260507,0.2925233674469148,0.1874567645260262,0.3885832079475863,0.6890802640328257,0.6142441870879374,0.7690951383420358,0.08384701718035052,0.0,1.0,1620,1581,39,3835,52,104,180,0
minicpm-v-4_5,repope_to_dashb,repope,dash-b,MIND-main,tierA,50pct_hard_negatives,source_calibration,False,rho=0.0068080780171184815,passed,,0.5,20260507,0.6428571428571428,0.621080365640863,0.6654135338345865,0.5625,0.5444444444444444,0.5815055461779599,0.2857142857142857,0.0,0.875,432,320,112,3835,52,104,11,0
minicpm-v-4_5,repope_to_dashb,repope,dash-b,MIND-param,tierA,50pct_hard_negatives,source_calibration,False,single_vmf,passed,,0.5,20260507,0.49742874535022924,0.42333824937293507,0.5920849352653421,0.8329799107142857,0.7993650753557294,0.8690532222618252,0.5024289380509852,0.0,0.428125,432,320,112,3835,52,104,11,0
minicpm-v-4_5,repope_to_dashb,repope,dash-b,logistic(z),tierA,50pct_hard_negatives,source_calibration,False,C=1.0,passed,,0.5,20260507,0.35770455351835456,0.24971152187471757,0.47398112877855836,0.5239397321428572,0.49380549397319257,0.5573300415090202,0.274038687901313,0.0,1.0,432,320,112,3835,52,104,11,0
minicpm-v-4_5,repope_to_dashb,repope,dash-b,final-hidden linear probe,tierA,same_constraint_linear_or_cached,source_calibration,False,C=10.0,passed,,0.5,20260507,0.44922033323950067,0.3550288150288561,0.5433570141844438,0.5732840401785714,0.5320598498671619,0.6209850767261537,0.3147075698558993,0.0,1.0,432,320,112,3835,52,104,11,0
minicpm-v-4_5,repope_to_dashb,repope,dash-b,output-confidence,tierA,same_constraint_linear_or_cached,source_calibration,False,negative_top2_margin,passed,,0.5,20260507,0.37608926559231803,0.31057912965700607,0.45392601520436693,0.7093470982142857,0.6647735046977177,0.7562011129346139,0.3887589936693823,0.0,0.671875,432,320,112,3835,52,104,11,0
minicpm-v-4_5,repope_to_dashb,repope,dash-b,HALP-lite,tierA,same_constraint_linear_or_cached,source_calibration,False,C=1.0,passed,,0.5,20260507,0.6296296296296297,0.6087962962962963,0.6493344907407408,0.5,0.5,0.5,0.25925925925925924,0.0,1.0,432,320,112,3835,52,104,11,0
minicpm-v-4_5,repope_to_dashb,repope,dash-b,MIND-main,tierA,50pct_hard_negatives,oracle_target_calibration,True,rho=0.02722045731615834,passed,,0.5,20260507,0.4360089624312345,0.3696922746170742,0.5056177382571638,0.6576869419642857,0.608894355975259,0.708049288659936,0.33606016776494474,0.0,0.65,432,320,112,3835,52,104,11,0
minicpm-v-4_5,repope_to_dashb,repope,dash-b,MIND-param,tierA,50pct_hard_negatives,oracle_target_calibration,True,single_vmf,passed,,0.5,20260507,0.49742874535022924,0.42333824937293507,0.5920849352653421,0.8329799107142857,0.7993650753557294,0.8690532222618252,0.5024289380509852,0.0,0.428125,432,320,112,3835,52,104,11,0
minicpm-v-4_5,repope_to_dashb,repope,dash-b,logistic(z),tierA,50pct_hard_negatives,oracle_target_calibration,True,C=0.1,passed,,0.5,20260507,0.3759039155646702,0.29624727542192975,0.4673057834964613,0.5701171875000001,0.5182971443075085,0.6240197147293187,0.31822803263665156,0.0,1.0,432,320,112,3835,52,104,11,0
minicpm-v-4_5,repope_to_dashb,repope,dash-b,final-hidden linear probe,tierA,same_constraint_linear_or_cached,oracle_target_calibration,True,C=0.1,passed,,0.5,20260507,0.5921315386090639,0.5000294273002838,0.6945012764719269,0.8298409598214286,0.7870214684080542,0.8688859387620981,0.5935863092834132,0.08928571428571429,1.0,432,320,112,3835,52,104,11,0
minicpm-v-4_5,repope_to_dashb,repope,dash-b,output-confidence,tierA,same_constraint_linear_or_cached,oracle_target_calibration,True,negative_top2_margin,passed,,0.5,20260507,0.37608926559231803,0.31057912965700607,0.45392601520436693,0.7093470982142857,0.6647735046977177,0.7562011129346139,0.3887589936693823,0.0,0.671875,432,320,112,3835,52,104,11,0
minicpm-v-4_5,repope_to_dashb,repope,dash-b,HALP-lite,tierA,same_constraint_linear_or_cached,oracle_target_calibration,True,C=1.0,passed,,0.5,20260507,0.6296296296296297,0.6087962962962963,0.6493344907407408,0.5,0.5,0.5,0.25925925925925924,0.0,1.0,432,320,112,3835,52,104,11,0
minicpm-v-4_5,repope_to_repope,repope,repope,MIND-main,tierA,50pct_hard_negatives,source_calibration,False,rho=0.00945636738008863,passed,,0.5,20260508,0.5000294811629336,0.45762353689608243,0.5294194126387554,0.779090624129284,0.7523867335622808,0.8007744071470909,0.05160719930456773,0.0,0.5270618556701031,1589,1552,37,3835,52,104,51,0
minicpm-v-4_5,repope_to_repope,repope,repope,MIND-param,tierA,50pct_hard_negatives,source_calibration,False,single_vmf,passed,,0.5,20260508,0.36777815211422027,0.22723203477038995,0.5347476987677883,0.964979799387016,0.9501841041719927,0.9777176824171688,0.3844407598083998,0.35135135135135137,0.1134020618556701,1589,1552,37,3835,52,104,51,0
minicpm-v-4_5,repope_to_repope,repope,repope,logistic(z),tierA,50pct_hard_negatives,source_calibration,False,C=0.1,passed,,0.5,20260508,0.4356875254798989,0.2799779815331762,0.5920255314157604,0.9013217470047367,0.8438038627773933,0.9484721937218852,0.356373055954657,0.32432432432432434,0.46713917525773196,1589,1552,37,3835,52,104,51,0
minicpm-v-4_5,repope_to_repope,repope,repope,final-hidden linear probe,tierA,same_constraint_linear_or_cached,source_calibration,False,C=1.0,passed,,0.5,20260508,0.5644485626434499,0.49894665561845997,0.6193621462848762,0.9177260378935637,0.868291837892023,0.958496872537309,0.1947475060544077,0.0,1.0,1589,1552,37,3835,52,104,51,0
minicpm-v-4_5,repope_to_repope,repope,repope,output-confidence,tierA,same_constraint_linear_or_cached,source_calibration,False,negative_top2_margin,passed,,0.5,20260508,0.1725942708931431,0.10936473783753263,0.25208848577904924,0.9372561994984675,0.9189100251229422,0.954014505182123,0.1964509339284661,0.0,0.20167525773195877,1589,1552,37,3835,52,104,51,0
minicpm-v-4_5,repope_to_repope,repope,repope,HALP-lite,tierA,same_constraint_linear_or_cached,source_calibration,False,C=0.1,passed,,0.5,20260508,0.5035008858778969,0.4016923283957576,0.5906423014049499,0.9199115352465868,0.8692685650405855,0.9623503478522911,0.22882587338868524,0.0,1.0,1589,1552,37,3835,52,104,51,0
minicpm-v-4_5,repope_to_repope,repope,repope,MIND-main,tierA,50pct_hard_negatives,oracle_target_calibration,True,rho=0.00945636738008863,passed,,0.5,20260508,0.5000294811629336,0.45762353689608243,0.5294194126387554,0.779090624129284,0.7523867335622808,0.8007744071470909,0.05160719930456773,0.0,0.5270618556701031,1589,1552,37,3835,52,104,51,0
minicpm-v-4_5,repope_to_repope,repope,repope,MIND-param,tierA,50pct_hard_negatives,oracle_target_calibration,True,single_vmf,passed,,0.5,20260508,0.36777815211422027,0.22723203477038995,0.5347476987677883,0.964979799387016,0.9501841041719927,0.9777176824171688,0.3844407598083998,0.35135135135135137,0.1134020618556701,1589,1552,37,3835,52,104,51,0
minicpm-v-4_5,repope_to_repope,repope,repope,logistic(z),tierA,50pct_hard_negatives,oracle_target_calibration,True,C=0.1,passed,,0.5,20260508,0.4356875254798989,0.2799779815331762,0.5920255314157604,0.9013217470047367,0.8438038627773933,0.9484721937218852,0.356373055954657,0.32432432432432434,0.46713917525773196,1589,1552,37,3835,52,104,51,0
minicpm-v-4_5,repope_to_repope,repope,repope,final-hidden linear probe,tierA,same_constraint_linear_or_cached,oracle_target_calibration,True,C=1.0,passed,,0.5,20260508,0.5644485626434499,0.49894665561845997,0.6193621462848762,0.9177260378935637,0.868291837892023,0.958496872537309,0.1947475060544077,0.0,1.0,1589,1552,37,3835,52,104,51,0
minicpm-v-4_5,repope_to_repope,repope,repope,output-confidence,tierA,same_constraint_linear_or_cached,oracle_target_calibration,True,negative_top2_margin,passed,,0.5,20260508,0.1725942708931431,0.10936473783753263,0.25208848577904924,0.9372561994984675,0.9189100251229422,0.954014505182123,0.1964509339284661,0.0,0.20167525773195877,1589,1552,37,3835,52,104,51,0
minicpm-v-4_5,repope_to_repope,repope,repope,HALP-lite,tierA,same_constraint_linear_or_cached,oracle_target_calibration,True,C=0.1,passed,,0.5,20260508,0.5035008858778969,0.4016923283957576,0.5906423014049499,0.9199115352465868,0.8692685650405855,0.9623503478522911,0.22882587338868524,0.0,1.0,1589,1552,37,3835,52,104,51,0
minicpm-v-4_5,repope_to_pope,repope,pope,MIND-main,tierA,50pct_hard_negatives,source_calibration,False,rho=0.00945636738008863,passed,,0.5,20260508,0.47474156376421284,0.4152021494317821,0.516983728802735,0.7503040918600691,0.7122253126922781,0.7785522013036534,0.04761544788296827,0.0,0.5490196078431373,1620,1581,39,3835,52,104,180,0
minicpm-v-4_5,repope_to_pope,repope,pope,MIND-param,tierA,50pct_hard_negatives,source_calibration,False,single_vmf,passed,,0.5,20260508,0.273267455965777,0.16809436120001767,0.40299548427645643,0.9496910426701697,0.9304145319049837,0.9667007653083786,0.285476387214317,0.1794871794871795,0.2049335863377609,1620,1581,39,3835,52,104,180,0
minicpm-v-4_5,repope_to_pope,repope,pope,logistic(z),tierA,50pct_hard_negatives,source_calibration,False,C=0.1,passed,,0.5,20260508,0.36022292463283795,0.23669484472858207,0.48351096339623945,0.8955383642290664,0.8192603243170948,0.9577131542903723,0.24875325419382988,0.0,1.0,1620,1581,39,3835,52,104,180,0
minicpm-v-4_5,repope_to_pope,repope,pope,final-hidden linear probe,tierA,same_constraint_linear_or_cached,source_calibration,False,C=1.0,passed,,0.5,20260508,0.553617474009179,0.49096158469840967,0.6029181329570916,0.910426701698049,0.8630689707040864,0.9492824442129503,0.17139659282516428,0.0,1.0,1620,1581,39,3835,52,104,180,0
minicpm-v-4_5,repope_to_pope,repope,pope,output-confidence,tierA,same_constraint_linear_or_cached,source_calibration,False,negative_top2_margin,passed,,0.5,20260508,0.13872081898803107,0.09219847051362058,0.20273636369331782,0.91808981657179,0.893250160863083,0.9400477326407654,0.14706992844824912,0.0,0.2504743833017078,1620,1581,39,3835,52,104,180,0
minicpm-v-4_5,repope_to_pope,repope,pope,HALP-lite,tierA,same_constraint_linear_or_cached,source_calibration,False,C=0.1,passed,,0.5,20260508,0.4851000356044619,0.3863189462852764,0.5725894424607569,0.9162328289463014,0.8655987136204724,0.9560604381451088,0.20253285796318132,0.0,1.0,1620,1581,39,3835,52,104,180,0
minicpm-v-4_5,repope_to_pope,repope,pope,MIND-main,tierA,50pct_hard_negatives,oracle_target_calibration,True,rho=0.010418517342276388,passed,,0.5,20260508,0.46373582089974597,0.4024626170769672,0.510915734975045,0.7614460176130005,0.7223603890937589,0.7919858568555187,0.04967513257173723,0.0,0.523719165085389,1620,1581,39,3835,52,104,180,0
minicpm-v-4_5,repope_to_pope,repope,pope,MIND-param,tierA,50pct_hard_negatives,oracle_target_calibration,True,single_vmf,passed,,0.5,20260508,0.273267455965777,0.16809436120001767,0.40299548427645643,0.9496910426701697,0.9304145319049837,0.9667007653083786,0.285476387214317,0.1794871794871795,0.2049335863377609,1620,1581,39,3835,52,104,180,0
minicpm-v-4_5,repope_to_pope,repope,pope,logistic(z),tierA,50pct_hard_negatives,oracle_target_calibration,True,C=10.0,passed,,0.5,20260508,0.36832067109844885,0.24532546207485947,0.4849371563495284,0.7320342529071182,0.6468061104676471,0.8147133511277376,0.13835074390629945,0.0,1.0,1620,1581,39,3835,52,104,180,0
minicpm-v-4_5,repope_to_pope,repope,pope,final-hidden linear probe,tierA,same_constraint_linear_or_cached,oracle_target_calibration,True,C=1.0,passed,,0.5,20260508,0.553617474009179,0.49096158469840967,0.6029181329570916,0.910426701698049,0.8630689707040864,0.9492824442129503,0.17139659282516428,0.0,1.0,1620,1581,39,3835,52,104,180,0
minicpm-v-4_5,repope_to_pope,repope,pope,output-confidence,tierA,same_constraint_linear_or_cached,oracle_target_calibration,True,negative_top2_margin,passed,,0.5,20260508,0.13872081898803107,0.09219847051362058,0.20273636369331782,0.91808981657179,0.893250160863083,0.9400477326407654,0.14706992844824912,0.0,0.2504743833017078,1620,1581,39,3835,52,104,180,0
minicpm-v-4_5,repope_to_pope,repope,pope,HALP-lite,tierA,same_constraint_linear_or_cached,oracle_target_calibration,True,C=0.1,passed,,0.5,20260508,0.4851000356044619,0.3863189462852764,0.5725894424607569,0.9162328289463014,0.8655987136204724,0.9560604381451088,0.20253285796318132,0.0,1.0,1620,1581,39,3835,52,104,180,0
minicpm-v-4_5,repope_to_dashb,repope,dash-b,MIND-main,tierA,50pct_hard_negatives,source_calibration,False,rho=0.00945636738008863,passed,,0.5,20260508,0.6620639346209612,0.6300284796745277,0.6891441295495788,0.6624441964285714,0.6325716046002191,0.6917243989253191,0.34245085060838215,0.0,0.65,432,320,112,3835,52,104,11,0
minicpm-v-4_5,repope_to_dashb,repope,dash-b,MIND-param,tierA,50pct_hard_negatives,source_calibration,False,single_vmf,passed,,0.5,20260508,0.5814226364181104,0.484454351305481,0.6801420711115641,0.8487444196428572,0.8113778396891246,0.8850120581541,0.5864027878812855,0.044642857142857144,0.434375,432,320,112,3835,52,104,11,0
minicpm-v-4_5,repope_to_dashb,repope,dash-b,logistic(z),tierA,50pct_hard_negatives,source_calibration,False,C=0.1,passed,,0.5,20260508,0.5094324663153343,0.40992356882340475,0.6062179441136637,0.7460518973214285,0.6975268414409822,0.7978264993965929,0.49382284938255566,0.044642857142857144,1.0,432,320,112,3835,52,104,11,0
minicpm-v-4_5,repope_to_dashb,repope,dash-b,final-hidden linear probe,tierA,same_constraint_linear_or_cached,source_calibration,False,C=1.0,passed,,0.5,20260508,0.4415167029834139,0.3486232635357712,0.530842218145621,0.5809849330357142,0.5379159655463047,0.624009145228281,0.3097658028389618,0.0,1.0,432,320,112,3835,52,104,11,0
minicpm-v-4_5,repope_to_dashb,repope,dash-b,output-confidence,tierA,same_constraint_linear_or_cached,source_calibration,False,negative_top2_margin,passed,,0.5,20260508,0.37608926559231803,0.30607956324966135,0.4526287054242281,0.7093470982142857,0.661374387455271,0.7538857634434875,0.3887589936693823,0.0,0.671875,432,320,112,3835,52,104,11,0
minicpm-v-4_5,repope_to_dashb,repope,dash-b,HALP-lite,tierA,same_constraint_linear_or_cached,source_calibration,False,C=0.1,passed,,0.5,20260508,0.12962962962962962,0.1087962962962963,0.6388888888888888,0.496875,0.49206286017591755,0.5,0.25925925925925924,0.0,1.0,432,320,112,3835,52,104,11,0
minicpm-v-4_5,repope_to_dashb,repope,dash-b,MIND-main,tierA,50pct_hard_negatives,oracle_target_calibration,True,rho=0.01680113819580624,passed,,0.5,20260508,0.6261769500421595,0.5623186411094222,0.6852848838562304,0.75947265625,0.7171716562047321,0.8004641735513096,0.44693640485734865,0.0,0.621875,432,320,112,3835,52,104,11,0
minicpm-v-4_5,repope_to_dashb,repope,dash-b,MIND-param,tierA,50pct_hard_negatives,oracle_target_calibration,True,single_vmf,passed,,0.5,20260508,0.5814226364181104,0.484454351305481,0.6801420711115641,0.8487444196428572,0.8113778396891246,0.8850120581541,0.5864027878812855,0.044642857142857144,0.434375,432,320,112,3835,52,104,11,0
minicpm-v-4_5,repope_to_dashb,repope,dash-b,logistic(z),tierA,50pct_hard_negatives,oracle_target_calibration,True,C=0.1,passed,,0.5,20260508,0.5094324663153343,0.40992356882340475,0.6062179441136637,0.7460518973214285,0.6975268414409822,0.7978264993965929,0.49382284938255566,0.044642857142857144,1.0,432,320,112,3835,52,104,11,0
minicpm-v-4_5,repope_to_dashb,repope,dash-b,final-hidden linear probe,tierA,same_constraint_linear_or_cached,oracle_target_calibration,True,C=0.1,passed,,0.5,20260508,0.546567509754817,0.45132831114769795,0.6443166000521716,0.8135184151785715,0.7678982007286447,0.8553912061586019,0.5397025825014177,0.03571428571428571,1.0,432,320,112,3835,52,104,11,0
minicpm-v-4_5,repope_to_dashb,repope,dash-b,output-confidence,tierA,same_constraint_linear_or_cached,oracle_target_calibration,True,negative_top2_margin,passed,,0.5,20260508,0.37608926559231803,0.30607956324966135,0.4526287054242281,0.7093470982142857,0.661374387455271,0.7538857634434875,0.3887589936693823,0.0,0.671875,432,320,112,3835,52,104,11,0
minicpm-v-4_5,repope_to_dashb,repope,dash-b,HALP-lite,tierA,same_constraint_linear_or_cached,oracle_target_calibration,True,C=1.0,passed,,0.5,20260508,0.6296296296296297,0.6087673611111111,0.6493055555555556,0.5,0.5,0.5,0.25925925925925924,0.0,1.0,432,320,112,3835,52,104,11,0
llava-v1.5-7b,pope_to_dashb,pope,dash-b,MIND-main,tierA,50pct_hard_negatives,source_calibration,False,rho=0.0021565581554587195,passed,,0.5,20260506,0.7759692108488317,0.7523989968934004,0.8000057077625571,0.508023657381558,0.49810343466724954,0.5187959754652762,0.5537747355095685,0.0,0.9798994974874372,442,199,243,3893,140,280,1,0
llava-v1.5-7b,pope_to_dashb,pope,dash-b,MIND-param,tierA,50pct_hard_negatives,source_calibration,False,single_vmf,passed,,0.5,20260506,0.7914492484610978,0.7395856383637673,0.8411223027828004,0.7486610004756292,0.7054057644458168,0.7918157470258542,0.7922202871282161,0.06584362139917696,0.8140703517587939,442,199,243,3893,140,280,1,0
llava-v1.5-7b,pope_to_dashb,pope,dash-b,logistic(z),tierA,50pct_hard_negatives,source_calibration,False,C=1.0,passed,,0.5,20260506,0.8020282183504318,0.7570768327980331,0.839983877181951,0.6477552370908038,0.6134222135741721,0.6788802923829421,0.6889937889564375,0.18106995884773663,1.0,442,199,243,3893,140,280,1,0
llava-v1.5-7b,pope_to_dashb,pope,dash-b,final-hidden linear probe,tierA,same_constraint_linear_or_cached,source_calibration,False,C=1.0,passed,,0.5,20260506,0.7574553929811687,0.686198229413383,0.8072633083267018,0.5425481316045245,0.5220399450556431,0.5622800801644698,0.589935809965943,0.09465020576131687,1.0,442,199,243,3893,140,280,1,0
llava-v1.5-7b,pope_to_dashb,pope,dash-b,output-confidence,tierA,same_constraint_linear_or_cached,source_calibration,False,negative_top2_margin,passed,,0.5,20260506,0.6671849440411584,0.6112110366664657,0.7383305107497418,0.7128543954339599,0.6641818552715462,0.7608411358481239,0.6716222049707916,0.0,0.6834170854271356,442,199,243,3893,140,280,1,0
llava-v1.5-7b,pope_to_dashb,pope,dash-b,HALP-lite,tierA,same_constraint_linear_or_cached,source_calibration,False,C=0.1,passed,,0.5,20260506,0.8329684855151684,0.7929750774277197,0.8708778214404225,0.7558574766838306,0.7176470897572466,0.795026200526422,0.7834821604643446,0.1728395061728395,1.0,442,199,243,3893,140,280,1,0
llava-v1.5-7b,pope_to_dashb,pope,dash-b,MIND-main,tierA,50pct_hard_negatives,oracle_target_calibration,True,rho=0.0044134615389584755,passed,,0.5,20260506,0.5821535681833017,0.522847185857524,0.639703420855209,0.4612775813222491,0.4054348246021309,0.5152435913291197,0.5226696894341756,0.0,0.914572864321608,442,199,243,3893,140,280,1,0
llava-v1.5-7b,pope_to_dashb,pope,dash-b,MIND-param,tierA,50pct_hard_negatives,oracle_target_calibration,True,single_vmf,passed,,0.5,20260506,0.7914492484610978,0.7395856383637673,0.8411223027828004,0.7486610004756292,0.7054057644458168,0.7918157470258542,0.7922202871282161,0.06584362139917696,0.8140703517587939,442,199,243,3893,140,280,1,0
llava-v1.5-7b,pope_to_dashb,pope,dash-b,logistic(z),tierA,50pct_hard_negatives,oracle_target_calibration,True,C=0.1,passed,,0.5,20260506,0.8347284992994213,0.7915440916092307,0.8743978920909259,0.794218003598238,0.7548730941821747,0.8346653962271228,0.8342517680900298,0.1934156378600823,0.7185929648241206,442,199,243,3893,140,280,1,0
llava-v1.5-7b,pope_to_dashb,pope,dash-b,final-hidden linear probe,tierA,same_constraint_linear_or_cached,oracle_target_calibration,True,C=0.1,passed,,0.5,20260506,0.8238298206140375,0.7783632712490682,0.8643047832935313,0.7593626569059289,0.7192184401619885,0.7968906088256853,0.7828896707039106,0.13580246913580246,1.0,442,199,243,3893,140,280,1,0
llava-v1.5-7b,pope_to_dashb,pope,dash-b,output-confidence,tierA,same_constraint_linear_or_cached,oracle_target_calibration,True,negative_top2_margin,passed,,0.5,20260506,0.6671849440411584,0.6112110366664657,0.7383305107497418,0.7128543954339599,0.6641818552715462,0.7608411358481239,0.6716222049707916,0.0,0.6834170854271356,442,199,243,3893,140,280,1,0
llava-v1.5-7b,pope_to_dashb,pope,dash-b,HALP-lite,tierA,same_constraint_linear_or_cached,oracle_target_calibration,True,C=0.1,passed,,0.5,20260506,0.8329684855151684,0.7929750774277197,0.8708778214404225,0.7558574766838306,0.7176470897572466,0.795026200526422,0.7834821604643446,0.1728395061728395,1.0,442,199,243,3893,140,280,1,0
llava-v1.5-7b,pope_to_dashb,pope,dash-b,MIND-main,tierA,50pct_hard_negatives,source_calibration,False,rho=0.008902894331990851,passed,,0.5,20260507,0.6112182414093201,0.5480373596457665,0.6797966891627649,0.557819964017619,0.5055710922372821,0.6081444423814538,0.6074666488327396,0.0205761316872428,0.9698492462311558,442,199,243,3893,140,280,1,0
llava-v1.5-7b,pope_to_dashb,pope,dash-b,MIND-param,tierA,50pct_hard_negatives,source_calibration,False,single_vmf,passed,,0.5,20260507,0.8123944532020801,0.7660824233343644,0.8557963077953052,0.7367289120499618,0.6915003911841477,0.7824235545256162,0.812818636682551,0.23045267489711935,0.9195979899497487,442,199,243,3893,140,280,1,0
llava-v1.5-7b,pope_to_dashb,pope,dash-b,logistic(z),tierA,50pct_hard_negatives,source_calibration,False,C=0.1,passed,,0.5,20260507,0.8322153441700004,0.7864692728292118,0.8729949990592129,0.7632504084207045,0.7224453903856721,0.8041076830145847,0.8077615196977193,0.22633744855967078,1.0,442,199,243,3893,140,280,1,0
llava-v1.5-7b,pope_to_dashb,pope,dash-b,final-hidden linear probe,tierA,same_constraint_linear_or_cached,source_calibration,False,C=1.0,passed,,0.5,20260507,0.7813716179729252,0.7577713505360565,0.8032227356725,0.51440329218107,0.5043478260869565,0.5253191375241365,0.5627432359458504,0.02880658436213992,1.0,442,199,243,3893,140,280,1,0
llava-v1.5-7b,pope_to_dashb,pope,dash-b,output-confidence,tierA,same_constraint_linear_or_cached,source_calibration,False,negative_top2_margin,passed,,0.5,20260507,0.6671849440411584,0.5971795911425997,0.7388193419731044,0.7128543954339599,0.663187011274811,0.7613262955444172,0.6716222049707916,0.0,0.6834170854271356,442,199,243,3893,140,280,1,0
llava-v1.5-7b,pope_to_dashb,pope,dash-b,HALP-lite,tierA,same_constraint_linear_or_cached,source_calibration,False,C=1.0,passed,,0.5,20260507,0.7758132692773216,0.752262443438914,0.7987201045282621,0.5020576131687243,0.5,0.5065246248557137,0.5516265385546432,0.00411522633744856,1.0,442,199,243,3893,140,280,1,0
llava-v1.5-7b,pope_to_dashb,pope,dash-b,MIND-main,tierA,50pct_hard_negatives,oracle_target_calibration,True,rho=0.0064438567144895435,passed,,0.5,20260507,0.5806882566266571,0.5160737349204203,0.6439883265550026,0.5205554521579089,0.4655169958834355,0.577329875891295,0.5548252785768616,0.0,0.9246231155778895,442,199,243,3893,140,280,1,0
llava-v1.5-7b,pope_to_dashb,pope,dash-b,MIND-param,tierA,50pct_hard_negatives,oracle_target_calibration,True,single_vmf,passed,,0.5,20260507,0.8123944532020801,0.7660824233343644,0.8557963077953052,0.7367289120499618,0.6915003911841477,0.7824235545256162,0.812818636682551,0.23045267489711935,0.9195979899497487,442,199,243,3893,140,280,1,0
llava-v1.5-7b,pope_to_dashb,pope,dash-b,logistic(z),tierA,50pct_hard_negatives,oracle_target_calibration,True,C=0.1,passed,,0.5,20260507,0.8322153441700004,0.7864692728292118,0.8729949990592129,0.7632504084207045,0.7224453903856721,0.8041076830145847,0.8077615196977193,0.22633744855967078,1.0,442,199,243,3893,140,280,1,0
llava-v1.5-7b,pope_to_dashb,pope,dash-b,final-hidden linear probe,tierA,same_constraint_linear_or_cached,oracle_target_calibration,True,C=0.1,passed,,0.5,20260507,0.8204589249064377,0.7748076446107414,0.8635366609184829,0.7351572678205844,0.6949767150913251,0.7752819799433156,0.7679854536898815,0.20164609053497942,1.0,442,199,243,3893,140,280,1,0
llava-v1.5-7b,pope_to_dashb,pope,dash-b,output-confidence,tierA,same_constraint_linear_or_cached,oracle_target_calibration,True,negative_top2_margin,passed,,0.5,20260507,0.6671849440411584,0.5971795911425997,0.7388193419731044,0.7128543954339599,0.663187011274811,0.7613262955444172,0.6716222049707916,0.0,0.6834170854271356,442,199,243,3893,140,280,1,0
llava-v1.5-7b,pope_to_dashb,pope,dash-b,HALP-lite,tierA,same_constraint_linear_or_cached,oracle_target_calibration,True,C=10.0,passed,,0.5,20260507,0.7711755680736284,0.7136073109243499,0.8167430935574754,0.5566825899042538,0.5360158078750753,0.5777074637539477,0.5974005852379245,0.0,1.0,442,199,243,3893,140,280,1,0
llava-v1.5-7b,pope_to_dashb,pope,dash-b,MIND-main,tierA,50pct_hard_negatives,source_calibration,False,rho=0.004962285911069197,passed,,0.5,20260508,0.618091565841494,0.5737044445940204,0.6608955462537907,0.3447897925843208,0.30792190405420006,0.3849137434769874,0.47228713138455003,0.0,1.0,442,199,243,3893,140,280,1,0
llava-v1.5-7b,pope_to_dashb,pope,dash-b,MIND-param,tierA,50pct_hard_negatives,source_calibration,False,single_vmf,passed,,0.5,20260508,0.835386055087,0.7895698506305437,0.8791116493034912,0.7968236242943112,0.7573812581958953,0.8400951505371845,0.835838154134713,0.16049382716049382,0.6984924623115578,442,199,243,3893,140,280,1,0
llava-v1.5-7b,pope_to_dashb,pope,dash-b,logistic(z),tierA,50pct_hard_negatives,source_calibration,False,C=10.0,passed,,0.5,20260508,0.7748868778280543,0.7511029411764706,0.7975113122171946,0.5,0.5,0.5,0.5497737556561086,0.0,1.0,442,199,243,3893,140,280,1,0
llava-v1.5-7b,pope_to_dashb,pope,dash-b,final-hidden linear probe,tierA,same_constraint_linear_or_cached,source_calibration,False,C=10.0,passed,,0.5,20260508,0.6542092620523994,0.29292986425339373,0.7945241798642535,0.5036912959861033,0.49507312192118225,0.5122029500333544,0.5553321043517123,0.012345679012345678,1.0,442,199,243,3893,140,280,1,0
llava-v1.5-7b,pope_to_dashb,pope,dash-b,output-confidence,tierA,same_constraint_linear_or_cached,source_calibration,False,negative_top2_margin,passed,,0.5,20260508,0.6671849440411584,0.6073567002843765,0.73696734391204,0.7128543954339599,0.6655836836877441,0.7628873658285865,0.6716222049707916,0.0,0.6834170854271356,442,199,243,3893,140,280,1,0
llava-v1.5-7b,pope_to_dashb,pope,dash-b,HALP-lite,tierA,same_constraint_linear_or_cached,source_calibration,False,C=10.0,passed,,0.5,20260508,0.7748868778280543,0.7511029411764706,0.7975113122171946,0.5,0.5,0.5,0.5497737556561086,0.0,1.0,442,199,243,3893,140,280,1,0
llava-v1.5-7b,pope_to_dashb,pope,dash-b,MIND-main,tierA,50pct_hard_negatives,oracle_target_calibration,True,rho=0.008353161976331062,passed,,0.5,20260508,0.44233469929196156,0.3903135632049508,0.4984663687065307,0.27251483756229705,0.2251043343837761,0.3209928504442121,0.4248846585715047,0.0,0.9949748743718593,442,199,243,3893,140,280,1,0
llava-v1.5-7b,pope_to_dashb,pope,dash-b,MIND-param,tierA,50pct_hard_negatives,oracle_target_calibration,True,single_vmf,passed,,0.5,20260508,0.835386055087,0.7895698506305437,0.8791116493034912,0.7968236242943112,0.7573812581958953,0.8400951505371845,0.835838154134713,0.16049382716049382,0.6984924623115578,442,199,243,3893,140,280,1,0
llava-v1.5-7b,pope_to_dashb,pope,dash-b,logistic(z),tierA,50pct_hard_negatives,oracle_target_calibration,True,C=0.1,passed,,0.5,20260508,0.836021842666324,0.7901996820373607,0.8794881843344443,0.7982298322890172,0.7591872925999668,0.8415547213449771,0.8356869797366042,0.16049382716049382,0.6884422110552764,442,199,243,3893,140,280,1,0
llava-v1.5-7b,pope_to_dashb,pope,dash-b,final-hidden linear probe,tierA,same_constraint_linear_or_cached,oracle_target_calibration,True,C=0.1,passed,,0.5,20260508,0.8015084122234379,0.7508375111310988,0.8474075421915592,0.6984821225468908,0.6611018626869392,0.7381840821632603,0.7269652715979955,0.13168724279835392,1.0,442,199,243,3893,140,280,1,0
llava-v1.5-7b,pope_to_dashb,pope,dash-b,output-confidence,tierA,same_constraint_linear_or_cached,oracle_target_calibration,True,negative_top2_margin,passed,,0.5,20260508,0.6671849440411584,0.6073567002843765,0.73696734391204,0.7128543954339599,0.6655836836877441,0.7628873658285865,0.6716222049707916,0.0,0.6834170854271356,442,199,243,3893,140,280,1,0
llava-v1.5-7b,pope_to_dashb,pope,dash-b,HALP-lite,tierA,same_constraint_linear_or_cached,oracle_target_calibration,True,C=0.1,passed,,0.5,20260508,0.7749302725624193,0.7206495946421372,0.8205561535762083,0.6087950038257129,0.5798357577617587,0.640239913390455,0.649985068456515,0.11934156378600823,1.0,442,199,243,3893,140,280,1,0
llava-v1.5-7b,repope_to_repope,repope,repope,MIND-main,tierA,50pct_hard_negatives,source_calibration,False,rho=0.002572835750065754,passed,,0.5,20260506,0.570277558044957,0.5446232260358671,0.5943956164121278,0.8133281306144449,0.7967514954709338,0.8286799922421085,0.1816832047962337,0.0,0.34782608695652173,1593,1472,121,3633,151,302,47,0
llava-v1.5-7b,repope_to_repope,repope,repope,MIND-param,tierA,50pct_hard_negatives,source_calibration,False,single_vmf,passed,,0.5,20260506,0.505976747412435,0.4100265521039911,0.6032746125166123,0.9153229428674093,0.8911700215788436,0.9368563541187772,0.5109176528364173,0.24793388429752067,0.35733695652173914,1593,1472,121,3633,151,302,47,0
llava-v1.5-7b,repope_to_repope,repope,repope,logistic(z),tierA,50pct_hard_negatives,source_calibration,False,C=0.1,passed,,0.5,20260506,0.5501097962565198,0.47629743802687813,0.6245709192591297,0.9380698661516349,0.9232133365691276,0.9509965895059349,0.45048579628548546,0.0,0.17323369565217392,1593,1472,121,3633,151,302,47,0
llava-v1.5-7b,repope_to_repope,repope,repope,final-hidden linear probe,tierA,same_constraint_linear_or_cached,source_calibration,False,C=1.0,passed,,0.5,20260506,0.538797777580457,0.4658939148942217,0.6147978748143741,0.7686792579949695,0.7249434045065406,0.8147162687192763,0.34584162080655223,0.0,1.0,1593,1472,121,3633,151,302,47,0
llava-v1.5-7b,repope_to_repope,repope,repope,output-confidence,tierA,same_constraint_linear_or_cached,source_calibration,False,negative_top2_margin,passed,,0.5,20260506,0.32027906732995964,0.25413553610213696,0.3988218388629727,0.8601469861660079,0.8287000157939998,0.8893819501078545,0.3303991997499268,0.11570247933884298,0.484375,1593,1472,121,3633,151,302,47,0
llava-v1.5-7b,repope_to_repope,repope,repope,HALP-lite,tierA,same_constraint_linear_or_cached,source_calibration,False,C=0.1,passed,,0.5,20260506,0.5362654054902596,0.4557568760477222,0.6160211884223151,0.9336934063959755,0.9127405774650645,0.9503635353036293,0.4580395796609663,0.0,0.14402173913043478,1593,1472,121,3633,151,302,47,0
llava-v1.5-7b,repope_to_repope,repope,repope,MIND-main,tierA,50pct_hard_negatives,oracle_target_calibration,True,rho=0.002572835750065754,passed,,0.5,20260506,0.570277558044957,0.5446232260358671,0.5943956164121278,0.8133281306144449,0.7967514954709338,0.8286799922421085,0.1816832047962337,0.0,0.34782608695652173,1593,1472,121,3633,151,302,47,0
llava-v1.5-7b,repope_to_repope,repope,repope,MIND-param,tierA,50pct_hard_negatives,oracle_target_calibration,True,single_vmf,passed,,0.5,20260506,0.505976747412435,0.4100265521039911,0.6032746125166123,0.9153229428674093,0.8911700215788436,0.9368563541187772,0.5109176528364173,0.24793388429752067,0.35733695652173914,1593,1472,121,3633,151,302,47,0
llava-v1.5-7b,repope_to_repope,repope,repope,logistic(z),tierA,50pct_hard_negatives,oracle_target_calibration,True,C=0.1,passed,,0.5,20260506,0.5501097962565198,0.47629743802687813,0.6245709192591297,0.9380698661516349,0.9232133365691276,0.9509965895059349,0.45048579628548546,0.0,0.17323369565217392,1593,1472,121,3633,151,302,47,0
llava-v1.5-7b,repope_to_repope,repope,repope,final-hidden linear probe,tierA,same_constraint_linear_or_cached,oracle_target_calibration,True,C=1.0,passed,,0.5,20260506,0.538797777580457,0.4658939148942217,0.6147978748143741,0.7686792579949695,0.7249434045065406,0.8147162687192763,0.34584162080655223,0.0,1.0,1593,1472,121,3633,151,302,47,0
llava-v1.5-7b,repope_to_repope,repope,repope,output-confidence,tierA,same_constraint_linear_or_cached,oracle_target_calibration,True,negative_top2_margin,passed,,0.5,20260506,0.32027906732995964,0.25413553610213696,0.3988218388629727,0.8601469861660079,0.8287000157939998,0.8893819501078545,0.3303991997499268,0.11570247933884298,0.484375,1593,1472,121,3633,151,302,47,0
llava-v1.5-7b,repope_to_repope,repope,repope,HALP-lite,tierA,same_constraint_linear_or_cached,oracle_target_calibration,True,C=0.1,passed,,0.5,20260506,0.5362654054902596,0.4557568760477222,0.6160211884223151,0.9336934063959755,0.9127405774650645,0.9503635353036293,0.4580395796609663,0.0,0.14402173913043478,1593,1472,121,3633,151,302,47,0
llava-v1.5-7b,repope_to_pope,repope,pope,MIND-main,tierA,50pct_hard_negatives,source_calibration,False,rho=0.002572835750065754,passed,,0.5,20260506,0.5381638700833701,0.5098102290982548,0.56325161834068,0.7790990806700039,0.7600259372310167,0.7988611609208792,0.13432679303679823,0.0,0.44834183673469385,1674,1568,106,3633,151,302,126,0
llava-v1.5-7b,repope_to_pope,repope,pope,MIND-param,tierA,50pct_hard_negatives,source_calibration,False,single_vmf,passed,,0.5,20260506,0.31020293547062006,0.24425056444383014,0.39320482307910737,0.8918583943011167,0.8636778654842842,0.9186260142588367,0.3148223934353455,0.04716981132075472,0.37244897959183676,1674,1568,106,3633,151,302,126,0
llava-v1.5-7b,repope_to_pope,repope,pope,logistic(z),tierA,50pct_hard_negatives,source_calibration,False,C=0.1,passed,,0.5,20260506,0.43222624647811897,0.3597286649521757,0.5033501588003068,0.9136443492491336,0.896326937889816,0.9306761194278143,0.3042988353566839,0.0,0.22448979591836735,1674,1568,106,3633,151,302,126,0
llava-v1.5-7b,repope_to_pope,repope,pope,final-hidden linear probe,tierA,same_constraint_linear_or_cached,source_calibration,False,C=1.0,passed,,0.5,20260506,0.4384962980641092,0.36632001534496667,0.5140191105214429,0.7723154120138621,0.7235635378015998,0.8210509636734302,0.23436381880951357,0.0,1.0,1674,1568,106,3633,151,302,126,0
llava-v1.5-7b,repope_to_pope,repope,pope,output-confidence,tierA,same_constraint_linear_or_cached,source_calibration,False,negative_top2_margin,passed,,0.5,20260506,0.22320370212169652,0.17164151569035177,0.284450575838231,0.8518964189449365,0.8235569893306467,0.8826435581271929,0.22525110784357236,0.009433962264150943,0.49043367346938777,1674,1568,106,3633,151,302,126,0
llava-v1.5-7b,repope_to_pope,repope,pope,HALP-lite,tierA,same_constraint_linear_or_cached,source_calibration,False,C=0.1,passed,,0.5,20260506,0.4320603945481235,0.35744850848377424,0.5086032520272674,0.9127538987293031,0.8891085461826832,0.934220365231725,0.32302135552401734,0.0,0.19005102040816327,1674,1568,106,3633,151,302,126,0
llava-v1.5-7b,repope_to_pope,repope,pope,MIND-main,tierA,50pct_hard_negatives,oracle_target_calibration,True,rho=0.0027449217929396757,passed,,0.5,20260506,0.5314907625601895,0.49745319418332573,0.5634832221493634,0.7961139054678475,0.7741914186830161,0.8176072399342166,0.14510531264916982,0.0,0.5420918367346939,1674,1568,106,3633,151,302,126,0
llava-v1.5-7b,repope_to_pope,repope,pope,MIND-param,tierA,50pct_hard_negatives,oracle_target_calibration,True,single_vmf,passed,,0.5,20260506,0.31020293547062006,0.24425056444383014,0.39320482307910737,0.8918583943011167,0.8636778654842842,0.9186260142588367,0.3148223934353455,0.04716981132075472,0.37244897959183676,1674,1568,106,3633,151,302,126,0
llava-v1.5-7b,repope_to_pope,repope,pope,logistic(z),tierA,50pct_hard_negatives,oracle_target_calibration,True,C=1.0,passed,,0.5,20260506,0.4643741902442792,0.3956842707020483,0.5326903346718358,0.8230710916442048,0.7779423327279401,0.8640207690992325,0.25453995349803515,0.0,1.0,1674,1568,106,3633,151,302,126,0
llava-v1.5-7b,repope_to_pope,repope,pope,final-hidden linear probe,tierA,same_constraint_linear_or_cached,oracle_target_calibration,True,C=1.0,passed,,0.5,20260506,0.4384962980641092,0.36632001534496667,0.5140191105214429,0.7723154120138621,0.7235635378015998,0.8210509636734302,0.23436381880951357,0.0,1.0,1674,1568,106,3633,151,302,126,0
llava-v1.5-7b,repope_to_pope,repope,pope,output-confidence,tierA,same_constraint_linear_or_cached,oracle_target_calibration,True,negative_top2_margin,passed,,0.5,20260506,0.22320370212169652,0.17164151569035177,0.284450575838231,0.8518964189449365,0.8235569893306467,0.8826435581271929,0.22525110784357236,0.009433962264150943,0.49043367346938777,1674,1568,106,3633,151,302,126,0
llava-v1.5-7b,repope_to_pope,repope,pope,HALP-lite,tierA,same_constraint_linear_or_cached,oracle_target_calibration,True,C=0.1,passed,,0.5,20260506,0.4320603945481235,0.35744850848377424,0.5086032520272674,0.9127538987293031,0.8891085461826832,0.934220365231725,0.32302135552401734,0.0,0.19005102040816327,1674,1568,106,3633,151,302,126,0
llava-v1.5-7b,repope_to_dashb,repope,dash-b,MIND-main,tierA,50pct_hard_negatives,source_calibration,False,rho=0.002572835750065754,passed,,0.5,20260506,0.7799798719592117,0.7572574184919298,0.8063273081528092,0.543633806894555,0.5186536131565259,0.5689276354347743,0.5724094171300337,0.0,0.8844221105527639,442,199,243,3633,151,302,1,0
llava-v1.5-7b,repope_to_dashb,repope,dash-b,MIND-param,tierA,50pct_hard_negatives,source_calibration,False,single_vmf,passed,,0.5,20260506,0.7307338611121417,0.6701190748396563,0.7902078710121144,0.7228736273962404,0.675006778532705,0.7685831770307314,0.733744566479891,0.0411522633744856,0.8090452261306532,442,199,243,3633,151,302,1,0
llava-v1.5-7b,repope_to_dashb,repope,dash-b,logistic(z),tierA,50pct_hard_negatives,source_calibration,False,C=0.1,passed,,0.5,20260506,0.7332487845614438,0.6723150167342444,0.7920663346830524,0.7193581074094753,0.671722034698381,0.765683065201687,0.7320459154487962,0.0411522633744856,0.8341708542713567,442,199,243,3633,151,302,1,0
llava-v1.5-7b,repope_to_dashb,repope,dash-b,final-hidden linear probe,tierA,same_constraint_linear_or_cached,source_calibration,False,C=1.0,passed,,0.5,20260506,0.6933850884785888,0.5807073788107984,0.7866838949386938,0.519345699691875,0.5032256565336871,0.5353598203726101,0.569286997128319,0.0411522633744856,1.0,442,199,243,3633,151,302,1,0
llava-v1.5-7b,repope_to_dashb,repope,dash-b,output-confidence,tierA,same_constraint_linear_or_cached,source_calibration,False,negative_top2_margin,passed,,0.5,20260506,0.6671849440411584,0.6112110366664657,0.7383305107497418,0.7128543954339599,0.6641818552715462,0.7608411358481239,0.6716222049707916,0.0,0.6834170854271356,442,199,243,3633,151,302,1,0
llava-v1.5-7b,repope_to_dashb,repope,dash-b,HALP-lite,tierA,same_constraint_linear_or_cached,source_calibration,False,C=0.1,passed,,0.5,20260506,0.7550484228704919,0.6961234424891083,0.8102779185972384,0.7088632462725148,0.6643476981334696,0.7508111604138035,0.7256704216837389,0.04526748971193416,1.0,442,199,243,3633,151,302,1,0
llava-v1.5-7b,repope_to_dashb,repope,dash-b,MIND-main,tierA,50pct_hard_negatives,oracle_target_calibration,True,rho=0.0038975560692495687,passed,,0.5,20260506,0.7372438738210817,0.6908976426933495,0.7869843413239135,0.6652501189072937,0.6121994210623465,0.7162683515192981,0.6562907446910259,0.0,0.8894472361809045,442,199,243,3633,151,302,1,0
llava-v1.5-7b,repope_to_dashb,repope,dash-b,MIND-param,tierA,50pct_hard_negatives,oracle_target_calibration,True,single_vmf,passed,,0.5,20260506,0.7307338611121417,0.6701190748396563,0.7902078710121144,0.7228736273962404,0.675006778532705,0.7685831770307314,0.733744566479891,0.0411522633744856,0.8090452261306532,442,199,243,3633,151,302,1,0
llava-v1.5-7b,repope_to_dashb,repope,dash-b,logistic(z),tierA,50pct_hard_negatives,oracle_target_calibration,True,C=0.1,passed,,0.5,20260506,0.7332487845614438,0.6723150167342444,0.7920663346830524,0.7193581074094753,0.671722034698381,0.765683065201687,0.7320459154487962,0.0411522633744856,0.8341708542713567,442,199,243,3633,151,302,1,0
llava-v1.5-7b,repope_to_dashb,repope,dash-b,final-hidden linear probe,tierA,same_constraint_linear_or_cached,oracle_target_calibration,True,C=0.1,passed,,0.5,20260506,0.7838745434688952,0.7264934305731503,0.8352244914337768,0.7647186550034121,0.7196193241897872,0.8059754565191489,0.7763208525678422,0.09876543209876543,1.0,442,199,243,3633,151,302,1,0
llava-v1.5-7b,repope_to_dashb,repope,dash-b,output-confidence,tierA,same_constraint_linear_or_cached,oracle_target_calibration,True,negative_top2_margin,passed,,0.5,20260506,0.6671849440411584,0.6112110366664657,0.7383305107497418,0.7128543954339599,0.6641818552715462,0.7608411358481239,0.6716222049707916,0.0,0.6834170854271356,442,199,243,3633,151,302,1,0
llava-v1.5-7b,repope_to_dashb,repope,dash-b,HALP-lite,tierA,same_constraint_linear_or_cached,oracle_target_calibration,True,C=0.1,passed,,0.5,20260506,0.7550484228704919,0.6961234424891083,0.8102779185972384,0.7088632462725148,0.6643476981334696,0.7508111604138035,0.7256704216837389,0.04526748971193416,1.0,442,199,243,3633,151,302,1,0
llava-v1.5-7b,repope_to_repope,repope,repope,MIND-main,tierA,50pct_hard_negatives,source_calibration,False,rho=0.0018549772871999698,passed,,0.5,20260507,0.22588104890594973,0.17519795560257376,0.27813458581778794,0.571982797340999,0.5201868230573601,0.6230177740704056,0.0992901087209631,0.0,0.9150815217391305,1593,1472,121,3633,151,302,47,0
llava-v1.5-7b,repope_to_repope,repope,repope,MIND-param,tierA,50pct_hard_negatives,source_calibration,False,single_vmf,passed,,0.5,20260507,0.18039374171281952,0.14894998758288228,0.21743371101105397,0.8249107303269853,0.8015537144287722,0.8494671096009226,0.18338347891100656,0.0,0.37907608695652173,1593,1472,121,3633,151,302,47,0
llava-v1.5-7b,repope_to_repope,repope,repope,logistic(z),tierA,50pct_hard_negatives,source_calibration,False,C=10.0,passed,,0.5,20260507,0.539488061561934,0.4742092268857927,0.6093496054098511,0.7995727407473949,0.7567881295062725,0.8409862571403792,0.3095181766283237,0.0,1.0,1593,1472,121,3633,151,302,47,0
llava-v1.5-7b,repope_to_repope,repope,repope,final-hidden linear probe,tierA,same_constraint_linear_or_cached,source_calibration,False,C=1.0,passed,,0.5,20260507,0.5478162742709214,0.47381657224626805,0.6222656238540334,0.7970574694574201,0.7536027588766969,0.8411821807466757,0.3539818801027802,0.0,1.0,1593,1472,121,3633,151,302,47,0
llava-v1.5-7b,repope_to_repope,repope,repope,output-confidence,tierA,same_constraint_linear_or_cached,source_calibration,False,negative_top2_margin,passed,,0.5,20260507,0.32027906732995964,0.25205468756946803,0.40434837541531,0.8601469861660079,0.8271938410279296,0.8888292864812155,0.3303991997499268,0.11570247933884298,0.484375,1593,1472,121,3633,151,302,47,0
llava-v1.5-7b,repope_to_repope,repope,repope,HALP-lite,tierA,same_constraint_linear_or_cached,source_calibration,False,C=0.1,passed,,0.5,20260507,0.5163886033819812,0.4388296349886868,0.5950923011685642,0.9088494879626303,0.8815933421251222,0.9330543782444354,0.426504382275963,0.0,1.0,1593,1472,121,3633,151,302,47,0
llava-v1.5-7b,repope_to_repope,repope,repope,MIND-main,tierA,50pct_hard_negatives,oracle_target_calibration,True,rho=0.0018549772871999698,passed,,0.5,20260507,0.22588104890594973,0.17519795560257376,0.27813458581778794,0.571982797340999,0.5201868230573601,0.6230177740704056,0.0992901087209631,0.0,0.9150815217391305,1593,1472,121,3633,151,302,47,0
llava-v1.5-7b,repope_to_repope,repope,repope,MIND-param,tierA,50pct_hard_negatives,oracle_target_calibration,True,single_vmf,passed,,0.5,20260507,0.18039374171281952,0.14894998758288228,0.21743371101105397,0.8249107303269853,0.8015537144287722,0.8494671096009226,0.18338347891100656,0.0,0.37907608695652173,1593,1472,121,3633,151,302,47,0
llava-v1.5-7b,repope_to_repope,repope,repope,logistic(z),tierA,50pct_hard_negatives,oracle_target_calibration,True,C=10.0,passed,,0.5,20260507,0.539488061561934,0.4742092268857927,0.6093496054098511,0.7995727407473949,0.7567881295062725,0.8409862571403792,0.3095181766283237,0.0,1.0,1593,1472,121,3633,151,302,47,0
llava-v1.5-7b,repope_to_repope,repope,repope,final-hidden linear probe,tierA,same_constraint_linear_or_cached,oracle_target_calibration,True,C=1.0,passed,,0.5,20260507,0.5478162742709214,0.47381657224626805,0.6222656238540334,0.7970574694574201,0.7536027588766969,0.8411821807466757,0.3539818801027802,0.0,1.0,1593,1472,121,3633,151,302,47,0
llava-v1.5-7b,repope_to_repope,repope,repope,output-confidence,tierA,same_constraint_linear_or_cached,oracle_target_calibration,True,negative_top2_margin,passed,,0.5,20260507,0.32027906732995964,0.25205468756946803,0.40434837541531,0.8601469861660079,0.8271938410279296,0.8888292864812155,0.3303991997499268,0.11570247933884298,0.484375,1593,1472,121,3633,151,302,47,0
llava-v1.5-7b,repope_to_repope,repope,repope,HALP-lite,tierA,same_constraint_linear_or_cached,oracle_target_calibration,True,C=0.1,passed,,0.5,20260507,0.5163886033819812,0.4388296349886868,0.5950923011685642,0.9088494879626303,0.8815933421251222,0.9330543782444354,0.426504382275963,0.0,1.0,1593,1472,121,3633,151,302,47,0
llava-v1.5-7b,repope_to_pope,repope,pope,MIND-main,tierA,50pct_hard_negatives,source_calibration,False,rho=0.0018549772871999698,passed,,0.5,20260507,0.20512496204170344,0.1555293456698667,0.25419456429563186,0.58330525606469,0.5299967409512956,0.6311748953261428,0.08276832335209924,0.0,0.8954081632653061,1674,1568,106,3633,151,302,126,0
llava-v1.5-7b,repope_to_pope,repope,pope,MIND-param,tierA,50pct_hard_negatives,source_calibration,False,single_vmf,passed,,0.5,20260507,0.15646189835509927,0.1265832722917532,0.18803846201174113,0.8326013188294186,0.8104359721739262,0.8548427242687499,0.15877538557136683,0.0,0.35841836734693877,1674,1568,106,3633,151,302,126,0
llava-v1.5-7b,repope_to_pope,repope,pope,logistic(z),tierA,50pct_hard_negatives,source_calibration,False,C=10.0,passed,,0.5,20260507,0.519532954804426,0.4539499815030436,0.581752620022915,0.8300924143242203,0.7870722157149461,0.8712736157953782,0.25916487266628785,0.0,1.0,1674,1568,106,3633,151,302,126,0
llava-v1.5-7b,repope_to_pope,repope,pope,final-hidden linear probe,tierA,same_constraint_linear_or_cached,source_calibration,False,C=1.0,passed,,0.5,20260507,0.5044142498814013,0.4341385296828014,0.5712945374592153,0.8374987966884867,0.7964640921342416,0.8775862585387206,0.28190477819122495,0.0,1.0,1674,1568,106,3633,151,302,126,0
llava-v1.5-7b,repope_to_pope,repope,pope,output-confidence,tierA,same_constraint_linear_or_cached,source_calibration,False,negative_top2_margin,passed,,0.5,20260507,0.22320370212169652,0.17303955138355614,0.2848181215389692,0.8518964189449365,0.8177533253988516,0.8797408568058542,0.22525110784357236,0.009433962264150943,0.49043367346938777,1674,1568,106,3633,151,302,126,0
llava-v1.5-7b,repope_to_pope,repope,pope,HALP-lite,tierA,same_constraint_linear_or_cached,source_calibration,False,C=0.1,passed,,0.5,20260507,0.4979562390884977,0.4209330093869302,0.5740776965049937,0.9185087360415864,0.8914198560005318,0.941848242023939,0.37446889104087216,0.0,0.20153061224489796,1674,1568,106,3633,151,302,126,0
llava-v1.5-7b,repope_to_pope,repope,pope,MIND-main,tierA,50pct_hard_negatives,oracle_target_calibration,True,rho=0.0018548563821932868,passed,,0.5,20260507,0.20512496204170344,0.1555293456698667,0.25419456429563186,0.58330525606469,0.5299967409512956,0.6311748953261428,0.08276832335209924,0.0,0.8954081632653061,1674,1568,106,3633,151,302,126,0
llava-v1.5-7b,repope_to_pope,repope,pope,MIND-param,tierA,50pct_hard_negatives,oracle_target_calibration,True,single_vmf,passed,,0.5,20260507,0.15646189835509927,0.1265832722917532,0.18803846201174113,0.8326013188294186,0.8104359721739262,0.8548427242687499,0.15877538557136683,0.0,0.35841836734693877,1674,1568,106,3633,151,302,126,0
llava-v1.5-7b,repope_to_pope,repope,pope,logistic(z),tierA,50pct_hard_negatives,oracle_target_calibration,True,C=10.0,passed,,0.5,20260507,0.519532954804426,0.4539499815030436,0.581752620022915,0.8300924143242203,0.7870722157149461,0.8712736157953782,0.25916487266628785,0.0,1.0,1674,1568,106,3633,151,302,126,0
llava-v1.5-7b,repope_to_pope,repope,pope,final-hidden linear probe,tierA,same_constraint_linear_or_cached,oracle_target_calibration,True,C=10.0,passed,,0.5,20260507,0.5145693877127016,0.43945460722698504,0.5847755771726195,0.7848238351944551,0.7327885655281116,0.8303241068706628,0.26856112731694864,0.0,1.0,1674,1568,106,3633,151,302,126,0
llava-v1.5-7b,repope_to_pope,repope,pope,output-confidence,tierA,same_constraint_linear_or_cached,oracle_target_calibration,True,negative_top2_margin,passed,,0.5,20260507,0.22320370212169652,0.17303955138355614,0.2848181215389692,0.8518964189449365,0.8177533253988516,0.8797408568058542,0.22525110784357236,0.009433962264150943,0.49043367346938777,1674,1568,106,3633,151,302,126,0
llava-v1.5-7b,repope_to_pope,repope,pope,HALP-lite,tierA,same_constraint_linear_or_cached,oracle_target_calibration,True,C=10.0,passed,,0.5,20260507,0.4326714124582679,0.3630029381747216,0.5039152909148193,0.7316254331921448,0.6843202748395134,0.7794440916516612,0.19029498249574955,0.0,1.0,1674,1568,106,3633,151,302,126,0
llava-v1.5-7b,repope_to_dashb,repope,dash-b,MIND-main,tierA,50pct_hard_negatives,source_calibration,False,rho=0.0018549772871999698,passed,,0.5,20260507,0.5606653653407108,0.5043296934610667,0.6219311517344364,0.4619083069669334,0.41210104519201707,0.5187435409101577,0.5257213632000686,0.0,0.964824120603015,442,199,243,3633,151,302,1,0
llava-v1.5-7b,repope_to_dashb,repope,dash-b,MIND-param,tierA,50pct_hard_negatives,source_calibration,False,single_vmf,passed,,0.5,20260507,0.7720911328731372,0.7050717592694842,0.8310050092324452,0.7546994230411317,0.7079324198808128,0.8002730238623222,0.7732991931081554,0.02880658436213992,0.8442211055276382,442,199,243,3633,151,302,1,0
llava-v1.5-7b,repope_to_dashb,repope,dash-b,logistic(z),tierA,50pct_hard_negatives,source_calibration,False,C=10.0,passed,,0.5,20260507,0.6696625827707892,0.5281844745950839,0.7920546617282148,0.5131831999503692,0.4978926134890947,0.5287744551651306,0.5646949831953463,0.037037037037037035,1.0,442,199,243,3633,151,302,1,0
llava-v1.5-7b,repope_to_dashb,repope,dash-b,final-hidden linear probe,tierA,same_constraint_linear_or_cached,source_calibration,False,C=1.0,passed,,0.5,20260507,0.7046747650669855,0.621650151225139,0.7817259974380205,0.5424343941931881,0.5186228167737683,0.5648614575275042,0.5806492831904355,0.0,1.0,442,199,243,3633,151,302,1,0
llava-v1.5-7b,repope_to_dashb,repope,dash-b,output-confidence,tierA,same_constraint_linear_or_cached,source_calibration,False,negative_top2_margin,passed,,0.5,20260507,0.6671849440411584,0.5971795911425997,0.7388193419731044,0.7128543954339599,0.663187011274811,0.7613262955444172,0.6716222049707916,0.0,0.6834170854271356,442,199,243,3633,151,302,1,0
llava-v1.5-7b,repope_to_dashb,repope,dash-b,HALP-lite,tierA,same_constraint_linear_or_cached,source_calibration,False,C=0.1,passed,,0.5,20260507,0.7088360347222273,0.6448040198102676,0.7769516392776487,0.6431230225200075,0.6001143384799055,0.6828471605239023,0.6559621011292265,0.012345679012345678,1.0,442,199,243,3633,151,302,1,0
llava-v1.5-7b,repope_to_dashb,repope,dash-b,MIND-main,tierA,50pct_hard_negatives,oracle_target_calibration,True,rho=0.001917113237534121,passed,,0.5,20260507,0.5623247159778373,0.5039883470651768,0.6239107419234674,0.47494675021196525,0.4263865446310198,0.530774764786541,0.5305695381920205,0.0,0.9698492462311558,442,199,243,3633,151,302,1,0
llava-v1.5-7b,repope_to_dashb,repope,dash-b,MIND-param,tierA,50pct_hard_negatives,oracle_target_calibration,True,single_vmf,passed,,0.5,20260507,0.7720911328731372,0.7050717592694842,0.8310050092324452,0.7546994230411317,0.7079324198808128,0.8002730238623222,0.7732991931081554,0.02880658436213992,0.8442211055276382,442,199,243,3633,151,302,1,0
llava-v1.5-7b,repope_to_dashb,repope,dash-b,logistic(z),tierA,50pct_hard_negatives,oracle_target_calibration,True,C=0.1,passed,,0.5,20260507,0.7631276432083578,0.694823915689971,0.8224218628477885,0.7480095953016107,0.7013943851652337,0.7948694032322927,0.7643073798714103,0.03292181069958848,0.8492462311557789,442,199,243,3633,151,302,1,0
llava-v1.5-7b,repope_to_dashb,repope,dash-b,final-hidden linear probe,tierA,same_constraint_linear_or_cached,oracle_target_calibration,True,C=0.1,passed,,0.5,20260507,0.7945635189149676,0.7376937293481719,0.8440194225147966,0.7667349091134685,0.721190547608698,0.807634873982293,0.784916355718301,0.053497942386831275,1.0,442,199,243,3633,151,302,1,0
llava-v1.5-7b,repope_to_dashb,repope,dash-b,output-confidence,tierA,same_constraint_linear_or_cached,oracle_target_calibration,True,negative_top2_margin,passed,,0.5,20260507,0.6671849440411584,0.5971795911425997,0.7388193419731044,0.7128543954339599,0.663187011274811,0.7613262955444172,0.6716222049707916,0.0,0.6834170854271356,442,199,243,3633,151,302,1,0
llava-v1.5-7b,repope_to_dashb,repope,dash-b,HALP-lite,tierA,same_constraint_linear_or_cached,oracle_target_calibration,True,C=0.1,passed,,0.5,20260507,0.7088360347222273,0.6448040198102676,0.7769516392776487,0.6431230225200075,0.6001143384799055,0.6828471605239023,0.6559621011292265,0.012345679012345678,1.0,442,199,243,3633,151,302,1,0
llava-v1.5-7b,repope_to_repope,repope,repope,MIND-main,tierA,50pct_hard_negatives,source_calibration,False,rho=0.004177570018503184,passed,,0.5,20260508,0.42534817105281875,0.375129980398387,0.4754287410048696,0.76012284405318,0.7272156662028754,0.7889869487887609,0.15443729100448417,0.0,0.65625,1593,1472,121,3633,151,302,47,0
llava-v1.5-7b,repope_to_repope,repope,repope,MIND-param,tierA,50pct_hard_negatives,source_calibration,False,single_vmf,passed,,0.5,20260508,0.425192303078308,0.33486280577637284,0.5161610114903239,0.8963798059647863,0.8675093098105071,0.9196553257502782,0.43025684986419727,0.12396694214876033,0.3892663043478261,1593,1472,121,3633,151,302,47,0
llava-v1.5-7b,repope_to_repope,repope,repope,logistic(z),tierA,50pct_hard_negatives,source_calibration,False,C=1.0,passed,,0.5,20260508,0.5427513407156764,0.4741126559889425,0.609619821627269,0.8624068002155948,0.8241794255256321,0.8951247840417881,0.36391505179955425,0.0,1.0,1593,1472,121,3633,151,302,47,0
llava-v1.5-7b,repope_to_repope,repope,repope,final-hidden linear probe,tierA,same_constraint_linear_or_cached,source_calibration,False,C=10.0,passed,,0.5,20260508,0.5196964444576483,0.4483248178388728,0.5881133481683297,0.7545533147682357,0.7125993169690292,0.7996295792996064,0.2940611092483285,0.0,1.0,1593,1472,121,3633,151,302,47,0
llava-v1.5-7b,repope_to_repope,repope,repope,output-confidence,tierA,same_constraint_linear_or_cached,source_calibration,False,negative_top2_margin,passed,,0.5,20260508,0.32027906732995964,0.25190677582870613,0.40183471180929453,0.8601469861660079,0.8275815836616154,0.8900285572805247,0.3303991997499268,0.11570247933884298,0.484375,1593,1472,121,3633,151,302,47,0
llava-v1.5-7b,repope_to_repope,repope,repope,HALP-lite,tierA,same_constraint_linear_or_cached,source_calibration,False,C=0.1,passed,,0.5,20260508,0.47523156966386104,0.39856285654239415,0.5546820260368758,0.8863439858066834,0.8518771663125314,0.9165727776240897,0.3969087916133774,0.0,1.0,1593,1472,121,3633,151,302,47,0
llava-v1.5-7b,repope_to_repope,repope,repope,MIND-main,tierA,50pct_hard_negatives,oracle_target_calibration,True,rho=0.004177570018503184,passed,,0.5,20260508,0.42534817105281875,0.375129980398387,0.4754287410048696,0.76012284405318,0.7272156662028754,0.7889869487887609,0.15443729100448417,0.0,0.65625,1593,1472,121,3633,151,302,47,0
llava-v1.5-7b,repope_to_repope,repope,repope,MIND-param,tierA,50pct_hard_negatives,oracle_target_calibration,True,single_vmf,passed,,0.5,20260508,0.425192303078308,0.33486280577637284,0.5161610114903239,0.8963798059647863,0.8675093098105071,0.9196553257502782,0.43025684986419727,0.12396694214876033,0.3892663043478261,1593,1472,121,3633,151,302,47,0
llava-v1.5-7b,repope_to_repope,repope,repope,logistic(z),tierA,50pct_hard_negatives,oracle_target_calibration,True,C=1.0,passed,,0.5,20260508,0.5427513407156764,0.4741126559889425,0.609619821627269,0.8624068002155948,0.8241794255256321,0.8951247840417881,0.36391505179955425,0.0,1.0,1593,1472,121,3633,151,302,47,0
llava-v1.5-7b,repope_to_repope,repope,repope,final-hidden linear probe,tierA,same_constraint_linear_or_cached,oracle_target_calibration,True,C=10.0,passed,,0.5,20260508,0.5196964444576483,0.4483248178388728,0.5881133481683297,0.7545533147682357,0.7125993169690292,0.7996295792996064,0.2940611092483285,0.0,1.0,1593,1472,121,3633,151,302,47,0
llava-v1.5-7b,repope_to_repope,repope,repope,output-confidence,tierA,same_constraint_linear_or_cached,oracle_target_calibration,True,negative_top2_margin,passed,,0.5,20260508,0.32027906732995964,0.25190677582870613,0.40183471180929453,0.8601469861660079,0.8275815836616154,0.8900285572805247,0.3303991997499268,0.11570247933884298,0.484375,1593,1472,121,3633,151,302,47,0
llava-v1.5-7b,repope_to_repope,repope,repope,HALP-lite,tierA,same_constraint_linear_or_cached,oracle_target_calibration,True,C=0.1,passed,,0.5,20260508,0.47523156966386104,0.39856285654239415,0.5546820260368758,0.8863439858066834,0.8518771663125314,0.9165727776240897,0.3969087916133774,0.0,1.0,1593,1472,121,3633,151,302,47,0
llava-v1.5-7b,repope_to_pope,repope,pope,MIND-main,tierA,50pct_hard_negatives,source_calibration,False,rho=0.004177570018503184,passed,,0.5,20260508,0.39175919236706486,0.34171174697462897,0.43808777132672894,0.7361438679245282,0.7023707942433839,0.7694749932273924,0.11766528156467412,0.0,0.6836734693877551,1674,1568,106,3633,151,302,126,0
llava-v1.5-7b,repope_to_pope,repope,pope,MIND-param,tierA,50pct_hard_negatives,source_calibration,False,single_vmf,passed,,0.5,20260508,0.26756151324492666,0.21194954934187524,0.3410276110214545,0.8760228147862918,0.8454774700170916,0.9028530052253846,0.2741464606405755,0.05660377358490566,0.38137755102040816,1674,1568,106,3633,151,302,126,0
llava-v1.5-7b,repope_to_pope,repope,pope,logistic(z),tierA,50pct_hard_negatives,source_calibration,False,C=1.0,passed,,0.5,20260508,0.4517223836736227,0.3830187831436488,0.5193389253955651,0.8249693155564113,0.7847723344576093,0.867433053467669,0.24659504415494407,0.0,1.0,1674,1568,106,3633,151,302,126,0
llava-v1.5-7b,repope_to_pope,repope,pope,final-hidden linear probe,tierA,same_constraint_linear_or_cached,source_calibration,False,C=10.0,passed,,0.5,20260508,0.4203247521022492,0.35228541600202457,0.4926480370898264,0.7251335675779745,0.6776942265649508,0.7722416721694269,0.18789674215385005,0.0,1.0,1674,1568,106,3633,151,302,126,0
llava-v1.5-7b,repope_to_pope,repope,pope,output-confidence,tierA,same_constraint_linear_or_cached,source_calibration,False,negative_top2_margin,passed,,0.5,20260508,0.22320370212169652,0.1717853548967235,0.29003614029292163,0.8518964189449365,0.8188147015299607,0.8807477277179271,0.22525110784357236,0.009433962264150943,0.49043367346938777,1674,1568,106,3633,151,302,126,0
llava-v1.5-7b,repope_to_pope,repope,pope,HALP-lite,tierA,same_constraint_linear_or_cached,source_calibration,False,C=0.1,passed,,0.5,20260508,0.355009853558978,0.28621753671047906,0.4301811140426427,0.8707523103581055,0.8349465336724784,0.9019710454376922,0.2708127907881666,0.0,1.0,1674,1568,106,3633,151,302,126,0
llava-v1.5-7b,repope_to_pope,repope,pope,MIND-main,tierA,50pct_hard_negatives,oracle_target_calibration,True,rho=0.00435099667540573,passed,,0.5,20260508,0.3844515271065305,0.332089461424076,0.4322425972813164,0.7484296784751636,0.7142014615138644,0.7816254332833049,0.12597134647428224,0.0,0.6415816326530612,1674,1568,106,3633,151,302,126,0
llava-v1.5-7b,repope_to_pope,repope,pope,MIND-param,tierA,50pct_hard_negatives,oracle_target_calibration,True,single_vmf,passed,,0.5,20260508,0.26756151324492666,0.21194954934187524,0.3410276110214545,0.8760228147862918,0.8454774700170916,0.9028530052253846,0.2741464606405755,0.05660377358490566,0.38137755102040816,1674,1568,106,3633,151,302,126,0
llava-v1.5-7b,repope_to_pope,repope,pope,logistic(z),tierA,50pct_hard_negatives,oracle_target_calibration,True,C=1.0,passed,,0.5,20260508,0.4517223836736227,0.3830187831436488,0.5193389253955651,0.8249693155564113,0.7847723344576093,0.867433053467669,0.24659504415494407,0.0,1.0,1674,1568,106,3633,151,302,126,0
llava-v1.5-7b,repope_to_pope,repope,pope,final-hidden linear probe,tierA,same_constraint_linear_or_cached,oracle_target_calibration,True,C=10.0,passed,,0.5,20260508,0.4203247521022492,0.35228541600202457,0.4926480370898264,0.7251335675779745,0.6776942265649508,0.7722416721694269,0.18789674215385005,0.0,1.0,1674,1568,106,3633,151,302,126,0
llava-v1.5-7b,repope_to_pope,repope,pope,output-confidence,tierA,same_constraint_linear_or_cached,oracle_target_calibration,True,negative_top2_margin,passed,,0.5,20260508,0.22320370212169652,0.1717853548967235,0.29003614029292163,0.8518964189449365,0.8188147015299607,0.8807477277179271,0.22525110784357236,0.009433962264150943,0.49043367346938777,1674,1568,106,3633,151,302,126,0
llava-v1.5-7b,repope_to_pope,repope,pope,HALP-lite,tierA,same_constraint_linear_or_cached,oracle_target_calibration,True,C=1.0,passed,,0.5,20260508,0.43263259615683214,0.36087470555018897,0.5014493530930163,0.7670810069310743,0.7196053476951595,0.8117606786004362,0.2100219120521165,0.0,1.0,1674,1568,106,3633,151,302,126,0
llava-v1.5-7b,repope_to_dashb,repope,dash-b,MIND-main,tierA,50pct_hard_negatives,source_calibration,False,rho=0.004177570018503184,passed,,0.5,20260508,0.7485081983532804,0.7153222136282972,0.7813424717725228,0.5175465806398246,0.4826469281543539,0.5539929568958505,0.5592392320468262,0.0,0.9748743718592965,442,199,243,3633,151,302,1,0
llava-v1.5-7b,repope_to_dashb,repope,dash-b,MIND-param,tierA,50pct_hard_negatives,source_calibration,False,single_vmf,passed,,0.5,20260508,0.7842011751202653,0.7285512911702142,0.837259595682163,0.7450834419008623,0.6989146112923338,0.7913465174046377,0.7849028672278796,0.07407407407407407,0.8592964824120602,442,199,243,3633,151,302,1,0
llava-v1.5-7b,repope_to_dashb,repope,dash-b,logistic(z),tierA,50pct_hard_negatives,source_calibration,False,C=1.0,passed,,0.5,20260508,0.7764949285867183,0.7204661815737796,0.8287156166059405,0.6848543127158426,0.6445286973360703,0.726571118530167,0.6998949811665246,0.0,1.0,442,199,243,3633,151,302,1,0
llava-v1.5-7b,repope_to_dashb,repope,dash-b,final-hidden linear probe,tierA,same_constraint_linear_or_cached,source_calibration,False,C=10.0,passed,,0.5,20260508,0.7508628373931017,0.6676344390113366,0.804474399192197,0.5381847509150691,0.5182833685250933,0.5573883333367615,0.5811674353873844,0.0,1.0,442,199,243,3633,151,302,1,0
llava-v1.5-7b,repope_to_dashb,repope,dash-b,output-confidence,tierA,same_constraint_linear_or_cached,source_calibration,False,negative_top2_margin,passed,,0.5,20260508,0.6671849440411584,0.6073567002843765,0.73696734391204,0.7128543954339599,0.6655836836877441,0.7628873658285865,0.6716222049707916,0.0,0.6834170854271356,442,199,243,3633,151,302,1,0
llava-v1.5-7b,repope_to_dashb,repope,dash-b,HALP-lite,tierA,same_constraint_linear_or_cached,source_calibration,False,C=0.1,passed,,0.5,20260508,0.7878562984562011,0.7351469217130945,0.8389789485364175,0.7181173356494406,0.6752779146074539,0.7627516362566611,0.7551565048345079,0.09053497942386832,1.0,442,199,243,3633,151,302,1,0
llava-v1.5-7b,repope_to_dashb,repope,dash-b,MIND-main,tierA,50pct_hard_negatives,oracle_target_calibration,True,rho=0.007067661998684771,passed,,0.5,20260508,0.6407658690462149,0.5759310512529399,0.7044872487770188,0.5959530161093535,0.5419093056915452,0.6473578470465786,0.6329507233366166,0.04938271604938271,0.8894472361809045,442,199,243,3633,151,302,1,0
llava-v1.5-7b,repope_to_dashb,repope,dash-b,MIND-param,tierA,50pct_hard_negatives,oracle_target_calibration,True,single_vmf,passed,,0.5,20260508,0.7842011751202653,0.7285512911702142,0.837259595682163,0.7450834419008623,0.6989146112923338,0.7913465174046377,0.7849028672278796,0.07407407407407407,0.8592964824120602,442,199,243,3633,151,302,1,0
llava-v1.5-7b,repope_to_dashb,repope,dash-b,logistic(z),tierA,50pct_hard_negatives,oracle_target_calibration,True,C=1.0,passed,,0.5,20260508,0.7764949285867183,0.7204661815737796,0.8287156166059405,0.6848543127158426,0.6445286973360703,0.726571118530167,0.6998949811665246,0.0,1.0,442,199,243,3633,151,302,1,0
llava-v1.5-7b,repope_to_dashb,repope,dash-b,final-hidden linear probe,tierA,same_constraint_linear_or_cached,oracle_target_calibration,True,C=0.1,passed,,0.5,20260508,0.7750237201428201,0.7140486764448551,0.8333815629151472,0.7554025270384845,0.711510450316271,0.8021719272888264,0.7657949312798269,0.0,1.0,442,199,243,3633,151,302,1,0
llava-v1.5-7b,repope_to_dashb,repope,dash-b,output-confidence,tierA,same_constraint_linear_or_cached,oracle_target_calibration,True,negative_top2_margin,passed,,0.5,20260508,0.6671849440411584,0.6073567002843765,0.73696734391204,0.7128543954339599,0.6655836836877441,0.7628873658285865,0.6716222049707916,0.0,0.6834170854271356,442,199,243,3633,151,302,1,0
llava-v1.5-7b,repope_to_dashb,repope,dash-b,HALP-lite,tierA,same_constraint_linear_or_cached,oracle_target_calibration,True,C=0.1,passed,,0.5,20260508,0.7878562984562011,0.7351469217130945,0.8389789485364175,0.7181173356494406,0.6752779146074539,0.7627516362566611,0.7551565048345079,0.09053497942386832,1.0,442,199,243,3633,151,302,1,0
qwen2.5-vl-7b,pope_to_dashb,pope,dash-b,MIND-main,tierA,50pct_hard_negatives,source_calibration,False,rho=0.004071199708957034,passed,,0.5,20260506,0.5817222282033868,0.5425198270795699,0.6200795552383351,0.5621279650623673,0.5215660676942904,0.6025419326342815,0.259720704910745,0.0,0.945619335347432,432,331,101,3977,39,79,11,0
qwen2.5-vl-7b,pope_to_dashb,pope,dash-b,MIND-param,tierA,50pct_hard_negatives,source_calibration,False,single_vmf,passed,,0.5,20260506,0.5501589819656643,0.4491978145051127,0.6523339057429247,0.8055696808351529,0.755677648436255,0.8519408572505738,0.5539627679313887,0.1188118811881188,0.6737160120845922,432,331,101,3977,39,79,11,0
qwen2.5-vl-7b,pope_to_dashb,pope,dash-b,logistic(z),tierA,50pct_hard_negatives,source_calibration,False,C=0.1,passed,,0.5,20260506,0.5517442582960956,0.45595548527798,0.649402916941699,0.8013819508839102,0.750059412722954,0.8492231651739847,0.5295161581920411,0.0,1.0,432,331,101,3977,39,79,11,0
qwen2.5-vl-7b,pope_to_dashb,pope,dash-b,final-hidden linear probe,tierA,same_constraint_linear_or_cached,source_calibration,False,C=10.0,passed,,0.5,20260506,0.5619893766877873,0.48137179079100445,0.6383928494634681,0.6791151924860159,0.6253584085274226,0.7359345002823264,0.3688979821405564,0.0,1.0,432,331,101,3977,39,79,11,0
qwen2.5-vl-7b,pope_to_dashb,pope,dash-b,output-confidence,tierA,same_constraint_linear_or_cached,source_calibration,False,negative_top2_margin,passed,,0.5,20260506,0.27926492994433694,0.2191960625031078,0.3475461856947494,0.5907540905147917,0.540532174213934,0.6510813432235465,0.2715909195770937,0.0,0.7824773413897281,432,331,101,3977,39,79,11,0
qwen2.5-vl-7b,pope_to_dashb,pope,dash-b,HALP-lite,tierA,same_constraint_linear_or_cached,source_calibration,False,C=1.0,passed,,0.5,20260506,0.3731664833149982,0.1018229166666667,0.637413865668176,0.5034548772097754,0.4955357142857143,0.5151515151515151,0.2413824715804914,0.009900990099009901,1.0,432,331,101,3977,39,79,11,0
qwen2.5-vl-7b,pope_to_dashb,pope,dash-b,MIND-main,tierA,50pct_hard_negatives,oracle_target_calibration,True,rho=0.006711671683957277,passed,,0.5,20260506,0.3961304237695392,0.3246194387425886,0.4677667954153143,0.5758726930094822,0.5201814327823161,0.6337930217892631,0.27803230326955464,0.0,0.8459214501510574,432,331,101,3977,39,79,11,0
qwen2.5-vl-7b,pope_to_dashb,pope,dash-b,MIND-param,tierA,50pct_hard_negatives,oracle_target_calibration,True,single_vmf,passed,,0.5,20260506,0.5501589819656643,0.4491978145051127,0.6523339057429247,0.8055696808351529,0.755677648436255,0.8519408572505738,0.5539627679313887,0.1188118811881188,0.6737160120845922,432,331,101,3977,39,79,11,0
qwen2.5-vl-7b,pope_to_dashb,pope,dash-b,logistic(z),tierA,50pct_hard_negatives,oracle_target_calibration,True,C=10.0,passed,,0.5,20260506,0.526035936927026,0.36768614900069274,0.6527821545284781,0.5400227333911639,0.5131020136739013,0.5707611395746003,0.2797946461312798,0.0891089108910891,1.0,432,331,101,3977,39,79,11,0
qwen2.5-vl-7b,pope_to_dashb,pope,dash-b,final-hidden linear probe,tierA,same_constraint_linear_or_cached,oracle_target_calibration,True,C=1.0,passed,,0.5,20260506,0.5554753392005867,0.4732194048020374,0.6355315562838935,0.6730130716999192,0.6195532911000675,0.7285295038085977,0.37085166850018336,0.0,1.0,432,331,101,3977,39,79,11,0
qwen2.5-vl-7b,pope_to_dashb,pope,dash-b,output-confidence,tierA,same_constraint_linear_or_cached,oracle_target_calibration,True,negative_top2_margin,passed,,0.5,20260506,0.27926492994433694,0.2191960625031078,0.3475461856947494,0.5907540905147917,0.540532174213934,0.6510813432235465,0.2715909195770937,0.0,0.7824773413897281,432,331,101,3977,39,79,11,0
qwen2.5-vl-7b,pope_to_dashb,pope,dash-b,HALP-lite,tierA,same_constraint_linear_or_cached,oracle_target_calibration,True,C=10.0,passed,,0.5,20260506,0.5309373199224685,0.40563838831680654,0.63401065425763,0.565193981633813,0.5308561054997746,0.6011748584257192,0.30515611084918015,0.0,1.0,432,331,101,3977,39,79,11,0
qwen2.5-vl-7b,pope_to_dashb,pope,dash-b,MIND-main,tierA,50pct_hard_negatives,source_calibration,False,rho=0.006843421445698427,passed,,0.5,20260507,0.49009183760583425,0.4294254850073225,0.5456206491824128,0.546648320421166,0.48867412297226653,0.6009405562510445,0.25975536738086497,0.0,0.9093655589123867,432,331,101,3977,39,79,11,0
qwen2.5-vl-7b,pope_to_dashb,pope,dash-b,MIND-param,tierA,50pct_hard_negatives,source_calibration,False,single_vmf,passed,,0.5,20260507,0.5817870757385099,0.48492482375327817,0.6809570686249752,0.8424815291196793,0.8051479214283653,0.8819917409255569,0.5853223855907406,0.06930693069306931,0.4984894259818731,432,331,101,3977,39,79,11,0
qwen2.5-vl-7b,pope_to_dashb,pope,dash-b,logistic(z),tierA,50pct_hard_negatives,source_calibration,False,C=1.0,passed,,0.5,20260507,0.5118527099962743,0.37637696408529747,0.6390857544406652,0.5481140259041011,0.5189890011048062,0.5790779593106105,0.27806558128340303,0.0,1.0,432,331,101,3977,39,79,11,0
qwen2.5-vl-7b,pope_to_dashb,pope,dash-b,final-hidden linear probe,tierA,same_constraint_linear_or_cached,source_calibration,False,C=10.0,passed,,0.5,20260507,0.6492693705560735,0.6114889274341987,0.6834289944943515,0.6967036582812359,0.6611441794145225,0.7308100287442157,0.3376440904960061,0.0,1.0,432,331,101,3977,39,79,11,0
qwen2.5-vl-7b,pope_to_dashb,pope,dash-b,output-confidence,tierA,same_constraint_linear_or_cached,source_calibration,False,negative_top2_margin,passed,,0.5,20260507,0.27926492994433694,0.21891156654397592,0.34173303550134,0.5907540905147917,0.5290209603849456,0.6483424010180155,0.2715909195770937,0.0,0.7824773413897281,432,331,101,3977,39,79,11,0
qwen2.5-vl-7b,pope_to_dashb,pope,dash-b,HALP-lite,tierA,same_constraint_linear_or_cached,source_calibration,False,C=10.0,passed,,0.5,20260507,0.6221750856805717,0.5650529303625972,0.6759477267843149,0.7217851694535014,0.6759270803732121,0.7695624734646705,0.37283926927965816,0.0,1.0,432,331,101,3977,39,79,11,0
qwen2.5-vl-7b,pope_to_dashb,pope,dash-b,MIND-main,tierA,50pct_hard_negatives,oracle_target_calibration,True,rho=0.008537597243936663,passed,,0.5,20260507,0.34917495884336036,0.2807014987776646,0.41692435502410474,0.4932098950076277,0.4298171630565112,0.5592551626134189,0.24147350722244587,0.0,0.9063444108761329,432,331,101,3977,39,79,11,0
qwen2.5-vl-7b,pope_to_dashb,pope,dash-b,MIND-param,tierA,50pct_hard_negatives,oracle_target_calibration,True,single_vmf,passed,,0.5,20260507,0.5817870757385099,0.48492482375327817,0.6809570686249752,0.8424815291196793,0.8051479214283653,0.8819917409255569,0.5853223855907406,0.06930693069306931,0.4984894259818731,432,331,101,3977,39,79,11,0
qwen2.5-vl-7b,pope_to_dashb,pope,dash-b,logistic(z),tierA,50pct_hard_negatives,oracle_target_calibration,True,C=1.0,passed,,0.5,20260507,0.5118527099962743,0.37637696408529747,0.6390857544406652,0.5481140259041011,0.5189890011048062,0.5790779593106105,0.27806558128340303,0.0,1.0,432,331,101,3977,39,79,11,0
qwen2.5-vl-7b,pope_to_dashb,pope,dash-b,final-hidden linear probe,tierA,same_constraint_linear_or_cached,oracle_target_calibration,True,C=10.0,passed,,0.5,20260507,0.6492693705560735,0.6114889274341987,0.6834289944943515,0.6967036582812359,0.6611441794145225,0.7308100287442157,0.3376440904960061,0.0,1.0,432,331,101,3977,39,79,11,0
qwen2.5-vl-7b,pope_to_dashb,pope,dash-b,output-confidence,tierA,same_constraint_linear_or_cached,oracle_target_calibration,True,negative_top2_margin,passed,,0.5,20260507,0.27926492994433694,0.21891156654397592,0.34173303550134,0.5907540905147917,0.5290209603849456,0.6483424010180155,0.2715909195770937,0.0,0.7824773413897281,432,331,101,3977,39,79,11,0
qwen2.5-vl-7b,pope_to_dashb,pope,dash-b,HALP-lite,tierA,same_constraint_linear_or_cached,oracle_target_calibration,True,C=10.0,passed,,0.5,20260507,0.6221750856805717,0.5650529303625972,0.6759477267843149,0.7217851694535014,0.6759270803732121,0.7695624734646705,0.37283926927965816,0.0,1.0,432,331,101,3977,39,79,11,0
qwen2.5-vl-7b,pope_to_dashb,pope,dash-b,MIND-main,tierA,50pct_hard_negatives,source_calibration,False,rho=0.0030247845350022625,passed,,0.5,20260508,0.61377453129836,0.5838653009649841,0.6413889868772772,0.5586581316741946,0.5311119735943743,0.5851616246599949,0.25733969818386365,0.0,0.8429003021148036,432,331,101,3977,39,79,11,0
qwen2.5-vl-7b,pope_to_dashb,pope,dash-b,MIND-param,tierA,50pct_hard_negatives,source_calibration,False,single_vmf,passed,,0.5,20260508,0.5368527284413275,0.4325478548480387,0.6408742540270969,0.8000358948281535,0.7432019672301977,0.8446106932477649,0.5399287621368111,0.09900990099009901,0.6465256797583081,432,331,101,3977,39,79,11,0
qwen2.5-vl-7b,pope_to_dashb,pope,dash-b,logistic(z),tierA,50pct_hard_negatives,source_calibration,False,C=10.0,passed,,0.5,20260508,0.6244843234323433,0.6030034722222223,0.6461640211640212,0.5099009900990099,0.5,0.5250063131313132,0.24896864686468648,0.019801980198019802,1.0,432,331,101,3977,39,79,11,0
qwen2.5-vl-7b,pope_to_dashb,pope,dash-b,final-hidden linear probe,tierA,same_constraint_linear_or_cached,source_calibration,False,C=0.1,passed,,0.5,20260508,0.4644733067151937,0.3541442361160682,0.5727478628278999,0.6230444796745536,0.5749523603683014,0.6743673639654765,0.36985803922249477,0.09900990099009901,1.0,432,331,101,3977,39,79,11,0
qwen2.5-vl-7b,pope_to_dashb,pope,dash-b,output-confidence,tierA,same_constraint_linear_or_cached,source_calibration,False,negative_top2_margin,passed,,0.5,20260508,0.27926492994433694,0.21698161835810642,0.34512183895568027,0.5907540905147917,0.5327776752250714,0.6466543048000406,0.2715909195770937,0.0,0.7824773413897281,432,331,101,3977,39,79,11,0
qwen2.5-vl-7b,pope_to_dashb,pope,dash-b,HALP-lite,tierA,same_constraint_linear_or_cached,source_calibration,False,C=10.0,passed,,0.5,20260508,0.5816990352881443,0.4384265735426962,0.6729875920474523,0.5514342975083008,0.5225475433981684,0.583746562444327,0.30048870271642547,0.10891089108910891,1.0,432,331,101,3977,39,79,11,0
qwen2.5-vl-7b,pope_to_dashb,pope,dash-b,MIND-main,tierA,50pct_hard_negatives,oracle_target_calibration,True,rho=0.005889946009284857,passed,,0.5,20260508,0.4082769268153985,0.3404379798085631,0.4772088604866246,0.5825281923962788,0.5204573532273599,0.6423904258297046,0.27450270122461984,0.0,0.8821752265861027,432,331,101,3977,39,79,11,0
qwen2.5-vl-7b,pope_to_dashb,pope,dash-b,MIND-param,tierA,50pct_hard_negatives,oracle_target_calibration,True,single_vmf,passed,,0.5,20260508,0.5368527284413275,0.4325478548480387,0.6408742540270969,0.8000358948281535,0.7432019672301977,0.8446106932477649,0.5399287621368111,0.09900990099009901,0.6465256797583081,432,331,101,3977,39,79,11,0
qwen2.5-vl-7b,pope_to_dashb,pope,dash-b,logistic(z),tierA,50pct_hard_negatives,oracle_target_calibration,True,C=1.0,passed,,0.5,20260508,0.6244843234323433,0.6030034722222223,0.6461640211640212,0.5099009900990099,0.5,0.5250063131313132,0.24896864686468648,0.019801980198019802,1.0,432,331,101,3977,39,79,11,0
qwen2.5-vl-7b,pope_to_dashb,pope,dash-b,final-hidden linear probe,tierA,same_constraint_linear_or_cached,oracle_target_calibration,True,C=1.0,passed,,0.5,20260508,0.6244843234323433,0.6030034722222223,0.6461640211640213,0.5099009900990099,0.5,0.5250063131313132,0.2489686468646865,0.019801980198019802,1.0,432,331,101,3977,39,79,11,0
qwen2.5-vl-7b,pope_to_dashb,pope,dash-b,output-confidence,tierA,same_constraint_linear_or_cached,oracle_target_calibration,True,negative_top2_margin,passed,,0.5,20260508,0.27926492994433694,0.21698161835810642,0.34512183895568027,0.5907540905147917,0.5327776752250714,0.6466543048000406,0.2715909195770937,0.0,0.7824773413897281,432,331,101,3977,39,79,11,0
qwen2.5-vl-7b,pope_to_dashb,pope,dash-b,HALP-lite,tierA,same_constraint_linear_or_cached,oracle_target_calibration,True,C=10.0,passed,,0.5,20260508,0.5816990352881443,0.4384265735426962,0.6729875920474523,0.5514342975083008,0.5225475433981684,0.583746562444327,0.30048870271642547,0.10891089108910891,1.0,432,331,101,3977,39,79,11,0
qwen2.5-vl-7b,repope_to_repope,repope,repope,MIND-main,tierA,50pct_hard_negatives,source_calibration,False,rho=0.009782693911408609,passed,,0.5,20260506,0.4134461929218566,0.2982825836396479,0.5142633587828607,0.9054698539802167,0.8709014118298098,0.9376806135727149,0.08255653858737327,0.0,0.2862694300518135,1566,1544,22,3794,50,101,74,0
qwen2.5-vl-7b,repope_to_repope,repope,repope,MIND-param,tierA,50pct_hard_negatives,source_calibration,False,single_vmf,passed,,0.5,20260506,0.21956642839802942,0.07207289925803893,0.39485815093466575,0.8656088082901554,0.7582541624858986,0.9556446367848006,0.23240925838303703,0.22727272727272727,0.6955958549222798,1566,1544,22,3794,50,101,74,0
qwen2.5-vl-7b,repope_to_repope,repope,repope,logistic(z),tierA,50pct_hard_negatives,source_calibration,False,C=0.1,passed,,0.5,20260506,0.21301881894390495,0.09726264509331349,0.34929547098330394,0.8787240932642488,0.7899283676560319,0.9523481591411759,0.12269837817981505,0.0,1.0,1566,1544,22,3794,50,101,74,0
qwen2.5-vl-7b,repope_to_repope,repope,repope,final-hidden linear probe,tierA,same_constraint_linear_or_cached,source_calibration,False,C=1.0,passed,,0.5,20260506,0.27268512488941016,0.13779980277341583,0.39917321610649975,0.7505593499764485,0.6418639820115415,0.8584562827566615,0.08766239423946441,0.0,1.0,1566,1544,22,3794,50,101,74,0
qwen2.5-vl-7b,repope_to_repope,repope,repope,output-confidence,tierA,same_constraint_linear_or_cached,source_calibration,False,negative_top2_margin,passed,,0.5,20260506,0.02452202881022452,0.01465562587146938,0.0368963887891392,0.7466733396137542,0.6961283342643575,0.7980880150514561,0.028393353619342324,0.0,0.4268134715025907,1566,1544,22,3794,50,101,74,0
qwen2.5-vl-7b,repope_to_repope,repope,repope,HALP-lite,tierA,same_constraint_linear_or_cached,source_calibration,False,C=1.0,passed,,0.5,20260506,0.11806034513297903,0.031212867228220906,0.23348526712491305,0.5619406500235515,0.48397823503815796,0.658365323570442,0.01948626086557121,0.0,1.0,1566,1544,22,3794,50,101,74,0
qwen2.5-vl-7b,repope_to_repope,repope,repope,MIND-main,tierA,50pct_hard_negatives,oracle_target_calibration,True,rho=0.009782693911408609,passed,,0.5,20260506,0.4134461929218566,0.2982825836396479,0.5142633587828607,0.9054698539802167,0.8709014118298098,0.9376806135727149,0.08255653858737327,0.0,0.2862694300518135,1566,1544,22,3794,50,101,74,0
qwen2.5-vl-7b,repope_to_repope,repope,repope,MIND-param,tierA,50pct_hard_negatives,oracle_target_calibration,True,single_vmf,passed,,0.5,20260506,0.21956642839802942,0.07207289925803893,0.39485815093466575,0.8656088082901554,0.7582541624858986,0.9556446367848006,0.23240925838303703,0.22727272727272727,0.6955958549222798,1566,1544,22,3794,50,101,74,0
qwen2.5-vl-7b,repope_to_repope,repope,repope,logistic(z),tierA,50pct_hard_negatives,oracle_target_calibration,True,C=0.1,passed,,0.5,20260506,0.21301881894390495,0.09726264509331349,0.34929547098330394,0.8787240932642488,0.7899283676560319,0.9523481591411759,0.12269837817981505,0.0,1.0,1566,1544,22,3794,50,101,74,0
qwen2.5-vl-7b,repope_to_repope,repope,repope,final-hidden linear probe,tierA,same_constraint_linear_or_cached,oracle_target_calibration,True,C=1.0,passed,,0.5,20260506,0.27268512488941016,0.13779980277341583,0.39917321610649975,0.7505593499764485,0.6418639820115415,0.8584562827566615,0.08766239423946441,0.0,1.0,1566,1544,22,3794,50,101,74,0
qwen2.5-vl-7b,repope_to_repope,repope,repope,output-confidence,tierA,same_constraint_linear_or_cached,oracle_target_calibration,True,negative_top2_margin,passed,,0.5,20260506,0.02452202881022452,0.01465562587146938,0.0368963887891392,0.7466733396137542,0.6961283342643575,0.7980880150514561,0.028393353619342324,0.0,0.4268134715025907,1566,1544,22,3794,50,101,74,0
qwen2.5-vl-7b,repope_to_repope,repope,repope,HALP-lite,tierA,same_constraint_linear_or_cached,oracle_target_calibration,True,C=1.0,passed,,0.5,20260506,0.11806034513297903,0.031212867228220906,0.23348526712491305,0.5619406500235515,0.48397823503815796,0.658365323570442,0.01948626086557121,0.0,1.0,1566,1544,22,3794,50,101,74,0
qwen2.5-vl-7b,repope_to_pope,repope,pope,MIND-main,tierA,50pct_hard_negatives,source_calibration,False,rho=0.009782693911408609,passed,,0.5,20260506,0.366752906382383,0.2583308039897158,0.45864785253036144,0.8751472471190782,0.8229702293486949,0.9175320506961582,0.07096650886680336,0.0,0.43021766965428937,1587,1562,25,3794,50,101,213,0
qwen2.5-vl-7b,repope_to_pope,repope,pope,MIND-param,tierA,50pct_hard_negatives,source_calibration,False,single_vmf,passed,,0.5,20260506,0.13201926834343028,0.05993896086235197,0.2565333651202938,0.8145966709346991,0.6878978838212827,0.9182242438256566,0.15699300398677857,0.24,0.8137003841229193,1587,1562,25,3794,50,101,213,0
qwen2.5-vl-7b,repope_to_pope,repope,pope,logistic(z),tierA,50pct_hard_negatives,source_calibration,False,C=0.1,passed,,0.5,20260506,0.23655688040158485,0.11255756168401149,0.37546087861573146,0.8377848911651729,0.7403480604307577,0.9213199902683622,0.1268484681769137,0.0,1.0,1587,1562,25,3794,50,101,213,0
qwen2.5-vl-7b,repope_to_pope,repope,pope,final-hidden linear probe,tierA,same_constraint_linear_or_cached,source_calibration,False,C=1.0,passed,,0.5,20260506,0.31501536745929093,0.17769641107816367,0.4409965000584115,0.7334443021766965,0.6296667150740634,0.8343461279529992,0.08497810333963453,0.0,1.0,1587,1562,25,3794,50,101,213,0
qwen2.5-vl-7b,repope_to_pope,repope,pope,output-confidence,tierA,same_constraint_linear_or_cached,source_calibration,False,negative_top2_margin,passed,,0.5,20260506,0.026752584069221184,0.016134332514561013,0.040751662349386,0.7371318822023047,0.6783216985946763,0.7921343121172577,0.029843210471795584,0.0,0.46094750320102434,1587,1562,25,3794,50,101,213,0
qwen2.5-vl-7b,repope_to_pope,repope,pope,HALP-lite,tierA,same_constraint_linear_or_cached,source_calibration,False,C=1.0,passed,,0.5,20260506,0.20240954175569986,0.09165385729661962,0.3188225317213749,0.6279513444302177,0.5372695061992044,0.7286531886967923,0.035810074502390744,0.0,1.0,1587,1562,25,3794,50,101,213,0
qwen2.5-vl-7b,repope_to_pope,repope,pope,MIND-main,tierA,50pct_hard_negatives,oracle_target_calibration,True,rho=0.0048521703915364945,passed,,0.5,20260506,0.5213675213675214,0.5135129438038375,0.5296651055605115,0.8207426376440461,0.8087738514688386,0.8324840764331211,0.042735042735042736,0.0,0.3585147247119078,1587,1562,25,3794,50,101,213,0
qwen2.5-vl-7b,repope_to_pope,repope,pope,MIND-param,tierA,50pct_hard_negatives,oracle_target_calibration,True,single_vmf,passed,,0.5,20260506,0.13201926834343028,0.05993896086235197,0.2565333651202938,0.8145966709346991,0.6878978838212827,0.9182242438256566,0.15699300398677857,0.24,0.8137003841229193,1587,1562,25,3794,50,101,213,0
qwen2.5-vl-7b,repope_to_pope,repope,pope,logistic(z),tierA,50pct_hard_negatives,oracle_target_calibration,True,C=10.0,passed,,0.5,20260506,0.2268944791818138,0.11156316418869588,0.36070277325501743,0.6417541613316262,0.5580129537003358,0.7350342210849897,0.05009665067131986,0.0,1.0,1587,1562,25,3794,50,101,213,0
qwen2.5-vl-7b,repope_to_pope,repope,pope,final-hidden linear probe,tierA,same_constraint_linear_or_cached,oracle_target_calibration,True,C=1.0,passed,,0.5,20260506,0.31501536745929093,0.17769641107816367,0.4409965000584115,0.7334443021766965,0.6296667150740634,0.8343461279529992,0.08497810333963453,0.0,1.0,1587,1562,25,3794,50,101,213,0
qwen2.5-vl-7b,repope_to_pope,repope,pope,output-confidence,tierA,same_constraint_linear_or_cached,oracle_target_calibration,True,negative_top2_margin,passed,,0.5,20260506,0.026752584069221184,0.016134332514561013,0.040751662349386,0.7371318822023047,0.6783216985946763,0.7921343121172577,0.029843210471795584,0.0,0.46094750320102434,1587,1562,25,3794,50,101,213,0
qwen2.5-vl-7b,repope_to_pope,repope,pope,HALP-lite,tierA,same_constraint_linear_or_cached,oracle_target_calibration,True,C=1.0,passed,,0.5,20260506,0.20240954175569986,0.09165385729661962,0.3188225317213749,0.6279513444302177,0.5372695061992044,0.7286531886967923,0.035810074502390744,0.0,1.0,1587,1562,25,3794,50,101,213,0
qwen2.5-vl-7b,repope_to_dashb,repope,dash-b,MIND-main,tierA,50pct_hard_negatives,source_calibration,False,rho=0.009782693911408609,passed,,0.5,20260506,0.4223373661177835,0.356876831734199,0.4919065685591782,0.6011935030361042,0.5433815959018338,0.6620063679989985,0.2917999507680704,0.0,0.8429003021148036,432,331,101,3794,50,101,11,0
qwen2.5-vl-7b,repope_to_dashb,repope,dash-b,MIND-param,tierA,50pct_hard_negatives,source_calibration,False,single_vmf,passed,,0.5,20260506,0.490679933112395,0.39644743654172543,0.6046301559765117,0.7618677275582544,0.70696303441604,0.8149741157791965,0.4983695161936934,0.0891089108910891,0.7885196374622356,432,331,101,3794,50,101,11,0
qwen2.5-vl-7b,repope_to_dashb,repope,dash-b,logistic(z),tierA,50pct_hard_negatives,source_calibration,False,C=0.1,passed,,0.5,20260506,0.5007009879347092,0.40247435713727897,0.6093419052551288,0.7517573509616823,0.6960077282073726,0.805665865484723,0.48391544094272687,0.0891089108910891,1.0,432,331,101,3794,50,101,11,0
qwen2.5-vl-7b,repope_to_dashb,repope,dash-b,final-hidden linear probe,tierA,same_constraint_linear_or_cached,source_calibration,False,C=1.0,passed,,0.5,20260506,0.4829797900421443,0.3767368463785771,0.5901495410608816,0.5852950853997786,0.5440795928766434,0.6296068910849142,0.3152381978280958,0.0,1.0,432,331,101,3794,50,101,11,0
qwen2.5-vl-7b,repope_to_dashb,repope,dash-b,output-confidence,tierA,same_constraint_linear_or_cached,source_calibration,False,negative_top2_margin,passed,,0.5,20260506,0.27926492994433694,0.2191960625031078,0.3475461856947494,0.5907540905147917,0.540532174213934,0.6510813432235465,0.2715909195770937,0.0,0.7824773413897281,432,331,101,3794,50,101,11,0
qwen2.5-vl-7b,repope_to_dashb,repope,dash-b,HALP-lite,tierA,same_constraint_linear_or_cached,source_calibration,False,C=1.0,passed,,0.5,20260506,0.3977525469938298,0.26848939230053365,0.5171369617364043,0.5363285573270318,0.5063534441907039,0.5694322044567544,0.26042115081073325,0.0,1.0,432,331,101,3794,50,101,11,0
qwen2.5-vl-7b,repope_to_dashb,repope,dash-b,MIND-main,tierA,50pct_hard_negatives,oracle_target_calibration,True,rho=0.008608177677649459,passed,,0.5,20260506,0.49307796155689304,0.4260558362470369,0.5540744293795021,0.6236875953456372,0.5690343660051549,0.675132781977997,0.30187515663006287,0.0,0.7583081570996979,432,331,101,3794,50,101,11,0
qwen2.5-vl-7b,repope_to_dashb,repope,dash-b,MIND-param,tierA,50pct_hard_negatives,oracle_target_calibration,True,single_vmf,passed,,0.5,20260506,0.490679933112395,0.39644743654172543,0.6046301559765117,0.7618677275582544,0.70696303441604,0.8149741157791965,0.4983695161936934,0.0891089108910891,0.7885196374622356,432,331,101,3794,50,101,11,0
qwen2.5-vl-7b,repope_to_dashb,repope,dash-b,logistic(z),tierA,50pct_hard_negatives,oracle_target_calibration,True,C=10.0,passed,,0.5,20260506,0.46834768412738714,0.3155687474684185,0.6029351348511325,0.5406209805270559,0.512949300447874,0.5737917072023159,0.27852705142309103,0.0,1.0,432,331,101,3794,50,101,11,0
qwen2.5-vl-7b,repope_to_dashb,repope,dash-b,final-hidden linear probe,tierA,same_constraint_linear_or_cached,oracle_target_calibration,True,C=1.0,passed,,0.5,20260506,0.4829797900421443,0.3767368463785771,0.5901495410608816,0.5852950853997786,0.5440795928766434,0.6296068910849142,0.3152381978280958,0.0,1.0,432,331,101,3794,50,101,11,0
qwen2.5-vl-7b,repope_to_dashb,repope,dash-b,output-confidence,tierA,same_constraint_linear_or_cached,oracle_target_calibration,True,negative_top2_margin,passed,,0.5,20260506,0.27926492994433694,0.2191960625031078,0.3475461856947494,0.5907540905147917,0.540532174213934,0.6510813432235465,0.2715909195770937,0.0,0.7824773413897281,432,331,101,3794,50,101,11,0
qwen2.5-vl-7b,repope_to_dashb,repope,dash-b,HALP-lite,tierA,same_constraint_linear_or_cached,oracle_target_calibration,True,C=10.0,passed,,0.5,20260506,0.2673414662894861,0.10760995370370374,0.5052382257727653,0.5023481200083755,0.4894890943575154,0.5186036736817987,0.23482437529467234,0.0,1.0,432,331,101,3794,50,101,11,0
qwen2.5-vl-7b,repope_to_repope,repope,repope,MIND-main,tierA,50pct_hard_negatives,source_calibration,False,rho=0.0016092239929056198,passed,,0.5,20260507,0.4284246956318808,0.33589381371561783,0.5111977379915934,0.7555640602920396,0.6593490137848411,0.8435650883626096,0.035427249049540074,0.0,0.7610103626943006,1566,1544,22,3794,50,101,74,0
qwen2.5-vl-7b,repope_to_repope,repope,repope,MIND-param,tierA,50pct_hard_negatives,source_calibration,False,single_vmf,passed,,0.5,20260507,0.10634503772023211,0.05054532192332752,0.19114805177888114,0.8402614225153084,0.7417162260525452,0.9249545592412064,0.12507199320596013,0.18181818181818182,0.6224093264248705,1566,1544,22,3794,50,101,74,0
qwen2.5-vl-7b,repope_to_repope,repope,repope,logistic(z),tierA,50pct_hard_negatives,source_calibration,False,C=0.1,passed,,0.5,20260507,0.22586958250494935,0.11177059015126455,0.36023547995587496,0.9250176636834668,0.8864311189984729,0.9579460206925585,0.1366987100767417,0.0,0.25647668393782386,1566,1544,22,3794,50,101,74,0
qwen2.5-vl-7b,repope_to_repope,repope,repope,final-hidden linear probe,tierA,same_constraint_linear_or_cached,source_calibration,False,C=0.1,passed,,0.5,20260507,0.25547516309056706,0.11649955573107175,0.4167143590472031,0.828573951954781,0.7182158297306285,0.9213326489572726,0.1537384527388902,0.2727272727272727,1.0,1566,1544,22,3794,50,101,74,0
qwen2.5-vl-7b,repope_to_repope,repope,repope,output-confidence,tierA,same_constraint_linear_or_cached,source_calibration,False,negative_top2_margin,passed,,0.5,20260507,0.02452202881022452,0.014651506196372965,0.037048643991280536,0.7466733396137542,0.6935631489306295,0.8021246085055628,0.028393353619342324,0.0,0.4268134715025907,1566,1544,22,3794,50,101,74,0
qwen2.5-vl-7b,repope_to_repope,repope,repope,HALP-lite,tierA,same_constraint_linear_or_cached,source_calibration,False,C=1.0,passed,,0.5,20260507,0.16289330082433529,0.04271841311353479,0.2912076123424342,0.596767545925577,0.5111061764283664,0.6941452896948251,0.031899454313247415,0.0,1.0,1566,1544,22,3794,50,101,74,0
qwen2.5-vl-7b,repope_to_repope,repope,repope,MIND-main,tierA,50pct_hard_negatives,oracle_target_calibration,True,rho=0.0016092239929056198,passed,,0.5,20260507,0.4284246956318808,0.33589381371561783,0.5111977379915934,0.7555640602920396,0.6593490137848411,0.8435650883626096,0.035427249049540074,0.0,0.7610103626943006,1566,1544,22,3794,50,101,74,0
qwen2.5-vl-7b,repope_to_repope,repope,repope,MIND-param,tierA,50pct_hard_negatives,oracle_target_calibration,True,single_vmf,passed,,0.5,20260507,0.10634503772023211,0.05054532192332752,0.19114805177888114,0.8402614225153084,0.7417162260525452,0.9249545592412064,0.12507199320596013,0.18181818181818182,0.6224093264248705,1566,1544,22,3794,50,101,74,0
qwen2.5-vl-7b,repope_to_repope,repope,repope,logistic(z),tierA,50pct_hard_negatives,oracle_target_calibration,True,C=0.1,passed,,0.5,20260507,0.22586958250494935,0.11177059015126455,0.36023547995587496,0.9250176636834668,0.8864311189984729,0.9579460206925585,0.1366987100767417,0.0,0.25647668393782386,1566,1544,22,3794,50,101,74,0
qwen2.5-vl-7b,repope_to_repope,repope,repope,final-hidden linear probe,tierA,same_constraint_linear_or_cached,oracle_target_calibration,True,C=0.1,passed,,0.5,20260507,0.25547516309056706,0.11649955573107175,0.4167143590472031,0.828573951954781,0.7182158297306285,0.9213326489572726,0.1537384527388902,0.2727272727272727,1.0,1566,1544,22,3794,50,101,74,0
qwen2.5-vl-7b,repope_to_repope,repope,repope,output-confidence,tierA,same_constraint_linear_or_cached,oracle_target_calibration,True,negative_top2_margin,passed,,0.5,20260507,0.02452202881022452,0.014651506196372965,0.037048643991280536,0.7466733396137542,0.6935631489306295,0.8021246085055628,0.028393353619342324,0.0,0.4268134715025907,1566,1544,22,3794,50,101,74,0
qwen2.5-vl-7b,repope_to_repope,repope,repope,HALP-lite,tierA,same_constraint_linear_or_cached,oracle_target_calibration,True,C=1.0,passed,,0.5,20260507,0.16289330082433529,0.04271841311353479,0.2912076123424342,0.596767545925577,0.5111061764283664,0.6941452896948251,0.031899454313247415,0.0,1.0,1566,1544,22,3794,50,101,74,0
qwen2.5-vl-7b,repope_to_pope,repope,pope,MIND-main,tierA,50pct_hard_negatives,source_calibration,False,rho=0.0016092239929056198,passed,,0.5,20260507,0.48388263357058425,0.42050034365837136,0.5275351898468639,0.8158386683738796,0.7570020849323293,0.8576478289095826,0.045514096018114195,0.0,0.558898847631242,1587,1562,25,3794,50,101,213,0
qwen2.5-vl-7b,repope_to_pope,repope,pope,MIND-param,tierA,50pct_hard_negatives,source_calibration,False,single_vmf,passed,,0.5,20260507,0.08667158637057054,0.0381275267191907,0.16015625795666313,0.794033290653009,0.6838611640365089,0.8940236229819563,0.09784363674506115,0.08,0.8002560819462228,1587,1562,25,3794,50,101,213,0
qwen2.5-vl-7b,repope_to_pope,repope,pope,logistic(z),tierA,50pct_hard_negatives,source_calibration,False,C=0.1,passed,,0.5,20260507,0.213988120163967,0.10089805970066931,0.3386394366452177,0.8889628681177977,0.8306789841352509,0.9394459394678139,0.1165153765024448,0.0,0.4327784891165173,1587,1562,25,3794,50,101,213,0
qwen2.5-vl-7b,repope_to_pope,repope,pope,final-hidden linear probe,tierA,same_constraint_linear_or_cached,source_calibration,False,C=0.1,passed,,0.5,20260507,0.24959367023662019,0.11554109322543164,0.4094298707973205,0.8403072983354672,0.7502209055503851,0.9271433141394753,0.16042325149530018,0.24,1.0,1587,1562,25,3794,50,101,213,0
qwen2.5-vl-7b,repope_to_pope,repope,pope,output-confidence,tierA,same_constraint_linear_or_cached,source_calibration,False,negative_top2_margin,passed,,0.5,20260507,0.026752584069221184,0.016052171024705984,0.03921345585842658,0.7371318822023047,0.6781222791293214,0.7893797825080818,0.029843210471795584,0.0,0.46094750320102434,1587,1562,25,3794,50,101,213,0
qwen2.5-vl-7b,repope_to_pope,repope,pope,HALP-lite,tierA,same_constraint_linear_or_cached,source_calibration,False,C=1.0,passed,,0.5,20260507,0.19991846945703587,0.07252603382782896,0.31725643813091037,0.621562099871959,0.5291538205570928,0.7116533546325878,0.043473302550435404,0.0,1.0,1587,1562,25,3794,50,101,213,0
qwen2.5-vl-7b,repope_to_pope,repope,pope,MIND-main,tierA,50pct_hard_negatives,oracle_target_calibration,True,rho=0.0016260026192831557,passed,,0.5,20260507,0.48406322141871844,0.4206490938278911,0.5276728664883804,0.8177848911651728,0.7605759189640767,0.8589273989867999,0.04583490613541968,0.0,0.5403329065300896,1587,1562,25,3794,50,101,213,0
qwen2.5-vl-7b,repope_to_pope,repope,pope,MIND-param,tierA,50pct_hard_negatives,oracle_target_calibration,True,single_vmf,passed,,0.5,20260507,0.08667158637057054,0.0381275267191907,0.16015625795666313,0.794033290653009,0.6838611640365089,0.8940236229819563,0.09784363674506115,0.08,0.8002560819462228,1587,1562,25,3794,50,101,213,0
qwen2.5-vl-7b,repope_to_pope,repope,pope,logistic(z),tierA,50pct_hard_negatives,oracle_target_calibration,True,C=0.1,passed,,0.5,20260507,0.213988120163967,0.10089805970066931,0.3386394366452177,0.8889628681177977,0.8306789841352509,0.9394459394678139,0.1165153765024448,0.0,0.4327784891165173,1587,1562,25,3794,50,101,213,0
qwen2.5-vl-7b,repope_to_pope,repope,pope,final-hidden linear probe,tierA,same_constraint_linear_or_cached,oracle_target_calibration,True,C=0.1,passed,,0.5,20260507,0.24959367023662019,0.11554109322543164,0.4094298707973205,0.8403072983354672,0.7502209055503851,0.9271433141394753,0.16042325149530018,0.24,1.0,1587,1562,25,3794,50,101,213,0
qwen2.5-vl-7b,repope_to_pope,repope,pope,output-confidence,tierA,same_constraint_linear_or_cached,oracle_target_calibration,True,negative_top2_margin,passed,,0.5,20260507,0.026752584069221184,0.016052171024705984,0.03921345585842658,0.7371318822023047,0.6781222791293214,0.7893797825080818,0.029843210471795584,0.0,0.46094750320102434,1587,1562,25,3794,50,101,213,0
qwen2.5-vl-7b,repope_to_pope,repope,pope,HALP-lite,tierA,same_constraint_linear_or_cached,oracle_target_calibration,True,C=10.0,passed,,0.5,20260507,0.20866926353724327,0.09205792518023119,0.3281773697047985,0.6329961587708066,0.5414054751594012,0.7319291819291819,0.038843903418572606,0.0,1.0,1587,1562,25,3794,50,101,213,0
qwen2.5-vl-7b,repope_to_dashb,repope,dash-b,MIND-main,tierA,50pct_hard_negatives,source_calibration,False,rho=0.0016092239929056198,passed,,0.5,20260507,0.614452410920808,0.5816189953632763,0.6440943599427953,0.5768448446053064,0.5458357684583635,0.6076378012048193,0.26593608402295255,0.0,0.7945619335347432,432,331,101,3794,50,101,11,0
qwen2.5-vl-7b,repope_to_dashb,repope,dash-b,MIND-param,tierA,50pct_hard_negatives,source_calibration,False,single_vmf,passed,,0.5,20260507,0.44261461727041784,0.34881899211582584,0.5417836508356383,0.7032993329544435,0.642436527231897,0.7573524279283387,0.44713221063757813,0.039603960396039604,0.7794561933534743,432,331,101,3794,50,101,11,0
qwen2.5-vl-7b,repope_to_dashb,repope,dash-b,logistic(z),tierA,50pct_hard_negatives,source_calibration,False,C=0.1,passed,,0.5,20260507,0.45698444582424735,0.3636890880583681,0.5496737378023083,0.7075169752624809,0.6504509755042052,0.7616229484596012,0.43760622958224005,0.0,0.7673716012084593,432,331,101,3794,50,101,11,0
qwen2.5-vl-7b,repope_to_dashb,repope,dash-b,final-hidden linear probe,tierA,same_constraint_linear_or_cached,source_calibration,False,C=0.1,passed,,0.5,20260507,0.4388558333902306,0.33729377818946077,0.535788650918003,0.6139810355657923,0.5622503590956689,0.6624234396698663,0.35963163210578014,0.07920792079207921,1.0,432,331,101,3794,50,101,11,0
qwen2.5-vl-7b,repope_to_dashb,repope,dash-b,output-confidence,tierA,same_constraint_linear_or_cached,source_calibration,False,negative_top2_margin,passed,,0.5,20260507,0.27926492994433694,0.21891156654397592,0.34173303550134,0.5907540905147917,0.5290209603849456,0.6483424010180155,0.2715909195770937,0.0,0.7824773413897281,432,331,101,3794,50,101,11,0
qwen2.5-vl-7b,repope_to_dashb,repope,dash-b,HALP-lite,tierA,same_constraint_linear_or_cached,source_calibration,False,C=1.0,passed,,0.5,20260507,0.6168981481481481,0.5972222222222222,0.6365740740740741,0.5,0.5,0.5,0.2337962962962963,0.0,1.0,432,331,101,3794,50,101,11,0
qwen2.5-vl-7b,repope_to_dashb,repope,dash-b,MIND-main,tierA,50pct_hard_negatives,oracle_target_calibration,True,rho=0.002530696299537073,passed,,0.5,20260507,0.4076132792080839,0.33650490436719627,0.4735382236656947,0.5290299422691513,0.4637041714067836,0.592358497755514,0.26025280628225034,0.0,0.9697885196374623,432,331,101,3794,50,101,11,0
qwen2.5-vl-7b,repope_to_dashb,repope,dash-b,MIND-param,tierA,50pct_hard_negatives,oracle_target_calibration,True,single_vmf,passed,,0.5,20260507,0.44261461727041784,0.34881899211582584,0.5417836508356383,0.7032993329544435,0.642436527231897,0.7573524279283387,0.44713221063757813,0.039603960396039604,0.7794561933534743,432,331,101,3794,50,101,11,0
qwen2.5-vl-7b,repope_to_dashb,repope,dash-b,logistic(z),tierA,50pct_hard_negatives,oracle_target_calibration,True,C=1.0,passed,,0.5,20260507,0.4480659537564193,0.32462970841907735,0.5541040382791337,0.5669288983278993,0.5279999624063466,0.6060283263103441,0.29503676558132,0.0,1.0,432,331,101,3794,50,101,11,0
qwen2.5-vl-7b,repope_to_dashb,repope,dash-b,final-hidden linear probe,tierA,same_constraint_linear_or_cached,oracle_target_calibration,True,C=1.0,passed,,0.5,20260507,0.6358635863586358,0.6119303995006243,0.658136931252887,0.5247524752475248,0.5056179775280899,0.5471747765640517,0.27172717271727176,0.04950495049504951,1.0,432,331,101,3794,50,101,11,0
qwen2.5-vl-7b,repope_to_dashb,repope,dash-b,output-confidence,tierA,same_constraint_linear_or_cached,oracle_target_calibration,True,negative_top2_margin,passed,,0.5,20260507,0.27926492994433694,0.21891156654397592,0.34173303550134,0.5907540905147917,0.5290209603849456,0.6483424010180155,0.2715909195770937,0.0,0.7824773413897281,432,331,101,3794,50,101,11,0
qwen2.5-vl-7b,repope_to_dashb,repope,dash-b,HALP-lite,tierA,same_constraint_linear_or_cached,oracle_target_calibration,True,C=10.0,passed,,0.5,20260507,0.6358635863586358,0.6119303995006242,0.659488745210728,0.5247524752475248,0.5054318917668825,0.55,0.2717271727172717,0.04950495049504951,1.0,432,331,101,3794,50,101,11,0
qwen2.5-vl-7b,repope_to_repope,repope,repope,MIND-main,tierA,50pct_hard_negatives,source_calibration,False,rho=0.008223312693649879,passed,,0.5,20260508,0.35411508517006474,0.24114981766205607,0.45262933027015534,0.849873410268488,0.7893404441142143,0.9019850391567805,0.05535066340299709,0.0,0.4721502590673575,1566,1544,22,3794,50,101,74,0
qwen2.5-vl-7b,repope_to_repope,repope,repope,MIND-param,tierA,50pct_hard_negatives,source_calibration,False,single_vmf,passed,,0.5,20260508,0.13623052570036434,0.06555923921773349,0.2638646206880702,0.8691709844559585,0.7668003413254246,0.9607327000175856,0.16552315495688227,0.13636363636363635,0.689119170984456,1566,1544,22,3794,50,101,74,0
qwen2.5-vl-7b,repope_to_repope,repope,repope,logistic(z),tierA,50pct_hard_negatives,source_calibration,False,C=0.1,passed,,0.5,20260508,0.2389314037115802,0.1193416683621483,0.3731612578644598,0.8582783796514366,0.7564537561015865,0.945088743512756,0.13002114081546692,0.0,0.6515544041450777,1566,1544,22,3794,50,101,74,0
qwen2.5-vl-7b,repope_to_repope,repope,repope,final-hidden linear probe,tierA,same_constraint_linear_or_cached,source_calibration,False,C=1.0,passed,,0.5,20260508,0.10534833043175645,0.019710177023017316,0.21126512673107284,0.5792804992934527,0.5103235132915022,0.6706431217407964,0.026947361324739696,0.0,1.0,1566,1544,22,3794,50,101,74,0
qwen2.5-vl-7b,repope_to_repope,repope,repope,output-confidence,tierA,same_constraint_linear_or_cached,source_calibration,False,negative_top2_margin,passed,,0.5,20260508,0.02452202881022452,0.0147325202702111,0.036961678926884727,0.7466733396137542,0.6961225549888033,0.7951794923732872,0.028393353619342324,0.0,0.4268134715025907,1566,1544,22,3794,50,101,74,0
qwen2.5-vl-7b,repope_to_repope,repope,repope,HALP-lite,tierA,same_constraint_linear_or_cached,source_calibration,False,C=1.0,passed,,0.5,20260508,0.5256410256410257,0.5157613098710221,0.5365241924033592,0.868199481865285,0.8571866069757285,0.8790651481158633,0.05128205128205128,0.0,0.26360103626943004,1566,1544,22,3794,50,101,74,0
qwen2.5-vl-7b,repope_to_repope,repope,repope,MIND-main,tierA,50pct_hard_negatives,oracle_target_calibration,True,rho=0.008223312693649879,passed,,0.5,20260508,0.35411508517006474,0.24114981766205607,0.45262933027015534,0.849873410268488,0.7893404441142143,0.9019850391567805,0.05535066340299709,0.0,0.4721502590673575,1566,1544,22,3794,50,101,74,0
qwen2.5-vl-7b,repope_to_repope,repope,repope,MIND-param,tierA,50pct_hard_negatives,oracle_target_calibration,True,single_vmf,passed,,0.5,20260508,0.13623052570036434,0.06555923921773349,0.2638646206880702,0.8691709844559585,0.7668003413254246,0.9607327000175856,0.16552315495688227,0.13636363636363635,0.689119170984456,1566,1544,22,3794,50,101,74,0
qwen2.5-vl-7b,repope_to_repope,repope,repope,logistic(z),tierA,50pct_hard_negatives,oracle_target_calibration,True,C=0.1,passed,,0.5,20260508,0.2389314037115802,0.1193416683621483,0.3731612578644598,0.8582783796514366,0.7564537561015865,0.945088743512756,0.13002114081546692,0.0,0.6515544041450777,1566,1544,22,3794,50,101,74,0
qwen2.5-vl-7b,repope_to_repope,repope,repope,final-hidden linear probe,tierA,same_constraint_linear_or_cached,oracle_target_calibration,True,C=1.0,passed,,0.5,20260508,0.10534833043175645,0.019710177023017316,0.21126512673107284,0.5792804992934527,0.5103235132915022,0.6706431217407964,0.026947361324739696,0.0,1.0,1566,1544,22,3794,50,101,74,0
qwen2.5-vl-7b,repope_to_repope,repope,repope,output-confidence,tierA,same_constraint_linear_or_cached,oracle_target_calibration,True,negative_top2_margin,passed,,0.5,20260508,0.02452202881022452,0.0147325202702111,0.036961678926884727,0.7466733396137542,0.6961225549888033,0.7951794923732872,0.028393353619342324,0.0,0.4268134715025907,1566,1544,22,3794,50,101,74,0
qwen2.5-vl-7b,repope_to_repope,repope,repope,HALP-lite,tierA,same_constraint_linear_or_cached,oracle_target_calibration,True,C=1.0,passed,,0.5,20260508,0.5256410256410257,0.5157613098710221,0.5365241924033592,0.868199481865285,0.8571866069757285,0.8790651481158633,0.05128205128205128,0.0,0.26360103626943004,1566,1544,22,3794,50,101,74,0
qwen2.5-vl-7b,repope_to_pope,repope,pope,MIND-main,tierA,50pct_hard_negatives,source_calibration,False,rho=0.008223312693649879,passed,,0.5,20260508,0.3171389053826972,0.21755690068548378,0.4217101800644158,0.8436107554417414,0.7979238670104319,0.8898800830243477,0.05235785742430592,0.0,0.4148527528809219,1587,1562,25,3794,50,101,213,0
qwen2.5-vl-7b,repope_to_pope,repope,pope,MIND-param,tierA,50pct_hard_negatives,source_calibration,False,single_vmf,passed,,0.5,20260508,0.12621651124763858,0.06267101376561687,0.24512691921336882,0.8999999999999999,0.84868305962978,0.9465340791671774,0.1498784621704513,0.16,0.4046094750320102,1587,1562,25,3794,50,101,213,0
qwen2.5-vl-7b,repope_to_pope,repope,pope,logistic(z),tierA,50pct_hard_negatives,source_calibration,False,C=0.1,passed,,0.5,20260508,0.22716515038860446,0.11550498161075134,0.3615600463822235,0.8671702944942381,0.8011633975142192,0.9261211852056923,0.11066796696027287,0.0,0.4206145966709347,1587,1562,25,3794,50,101,213,0
qwen2.5-vl-7b,repope_to_pope,repope,pope,final-hidden linear probe,tierA,same_constraint_linear_or_cached,source_calibration,False,C=1.0,passed,,0.5,20260508,0.11090465387388526,0.027270524495603254,0.2071278659767537,0.6050960307298335,0.5217883998154768,0.6981720155136193,0.033456680110221515,0.0,1.0,1587,1562,25,3794,50,101,213,0
qwen2.5-vl-7b,repope_to_pope,repope,pope,output-confidence,tierA,same_constraint_linear_or_cached,source_calibration,False,negative_top2_margin,passed,,0.5,20260508,0.026752584069221184,0.015723578439505916,0.04009286038262774,0.7371318822023047,0.6854008357660716,0.7871798287783787,0.029843210471795584,0.0,0.46094750320102434,1587,1562,25,3794,50,101,213,0
qwen2.5-vl-7b,repope_to_pope,repope,pope,HALP-lite,tierA,same_constraint_linear_or_cached,source_calibration,False,C=1.0,passed,,0.5,20260508,0.48461884964581387,0.4229778873039514,0.5280724120346763,0.8138924455825863,0.7513386156932262,0.8581098706688179,0.04552802187227289,0.0,1.0,1587,1562,25,3794,50,101,213,0
qwen2.5-vl-7b,repope_to_pope,repope,pope,MIND-main,tierA,50pct_hard_negatives,oracle_target_calibration,True,rho=0.004566274375348599,passed,,0.5,20260508,0.4592115891373663,0.3900092050984936,0.519673748921484,0.7731754161331625,0.7314067557817557,0.8103448275862069,0.03463007482645671,0.0,0.532010243277849,1587,1562,25,3794,50,101,213,0
qwen2.5-vl-7b,repope_to_pope,repope,pope,MIND-param,tierA,50pct_hard_negatives,oracle_target_calibration,True,single_vmf,passed,,0.5,20260508,0.12621651124763858,0.06267101376561687,0.24512691921336882,0.8999999999999999,0.84868305962978,0.9465340791671774,0.1498784621704513,0.16,0.4046094750320102,1587,1562,25,3794,50,101,213,0
qwen2.5-vl-7b,repope_to_pope,repope,pope,logistic(z),tierA,50pct_hard_negatives,oracle_target_calibration,True,C=0.1,passed,,0.5,20260508,0.22716515038860446,0.11550498161075134,0.3615600463822235,0.8671702944942381,0.8011633975142192,0.9261211852056923,0.11066796696027287,0.0,0.4206145966709347,1587,1562,25,3794,50,101,213,0
qwen2.5-vl-7b,repope_to_pope,repope,pope,final-hidden linear probe,tierA,same_constraint_linear_or_cached,oracle_target_calibration,True,C=1.0,passed,,0.5,20260508,0.11090465387388526,0.027270524495603254,0.2071278659767537,0.6050960307298335,0.5217883998154768,0.6981720155136193,0.033456680110221515,0.0,1.0,1587,1562,25,3794,50,101,213,0
qwen2.5-vl-7b,repope_to_pope,repope,pope,output-confidence,tierA,same_constraint_linear_or_cached,oracle_target_calibration,True,negative_top2_margin,passed,,0.5,20260508,0.026752584069221184,0.015723578439505916,0.04009286038262774,0.7371318822023047,0.6854008357660716,0.7871798287783787,0.029843210471795584,0.0,0.46094750320102434,1587,1562,25,3794,50,101,213,0
qwen2.5-vl-7b,repope_to_pope,repope,pope,HALP-lite,tierA,same_constraint_linear_or_cached,oracle_target_calibration,True,C=1.0,passed,,0.5,20260508,0.48461884964581387,0.4229778873039514,0.5280724120346763,0.8138924455825863,0.7513386156932262,0.8581098706688179,0.04552802187227289,0.0,1.0,1587,1562,25,3794,50,101,213,0
qwen2.5-vl-7b,repope_to_dashb,repope,dash-b,MIND-main,tierA,50pct_hard_negatives,source_calibration,False,rho=0.008223312693649879,passed,,0.5,20260508,0.44121153519784284,0.37674344833583523,0.5042541044740242,0.5863569740659866,0.5316896441896443,0.6399926955726385,0.27642337405847617,0.0,0.7552870090634441,432,331,101,3794,50,101,11,0
qwen2.5-vl-7b,repope_to_dashb,repope,dash-b,MIND-param,tierA,50pct_hard_negatives,source_calibration,False,single_vmf,passed,,0.5,20260508,0.5115285080365749,0.40669628516634526,0.6084569670947211,0.7593850019443033,0.7041310385215376,0.8091324552477326,0.5152270456912549,0.0594059405940594,0.7190332326283988,432,331,101,3794,50,101,11,0
qwen2.5-vl-7b,repope_to_dashb,repope,dash-b,logistic(z),tierA,50pct_hard_negatives,source_calibration,False,C=0.1,passed,,0.5,20260508,0.5223846155625343,0.4184671835868543,0.6254899644739964,0.7778708384433609,0.7226028992592455,0.8240944297746566,0.5165005730867042,0.0594059405940594,0.6827794561933535,432,331,101,3794,50,101,11,0
qwen2.5-vl-7b,repope_to_dashb,repope,dash-b,final-hidden linear probe,tierA,same_constraint_linear_or_cached,source_calibration,False,C=1.0,passed,,0.5,20260508,0.5267899706637331,0.28734364081062197,0.6499085745409274,0.5182614938230984,0.5018979975125645,0.5388366411424663,0.2563852218555189,0.039603960396039604,1.0,432,331,101,3794,50,101,11,0
qwen2.5-vl-7b,repope_to_dashb,repope,dash-b,output-confidence,tierA,same_constraint_linear_or_cached,source_calibration,False,negative_top2_margin,passed,,0.5,20260508,0.27926492994433694,0.21698161835810642,0.34512183895568027,0.5907540905147917,0.5327776752250714,0.6466543048000406,0.2715909195770937,0.0,0.7824773413897281,432,331,101,3794,50,101,11,0
qwen2.5-vl-7b,repope_to_dashb,repope,dash-b,HALP-lite,tierA,same_constraint_linear_or_cached,source_calibration,False,C=1.0,passed,,0.5,20260508,0.5477590891317271,0.49128749914991215,0.59537806200925,0.599159462774072,0.5470478167218523,0.6468931477671989,0.2778018533317463,0.0,1.0,432,331,101,3794,50,101,11,0
qwen2.5-vl-7b,repope_to_dashb,repope,dash-b,MIND-main,tierA,50pct_hard_negatives,oracle_target_calibration,True,rho=0.007515592538428281,passed,,0.5,20260508,0.4839388595884305,0.42402548757791786,0.5411183789964763,0.5914869432562591,0.5387837938205585,0.64166127854647,0.277356388226456,0.0,0.7280966767371602,432,331,101,3794,50,101,11,0
qwen2.5-vl-7b,repope_to_dashb,repope,dash-b,MIND-param,tierA,50pct_hard_negatives,oracle_target_calibration,True,single_vmf,passed,,0.5,20260508,0.5115285080365749,0.40669628516634526,0.6084569670947211,0.7593850019443033,0.7041310385215376,0.8091324552477326,0.5152270456912549,0.0594059405940594,0.7190332326283988,432,331,101,3794,50,101,11,0
qwen2.5-vl-7b,repope_to_dashb,repope,dash-b,logistic(z),tierA,50pct_hard_negatives,oracle_target_calibration,True,C=10.0,passed,,0.5,20260508,0.48057618261826185,0.311859170751634,0.6157607727920228,0.5335616643235321,0.5081832039195179,0.5593745310999131,0.26808305830583057,0.0,1.0,432,331,101,3794,50,101,11,0
qwen2.5-vl-7b,repope_to_dashb,repope,dash-b,final-hidden linear probe,tierA,same_constraint_linear_or_cached,oracle_target_calibration,True,C=1.0,passed,,0.5,20260508,0.5267899706637331,0.28734364081062197,0.6499085745409274,0.5182614938230984,0.5018979975125645,0.5388366411424663,0.2563852218555189,0.039603960396039604,1.0,432,331,101,3794,50,101,11,0
qwen2.5-vl-7b,repope_to_dashb,repope,dash-b,output-confidence,tierA,same_constraint_linear_or_cached,oracle_target_calibration,True,negative_top2_margin,passed,,0.5,20260508,0.27926492994433694,0.21698161835810642,0.34512183895568027,0.5907540905147917,0.5327776752250714,0.6466543048000406,0.2715909195770937,0.0,0.7824773413897281,432,331,101,3794,50,101,11,0
qwen2.5-vl-7b,repope_to_dashb,repope,dash-b,HALP-lite,tierA,same_constraint_linear_or_cached,oracle_target_calibration,True,C=10.0,passed,,0.5,20260508,0.6168981481481481,0.5972222222222222,0.6366030092592593,0.5,0.5,0.5,0.2337962962962963,0.0,1.0,432,331,101,3794,50,101,11,0
