model_alias,model_name,dataset_family,encoder_family,objective,readout,support_family,eval_split,metric_split,eval_scope,negative_budget_ratio,negative_budget_seed,selected_k,selected_K,metric_status,failure_reason,pr_auc,pr_auc_ci_low,pr_auc_ci_high,roc_auc,roc_auc_ci_low,roc_auc_ci_high,average_precision,tpr_at_1pct_fpr,fpr_at_95pct_tpr,num_test,num_test_correct,num_test_hard_hallucination,num_bank_correct,training_dataset_family,num_encoder_train_correct,num_encoder_train_hard_hallucination_available,num_encoder_train_hard_hallucination_used,num_encoder_train,num_encoder_train_hallucination,num_excluded_false_negative,num_excluded_parsed_none
llava-onevision-qwen2-7b-ov-hf,llava-onevision-qwen2-7b-ov-hf,repope,Sphere-Traj-LSTM,proxy_anchor,Diag-Classifier,classifier_control,test,test,pooled,0.5,20260506,,,passed,,0.4060671261529088,0.2691270405915876,0.5500582562654216,0.6843267380470716,0.5750645960489406,0.7941096710573097,0.41136494392350315,0.36538461538461536,0.9756254008980115,1611,1559,52,1545,repope,3833,138,69,3902,69,29,0
llava-onevision-qwen2-7b-ov-hf,llava-onevision-qwen2-7b-ov-hf,repope,Sphere-Traj-LSTM,proxy_anchor,Diag-kNN-selected,nonparametric_knn,test,test,pooled,0.5,20260506,16,,passed,,0.477473522872787,0.3494191694911393,0.6062303716432047,0.9501282873636947,0.9358034283542593,0.9645963067398033,0.4839225982249443,0.36538461538461536,0.12508017960230916,1611,1559,52,1545,repope,3833,138,69,3902,69,29,0
llava-onevision-qwen2-7b-ov-hf,llava-onevision-qwen2-7b-ov-hf,repope,Sphere-Traj-LSTM,proxy_anchor,Diag-vMF-selected,single_vmf,test,test,pooled,0.5,20260506,1,1,passed,,0.5148725911096345,0.384692054632682,0.6435318231470075,0.9616741500962156,0.9485025191449552,0.9740012853169031,0.5219204729884471,0.36538461538461536,0.12957023733162285,1611,1559,52,1545,repope,3833,138,69,3902,69,29,0
llava-onevision-qwen2-7b-ov-hf,llava-onevision-qwen2-7b-ov-hf,pope,Sphere-Traj-LSTM,proxy_anchor,Diag-Classifier,classifier_control,test,test,pooled,0.5,20260506,,,passed,,0.15217763582931249,0.07656760437397783,0.244042084816921,0.5874314713722021,0.47655154351810036,0.6913291507550953,0.13567196221638464,0.11320754716981132,0.9907464528069093,1674,1621,53,1653,repope,3833,138,69,3902,69,126,0
llava-onevision-qwen2-7b-ov-hf,llava-onevision-qwen2-7b-ov-hf,pope,Sphere-Traj-LSTM,proxy_anchor,Diag-kNN-selected,nonparametric_knn,test,test,pooled,0.5,20260506,16,,passed,,0.20807549476028925,0.13285184397088848,0.3064616571363092,0.9082211073993458,0.887830163617171,0.9279175545841554,0.2161046834886038,0.1509433962264151,0.23750771128932757,1674,1621,53,1653,repope,3833,138,69,3902,69,126,0
llava-onevision-qwen2-7b-ov-hf,llava-onevision-qwen2-7b-ov-hf,pope,Sphere-Traj-LSTM,proxy_anchor,Diag-vMF-selected,single_vmf,test,test,pooled,0.5,20260506,1,1,passed,,0.20593504375563712,0.12885453311832887,0.30461298231359607,0.8666790823274708,0.8129329563961023,0.9151305222558982,0.21385086358589925,0.11320754716981132,0.7495373226403454,1674,1621,53,1653,repope,3833,138,69,3902,69,126,0
llava-onevision-qwen2-7b-ov-hf,llava-onevision-qwen2-7b-ov-hf,dash-b,Sphere-Traj-LSTM,proxy_anchor,Diag-Classifier,classifier_control,test,test,pooled,0.5,20260506,,,passed,,0.6926321752752418,0.6267330760893766,0.7521061525235474,0.7009350771065861,0.6529538534283272,0.7517674731182795,0.6871053514050549,0.0,0.9173553719008265,436,242,194,326,repope,3833,138,69,3902,69,7,0
llava-onevision-qwen2-7b-ov-hf,llava-onevision-qwen2-7b-ov-hf,dash-b,Sphere-Traj-LSTM,proxy_anchor,Diag-kNN-selected,nonparametric_knn,test,test,pooled,0.5,20260506,16,,passed,,0.699238675209458,0.6332804066473906,0.7581847884905182,0.7299991479935248,0.684039880970148,0.7727634166344525,0.7004612484464192,0.08247422680412371,0.8140495867768595,436,242,194,326,repope,3833,138,69,3902,69,7,0
llava-onevision-qwen2-7b-ov-hf,llava-onevision-qwen2-7b-ov-hf,dash-b,Sphere-Traj-LSTM,proxy_anchor,Diag-vMF-selected,single_vmf,test,test,pooled,0.5,20260506,1,1,passed,,0.660863140566128,0.5912467006239052,0.7209968326670053,0.646587714066627,0.5914783910997004,0.6984996781665992,0.6621088659152456,0.08247422680412371,0.9380165289256198,436,242,194,326,repope,3833,138,69,3902,69,7,0
llava-onevision-qwen2-7b-ov-hf,llava-onevision-qwen2-7b-ov-hf,repope,Sphere-Traj-LSTM,proxy_anchor,Diag-Classifier,classifier_control,test,test,pooled,0.5,20260507,,,passed,,0.3057385948684225,0.18895772757631155,0.438852652327815,0.7728080130261015,0.6732072217129905,0.8579810843547532,0.29986957030891115,0.21153846153846154,0.9057087876844131,1611,1559,52,1545,repope,3833,138,69,3902,69,29,0
llava-onevision-qwen2-7b-ov-hf,llava-onevision-qwen2-7b-ov-hf,repope,Sphere-Traj-LSTM,proxy_anchor,Diag-kNN-selected,nonparametric_knn,test,test,pooled,0.5,20260507,32,,passed,,0.3943178984476094,0.26250267232698016,0.526160270316791,0.9568757092810973,0.9427918641165276,0.9702057707333525,0.40885379787442483,0.21153846153846154,0.14945477870429763,1611,1559,52,1545,repope,3833,138,69,3902,69,29,0
llava-onevision-qwen2-7b-ov-hf,llava-onevision-qwen2-7b-ov-hf,repope,Sphere-Traj-LSTM,proxy_anchor,Diag-vMF-selected,single_vmf,test,test,pooled,0.5,20260507,1,1,passed,,0.39930513660985417,0.2709975096263233,0.5330870290707365,0.9614644495978685,0.94938208097165,0.972055747865963,0.41362668641020434,0.21153846153846154,0.12123155869146889,1611,1559,52,1545,repope,3833,138,69,3902,69,29,0
llava-onevision-qwen2-7b-ov-hf,llava-onevision-qwen2-7b-ov-hf,pope,Sphere-Traj-LSTM,proxy_anchor,Diag-Classifier,classifier_control,test,test,pooled,0.5,20260507,,,passed,,0.16195759393330497,0.09022615141316938,0.24884425978696897,0.6930615855574825,0.5957436880801955,0.7864644697390912,0.13683632310810853,0.07547169811320754,0.959284392350401,1674,1621,53,1653,repope,3833,138,69,3902,69,126,0
llava-onevision-qwen2-7b-ov-hf,llava-onevision-qwen2-7b-ov-hf,pope,Sphere-Traj-LSTM,proxy_anchor,Diag-kNN-selected,nonparametric_knn,test,test,pooled,0.5,20260507,32,,passed,,0.18504802708351586,0.11497592892987858,0.2840617176866527,0.8960227206592716,0.869099743038599,0.922667118573605,0.19266819721612255,0.07547169811320754,0.3362122146822949,1674,1621,53,1653,repope,3833,138,69,3902,69,126,0
llava-onevision-qwen2-7b-ov-hf,llava-onevision-qwen2-7b-ov-hf,pope,Sphere-Traj-LSTM,proxy_anchor,Diag-vMF-selected,single_vmf,test,test,pooled,0.5,20260507,1,1,passed,,0.2149795866765723,0.13699490620990235,0.3147643376253336,0.9024478251254177,0.855826390954455,0.9358721556442937,0.22310962119116318,0.07547169811320754,0.6637877853177051,1674,1621,53,1653,repope,3833,138,69,3902,69,126,0
llava-onevision-qwen2-7b-ov-hf,llava-onevision-qwen2-7b-ov-hf,dash-b,Sphere-Traj-LSTM,proxy_anchor,Diag-Classifier,classifier_control,test,test,pooled,0.5,20260507,,,passed,,0.6601758998870577,0.5885658643726531,0.7269210940656678,0.6692936866320185,0.6175441847759504,0.7197971431022648,0.6624459093089683,0.0979381443298969,0.8760330578512396,436,242,194,326,repope,3833,138,69,3902,69,7,0
llava-onevision-qwen2-7b-ov-hf,llava-onevision-qwen2-7b-ov-hf,dash-b,Sphere-Traj-LSTM,proxy_anchor,Diag-kNN-selected,nonparametric_knn,test,test,pooled,0.5,20260507,32,,passed,,0.6871390026286583,0.6181627109717994,0.753905782138468,0.7430241969838971,0.6983110657301059,0.7873264499830638,0.6894356815687117,0.12886597938144329,0.7768595041322314,436,242,194,326,repope,3833,138,69,3902,69,7,0
llava-onevision-qwen2-7b-ov-hf,llava-onevision-qwen2-7b-ov-hf,dash-b,Sphere-Traj-LSTM,proxy_anchor,Diag-vMF-selected,single_vmf,test,test,pooled,0.5,20260507,1,1,passed,,0.6795904732904038,0.6111874828525151,0.7445514465032343,0.6919783590355286,0.6412096667899932,0.7411576005758319,0.6818118109406329,0.12886597938144329,0.8925619834710744,436,242,194,326,repope,3833,138,69,3902,69,7,0
llava-onevision-qwen2-7b-ov-hf,llava-onevision-qwen2-7b-ov-hf,repope,Sphere-Traj-LSTM,proxy_anchor,Diag-Classifier,classifier_control,test,test,pooled,0.5,20260508,,,passed,,0.34563301650555495,0.2178517154595297,0.48110364432646324,0.8102333843193369,0.7404769526248399,0.8732710395370101,0.353571577493693,0.15384615384615385,0.5811417575368826,1611,1559,52,1545,repope,3833,138,69,3902,69,29,0
llava-onevision-qwen2-7b-ov-hf,llava-onevision-qwen2-7b-ov-hf,repope,Sphere-Traj-LSTM,proxy_anchor,Diag-kNN-selected,nonparametric_knn,test,test,pooled,0.5,20260508,32,,passed,,0.43507344057398467,0.30543514845366926,0.5721815607082924,0.9578872058025362,0.9434429962388756,0.9716276849798063,0.4443454715359543,0.1346153846153846,0.14881334188582424,1611,1559,52,1545,repope,3833,138,69,3902,69,29,0
llava-onevision-qwen2-7b-ov-hf,llava-onevision-qwen2-7b-ov-hf,repope,Sphere-Traj-LSTM,proxy_anchor,Diag-vMF-selected,single_vmf,test,test,pooled,0.5,20260508,1,1,passed,,0.4179420968695417,0.2894748239449486,0.5449977831824045,0.9562096018157595,0.9407644539861179,0.968896570486962,0.42669796725726317,0.1346153846153846,0.14239897370109045,1611,1559,52,1545,repope,3833,138,69,3902,69,29,0
llava-onevision-qwen2-7b-ov-hf,llava-onevision-qwen2-7b-ov-hf,pope,Sphere-Traj-LSTM,proxy_anchor,Diag-Classifier,classifier_control,test,test,pooled,0.5,20260508,,,passed,,0.13823768042360854,0.07086885443844942,0.21471995335963953,0.7161081559251802,0.644034639412522,0.7800392424078384,0.11375476924287636,0.09433962264150944,0.7334978408389883,1674,1621,53,1653,repope,3833,138,69,3902,69,126,0
llava-onevision-qwen2-7b-ov-hf,llava-onevision-qwen2-7b-ov-hf,pope,Sphere-Traj-LSTM,proxy_anchor,Diag-kNN-selected,nonparametric_knn,test,test,pooled,0.5,20260508,32,,passed,,0.13965833417635315,0.09109433794416871,0.2091342478824276,0.8741750375379744,0.8436198901268549,0.9016099033142448,0.14872791258675647,0.09433962264150944,0.35595311536088836,1674,1621,53,1653,repope,3833,138,69,3902,69,126,0
llava-onevision-qwen2-7b-ov-hf,llava-onevision-qwen2-7b-ov-hf,pope,Sphere-Traj-LSTM,proxy_anchor,Diag-vMF-selected,single_vmf,test,test,pooled,0.5,20260508,1,1,passed,,0.17259105407993366,0.11585043270711698,0.2506007476773859,0.8802393118619999,0.8285352256048221,0.9212132200401548,0.18229357265733015,0.09433962264150944,0.6841455891425047,1674,1621,53,1653,repope,3833,138,69,3902,69,126,0
llava-onevision-qwen2-7b-ov-hf,llava-onevision-qwen2-7b-ov-hf,dash-b,Sphere-Traj-LSTM,proxy_anchor,Diag-Classifier,classifier_control,test,test,pooled,0.5,20260508,,,passed,,0.7324310306155803,0.658052425624672,0.7951311747878206,0.7807893839993184,0.7338971165960385,0.8228822375789212,0.7319544894083829,0.07216494845360824,0.7851239669421488,436,242,194,326,repope,3833,138,69,3902,69,7,0
llava-onevision-qwen2-7b-ov-hf,llava-onevision-qwen2-7b-ov-hf,dash-b,Sphere-Traj-LSTM,proxy_anchor,Diag-kNN-selected,nonparametric_knn,test,test,pooled,0.5,20260508,32,,passed,,0.661996020886584,0.5832313687382242,0.734807211788107,0.723715600238562,0.676305867130683,0.7706710849049188,0.6657172720085072,0.07731958762886598,0.7644628099173554,436,242,194,326,repope,3833,138,69,3902,69,7,0
llava-onevision-qwen2-7b-ov-hf,llava-onevision-qwen2-7b-ov-hf,dash-b,Sphere-Traj-LSTM,proxy_anchor,Diag-vMF-selected,single_vmf,test,test,pooled,0.5,20260508,1,1,passed,,0.6602299696976149,0.5840569531871632,0.7313896946090193,0.6882721308681945,0.6362497593644996,0.7376287260951536,0.6638353777312749,0.08762886597938144,0.8966942148760331,436,242,194,326,repope,3833,138,69,3902,69,7,0
qwen3-vl-8b,qwen3-vl-8b,repope,Sphere-Traj-LSTM,proxy_anchor,Diag-Classifier,classifier_control,test,test,pooled,0.5,20260506,,,passed,,0.5279544897891933,0.374386522038156,0.6784558486958773,0.9701063331772889,0.9535121713119835,0.9856767758625928,0.5368401193151592,0.39473684210526316,0.14612452350698857,1612,1574,38,1542,repope,3812,168,84,3896,84,28,0
qwen3-vl-8b,qwen3-vl-8b,repope,Sphere-Traj-LSTM,proxy_anchor,Diag-kNN-selected,nonparametric_knn,test,test,pooled,0.5,20260506,32,,passed,,0.44569737688913424,0.2926330709648256,0.5973556357143125,0.9510967698789541,0.9243235850591223,0.9771046437782119,0.4559415787502352,0.42105263157894735,0.3418043202033037,1612,1574,38,1542,repope,3812,168,84,3896,84,28,0
qwen3-vl-8b,qwen3-vl-8b,repope,Sphere-Traj-LSTM,proxy_anchor,Diag-vMF-selected,single_vmf,test,test,pooled,0.5,20260506,1,1,passed,,0.5442748795189642,0.3849401955778298,0.6946041528524846,0.9801043268909249,0.9708293605013659,0.9894583358848923,0.5557328159089645,0.39473684210526316,0.09021601016518424,1612,1574,38,1542,repope,3812,168,84,3896,84,28,0
qwen3-vl-8b,qwen3-vl-8b,pope,Sphere-Traj-LSTM,proxy_anchor,Diag-Classifier,classifier_control,test,test,pooled,0.5,20260506,,,passed,,0.241593957009039,0.17158214470710886,0.3349923755639513,0.935567259373792,0.9162090980763904,0.9551315624485128,0.25404460474233753,0.15384615384615385,0.17902010050251257,1644,1592,52,1609,repope,3812,168,84,3896,84,156,0
qwen3-vl-8b,qwen3-vl-8b,pope,Sphere-Traj-LSTM,proxy_anchor,Diag-kNN-selected,nonparametric_knn,test,test,pooled,0.5,20260506,32,,passed,,0.16358819560955756,0.10112752843078299,0.2619331122127901,0.871134518747584,0.8433691589488683,0.899909722720517,0.17296520553933994,0.15384615384615385,0.2757537688442211,1644,1592,52,1609,repope,3812,168,84,3896,84,156,0
qwen3-vl-8b,qwen3-vl-8b,pope,Sphere-Traj-LSTM,proxy_anchor,Diag-vMF-selected,single_vmf,test,test,pooled,0.5,20260506,1,1,passed,,0.28337410398895324,0.20113325652515995,0.3964637515184667,0.9351565519907229,0.9042856280418702,0.960707873974598,0.2953641848551563,0.15384615384615385,0.43404522613065327,1644,1592,52,1609,repope,3812,168,84,3896,84,156,0
qwen3-vl-8b,qwen3-vl-8b,dash-b,Sphere-Traj-LSTM,proxy_anchor,Diag-Classifier,classifier_control,test,test,pooled,0.5,20260506,,,passed,,0.8375560878639031,0.7701844706018514,0.8976405461848797,0.9350132625994696,0.9113358926983267,0.9572776581550279,0.8384744111769182,0.22413793103448276,0.31384615384615383,441,325,116,381,repope,3812,168,84,3896,84,2,0
qwen3-vl-8b,qwen3-vl-8b,dash-b,Sphere-Traj-LSTM,proxy_anchor,Diag-kNN-selected,nonparametric_knn,test,test,pooled,0.5,20260506,32,,passed,,0.5403320844862248,0.4508759611270822,0.6372387650537664,0.8323076923076923,0.7934796684179374,0.8653474134188991,0.5472614964809748,0.06896551724137931,0.36923076923076925,441,325,116,381,repope,3812,168,84,3896,84,2,0
qwen3-vl-8b,qwen3-vl-8b,dash-b,Sphere-Traj-LSTM,proxy_anchor,Diag-vMF-selected,single_vmf,test,test,pooled,0.5,20260506,1,1,passed,,0.6720298114040967,0.5752007386904245,0.7518182051914497,0.8624137931034482,0.8241954399087665,0.8966035675684165,0.6743733665954685,0.14655172413793102,0.39076923076923076,441,325,116,381,repope,3812,168,84,3896,84,2,0
qwen3-vl-8b,qwen3-vl-8b,repope,Sphere-Traj-LSTM,proxy_anchor,Diag-Classifier,classifier_control,test,test,pooled,0.5,20260507,,,passed,,0.3705195874999783,0.2258441200796677,0.5053111692948095,0.960793820637999,0.9456301961417458,0.9733984246568305,0.38240231929416596,0.2894736842105263,0.12770012706480305,1612,1574,38,1542,repope,3812,168,84,3896,84,28,0
qwen3-vl-8b,qwen3-vl-8b,repope,Sphere-Traj-LSTM,proxy_anchor,Diag-kNN-selected,nonparametric_knn,test,test,pooled,0.5,20260507,8,,passed,,0.14361887422876593,0.08291122116237386,0.23286892075423346,0.8826824048685882,0.8419889418536156,0.9205128758494754,0.16483876870888456,0.15789473684210525,0.30749682337992373,1612,1574,38,1542,repope,3812,168,84,3896,84,28,0
qwen3-vl-8b,qwen3-vl-8b,repope,Sphere-Traj-LSTM,proxy_anchor,Diag-vMF-selected,single_vmf,test,test,pooled,0.5,20260507,1,1,passed,,0.04087426269649359,0.01730444406743432,0.10996318016064315,0.47421922022336654,0.3825411853736258,0.5623662815503732,0.06183082219682605,0.07894736842105263,0.8310038119440915,1612,1574,38,1542,repope,3812,168,84,3896,84,28,0
qwen3-vl-8b,qwen3-vl-8b,pope,Sphere-Traj-LSTM,proxy_anchor,Diag-Classifier,classifier_control,test,test,pooled,0.5,20260507,,,passed,,0.2700696512631368,0.17674838742704213,0.38114114515651876,0.9292496134518746,0.9101768381615617,0.9461021214966284,0.275682581630996,0.11538461538461539,0.17587939698492464,1644,1592,52,1609,repope,3812,168,84,3896,84,156,0
qwen3-vl-8b,qwen3-vl-8b,pope,Sphere-Traj-LSTM,proxy_anchor,Diag-kNN-selected,nonparametric_knn,test,test,pooled,0.5,20260507,8,,passed,,0.07320146131402788,0.04767054702217848,0.10892065707509271,0.7337649787398531,0.6665537948920821,0.8044668463744569,0.07752198733031697,0.019230769230769232,0.7474874371859297,1644,1592,52,1609,repope,3812,168,84,3896,84,156,0
qwen3-vl-8b,qwen3-vl-8b,pope,Sphere-Traj-LSTM,proxy_anchor,Diag-vMF-selected,single_vmf,test,test,pooled,0.5,20260507,1,1,passed,,0.0220756959500294,0.016122126943188334,0.02885240099899345,0.3547062234248164,0.29944708444487805,0.4112719887322395,0.022860106416714456,0.0,0.8668341708542714,1644,1592,52,1609,repope,3812,168,84,3896,84,156,0
qwen3-vl-8b,qwen3-vl-8b,dash-b,Sphere-Traj-LSTM,proxy_anchor,Diag-Classifier,classifier_control,test,test,pooled,0.5,20260507,,,passed,,0.8616912317729497,0.8007612556460334,0.9145454992677776,0.9485145888594164,0.9276477199388483,0.9667021420175819,0.862465990553145,0.2413793103448276,0.23692307692307693,441,325,116,381,repope,3812,168,84,3896,84,2,0
qwen3-vl-8b,qwen3-vl-8b,dash-b,Sphere-Traj-LSTM,proxy_anchor,Diag-kNN-selected,nonparametric_knn,test,test,pooled,0.5,20260507,8,,passed,,0.3881712403459811,0.3142099606684067,0.46558709293923684,0.7160212201591512,0.6685073788142907,0.7600790715308182,0.3936688441293918,0.0,0.64,441,325,116,381,repope,3812,168,84,3896,84,2,0
qwen3-vl-8b,qwen3-vl-8b,dash-b,Sphere-Traj-LSTM,proxy_anchor,Diag-vMF-selected,single_vmf,test,test,pooled,0.5,20260507,1,1,passed,,0.18612378124219803,0.1535222969444991,0.22214108746732164,0.3168832891246684,0.2692007419985153,0.36935492057141156,0.18802866579637154,0.0,0.9723076923076923,441,325,116,381,repope,3812,168,84,3896,84,2,0
qwen3-vl-8b,qwen3-vl-8b,repope,Sphere-Traj-LSTM,proxy_anchor,Diag-Classifier,classifier_control,test,test,pooled,0.5,20260508,,,passed,,0.5599894335176948,0.3946055125300786,0.719150293285177,0.9525178893867451,0.8943763286136133,0.9866954277557928,0.557889093373928,0.5789473684210527,0.23697585768742058,1612,1574,38,1542,repope,3812,168,84,3896,84,28,0
qwen3-vl-8b,qwen3-vl-8b,repope,Sphere-Traj-LSTM,proxy_anchor,Diag-kNN-selected,nonparametric_knn,test,test,pooled,0.5,20260508,32,,passed,,0.5890827214192454,0.41960933509373444,0.7384333172281458,0.9725974720791815,0.9512300664830942,0.9871714312626952,0.5981365234571179,0.6578947368421053,0.17662007623888182,1612,1574,38,1542,repope,3812,168,84,3896,84,28,0
qwen3-vl-8b,qwen3-vl-8b,repope,Sphere-Traj-LSTM,proxy_anchor,Diag-vMF-selected,single_vmf,test,test,pooled,0.5,20260508,1,1,passed,,0.5983253469338009,0.436718270998133,0.7455741585337241,0.9657259412826857,0.9234961861215998,0.98899690069694,0.6074126586257586,0.6578947368421053,0.09783989834815757,1612,1574,38,1542,repope,3812,168,84,3896,84,28,0
qwen3-vl-8b,qwen3-vl-8b,pope,Sphere-Traj-LSTM,proxy_anchor,Diag-Classifier,classifier_control,test,test,pooled,0.5,20260508,,,passed,,0.3070730457071343,0.20597328847491267,0.4272875832812963,0.9049031213761114,0.84539350163652,0.9534887043027253,0.29570793727957595,0.28846153846153844,0.7657035175879398,1644,1592,52,1609,repope,3812,168,84,3896,84,156,0
qwen3-vl-8b,qwen3-vl-8b,pope,Sphere-Traj-LSTM,proxy_anchor,Diag-kNN-selected,nonparametric_knn,test,test,pooled,0.5,20260508,32,,passed,,0.28853814880002554,0.18811392791532586,0.4030806886760908,0.9253478933127174,0.9024767591426633,0.9468971098158778,0.29781691391874504,0.23076923076923078,0.20603015075376885,1644,1592,52,1609,repope,3812,168,84,3896,84,156,0
qwen3-vl-8b,qwen3-vl-8b,pope,Sphere-Traj-LSTM,proxy_anchor,Diag-vMF-selected,single_vmf,test,test,pooled,0.5,20260508,1,1,passed,,0.32303047358785475,0.21888519656561642,0.44120345690678325,0.9349511982991883,0.896419936668948,0.9619670426932444,0.3328909007575065,0.23076923076923078,0.14698492462311558,1644,1592,52,1609,repope,3812,168,84,3896,84,156,0
qwen3-vl-8b,qwen3-vl-8b,dash-b,Sphere-Traj-LSTM,proxy_anchor,Diag-Classifier,classifier_control,test,test,pooled,0.5,20260508,,,passed,,0.7684439118307914,0.6855799797413994,0.8382512126501809,0.8813793103448276,0.8388771732523514,0.9183340541901517,0.7696520310438097,0.3275862068965517,0.5907692307692308,441,325,116,381,repope,3812,168,84,3896,84,2,0
qwen3-vl-8b,qwen3-vl-8b,dash-b,Sphere-Traj-LSTM,proxy_anchor,Diag-kNN-selected,nonparametric_knn,test,test,pooled,0.5,20260508,32,,passed,,0.7360424912551073,0.6525183913556863,0.8102533704807191,0.8817506631299735,0.8470453315240521,0.9130641995534419,0.7374085589059423,0.27586206896551724,0.37846153846153846,441,325,116,381,repope,3812,168,84,3896,84,2,0
qwen3-vl-8b,qwen3-vl-8b,dash-b,Sphere-Traj-LSTM,proxy_anchor,Diag-vMF-selected,single_vmf,test,test,pooled,0.5,20260508,1,1,passed,,0.7498746381168744,0.6667691205720234,0.821490490647227,0.8803978779840849,0.8411731043603786,0.91372298069528,0.7511417257895179,0.28448275862068967,0.40923076923076923,441,325,116,381,repope,3812,168,84,3896,84,2,0
internvl3.5-8b,internvl3.5-8b,repope,Sphere-Traj-LSTM,proxy_anchor,Diag-Classifier,classifier_control,test,test,pooled,0.5,20260506,,,passed,,0.6678063362162271,0.5811281971109141,0.7430640212442412,0.963642924050391,0.953710549984597,0.9720762884384512,0.6591916812081196,0.2127659574468085,0.11859838274932614,1625,1484,141,1496,repope,3689,352,176,3865,176,15,0
internvl3.5-8b,internvl3.5-8b,repope,Sphere-Traj-LSTM,proxy_anchor,Diag-kNN-selected,nonparametric_knn,test,test,pooled,0.5,20260506,32,,passed,,0.6142106461317749,0.5259828560482966,0.7003322566983781,0.9395777178796048,0.9245219321395756,0.9537964648469649,0.6186174221806212,0.3120567375886525,0.2580862533692722,1625,1484,141,1496,repope,3689,352,176,3865,176,15,0
internvl3.5-8b,internvl3.5-8b,repope,Sphere-Traj-LSTM,proxy_anchor,Diag-vMF-selected,single_vmf,test,test,pooled,0.5,20260506,1,1,passed,,0.6578509873858334,0.5693288253622902,0.7404584298733881,0.9571313872799221,0.9434290327048948,0.968349026202806,0.6622831070257426,0.3120567375886525,0.14016172506738545,1625,1484,141,1496,repope,3689,352,176,3865,176,15,0
internvl3.5-8b,internvl3.5-8b,pope,Sphere-Traj-LSTM,proxy_anchor,Diag-Classifier,classifier_control,test,test,pooled,0.5,20260506,,,passed,,0.5050298222319517,0.42706265487696277,0.583923842761285,0.93380118417528,0.9199532561844462,0.9467715346623297,0.48257125120877337,0.13768115942028986,0.1822817080943276,1707,1569,138,1620,repope,3689,352,176,3865,176,93,0
internvl3.5-8b,internvl3.5-8b,pope,Sphere-Traj-LSTM,proxy_anchor,Diag-kNN-selected,nonparametric_knn,test,test,pooled,0.5,20260506,32,,passed,,0.44247579236251056,0.3576568183472186,0.5251334842915585,0.8874017420862546,0.8581477454580034,0.914694924206477,0.4466612241471827,0.12318840579710146,0.5289993626513703,1707,1569,138,1620,repope,3689,352,176,3865,176,93,0
internvl3.5-8b,internvl3.5-8b,pope,Sphere-Traj-LSTM,proxy_anchor,Diag-vMF-selected,single_vmf,test,test,pooled,0.5,20260506,1,1,passed,,0.476808293328178,0.3947015368453082,0.5605612569731838,0.9093533220642706,0.8857059311464626,0.9311399308859598,0.4812669042374366,0.18840579710144928,0.42447418738049714,1707,1569,138,1620,repope,3689,352,176,3865,176,93,0
internvl3.5-8b,internvl3.5-8b,dash-b,Sphere-Traj-LSTM,proxy_anchor,Diag-Classifier,classifier_control,test,test,pooled,0.5,20260506,,,passed,,0.5270818402262936,0.4566953187645719,0.6125747039045845,0.7289717423581814,0.6805168735114183,0.7735048296552283,0.5241843623166461,0.052980132450331126,0.5160142348754448,432,281,151,361,repope,3689,352,176,3865,176,11,0
internvl3.5-8b,internvl3.5-8b,dash-b,Sphere-Traj-LSTM,proxy_anchor,Diag-kNN-selected,nonparametric_knn,test,test,pooled,0.5,20260506,32,,passed,,0.27769397503456533,0.23522323735768325,0.329792620993338,0.35914779288727583,0.3090282264478284,0.4141365055468837,0.2805575371613645,0.006622516556291391,0.9359430604982206,432,281,151,361,repope,3689,352,176,3865,176,11,0
internvl3.5-8b,internvl3.5-8b,dash-b,Sphere-Traj-LSTM,proxy_anchor,Diag-vMF-selected,single_vmf,test,test,pooled,0.5,20260506,1,1,passed,,0.2746658709112199,0.23549403392254403,0.3207701708047133,0.3851429379463128,0.334006813585293,0.441136748427187,0.27719523421027975,0.0,0.9786476868327402,432,281,151,361,repope,3689,352,176,3865,176,11,0
internvl3.5-8b,internvl3.5-8b,repope,Sphere-Traj-LSTM,proxy_anchor,Diag-Classifier,classifier_control,test,test,pooled,0.5,20260507,,,passed,,0.6092415050988401,0.5271260782524968,0.6925066692832166,0.9339144730553802,0.9104866749655464,0.9546668746779897,0.6028365682759924,0.22695035460992907,0.3793800539083558,1625,1484,141,1496,repope,3689,352,176,3865,176,15,0
internvl3.5-8b,internvl3.5-8b,repope,Sphere-Traj-LSTM,proxy_anchor,Diag-kNN-selected,nonparametric_knn,test,test,pooled,0.5,20260507,16,,passed,,0.5933079426010972,0.5055658353586592,0.6789215843069006,0.9422826938884746,0.9248913387768929,0.9583512796954904,0.5968946635862722,0.14184397163120568,0.19878706199460916,1625,1484,141,1496,repope,3689,352,176,3865,176,15,0
internvl3.5-8b,internvl3.5-8b,repope,Sphere-Traj-LSTM,proxy_anchor,Diag-vMF-selected,single_vmf,test,test,pooled,0.5,20260507,1,1,passed,,0.5892663403602666,0.508786155544538,0.6743382613662912,0.9520464147120109,0.9396088242296402,0.9634538771758792,0.5930518799331725,0.1773049645390071,0.1320754716981132,1625,1484,141,1496,repope,3689,352,176,3865,176,15,0
internvl3.5-8b,internvl3.5-8b,pope,Sphere-Traj-LSTM,proxy_anchor,Diag-Classifier,classifier_control,test,test,pooled,0.5,20260507,,,passed,,0.4262343859412766,0.3525607551089478,0.5077967774400293,0.906355936117346,0.8813714257472491,0.9283963819777391,0.40277960303121896,0.10144927536231885,0.3422562141491396,1707,1569,138,1620,repope,3689,352,176,3865,176,93,0
internvl3.5-8b,internvl3.5-8b,pope,Sphere-Traj-LSTM,proxy_anchor,Diag-kNN-selected,nonparametric_knn,test,test,pooled,0.5,20260507,16,,passed,,0.3812555048334291,0.31207913355644556,0.46413344974532805,0.8978856651979937,0.8787003635580275,0.9153863987626859,0.38558724102158093,0.08695652173913043,0.33397068196303376,1707,1569,138,1620,repope,3689,352,176,3865,176,93,0
internvl3.5-8b,internvl3.5-8b,pope,Sphere-Traj-LSTM,proxy_anchor,Diag-vMF-selected,single_vmf,test,test,pooled,0.5,20260507,1,1,passed,,0.39267077977312864,0.32122044164331304,0.47337026903916807,0.8855174070071401,0.8520054210453475,0.9128527727699874,0.3970624723082625,0.06521739130434782,0.6347992351816444,1707,1569,138,1620,repope,3689,352,176,3865,176,93,0
internvl3.5-8b,internvl3.5-8b,dash-b,Sphere-Traj-LSTM,proxy_anchor,Diag-Classifier,classifier_control,test,test,pooled,0.5,20260507,,,passed,,0.43111316315667003,0.3655710690360371,0.499061542727127,0.6600009427069831,0.6109602857731631,0.7100562127747387,0.427764395782076,0.0,0.7615658362989324,432,281,151,361,repope,3689,352,176,3865,176,11,0
internvl3.5-8b,internvl3.5-8b,dash-b,Sphere-Traj-LSTM,proxy_anchor,Diag-kNN-selected,nonparametric_knn,test,test,pooled,0.5,20260507,16,,passed,,0.33060031632916487,0.2804402109038026,0.39092523004335733,0.5091324738988005,0.45329165727161597,0.5629765102742829,0.33511339121834427,0.006622516556291391,0.8718861209964412,432,281,151,361,repope,3689,352,176,3865,176,11,0
internvl3.5-8b,internvl3.5-8b,dash-b,Sphere-Traj-LSTM,proxy_anchor,Diag-vMF-selected,single_vmf,test,test,pooled,0.5,20260507,1,1,passed,,0.24292639399867555,0.20918995991244538,0.2808818356694146,0.2825292828356626,0.23451760177787864,0.3315140343832544,0.24474948711463895,0.0,0.9537366548042705,432,281,151,361,repope,3689,352,176,3865,176,11,0
internvl3.5-8b,internvl3.5-8b,repope,Sphere-Traj-LSTM,proxy_anchor,Diag-Classifier,classifier_control,test,test,pooled,0.5,20260508,,,passed,,0.5794488748012279,0.5028451328477175,0.6538862140388558,0.9476018428246449,0.9322714739552079,0.9603176455534274,0.5357293493766109,0.0,0.12129380053908356,1625,1484,141,1496,repope,3689,352,176,3865,176,15,0
internvl3.5-8b,internvl3.5-8b,repope,Sphere-Traj-LSTM,proxy_anchor,Diag-kNN-selected,nonparametric_knn,test,test,pooled,0.5,20260508,32,,passed,,0.5449675267974855,0.4605215398823773,0.6244288313541655,0.9399170346581025,0.9248020108427567,0.9524828228922405,0.5494235486434293,0.1773049645390071,0.1637466307277628,1625,1484,141,1496,repope,3689,352,176,3865,176,15,0
internvl3.5-8b,internvl3.5-8b,repope,Sphere-Traj-LSTM,proxy_anchor,Diag-vMF-selected,single_vmf,test,test,pooled,0.5,20260508,1,1,passed,,0.5670664513861955,0.48254252650675394,0.6469631789690959,0.9447057024335226,0.9300399777730384,0.9577952877820928,0.5715165396529077,0.1773049645390071,0.19204851752021562,1625,1484,141,1496,repope,3689,352,176,3865,176,15,0
internvl3.5-8b,internvl3.5-8b,pope,Sphere-Traj-LSTM,proxy_anchor,Diag-Classifier,classifier_control,test,test,pooled,0.5,20260508,,,passed,,0.43735481457898334,0.3616032298520927,0.5088010401172772,0.9010839545173238,0.875067808944275,0.9246845196269009,0.3802211600393667,0.0,0.3894200127469726,1707,1569,138,1620,repope,3689,352,176,3865,176,93,0
internvl3.5-8b,internvl3.5-8b,pope,Sphere-Traj-LSTM,proxy_anchor,Diag-kNN-selected,nonparametric_knn,test,test,pooled,0.5,20260508,32,,passed,,0.3269289092928129,0.25786358722247454,0.3969818613685967,0.8665447391027241,0.8407599599135382,0.8891699200236473,0.33153416201969677,0.10144927536231885,0.390057361376673,1707,1569,138,1620,repope,3689,352,176,3865,176,93,0
internvl3.5-8b,internvl3.5-8b,pope,Sphere-Traj-LSTM,proxy_anchor,Diag-vMF-selected,single_vmf,test,test,pooled,0.5,20260508,1,1,passed,,0.38079934782288716,0.30631010492769445,0.45529518590860085,0.8671266661124505,0.8338210696464965,0.8976094807917903,0.38556985827536827,0.12318840579710146,0.6150414276609305,1707,1569,138,1620,repope,3689,352,176,3865,176,93,0
internvl3.5-8b,internvl3.5-8b,dash-b,Sphere-Traj-LSTM,proxy_anchor,Diag-Classifier,classifier_control,test,test,pooled,0.5,20260508,,,passed,,0.5647015330514321,0.4880935546347681,0.6444042322627449,0.7390587070773726,0.6943229202304544,0.7842624469466221,0.5360605987333755,0.0,0.5409252669039146,432,281,151,361,repope,3689,352,176,3865,176,11,0
internvl3.5-8b,internvl3.5-8b,dash-b,Sphere-Traj-LSTM,proxy_anchor,Diag-kNN-selected,nonparametric_knn,test,test,pooled,0.5,20260508,32,,passed,,0.30765192765017485,0.2517796430515293,0.36709693550271755,0.36536965897574886,0.3101956759175391,0.4207089915777205,0.30994791187319826,0.033112582781456956,0.9715302491103203,432,281,151,361,repope,3689,352,176,3865,176,11,0
internvl3.5-8b,internvl3.5-8b,dash-b,Sphere-Traj-LSTM,proxy_anchor,Diag-vMF-selected,single_vmf,test,test,pooled,0.5,20260508,1,1,passed,,0.2875554185091673,0.2402503061352598,0.3395829022794293,0.39395724823831624,0.3415854482972311,0.4467937639375597,0.2903679214728702,0.006622516556291391,0.9501779359430605,432,281,151,361,repope,3689,352,176,3865,176,11,0
minicpm-v-2_6,minicpm-v-2_6,repope,Sphere-Traj-LSTM,proxy_anchor,Diag-Classifier,classifier_control,test,test,pooled,0.5,20260506,,,passed,,0.25607505475732545,0.09401738672550115,0.43326518691145915,0.8763006124026398,0.7726420812660362,0.9632513671279441,0.2668176025204247,0.18181818181818182,0.6775670372792675,1551,1529,22,1529,repope,3776,80,40,3816,40,89,0
minicpm-v-2_6,minicpm-v-2_6,repope,Sphere-Traj-LSTM,proxy_anchor,Diag-kNN-selected,nonparametric_knn,test,test,pooled,0.5,20260506,32,,passed,,0.01441374063537618,0.007775646037883763,0.025075459046804582,0.4974136393364647,0.3675361511468221,0.6261124669085617,0.01740339944814516,0.0,0.9332897318508829,1551,1529,22,1529,repope,3776,80,40,3816,40,89,0
minicpm-v-2_6,minicpm-v-2_6,repope,Sphere-Traj-LSTM,proxy_anchor,Diag-vMF-selected,single_vmf,test,test,pooled,0.5,20260506,1,1,passed,,0.23649702285904695,0.07008264204195375,0.421519610050307,0.8448778167548605,0.7379244541507751,0.9330475526509548,0.24687322751768587,0.18181818181818182,0.7076520601700458,1551,1529,22,1529,repope,3776,80,40,3816,40,89,0
minicpm-v-2_6,minicpm-v-2_6,pope,Sphere-Traj-LSTM,proxy_anchor,Diag-Classifier,classifier_control,test,test,pooled,0.5,20260506,,,passed,,0.05796080851983514,0.028081971760470382,0.12040973796872574,0.9287351836495781,0.8937338936074002,0.9574929749818709,0.06830797894880968,0.07692307692307693,0.20355104629042486,1590,1577,13,1582,repope,3776,80,40,3816,40,210,0
minicpm-v-2_6,minicpm-v-2_6,pope,Sphere-Traj-LSTM,proxy_anchor,Diag-kNN-selected,nonparametric_knn,test,test,pooled,0.5,20260506,32,,passed,,0.005410965937002298,0.0027919380713988884,0.00939805567478619,0.31861860397053804,0.1662377058046134,0.4842193373609513,0.006082088727298729,0.0,0.9549778059606848,1590,1577,13,1582,repope,3776,80,40,3816,40,210,0
minicpm-v-2_6,minicpm-v-2_6,pope,Sphere-Traj-LSTM,proxy_anchor,Diag-vMF-selected,single_vmf,test,test,pooled,0.5,20260506,1,1,passed,,0.031159566352727527,0.013206070656755749,0.08742249559733432,0.835129993658846,0.7606006998351638,0.9040102665937225,0.03971008512527083,0.07692307692307693,0.4438807863031072,1590,1577,13,1582,repope,3776,80,40,3816,40,210,0
minicpm-v-2_6,minicpm-v-2_6,dash-b,Sphere-Traj-LSTM,proxy_anchor,Diag-Classifier,classifier_control,test,test,pooled,0.5,20260506,,,passed,,0.43661972736082255,0.352878371654564,0.5277444623453574,0.7561728395061729,0.7097507618435343,0.8009131750132176,0.4413791432044538,0.030303030303030304,0.6080246913580247,423,324,99,394,repope,3776,80,40,3816,40,20,0
minicpm-v-2_6,minicpm-v-2_6,dash-b,Sphere-Traj-LSTM,proxy_anchor,Diag-kNN-selected,nonparametric_knn,test,test,pooled,0.5,20260506,32,,passed,,0.17955003769782665,0.1458575110389571,0.22239975119913455,0.37891258261628635,0.3208292963898819,0.4401996340517067,0.1826507336413668,0.0,0.9629629629629629,423,324,99,394,repope,3776,80,40,3816,40,20,0
minicpm-v-2_6,minicpm-v-2_6,dash-b,Sphere-Traj-LSTM,proxy_anchor,Diag-vMF-selected,single_vmf,test,test,pooled,0.5,20260506,1,1,passed,,0.2441257703678379,0.19863177746950425,0.30016967497544655,0.5694600324229955,0.509277272082684,0.6259093831718595,0.2473424306442543,0.0,0.8703703703703703,423,324,99,394,repope,3776,80,40,3816,40,20,0
minicpm-v-2_6,minicpm-v-2_6,repope,Sphere-Traj-LSTM,proxy_anchor,Diag-Classifier,classifier_control,test,test,pooled,0.5,20260507,,,passed,,0.33238656277479484,0.1714510545203786,0.5040398996067367,0.9431892502526904,0.9031325073944293,0.9779145600385827,0.34371428966775314,0.22727272727272727,0.27207325049051667,1551,1529,22,1529,repope,3776,80,40,3816,40,89,0
minicpm-v-2_6,minicpm-v-2_6,repope,Sphere-Traj-LSTM,proxy_anchor,Diag-kNN-selected,nonparametric_knn,test,test,pooled,0.5,20260507,32,,passed,,0.0589562538098508,0.027636859011435443,0.10771329527968945,0.8201141566085974,0.7428078216621231,0.8925537547564519,0.07056881533368704,0.045454545454545456,0.40941792020928713,1551,1529,22,1529,repope,3776,80,40,3816,40,89,0
minicpm-v-2_6,minicpm-v-2_6,repope,Sphere-Traj-LSTM,proxy_anchor,Diag-vMF-selected,single_vmf,test,test,pooled,0.5,20260507,1,1,passed,,0.12960906607340944,0.062209413090105324,0.2332263729602715,0.8662524525833879,0.7634788467107301,0.9515325284288777,0.16111195640660284,0.22727272727272727,0.671026814911707,1551,1529,22,1529,repope,3776,80,40,3816,40,89,0
minicpm-v-2_6,minicpm-v-2_6,pope,Sphere-Traj-LSTM,proxy_anchor,Diag-Classifier,classifier_control,test,test,pooled,0.5,20260507,,,passed,,0.21880661533149542,0.03745083511950139,0.4527863342566331,0.9485878737622555,0.9260117413040417,0.9710461166445967,0.2247758227463294,0.15384615384615385,0.11667723525681674,1590,1577,13,1582,repope,3776,80,40,3816,40,210,0
minicpm-v-2_6,minicpm-v-2_6,pope,Sphere-Traj-LSTM,proxy_anchor,Diag-kNN-selected,nonparametric_knn,test,test,pooled,0.5,20260507,32,,passed,,0.022027978346577055,0.006816220150410173,0.06144634623425791,0.6932344763670065,0.5684483269316709,0.8315059957443375,0.027126418000276434,0.0,0.6689917564996829,1590,1577,13,1582,repope,3776,80,40,3816,40,210,0
minicpm-v-2_6,minicpm-v-2_6,pope,Sphere-Traj-LSTM,proxy_anchor,Diag-vMF-selected,single_vmf,test,test,pooled,0.5,20260507,1,1,passed,,0.1222850596952057,0.01597944056838167,0.32336609416182527,0.8689332227696209,0.8044899237430007,0.9339937573383944,0.12860682601512702,0.15384615384615385,0.33100824350031705,1590,1577,13,1582,repope,3776,80,40,3816,40,210,0
minicpm-v-2_6,minicpm-v-2_6,dash-b,Sphere-Traj-LSTM,proxy_anchor,Diag-Classifier,classifier_control,test,test,pooled,0.5,20260507,,,passed,,0.4427187296349113,0.3569118163798638,0.5475780762869765,0.7756578126948497,0.7301678501337656,0.8181656866749251,0.44839283429986565,0.050505050505050504,0.5493827160493827,423,324,99,394,repope,3776,80,40,3816,40,20,0
minicpm-v-2_6,minicpm-v-2_6,dash-b,Sphere-Traj-LSTM,proxy_anchor,Diag-kNN-selected,nonparametric_knn,test,test,pooled,0.5,20260507,32,,passed,,0.2051955544542512,0.16266500896547775,0.26308284729213316,0.4346240179573513,0.3686553543651748,0.4970689135146004,0.210224689021814,0.010101010101010102,0.9660493827160493,423,324,99,394,repope,3776,80,40,3816,40,20,0
minicpm-v-2_6,minicpm-v-2_6,dash-b,Sphere-Traj-LSTM,proxy_anchor,Diag-vMF-selected,single_vmf,test,test,pooled,0.5,20260507,1,1,passed,,0.24881140299196086,0.20241089662392048,0.30373109642264695,0.5820862950492579,0.5209413771897353,0.6368983236097034,0.25227563776507544,0.0,0.9104938271604939,423,324,99,394,repope,3776,80,40,3816,40,20,0
minicpm-v-2_6,minicpm-v-2_6,repope,Sphere-Traj-LSTM,proxy_anchor,Diag-Classifier,classifier_control,test,test,pooled,0.5,20260508,,,passed,,0.22736424374307834,0.0506861932170008,0.44330170144050574,0.6323205898091444,0.4760246862017685,0.7733739819513683,0.258849057758795,0.3181818181818182,0.9646827992151733,1551,1529,22,1529,repope,3776,80,40,3816,40,89,0
minicpm-v-2_6,minicpm-v-2_6,repope,Sphere-Traj-LSTM,proxy_anchor,Diag-kNN-selected,nonparametric_knn,test,test,pooled,0.5,20260508,8,,passed,,0.21459744271916456,0.06898273142508451,0.3935075548836629,0.8982103573339675,0.842311657712864,0.9472781228977323,0.24946164254084408,0.3181818181818182,0.30608240680183124,1551,1529,22,1529,repope,3776,80,40,3816,40,89,0
minicpm-v-2_6,minicpm-v-2_6,repope,Sphere-Traj-LSTM,proxy_anchor,Diag-vMF-selected,single_vmf,test,test,pooled,0.5,20260508,1,1,passed,,0.33679012532011376,0.13007406634108196,0.5650174719529257,0.8460966763779059,0.7251772881167221,0.9459805851474448,0.3688058181895761,0.3181818181818182,0.7155003270111184,1551,1529,22,1529,repope,3776,80,40,3816,40,89,0
minicpm-v-2_6,minicpm-v-2_6,pope,Sphere-Traj-LSTM,proxy_anchor,Diag-Classifier,classifier_control,test,test,pooled,0.5,20260508,,,passed,,0.1616353851525272,0.003921789906916618,0.37243863773937563,0.5394371006292376,0.38626032147626077,0.6943109715847222,0.1624475434176172,0.15384615384615385,0.7882054533925175,1590,1577,13,1582,repope,3776,80,40,3816,40,210,0
minicpm-v-2_6,minicpm-v-2_6,pope,Sphere-Traj-LSTM,proxy_anchor,Diag-kNN-selected,nonparametric_knn,test,test,pooled,0.5,20260508,8,,passed,,0.08175771197127277,0.009748955495088498,0.33496508711575945,0.813570069752695,0.7521162491307305,0.8731526096249644,0.10900098857176369,0.15384615384615385,0.34115409004438807,1590,1577,13,1582,repope,3776,80,40,3816,40,210,0
minicpm-v-2_6,minicpm-v-2_6,pope,Sphere-Traj-LSTM,proxy_anchor,Diag-vMF-selected,single_vmf,test,test,pooled,0.5,20260508,1,1,passed,,0.181197107358839,0.012736964010028159,0.39376942568326745,0.776254816838203,0.605798878724483,0.9270423006503272,0.18426442108037377,0.15384615384615385,0.9613189600507293,1590,1577,13,1582,repope,3776,80,40,3816,40,210,0
minicpm-v-2_6,minicpm-v-2_6,dash-b,Sphere-Traj-LSTM,proxy_anchor,Diag-Classifier,classifier_control,test,test,pooled,0.5,20260508,,,passed,,0.4081637416956755,0.316998003876361,0.5065328403396188,0.6432535228831525,0.5750967024516388,0.7125655428315527,0.41191488554222944,0.050505050505050504,0.9876543209876543,423,324,99,394,repope,3776,80,40,3816,40,20,0
minicpm-v-2_6,minicpm-v-2_6,dash-b,Sphere-Traj-LSTM,proxy_anchor,Diag-kNN-selected,nonparametric_knn,test,test,pooled,0.5,20260508,8,,passed,,0.38757281616937533,0.30578216442030237,0.4752451021383503,0.6270732011472753,0.5644959520369106,0.6892373480291437,0.3908685789624029,0.06060606060606061,0.845679012345679,423,324,99,394,repope,3776,80,40,3816,40,20,0
minicpm-v-2_6,minicpm-v-2_6,dash-b,Sphere-Traj-LSTM,proxy_anchor,Diag-vMF-selected,single_vmf,test,test,pooled,0.5,20260508,1,1,passed,,0.380381691856859,0.29324562053915426,0.4776965213083624,0.5861703454296046,0.5165698285752609,0.6561313177433526,0.38363640595078974,0.06060606060606061,0.9691358024691358,423,324,99,394,repope,3776,80,40,3816,40,20,0
gemma-3-12b-it,gemma-3-12b-it,repope,Sphere-Traj-LSTM,proxy_anchor,Diag-Classifier,classifier_control,test,test,pooled,0.5,20260506,,,passed,,0.7106296405421121,0.6457616507400316,0.7830063149472912,0.9277634803921568,0.9016364272531353,0.9529847941419118,0.6836277783932098,0.25882352941176473,0.5895833333333333,1610,1440,170,1443,repope,3553,425,212,3765,212,30,0
gemma-3-12b-it,gemma-3-12b-it,repope,Sphere-Traj-LSTM,proxy_anchor,Diag-kNN-selected,nonparametric_knn,test,test,pooled,0.5,20260506,32,,passed,,0.6831157864223585,0.6155093741102392,0.7511720767705696,0.9447957516339869,0.9304735654491466,0.9564351494922118,0.684839074274602,0.3058823529411765,0.17847222222222223,1610,1440,170,1443,repope,3553,425,212,3765,212,30,0
gemma-3-12b-it,gemma-3-12b-it,repope,Sphere-Traj-LSTM,proxy_anchor,Diag-vMF-selected,mixture_vmf,test,test,pooled,0.5,20260506,8,8,passed,,0.736456434544031,0.671033649290995,0.8036531675464939,0.9553390522875815,0.9363261769561383,0.971150005884342,0.7381104873522903,0.29411764705882354,0.12083333333333333,1610,1440,170,1443,repope,3553,425,212,3765,212,30,0
gemma-3-12b-it,gemma-3-12b-it,pope,Sphere-Traj-LSTM,proxy_anchor,Diag-Classifier,classifier_control,test,test,pooled,0.5,20260506,,,passed,,0.6323779692510102,0.5671896421965328,0.7027359940082649,0.9236526783286504,0.9035855147914729,0.9425167252040743,0.5931381729326098,0.0,0.43728813559322033,1662,1475,187,1543,repope,3553,425,212,3765,212,138,0
gemma-3-12b-it,gemma-3-12b-it,pope,Sphere-Traj-LSTM,proxy_anchor,Diag-kNN-selected,nonparametric_knn,test,test,pooled,0.5,20260506,32,,passed,,0.5152901100528904,0.4454308269084106,0.5913136979681171,0.9103562041149279,0.894940519921563,0.9243025954875439,0.5180002626012833,0.10160427807486631,0.2311864406779661,1662,1475,187,1543,repope,3553,425,212,3765,212,138,0
gemma-3-12b-it,gemma-3-12b-it,pope,Sphere-Traj-LSTM,proxy_anchor,Diag-vMF-selected,mixture_vmf,test,test,pooled,0.5,20260506,8,8,passed,,0.6255300069475409,0.5536586312592633,0.704153670473896,0.9396211365902294,0.9237538191925947,0.9551929343761005,0.6281481530129878,0.10160427807486631,0.27322033898305087,1662,1475,187,1543,repope,3553,425,212,3765,212,138,0
gemma-3-12b-it,gemma-3-12b-it,dash-b,Sphere-Traj-LSTM,proxy_anchor,Diag-Classifier,classifier_control,test,test,pooled,0.5,20260506,,,passed,,0.8816422440303456,0.834816001451547,0.926647236129274,0.9100739061056521,0.8811832702816309,0.9372205472081321,0.8821247828883592,0.1326530612244898,0.3868312757201646,439,243,196,326,repope,3553,425,212,3765,212,4,0
gemma-3-12b-it,gemma-3-12b-it,dash-b,Sphere-Traj-LSTM,proxy_anchor,Diag-kNN-selected,nonparametric_knn,test,test,pooled,0.5,20260506,32,,passed,,0.7600148094611343,0.7023737780619855,0.8136708725845987,0.7791005291005291,0.7320633306779591,0.8214946389724739,0.7607636855590356,0.1836734693877551,0.7942386831275721,439,243,196,326,repope,3553,425,212,3765,212,4,0
gemma-3-12b-it,gemma-3-12b-it,dash-b,Sphere-Traj-LSTM,proxy_anchor,Diag-vMF-selected,mixture_vmf,test,test,pooled,0.5,20260506,8,8,passed,,0.5575150475161729,0.49446001582676535,0.6240163866110905,0.7220122616948014,0.6730453693046069,0.768285412140385,0.5605028614976812,0.01020408163265306,0.5843621399176955,439,243,196,326,repope,3553,425,212,3765,212,4,0
gemma-3-12b-it,gemma-3-12b-it,repope,Sphere-Traj-LSTM,proxy_anchor,Diag-Classifier,classifier_control,test,test,pooled,0.5,20260507,,,passed,,0.7125900407058579,0.6413668235084558,0.7744814960178806,0.959562908496732,0.9491528956369158,0.9697210953397685,0.6666900415302452,0.0,0.09583333333333334,1610,1440,170,1443,repope,3553,425,212,3765,212,30,0
gemma-3-12b-it,gemma-3-12b-it,repope,Sphere-Traj-LSTM,proxy_anchor,Diag-kNN-selected,nonparametric_knn,test,test,pooled,0.5,20260507,32,,passed,,0.6549637264494538,0.5730442123722561,0.7267891484822498,0.9533210784313726,0.9419332546179177,0.9632281380359314,0.6571775369864702,0.2235294117647059,0.1125,1610,1440,170,1443,repope,3553,425,212,3765,212,30,0
gemma-3-12b-it,gemma-3-12b-it,repope,Sphere-Traj-LSTM,proxy_anchor,Diag-vMF-selected,mixture_vmf,test,test,pooled,0.5,20260507,2,2,passed,,0.6791266445807349,0.5993297170499332,0.7468680113825074,0.9371609477124183,0.9141481985654336,0.959059683549523,0.681194578655468,0.21764705882352942,0.125,1610,1440,170,1443,repope,3553,425,212,3765,212,30,0
gemma-3-12b-it,gemma-3-12b-it,pope,Sphere-Traj-LSTM,proxy_anchor,Diag-Classifier,classifier_control,test,test,pooled,0.5,20260507,,,passed,,0.6661844957227924,0.6052857192362568,0.7242603337436645,0.9485271458352216,0.9367291848020245,0.9596745465115976,0.6138356786972331,0.0,0.1369491525423729,1662,1475,187,1543,repope,3553,425,212,3765,212,138,0
gemma-3-12b-it,gemma-3-12b-it,pope,Sphere-Traj-LSTM,proxy_anchor,Diag-kNN-selected,nonparametric_knn,test,test,pooled,0.5,20260507,32,,passed,,0.5265741087376103,0.45672764474164657,0.595984263665167,0.9209861325115563,0.9064131918095671,0.9349556741885787,0.5289953753975668,0.12834224598930483,0.2305084745762712,1662,1475,187,1543,repope,3553,425,212,3765,212,138,0
gemma-3-12b-it,gemma-3-12b-it,pope,Sphere-Traj-LSTM,proxy_anchor,Diag-vMF-selected,mixture_vmf,test,test,pooled,0.5,20260507,2,2,passed,,0.6168023282371806,0.5401780736934391,0.6844166186154584,0.9238212634822804,0.9002664527601436,0.9458514821866698,0.619100183579044,0.12834224598930483,0.3694915254237288,1662,1475,187,1543,repope,3553,425,212,3765,212,138,0
gemma-3-12b-it,gemma-3-12b-it,dash-b,Sphere-Traj-LSTM,proxy_anchor,Diag-Classifier,classifier_control,test,test,pooled,0.5,20260507,,,passed,,0.8977224524513424,0.8584992869964297,0.931126075463115,0.9194066515495087,0.8938155358929297,0.9420322275101686,0.8955561524063373,0.3673469387755102,0.3168724279835391,439,243,196,326,repope,3553,425,212,3765,212,4,0
gemma-3-12b-it,gemma-3-12b-it,dash-b,Sphere-Traj-LSTM,proxy_anchor,Diag-kNN-selected,nonparametric_knn,test,test,pooled,0.5,20260507,32,,passed,,0.7790436142757848,0.7236028173082497,0.8286564693151893,0.8002225581590661,0.7566216341643655,0.8375926941406716,0.7796891117732467,0.23469387755102042,0.6419753086419753,439,243,196,326,repope,3553,425,212,3765,212,4,0
gemma-3-12b-it,gemma-3-12b-it,dash-b,Sphere-Traj-LSTM,proxy_anchor,Diag-vMF-selected,mixture_vmf,test,test,pooled,0.5,20260507,2,2,passed,,0.6061335581172319,0.5405251329298875,0.6764374656393075,0.6987696313093139,0.6488309471299215,0.7463492597464942,0.6076202769557904,0.09183673469387756,0.6584362139917695,439,243,196,326,repope,3553,425,212,3765,212,4,0
gemma-3-12b-it,gemma-3-12b-it,repope,Sphere-Traj-LSTM,proxy_anchor,Diag-Classifier,classifier_control,test,test,pooled,0.5,20260508,,,passed,,0.7114205999475538,0.6448105660428459,0.7736045647215647,0.9365584150326797,0.9134779255938861,0.9560029360955903,0.6793768502224005,0.3058823529411765,0.42291666666666666,1610,1440,170,1443,repope,3553,425,212,3765,212,30,0
gemma-3-12b-it,gemma-3-12b-it,repope,Sphere-Traj-LSTM,proxy_anchor,Diag-kNN-selected,nonparametric_knn,test,test,pooled,0.5,20260508,32,,passed,,0.7295476744500227,0.6701543698615305,0.7880153261600392,0.952937091503268,0.9395574744106963,0.9646439769389739,0.7307870092080516,0.3588235294117647,0.16666666666666666,1610,1440,170,1443,repope,3553,425,212,3765,212,30,0
gemma-3-12b-it,gemma-3-12b-it,repope,Sphere-Traj-LSTM,proxy_anchor,Diag-vMF-selected,single_vmf,test,test,pooled,0.5,20260508,1,1,passed,,0.7481414622191944,0.688082935065205,0.8041764796286092,0.9600898692810458,0.945614116592117,0.9727165210195864,0.7494077528006593,0.3235294117647059,0.10347222222222222,1610,1440,170,1443,repope,3553,425,212,3765,212,30,0
gemma-3-12b-it,gemma-3-12b-it,pope,Sphere-Traj-LSTM,proxy_anchor,Diag-Classifier,classifier_control,test,test,pooled,0.5,20260508,,,passed,,0.6506715577028838,0.581553430798713,0.7135624818200326,0.9234840931750204,0.904246713237125,0.9428017218716368,0.6064055040646736,0.0,0.4189830508474576,1662,1475,187,1543,repope,3553,425,212,3765,212,138,0
gemma-3-12b-it,gemma-3-12b-it,pope,Sphere-Traj-LSTM,proxy_anchor,Diag-kNN-selected,nonparametric_knn,test,test,pooled,0.5,20260508,32,,passed,,0.5515100617411641,0.4807571952926914,0.6190184529731535,0.917139490619052,0.9019223486119672,0.9318023726349839,0.5536623170349473,0.17647058823529413,0.27796610169491526,1662,1475,187,1543,repope,3553,425,212,3765,212,138,0
gemma-3-12b-it,gemma-3-12b-it,pope,Sphere-Traj-LSTM,proxy_anchor,Diag-vMF-selected,single_vmf,test,test,pooled,0.5,20260508,1,1,passed,,0.6484926606684306,0.5777412402947278,0.7173964503017918,0.9432248708420194,0.9280590639070926,0.956570352101703,0.6505447269700203,0.17647058823529413,0.19796610169491524,1662,1475,187,1543,repope,3553,425,212,3765,212,138,0
gemma-3-12b-it,gemma-3-12b-it,dash-b,Sphere-Traj-LSTM,proxy_anchor,Diag-Classifier,classifier_control,test,test,pooled,0.5,20260508,,,passed,,0.9013590369767195,0.8629598503735244,0.9359266301586705,0.9216637272192829,0.8968699232158067,0.9458745009975648,0.8992113123586014,0.33163265306122447,0.31275720164609055,439,243,196,326,repope,3553,425,212,3765,212,4,0
gemma-3-12b-it,gemma-3-12b-it,dash-b,Sphere-Traj-LSTM,proxy_anchor,Diag-kNN-selected,nonparametric_knn,test,test,pooled,0.5,20260508,32,,passed,,0.7456715612948636,0.6861534081382261,0.7982188696246131,0.7627026119089612,0.7166240432821762,0.8055976489202129,0.7464423555640869,0.19387755102040816,0.6872427983539094,439,243,196,326,repope,3553,425,212,3765,212,4,0
gemma-3-12b-it,gemma-3-12b-it,dash-b,Sphere-Traj-LSTM,proxy_anchor,Diag-vMF-selected,single_vmf,test,test,pooled,0.5,20260508,1,1,passed,,0.5363527616677839,0.4707041783186068,0.6062570541436391,0.7008902326362644,0.6462945753523419,0.7524118977773793,0.5393649941793158,0.00510204081632653,0.5720164609053497,439,243,196,326,repope,3553,425,212,3765,212,4,0
gemma-4-12b-it,gemma-4-12b-it,repope,Sphere-Traj-LSTM,proxy_anchor,Diag-Classifier,classifier_control,test,test,pooled,0.5,20260506,,,passed,,0.17522851330934303,0.07561603889989826,0.3019731317480843,0.7867371905584342,0.6296146964709086,0.9076577082236459,0.20155701455683825,0.25,0.9395509499136442,1182,1158,24,1138,repope,2926,64,32,2958,32,44,414
gemma-4-12b-it,gemma-4-12b-it,repope,Sphere-Traj-LSTM,proxy_anchor,Diag-kNN-selected,nonparametric_knn,test,test,pooled,0.5,20260506,32,,passed,,0.2051050203433144,0.10698662173277065,0.33454701635062856,0.9367803684513529,0.9082448025574028,0.962540568919435,0.23175314176976267,0.25,0.15198618307426598,1182,1158,24,1138,repope,2926,64,32,2958,32,44,414
gemma-4-12b-it,gemma-4-12b-it,repope,Sphere-Traj-LSTM,proxy_anchor,Diag-vMF-selected,single_vmf,test,test,pooled,0.5,20260506,1,1,passed,,0.22062268580349298,0.11397137174692029,0.35110408820110445,0.9313831318364997,0.876694938230505,0.9693958618080701,0.24800341893087813,0.25,0.28324697754749567,1182,1158,24,1138,repope,2926,64,32,2958,32,44,414
gemma-4-12b-it,gemma-4-12b-it,pope,Sphere-Traj-LSTM,proxy_anchor,Diag-Classifier,classifier_control,test,test,pooled,0.5,20260506,,,passed,,0.136733181948219,0.06543582225098286,0.22557883402583892,0.6705166182025708,0.5316811197993718,0.7972639444096279,0.15084569833449707,0.0,0.9427127211457456,1218,1187,31,1180,repope,2926,64,32,2958,32,117,465
gemma-4-12b-it,gemma-4-12b-it,pope,Sphere-Traj-LSTM,proxy_anchor,Diag-kNN-selected,nonparametric_knn,test,test,pooled,0.5,20260506,32,,passed,,0.14662219249499484,0.08244436283916573,0.2386397277068078,0.8784683533983749,0.8294274325891974,0.922930917132347,0.1617569077186554,0.0,0.4877843302443134,1218,1187,31,1180,repope,2926,64,32,2958,32,117,465
gemma-4-12b-it,gemma-4-12b-it,pope,Sphere-Traj-LSTM,proxy_anchor,Diag-vMF-selected,single_vmf,test,test,pooled,0.5,20260506,1,1,passed,,0.16901448324820242,0.08925275741797131,0.27013190038694124,0.8115063728021306,0.7050596375604649,0.9017311646736056,0.18451184187991743,0.0,0.8786857624262847,1218,1187,31,1180,repope,2926,64,32,2958,32,117,465
gemma-4-12b-it,gemma-4-12b-it,dash-b,Sphere-Traj-LSTM,proxy_anchor,Diag-Classifier,classifier_control,test,test,pooled,0.5,20260506,,,passed,,0.1643958110867937,0.1320054616167018,0.20104802636138033,0.3471526335084932,0.2926327109231049,0.4036799545945578,0.16640734485433864,0.0,0.9910179640718563,432,334,98,397,repope,2926,64,32,2958,32,11,0
gemma-4-12b-it,gemma-4-12b-it,dash-b,Sphere-Traj-LSTM,proxy_anchor,Diag-kNN-selected,nonparametric_knn,test,test,pooled,0.5,20260506,32,,passed,,0.2820161205159366,0.21876299331415333,0.35149111950457806,0.6023463277526581,0.5468918631463481,0.6582275204043078,0.28547761494492485,0.04081632653061224,0.7544910179640718,432,334,98,397,repope,2926,64,32,2958,32,11,0
gemma-4-12b-it,gemma-4-12b-it,dash-b,Sphere-Traj-LSTM,proxy_anchor,Diag-vMF-selected,single_vmf,test,test,pooled,0.5,20260506,1,1,passed,,0.18299458691016457,0.1432136359428282,0.245485243910174,0.3402022485640963,0.2771480792106169,0.4029938778692455,0.18913413661524725,0.04081632653061224,0.9700598802395209,432,334,98,397,repope,2926,64,32,2958,32,11,0
gemma-4-12b-it,gemma-4-12b-it,repope,Sphere-Traj-LSTM,proxy_anchor,Diag-Classifier,classifier_control,test,test,pooled,0.5,20260507,,,passed,,0.16459752835197125,0.09429200907156858,0.26511229871290853,0.9372481289579735,0.9077271613806751,0.9612696151413075,0.1824997964031787,0.0,0.19602763385146804,1182,1158,24,1138,repope,2926,64,32,2958,32,44,414
gemma-4-12b-it,gemma-4-12b-it,repope,Sphere-Traj-LSTM,proxy_anchor,Diag-kNN-selected,nonparametric_knn,test,test,pooled,0.5,20260507,1,,passed,,0.11108389473204527,0.05686658351961225,0.18534254979319664,0.864961139896373,0.8069934566205702,0.9198724387459906,0.12307312424893146,0.0,0.41796200345423146,1182,1158,24,1138,repope,2926,64,32,2958,32,44,414
gemma-4-12b-it,gemma-4-12b-it,repope,Sphere-Traj-LSTM,proxy_anchor,Diag-vMF-selected,single_vmf,test,test,pooled,0.5,20260507,1,1,passed,,0.23369001197253228,0.11681924467793638,0.3979293671367923,0.9392271157167531,0.9042319749216301,0.9637637096180133,0.2539150954400952,0.25,0.2556131260794473,1182,1158,24,1138,repope,2926,64,32,2958,32,44,414
gemma-4-12b-it,gemma-4-12b-it,pope,Sphere-Traj-LSTM,proxy_anchor,Diag-Classifier,classifier_control,test,test,pooled,0.5,20260507,,,passed,,0.16635478991125968,0.09758472203687821,0.2545248841800691,0.9012419490719352,0.8627699462984273,0.9390446126738786,0.17821976010106438,0.0,0.35299073294018535,1218,1187,31,1180,repope,2926,64,32,2958,32,117,465
gemma-4-12b-it,gemma-4-12b-it,pope,Sphere-Traj-LSTM,proxy_anchor,Diag-kNN-selected,nonparametric_knn,test,test,pooled,0.5,20260507,1,,passed,,0.04843804465826973,0.02884697351399974,0.07549878304516684,0.7180476669293692,0.6420471971734855,0.7889218627133862,0.05242317061663824,0.0,0.7893850042123,1218,1187,31,1180,repope,2926,64,32,2958,32,117,465
gemma-4-12b-it,gemma-4-12b-it,pope,Sphere-Traj-LSTM,proxy_anchor,Diag-vMF-selected,single_vmf,test,test,pooled,0.5,20260507,1,1,passed,,0.17034142050068066,0.09569590954947932,0.2738978331811511,0.8443894882735006,0.7679050955825368,0.9207013100154878,0.18522463067278255,0.03225806451612903,0.7228306655433867,1218,1187,31,1180,repope,2926,64,32,2958,32,117,465
gemma-4-12b-it,gemma-4-12b-it,dash-b,Sphere-Traj-LSTM,proxy_anchor,Diag-Classifier,classifier_control,test,test,pooled,0.5,20260507,,,passed,,0.32398195280294917,0.25246388768535455,0.40591247154619975,0.6215935475986802,0.5640167250415723,0.6724772995634076,0.3279397574477313,0.04081632653061224,0.6736526946107785,432,334,98,397,repope,2926,64,32,2958,32,11,0
gemma-4-12b-it,gemma-4-12b-it,dash-b,Sphere-Traj-LSTM,proxy_anchor,Diag-kNN-selected,nonparametric_knn,test,test,pooled,0.5,20260507,1,,passed,,0.3066709415636555,0.24553540673492943,0.38347452400725046,0.6622265672736161,0.6033556310882479,0.7167702349075233,0.3114202821859158,0.0,0.6976047904191617,432,334,98,397,repope,2926,64,32,2958,32,11,0
gemma-4-12b-it,gemma-4-12b-it,dash-b,Sphere-Traj-LSTM,proxy_anchor,Diag-vMF-selected,single_vmf,test,test,pooled,0.5,20260507,1,1,passed,,0.22033756420338946,0.17839207424650166,0.27043747529166984,0.5180862764267384,0.45062422529274304,0.5785876897828555,0.22358430916262192,0.0,0.9760479041916168,432,334,98,397,repope,2926,64,32,2958,32,11,0
gemma-4-12b-it,gemma-4-12b-it,repope,Sphere-Traj-LSTM,proxy_anchor,Diag-Classifier,classifier_control,test,test,pooled,0.5,20260508,,,passed,,0.11550566997293538,0.05454364253316969,0.2061465327719939,0.8483736327000575,0.7494333820957301,0.9192229525743925,0.13487557226474117,0.041666666666666664,0.37737478411053543,1182,1158,24,1138,repope,2926,64,32,2958,32,44,414
gemma-4-12b-it,gemma-4-12b-it,repope,Sphere-Traj-LSTM,proxy_anchor,Diag-kNN-selected,nonparametric_knn,test,test,pooled,0.5,20260508,32,,passed,,0.22449672649877192,0.12426496666685614,0.3603353000706489,0.9525402993667242,0.9315213825578023,0.9704621239007737,0.24414556195225626,0.0,0.10449050086355786,1182,1158,24,1138,repope,2926,64,32,2958,32,44,414
gemma-4-12b-it,gemma-4-12b-it,repope,Sphere-Traj-LSTM,proxy_anchor,Diag-vMF-selected,single_vmf,test,test,pooled,0.5,20260508,1,1,passed,,0.20641255637537134,0.12298460695952362,0.32849767472228186,0.9573258491652273,0.942137240582922,0.9712576652962913,0.2241588135084992,0.0,0.0846286701208981,1182,1158,24,1138,repope,2926,64,32,2958,32,44,414
gemma-4-12b-it,gemma-4-12b-it,pope,Sphere-Traj-LSTM,proxy_anchor,Diag-Classifier,classifier_control,test,test,pooled,0.5,20260508,,,passed,,0.13091619636095528,0.07358257913092615,0.20748341875823595,0.8412098812403185,0.7600990802111213,0.909274352519534,0.14391690197479823,0.0,0.43555181128896375,1218,1187,31,1180,repope,2926,64,32,2958,32,117,465
gemma-4-12b-it,gemma-4-12b-it,pope,Sphere-Traj-LSTM,proxy_anchor,Diag-kNN-selected,nonparametric_knn,test,test,pooled,0.5,20260508,32,,passed,,0.15821818234128543,0.09608771699005748,0.24092856750969804,0.9246134195722477,0.9000812041414112,0.9451519524538637,0.17209095271993313,0.0,0.17944397641112048,1218,1187,31,1180,repope,2926,64,32,2958,32,117,465
gemma-4-12b-it,gemma-4-12b-it,pope,Sphere-Traj-LSTM,proxy_anchor,Diag-vMF-selected,single_vmf,test,test,pooled,0.5,20260508,1,1,passed,,0.23407477839054694,0.1344380262869386,0.3568607649246528,0.8675163736174145,0.7634389646041656,0.9572336434573829,0.24790692548181262,0.0,0.9654591406908172,1218,1187,31,1180,repope,2926,64,32,2958,32,117,465
gemma-4-12b-it,gemma-4-12b-it,dash-b,Sphere-Traj-LSTM,proxy_anchor,Diag-Classifier,classifier_control,test,test,pooled,0.5,20260508,,,passed,,0.27762311631618336,0.20441426902127663,0.3569639382362663,0.544971281925944,0.48346886268503825,0.6085528228886864,0.28183673953963617,0.030612244897959183,0.9550898203592815,432,334,98,397,repope,2926,64,32,2958,32,11,0
gemma-4-12b-it,gemma-4-12b-it,dash-b,Sphere-Traj-LSTM,proxy_anchor,Diag-kNN-selected,nonparametric_knn,test,test,pooled,0.5,20260508,32,,passed,,0.2782229992456094,0.21607193600551816,0.3497515800436622,0.6155138702187462,0.5602885819321004,0.6760053110185841,0.2835444816485969,0.0,0.7664670658682635,432,334,98,397,repope,2926,64,32,2958,32,11,0
gemma-4-12b-it,gemma-4-12b-it,dash-b,Sphere-Traj-LSTM,proxy_anchor,Diag-vMF-selected,single_vmf,test,test,pooled,0.5,20260508,1,1,passed,,0.24250943142298503,0.18987968932786703,0.3030175875610863,0.5417023096663816,0.4767805053549668,0.6053450419241208,0.24699898039031914,0.0,0.9281437125748503,432,334,98,397,repope,2926,64,32,2958,32,11,0
qwen3.5-4b,qwen3.5-4b,repope,Sphere-Traj-LSTM,proxy_anchor,Diag-Classifier,classifier_control,test,test,pooled,0.5,20260506,,,passed,,0.3352156123835481,0.17621675934367326,0.5054117048958492,0.822101680493512,0.71492549470701,0.9271451338891123,0.34327545275440574,0.3,0.9266113592852585,1597,1567,30,1548,repope,3852,84,42,3894,42,43,0
qwen3.5-4b,qwen3.5-4b,repope,Sphere-Traj-LSTM,proxy_anchor,Diag-kNN-selected,nonparametric_knn,test,test,pooled,0.5,20260506,32,,passed,,0.24355423799585632,0.11028426881960672,0.4126588269584239,0.8839183152520741,0.8323385670152912,0.9285885177722024,0.25556899648402026,0.3333333333333333,0.35162731333758773,1597,1567,30,1548,repope,3852,84,42,3894,42,43,0
qwen3.5-4b,qwen3.5-4b,repope,Sphere-Traj-LSTM,proxy_anchor,Diag-vMF-selected,mixture_vmf,test,test,pooled,0.5,20260506,4,4,passed,,0.337934302781252,0.18553162741803317,0.5076818019870522,0.9601574133163158,0.9429229665072522,0.9762918599183888,0.35325673000583035,0.3,0.1595405232929164,1597,1567,30,1548,repope,3852,84,42,3894,42,43,0
qwen3.5-4b,qwen3.5-4b,pope,Sphere-Traj-LSTM,proxy_anchor,Diag-Classifier,classifier_control,test,test,pooled,0.5,20260506,,,passed,,0.2243058698926137,0.12990414983499618,0.35240832189045146,0.8382357684244477,0.7393236366128071,0.9149388606521531,0.23935578702489638,0.23076923076923078,0.8886792452830189,1629,1590,39,1622,repope,3852,84,42,3894,42,171,0
qwen3.5-4b,qwen3.5-4b,pope,Sphere-Traj-LSTM,proxy_anchor,Diag-kNN-selected,nonparametric_knn,test,test,pooled,0.5,20260506,32,,passed,,0.17139421557864953,0.09567801987402315,0.2821557883124079,0.8578616352201258,0.8085900460682633,0.9023029876476942,0.18556503082020906,0.15384615384615385,0.38301886792452833,1629,1590,39,1622,repope,3852,84,42,3894,42,171,0
qwen3.5-4b,qwen3.5-4b,pope,Sphere-Traj-LSTM,proxy_anchor,Diag-vMF-selected,mixture_vmf,test,test,pooled,0.5,20260506,4,4,passed,,0.2690073398398589,0.17284640522154932,0.3999446366587724,0.9553781648121271,0.9388463540922346,0.968975346778004,0.28492702972032224,0.2564102564102564,0.15283018867924528,1629,1590,39,1622,repope,3852,84,42,3894,42,171,0
qwen3.5-4b,qwen3.5-4b,dash-b,Sphere-Traj-LSTM,proxy_anchor,Diag-Classifier,classifier_control,test,test,pooled,0.5,20260506,,,passed,,0.3281894239869097,0.263890276327751,0.4019476348688453,0.4453978906999041,0.3840932830657747,0.5071516429659036,0.3334653353488721,0.014285714285714285,0.959731543624161,438,298,140,361,repope,3852,84,42,3894,42,5,0
qwen3.5-4b,qwen3.5-4b,dash-b,Sphere-Traj-LSTM,proxy_anchor,Diag-kNN-selected,nonparametric_knn,test,test,pooled,0.5,20260506,32,,passed,,0.35810715768234647,0.2998786180342945,0.42754277297310034,0.5846116970278044,0.5310850759479604,0.635926116783406,0.36329535793489887,0.007142857142857143,0.87248322147651,438,298,140,361,repope,3852,84,42,3894,42,5,0
qwen3.5-4b,qwen3.5-4b,dash-b,Sphere-Traj-LSTM,proxy_anchor,Diag-vMF-selected,mixture_vmf,test,test,pooled,0.5,20260506,4,4,passed,,0.36474449576056034,0.3018939724056291,0.44011861692057846,0.575862895493768,0.520417786459497,0.6303964574765334,0.3700213855343612,0.007142857142857143,0.9026845637583892,438,298,140,361,repope,3852,84,42,3894,42,5,0
qwen3.5-4b,qwen3.5-4b,repope,Sphere-Traj-LSTM,proxy_anchor,Diag-Classifier,classifier_control,test,test,pooled,0.5,20260507,,,passed,,0.26305497610643036,0.14978863286981772,0.4141367465556438,0.9034354392682408,0.8310120277449823,0.9626645778065508,0.2668346772060565,0.23333333333333334,0.5794511805998723,1597,1567,30,1548,repope,3852,84,42,3894,42,43,0
qwen3.5-4b,qwen3.5-4b,repope,Sphere-Traj-LSTM,proxy_anchor,Diag-kNN-selected,nonparametric_knn,test,test,pooled,0.5,20260507,32,,passed,,0.19333063688559277,0.08333190216753293,0.34274138006739174,0.9064667092108062,0.875198569632108,0.9354435965606461,0.20652438910317206,0.23333333333333334,0.23803446075303128,1597,1567,30,1548,repope,3852,84,42,3894,42,43,0
qwen3.5-4b,qwen3.5-4b,repope,Sphere-Traj-LSTM,proxy_anchor,Diag-vMF-selected,single_vmf,test,test,pooled,0.5,20260507,1,1,passed,,0.3032548728875506,0.1788421045716399,0.4541190951761238,0.9683684322484578,0.953950810836268,0.9806024504581322,0.31999311483989296,0.23333333333333334,0.11933631142310147,1597,1567,30,1548,repope,3852,84,42,3894,42,43,0
qwen3.5-4b,qwen3.5-4b,pope,Sphere-Traj-LSTM,proxy_anchor,Diag-Classifier,classifier_control,test,test,pooled,0.5,20260507,,,passed,,0.20999187456687946,0.1289197829234784,0.3125285049866133,0.8793662312530236,0.8204294412601335,0.9328002770967012,0.20827335751575837,0.10256410256410256,0.519496855345912,1629,1590,39,1622,repope,3852,84,42,3894,42,171,0
qwen3.5-4b,qwen3.5-4b,pope,Sphere-Traj-LSTM,proxy_anchor,Diag-kNN-selected,nonparametric_knn,test,test,pooled,0.5,20260507,32,,passed,,0.1460266188868789,0.07897224975032135,0.23844223618804322,0.8769553297855185,0.8410150392461215,0.9122204713333665,0.15385052646921582,0.05128205128205128,0.28553459119496855,1629,1590,39,1622,repope,3852,84,42,3894,42,171,0
qwen3.5-4b,qwen3.5-4b,pope,Sphere-Traj-LSTM,proxy_anchor,Diag-vMF-selected,single_vmf,test,test,pooled,0.5,20260507,1,1,passed,,0.2523226445615029,0.1616429823811367,0.3636431440462686,0.9568456700532172,0.9426306246368211,0.9693176234964441,0.26259487493260103,0.07692307692307693,0.12264150943396226,1629,1590,39,1622,repope,3852,84,42,3894,42,171,0
qwen3.5-4b,qwen3.5-4b,dash-b,Sphere-Traj-LSTM,proxy_anchor,Diag-Classifier,classifier_control,test,test,pooled,0.5,20260507,,,passed,,0.5226306389218393,0.43965571451929025,0.6103356051266765,0.7168504314477468,0.6689883467367955,0.7615022937320716,0.5275709560519515,0.0,0.7550335570469798,438,298,140,361,repope,3852,84,42,3894,42,5,0
qwen3.5-4b,qwen3.5-4b,dash-b,Sphere-Traj-LSTM,proxy_anchor,Diag-kNN-selected,nonparametric_knn,test,test,pooled,0.5,20260507,32,,passed,,0.3590509844459112,0.3022604420558074,0.43014818866773713,0.5957334611697027,0.5414440725434612,0.6495534573173982,0.36277628275004425,0.0,0.7483221476510067,438,298,140,361,repope,3852,84,42,3894,42,5,0
qwen3.5-4b,qwen3.5-4b,dash-b,Sphere-Traj-LSTM,proxy_anchor,Diag-vMF-selected,single_vmf,test,test,pooled,0.5,20260507,1,1,passed,,0.39385354503014713,0.32708913273236706,0.4736799352949219,0.598777564717162,0.543676409577086,0.6567490778897028,0.3986216332486955,0.0,0.9429530201342282,438,298,140,361,repope,3852,84,42,3894,42,5,0
qwen3.5-4b,qwen3.5-4b,repope,Sphere-Traj-LSTM,proxy_anchor,Diag-Classifier,classifier_control,test,test,pooled,0.5,20260508,,,passed,,0.22943816635368697,0.13911355781266857,0.36770528249220863,0.905956179536269,0.8365446555849371,0.9631547783025056,0.25656765590533565,0.3,0.6177409061901723,1597,1567,30,1548,repope,3852,84,42,3894,42,43,0
qwen3.5-4b,qwen3.5-4b,repope,Sphere-Traj-LSTM,proxy_anchor,Diag-kNN-selected,nonparametric_knn,test,test,pooled,0.5,20260508,2,,passed,,0.14564599347356072,0.06928209564617038,0.2627686572130956,0.890321208253563,0.842755907899776,0.9306180753827468,0.1563230949834262,0.06666666666666667,0.3899170389278877,1597,1567,30,1548,repope,3852,84,42,3894,42,43,0
qwen3.5-4b,qwen3.5-4b,repope,Sphere-Traj-LSTM,proxy_anchor,Diag-vMF-selected,single_vmf,test,test,pooled,0.5,20260508,1,1,passed,,0.2508492732829946,0.16162604290458168,0.38482133512392525,0.9619017230376516,0.9467756769454168,0.9770952246905829,0.27137336275051216,0.16666666666666666,0.13209955328653478,1597,1567,30,1548,repope,3852,84,42,3894,42,43,0
qwen3.5-4b,qwen3.5-4b,pope,Sphere-Traj-LSTM,proxy_anchor,Diag-Classifier,classifier_control,test,test,pooled,0.5,20260508,,,passed,,0.18597405939489664,0.11069177845010339,0.28076322891836614,0.8746815029833899,0.7945644773832786,0.9472339894210391,0.20065773806758908,0.07692307692307693,0.9119496855345912,1629,1590,39,1622,repope,3852,84,42,3894,42,171,0
qwen3.5-4b,qwen3.5-4b,pope,Sphere-Traj-LSTM,proxy_anchor,Diag-kNN-selected,nonparametric_knn,test,test,pooled,0.5,20260508,2,,passed,,0.1632046142488285,0.09362230837711984,0.2623021285369934,0.9076600548298661,0.87761867968157,0.9360704734012968,0.1717643932805029,0.05128205128205128,0.2572327044025157,1629,1590,39,1622,repope,3852,84,42,3894,42,171,0
qwen3.5-4b,qwen3.5-4b,pope,Sphere-Traj-LSTM,proxy_anchor,Diag-vMF-selected,single_vmf,test,test,pooled,0.5,20260508,1,1,passed,,0.20104512317897547,0.12353346222678896,0.2966946466290505,0.9178680857926141,0.8702053655291171,0.9592266256140909,0.2125132527222856,0.07692307692307693,0.5314465408805031,1629,1590,39,1622,repope,3852,84,42,3894,42,171,0
qwen3.5-4b,qwen3.5-4b,dash-b,Sphere-Traj-LSTM,proxy_anchor,Diag-Classifier,classifier_control,test,test,pooled,0.5,20260508,,,passed,,0.4013980889363206,0.33514052350146284,0.47876181935141393,0.6365532118887823,0.5820804253754996,0.6884188942312693,0.4071834134659149,0.007142857142857143,0.7718120805369127,438,298,140,361,repope,3852,84,42,3894,42,5,0
qwen3.5-4b,qwen3.5-4b,dash-b,Sphere-Traj-LSTM,proxy_anchor,Diag-kNN-selected,nonparametric_knn,test,test,pooled,0.5,20260508,2,,passed,,0.501782703780482,0.42416230398002985,0.5870632264542137,0.7462128475551294,0.698668597411428,0.7922446478559249,0.507701817970383,0.007142857142857143,0.8422818791946308,438,298,140,361,repope,3852,84,42,3894,42,5,0
qwen3.5-4b,qwen3.5-4b,dash-b,Sphere-Traj-LSTM,proxy_anchor,Diag-vMF-selected,single_vmf,test,test,pooled,0.5,20260508,1,1,passed,,0.32696971210335635,0.2689909567355858,0.3978814357621711,0.5054410354745926,0.44700147140614993,0.5662394919516309,0.3326559973618774,0.007142857142857143,0.9530201342281879,438,298,140,361,repope,3852,84,42,3894,42,5,0
qwen3.5-9b,qwen3.5-9b,repope,Sphere-Traj-LSTM,proxy_anchor,Diag-Classifier,classifier_control,test,test,pooled,0.5,20260506,,,passed,,0.20317259692413867,0.06979990246061028,0.38236612922705454,0.5657991587802312,0.3699050930221739,0.7487495862297253,0.18651291245061935,0.3333333333333333,1.0,1609,1585,24,1554,repope,3885,114,57,3942,57,31,0
qwen3.5-9b,qwen3.5-9b,repope,Sphere-Traj-LSTM,proxy_anchor,Diag-kNN-selected,nonparametric_knn,test,test,pooled,0.5,20260506,1,,passed,,0.15720403229916083,0.08813993980783044,0.24353479903482564,0.9521819137749737,0.9269951733642056,0.9712896178622582,0.17256467111819235,0.0,0.10031545741324921,1609,1585,24,1554,repope,3885,114,57,3942,57,31,0
qwen3.5-9b,qwen3.5-9b,repope,Sphere-Traj-LSTM,proxy_anchor,Diag-vMF-selected,single_vmf,test,test,pooled,0.5,20260506,1,1,passed,,0.25752900905873205,0.14537312045057096,0.4403205464299954,0.9530757097791798,0.903008170978406,0.9828712299844162,0.28514209719785955,0.375,0.09337539432176656,1609,1585,24,1554,repope,3885,114,57,3942,57,31,0
qwen3.5-9b,qwen3.5-9b,pope,Sphere-Traj-LSTM,proxy_anchor,Diag-Classifier,classifier_control,test,test,pooled,0.5,20260506,,,passed,,0.1919945523806686,0.09949047475185534,0.29884663935103456,0.5480153738644304,0.41437793273395607,0.6748369772235315,0.17335208542868377,0.17777777777777778,0.9874213836477987,1635,1590,45,1642,repope,3885,114,57,3942,57,165,0
qwen3.5-9b,qwen3.5-9b,pope,Sphere-Traj-LSTM,proxy_anchor,Diag-kNN-selected,nonparametric_knn,test,test,pooled,0.5,20260506,1,,passed,,0.1875605866135261,0.12348609289581183,0.26466714950788867,0.9198742138364779,0.893668726444817,0.9426239873453403,0.19619023745030584,0.044444444444444446,0.23647798742138365,1635,1590,45,1642,repope,3885,114,57,3942,57,165,0
qwen3.5-9b,qwen3.5-9b,pope,Sphere-Traj-LSTM,proxy_anchor,Diag-vMF-selected,single_vmf,test,test,pooled,0.5,20260506,1,1,passed,,0.27019108249749196,0.17642121924033075,0.38430914220796125,0.9341020265548567,0.892424480928827,0.9618389480299642,0.28027271910420026,0.17777777777777778,0.12264150943396226,1635,1590,45,1642,repope,3885,114,57,3942,57,165,0
qwen3.5-9b,qwen3.5-9b,dash-b,Sphere-Traj-LSTM,proxy_anchor,Diag-Classifier,classifier_control,test,test,pooled,0.5,20260506,,,passed,,0.3553040741953446,0.2958918565679679,0.4127086906560754,0.2714965397923875,0.2207850713359851,0.3215230626454788,0.357084608830867,0.11176470588235295,0.9926470588235294,442,272,170,349,repope,3885,114,57,3942,57,1,0
qwen3.5-9b,qwen3.5-9b,dash-b,Sphere-Traj-LSTM,proxy_anchor,Diag-kNN-selected,nonparametric_knn,test,test,pooled,0.5,20260506,1,,passed,,0.7466177841444792,0.6745218406239756,0.8126884694281848,0.8434039792387544,0.8075033538702955,0.8786835250664481,0.7478541732841668,0.11176470588235295,0.48161764705882354,442,272,170,349,repope,3885,114,57,3942,57,1,0
qwen3.5-9b,qwen3.5-9b,dash-b,Sphere-Traj-LSTM,proxy_anchor,Diag-vMF-selected,single_vmf,test,test,pooled,0.5,20260506,1,1,passed,,0.7478323489278403,0.6733544330463842,0.8097502117566461,0.7944636678200693,0.7429201502821484,0.8435613151238567,0.7492544228959592,0.19411764705882353,0.9264705882352942,442,272,170,349,repope,3885,114,57,3942,57,1,0
qwen3.5-9b,qwen3.5-9b,repope,Sphere-Traj-LSTM,proxy_anchor,Diag-Classifier,classifier_control,test,test,pooled,0.5,20260507,,,passed,,0.25962128457891703,0.14495216571344777,0.46199782711349874,0.9559148264984227,0.9191076955497233,0.9832993608181132,0.28693939125068774,0.20833333333333334,0.0971608832807571,1609,1585,24,1554,repope,3885,114,57,3942,57,31,0
qwen3.5-9b,qwen3.5-9b,repope,Sphere-Traj-LSTM,proxy_anchor,Diag-kNN-selected,nonparametric_knn,test,test,pooled,0.5,20260507,32,,passed,,0.10937874706302211,0.03900212858789218,0.27017081610483445,0.7906151419558359,0.7077385302212973,0.8707698134709785,0.12974958946474568,0.08333333333333333,0.4769716088328076,1609,1585,24,1554,repope,3885,114,57,3942,57,31,0
qwen3.5-9b,qwen3.5-9b,repope,Sphere-Traj-LSTM,proxy_anchor,Diag-vMF-selected,single_vmf,test,test,pooled,0.5,20260507,1,1,passed,,0.27460986856219666,0.15656459301780004,0.4815699168497303,0.9606992639327026,0.9275958104198889,0.9848266762624446,0.3027358735402299,0.2916666666666667,0.09085173501577287,1609,1585,24,1554,repope,3885,114,57,3942,57,31,0
qwen3.5-9b,qwen3.5-9b,pope,Sphere-Traj-LSTM,proxy_anchor,Diag-Classifier,classifier_control,test,test,pooled,0.5,20260507,,,passed,,0.24603704743548976,0.14901982156932417,0.3633457566838603,0.927519217330538,0.9012175035460794,0.9513976746481493,0.25579832390915325,0.13333333333333333,0.1779874213836478,1635,1590,45,1642,repope,3885,114,57,3942,57,165,0
qwen3.5-9b,qwen3.5-9b,pope,Sphere-Traj-LSTM,proxy_anchor,Diag-kNN-selected,nonparametric_knn,test,test,pooled,0.5,20260507,32,,passed,,0.0801136774517953,0.0327421009833043,0.16666393133723506,0.6652969951083159,0.5973529819238915,0.7262906336619824,0.08472649146151284,0.08888888888888889,0.7572327044025158,1635,1590,45,1642,repope,3885,114,57,3942,57,165,0
qwen3.5-9b,qwen3.5-9b,pope,Sphere-Traj-LSTM,proxy_anchor,Diag-vMF-selected,single_vmf,test,test,pooled,0.5,20260507,1,1,passed,,0.23879598251900883,0.14288260972837022,0.35587654562891363,0.9155835080363383,0.8841658185600508,0.9432611762021849,0.2484622684937102,0.1111111111111111,0.25345911949685535,1635,1590,45,1642,repope,3885,114,57,3942,57,165,0
qwen3.5-9b,qwen3.5-9b,dash-b,Sphere-Traj-LSTM,proxy_anchor,Diag-Classifier,classifier_control,test,test,pooled,0.5,20260507,,,passed,,0.726557029702114,0.650292406789882,0.7994600707292364,0.838689446366782,0.8033051184294988,0.8735876443782915,0.7287666026105716,0.058823529411764705,0.4852941176470588,442,272,170,349,repope,3885,114,57,3942,57,1,0
qwen3.5-9b,qwen3.5-9b,dash-b,Sphere-Traj-LSTM,proxy_anchor,Diag-kNN-selected,nonparametric_knn,test,test,pooled,0.5,20260507,32,,passed,,0.6872243456685505,0.6086834542735459,0.7645572679829947,0.7945285467128027,0.7512527290327896,0.8358824171743625,0.6899901942833759,0.07058823529411765,0.6654411764705882,442,272,170,349,repope,3885,114,57,3942,57,1,0
qwen3.5-9b,qwen3.5-9b,dash-b,Sphere-Traj-LSTM,proxy_anchor,Diag-vMF-selected,single_vmf,test,test,pooled,0.5,20260507,1,1,passed,,0.6811427403878051,0.6019346942999827,0.7580995826742207,0.7818122837370242,0.7385463873522493,0.8258629488597579,0.6838957118808348,0.07058823529411765,0.7463235294117647,442,272,170,349,repope,3885,114,57,3942,57,1,0
qwen3.5-9b,qwen3.5-9b,repope,Sphere-Traj-LSTM,proxy_anchor,Diag-Classifier,classifier_control,test,test,pooled,0.5,20260508,,,passed,,0.24497020742949213,0.11083092675540085,0.4287111702787027,0.86403785488959,0.7437286505301304,0.9489240034526051,0.2179976042139316,0.25,0.7501577287066246,1609,1585,24,1554,repope,3885,114,57,3942,57,31,0
qwen3.5-9b,qwen3.5-9b,repope,Sphere-Traj-LSTM,proxy_anchor,Diag-kNN-selected,nonparametric_knn,test,test,pooled,0.5,20260508,32,,passed,,0.2156372775600807,0.12016503641510431,0.36417320820112054,0.9636961093585699,0.9417077473007816,0.9803052601268777,0.24105486354999234,0.25,0.12492113564668769,1609,1585,24,1554,repope,3885,114,57,3942,57,31,0
qwen3.5-9b,qwen3.5-9b,repope,Sphere-Traj-LSTM,proxy_anchor,Diag-vMF-selected,single_vmf,test,test,pooled,0.5,20260508,1,1,passed,,0.21265578807039065,0.11862210674667066,0.35406222121538955,0.9651419558359622,0.9479079375758372,0.979246305955489,0.23789343081031453,0.25,0.09589905362776026,1609,1585,24,1554,repope,3885,114,57,3942,57,31,0
qwen3.5-9b,qwen3.5-9b,pope,Sphere-Traj-LSTM,proxy_anchor,Diag-Classifier,classifier_control,test,test,pooled,0.5,20260508,,,passed,,0.24251317705172268,0.14475522008757136,0.35383542358211484,0.8279524807826695,0.7427703517002243,0.8980786387695053,0.22125913940186465,0.08888888888888889,0.740880503144654,1635,1590,45,1642,repope,3885,114,57,3942,57,165,0
qwen3.5-9b,qwen3.5-9b,pope,Sphere-Traj-LSTM,proxy_anchor,Diag-kNN-selected,nonparametric_knn,test,test,pooled,0.5,20260508,32,,passed,,0.23974378953282416,0.14945360637918115,0.34205446721175203,0.936450034940601,0.9144558584551262,0.9548779912105649,0.2506927738619521,0.08888888888888889,0.1918238993710692,1635,1590,45,1642,repope,3885,114,57,3942,57,165,0
qwen3.5-9b,qwen3.5-9b,pope,Sphere-Traj-LSTM,proxy_anchor,Diag-vMF-selected,single_vmf,test,test,pooled,0.5,20260508,1,1,passed,,0.2578577485300339,0.16352084643526138,0.36105108342853226,0.9361844863731656,0.9013238784575316,0.9603458528025867,0.26883852354260895,0.08888888888888889,0.11886792452830189,1635,1590,45,1642,repope,3885,114,57,3942,57,165,0
qwen3.5-9b,qwen3.5-9b,dash-b,Sphere-Traj-LSTM,proxy_anchor,Diag-Classifier,classifier_control,test,test,pooled,0.5,20260508,,,passed,,0.4639927229303338,0.3905354247248674,0.5346258081590802,0.4961721453287197,0.4357713444363514,0.5525419359908152,0.4658801151711785,0.08235294117647059,0.9411764705882353,442,272,170,349,repope,3885,114,57,3942,57,1,0
qwen3.5-9b,qwen3.5-9b,dash-b,Sphere-Traj-LSTM,proxy_anchor,Diag-kNN-selected,nonparametric_knn,test,test,pooled,0.5,20260508,32,,passed,,0.7377779770365063,0.6592265896171299,0.8050699959996659,0.8537846020761246,0.8159089208428202,0.8865680466833182,0.7394756435791161,0.07647058823529412,0.43014705882352944,442,272,170,349,repope,3885,114,57,3942,57,1,0
qwen3.5-9b,qwen3.5-9b,dash-b,Sphere-Traj-LSTM,proxy_anchor,Diag-vMF-selected,single_vmf,test,test,pooled,0.5,20260508,1,1,passed,,0.7244206406805744,0.6428385509311241,0.7930231665589212,0.8166522491349482,0.7733620196995248,0.8601181080392389,0.7261060753427896,0.07647058823529412,0.8161764705882353,442,272,170,349,repope,3885,114,57,3942,57,1,0
phi-4-multimodal-instruct,phi-4-multimodal-instruct,repope,Sphere-Traj-LSTM,proxy_anchor,Diag-Classifier,classifier_control,test,test,pooled,0.5,20260506,,,passed,,0.35223501319540684,0.22907937064868927,0.4822192157298778,0.8465322746722193,0.7776934389479326,0.9100496295603788,0.35812985369392797,0.22413793103448276,0.6828135368281354,1565,1507,58,1496,repope,3719,197,98,3817,98,75,0
phi-4-multimodal-instruct,phi-4-multimodal-instruct,repope,Sphere-Traj-LSTM,proxy_anchor,Diag-kNN-selected,nonparametric_knn,test,test,pooled,0.5,20260506,8,,passed,,0.37067783963852075,0.2525202873550448,0.48804336394663655,0.9069972313113516,0.879243649667958,0.931333517823832,0.3767261362369121,0.25862068965517243,0.29263437292634376,1565,1507,58,1496,repope,3719,197,98,3817,98,75,0
phi-4-multimodal-instruct,phi-4-multimodal-instruct,repope,Sphere-Traj-LSTM,proxy_anchor,Diag-vMF-selected,single_vmf,test,test,pooled,0.5,20260506,1,1,passed,,0.3861656438046078,0.26371250122489287,0.5123019558838026,0.9019861336750338,0.8491709162783099,0.9438033397531175,0.39210809458418977,0.22413793103448276,0.2780358327803583,1565,1507,58,1496,repope,3719,197,98,3817,98,75,0
phi-4-multimodal-instruct,phi-4-multimodal-instruct,pope,Sphere-Traj-LSTM,proxy_anchor,Diag-Classifier,classifier_control,test,test,pooled,0.5,20260506,,,passed,,0.22626856338114035,0.14874275062657588,0.3380137619483262,0.8553919044185807,0.792256521666806,0.9051752704558351,0.23981239133207174,0.12280701754385964,0.547945205479452,1590,1533,57,1572,repope,3719,197,98,3817,98,210,0
phi-4-multimodal-instruct,phi-4-multimodal-instruct,pope,Sphere-Traj-LSTM,proxy_anchor,Diag-kNN-selected,nonparametric_knn,test,test,pooled,0.5,20260506,8,,passed,,0.19983778997390111,0.1256074814116273,0.30458080162939727,0.8799967956420732,0.8484693030233538,0.9093042422804567,0.213659168801892,0.12280701754385964,0.3333333333333333,1590,1533,57,1572,repope,3719,197,98,3817,98,210,0
phi-4-multimodal-instruct,phi-4-multimodal-instruct,pope,Sphere-Traj-LSTM,proxy_anchor,Diag-vMF-selected,single_vmf,test,test,pooled,0.5,20260506,1,1,passed,,0.24767757998595125,0.1678020898441372,0.355234198453934,0.8865771735274258,0.8297479779990194,0.9307538818501192,0.2615517141142727,0.14035087719298245,0.36921069797782124,1590,1533,57,1572,repope,3719,197,98,3817,98,210,0
phi-4-multimodal-instruct,phi-4-multimodal-instruct,dash-b,Sphere-Traj-LSTM,proxy_anchor,Diag-Classifier,classifier_control,test,test,pooled,0.5,20260506,,,passed,,0.7271052795989292,0.6648932130440627,0.7878599296687168,0.7620016611295681,0.7150311140681702,0.8072807470854143,0.7282305803204514,0.07906976744186046,0.6696428571428571,439,224,215,305,repope,3719,197,98,3817,98,4,0
phi-4-multimodal-instruct,phi-4-multimodal-instruct,dash-b,Sphere-Traj-LSTM,proxy_anchor,Diag-kNN-selected,nonparametric_knn,test,test,pooled,0.5,20260506,8,,passed,,0.5341017680554386,0.47102015042791945,0.6055418116666509,0.540406976744186,0.4891525658007671,0.5967875036233564,0.5380764858759772,0.04186046511627907,0.8571428571428571,439,224,215,305,repope,3719,197,98,3817,98,4,0
phi-4-multimodal-instruct,phi-4-multimodal-instruct,dash-b,Sphere-Traj-LSTM,proxy_anchor,Diag-vMF-selected,single_vmf,test,test,pooled,0.5,20260506,1,1,passed,,0.5447271406155673,0.48330562350271683,0.6169594709770468,0.5518480066445183,0.49727067269212477,0.6014599242434857,0.5487983803959205,0.023255813953488372,0.96875,439,224,215,305,repope,3719,197,98,3817,98,4,0
phi-4-multimodal-instruct,phi-4-multimodal-instruct,repope,Sphere-Traj-LSTM,proxy_anchor,Diag-Classifier,classifier_control,test,test,pooled,0.5,20260507,,,passed,,0.30098402741059,0.1892741496247493,0.428701771529631,0.6609157266091573,0.5612226062300854,0.7632283408005627,0.26375926048720566,0.2413793103448276,0.9416058394160584,1565,1507,58,1496,repope,3719,197,98,3817,98,75,0
phi-4-multimodal-instruct,phi-4-multimodal-instruct,repope,Sphere-Traj-LSTM,proxy_anchor,Diag-kNN-selected,nonparametric_knn,test,test,pooled,0.5,20260507,8,,passed,,0.2912147157386645,0.1944611250729583,0.43653507525267793,0.887284625769398,0.8520246823644828,0.9207232945037823,0.305900165332012,0.25862068965517243,0.45852687458526875,1565,1507,58,1496,repope,3719,197,98,3817,98,75,0
phi-4-multimodal-instruct,phi-4-multimodal-instruct,repope,Sphere-Traj-LSTM,proxy_anchor,Diag-vMF-selected,single_vmf,test,test,pooled,0.5,20260507,1,1,passed,,0.32118882617662814,0.20293666553388576,0.45895435081551517,0.8220717113241653,0.7522016542301835,0.885133029285113,0.3297501871353111,0.2413793103448276,0.794293297942933,1565,1507,58,1496,repope,3719,197,98,3817,98,75,0
phi-4-multimodal-instruct,phi-4-multimodal-instruct,pope,Sphere-Traj-LSTM,proxy_anchor,Diag-Classifier,classifier_control,test,test,pooled,0.5,20260507,,,passed,,0.2274037058533615,0.13691624967894458,0.33728150965786347,0.667484922351541,0.569093027860244,0.7635065041855578,0.189727174481802,0.12280701754385964,0.9432485322896281,1590,1533,57,1572,repope,3719,197,98,3817,98,210,0
phi-4-multimodal-instruct,phi-4-multimodal-instruct,pope,Sphere-Traj-LSTM,proxy_anchor,Diag-kNN-selected,nonparametric_knn,test,test,pooled,0.5,20260507,8,,passed,,0.2829304939541643,0.17947589130731284,0.39823884161809936,0.8823542875453474,0.8547613101253162,0.9125214224212255,0.28964648681800576,0.14035087719298245,0.3105022831050228,1590,1533,57,1572,repope,3719,197,98,3817,98,210,0
phi-4-multimodal-instruct,phi-4-multimodal-instruct,pope,Sphere-Traj-LSTM,proxy_anchor,Diag-vMF-selected,single_vmf,test,test,pooled,0.5,20260507,1,1,passed,,0.2019168935398588,0.13050463451161937,0.2998668614281101,0.8307870131950882,0.7724546274694389,0.8861202815546037,0.21323866927276514,0.15789473684210525,0.7136333985649054,1590,1533,57,1572,repope,3719,197,98,3817,98,210,0
phi-4-multimodal-instruct,phi-4-multimodal-instruct,dash-b,Sphere-Traj-LSTM,proxy_anchor,Diag-Classifier,classifier_control,test,test,pooled,0.5,20260507,,,passed,,0.6551891563448027,0.5881765556427093,0.7199592456323268,0.6407288205980066,0.5863291762384314,0.6911714474802136,0.6562019913945032,0.10232558139534884,0.9285714285714286,439,224,215,305,repope,3719,197,98,3817,98,4,0
phi-4-multimodal-instruct,phi-4-multimodal-instruct,dash-b,Sphere-Traj-LSTM,proxy_anchor,Diag-kNN-selected,nonparametric_knn,test,test,pooled,0.5,20260507,8,,passed,,0.6237302937120767,0.5564219962242524,0.6918952792960475,0.6255813953488372,0.5733582441902202,0.674887620312414,0.6250786890672506,0.09302325581395349,0.8258928571428571,439,224,215,305,repope,3719,197,98,3817,98,4,0
phi-4-multimodal-instruct,phi-4-multimodal-instruct,dash-b,Sphere-Traj-LSTM,proxy_anchor,Diag-vMF-selected,single_vmf,test,test,pooled,0.5,20260507,1,1,passed,,0.5828414918763769,0.5172934364119135,0.6488042472427229,0.5305024916943522,0.4751594146254513,0.5875150799652301,0.5841122487167079,0.10232558139534884,0.9508928571428571,439,224,215,305,repope,3719,197,98,3817,98,4,0
phi-4-multimodal-instruct,phi-4-multimodal-instruct,repope,Sphere-Traj-LSTM,proxy_anchor,Diag-Classifier,classifier_control,test,test,pooled,0.5,20260508,,,passed,,0.36378518486865796,0.23804092767189766,0.4803958271633893,0.9174370180536805,0.890512616232476,0.9415517243216437,0.341296809265268,0.29310344827586204,0.1930988719309887,1565,1507,58,1496,repope,3719,197,98,3817,98,75,0
phi-4-multimodal-instruct,phi-4-multimodal-instruct,repope,Sphere-Traj-LSTM,proxy_anchor,Diag-kNN-selected,nonparametric_knn,test,test,pooled,0.5,20260508,32,,passed,,0.36963087021361385,0.24081977295003346,0.48480518165516495,0.9015513809120655,0.8685987699601903,0.9294314494088084,0.3750026656613825,0.3275862068965517,0.2435301924353019,1565,1507,58,1496,repope,3719,197,98,3817,98,75,0
phi-4-multimodal-instruct,phi-4-multimodal-instruct,repope,Sphere-Traj-LSTM,proxy_anchor,Diag-vMF-selected,single_vmf,test,test,pooled,0.5,20260508,1,1,passed,,0.3681597766079722,0.2395013396888539,0.486644786612948,0.8672631169484932,0.8076960927061523,0.9183697827023872,0.3735688277236399,0.3275862068965517,0.504313205043132,1565,1507,58,1496,repope,3719,197,98,3817,98,75,0
phi-4-multimodal-instruct,phi-4-multimodal-instruct,pope,Sphere-Traj-LSTM,proxy_anchor,Diag-Classifier,classifier_control,test,test,pooled,0.5,20260508,,,passed,,0.2736719078020989,0.1754066896793959,0.37895676387400035,0.9024845218068,0.8733041538770043,0.925811820731633,0.24494419993703598,0.12280701754385964,0.21526418786692758,1590,1533,57,1572,repope,3719,197,98,3817,98,210,0
phi-4-multimodal-instruct,phi-4-multimodal-instruct,pope,Sphere-Traj-LSTM,proxy_anchor,Diag-kNN-selected,nonparametric_knn,test,test,pooled,0.5,20260508,32,,passed,,0.2172381141956879,0.13969180340298384,0.31310722394633883,0.8929172245682699,0.8592433668106317,0.9191839005311631,0.22894553989080305,0.12280701754385964,0.20808871493803,1590,1533,57,1572,repope,3719,197,98,3817,98,210,0
phi-4-multimodal-instruct,phi-4-multimodal-instruct,pope,Sphere-Traj-LSTM,proxy_anchor,Diag-vMF-selected,single_vmf,test,test,pooled,0.5,20260508,1,1,passed,,0.21509479445784635,0.1343422021133165,0.3181778308245498,0.8314736613222554,0.7674770294458932,0.885518537417066,0.22671711120669266,0.12280701754385964,0.5714285714285714,1590,1533,57,1572,repope,3719,197,98,3817,98,210,0
phi-4-multimodal-instruct,phi-4-multimodal-instruct,dash-b,Sphere-Traj-LSTM,proxy_anchor,Diag-Classifier,classifier_control,test,test,pooled,0.5,20260508,,,passed,,0.6327380811757644,0.5565099075983637,0.7018048542567447,0.6648878737541528,0.6099063713875653,0.714335935038524,0.6282230779563397,0.0,0.7232142857142857,439,224,215,305,repope,3719,197,98,3817,98,4,0
phi-4-multimodal-instruct,phi-4-multimodal-instruct,dash-b,Sphere-Traj-LSTM,proxy_anchor,Diag-kNN-selected,nonparametric_knn,test,test,pooled,0.5,20260508,32,,passed,,0.5939927697237712,0.5199136368761461,0.6631201717040193,0.6201204318936877,0.5658406737996471,0.6719694979012221,0.5962902407877919,0.04186046511627907,0.8482142857142857,439,224,215,305,repope,3719,197,98,3817,98,4,0
phi-4-multimodal-instruct,phi-4-multimodal-instruct,dash-b,Sphere-Traj-LSTM,proxy_anchor,Diag-vMF-selected,single_vmf,test,test,pooled,0.5,20260508,1,1,passed,,0.5249943327155997,0.45549671643695433,0.5952920805360199,0.46962209302325586,0.41475185111019525,0.5207430607451489,0.5272816133738456,0.04186046511627907,0.9598214285714286,439,224,215,305,repope,3719,197,98,3817,98,4,0
phi-3.5-vision-instruct,phi-3.5-vision-instruct,repope,Sphere-Traj-LSTM,proxy_anchor,Diag-Classifier,classifier_control,test,test,pooled,0.5,20260506,,,passed,,0.37714121145341756,0.24958223351917425,0.5073232318502118,0.6405131334945189,0.5259503793345236,0.7473395875962171,0.3640638276641104,0.3275862068965517,0.9979577944179714,1527,1469,58,1475,repope,3648,116,58,3706,58,113,0
phi-3.5-vision-instruct,phi-3.5-vision-instruct,repope,Sphere-Traj-LSTM,proxy_anchor,Diag-kNN-selected,nonparametric_knn,test,test,pooled,0.5,20260506,32,,passed,,0.44253770335914405,0.31818894198987785,0.5586722240114957,0.9292152766366987,0.9046464453827654,0.9503831280618509,0.4489546145961736,0.3275862068965517,0.224642614023145,1527,1469,58,1475,repope,3648,116,58,3706,58,113,0
phi-3.5-vision-instruct,phi-3.5-vision-instruct,repope,Sphere-Traj-LSTM,proxy_anchor,Diag-vMF-selected,single_vmf,test,test,pooled,0.5,20260506,1,1,passed,,0.46305369239174676,0.337682103961407,0.5809909875042533,0.9381117814135818,0.9125070925889892,0.9590449070931081,0.47013144048456235,0.3275862068965517,0.1531654186521443,1527,1469,58,1475,repope,3648,116,58,3706,58,113,0
phi-3.5-vision-instruct,phi-3.5-vision-instruct,pope,Sphere-Traj-LSTM,proxy_anchor,Diag-Classifier,classifier_control,test,test,pooled,0.5,20260506,,,passed,,0.15621624749999252,0.07699056226552597,0.2662127935174595,0.604820800690889,0.47399926133300513,0.7317130054694417,0.14380915381751805,0.046511627906976744,0.9721485411140584,1551,1508,43,1545,repope,3648,116,58,3706,58,249,0
phi-3.5-vision-instruct,phi-3.5-vision-instruct,pope,Sphere-Traj-LSTM,proxy_anchor,Diag-kNN-selected,nonparametric_knn,test,test,pooled,0.5,20260506,32,,passed,,0.15510282746008458,0.09800222964972255,0.23026911507807107,0.8979550922213312,0.8606486761976422,0.9293872365237521,0.16272415580726168,0.06976744186046512,0.24336870026525198,1551,1508,43,1545,repope,3648,116,58,3706,58,249,0
phi-3.5-vision-instruct,phi-3.5-vision-instruct,pope,Sphere-Traj-LSTM,proxy_anchor,Diag-vMF-selected,single_vmf,test,test,pooled,0.5,20260506,1,1,passed,,0.18499051724353613,0.11510633801904191,0.28723555654578364,0.8773055332798717,0.8143681786300225,0.9292450859022423,0.19552192389137008,0.046511627906976744,0.5722811671087533,1551,1508,43,1545,repope,3648,116,58,3706,58,249,0
phi-3.5-vision-instruct,phi-3.5-vision-instruct,dash-b,Sphere-Traj-LSTM,proxy_anchor,Diag-Classifier,classifier_control,test,test,pooled,0.5,20260506,,,passed,,0.5608886517566558,0.4760091292374777,0.6462280147348937,0.6541536569211847,0.5943117014165281,0.7106642670783503,0.5574356021328557,0.0,0.8892988929889298,427,271,156,334,repope,3648,116,58,3706,58,16,0
phi-3.5-vision-instruct,phi-3.5-vision-instruct,dash-b,Sphere-Traj-LSTM,proxy_anchor,Diag-kNN-selected,nonparametric_knn,test,test,pooled,0.5,20260506,32,,passed,,0.6013708564147072,0.514786359416998,0.6901300769981417,0.7214495221875294,0.6672488158302797,0.7728335269205678,0.6039170765082023,0.02564102564102564,0.8154981549815498,427,271,156,334,repope,3648,116,58,3706,58,16,0
phi-3.5-vision-instruct,phi-3.5-vision-instruct,dash-b,Sphere-Traj-LSTM,proxy_anchor,Diag-vMF-selected,single_vmf,test,test,pooled,0.5,20260506,1,1,passed,,0.525961761246985,0.4430566498536713,0.6100803110154366,0.612238622386224,0.5508681778079747,0.6691903839845562,0.5285723784598969,0.02564102564102564,0.9446494464944649,427,271,156,334,repope,3648,116,58,3706,58,16,0
phi-3.5-vision-instruct,phi-3.5-vision-instruct,repope,Sphere-Traj-LSTM,proxy_anchor,Diag-Classifier,classifier_control,test,test,pooled,0.5,20260507,,,passed,,0.34790372256102337,0.21493822524289796,0.48026064969098037,0.7958498626792798,0.7261823756933959,0.8535648424572415,0.3473020182730567,0.27586206896551724,0.7705922396187883,1527,1469,58,1475,repope,3648,116,58,3706,58,113,0
phi-3.5-vision-instruct,phi-3.5-vision-instruct,repope,Sphere-Traj-LSTM,proxy_anchor,Diag-kNN-selected,nonparametric_knn,test,test,pooled,0.5,20260507,32,,passed,,0.42240596236362116,0.29448153402636756,0.5465149691647524,0.9234407643013074,0.8926659498674916,0.9484449110671936,0.42977282442846365,0.25862068965517243,0.30292716133424097,1527,1469,58,1475,repope,3648,116,58,3706,58,113,0
phi-3.5-vision-instruct,phi-3.5-vision-instruct,repope,Sphere-Traj-LSTM,proxy_anchor,Diag-vMF-selected,single_vmf,test,test,pooled,0.5,20260507,1,1,passed,,0.41963962556391887,0.29021848104364967,0.5419614279799874,0.9110701626722377,0.8735134568265046,0.9441656546152805,0.42684825318299163,0.27586206896551724,0.5064669843430906,1527,1469,58,1475,repope,3648,116,58,3706,58,113,0
phi-3.5-vision-instruct,phi-3.5-vision-instruct,pope,Sphere-Traj-LSTM,proxy_anchor,Diag-Classifier,classifier_control,test,test,pooled,0.5,20260507,,,passed,,0.20060010672669307,0.10847097235231824,0.32511240949128384,0.8169452840663747,0.7497129040908013,0.884663919184471,0.2013902338585935,0.13953488372093023,0.7659151193633952,1551,1508,43,1545,repope,3648,116,58,3706,58,249,0
phi-3.5-vision-instruct,phi-3.5-vision-instruct,pope,Sphere-Traj-LSTM,proxy_anchor,Diag-kNN-selected,nonparametric_knn,test,test,pooled,0.5,20260507,32,,passed,,0.2212781906162528,0.12568855354703024,0.3418241877702728,0.8916168034050953,0.8544179864717047,0.9285324728986183,0.23146270557312135,0.16279069767441862,0.3574270557029178,1551,1508,43,1545,repope,3648,116,58,3706,58,249,0
phi-3.5-vision-instruct,phi-3.5-vision-instruct,pope,Sphere-Traj-LSTM,proxy_anchor,Diag-vMF-selected,single_vmf,test,test,pooled,0.5,20260507,1,1,passed,,0.25302920048022587,0.14866917004902308,0.3812943538680625,0.896813891801863,0.8435718914720387,0.9421717277820729,0.26388277266197263,0.13953488372093023,0.623342175066313,1551,1508,43,1545,repope,3648,116,58,3706,58,249,0
phi-3.5-vision-instruct,phi-3.5-vision-instruct,dash-b,Sphere-Traj-LSTM,proxy_anchor,Diag-Classifier,classifier_control,test,test,pooled,0.5,20260507,,,passed,,0.5855259630207887,0.5042804816481086,0.6653778440252024,0.7530750307503075,0.7046794635650852,0.7965716816859101,0.5865406530883627,0.03205128205128205,0.6420664206642066,427,271,156,334,repope,3648,116,58,3706,58,16,0
phi-3.5-vision-instruct,phi-3.5-vision-instruct,dash-b,Sphere-Traj-LSTM,proxy_anchor,Diag-kNN-selected,nonparametric_knn,test,test,pooled,0.5,20260507,32,,passed,,0.4187655884625112,0.3489350575742234,0.4863181454762841,0.5772305799981077,0.522205772944588,0.6338696003336158,0.42194445778172773,0.03205128205128205,0.922509225092251,427,271,156,334,repope,3648,116,58,3706,58,16,0
phi-3.5-vision-instruct,phi-3.5-vision-instruct,dash-b,Sphere-Traj-LSTM,proxy_anchor,Diag-vMF-selected,single_vmf,test,test,pooled,0.5,20260507,1,1,passed,,0.4357094021154593,0.36725682765524525,0.5073805769719753,0.5894360866685591,0.5327664142760977,0.643953972071362,0.4390665057198297,0.03205128205128205,0.948339483394834,427,271,156,334,repope,3648,116,58,3706,58,16,0
phi-3.5-vision-instruct,phi-3.5-vision-instruct,repope,Sphere-Traj-LSTM,proxy_anchor,Diag-Classifier,classifier_control,test,test,pooled,0.5,20260508,,,passed,,0.3951091689454203,0.2655907720870314,0.5142907777550276,0.7152355578507547,0.6184837709053429,0.8051849208908928,0.3929590149368932,0.29310344827586204,0.9040163376446563,1527,1469,58,1475,repope,3648,116,58,3706,58,113,0
phi-3.5-vision-instruct,phi-3.5-vision-instruct,repope,Sphere-Traj-LSTM,proxy_anchor,Diag-kNN-selected,nonparametric_knn,test,test,pooled,0.5,20260508,32,,passed,,0.4858545138424978,0.3541285008793342,0.6005579412084373,0.9459871833994506,0.925921065675818,0.9639224613442202,0.4933548132187411,0.29310344827586204,0.1756296800544588,1527,1469,58,1475,repope,3648,116,58,3706,58,113,0
phi-3.5-vision-instruct,phi-3.5-vision-instruct,repope,Sphere-Traj-LSTM,proxy_anchor,Diag-vMF-selected,single_vmf,test,test,pooled,0.5,20260508,1,1,passed,,0.48504673501438644,0.3577370563621112,0.5984613643713138,0.9413159315509024,0.9078866783023916,0.9643719129499932,0.4922651388114234,0.29310344827586204,0.15112321307011573,1527,1469,58,1475,repope,3648,116,58,3706,58,113,0
phi-3.5-vision-instruct,phi-3.5-vision-instruct,pope,Sphere-Traj-LSTM,proxy_anchor,Diag-Classifier,classifier_control,test,test,pooled,0.5,20260508,,,passed,,0.17382069445219275,0.08567971165138352,0.28007407377402443,0.6527126642403306,0.5403208508613616,0.759214372029878,0.15587493251348242,0.09302325581395349,0.899867374005305,1551,1508,43,1545,repope,3648,116,58,3706,58,249,0
phi-3.5-vision-instruct,phi-3.5-vision-instruct,pope,Sphere-Traj-LSTM,proxy_anchor,Diag-kNN-selected,nonparametric_knn,test,test,pooled,0.5,20260508,32,,passed,,0.18337750092949812,0.11616603039827274,0.27322220202332853,0.9106008265992228,0.8803129414872304,0.9376727342301838,0.195479238095574,0.09302325581395349,0.21750663129973474,1551,1508,43,1545,repope,3648,116,58,3706,58,249,0
phi-3.5-vision-instruct,phi-3.5-vision-instruct,pope,Sphere-Traj-LSTM,proxy_anchor,Diag-vMF-selected,single_vmf,test,test,pooled,0.5,20260508,1,1,passed,,0.1800053834206612,0.11208663898524605,0.26860156404387026,0.8776756523348344,0.8129820012369997,0.9280997777446112,0.1921165168161617,0.09302325581395349,0.6087533156498673,1551,1508,43,1545,repope,3648,116,58,3706,58,249,0
phi-3.5-vision-instruct,phi-3.5-vision-instruct,dash-b,Sphere-Traj-LSTM,proxy_anchor,Diag-Classifier,classifier_control,test,test,pooled,0.5,20260508,,,passed,,0.6282857221075648,0.5442491374464566,0.7053761824772623,0.7319164537799224,0.681357869526908,0.7841524990951041,0.612134285288974,0.0,0.9188191881918819,427,271,156,334,repope,3648,116,58,3706,58,16,0
phi-3.5-vision-instruct,phi-3.5-vision-instruct,dash-b,Sphere-Traj-LSTM,proxy_anchor,Diag-kNN-selected,nonparametric_knn,test,test,pooled,0.5,20260508,32,,passed,,0.5829619042073272,0.49047058044970954,0.6686343890384499,0.6977717854101618,0.6453412942116691,0.7495302472656542,0.5862762236849693,0.05128205128205128,0.9372693726937269,427,271,156,334,repope,3648,116,58,3706,58,16,0
phi-3.5-vision-instruct,phi-3.5-vision-instruct,dash-b,Sphere-Traj-LSTM,proxy_anchor,Diag-vMF-selected,single_vmf,test,test,pooled,0.5,20260508,1,1,passed,,0.5238112079716638,0.4339219808862462,0.6102171740190055,0.6105828365975967,0.5531287691097674,0.6681333779552392,0.5271336825257757,0.05128205128205128,0.966789667896679,427,271,156,334,repope,3648,116,58,3706,58,16,0
gemma-3-4b-it,gemma-3-4b-it,repope,Sphere-Traj-LSTM,proxy_anchor,Diag-Classifier,classifier_control,test,test,pooled,0.5,20260506,,,passed,,0.6334618622160211,0.553955334541935,0.7119944114660203,0.9460977288368891,0.933308228151116,0.9583801702589047,0.6320580257197634,0.31333333333333335,0.1899518238128011,1603,1453,150,1438,repope,3507,407,203,3710,203,37,0
gemma-3-4b-it,gemma-3-4b-it,repope,Sphere-Traj-LSTM,proxy_anchor,Diag-kNN-selected,nonparametric_knn,test,test,pooled,0.5,20260506,32,,passed,,0.5267333173833945,0.4401675354496845,0.6082639472029503,0.8920991052993805,0.870230156776848,0.91394447091119,0.5297504358691723,0.2866666666666667,0.3441156228492774,1603,1453,150,1438,repope,3507,407,203,3710,203,37,0
gemma-3-4b-it,gemma-3-4b-it,repope,Sphere-Traj-LSTM,proxy_anchor,Diag-vMF-selected,single_vmf,test,test,pooled,0.5,20260506,1,1,passed,,0.6336209705396364,0.5512381393288943,0.7146293348798708,0.9311264051387933,0.9109110957611939,0.9499668778932298,0.6364339287940767,0.36,0.34480385409497594,1603,1453,150,1438,repope,3507,407,203,3710,203,37,0
gemma-3-4b-it,gemma-3-4b-it,pope,Sphere-Traj-LSTM,proxy_anchor,Diag-Classifier,classifier_control,test,test,pooled,0.5,20260506,,,passed,,0.44565743784397216,0.3768212220555959,0.5260419104950723,0.9200118689330676,0.9048227633343546,0.9347360879321517,0.4359489302845535,0.0967741935483871,0.22798948751642575,1677,1522,155,1538,repope,3507,407,203,3710,203,123,0
gemma-3-4b-it,gemma-3-4b-it,pope,Sphere-Traj-LSTM,proxy_anchor,Diag-kNN-selected,nonparametric_knn,test,test,pooled,0.5,20260506,32,,passed,,0.29001638414485814,0.23391385215827543,0.3561039368386936,0.823165614005341,0.7981297393730314,0.8493517266651436,0.29411058403910434,0.07741935483870968,0.43495400788436267,1677,1522,155,1538,repope,3507,407,203,3710,203,123,0
gemma-3-4b-it,gemma-3-4b-it,pope,Sphere-Traj-LSTM,proxy_anchor,Diag-vMF-selected,single_vmf,test,test,pooled,0.5,20260506,1,1,passed,,0.41820953573545905,0.3494225596624806,0.4979430909386741,0.8735746683057097,0.8435135353031566,0.9020292646208921,0.422565964808334,0.08387096774193549,0.5400788436268068,1677,1522,155,1538,repope,3507,407,203,3710,203,123,0
gemma-3-4b-it,gemma-3-4b-it,dash-b,Sphere-Traj-LSTM,proxy_anchor,Diag-Classifier,classifier_control,test,test,pooled,0.5,20260506,,,passed,,0.7909123962840652,0.7290356289212894,0.8463709033288664,0.8504030147597613,0.8107803369248318,0.8860025480541502,0.7705461462281876,0.0,0.38626609442060084,438,233,205,305,repope,3507,407,203,3710,203,5,0
gemma-3-4b-it,gemma-3-4b-it,dash-b,Sphere-Traj-LSTM,proxy_anchor,Diag-kNN-selected,nonparametric_knn,test,test,pooled,0.5,20260506,32,,passed,,0.5096303738256309,0.4515652543752142,0.5731206346378478,0.626337276248299,0.572932151202249,0.6804919741808222,0.5120181749133601,0.004878048780487805,0.8369098712446352,438,233,205,305,repope,3507,407,203,3710,203,5,0
gemma-3-4b-it,gemma-3-4b-it,dash-b,Sphere-Traj-LSTM,proxy_anchor,Diag-vMF-selected,single_vmf,test,test,pooled,0.5,20260506,1,1,passed,,0.5411972098076132,0.48027654627778293,0.6093242669885472,0.6581388045640112,0.6079887910574766,0.7110425079795364,0.543889894130964,0.0,0.8369098712446352,438,233,205,305,repope,3507,407,203,3710,203,5,0
gemma-3-4b-it,gemma-3-4b-it,repope,Sphere-Traj-LSTM,proxy_anchor,Diag-Classifier,classifier_control,test,test,pooled,0.5,20260507,,,passed,,0.5740510156051475,0.49516206213530667,0.6511123102760423,0.9263431979811882,0.9043241326576951,0.9458673699789705,0.5432735976218048,0.0,0.19958706125258086,1603,1453,150,1438,repope,3507,407,203,3710,203,37,0
gemma-3-4b-it,gemma-3-4b-it,repope,Sphere-Traj-LSTM,proxy_anchor,Diag-kNN-selected,nonparametric_knn,test,test,pooled,0.5,20260507,32,,passed,,0.4914842685289438,0.418808617263843,0.56610270338429,0.886368433126864,0.8669102833929458,0.9064499528455874,0.49343323401526507,0.2,0.2993805918788713,1603,1453,150,1438,repope,3507,407,203,3710,203,37,0
gemma-3-4b-it,gemma-3-4b-it,repope,Sphere-Traj-LSTM,proxy_anchor,Diag-vMF-selected,mixture_vmf,test,test,pooled,0.5,20260507,2,2,passed,,0.6026776164934454,0.5261354988882765,0.6775328077021361,0.9286258316127552,0.910061729708659,0.9455145246091621,0.604673271426919,0.21333333333333335,0.16792842395044735,1603,1453,150,1438,repope,3507,407,203,3710,203,37,0
gemma-3-4b-it,gemma-3-4b-it,pope,Sphere-Traj-LSTM,proxy_anchor,Diag-Classifier,classifier_control,test,test,pooled,0.5,20260507,,,passed,,0.4576429997185837,0.38338443141497286,0.5349667253713933,0.9052795557627908,0.8854595547481332,0.9248414238524163,0.41483762149350467,0.0,0.21944809461235218,1677,1522,155,1538,repope,3507,407,203,3710,203,123,0
gemma-3-4b-it,gemma-3-4b-it,pope,Sphere-Traj-LSTM,proxy_anchor,Diag-kNN-selected,nonparametric_knn,test,test,pooled,0.5,20260507,32,,passed,,0.2772944006370145,0.2230063082052778,0.3380932574955884,0.8372557331185622,0.8129998900148484,0.8626249473458196,0.2813843979690256,0.03870967741935484,0.4099868593955322,1677,1522,155,1538,repope,3507,407,203,3710,203,123,0
gemma-3-4b-it,gemma-3-4b-it,pope,Sphere-Traj-LSTM,proxy_anchor,Diag-vMF-selected,mixture_vmf,test,test,pooled,0.5,20260507,2,2,passed,,0.40069405556057813,0.32689203868373184,0.4855834572128033,0.8683014708999195,0.8382543762289648,0.8956992661011661,0.4054135532288692,0.1032258064516129,0.5939553219448095,1677,1522,155,1538,repope,3507,407,203,3710,203,123,0
gemma-3-4b-it,gemma-3-4b-it,dash-b,Sphere-Traj-LSTM,proxy_anchor,Diag-Classifier,classifier_control,test,test,pooled,0.5,20260507,,,passed,,0.8088688280257867,0.7646985297593553,0.8523318337927128,0.8368051920862556,0.8016146634864398,0.8712690056100207,0.7503913327623604,0.0,0.4206008583690987,438,233,205,305,repope,3507,407,203,3710,203,5,0
gemma-3-4b-it,gemma-3-4b-it,dash-b,Sphere-Traj-LSTM,proxy_anchor,Diag-kNN-selected,nonparametric_knn,test,test,pooled,0.5,20260507,32,,passed,,0.48128372763065597,0.42671971712418294,0.5371596595710068,0.5767193551763844,0.5231036379369702,0.6327723797391539,0.48335336735529544,0.01951219512195122,0.7510729613733905,438,233,205,305,repope,3507,407,203,3710,203,5,0
gemma-3-4b-it,gemma-3-4b-it,dash-b,Sphere-Traj-LSTM,proxy_anchor,Diag-vMF-selected,mixture_vmf,test,test,pooled,0.5,20260507,2,2,passed,,0.48453088069256073,0.4320179150577203,0.5407535228422411,0.597843609337381,0.5440300620467452,0.6514579837190132,0.487052648039207,0.0,0.8884120171673819,438,233,205,305,repope,3507,407,203,3710,203,5,0
gemma-3-4b-it,gemma-3-4b-it,repope,Sphere-Traj-LSTM,proxy_anchor,Diag-Classifier,classifier_control,test,test,pooled,0.5,20260508,,,passed,,0.5676560434857472,0.49285629264795244,0.6443510901556594,0.8744643266804313,0.8376899326842134,0.9047794227129711,0.5150739692670735,0.0,0.653819683413627,1603,1453,150,1438,repope,3507,407,203,3710,203,37,0
gemma-3-4b-it,gemma-3-4b-it,repope,Sphere-Traj-LSTM,proxy_anchor,Diag-kNN-selected,nonparametric_knn,test,test,pooled,0.5,20260508,32,,passed,,0.5276682985482851,0.44846766426617896,0.6102340671047011,0.9083505391144759,0.889702291104812,0.9259609662027309,0.5310595001395724,0.22666666666666666,0.3131452167928424,1603,1453,150,1438,repope,3507,407,203,3710,203,37,0
gemma-3-4b-it,gemma-3-4b-it,repope,Sphere-Traj-LSTM,proxy_anchor,Diag-vMF-selected,single_vmf,test,test,pooled,0.5,20260508,1,1,passed,,0.5940865923262071,0.5175126826708742,0.6762507865119142,0.945726083964212,0.9337081578764187,0.9562788278141576,0.5975461708932558,0.23333333333333334,0.1858224363386098,1603,1453,150,1438,repope,3507,407,203,3710,203,37,0
gemma-3-4b-it,gemma-3-4b-it,pope,Sphere-Traj-LSTM,proxy_anchor,Diag-Classifier,classifier_control,test,test,pooled,0.5,20260508,,,passed,,0.46942072052687034,0.4007600187578566,0.5338199806738108,0.8479759230214914,0.8118491988971168,0.8785989490753079,0.3992415270028626,0.0,0.6208935611038108,1677,1522,155,1538,repope,3507,407,203,3710,203,123,0
gemma-3-4b-it,gemma-3-4b-it,pope,Sphere-Traj-LSTM,proxy_anchor,Diag-kNN-selected,nonparametric_knn,test,test,pooled,0.5,20260508,32,,passed,,0.34556873408011957,0.28359141149296024,0.41760332410843315,0.8606036200245856,0.8362020748626506,0.8829473389118299,0.34975772387647436,0.06451612903225806,0.4185282522996058,1677,1522,155,1538,repope,3507,407,203,3710,203,123,0
gemma-3-4b-it,gemma-3-4b-it,pope,Sphere-Traj-LSTM,proxy_anchor,Diag-vMF-selected,single_vmf,test,test,pooled,0.5,20260508,1,1,passed,,0.4206279531539716,0.35330415333081,0.49543988844807946,0.899381119918613,0.8749337474901736,0.920028331575366,0.4249353914491107,0.06451612903225806,0.26018396846254926,1677,1522,155,1538,repope,3507,407,203,3710,203,123,0
gemma-3-4b-it,gemma-3-4b-it,dash-b,Sphere-Traj-LSTM,proxy_anchor,Diag-Classifier,classifier_control,test,test,pooled,0.5,20260508,,,passed,,0.7318275828023583,0.6710859268393604,0.7902509121519361,0.7786768554380823,0.7370425703319123,0.8206088170998238,0.6972976671267248,0.0,0.5278969957081545,438,233,205,305,repope,3507,407,203,3710,203,5,0
gemma-3-4b-it,gemma-3-4b-it,dash-b,Sphere-Traj-LSTM,proxy_anchor,Diag-kNN-selected,nonparametric_knn,test,test,pooled,0.5,20260508,32,,passed,,0.4506907487497991,0.3970315468451079,0.5125163473868594,0.5324819428451795,0.48187045391825056,0.5907618815249799,0.4534152081919123,0.00975609756097561,0.759656652360515,438,233,205,305,repope,3507,407,203,3710,203,5,0
gemma-3-4b-it,gemma-3-4b-it,dash-b,Sphere-Traj-LSTM,proxy_anchor,Diag-vMF-selected,single_vmf,test,test,pooled,0.5,20260508,1,1,passed,,0.4419319273998152,0.38943942994367375,0.5002221513342924,0.5148330367423846,0.46669340212069044,0.5735274089807995,0.44436688824782455,0.0,0.9527896995708155,438,233,205,305,repope,3507,407,203,3710,203,5,0
molmo-7b-d-0924,molmo-7b-d-0924,repope,Sphere-Traj-LSTM,proxy_anchor,Diag-Classifier,classifier_control,test,test,pooled,0.5,20260506,,,passed,,0.3505894737420961,0.24559268344521748,0.4625855631502321,0.8176526231536054,0.7622499849670002,0.8718577076104321,0.32547408804164507,0.2916666666666667,0.685003274394237,1599,1527,72,1513,repope,3786,202,101,3887,101,41,0
molmo-7b-d-0924,molmo-7b-d-0924,repope,Sphere-Traj-LSTM,proxy_anchor,Diag-kNN-selected,nonparametric_knn,test,test,pooled,0.5,20260506,4,,passed,,0.3636374508243873,0.26343169138121847,0.48210303713063946,0.9274994542676271,0.9098889777963902,0.9453550827422017,0.3729368964387658,0.2361111111111111,0.20235756385068762,1599,1527,72,1513,repope,3786,202,101,3887,101,41,0
molmo-7b-d-0924,molmo-7b-d-0924,repope,Sphere-Traj-LSTM,proxy_anchor,Diag-vMF-selected,single_vmf,test,test,pooled,0.5,20260506,1,1,passed,,0.4053676560526853,0.29585626283423233,0.5174622053271485,0.9242978243469403,0.8946726503933542,0.9512063366732074,0.4119778254158653,0.2916666666666667,0.366732154551408,1599,1527,72,1513,repope,3786,202,101,3887,101,41,0
molmo-7b-d-0924,molmo-7b-d-0924,pope,Sphere-Traj-LSTM,proxy_anchor,Diag-Classifier,classifier_control,test,test,pooled,0.5,20260506,,,passed,,0.2720997458721181,0.18809817831702821,0.3573878174688789,0.7984806194735647,0.7368008506786597,0.8470684448153675,0.2513852824727437,0.09195402298850575,0.7182919056724028,1656,1569,87,1624,repope,3786,202,101,3887,101,144,0
molmo-7b-d-0924,molmo-7b-d-0924,pope,Sphere-Traj-LSTM,proxy_anchor,Diag-kNN-selected,nonparametric_knn,test,test,pooled,0.5,20260506,4,,passed,,0.22883148314608764,0.16283073502776002,0.3096442449107928,0.8701200706211586,0.8431412703567499,0.8944550323950422,0.23522767267963549,0.06896551724137931,0.35882727852135116,1656,1569,87,1624,repope,3786,202,101,3887,101,144,0
molmo-7b-d-0924,molmo-7b-d-0924,pope,Sphere-Traj-LSTM,proxy_anchor,Diag-vMF-selected,single_vmf,test,test,pooled,0.5,20260506,1,1,passed,,0.28203951439004515,0.20666635087595317,0.36442241817171916,0.8681640696541468,0.8183599999726909,0.9083787213500686,0.28830754935787906,0.09195402298850575,0.662842574888464,1656,1569,87,1624,repope,3786,202,101,3887,101,144,0
molmo-7b-d-0924,molmo-7b-d-0924,dash-b,Sphere-Traj-LSTM,proxy_anchor,Diag-Classifier,classifier_control,test,test,pooled,0.5,20260506,,,passed,,0.5096719922936084,0.43459101253433413,0.5994182042189672,0.6826186131386863,0.6293537871564435,0.7347397068370642,0.5150940844514259,0.03125,0.8795620437956204,434,274,160,346,repope,3786,202,101,3887,101,9,0
molmo-7b-d-0924,molmo-7b-d-0924,dash-b,Sphere-Traj-LSTM,proxy_anchor,Diag-kNN-selected,nonparametric_knn,test,test,pooled,0.5,20260506,4,,passed,,0.4611149690847526,0.3900514344606194,0.5477101450611761,0.6188640510948904,0.5660543752475358,0.6702215767478544,0.46656099011171076,0.0125,0.8357664233576643,434,274,160,346,repope,3786,202,101,3887,101,9,0
molmo-7b-d-0924,molmo-7b-d-0924,dash-b,Sphere-Traj-LSTM,proxy_anchor,Diag-vMF-selected,single_vmf,test,test,pooled,0.5,20260506,1,1,passed,,0.44476318197750025,0.3750302651291234,0.5314262017647234,0.5899863138686131,0.5306574948552895,0.6467319516002131,0.45020424799665426,0.025,0.8686131386861314,434,274,160,346,repope,3786,202,101,3887,101,9,0
molmo-7b-d-0924,molmo-7b-d-0924,repope,Sphere-Traj-LSTM,proxy_anchor,Diag-Classifier,classifier_control,test,test,pooled,0.5,20260507,,,passed,,0.44984165740300386,0.33333521557065526,0.5713130649650443,0.9413701520774214,0.9212366979542069,0.9580256797017878,0.45555471918534973,0.16666666666666666,0.18009168303863785,1599,1527,72,1513,repope,3786,202,101,3887,101,41,0
molmo-7b-d-0924,molmo-7b-d-0924,repope,Sphere-Traj-LSTM,proxy_anchor,Diag-kNN-selected,nonparametric_knn,test,test,pooled,0.5,20260507,1,,passed,,0.04307358828947867,0.03144242583978225,0.05983619782522417,0.488103034271993,0.425345124307612,0.5538471828956976,0.04530478101792953,0.0,0.9449901768172888,1599,1527,72,1513,repope,3786,202,101,3887,101,41,0
molmo-7b-d-0924,molmo-7b-d-0924,repope,Sphere-Traj-LSTM,proxy_anchor,Diag-vMF-selected,mixture_vmf,test,test,pooled,0.5,20260507,2,2,passed,,0.4992904305553361,0.37856275274538964,0.6151813753578047,0.9527759586698683,0.9374580362097159,0.9652319629600755,0.5035935597568565,0.2361111111111111,0.1421087098886706,1599,1527,72,1513,repope,3786,202,101,3887,101,41,0
molmo-7b-d-0924,molmo-7b-d-0924,pope,Sphere-Traj-LSTM,proxy_anchor,Diag-Classifier,classifier_control,test,test,pooled,0.5,20260507,,,passed,,0.3585329838737423,0.27747922347130444,0.45535281365150815,0.9248880976974866,0.9029574228726807,0.9437717944963365,0.3653187733294125,0.14942528735632185,0.28808158062460165,1656,1569,87,1624,repope,3786,202,101,3887,101,144,0
molmo-7b-d-0924,molmo-7b-d-0924,pope,Sphere-Traj-LSTM,proxy_anchor,Diag-kNN-selected,nonparametric_knn,test,test,pooled,0.5,20260507,1,,passed,,0.04618436630259211,0.03529993669123614,0.06002050330550158,0.4596235980161608,0.4013327210707687,0.5141291084865467,0.04772769540211757,0.0,0.9343530911408541,1656,1569,87,1624,repope,3786,202,101,3887,101,144,0
molmo-7b-d-0924,molmo-7b-d-0924,pope,Sphere-Traj-LSTM,proxy_anchor,Diag-vMF-selected,mixture_vmf,test,test,pooled,0.5,20260507,2,2,passed,,0.4007419302787242,0.30594275104749974,0.4998113379401649,0.9359281480993091,0.9182439651428859,0.9516598793980162,0.4069036380410699,0.16091954022988506,0.20331421287444232,1656,1569,87,1624,repope,3786,202,101,3887,101,144,0
molmo-7b-d-0924,molmo-7b-d-0924,dash-b,Sphere-Traj-LSTM,proxy_anchor,Diag-Classifier,classifier_control,test,test,pooled,0.5,20260507,,,passed,,0.5642855259559142,0.48282304727481146,0.6425901712786128,0.721852189781022,0.672676556524159,0.7723519792327455,0.5672102704447907,0.05625,0.8321167883211679,434,274,160,346,repope,3786,202,101,3887,101,9,0
molmo-7b-d-0924,molmo-7b-d-0924,dash-b,Sphere-Traj-LSTM,proxy_anchor,Diag-kNN-selected,nonparametric_knn,test,test,pooled,0.5,20260507,1,,passed,,0.35558887695447233,0.30209882269564947,0.41265548788533063,0.5243613138686132,0.46914723782673434,0.5776875801088812,0.3587774567204487,0.0,0.916058394160584,434,274,160,346,repope,3786,202,101,3887,101,9,0
molmo-7b-d-0924,molmo-7b-d-0924,dash-b,Sphere-Traj-LSTM,proxy_anchor,Diag-vMF-selected,mixture_vmf,test,test,pooled,0.5,20260507,2,2,passed,,0.4220288588392542,0.3652346936801534,0.48761070521498273,0.6179630474452555,0.5652718367739702,0.6688084685394485,0.425380370810402,0.0,0.9379562043795621,434,274,160,346,repope,3786,202,101,3887,101,9,0
molmo-7b-d-0924,molmo-7b-d-0924,repope,Sphere-Traj-LSTM,proxy_anchor,Diag-Classifier,classifier_control,test,test,pooled,0.5,20260508,,,passed,,0.4101637893536189,0.2942909929855388,0.5386893021307102,0.8579731499672559,0.8073523377612399,0.9036000475056098,0.40298377134674845,0.3333333333333333,0.5618860510805501,1599,1527,72,1513,repope,3786,202,101,3887,101,41,0
molmo-7b-d-0924,molmo-7b-d-0924,repope,Sphere-Traj-LSTM,proxy_anchor,Diag-kNN-selected,nonparametric_knn,test,test,pooled,0.5,20260508,32,,passed,,0.3344737991458404,0.22800727259329,0.4437853573231804,0.8986120206650658,0.8715801526292865,0.9232795710162821,0.3412736071917706,0.2222222222222222,0.35821872953503603,1599,1527,72,1513,repope,3786,202,101,3887,101,41,0
molmo-7b-d-0924,molmo-7b-d-0924,repope,Sphere-Traj-LSTM,proxy_anchor,Diag-vMF-selected,single_vmf,test,test,pooled,0.5,20260508,1,1,passed,,0.4668673741908014,0.34973332441079813,0.5884246273703694,0.9257622062140727,0.8986247857878733,0.9497203062930615,0.47381127979262566,0.3611111111111111,0.3143418467583497,1599,1527,72,1513,repope,3786,202,101,3887,101,41,0
molmo-7b-d-0924,molmo-7b-d-0924,pope,Sphere-Traj-LSTM,proxy_anchor,Diag-Classifier,classifier_control,test,test,pooled,0.5,20260508,,,passed,,0.3531732027298034,0.26352134247148284,0.4589193908548616,0.8662190574566127,0.8180726916078606,0.9087950916170691,0.34607605134412617,0.19540229885057472,0.6405353728489483,1656,1569,87,1624,repope,3786,202,101,3887,101,144,0
molmo-7b-d-0924,molmo-7b-d-0924,pope,Sphere-Traj-LSTM,proxy_anchor,Diag-kNN-selected,nonparametric_knn,test,test,pooled,0.5,20260508,32,,passed,,0.2639802701234068,0.1853431228008889,0.3533951243439976,0.8655853717500714,0.8338651166905315,0.8958546369884377,0.26919843998445686,0.14942528735632185,0.3964308476736775,1656,1569,87,1624,repope,3786,202,101,3887,101,144,0
molmo-7b-d-0924,molmo-7b-d-0924,pope,Sphere-Traj-LSTM,proxy_anchor,Diag-vMF-selected,single_vmf,test,test,pooled,0.5,20260508,1,1,passed,,0.37645169349991536,0.27974545019372377,0.48417491791571027,0.8894310015164502,0.8475172828097066,0.9261046348814742,0.3823686744258017,0.13793103448275862,0.5666029318036966,1656,1569,87,1624,repope,3786,202,101,3887,101,144,0
molmo-7b-d-0924,molmo-7b-d-0924,dash-b,Sphere-Traj-LSTM,proxy_anchor,Diag-Classifier,classifier_control,test,test,pooled,0.5,20260508,,,passed,,0.5477427015468742,0.4691413447992115,0.6259865384336721,0.6857892335766422,0.6344111714062629,0.7397874791229399,0.5505079091497327,0.03125,0.9817518248175182,434,274,160,346,repope,3786,202,101,3887,101,9,0
molmo-7b-d-0924,molmo-7b-d-0924,dash-b,Sphere-Traj-LSTM,proxy_anchor,Diag-kNN-selected,nonparametric_knn,test,test,pooled,0.5,20260508,32,,passed,,0.4612470198635725,0.39678870227554547,0.5370325228679143,0.6610857664233576,0.6122328802295804,0.7097021721414708,0.4665534490469391,0.00625,0.781021897810219,434,274,160,346,repope,3786,202,101,3887,101,9,0
molmo-7b-d-0924,molmo-7b-d-0924,dash-b,Sphere-Traj-LSTM,proxy_anchor,Diag-vMF-selected,single_vmf,test,test,pooled,0.5,20260508,1,1,passed,,0.4673988737298914,0.3981728333481966,0.5387591180229798,0.6350136861313869,0.582887866823593,0.6876854818919517,0.47126894177367457,0.025,0.8357664233576643,434,274,160,346,repope,3786,202,101,3887,101,9,0
minicpm-v-4_5,minicpm-v-4_5,repope,Sphere-Traj-LSTM,proxy_anchor,Diag-Classifier,classifier_control,test,test,pooled,0.5,20260506,,,passed,,0.41197336778154836,0.2808113978056758,0.5581292335776525,0.9589892727779326,0.9430785550965995,0.9738632824684154,0.3269575125329565,0.32432432432432434,0.13144329896907217,1589,1552,37,1530,repope,3835,104,52,3887,52,51,0
minicpm-v-4_5,minicpm-v-4_5,repope,Sphere-Traj-LSTM,proxy_anchor,Diag-kNN-selected,nonparametric_knn,test,test,pooled,0.5,20260506,32,,passed,,0.35705805283801867,0.21104759030784434,0.5173478619492567,0.9574568124825856,0.9418516166176837,0.9726306226781188,0.3725334522421985,0.32432432432432434,0.12242268041237113,1589,1552,37,1530,repope,3835,104,52,3887,52,51,0
minicpm-v-4_5,minicpm-v-4_5,repope,Sphere-Traj-LSTM,proxy_anchor,Diag-vMF-selected,single_vmf,test,test,pooled,0.5,20260506,1,1,passed,,0.37054462543405087,0.22680356438682148,0.5324903357174443,0.9573174979102814,0.9413285072406277,0.9728454982232924,0.3856633344869988,0.32432432432432434,0.1134020618556701,1589,1552,37,1530,repope,3835,104,52,3887,52,51,0
minicpm-v-4_5,minicpm-v-4_5,pope,Sphere-Traj-LSTM,proxy_anchor,Diag-Classifier,classifier_control,test,test,pooled,0.5,20260506,,,passed,,0.3020422147349862,0.19584015121821344,0.41468133435982807,0.937332749476962,0.913639522233965,0.9573727505345014,0.21016412501096085,0.0,0.24035420619860848,1620,1581,39,1587,repope,3835,104,52,3887,52,180,0
minicpm-v-4_5,minicpm-v-4_5,pope,Sphere-Traj-LSTM,proxy_anchor,Diag-kNN-selected,nonparametric_knn,test,test,pooled,0.5,20260506,32,,passed,,0.24074650435048478,0.12771018261667155,0.3638182337764611,0.9158111549003389,0.8927760167298084,0.9382297880947582,0.2463878318129284,0.10256410256410256,0.18975332068311196,1620,1581,39,1587,repope,3835,104,52,3887,52,180,0
minicpm-v-4_5,minicpm-v-4_5,pope,Sphere-Traj-LSTM,proxy_anchor,Diag-vMF-selected,single_vmf,test,test,pooled,0.5,20260506,1,1,passed,,0.2689288351972581,0.15527494065183015,0.39559472884607066,0.881817739502749,0.7847832767244624,0.9481338916259964,0.2748669551362506,0.10256410256410256,0.9354838709677419,1620,1581,39,1587,repope,3835,104,52,3887,52,180,0
minicpm-v-4_5,minicpm-v-4_5,dash-b,Sphere-Traj-LSTM,proxy_anchor,Diag-Classifier,classifier_control,test,test,pooled,0.5,20260506,,,passed,,0.4234531626603285,0.3390466907993303,0.5216205012954168,0.6813895089285715,0.6231738232167144,0.7355412201438534,0.4307343390549348,0.03571428571428571,0.83125,432,320,112,391,repope,3835,104,52,3887,52,11,0
minicpm-v-4_5,minicpm-v-4_5,dash-b,Sphere-Traj-LSTM,proxy_anchor,Diag-kNN-selected,nonparametric_knn,test,test,pooled,0.5,20260506,32,,passed,,0.49754362510572464,0.41089392095636157,0.6020881951491418,0.7831473214285715,0.7357267611567512,0.8282770645022005,0.5048251310100508,0.03571428571428571,0.740625,432,320,112,391,repope,3835,104,52,3887,52,11,0
minicpm-v-4_5,minicpm-v-4_5,dash-b,Sphere-Traj-LSTM,proxy_anchor,Diag-vMF-selected,single_vmf,test,test,pooled,0.5,20260506,1,1,passed,,0.4208151170802278,0.3360913634242449,0.5208866645583623,0.6456194196428572,0.5819860204936036,0.708054944352904,0.4280043318677569,0.03571428571428571,0.96875,432,320,112,391,repope,3835,104,52,3887,52,11,0
minicpm-v-4_5,minicpm-v-4_5,repope,Sphere-Traj-LSTM,proxy_anchor,Diag-Classifier,classifier_control,test,test,pooled,0.5,20260507,,,passed,,0.3637614487843633,0.22126999263380226,0.5080643615876846,0.9605565617163555,0.9463997371251816,0.9740326752768813,0.31728058180495844,0.2702702702702703,0.11275773195876289,1589,1552,37,1530,repope,3835,104,52,3887,52,51,0
minicpm-v-4_5,minicpm-v-4_5,repope,Sphere-Traj-LSTM,proxy_anchor,Diag-kNN-selected,nonparametric_knn,test,test,pooled,0.5,20260507,32,,passed,,0.29405610004853855,0.15309947293616524,0.44050636821387884,0.9331115909724157,0.9070911248520516,0.9557992426100925,0.30688637011144637,0.2702702702702703,0.22036082474226804,1589,1552,37,1530,repope,3835,104,52,3887,52,51,0
minicpm-v-4_5,minicpm-v-4_5,repope,Sphere-Traj-LSTM,proxy_anchor,Diag-vMF-selected,single_vmf,test,test,pooled,0.5,20260507,1,1,passed,,0.3451918964116023,0.19949332456289162,0.4886328829934929,0.9603824185009752,0.9457738729973957,0.9742705127293246,0.358855058172248,0.2702702702702703,0.11211340206185567,1589,1552,37,1530,repope,3835,104,52,3887,52,51,0
minicpm-v-4_5,minicpm-v-4_5,pope,Sphere-Traj-LSTM,proxy_anchor,Diag-Classifier,classifier_control,test,test,pooled,0.5,20260507,,,passed,,0.28742212076259915,0.18314554410273645,0.40769258800433683,0.8812825378290274,0.7904591895868457,0.9542352696039238,0.22385116384499645,0.0,0.9728020240354206,1620,1581,39,1587,repope,3835,104,52,3887,52,180,0
minicpm-v-4_5,minicpm-v-4_5,pope,Sphere-Traj-LSTM,proxy_anchor,Diag-kNN-selected,nonparametric_knn,test,test,pooled,0.5,20260507,32,,passed,,0.16014646561919488,0.07897566887156923,0.26811966428629636,0.8756710293712191,0.8433369416976338,0.9053124122258539,0.16547623231704328,0.15384615384615385,0.28969006957621757,1620,1581,39,1587,repope,3835,104,52,3887,52,180,0
minicpm-v-4_5,minicpm-v-4_5,pope,Sphere-Traj-LSTM,proxy_anchor,Diag-vMF-selected,single_vmf,test,test,pooled,0.5,20260507,1,1,passed,,0.2618533444195614,0.1506773947517009,0.40169016339690344,0.8937381404174574,0.8181099742667796,0.9549658188253359,0.2702179658421615,0.1794871794871795,0.8115117014547755,1620,1581,39,1587,repope,3835,104,52,3887,52,180,0
minicpm-v-4_5,minicpm-v-4_5,dash-b,Sphere-Traj-LSTM,proxy_anchor,Diag-Classifier,classifier_control,test,test,pooled,0.5,20260507,,,passed,,0.4946904182839775,0.42111142004441293,0.5896659230068753,0.8301897321428572,0.7955512910833674,0.8670007590249116,0.4996290861229015,0.0,0.425,432,320,112,391,repope,3835,104,52,3887,52,11,0
minicpm-v-4_5,minicpm-v-4_5,dash-b,Sphere-Traj-LSTM,proxy_anchor,Diag-kNN-selected,nonparametric_knn,test,test,pooled,0.5,20260507,32,,passed,,0.44450156348220216,0.3747506283580959,0.5360374783941724,0.7756138392857144,0.7339975004970603,0.816313892397121,0.449441828160775,0.0,0.61875,432,320,112,391,repope,3835,104,52,3887,52,11,0
minicpm-v-4_5,minicpm-v-4_5,dash-b,Sphere-Traj-LSTM,proxy_anchor,Diag-vMF-selected,single_vmf,test,test,pooled,0.5,20260507,1,1,passed,,0.39353164848404154,0.32229435820730645,0.4789032041510705,0.6819754464285713,0.6239974689941454,0.737487013252195,0.39846882265281675,0.0,0.9375,432,320,112,391,repope,3835,104,52,3887,52,11,0
minicpm-v-4_5,minicpm-v-4_5,repope,Sphere-Traj-LSTM,proxy_anchor,Diag-Classifier,classifier_control,test,test,pooled,0.5,20260508,,,passed,,0.3489781716126919,0.20956919646218986,0.5121838672712342,0.960312761214823,0.943838285864768,0.9745584985951007,0.36542724703579815,0.2702702702702703,0.1327319587628866,1589,1552,37,1530,repope,3835,104,52,3887,52,51,0
minicpm-v-4_5,minicpm-v-4_5,repope,Sphere-Traj-LSTM,proxy_anchor,Diag-kNN-selected,nonparametric_knn,test,test,pooled,0.5,20260508,2,,passed,,0.06881617081924535,0.043330821305954316,0.11000316933005626,0.825734884368905,0.7821387926399852,0.8640069629369234,0.0802041082959485,0.08108108108108109,0.4497422680412371,1589,1552,37,1530,repope,3835,104,52,3887,52,51,0
minicpm-v-4_5,minicpm-v-4_5,repope,Sphere-Traj-LSTM,proxy_anchor,Diag-vMF-selected,single_vmf,test,test,pooled,0.5,20260508,1,1,passed,,0.36777815211422027,0.22723203477038995,0.5347476987677883,0.964979799387016,0.9501841041719927,0.9777176824171688,0.3844407598083998,0.35135135135135137,0.1134020618556701,1589,1552,37,1530,repope,3835,104,52,3887,52,51,0
minicpm-v-4_5,minicpm-v-4_5,pope,Sphere-Traj-LSTM,proxy_anchor,Diag-Classifier,classifier_control,test,test,pooled,0.5,20260508,,,passed,,0.26892587374251303,0.15999149970345658,0.4029208324958405,0.9199792406623526,0.8675979642370831,0.9625824466987281,0.28091878779983326,0.2564102564102564,0.5762175838077166,1620,1581,39,1587,repope,3835,104,52,3887,52,180,0
minicpm-v-4_5,minicpm-v-4_5,pope,Sphere-Traj-LSTM,proxy_anchor,Diag-kNN-selected,nonparametric_knn,test,test,pooled,0.5,20260508,2,,passed,,0.040177256408520885,0.027111506039784967,0.05860654558385685,0.7150618725571287,0.6591828288071003,0.7670099730912753,0.04387363522278826,0.0,0.5869702719797596,1620,1581,39,1587,repope,3835,104,52,3887,52,180,0
minicpm-v-4_5,minicpm-v-4_5,pope,Sphere-Traj-LSTM,proxy_anchor,Diag-vMF-selected,single_vmf,test,test,pooled,0.5,20260508,1,1,passed,,0.273267455965777,0.16809436120001767,0.40299548427645643,0.9496910426701697,0.9304145319049837,0.9667007653083785,0.285476387214317,0.1794871794871795,0.2049335863377609,1620,1581,39,1587,repope,3835,104,52,3887,52,180,0
minicpm-v-4_5,minicpm-v-4_5,dash-b,Sphere-Traj-LSTM,proxy_anchor,Diag-Classifier,classifier_control,test,test,pooled,0.5,20260508,,,passed,,0.5597858788558037,0.46339491066058053,0.657331242474835,0.829994419642857,0.7902875630087757,0.8694175474692531,0.5647839434360592,0.05357142857142857,0.60625,432,320,112,391,repope,3835,104,52,3887,52,11,0
minicpm-v-4_5,minicpm-v-4_5,dash-b,Sphere-Traj-LSTM,proxy_anchor,Diag-kNN-selected,nonparametric_knn,test,test,pooled,0.5,20260508,2,,passed,,0.5257071991370302,0.4244132326154628,0.6271489409059963,0.7827566964285714,0.7345215923766512,0.829092246706204,0.5304355940244172,0.08035714285714286,0.590625,432,320,112,391,repope,3835,104,52,3887,52,11,0
minicpm-v-4_5,minicpm-v-4_5,dash-b,Sphere-Traj-LSTM,proxy_anchor,Diag-vMF-selected,single_vmf,test,test,pooled,0.5,20260508,1,1,passed,,0.4795180751978437,0.3843271928946693,0.5789495044768211,0.7239955357142858,0.6668698977332301,0.7784357079715095,0.4845103492944248,0.044642857142857144,0.909375,432,320,112,391,repope,3835,104,52,3887,52,11,0
llava-v1.5-7b,llava-v1.5-7b,repope,Sphere-Traj-LSTM,proxy_anchor,Diag-Classifier,classifier_control,test,test,pooled,0.5,20260506,,,passed,,0.509683524782379,0.41910742076911417,0.6041205729903382,0.9340948392022996,0.9174395284332463,0.9489030309253081,0.49691036176746267,0.24793388429752067,0.21603260869565216,1593,1472,121,1461,repope,3633,302,151,3784,151,47,0
llava-v1.5-7b,llava-v1.5-7b,repope,Sphere-Traj-LSTM,proxy_anchor,Diag-kNN-selected,nonparametric_knn,test,test,pooled,0.5,20260506,32,,passed,,0.4688048232332789,0.3704859014142053,0.5635793610679116,0.8937185591088752,0.8694224676795849,0.9189658078725074,0.4736098968367566,0.24793388429752067,0.35665760869565216,1593,1472,121,1461,repope,3633,302,151,3784,151,47,0
llava-v1.5-7b,llava-v1.5-7b,repope,Sphere-Traj-LSTM,proxy_anchor,Diag-vMF-selected,single_vmf,test,test,pooled,0.5,20260506,1,1,passed,,0.505976747412435,0.4100265521039911,0.6032746125166123,0.9153229428674093,0.8911700215788436,0.9368563541187772,0.5109176528364173,0.24793388429752067,0.35733695652173914,1593,1472,121,1461,repope,3633,302,151,3784,151,47,0
llava-v1.5-7b,llava-v1.5-7b,pope,Sphere-Traj-LSTM,proxy_anchor,Diag-Classifier,classifier_control,test,test,pooled,0.5,20260506,,,passed,,0.3146795146251837,0.25007777366779466,0.3970268331778316,0.9071795581440123,0.8863841257847013,0.9275739499060336,0.3012086103053782,0.04716981132075472,0.2755102040816326,1674,1568,106,1562,repope,3633,302,151,3784,151,126,0
llava-v1.5-7b,llava-v1.5-7b,pope,Sphere-Traj-LSTM,proxy_anchor,Diag-kNN-selected,nonparametric_knn,test,test,pooled,0.5,20260506,32,,passed,,0.2477890944811964,0.180454840898623,0.32454663367167974,0.8332270408163265,0.8001616626760427,0.8644057351696441,0.25216121525289253,0.04716981132075472,0.3909438775510204,1674,1568,106,1562,repope,3633,302,151,3784,151,126,0
llava-v1.5-7b,llava-v1.5-7b,pope,Sphere-Traj-LSTM,proxy_anchor,Diag-vMF-selected,single_vmf,test,test,pooled,0.5,20260506,1,1,passed,,0.290144057068962,0.22254765990534003,0.37414024900143167,0.8679666442048518,0.8352416980860571,0.8982041707335219,0.29468704746621766,0.04716981132075472,0.46683673469387754,1674,1568,106,1562,repope,3633,302,151,3784,151,126,0
llava-v1.5-7b,llava-v1.5-7b,dash-b,Sphere-Traj-LSTM,proxy_anchor,Diag-Classifier,classifier_control,test,test,pooled,0.5,20260506,,,passed,,0.7180934680057371,0.6569913563198143,0.7798663174052592,0.7051099116984096,0.6566703503247103,0.7516640028963594,0.7211387793329883,0.0411522633744856,0.8592964824120602,442,199,243,281,repope,3633,302,151,3784,151,1,0
llava-v1.5-7b,llava-v1.5-7b,dash-b,Sphere-Traj-LSTM,proxy_anchor,Diag-kNN-selected,nonparametric_knn,test,test,pooled,0.5,20260506,32,,passed,,0.6718476502349027,0.6098795826405713,0.7359548515270549,0.6546518601236637,0.6007386548782051,0.7022276347224259,0.6750730136313523,0.0411522633744856,0.7738693467336684,442,199,243,281,repope,3633,302,151,3784,151,1,0
llava-v1.5-7b,llava-v1.5-7b,dash-b,Sphere-Traj-LSTM,proxy_anchor,Diag-vMF-selected,single_vmf,test,test,pooled,0.5,20260506,1,1,passed,,0.6759238420370783,0.6158846602304651,0.7385781679210576,0.647238248857456,0.5965465567654769,0.6963551973071979,0.6791146871195037,0.0411522633744856,0.9045226130653267,442,199,243,281,repope,3633,302,151,3784,151,1,0
llava-v1.5-7b,llava-v1.5-7b,repope,Sphere-Traj-LSTM,proxy_anchor,Diag-Classifier,classifier_control,test,test,pooled,0.5,20260507,,,passed,,0.4627949675555254,0.3783231485769242,0.5611294164466664,0.9351250898311174,0.9198373333047659,0.9495433976951545,0.46941543344317177,0.0743801652892562,0.25203804347826086,1593,1472,121,1461,repope,3633,302,151,3784,151,47,0
llava-v1.5-7b,llava-v1.5-7b,repope,Sphere-Traj-LSTM,proxy_anchor,Diag-kNN-selected,nonparametric_knn,test,test,pooled,0.5,20260507,32,,passed,,0.17299065102197125,0.12945216281136832,0.2342261527970276,0.6305302281710384,0.5736663100654871,0.6916178192774539,0.1782407648377874,0.05785123966942149,0.9130434782608695,1593,1472,121,1461,repope,3633,302,151,3784,151,47,0
llava-v1.5-7b,llava-v1.5-7b,repope,Sphere-Traj-LSTM,proxy_anchor,Diag-vMF-selected,single_vmf,test,test,pooled,0.5,20260507,1,1,passed,,0.18039374171281952,0.14894998758288228,0.21743371101105397,0.8249107303269853,0.8015537144287722,0.8494671096009226,0.18338347891100656,0.0,0.37907608695652173,1593,1472,121,1461,repope,3633,302,151,3784,151,47,0
llava-v1.5-7b,llava-v1.5-7b,pope,Sphere-Traj-LSTM,proxy_anchor,Diag-Classifier,classifier_control,test,test,pooled,0.5,20260507,,,passed,,0.3839467757644138,0.303539906732336,0.4854369518121071,0.928806074316519,0.9122469547178179,0.9439622383604799,0.3898901024645306,0.09433962264150944,0.1868622448979592,1674,1568,106,1562,repope,3633,302,151,3784,151,126,0
llava-v1.5-7b,llava-v1.5-7b,pope,Sphere-Traj-LSTM,proxy_anchor,Diag-kNN-selected,nonparametric_knn,test,test,pooled,0.5,20260507,32,,passed,,0.07015818199161274,0.051333821321745805,0.09893183609176162,0.48018747593376976,0.42356874543648737,0.5354541913898617,0.07272846714405123,0.018867924528301886,0.9183673469387755,1674,1568,106,1562,repope,3633,302,151,3784,151,126,0
llava-v1.5-7b,llava-v1.5-7b,pope,Sphere-Traj-LSTM,proxy_anchor,Diag-vMF-selected,single_vmf,test,test,pooled,0.5,20260507,1,1,passed,,0.1350146711274507,0.10915828006376392,0.16231124207886843,0.8027922843665768,0.779194585155556,0.8266150012848826,0.1369568982978044,0.0,0.40688775510204084,1674,1568,106,1562,repope,3633,302,151,3784,151,126,0
llava-v1.5-7b,llava-v1.5-7b,dash-b,Sphere-Traj-LSTM,proxy_anchor,Diag-Classifier,classifier_control,test,test,pooled,0.5,20260507,,,passed,,0.7456090370099127,0.6758007485554922,0.8069299437535461,0.7320760179498315,0.6841748212168428,0.7793933020741268,0.7469332370573684,0.024691358024691357,0.7939698492462312,442,199,243,281,repope,3633,302,151,3784,151,1,0
llava-v1.5-7b,llava-v1.5-7b,dash-b,Sphere-Traj-LSTM,proxy_anchor,Diag-kNN-selected,nonparametric_knn,test,test,pooled,0.5,20260507,32,,passed,,0.5798767831419889,0.5092331813743108,0.6495392512601754,0.5396736770271109,0.4786926853436396,0.5937399499608853,0.5824953343316781,0.00411522633744856,0.9246231155778895,442,199,243,281,repope,3633,302,151,3784,151,1,0
llava-v1.5-7b,llava-v1.5-7b,dash-b,Sphere-Traj-LSTM,proxy_anchor,Diag-vMF-selected,single_vmf,test,test,pooled,0.5,20260507,1,1,passed,,0.6924007813965491,0.6188369080542396,0.7646029168477713,0.6855780962425295,0.6318077522765717,0.7343138592637221,0.6957717867110199,0.00411522633744856,0.9246231155778895,442,199,243,281,repope,3633,302,151,3784,151,1,0
llava-v1.5-7b,llava-v1.5-7b,repope,Sphere-Traj-LSTM,proxy_anchor,Diag-Classifier,classifier_control,test,test,pooled,0.5,20260508,,,passed,,0.43887599009949646,0.3546538289124417,0.5254541766186039,0.9269785303629177,0.9107153437455469,0.941023831410618,0.4344931034217552,0.08264462809917356,0.20108695652173914,1593,1472,121,1461,repope,3633,302,151,3784,151,47,0
llava-v1.5-7b,llava-v1.5-7b,repope,Sphere-Traj-LSTM,proxy_anchor,Diag-kNN-selected,nonparametric_knn,test,test,pooled,0.5,20260508,32,,passed,,0.3408339447056635,0.25499295169315744,0.42884752732361203,0.8146278745957599,0.773395177515068,0.8468410495717232,0.3454734977160951,0.12396694214876033,0.501358695652174,1593,1472,121,1461,repope,3633,302,151,3784,151,47,0
llava-v1.5-7b,llava-v1.5-7b,repope,Sphere-Traj-LSTM,proxy_anchor,Diag-vMF-selected,mixture_vmf,test,test,pooled,0.5,20260508,2,2,passed,,0.425192303078308,0.33486280577637284,0.5161610114903239,0.8963798059647862,0.8675093098105071,0.9196553257502782,0.4302568498641972,0.12396694214876033,0.3892663043478261,1593,1472,121,1461,repope,3633,302,151,3784,151,47,0
llava-v1.5-7b,llava-v1.5-7b,pope,Sphere-Traj-LSTM,proxy_anchor,Diag-Classifier,classifier_control,test,test,pooled,0.5,20260508,,,passed,,0.29768041227784603,0.23160520302558898,0.37606220069605295,0.9013946380438967,0.8817729355350472,0.9196187753476861,0.2885364916867387,0.0660377358490566,0.24298469387755103,1674,1568,106,1562,repope,3633,302,151,3784,151,126,0
llava-v1.5-7b,llava-v1.5-7b,pope,Sphere-Traj-LSTM,proxy_anchor,Diag-kNN-selected,nonparametric_knn,test,test,pooled,0.5,20260508,32,,passed,,0.16768009446929938,0.12014918512908121,0.227796821862572,0.7391762129380054,0.6947306130456518,0.7809235055866839,0.17344852160190272,0.04716981132075472,0.6823979591836735,1674,1568,106,1562,repope,3633,302,151,3784,151,126,0
llava-v1.5-7b,llava-v1.5-7b,pope,Sphere-Traj-LSTM,proxy_anchor,Diag-vMF-selected,mixture_vmf,test,test,pooled,0.5,20260508,2,2,passed,,0.23299487495733692,0.1814259776186794,0.30285280266364517,0.847095206006931,0.8107342729462074,0.8776024445188179,0.2393597574862013,0.05660377358490566,0.4604591836734694,1674,1568,106,1562,repope,3633,302,151,3784,151,126,0
llava-v1.5-7b,llava-v1.5-7b,dash-b,Sphere-Traj-LSTM,proxy_anchor,Diag-Classifier,classifier_control,test,test,pooled,0.5,20260508,,,passed,,0.7742539264821471,0.7174336349901388,0.8287580827164859,0.7350952292325825,0.6884317770649072,0.7824905686711185,0.7750312874579666,0.07818930041152264,0.8341708542713567,442,199,243,281,repope,3633,302,151,3784,151,1,0
llava-v1.5-7b,llava-v1.5-7b,dash-b,Sphere-Traj-LSTM,proxy_anchor,Diag-kNN-selected,nonparametric_knn,test,test,pooled,0.5,20260508,32,,passed,,0.7484055584999627,0.6899074315722179,0.8050199115206824,0.6968587794941787,0.6490385047395479,0.7477169006852634,0.7492903109424132,0.06995884773662552,0.9246231155778895,442,199,243,281,repope,3633,302,151,3784,151,1,0
llava-v1.5-7b,llava-v1.5-7b,dash-b,Sphere-Traj-LSTM,proxy_anchor,Diag-vMF-selected,mixture_vmf,test,test,pooled,0.5,20260508,2,2,passed,,0.7481533882010154,0.6882432896381769,0.8066229400170221,0.7023595342969993,0.6552136917977326,0.7506235744702845,0.7490970673429173,0.06995884773662552,0.8492462311557789,442,199,243,281,repope,3633,302,151,3784,151,1,0
qwen2.5-vl-7b,qwen2.5-vl-7b,repope,Sphere-Traj-LSTM,proxy_anchor,Diag-Classifier,classifier_control,test,test,pooled,0.5,20260506,,,passed,,0.16012831036827502,0.03572723177787393,0.3261645184671437,0.6867051342439943,0.5542475359147435,0.825375939849624,0.11681919763224421,0.22727272727272727,0.9216321243523317,1566,1544,22,1531,repope,3794,101,50,3844,50,74,0
qwen2.5-vl-7b,qwen2.5-vl-7b,repope,Sphere-Traj-LSTM,proxy_anchor,Diag-kNN-selected,nonparametric_knn,test,test,pooled,0.5,20260506,32,,passed,,0.20240266300821527,0.05997684690345188,0.3741112926790078,0.9085315591144607,0.8671662505299681,0.9471712044857274,0.21420070154641732,0.22727272727272727,0.26878238341968913,1566,1544,22,1531,repope,3794,101,50,3844,50,74,0
qwen2.5-vl-7b,qwen2.5-vl-7b,repope,Sphere-Traj-LSTM,proxy_anchor,Diag-vMF-selected,single_vmf,test,test,pooled,0.5,20260506,1,1,passed,,0.21956642839802942,0.07207289925803893,0.39485815093466575,0.8656088082901554,0.7582541624858986,0.9556446367848006,0.23240925838303703,0.22727272727272727,0.6955958549222798,1566,1544,22,1531,repope,3794,101,50,3844,50,74,0
qwen2.5-vl-7b,qwen2.5-vl-7b,pope,Sphere-Traj-LSTM,proxy_anchor,Diag-Classifier,classifier_control,test,test,pooled,0.5,20260506,,,passed,,0.14985373087080806,0.04981900019323807,0.3023452622472927,0.6441741357234316,0.49748276437228955,0.77806002596937,0.10702502869375367,0.2,0.9615877080665813,1587,1562,25,1588,repope,3794,101,50,3844,50,213,0
qwen2.5-vl-7b,qwen2.5-vl-7b,pope,Sphere-Traj-LSTM,proxy_anchor,Diag-kNN-selected,nonparametric_knn,test,test,pooled,0.5,20260506,32,,passed,,0.0986426190613127,0.04651809327290615,0.20559855026564902,0.8776440460947503,0.8237060684823675,0.9225094252503493,0.12103487580185097,0.12,0.3879641485275288,1587,1562,25,1588,repope,3794,101,50,3844,50,213,0
qwen2.5-vl-7b,qwen2.5-vl-7b,pope,Sphere-Traj-LSTM,proxy_anchor,Diag-vMF-selected,single_vmf,test,test,pooled,0.5,20260506,1,1,passed,,0.1317818113968589,0.05979641104408013,0.25635968523088976,0.806427656850192,0.6733242118065096,0.916114390555201,0.15674355784629487,0.24,0.8425096030729834,1587,1562,25,1588,repope,3794,101,50,3844,50,213,0
qwen2.5-vl-7b,qwen2.5-vl-7b,dash-b,Sphere-Traj-LSTM,proxy_anchor,Diag-Classifier,classifier_control,test,test,pooled,0.5,20260506,,,passed,,0.471130925472199,0.37491674607864756,0.5812844562233331,0.7257784690855793,0.6655824983984974,0.7863243984731556,0.47392755225458555,0.0891089108910891,0.8066465256797583,432,331,101,384,repope,3794,101,50,3844,50,11,0
qwen2.5-vl-7b,qwen2.5-vl-7b,dash-b,Sphere-Traj-LSTM,proxy_anchor,Diag-kNN-selected,nonparametric_knn,test,test,pooled,0.5,20260506,32,,passed,,0.3529092077546273,0.26800425793106875,0.4562327280698933,0.6114683975950466,0.5479596494948965,0.6736533794228855,0.3604294257861268,0.0891089108910891,0.8036253776435045,432,331,101,384,repope,3794,101,50,3844,50,11,0
qwen2.5-vl-7b,qwen2.5-vl-7b,dash-b,Sphere-Traj-LSTM,proxy_anchor,Diag-vMF-selected,single_vmf,test,test,pooled,0.5,20260506,1,1,passed,,0.38703401126515175,0.3014040066168751,0.4982427618234747,0.6370733750112172,0.5734138948461764,0.7014641386295525,0.39464015808448816,0.0891089108910891,0.945619335347432,432,331,101,384,repope,3794,101,50,3844,50,11,0
qwen2.5-vl-7b,qwen2.5-vl-7b,repope,Sphere-Traj-LSTM,proxy_anchor,Diag-Classifier,classifier_control,test,test,pooled,0.5,20260507,,,passed,,0.15255911162348404,0.07631856594396025,0.27409499160118855,0.9269312293923693,0.8863454358704556,0.9612668818662068,0.1834725241799143,0.18181818181818182,0.26360103626943004,1566,1544,22,1531,repope,3794,101,50,3844,50,74,0
qwen2.5-vl-7b,qwen2.5-vl-7b,repope,Sphere-Traj-LSTM,proxy_anchor,Diag-kNN-selected,nonparametric_knn,test,test,pooled,0.5,20260507,32,,passed,,0.07158411606908292,0.02964464396576185,0.15131896612983492,0.7749646726330663,0.659792304521903,0.8734646342218115,0.08818109012027396,0.18181818181818182,0.7862694300518135,1566,1544,22,1531,repope,3794,101,50,3844,50,74,0
qwen2.5-vl-7b,qwen2.5-vl-7b,repope,Sphere-Traj-LSTM,proxy_anchor,Diag-vMF-selected,single_vmf,test,test,pooled,0.5,20260507,1,1,passed,,0.10634503772023211,0.05054532192332752,0.19114805177888114,0.8402614225153084,0.7417162260525452,0.9249545592412064,0.12507199320596013,0.18181818181818182,0.6224093264248705,1566,1544,22,1531,repope,3794,101,50,3844,50,74,0
qwen2.5-vl-7b,qwen2.5-vl-7b,pope,Sphere-Traj-LSTM,proxy_anchor,Diag-Classifier,classifier_control,test,test,pooled,0.5,20260507,,,passed,,0.11969359219785228,0.05713487928735979,0.2114844144106633,0.893495518565941,0.836940679424705,0.9428217487311318,0.13769945660178448,0.12,0.4142125480153649,1587,1562,25,1588,repope,3794,101,50,3844,50,213,0
qwen2.5-vl-7b,qwen2.5-vl-7b,pope,Sphere-Traj-LSTM,proxy_anchor,Diag-kNN-selected,nonparametric_knn,test,test,pooled,0.5,20260507,32,,passed,,0.05338146487888388,0.023478032937339532,0.10972284104996696,0.7690396927016645,0.6960022142997697,0.8402100855328215,0.06390217456047312,0.08,0.5563380281690141,1587,1562,25,1588,repope,3794,101,50,3844,50,213,0
qwen2.5-vl-7b,qwen2.5-vl-7b,pope,Sphere-Traj-LSTM,proxy_anchor,Diag-vMF-selected,single_vmf,test,test,pooled,0.5,20260507,1,1,passed,,0.07587257573793656,0.03173989179943109,0.14565250824136167,0.7701664532650447,0.6608374394953586,0.8728767327075446,0.0866690102506242,0.08,0.8169014084507042,1587,1562,25,1588,repope,3794,101,50,3844,50,213,0
qwen2.5-vl-7b,qwen2.5-vl-7b,dash-b,Sphere-Traj-LSTM,proxy_anchor,Diag-Classifier,classifier_control,test,test,pooled,0.5,20260507,,,passed,,0.4657101680958701,0.3686340687416201,0.5705564071433559,0.7276779037420358,0.6708997392521975,0.7810385591224834,0.4710200705717418,0.04950495049504951,0.7250755287009063,432,331,101,384,repope,3794,101,50,3844,50,11,0
qwen2.5-vl-7b,qwen2.5-vl-7b,dash-b,Sphere-Traj-LSTM,proxy_anchor,Diag-kNN-selected,nonparametric_knn,test,test,pooled,0.5,20260507,32,,passed,,0.2823657681540622,0.21522710994564637,0.36005320627892645,0.5576560677215758,0.4933512577075083,0.6168607810361615,0.28732351646409937,0.019801980198019802,0.8549848942598187,432,331,101,384,repope,3794,101,50,3844,50,11,0
qwen2.5-vl-7b,qwen2.5-vl-7b,dash-b,Sphere-Traj-LSTM,proxy_anchor,Diag-vMF-selected,single_vmf,test,test,pooled,0.5,20260507,1,1,passed,,0.3118254485019603,0.23895976683432626,0.3947183867295815,0.5873141694834135,0.5189892288921266,0.6527441502258916,0.31683948428447667,0.019801980198019802,0.9214501510574018,432,331,101,384,repope,3794,101,50,3844,50,11,0
qwen2.5-vl-7b,qwen2.5-vl-7b,repope,Sphere-Traj-LSTM,proxy_anchor,Diag-Classifier,classifier_control,test,test,pooled,0.5,20260508,,,passed,,0.19649691148843745,0.07256022536771041,0.3663685403171725,0.7796013895430993,0.6362521134588182,0.902828451731784,0.17175932327879417,0.13636363636363635,0.8063471502590673,1566,1544,22,1531,repope,3794,101,50,3844,50,74,0
qwen2.5-vl-7b,qwen2.5-vl-7b,repope,Sphere-Traj-LSTM,proxy_anchor,Diag-kNN-selected,nonparametric_knn,test,test,pooled,0.5,20260508,16,,passed,,0.12172995789202556,0.04726870557957634,0.25844169103579373,0.8435586434291097,0.7648281707505008,0.9119066628319155,0.15126566123269197,0.18181818181818182,0.5472797927461139,1566,1544,22,1531,repope,3794,101,50,3844,50,74,0
qwen2.5-vl-7b,qwen2.5-vl-7b,repope,Sphere-Traj-LSTM,proxy_anchor,Diag-vMF-selected,single_vmf,test,test,pooled,0.5,20260508,1,1,passed,,0.13623052570036434,0.06555923921773349,0.2638646206880702,0.8691709844559585,0.7668003413254246,0.9607327000175856,0.16552315495688227,0.13636363636363635,0.689119170984456,1566,1544,22,1531,repope,3794,101,50,3844,50,74,0
qwen2.5-vl-7b,qwen2.5-vl-7b,pope,Sphere-Traj-LSTM,proxy_anchor,Diag-Classifier,classifier_control,test,test,pooled,0.5,20260508,,,passed,,0.17331216323611803,0.06097723093585577,0.33098633556456997,0.7536747759282971,0.621826693132452,0.8727728745936838,0.140082604650763,0.16,0.9014084507042254,1587,1562,25,1588,repope,3794,101,50,3844,50,213,0
qwen2.5-vl-7b,qwen2.5-vl-7b,pope,Sphere-Traj-LSTM,proxy_anchor,Diag-kNN-selected,nonparametric_knn,test,test,pooled,0.5,20260508,16,,passed,,0.11486407457396614,0.04733983997330939,0.2434059965778749,0.852291933418694,0.7976003321250177,0.9085012397672142,0.1390618572176807,0.28,0.4199743918053777,1587,1562,25,1588,repope,3794,101,50,3844,50,213,0
qwen2.5-vl-7b,qwen2.5-vl-7b,pope,Sphere-Traj-LSTM,proxy_anchor,Diag-vMF-selected,single_vmf,test,test,pooled,0.5,20260508,1,1,passed,,0.12144088692843837,0.05728657218818698,0.23985869206982047,0.8715749039692702,0.8014586927680335,0.9358777972722048,0.14493325476496755,0.16,0.5313700384122919,1587,1562,25,1588,repope,3794,101,50,3844,50,213,0
qwen2.5-vl-7b,qwen2.5-vl-7b,dash-b,Sphere-Traj-LSTM,proxy_anchor,Diag-Classifier,classifier_control,test,test,pooled,0.5,20260508,,,passed,,0.4956150143873597,0.39035556798968984,0.5975105470089045,0.7295623822200952,0.6672762028583922,0.7834889718466708,0.49946975498593693,0.06930693069306931,0.7009063444108762,432,331,101,384,repope,3794,101,50,3844,50,11,0
qwen2.5-vl-7b,qwen2.5-vl-7b,dash-b,Sphere-Traj-LSTM,proxy_anchor,Diag-kNN-selected,nonparametric_knn,test,test,pooled,0.5,20260508,16,,passed,,0.326270191426206,0.2461942239908786,0.40716852914595275,0.5760222547934553,0.5143109114271793,0.6324024812668334,0.32967550576331167,0.0594059405940594,0.8761329305135952,432,331,101,384,repope,3794,101,50,3844,50,11,0
qwen2.5-vl-7b,qwen2.5-vl-7b,dash-b,Sphere-Traj-LSTM,proxy_anchor,Diag-vMF-selected,single_vmf,test,test,pooled,0.5,20260508,1,1,passed,,0.37485381194817513,0.28767419034945213,0.46374755511354254,0.6324369597080552,0.5683848069889259,0.693872031671191,0.3786127550756986,0.04950495049504951,0.918429003021148,432,331,101,384,repope,3794,101,50,3844,50,11,0
