model_alias,model_name,dataset_family,encoder_family,objective,readout,eval_split,metric_split,eval_scope,negative_budget_ratio,negative_budget_seed,selected_k,budget_status,budget_skip_reason,metric_status,failure_reason,pr_auc,pr_auc_ci_low,pr_auc_ci_high,roc_auc,roc_auc_ci_low,roc_auc_ci_high,average_precision,tpr_at_1pct_fpr,fpr_at_95pct_tpr,num_test,num_test_correct,num_test_hard_hallucination,num_bank_correct,num_encoder_train_correct,num_encoder_train_hard_hallucination_available,num_encoder_train_hard_hallucination_used,num_encoder_train,num_encoder_train_hallucination,num_excluded_false_negative,num_excluded_parsed_none
llava-onevision-qwen2-7b-ov-hf,llava-onevision-qwen2-7b-ov-hf,dash-b,Sphere-Traj-LSTM,proxy_anchor,Diag-Classifier,test,test,pooled,1.0,20260506,,evaluated,,passed,,0.6676221458961045,0.5952403013823069,0.72936730738077,0.6834902445258584,0.6345599369890613,0.7350278396951079,0.6581825016201728,0.0,0.9297520661157025,436,242,194,326,3833,138,138,3971,138,7,0
llava-onevision-qwen2-7b-ov-hf,llava-onevision-qwen2-7b-ov-hf,dash-b,Sphere-Traj-LSTM,proxy_anchor,Diag-kNN-tuned,test,test,pooled,1.0,20260506,16,evaluated,,passed,,0.6697047664235327,0.599178236009106,0.7386891737994303,0.7328107693618471,0.6876107040281146,0.7798076807151857,0.6736488275190992,0.06701030927835051,0.8512396694214877,436,242,194,326,3833,138,138,3971,138,7,0
llava-onevision-qwen2-7b-ov-hf,llava-onevision-qwen2-7b-ov-hf,dash-b,Sphere-Traj-LSTM,proxy_anchor,Diag-vMF,test,test,pooled,1.0,20260506,,evaluated,,passed,,0.6429311055826454,0.5707744497752059,0.7157608414984,0.6715515037914288,0.6205144530204917,0.7231598312061092,0.646902127565924,0.06701030927835051,0.9256198347107438,436,242,194,326,3833,138,138,3971,138,7,0
llava-onevision-qwen2-7b-ov-hf,llava-onevision-qwen2-7b-ov-hf,dash-b,Sphere-Traj-LSTM,proxy_anchor,Diag-Classifier,test,test,pooled,1.0,20260507,,evaluated,,passed,,0.6610872110104014,0.5921311375124555,0.7261257484084893,0.6724674107523216,0.6210499153282752,0.7228718517742344,0.6425750747194523,0.0,0.9173553719008265,436,242,194,326,3833,138,138,3971,138,7,0
llava-onevision-qwen2-7b-ov-hf,llava-onevision-qwen2-7b-ov-hf,dash-b,Sphere-Traj-LSTM,proxy_anchor,Diag-kNN-tuned,test,test,pooled,1.0,20260507,32,evaluated,,passed,,0.6876671254588645,0.6170670601033583,0.7628307148786445,0.7553676407940699,0.7139506894129716,0.8020230753286162,0.6915540050475317,0.0979381443298969,0.8388429752066116,436,242,194,326,3833,138,138,3971,138,7,0
llava-onevision-qwen2-7b-ov-hf,llava-onevision-qwen2-7b-ov-hf,dash-b,Sphere-Traj-LSTM,proxy_anchor,Diag-vMF,test,test,pooled,1.0,20260507,,evaluated,,passed,,0.6293135622637099,0.559002553858496,0.7023939301491112,0.6393243588651273,0.5847827846729098,0.6925862275505827,0.633225613255073,0.0979381443298969,0.9586776859504132,436,242,194,326,3833,138,138,3971,138,7,0
llava-onevision-qwen2-7b-ov-hf,llava-onevision-qwen2-7b-ov-hf,dash-b,Sphere-Traj-LSTM,proxy_anchor,Diag-Classifier,test,test,pooled,1.0,20260508,,evaluated,,passed,,0.7275617938385119,0.6521558143410391,0.7888740539149863,0.778339865382977,0.7316283260571899,0.8186598977544765,0.712571440693663,0.0,0.7231404958677686,436,242,194,326,3833,138,138,3971,138,7,0
llava-onevision-qwen2-7b-ov-hf,llava-onevision-qwen2-7b-ov-hf,dash-b,Sphere-Traj-LSTM,proxy_anchor,Diag-kNN-tuned,test,test,pooled,1.0,20260508,32,evaluated,,passed,,0.6893996630487182,0.6114796199688972,0.7630425171777289,0.7606713811024962,0.7114975569072232,0.8039666196971701,0.6933261940710485,0.07216494845360824,0.7975206611570248,436,242,194,326,3833,138,138,3971,138,7,0
llava-onevision-qwen2-7b-ov-hf,llava-onevision-qwen2-7b-ov-hf,dash-b,Sphere-Traj-LSTM,proxy_anchor,Diag-vMF,test,test,pooled,1.0,20260508,,evaluated,,passed,,0.6668933321128911,0.5882912541774773,0.7386179729779059,0.7018829343103008,0.646240064475293,0.748062180486691,0.6708016296615054,0.07216494845360824,0.9380165289256198,436,242,194,326,3833,138,138,3971,138,7,0
llava-onevision-qwen2-7b-ov-hf,llava-onevision-qwen2-7b-ov-hf,dash-b,Sphere-Traj-LSTM,proxy_anchor,Diag-Classifier,test,test,pooled,0.5,20260506,,evaluated,,passed,,0.6926321752752418,0.6267330760893766,0.7521061525235474,0.7009350771065861,0.6529538534283272,0.7517674731182795,0.6871053514050549,0.0,0.9173553719008265,436,242,194,326,3833,138,69,3902,69,7,0
llava-onevision-qwen2-7b-ov-hf,llava-onevision-qwen2-7b-ov-hf,dash-b,Sphere-Traj-LSTM,proxy_anchor,Diag-kNN-tuned,test,test,pooled,0.5,20260506,16,evaluated,,passed,,0.699238675209458,0.6332804066473906,0.7581847884905182,0.7299991479935248,0.684039880970148,0.7727634166344525,0.7004612484464192,0.08247422680412371,0.8140495867768595,436,242,194,326,3833,138,69,3902,69,7,0
llava-onevision-qwen2-7b-ov-hf,llava-onevision-qwen2-7b-ov-hf,dash-b,Sphere-Traj-LSTM,proxy_anchor,Diag-vMF,test,test,pooled,0.5,20260506,,evaluated,,passed,,0.660863140566128,0.5912467006239052,0.7209968326670053,0.646587714066627,0.5914783910997004,0.6984996781665992,0.6621088659152456,0.08247422680412371,0.9380165289256198,436,242,194,326,3833,138,69,3902,69,7,0
llava-onevision-qwen2-7b-ov-hf,llava-onevision-qwen2-7b-ov-hf,dash-b,Sphere-Traj-LSTM,proxy_anchor,Diag-Classifier,test,test,pooled,0.5,20260507,,evaluated,,passed,,0.6601758998870577,0.5885658643726531,0.7269210940656678,0.6692936866320185,0.6175441847759504,0.7197971431022648,0.6624459093089683,0.0979381443298969,0.8760330578512396,436,242,194,326,3833,138,69,3902,69,7,0
llava-onevision-qwen2-7b-ov-hf,llava-onevision-qwen2-7b-ov-hf,dash-b,Sphere-Traj-LSTM,proxy_anchor,Diag-kNN-tuned,test,test,pooled,0.5,20260507,32,evaluated,,passed,,0.6871390026286583,0.6181627109717994,0.753905782138468,0.7430241969838971,0.6983110657301059,0.7873264499830638,0.6894356815687117,0.12886597938144329,0.7768595041322314,436,242,194,326,3833,138,69,3902,69,7,0
llava-onevision-qwen2-7b-ov-hf,llava-onevision-qwen2-7b-ov-hf,dash-b,Sphere-Traj-LSTM,proxy_anchor,Diag-vMF,test,test,pooled,0.5,20260507,,evaluated,,passed,,0.6795904732904038,0.6111874828525151,0.7445514465032343,0.6919783590355286,0.6412096667899932,0.7411576005758319,0.6818118109406329,0.12886597938144329,0.8925619834710744,436,242,194,326,3833,138,69,3902,69,7,0
llava-onevision-qwen2-7b-ov-hf,llava-onevision-qwen2-7b-ov-hf,dash-b,Sphere-Traj-LSTM,proxy_anchor,Diag-Classifier,test,test,pooled,0.5,20260508,,evaluated,,passed,,0.7324310306155803,0.658052425624672,0.7951311747878206,0.7807893839993184,0.7338971165960385,0.8228822375789212,0.7319544894083829,0.07216494845360824,0.7851239669421488,436,242,194,326,3833,138,69,3902,69,7,0
llava-onevision-qwen2-7b-ov-hf,llava-onevision-qwen2-7b-ov-hf,dash-b,Sphere-Traj-LSTM,proxy_anchor,Diag-kNN-tuned,test,test,pooled,0.5,20260508,32,evaluated,,passed,,0.661996020886584,0.5832313687382242,0.734807211788107,0.723715600238562,0.676305867130683,0.7706710849049188,0.6657172720085072,0.07731958762886598,0.7644628099173554,436,242,194,326,3833,138,69,3902,69,7,0
llava-onevision-qwen2-7b-ov-hf,llava-onevision-qwen2-7b-ov-hf,dash-b,Sphere-Traj-LSTM,proxy_anchor,Diag-vMF,test,test,pooled,0.5,20260508,,evaluated,,passed,,0.6602299696976149,0.5840569531871632,0.7313896946090193,0.6882721308681945,0.6362497593644996,0.7376287260951536,0.6638353777312749,0.08762886597938144,0.8966942148760331,436,242,194,326,3833,138,69,3902,69,7,0
llava-onevision-qwen2-7b-ov-hf,llava-onevision-qwen2-7b-ov-hf,dash-b,Sphere-Traj-LSTM,proxy_anchor,Diag-Classifier,test,test,pooled,0.25,20260506,,evaluated,,passed,,0.6747781887248958,0.6059925835004409,0.739004649324606,0.6812430774473885,0.6301513233705174,0.73405428288755,0.676485095689181,0.06701030927835051,0.871900826446281,436,242,194,326,3833,138,34,3867,34,7,0
llava-onevision-qwen2-7b-ov-hf,llava-onevision-qwen2-7b-ov-hf,dash-b,Sphere-Traj-LSTM,proxy_anchor,Diag-kNN-tuned,test,test,pooled,0.25,20260506,32,evaluated,,passed,,0.6300325467449127,0.5540751117337053,0.6971487199132609,0.6983897077617791,0.6509430327154785,0.7469644192755636,0.6317558536768059,0.05670103092783505,0.8057851239669421,436,242,194,326,3833,138,34,3867,34,7,0
llava-onevision-qwen2-7b-ov-hf,llava-onevision-qwen2-7b-ov-hf,dash-b,Sphere-Traj-LSTM,proxy_anchor,Diag-vMF,test,test,pooled,0.25,20260506,,evaluated,,passed,,0.6764406448986351,0.6090020355523574,0.7403952405689446,0.6856522109568033,0.6352171929377812,0.7360039023508188,0.6778152065014227,0.07216494845360824,0.9504132231404959,436,242,194,326,3833,138,34,3867,34,7,0
llava-onevision-qwen2-7b-ov-hf,llava-onevision-qwen2-7b-ov-hf,dash-b,Sphere-Traj-LSTM,proxy_anchor,Diag-Classifier,test,test,pooled,0.25,20260507,,evaluated,,passed,,0.7013560679810236,0.6321081341724218,0.7673021865178631,0.748061685268808,0.7035260144892799,0.7932758057491289,0.7030614829995042,0.04639175257731959,0.8677685950413223,436,242,194,326,3833,138,34,3867,34,7,0
llava-onevision-qwen2-7b-ov-hf,llava-onevision-qwen2-7b-ov-hf,dash-b,Sphere-Traj-LSTM,proxy_anchor,Diag-kNN-tuned,test,test,pooled,0.25,20260507,32,evaluated,,passed,,0.6619295489833581,0.5955059869141681,0.7321539099010463,0.7412669336286956,0.6984641959639305,0.7832826164333061,0.6640264413951319,0.03608247422680412,0.6818181818181818,436,242,194,326,3833,138,34,3867,34,7,0
llava-onevision-qwen2-7b-ov-hf,llava-onevision-qwen2-7b-ov-hf,dash-b,Sphere-Traj-LSTM,proxy_anchor,Diag-vMF,test,test,pooled,0.25,20260507,,evaluated,,passed,,0.6483490660188773,0.5754896527222123,0.7191601848758951,0.6591335094146715,0.604644440858088,0.7112403856148902,0.650375689187117,0.03608247422680412,0.9834710743801653,436,242,194,326,3833,138,34,3867,34,7,0
llava-onevision-qwen2-7b-ov-hf,llava-onevision-qwen2-7b-ov-hf,dash-b,Sphere-Traj-LSTM,proxy_anchor,Diag-Classifier,test,test,pooled,0.25,20260508,,evaluated,,passed,,0.7595360137894489,0.692173303868866,0.8180183914628125,0.80817074209764,0.7656805296626553,0.8469721398964843,0.7431904933960458,0.0,0.5743801652892562,436,242,194,326,3833,138,34,3867,34,7,0
llava-onevision-qwen2-7b-ov-hf,llava-onevision-qwen2-7b-ov-hf,dash-b,Sphere-Traj-LSTM,proxy_anchor,Diag-kNN-tuned,test,test,pooled,0.25,20260508,4,evaluated,,passed,,0.6909018946567598,0.6200763362783054,0.7565507535734051,0.7426940444747381,0.6950007699426024,0.7869163209019922,0.69232674403283,0.07731958762886598,0.7892561983471075,436,242,194,326,3833,138,34,3867,34,7,0
llava-onevision-qwen2-7b-ov-hf,llava-onevision-qwen2-7b-ov-hf,dash-b,Sphere-Traj-LSTM,proxy_anchor,Diag-vMF,test,test,pooled,0.25,20260508,,evaluated,,passed,,0.6746043283744102,0.6037725074697982,0.7367258571028837,0.6551503791428814,0.5963742648344823,0.7054268063701531,0.6757155391256142,0.12886597938144329,0.9090909090909091,436,242,194,326,3833,138,34,3867,34,7,0
llava-onevision-qwen2-7b-ov-hf,llava-onevision-qwen2-7b-ov-hf,dash-b,Sphere-Traj-LSTM,proxy_anchor,Diag-kNN-tuned,test,test,pooled,0.1,20260506,,skipped,ratio 0.1 would leave fewer than 20 hard negatives (13),skipped,ratio 0.1 would leave fewer than 20 hard negatives (13),nan,nan,nan,nan,nan,nan,nan,nan,nan,0,0,0,0,3833,138,0,3833,0,0,0
llava-onevision-qwen2-7b-ov-hf,llava-onevision-qwen2-7b-ov-hf,dash-b,Sphere-Traj-LSTM,proxy_anchor,Diag-Classifier,test,test,pooled,0.1,20260506,,skipped,ratio 0.1 would leave fewer than 20 hard negatives (13),skipped,ratio 0.1 would leave fewer than 20 hard negatives (13),nan,nan,nan,nan,nan,nan,nan,nan,nan,0,0,0,0,3833,138,0,3833,0,0,0
llava-onevision-qwen2-7b-ov-hf,llava-onevision-qwen2-7b-ov-hf,dash-b,Sphere-Traj-LSTM,proxy_anchor,Diag-vMF,test,test,pooled,0.1,20260506,,skipped,ratio 0.1 would leave fewer than 20 hard negatives (13),skipped,ratio 0.1 would leave fewer than 20 hard negatives (13),nan,nan,nan,nan,nan,nan,nan,nan,nan,0,0,0,0,3833,138,0,3833,0,0,0
llava-onevision-qwen2-7b-ov-hf,llava-onevision-qwen2-7b-ov-hf,dash-b,Sphere-Traj-LSTM,proxy_anchor,Diag-kNN-tuned,test,test,pooled,0.1,20260507,,skipped,ratio 0.1 would leave fewer than 20 hard negatives (13),skipped,ratio 0.1 would leave fewer than 20 hard negatives (13),nan,nan,nan,nan,nan,nan,nan,nan,nan,0,0,0,0,3833,138,0,3833,0,0,0
llava-onevision-qwen2-7b-ov-hf,llava-onevision-qwen2-7b-ov-hf,dash-b,Sphere-Traj-LSTM,proxy_anchor,Diag-Classifier,test,test,pooled,0.1,20260507,,skipped,ratio 0.1 would leave fewer than 20 hard negatives (13),skipped,ratio 0.1 would leave fewer than 20 hard negatives (13),nan,nan,nan,nan,nan,nan,nan,nan,nan,0,0,0,0,3833,138,0,3833,0,0,0
llava-onevision-qwen2-7b-ov-hf,llava-onevision-qwen2-7b-ov-hf,dash-b,Sphere-Traj-LSTM,proxy_anchor,Diag-vMF,test,test,pooled,0.1,20260507,,skipped,ratio 0.1 would leave fewer than 20 hard negatives (13),skipped,ratio 0.1 would leave fewer than 20 hard negatives (13),nan,nan,nan,nan,nan,nan,nan,nan,nan,0,0,0,0,3833,138,0,3833,0,0,0
llava-onevision-qwen2-7b-ov-hf,llava-onevision-qwen2-7b-ov-hf,dash-b,Sphere-Traj-LSTM,proxy_anchor,Diag-kNN-tuned,test,test,pooled,0.1,20260508,,skipped,ratio 0.1 would leave fewer than 20 hard negatives (13),skipped,ratio 0.1 would leave fewer than 20 hard negatives (13),nan,nan,nan,nan,nan,nan,nan,nan,nan,0,0,0,0,3833,138,0,3833,0,0,0
llava-onevision-qwen2-7b-ov-hf,llava-onevision-qwen2-7b-ov-hf,dash-b,Sphere-Traj-LSTM,proxy_anchor,Diag-Classifier,test,test,pooled,0.1,20260508,,skipped,ratio 0.1 would leave fewer than 20 hard negatives (13),skipped,ratio 0.1 would leave fewer than 20 hard negatives (13),nan,nan,nan,nan,nan,nan,nan,nan,nan,0,0,0,0,3833,138,0,3833,0,0,0
llava-onevision-qwen2-7b-ov-hf,llava-onevision-qwen2-7b-ov-hf,dash-b,Sphere-Traj-LSTM,proxy_anchor,Diag-vMF,test,test,pooled,0.1,20260508,,skipped,ratio 0.1 would leave fewer than 20 hard negatives (13),skipped,ratio 0.1 would leave fewer than 20 hard negatives (13),nan,nan,nan,nan,nan,nan,nan,nan,nan,0,0,0,0,3833,138,0,3833,0,0,0
qwen3-vl-8b,qwen3-vl-8b,dash-b,Sphere-Traj-LSTM,proxy_anchor,Diag-Classifier,test,test,pooled,1.0,20260506,,evaluated,,passed,,0.8533793369371829,0.7905174161408078,0.9105994038753935,0.9479045092838196,0.9275653427277468,0.9667757570770242,0.8542511148023973,0.2672413793103448,0.20615384615384616,441,325,116,381,3812,168,168,3980,168,2,0
qwen3-vl-8b,qwen3-vl-8b,dash-b,Sphere-Traj-LSTM,proxy_anchor,Diag-kNN-tuned,test,test,pooled,1.0,20260506,32,evaluated,,passed,,0.7272122852718111,0.6404879830265862,0.7996091113785021,0.8730769230769232,0.8386489179112959,0.907313619642694,0.7287315867040087,0.19827586206896552,0.5538461538461539,441,325,116,381,3812,168,168,3980,168,2,0
qwen3-vl-8b,qwen3-vl-8b,dash-b,Sphere-Traj-LSTM,proxy_anchor,Diag-vMF,test,test,pooled,1.0,20260506,,evaluated,,passed,,0.6271380923010564,0.5368828254307966,0.7040581541134276,0.843660477453581,0.8057759281781328,0.8777017589833328,0.6292825075999048,0.14655172413793102,0.5015384615384615,441,325,116,381,3812,168,168,3980,168,2,0
qwen3-vl-8b,qwen3-vl-8b,dash-b,Sphere-Traj-LSTM,proxy_anchor,Diag-Classifier,test,test,pooled,1.0,20260507,,evaluated,,passed,,0.8228673078245189,0.7588871395676805,0.8829997837020763,0.9319628647214854,0.9078467286304358,0.9533289968177878,0.8238155868593753,0.29310344827586204,0.2123076923076923,441,325,116,381,3812,168,168,3980,168,2,0
qwen3-vl-8b,qwen3-vl-8b,dash-b,Sphere-Traj-LSTM,proxy_anchor,Diag-kNN-tuned,test,test,pooled,1.0,20260507,32,evaluated,,passed,,0.5947327142396758,0.5015785222719485,0.6866696985248544,0.8241909814323608,0.7875654069767442,0.8622342665795047,0.597291713431403,0.12931034482758622,0.4676923076923077,441,325,116,381,3812,168,168,3980,168,2,0
qwen3-vl-8b,qwen3-vl-8b,dash-b,Sphere-Traj-LSTM,proxy_anchor,Diag-vMF,test,test,pooled,1.0,20260507,,evaluated,,passed,,0.5233245141778124,0.4364404761631633,0.6199788948120051,0.8219893899204245,0.7838864067492012,0.8608443209983498,0.5282225884471121,0.05172413793103448,0.4584615384615385,441,325,116,381,3812,168,168,3980,168,2,0
qwen3-vl-8b,qwen3-vl-8b,dash-b,Sphere-Traj-LSTM,proxy_anchor,Diag-Classifier,test,test,pooled,1.0,20260508,,evaluated,,passed,,0.8408736473480497,0.7761402960177447,0.8966298975588849,0.9389655172413793,0.9163048412547324,0.9591906365257129,0.8416743847098348,0.31896551724137934,0.23076923076923078,441,325,116,381,3812,168,168,3980,168,2,0
qwen3-vl-8b,qwen3-vl-8b,dash-b,Sphere-Traj-LSTM,proxy_anchor,Diag-kNN-tuned,test,test,pooled,1.0,20260508,32,evaluated,,passed,,0.47495164559321146,0.3957566658347627,0.568692994222627,0.796763925729443,0.7529055400911941,0.8366525320563157,0.48135137080489454,0.05172413793103448,0.5292307692307693,441,325,116,381,3812,168,168,3980,168,2,0
qwen3-vl-8b,qwen3-vl-8b,dash-b,Sphere-Traj-LSTM,proxy_anchor,Diag-vMF,test,test,pooled,1.0,20260508,,evaluated,,passed,,0.47382131118754556,0.3989094769172967,0.5578698386930608,0.8212466843501327,0.780316540688268,0.8585590015639479,0.4782174638274749,0.0,0.4123076923076923,441,325,116,381,3812,168,168,3980,168,2,0
qwen3-vl-8b,qwen3-vl-8b,dash-b,Sphere-Traj-LSTM,proxy_anchor,Diag-Classifier,test,test,pooled,0.5,20260506,,evaluated,,passed,,0.8375560878639031,0.7701844706018514,0.8976405461848797,0.9350132625994696,0.9113358926983267,0.9572776581550279,0.8384744111769182,0.22413793103448276,0.31384615384615383,441,325,116,381,3812,168,84,3896,84,2,0
qwen3-vl-8b,qwen3-vl-8b,dash-b,Sphere-Traj-LSTM,proxy_anchor,Diag-kNN-tuned,test,test,pooled,0.5,20260506,32,evaluated,,passed,,0.5403320844862248,0.4508759611270822,0.6372387650537664,0.8323076923076923,0.7934796684179374,0.8653474134188991,0.5472614964809748,0.06896551724137931,0.36923076923076925,441,325,116,381,3812,168,84,3896,84,2,0
qwen3-vl-8b,qwen3-vl-8b,dash-b,Sphere-Traj-LSTM,proxy_anchor,Diag-vMF,test,test,pooled,0.5,20260506,,evaluated,,passed,,0.6720298114040967,0.5752007386904245,0.7518182051914497,0.8624137931034482,0.8241954399087665,0.8966035675684165,0.6743733665954685,0.14655172413793102,0.39076923076923076,441,325,116,381,3812,168,84,3896,84,2,0
qwen3-vl-8b,qwen3-vl-8b,dash-b,Sphere-Traj-LSTM,proxy_anchor,Diag-Classifier,test,test,pooled,0.5,20260507,,evaluated,,passed,,0.8616912317729497,0.8007612556460334,0.9145454992677776,0.9485145888594164,0.9276477199388483,0.9667021420175819,0.862465990553145,0.2413793103448276,0.23692307692307693,441,325,116,381,3812,168,84,3896,84,2,0
qwen3-vl-8b,qwen3-vl-8b,dash-b,Sphere-Traj-LSTM,proxy_anchor,Diag-kNN-tuned,test,test,pooled,0.5,20260507,8,evaluated,,passed,,0.3881712403459811,0.3142099606684067,0.46558709293923684,0.7160212201591512,0.6685073788142907,0.7600790715308182,0.3936688441293918,0.0,0.64,441,325,116,381,3812,168,84,3896,84,2,0
qwen3-vl-8b,qwen3-vl-8b,dash-b,Sphere-Traj-LSTM,proxy_anchor,Diag-vMF,test,test,pooled,0.5,20260507,,evaluated,,passed,,0.18612378124219803,0.1535222969444991,0.22214108746732164,0.3168832891246684,0.2692007419985153,0.36935492057141156,0.18802866579637154,0.0,0.9723076923076923,441,325,116,381,3812,168,84,3896,84,2,0
qwen3-vl-8b,qwen3-vl-8b,dash-b,Sphere-Traj-LSTM,proxy_anchor,Diag-Classifier,test,test,pooled,0.5,20260508,,evaluated,,passed,,0.7684439118307914,0.6855799797413994,0.8382512126501809,0.8813793103448276,0.8388771732523514,0.9183340541901517,0.7696520310438097,0.3275862068965517,0.5907692307692308,441,325,116,381,3812,168,84,3896,84,2,0
qwen3-vl-8b,qwen3-vl-8b,dash-b,Sphere-Traj-LSTM,proxy_anchor,Diag-kNN-tuned,test,test,pooled,0.5,20260508,32,evaluated,,passed,,0.7360424912551073,0.6525183913556863,0.8102533704807191,0.8817506631299735,0.8470453315240521,0.9130641995534419,0.7374085589059423,0.27586206896551724,0.37846153846153846,441,325,116,381,3812,168,84,3896,84,2,0
qwen3-vl-8b,qwen3-vl-8b,dash-b,Sphere-Traj-LSTM,proxy_anchor,Diag-vMF,test,test,pooled,0.5,20260508,,evaluated,,passed,,0.7498746381168744,0.6667691205720234,0.821490490647227,0.8803978779840849,0.8411731043603786,0.91372298069528,0.7511417257895179,0.28448275862068967,0.40923076923076923,441,325,116,381,3812,168,84,3896,84,2,0
qwen3-vl-8b,qwen3-vl-8b,dash-b,Sphere-Traj-LSTM,proxy_anchor,Diag-Classifier,test,test,pooled,0.25,20260506,,evaluated,,passed,,0.7964350598203671,0.7245743627952648,0.8586439058567983,0.9043501326259947,0.8705933045557639,0.9341877944087763,0.7975045218272196,0.23275862068965517,0.4461538461538462,441,325,116,381,3812,168,42,3854,42,2,0
qwen3-vl-8b,qwen3-vl-8b,dash-b,Sphere-Traj-LSTM,proxy_anchor,Diag-kNN-tuned,test,test,pooled,0.25,20260506,32,evaluated,,passed,,0.7372330763077777,0.6557476774535119,0.8072595625874096,0.866631299734748,0.8287400688440805,0.9005373880019528,0.7384602399023711,0.25,0.5384615384615384,441,325,116,381,3812,168,42,3854,42,2,0
qwen3-vl-8b,qwen3-vl-8b,dash-b,Sphere-Traj-LSTM,proxy_anchor,Diag-vMF,test,test,pooled,0.25,20260506,,evaluated,,passed,,0.7266810187857098,0.645437049784149,0.7963775306751014,0.8653050397877984,0.8288344172586711,0.8981212553415304,0.7279239004748832,0.25,0.4553846153846154,441,325,116,381,3812,168,42,3854,42,2,0
qwen3-vl-8b,qwen3-vl-8b,dash-b,Sphere-Traj-LSTM,proxy_anchor,Diag-Classifier,test,test,pooled,0.25,20260507,,evaluated,,passed,,0.8273013554753466,0.7499520616705564,0.8921267346428755,0.9483554376657826,0.9284446524481836,0.9656836257942909,0.8286433609729262,0.15517241379310345,0.19076923076923077,441,325,116,381,3812,168,42,3854,42,2,0
qwen3-vl-8b,qwen3-vl-8b,dash-b,Sphere-Traj-LSTM,proxy_anchor,Diag-kNN-tuned,test,test,pooled,0.25,20260507,32,evaluated,,passed,,0.45935917031925344,0.3859751355090816,0.5461937031162603,0.7996551724137931,0.7607666851927576,0.840413249302138,0.4642258739762168,0.0,0.5353846153846153,441,325,116,381,3812,168,42,3854,42,2,0
qwen3-vl-8b,qwen3-vl-8b,dash-b,Sphere-Traj-LSTM,proxy_anchor,Diag-vMF,test,test,pooled,0.25,20260507,,evaluated,,passed,,0.5354880188769386,0.452698064837388,0.6292099772489003,0.850132625994695,0.8146663203405747,0.8873114193110342,0.5406151734294316,0.0,0.4,441,325,116,381,3812,168,42,3854,42,2,0
qwen3-vl-8b,qwen3-vl-8b,dash-b,Sphere-Traj-LSTM,proxy_anchor,Diag-Classifier,test,test,pooled,0.25,20260508,,evaluated,,passed,,0.76975383653496,0.6754710478703237,0.8555684294452848,0.9311140583554378,0.9058273197437844,0.9525379958452439,0.7724984492999311,0.11206896551724138,0.20615384615384616,441,325,116,381,3812,168,42,3854,42,2,0
qwen3-vl-8b,qwen3-vl-8b,dash-b,Sphere-Traj-LSTM,proxy_anchor,Diag-kNN-tuned,test,test,pooled,0.25,20260508,32,evaluated,,passed,,0.7345486296859859,0.641697418337404,0.817711783950856,0.900291777188329,0.8708669326189932,0.9281125339560383,0.7368063323623328,0.10344827586206896,0.36923076923076925,441,325,116,381,3812,168,42,3854,42,2,0
qwen3-vl-8b,qwen3-vl-8b,dash-b,Sphere-Traj-LSTM,proxy_anchor,Diag-vMF,test,test,pooled,0.25,20260508,,evaluated,,passed,,0.7147342221177276,0.6212519130260943,0.7976711282430331,0.8750132625994694,0.8371041143574526,0.9089637944123738,0.7169732483634403,0.10344827586206896,0.4553846153846154,441,325,116,381,3812,168,42,3854,42,2,0
qwen3-vl-8b,qwen3-vl-8b,dash-b,Sphere-Traj-LSTM,proxy_anchor,Diag-kNN-tuned,test,test,pooled,0.1,20260506,,skipped,ratio 0.1 would leave fewer than 20 hard negatives (16),skipped,ratio 0.1 would leave fewer than 20 hard negatives (16),nan,nan,nan,nan,nan,nan,nan,nan,nan,0,0,0,0,3812,168,0,3812,0,0,0
qwen3-vl-8b,qwen3-vl-8b,dash-b,Sphere-Traj-LSTM,proxy_anchor,Diag-Classifier,test,test,pooled,0.1,20260506,,skipped,ratio 0.1 would leave fewer than 20 hard negatives (16),skipped,ratio 0.1 would leave fewer than 20 hard negatives (16),nan,nan,nan,nan,nan,nan,nan,nan,nan,0,0,0,0,3812,168,0,3812,0,0,0
qwen3-vl-8b,qwen3-vl-8b,dash-b,Sphere-Traj-LSTM,proxy_anchor,Diag-vMF,test,test,pooled,0.1,20260506,,skipped,ratio 0.1 would leave fewer than 20 hard negatives (16),skipped,ratio 0.1 would leave fewer than 20 hard negatives (16),nan,nan,nan,nan,nan,nan,nan,nan,nan,0,0,0,0,3812,168,0,3812,0,0,0
qwen3-vl-8b,qwen3-vl-8b,dash-b,Sphere-Traj-LSTM,proxy_anchor,Diag-kNN-tuned,test,test,pooled,0.1,20260507,,skipped,ratio 0.1 would leave fewer than 20 hard negatives (16),skipped,ratio 0.1 would leave fewer than 20 hard negatives (16),nan,nan,nan,nan,nan,nan,nan,nan,nan,0,0,0,0,3812,168,0,3812,0,0,0
qwen3-vl-8b,qwen3-vl-8b,dash-b,Sphere-Traj-LSTM,proxy_anchor,Diag-Classifier,test,test,pooled,0.1,20260507,,skipped,ratio 0.1 would leave fewer than 20 hard negatives (16),skipped,ratio 0.1 would leave fewer than 20 hard negatives (16),nan,nan,nan,nan,nan,nan,nan,nan,nan,0,0,0,0,3812,168,0,3812,0,0,0
qwen3-vl-8b,qwen3-vl-8b,dash-b,Sphere-Traj-LSTM,proxy_anchor,Diag-vMF,test,test,pooled,0.1,20260507,,skipped,ratio 0.1 would leave fewer than 20 hard negatives (16),skipped,ratio 0.1 would leave fewer than 20 hard negatives (16),nan,nan,nan,nan,nan,nan,nan,nan,nan,0,0,0,0,3812,168,0,3812,0,0,0
qwen3-vl-8b,qwen3-vl-8b,dash-b,Sphere-Traj-LSTM,proxy_anchor,Diag-kNN-tuned,test,test,pooled,0.1,20260508,,skipped,ratio 0.1 would leave fewer than 20 hard negatives (16),skipped,ratio 0.1 would leave fewer than 20 hard negatives (16),nan,nan,nan,nan,nan,nan,nan,nan,nan,0,0,0,0,3812,168,0,3812,0,0,0
qwen3-vl-8b,qwen3-vl-8b,dash-b,Sphere-Traj-LSTM,proxy_anchor,Diag-Classifier,test,test,pooled,0.1,20260508,,skipped,ratio 0.1 would leave fewer than 20 hard negatives (16),skipped,ratio 0.1 would leave fewer than 20 hard negatives (16),nan,nan,nan,nan,nan,nan,nan,nan,nan,0,0,0,0,3812,168,0,3812,0,0,0
qwen3-vl-8b,qwen3-vl-8b,dash-b,Sphere-Traj-LSTM,proxy_anchor,Diag-vMF,test,test,pooled,0.1,20260508,,skipped,ratio 0.1 would leave fewer than 20 hard negatives (16),skipped,ratio 0.1 would leave fewer than 20 hard negatives (16),nan,nan,nan,nan,nan,nan,nan,nan,nan,0,0,0,0,3812,168,0,3812,0,0,0
internvl3.5-8b,internvl3.5-8b,dash-b,Sphere-Traj-LSTM,proxy_anchor,Diag-Classifier,test,test,pooled,1.0,20260506,,evaluated,,passed,,0.5717512459165585,0.4938894189273504,0.6544121431390045,0.7670688883127902,0.7206568761230807,0.8088907475890813,0.5660237912486985,0.0,0.5444839857651246,432,281,151,361,3689,352,352,4041,352,11,0
internvl3.5-8b,internvl3.5-8b,dash-b,Sphere-Traj-LSTM,proxy_anchor,Diag-kNN-tuned,test,test,pooled,1.0,20260506,32,evaluated,,passed,,0.2709417209322712,0.23076653879414957,0.32570124450947857,0.34168414602531166,0.2869004091644617,0.3971950997311177,0.2738030957459281,0.006622516556291391,0.9679715302491103,432,281,151,361,3689,352,352,4041,352,11,0
internvl3.5-8b,internvl3.5-8b,dash-b,Sphere-Traj-LSTM,proxy_anchor,Diag-vMF,test,test,pooled,1.0,20260506,,evaluated,,passed,,0.30118428093181354,0.2606146816010094,0.34767450999473587,0.4621620984657444,0.4075584308448489,0.5138322850048024,0.30337871300810515,0.0,0.9359430604982206,432,281,151,361,3689,352,352,4041,352,11,0
internvl3.5-8b,internvl3.5-8b,dash-b,Sphere-Traj-LSTM,proxy_anchor,Diag-Classifier,test,test,pooled,1.0,20260507,,evaluated,,passed,,0.5171771641857298,0.4372857751835827,0.6033601162733556,0.7337088449482689,0.6876573940492681,0.7782562947573555,0.5210127868463805,0.046357615894039736,0.5907473309608541,432,281,151,361,3689,352,352,4041,352,11,0
internvl3.5-8b,internvl3.5-8b,dash-b,Sphere-Traj-LSTM,proxy_anchor,Diag-kNN-tuned,test,test,pooled,1.0,20260507,32,evaluated,,passed,,0.2511573969505504,0.2154955347394124,0.2948685784912362,0.309396431854069,0.2651106279632323,0.362200402570797,0.2546568218793199,0.006622516556291391,0.9537366548042705,432,281,151,361,3689,352,352,4041,352,11,0
internvl3.5-8b,internvl3.5-8b,dash-b,Sphere-Traj-LSTM,proxy_anchor,Diag-vMF,test,test,pooled,1.0,20260507,,evaluated,,passed,,0.27799996666707905,0.23648120940378906,0.32279975965659696,0.4008625768895383,0.3481979093570789,0.45255916461569795,0.27992076343113287,0.0,0.9715302491103203,432,281,151,361,3689,352,352,4041,352,11,0
internvl3.5-8b,internvl3.5-8b,dash-b,Sphere-Traj-LSTM,proxy_anchor,Diag-Classifier,test,test,pooled,1.0,20260508,,evaluated,,passed,,0.5097291602092993,0.43417579907825743,0.5854338317535797,0.7348400933279914,0.6875887577512961,0.7775785062952396,0.512495774673176,0.033112582781456956,0.5124555160142349,432,281,151,361,3689,352,352,4041,352,11,0
internvl3.5-8b,internvl3.5-8b,dash-b,Sphere-Traj-LSTM,proxy_anchor,Diag-kNN-tuned,test,test,pooled,1.0,20260508,32,evaluated,,passed,,0.2684927197222373,0.22848593089066496,0.3113504815743731,0.3715679573896443,0.3210923905516001,0.42287670449301074,0.2711804756952671,0.0,0.8718861209964412,432,281,151,361,3689,352,352,4041,352,11,0
internvl3.5-8b,internvl3.5-8b,dash-b,Sphere-Traj-LSTM,proxy_anchor,Diag-vMF,test,test,pooled,1.0,20260508,,evaluated,,passed,,0.2998035277056669,0.25504380058476833,0.346130967298829,0.45912186844524056,0.4065012512743724,0.5132323757515659,0.30193706864939657,0.0,0.9395017793594306,432,281,151,361,3689,352,352,4041,352,11,0
internvl3.5-8b,internvl3.5-8b,dash-b,Sphere-Traj-LSTM,proxy_anchor,Diag-Classifier,test,test,pooled,0.5,20260506,,evaluated,,passed,,0.5270818402262936,0.4566953187645719,0.6125747039045845,0.7289717423581814,0.6805168735114183,0.7735048296552283,0.5241843623166461,0.052980132450331126,0.5160142348754448,432,281,151,361,3689,352,176,3865,176,11,0
internvl3.5-8b,internvl3.5-8b,dash-b,Sphere-Traj-LSTM,proxy_anchor,Diag-kNN-tuned,test,test,pooled,0.5,20260506,32,evaluated,,passed,,0.27769397503456533,0.23522323735768325,0.329792620993338,0.35914779288727583,0.3090282264478284,0.4141365055468837,0.2805575371613645,0.006622516556291391,0.9359430604982206,432,281,151,361,3689,352,176,3865,176,11,0
internvl3.5-8b,internvl3.5-8b,dash-b,Sphere-Traj-LSTM,proxy_anchor,Diag-vMF,test,test,pooled,0.5,20260506,,evaluated,,passed,,0.2746658709112199,0.23549403392254403,0.3207701708047133,0.3851429379463128,0.334006813585293,0.441136748427187,0.27719523421027975,0.0,0.9786476868327402,432,281,151,361,3689,352,176,3865,176,11,0
internvl3.5-8b,internvl3.5-8b,dash-b,Sphere-Traj-LSTM,proxy_anchor,Diag-Classifier,test,test,pooled,0.5,20260507,,evaluated,,passed,,0.43111316315667003,0.3655710690360371,0.499061542727127,0.6600009427069831,0.6109602857731631,0.7100562127747387,0.427764395782076,0.0,0.7615658362989324,432,281,151,361,3689,352,176,3865,176,11,0
internvl3.5-8b,internvl3.5-8b,dash-b,Sphere-Traj-LSTM,proxy_anchor,Diag-kNN-tuned,test,test,pooled,0.5,20260507,16,evaluated,,passed,,0.33060031632916487,0.2804402109038026,0.39092523004335733,0.5091324738988005,0.45329165727161597,0.5629765102742829,0.33511339121834427,0.006622516556291391,0.8718861209964412,432,281,151,361,3689,352,176,3865,176,11,0
internvl3.5-8b,internvl3.5-8b,dash-b,Sphere-Traj-LSTM,proxy_anchor,Diag-vMF,test,test,pooled,0.5,20260507,,evaluated,,passed,,0.24292639399867555,0.20918995991244538,0.2808818356694146,0.2825292828356626,0.23451760177787864,0.3315140343832544,0.24474948711463895,0.0,0.9537366548042705,432,281,151,361,3689,352,176,3865,176,11,0
internvl3.5-8b,internvl3.5-8b,dash-b,Sphere-Traj-LSTM,proxy_anchor,Diag-Classifier,test,test,pooled,0.5,20260508,,evaluated,,passed,,0.5647015330514321,0.4880935546347681,0.6444042322627449,0.7390587070773726,0.6943229202304544,0.7842624469466221,0.5360605987333755,0.0,0.5409252669039146,432,281,151,361,3689,352,176,3865,176,11,0
internvl3.5-8b,internvl3.5-8b,dash-b,Sphere-Traj-LSTM,proxy_anchor,Diag-kNN-tuned,test,test,pooled,0.5,20260508,32,evaluated,,passed,,0.30765192765017485,0.2517796430515293,0.36709693550271755,0.36536965897574886,0.3101956759175391,0.4207089915777205,0.30994791187319826,0.033112582781456956,0.9715302491103203,432,281,151,361,3689,352,176,3865,176,11,0
internvl3.5-8b,internvl3.5-8b,dash-b,Sphere-Traj-LSTM,proxy_anchor,Diag-vMF,test,test,pooled,0.5,20260508,,evaluated,,passed,,0.2875554185091673,0.2402503061352598,0.3395829022794293,0.39395724823831624,0.3415854482972311,0.4467937639375597,0.2903679214728702,0.006622516556291391,0.9501779359430605,432,281,151,361,3689,352,176,3865,176,11,0
internvl3.5-8b,internvl3.5-8b,dash-b,Sphere-Traj-LSTM,proxy_anchor,Diag-Classifier,test,test,pooled,0.25,20260506,,evaluated,,passed,,0.7164521069750756,0.6379608805857709,0.8043764469676781,0.8656406872333907,0.8317199261975677,0.897956818850401,0.7187611905732406,0.07947019867549669,0.3701067615658363,432,281,151,361,3689,352,88,3777,88,11,0
internvl3.5-8b,internvl3.5-8b,dash-b,Sphere-Traj-LSTM,proxy_anchor,Diag-kNN-tuned,test,test,pooled,0.25,20260506,32,evaluated,,passed,,0.651986570064289,0.5806856683446672,0.7300147712037759,0.772100586835097,0.7247400789874381,0.8182770316407382,0.653624246895293,0.1390728476821192,0.697508896797153,432,281,151,361,3689,352,88,3777,88,11,0
internvl3.5-8b,internvl3.5-8b,dash-b,Sphere-Traj-LSTM,proxy_anchor,Diag-vMF,test,test,pooled,0.25,20260506,,evaluated,,passed,,0.6098845136760699,0.537215092083536,0.6916013734865318,0.6778534561994767,0.6198512267866925,0.7361155632195808,0.6114794160951089,0.1390728476821192,0.8825622775800712,432,281,151,361,3689,352,88,3777,88,11,0
internvl3.5-8b,internvl3.5-8b,dash-b,Sphere-Traj-LSTM,proxy_anchor,Diag-Classifier,test,test,pooled,0.25,20260507,,evaluated,,passed,,0.5432340824070616,0.46302109571215894,0.6292896119536077,0.6855365181117579,0.6261944267211565,0.7380593352976234,0.5372344768732171,0.0,0.8149466192170819,432,281,151,361,3689,352,88,3777,88,11,0
internvl3.5-8b,internvl3.5-8b,dash-b,Sphere-Traj-LSTM,proxy_anchor,Diag-kNN-tuned,test,test,pooled,0.25,20260507,32,evaluated,,passed,,0.5168548409673788,0.4409428732665973,0.6075431613248901,0.6922768730409371,0.6354492055844713,0.7411772160487914,0.5219372722165131,0.006622516556291391,0.8612099644128114,432,281,151,361,3689,352,88,3777,88,11,0
internvl3.5-8b,internvl3.5-8b,dash-b,Sphere-Traj-LSTM,proxy_anchor,Diag-vMF,test,test,pooled,0.25,20260507,,evaluated,,passed,,0.41637637607833294,0.34702043854526005,0.497881685220068,0.5499281185925384,0.48866905866187155,0.6094650600766158,0.42143191243815203,0.006622516556291391,0.9145907473309609,432,281,151,361,3689,352,88,3777,88,11,0
internvl3.5-8b,internvl3.5-8b,dash-b,Sphere-Traj-LSTM,proxy_anchor,Diag-Classifier,test,test,pooled,0.25,20260508,,evaluated,,passed,,0.6564764575456439,0.5778501567866614,0.7286439516078423,0.7791001861846292,0.7322702468865004,0.8248701746323529,0.6579540219139803,0.12582781456953643,0.7651245551601423,432,281,151,361,3689,352,88,3777,88,11,0
internvl3.5-8b,internvl3.5-8b,dash-b,Sphere-Traj-LSTM,proxy_anchor,Diag-kNN-tuned,test,test,pooled,0.25,20260508,32,evaluated,,passed,,0.41856357876233075,0.34886230970107224,0.4835704565200302,0.4776696283377719,0.4195636963708324,0.5346986061980661,0.4201374670594267,0.09933774834437085,0.8647686832740213,432,281,151,361,3689,352,88,3777,88,11,0
internvl3.5-8b,internvl3.5-8b,dash-b,Sphere-Traj-LSTM,proxy_anchor,Diag-vMF,test,test,pooled,0.25,20260508,,evaluated,,passed,,0.3623036782223653,0.3006655530407449,0.42531334781068303,0.4672762838490726,0.412658167654323,0.5244420369004624,0.3643387979034206,0.059602649006622516,0.9430604982206405,432,281,151,361,3689,352,88,3777,88,11,0
internvl3.5-8b,internvl3.5-8b,dash-b,Sphere-Traj-LSTM,proxy_anchor,Diag-Classifier,test,test,pooled,0.1,20260506,,evaluated,,passed,,0.6023364337389596,0.524680340713615,0.6851866611914389,0.783189177723834,0.7408627052828953,0.8264153193331816,0.5839563218310881,0.0,0.5444839857651246,432,281,151,361,3689,352,35,3724,35,11,0
internvl3.5-8b,internvl3.5-8b,dash-b,Sphere-Traj-LSTM,proxy_anchor,Diag-kNN-tuned,test,test,pooled,0.1,20260506,32,evaluated,,passed,,0.30011458951186953,0.2577968166106894,0.3515479101625514,0.45301784072965523,0.39970273489603264,0.5085513536344333,0.3028630868742129,0.0,0.8790035587188612,432,281,151,361,3689,352,35,3724,35,11,0
internvl3.5-8b,internvl3.5-8b,dash-b,Sphere-Traj-LSTM,proxy_anchor,Diag-vMF,test,test,pooled,0.1,20260506,,evaluated,,passed,,0.3575377494091413,0.31026348681201754,0.4165917395344988,0.5693243147698617,0.5176415325617892,0.6210795408698458,0.36027210881083327,0.0,0.8718861209964412,432,281,151,361,3689,352,35,3724,35,11,0
internvl3.5-8b,internvl3.5-8b,dash-b,Sphere-Traj-LSTM,proxy_anchor,Diag-Classifier,test,test,pooled,0.1,20260507,,evaluated,,passed,,0.5887120405915567,0.51747197377585,0.6587733650107225,0.7023167024109731,0.6463893643111285,0.7557116004296456,0.5227828976568181,0.0,0.9181494661921709,432,281,151,361,3689,352,35,3724,35,11,0
internvl3.5-8b,internvl3.5-8b,dash-b,Sphere-Traj-LSTM,proxy_anchor,Diag-kNN-tuned,test,test,pooled,0.1,20260507,16,evaluated,,passed,,0.4605951287714065,0.3935452598343537,0.5416409487420948,0.66753081473451,0.6167330269384783,0.7205463343706048,0.46449358973846616,0.006622516556291391,0.7473309608540926,432,281,151,361,3689,352,35,3724,35,11,0
internvl3.5-8b,internvl3.5-8b,dash-b,Sphere-Traj-LSTM,proxy_anchor,Diag-vMF,test,test,pooled,0.1,20260507,,evaluated,,passed,,0.37318897678332086,0.30906033438024605,0.4435121099243209,0.5102872899531004,0.44825641111707837,0.567138168970411,0.37696575600889826,0.006622516556291391,0.9537366548042705,432,281,151,361,3689,352,35,3724,35,11,0
internvl3.5-8b,internvl3.5-8b,dash-b,Sphere-Traj-LSTM,proxy_anchor,Diag-Classifier,test,test,pooled,0.1,20260508,,evaluated,,passed,,0.5502158830537797,0.4715735821209688,0.6173303731070494,0.7067945605807074,0.654844133241556,0.7539194415143663,0.5001060686374077,0.0,0.708185053380783,432,281,151,361,3689,352,35,3724,35,11,0
internvl3.5-8b,internvl3.5-8b,dash-b,Sphere-Traj-LSTM,proxy_anchor,Diag-kNN-tuned,test,test,pooled,0.1,20260508,32,evaluated,,passed,,0.37334241262550266,0.30648059520804066,0.444940759198189,0.4699394310763357,0.4126878508567856,0.5255771644565879,0.375738706513331,0.052980132450331126,0.9110320284697508,432,281,151,361,3689,352,35,3724,35,11,0
internvl3.5-8b,internvl3.5-8b,dash-b,Sphere-Traj-LSTM,proxy_anchor,Diag-vMF,test,test,pooled,0.1,20260508,,evaluated,,passed,,0.28846987838984955,0.24159111936862795,0.3416294291033874,0.38659234993283215,0.3371746664445815,0.4390678250522573,0.2907771665157092,0.013245033112582781,0.9252669039145908,432,281,151,361,3689,352,35,3724,35,11,0
minicpm-v-2_6,minicpm-v-2_6,dash-b,Sphere-Traj-LSTM,proxy_anchor,Diag-Classifier,test,test,pooled,1.0,20260506,,evaluated,,passed,,0.5037112619185766,0.40540134201739925,0.6020621722616181,0.7921343060231948,0.7440853420813313,0.8335832423095388,0.504991305720214,0.0707070707070707,0.5524691358024691,423,324,99,394,3776,80,80,3856,80,20,0
minicpm-v-2_6,minicpm-v-2_6,dash-b,Sphere-Traj-LSTM,proxy_anchor,Diag-kNN-tuned,test,test,pooled,1.0,20260506,32,evaluated,,passed,,0.2596405172577546,0.199881431009596,0.3378814708834201,0.527715425863574,0.465514998403297,0.5909970120698089,0.26700070496861206,0.020202020202020204,0.9166666666666666,423,324,99,394,3776,80,80,3856,80,20,0
minicpm-v-2_6,minicpm-v-2_6,dash-b,Sphere-Traj-LSTM,proxy_anchor,Diag-vMF,test,test,pooled,1.0,20260506,,evaluated,,passed,,0.27077300762156814,0.2157173133774911,0.3363541969838323,0.5861391694725029,0.5197891879174608,0.6468553108332291,0.27487399121485406,0.0,0.9506172839506173,423,324,99,394,3776,80,80,3856,80,20,0
minicpm-v-2_6,minicpm-v-2_6,dash-b,Sphere-Traj-LSTM,proxy_anchor,Diag-Classifier,test,test,pooled,1.0,20260507,,evaluated,,passed,,0.47613171088054457,0.38212970686887193,0.5899179639906724,0.7609739368998628,0.7059304086932111,0.8116826538183911,0.4815786576291638,0.0707070707070707,0.7901234567901234,423,324,99,394,3776,80,80,3856,80,20,0
minicpm-v-2_6,minicpm-v-2_6,dash-b,Sphere-Traj-LSTM,proxy_anchor,Diag-kNN-tuned,test,test,pooled,1.0,20260507,32,evaluated,,passed,,0.49486883914151786,0.39542424580200025,0.6031257764270467,0.741208380097269,0.683734101711633,0.7979048046891711,0.4997359265092211,0.10101010101010101,0.7993827160493827,423,324,99,394,3776,80,80,3856,80,20,0
minicpm-v-2_6,minicpm-v-2_6,dash-b,Sphere-Traj-LSTM,proxy_anchor,Diag-vMF,test,test,pooled,1.0,20260507,,evaluated,,passed,,0.43248580098347417,0.3354789432738434,0.5417998215536656,0.6199027310138421,0.5447438372965193,0.69235998565845,0.4372087339225925,0.10101010101010101,0.9475308641975309,423,324,99,394,3776,80,80,3856,80,20,0
minicpm-v-2_6,minicpm-v-2_6,dash-b,Sphere-Traj-LSTM,proxy_anchor,Diag-Classifier,test,test,pooled,1.0,20260508,,evaluated,,passed,,0.4789532536879608,0.382875579068861,0.584731230124759,0.7765619154508043,0.7301574908965754,0.8221916267897336,0.4844270033705136,0.0707070707070707,0.5246913580246914,423,324,99,394,3776,80,80,3856,80,20,0
minicpm-v-2_6,minicpm-v-2_6,dash-b,Sphere-Traj-LSTM,proxy_anchor,Diag-kNN-tuned,test,test,pooled,1.0,20260508,32,evaluated,,passed,,0.35566348978685536,0.27264935394295853,0.44791186997859866,0.5619154508043397,0.49392737570690076,0.6324350413485527,0.3588431746615575,0.09090909090909091,0.9382716049382716,423,324,99,394,3776,80,80,3856,80,20,0
minicpm-v-2_6,minicpm-v-2_6,dash-b,Sphere-Traj-LSTM,proxy_anchor,Diag-vMF,test,test,pooled,1.0,20260508,,evaluated,,passed,,0.37448211072578436,0.28697198096618215,0.47003968312121613,0.5888826536974685,0.5160762148274957,0.6571673955162761,0.37772545587337936,0.09090909090909091,0.9444444444444444,423,324,99,394,3776,80,80,3856,80,20,0
minicpm-v-2_6,minicpm-v-2_6,dash-b,Sphere-Traj-LSTM,proxy_anchor,Diag-Classifier,test,test,pooled,0.5,20260506,,evaluated,,passed,,0.43661972736082255,0.352878371654564,0.5277444623453574,0.7561728395061729,0.7097507618435343,0.8009131750132176,0.4413791432044538,0.030303030303030304,0.6080246913580247,423,324,99,394,3776,80,40,3816,40,20,0
minicpm-v-2_6,minicpm-v-2_6,dash-b,Sphere-Traj-LSTM,proxy_anchor,Diag-kNN-tuned,test,test,pooled,0.5,20260506,32,evaluated,,passed,,0.17955003769782665,0.1458575110389571,0.22239975119913455,0.37891258261628635,0.3208292963898819,0.4401996340517067,0.1826507336413668,0.0,0.9629629629629629,423,324,99,394,3776,80,40,3816,40,20,0
minicpm-v-2_6,minicpm-v-2_6,dash-b,Sphere-Traj-LSTM,proxy_anchor,Diag-vMF,test,test,pooled,0.5,20260506,,evaluated,,passed,,0.2441257703678379,0.19863177746950425,0.30016967497544655,0.5694600324229955,0.509277272082684,0.6259093831718595,0.2473424306442543,0.0,0.8703703703703703,423,324,99,394,3776,80,40,3816,40,20,0
minicpm-v-2_6,minicpm-v-2_6,dash-b,Sphere-Traj-LSTM,proxy_anchor,Diag-Classifier,test,test,pooled,0.5,20260507,,evaluated,,passed,,0.4427187296349113,0.3569118163798638,0.5475780762869765,0.7756578126948497,0.7301678501337656,0.8181656866749251,0.44839283429986565,0.050505050505050504,0.5493827160493827,423,324,99,394,3776,80,40,3816,40,20,0
minicpm-v-2_6,minicpm-v-2_6,dash-b,Sphere-Traj-LSTM,proxy_anchor,Diag-kNN-tuned,test,test,pooled,0.5,20260507,32,evaluated,,passed,,0.2051955544542512,0.16266500896547775,0.26308284729213316,0.4346240179573513,0.3686553543651748,0.4970689135146004,0.210224689021814,0.010101010101010102,0.9660493827160493,423,324,99,394,3776,80,40,3816,40,20,0
minicpm-v-2_6,minicpm-v-2_6,dash-b,Sphere-Traj-LSTM,proxy_anchor,Diag-vMF,test,test,pooled,0.5,20260507,,evaluated,,passed,,0.24881140299196086,0.20241089662392048,0.30373109642264695,0.5820862950492579,0.5209413771897353,0.6368983236097034,0.25227563776507544,0.0,0.9104938271604939,423,324,99,394,3776,80,40,3816,40,20,0
minicpm-v-2_6,minicpm-v-2_6,dash-b,Sphere-Traj-LSTM,proxy_anchor,Diag-Classifier,test,test,pooled,0.5,20260508,,evaluated,,passed,,0.4081637416956755,0.316998003876361,0.5065328403396188,0.6432535228831525,0.5750967024516388,0.7125655428315527,0.41191488554222944,0.050505050505050504,0.9876543209876543,423,324,99,394,3776,80,40,3816,40,20,0
minicpm-v-2_6,minicpm-v-2_6,dash-b,Sphere-Traj-LSTM,proxy_anchor,Diag-kNN-tuned,test,test,pooled,0.5,20260508,8,evaluated,,passed,,0.38757281616937533,0.30578216442030237,0.4752451021383503,0.6270732011472753,0.5644959520369106,0.6892373480291437,0.3908685789624029,0.06060606060606061,0.845679012345679,423,324,99,394,3776,80,40,3816,40,20,0
minicpm-v-2_6,minicpm-v-2_6,dash-b,Sphere-Traj-LSTM,proxy_anchor,Diag-vMF,test,test,pooled,0.5,20260508,,evaluated,,passed,,0.380381691856859,0.29324562053915426,0.4776965213083624,0.5861703454296046,0.5165698285752609,0.6561313177433526,0.38363640595078974,0.06060606060606061,0.9691358024691358,423,324,99,394,3776,80,40,3816,40,20,0
minicpm-v-2_6,minicpm-v-2_6,dash-b,Sphere-Traj-LSTM,proxy_anchor,Diag-Classifier,test,test,pooled,0.25,20260506,,evaluated,,passed,,0.3843734003348337,0.30352028499477124,0.47478862769709607,0.7122770919067215,0.6626642632007949,0.7599099836536557,0.3898704039794666,0.050505050505050504,0.6080246913580247,423,324,99,394,3776,80,20,3796,20,20,0
minicpm-v-2_6,minicpm-v-2_6,dash-b,Sphere-Traj-LSTM,proxy_anchor,Diag-kNN-tuned,test,test,pooled,0.25,20260506,1,evaluated,,passed,,0.22825664244923982,0.18346958582022327,0.2862561367963902,0.5141538845242549,0.4505033024978307,0.5790101285803606,0.23399974285957947,0.010101010101010102,0.9228395061728395,423,324,99,394,3776,80,20,3796,20,20,0
minicpm-v-2_6,minicpm-v-2_6,dash-b,Sphere-Traj-LSTM,proxy_anchor,Diag-vMF,test,test,pooled,0.25,20260506,,evaluated,,passed,,0.22996920017592762,0.1860956093224227,0.2802426211385054,0.5472627509664547,0.4852393635034117,0.6021611086417443,0.23280210752871022,0.0,0.8765432098765432,423,324,99,394,3776,80,20,3796,20,20,0
minicpm-v-2_6,minicpm-v-2_6,dash-b,Sphere-Traj-LSTM,proxy_anchor,Diag-Classifier,test,test,pooled,0.25,20260507,,evaluated,,passed,,0.5547133116336825,0.4581405721206961,0.6533827356593558,0.7961092405536849,0.7482805489581983,0.8398982562523226,0.5576517180726125,0.13131313131313133,0.7098765432098766,423,324,99,394,3776,80,20,3796,20,20,0
minicpm-v-2_6,minicpm-v-2_6,dash-b,Sphere-Traj-LSTM,proxy_anchor,Diag-kNN-tuned,test,test,pooled,0.25,20260507,32,evaluated,,passed,,0.2061315896241107,0.16114183460944065,0.2662649125100239,0.4171654819802968,0.34374606868602886,0.4856079887884133,0.21089275914235991,0.0,0.9382716049382716,423,324,99,394,3776,80,20,3796,20,20,0
minicpm-v-2_6,minicpm-v-2_6,dash-b,Sphere-Traj-LSTM,proxy_anchor,Diag-vMF,test,test,pooled,0.25,20260507,,evaluated,,passed,,0.2758316061440642,0.2202360862515144,0.3403974954119947,0.6030365382217234,0.5342572562707464,0.6660123116979929,0.27963360575341334,0.0,0.9506172839506173,423,324,99,394,3776,80,20,3796,20,20,0
minicpm-v-2_6,minicpm-v-2_6,dash-b,Sphere-Traj-LSTM,proxy_anchor,Diag-Classifier,test,test,pooled,0.25,20260508,,evaluated,,passed,,0.4169357614487632,0.3236570212866238,0.5207142929279076,0.7137423618905101,0.6629035975591722,0.7657997003127093,0.4245340528588727,0.10101010101010101,0.6666666666666666,423,324,99,394,3776,80,20,3796,20,20,0
minicpm-v-2_6,minicpm-v-2_6,dash-b,Sphere-Traj-LSTM,proxy_anchor,Diag-kNN-tuned,test,test,pooled,0.25,20260508,32,evaluated,,passed,,0.2966136425919446,0.22838570876664277,0.3834020826490269,0.5779398927547076,0.5138423636968218,0.6373202188848248,0.30430667624243346,0.020202020202020204,0.9382716049382716,423,324,99,394,3776,80,20,3796,20,20,0
minicpm-v-2_6,minicpm-v-2_6,dash-b,Sphere-Traj-LSTM,proxy_anchor,Diag-vMF,test,test,pooled,0.25,20260508,,evaluated,,passed,,0.30696350942489925,0.24030996940820654,0.3934877914071564,0.5745728893877042,0.5057919510945134,0.647168169058368,0.3137532907362969,0.010101010101010102,0.9660493827160493,423,324,99,394,3776,80,20,3796,20,20,0
minicpm-v-2_6,minicpm-v-2_6,dash-b,Sphere-Traj-LSTM,proxy_anchor,Diag-kNN-tuned,test,test,pooled,0.1,20260506,,skipped,ratio 0.1 would leave fewer than 20 hard negatives (8),skipped,ratio 0.1 would leave fewer than 20 hard negatives (8),nan,nan,nan,nan,nan,nan,nan,nan,nan,0,0,0,0,3776,80,0,3776,0,0,0
minicpm-v-2_6,minicpm-v-2_6,dash-b,Sphere-Traj-LSTM,proxy_anchor,Diag-Classifier,test,test,pooled,0.1,20260506,,skipped,ratio 0.1 would leave fewer than 20 hard negatives (8),skipped,ratio 0.1 would leave fewer than 20 hard negatives (8),nan,nan,nan,nan,nan,nan,nan,nan,nan,0,0,0,0,3776,80,0,3776,0,0,0
minicpm-v-2_6,minicpm-v-2_6,dash-b,Sphere-Traj-LSTM,proxy_anchor,Diag-vMF,test,test,pooled,0.1,20260506,,skipped,ratio 0.1 would leave fewer than 20 hard negatives (8),skipped,ratio 0.1 would leave fewer than 20 hard negatives (8),nan,nan,nan,nan,nan,nan,nan,nan,nan,0,0,0,0,3776,80,0,3776,0,0,0
minicpm-v-2_6,minicpm-v-2_6,dash-b,Sphere-Traj-LSTM,proxy_anchor,Diag-kNN-tuned,test,test,pooled,0.1,20260507,,skipped,ratio 0.1 would leave fewer than 20 hard negatives (8),skipped,ratio 0.1 would leave fewer than 20 hard negatives (8),nan,nan,nan,nan,nan,nan,nan,nan,nan,0,0,0,0,3776,80,0,3776,0,0,0
minicpm-v-2_6,minicpm-v-2_6,dash-b,Sphere-Traj-LSTM,proxy_anchor,Diag-Classifier,test,test,pooled,0.1,20260507,,skipped,ratio 0.1 would leave fewer than 20 hard negatives (8),skipped,ratio 0.1 would leave fewer than 20 hard negatives (8),nan,nan,nan,nan,nan,nan,nan,nan,nan,0,0,0,0,3776,80,0,3776,0,0,0
minicpm-v-2_6,minicpm-v-2_6,dash-b,Sphere-Traj-LSTM,proxy_anchor,Diag-vMF,test,test,pooled,0.1,20260507,,skipped,ratio 0.1 would leave fewer than 20 hard negatives (8),skipped,ratio 0.1 would leave fewer than 20 hard negatives (8),nan,nan,nan,nan,nan,nan,nan,nan,nan,0,0,0,0,3776,80,0,3776,0,0,0
minicpm-v-2_6,minicpm-v-2_6,dash-b,Sphere-Traj-LSTM,proxy_anchor,Diag-kNN-tuned,test,test,pooled,0.1,20260508,,skipped,ratio 0.1 would leave fewer than 20 hard negatives (8),skipped,ratio 0.1 would leave fewer than 20 hard negatives (8),nan,nan,nan,nan,nan,nan,nan,nan,nan,0,0,0,0,3776,80,0,3776,0,0,0
minicpm-v-2_6,minicpm-v-2_6,dash-b,Sphere-Traj-LSTM,proxy_anchor,Diag-Classifier,test,test,pooled,0.1,20260508,,skipped,ratio 0.1 would leave fewer than 20 hard negatives (8),skipped,ratio 0.1 would leave fewer than 20 hard negatives (8),nan,nan,nan,nan,nan,nan,nan,nan,nan,0,0,0,0,3776,80,0,3776,0,0,0
minicpm-v-2_6,minicpm-v-2_6,dash-b,Sphere-Traj-LSTM,proxy_anchor,Diag-vMF,test,test,pooled,0.1,20260508,,skipped,ratio 0.1 would leave fewer than 20 hard negatives (8),skipped,ratio 0.1 would leave fewer than 20 hard negatives (8),nan,nan,nan,nan,nan,nan,nan,nan,nan,0,0,0,0,3776,80,0,3776,0,0,0
gemma-3-12b-it,gemma-3-12b-it,dash-b,Sphere-Traj-LSTM,proxy_anchor,Diag-Classifier,test,test,pooled,1.0,20260506,,evaluated,,passed,,0.9102159279999751,0.8717496812083803,0.9456612227692368,0.9327496430671034,0.9092642358001775,0.9553682979385707,0.9105248320939094,0.25510204081632654,0.30864197530864196,439,243,196,326,3553,425,425,3978,425,4,0
gemma-3-12b-it,gemma-3-12b-it,dash-b,Sphere-Traj-LSTM,proxy_anchor,Diag-kNN-tuned,test,test,pooled,1.0,20260506,32,evaluated,,passed,,0.4690907161737248,0.4143543597178239,0.5271820994060898,0.6198244729990762,0.558580918308566,0.6696479614426541,0.47119441114876776,0.0,0.7242798353909465,439,243,196,326,3553,425,425,3978,425,4,0
gemma-3-12b-it,gemma-3-12b-it,dash-b,Sphere-Traj-LSTM,proxy_anchor,Diag-vMF,test,test,pooled,1.0,20260506,,evaluated,,passed,,0.5187627848499666,0.4627070285310287,0.5770436799622367,0.6953262786596119,0.6377324319842593,0.7436832035089906,0.5208021231181644,0.0,0.5596707818930041,439,243,196,326,3553,425,425,3978,425,4,0
gemma-3-12b-it,gemma-3-12b-it,dash-b,Sphere-Traj-LSTM,proxy_anchor,Diag-Classifier,test,test,pooled,1.0,20260507,,evaluated,,passed,,0.9066763784916769,0.8670939283663938,0.9403392875562114,0.9241097673637357,0.8979019783461241,0.9482027378852776,0.9019952130179016,0.37244897959183676,0.2345679012345679,439,243,196,326,3553,425,425,3978,425,4,0
gemma-3-12b-it,gemma-3-12b-it,dash-b,Sphere-Traj-LSTM,proxy_anchor,Diag-kNN-tuned,test,test,pooled,1.0,20260507,32,evaluated,,passed,,0.8302826474526197,0.7773423416182722,0.8751974227699048,0.8350340136054422,0.7931608273445846,0.8711843301507237,0.8308027104586171,0.35714285714285715,0.7366255144032922,439,243,196,326,3553,425,425,3978,425,4,0
gemma-3-12b-it,gemma-3-12b-it,dash-b,Sphere-Traj-LSTM,proxy_anchor,Diag-vMF,test,test,pooled,1.0,20260507,,evaluated,,passed,,0.7292103756241266,0.6694311935190896,0.7860071432339505,0.7701772066851433,0.7247131873026073,0.8137671876363101,0.7300659895257043,0.27040816326530615,0.522633744855967,439,243,196,326,3553,425,425,3978,425,4,0
gemma-3-12b-it,gemma-3-12b-it,dash-b,Sphere-Traj-LSTM,proxy_anchor,Diag-Classifier,test,test,pooled,1.0,20260508,,evaluated,,passed,,0.9092125136085919,0.8700697623261054,0.9428095774749421,0.9285924246241707,0.9036396627961991,0.9526156612342613,0.9095454065475352,0.3520408163265306,0.3004115226337449,439,243,196,326,3553,425,425,3978,425,4,0
gemma-3-12b-it,gemma-3-12b-it,dash-b,Sphere-Traj-LSTM,proxy_anchor,Diag-kNN-tuned,test,test,pooled,1.0,20260508,32,evaluated,,passed,,0.6510321632639238,0.578462883628525,0.7187613815253113,0.7254136222390191,0.677813897532409,0.7716513171344659,0.6525531874250605,0.0663265306122449,0.6954732510288066,439,243,196,326,3553,425,425,3978,425,4,0
gemma-3-12b-it,gemma-3-12b-it,dash-b,Sphere-Traj-LSTM,proxy_anchor,Diag-vMF,test,test,pooled,1.0,20260508,,evaluated,,passed,,0.5190093716511514,0.4583918680298211,0.5790970549452416,0.6969429747207525,0.6421488539531526,0.7492741224613393,0.5212095430722081,0.0,0.522633744855967,439,243,196,326,3553,425,425,3978,425,4,0
gemma-3-12b-it,gemma-3-12b-it,dash-b,Sphere-Traj-LSTM,proxy_anchor,Diag-Classifier,test,test,pooled,0.5,20260506,,evaluated,,passed,,0.8816422440303456,0.834816001451547,0.926647236129274,0.9100739061056521,0.8811832702816309,0.9372205472081321,0.8821247828883592,0.1326530612244898,0.3868312757201646,439,243,196,326,3553,425,212,3765,212,4,0
gemma-3-12b-it,gemma-3-12b-it,dash-b,Sphere-Traj-LSTM,proxy_anchor,Diag-kNN-tuned,test,test,pooled,0.5,20260506,32,evaluated,,passed,,0.7600148094611343,0.7023737780619855,0.8136708725845987,0.7791005291005291,0.7320633306779591,0.8214946389724739,0.7607636855590356,0.1836734693877551,0.7942386831275721,439,243,196,326,3553,425,212,3765,212,4,0
gemma-3-12b-it,gemma-3-12b-it,dash-b,Sphere-Traj-LSTM,proxy_anchor,Diag-vMF,test,test,pooled,0.5,20260506,,evaluated,,passed,,0.5575150475161729,0.49446001582676535,0.6240163866110905,0.7220122616948014,0.6730453693046069,0.768285412140385,0.5605028614976812,0.01020408163265306,0.5843621399176955,439,243,196,326,3553,425,212,3765,212,4,0
gemma-3-12b-it,gemma-3-12b-it,dash-b,Sphere-Traj-LSTM,proxy_anchor,Diag-Classifier,test,test,pooled,0.5,20260507,,evaluated,,passed,,0.8977224524513424,0.8584992869964297,0.931126075463115,0.9194066515495087,0.8938155358929297,0.9420322275101686,0.8955561524063373,0.3673469387755102,0.3168724279835391,439,243,196,326,3553,425,212,3765,212,4,0
gemma-3-12b-it,gemma-3-12b-it,dash-b,Sphere-Traj-LSTM,proxy_anchor,Diag-kNN-tuned,test,test,pooled,0.5,20260507,32,evaluated,,passed,,0.7790436142757848,0.7236028173082497,0.8286564693151893,0.8002225581590661,0.7566216341643655,0.8375926941406716,0.7796891117732467,0.23469387755102042,0.6419753086419753,439,243,196,326,3553,425,212,3765,212,4,0
gemma-3-12b-it,gemma-3-12b-it,dash-b,Sphere-Traj-LSTM,proxy_anchor,Diag-vMF,test,test,pooled,0.5,20260507,,evaluated,,passed,,0.6061335581172319,0.5405251329298875,0.6764374656393075,0.6987696313093139,0.6488309471299215,0.7463492597464942,0.6076202769557904,0.09183673469387756,0.6584362139917695,439,243,196,326,3553,425,212,3765,212,4,0
gemma-3-12b-it,gemma-3-12b-it,dash-b,Sphere-Traj-LSTM,proxy_anchor,Diag-Classifier,test,test,pooled,0.5,20260508,,evaluated,,passed,,0.9013590369767195,0.8629598503735244,0.9359266301586705,0.9216637272192829,0.8968699232158067,0.9458745009975648,0.8992113123586014,0.33163265306122447,0.31275720164609055,439,243,196,326,3553,425,212,3765,212,4,0
gemma-3-12b-it,gemma-3-12b-it,dash-b,Sphere-Traj-LSTM,proxy_anchor,Diag-kNN-tuned,test,test,pooled,0.5,20260508,32,evaluated,,passed,,0.7456715612948636,0.6861534081382261,0.7982188696246131,0.7627026119089612,0.7166240432821762,0.8055976489202129,0.7464423555640869,0.19387755102040816,0.6872427983539094,439,243,196,326,3553,425,212,3765,212,4,0
gemma-3-12b-it,gemma-3-12b-it,dash-b,Sphere-Traj-LSTM,proxy_anchor,Diag-vMF,test,test,pooled,0.5,20260508,,evaluated,,passed,,0.5363527616677839,0.4707041783186068,0.6062570541436391,0.7008902326362644,0.6462945753523419,0.7524118977773793,0.5393649941793158,0.00510204081632653,0.5720164609053497,439,243,196,326,3553,425,212,3765,212,4,0
gemma-3-12b-it,gemma-3-12b-it,dash-b,Sphere-Traj-LSTM,proxy_anchor,Diag-Classifier,test,test,pooled,0.25,20260506,,evaluated,,passed,,0.6338421558221348,0.5685807143473839,0.6959356520783746,0.673700344335265,0.6229818620781467,0.7198593209557241,0.6349944006986887,0.1377551020408163,0.8271604938271605,439,243,196,326,3553,425,106,3659,106,4,0
gemma-3-12b-it,gemma-3-12b-it,dash-b,Sphere-Traj-LSTM,proxy_anchor,Diag-kNN-tuned,test,test,pooled,0.25,20260506,32,evaluated,,passed,,0.715608603523392,0.6544091517786688,0.777040465546565,0.7327832367514907,0.6868492337395953,0.778425120030586,0.7164709188578353,0.18877551020408162,0.7448559670781894,439,243,196,326,3553,425,106,3659,106,4,0
gemma-3-12b-it,gemma-3-12b-it,dash-b,Sphere-Traj-LSTM,proxy_anchor,Diag-vMF,test,test,pooled,0.25,20260506,,evaluated,,passed,,0.6166312653178788,0.5513502147165761,0.6789066539884558,0.6707084068195179,0.6182894766420584,0.7175097673328135,0.6178386977486342,0.14795918367346939,0.7078189300411523,439,243,196,326,3553,425,106,3659,106,4,0
gemma-3-12b-it,gemma-3-12b-it,dash-b,Sphere-Traj-LSTM,proxy_anchor,Diag-Classifier,test,test,pooled,0.25,20260507,,evaluated,,passed,,0.6099291325567855,0.5388161592017423,0.6732822824499787,0.6377551020408163,0.5788066662555965,0.6905525022178471,0.6113871032436062,0.0663265306122449,0.9259259259259259,439,243,196,326,3553,425,106,3659,106,4,0
gemma-3-12b-it,gemma-3-12b-it,dash-b,Sphere-Traj-LSTM,proxy_anchor,Diag-kNN-tuned,test,test,pooled,0.25,20260507,8,evaluated,,passed,,0.7067422933517273,0.6354593495183233,0.772945790402254,0.7659150079785001,0.7208959466322332,0.8097731195531113,0.7080405475041431,0.0663265306122449,0.7613168724279835,439,243,196,326,3553,425,106,3659,106,4,0
gemma-3-12b-it,gemma-3-12b-it,dash-b,Sphere-Traj-LSTM,proxy_anchor,Diag-vMF,test,test,pooled,0.25,20260507,,evaluated,,passed,,0.5246219990619048,0.4595373191599871,0.5864683748690945,0.5912488452170992,0.5330455865992179,0.644643372521663,0.5263283603064919,0.07142857142857142,0.9176954732510288,439,243,196,326,3553,425,106,3659,106,4,0
gemma-3-12b-it,gemma-3-12b-it,dash-b,Sphere-Traj-LSTM,proxy_anchor,Diag-Classifier,test,test,pooled,0.25,20260508,,evaluated,,passed,,0.8254689401224422,0.7678090723148898,0.8775179410788052,0.8774985302763081,0.8459801657677632,0.908418582783337,0.8197396153453211,0.0,0.5061728395061729,439,243,196,326,3553,425,106,3659,106,4,0
gemma-3-12b-it,gemma-3-12b-it,dash-b,Sphere-Traj-LSTM,proxy_anchor,Diag-kNN-tuned,test,test,pooled,0.25,20260508,32,evaluated,,passed,,0.6224534520962861,0.5528718443898998,0.6880441451998832,0.691106072058453,0.6430124200489653,0.7390748906544723,0.6240331163570038,0.07653061224489796,0.6995884773662552,439,243,196,326,3553,425,106,3659,106,4,0
gemma-3-12b-it,gemma-3-12b-it,dash-b,Sphere-Traj-LSTM,proxy_anchor,Diag-vMF,test,test,pooled,0.25,20260508,,evaluated,,passed,,0.4940089074560217,0.43516855195412435,0.554339210943271,0.6555387587133618,0.5988174740081902,0.7124023379694064,0.49632632594838827,0.0,0.7366255144032922,439,243,196,326,3553,425,106,3659,106,4,0
gemma-3-12b-it,gemma-3-12b-it,dash-b,Sphere-Traj-LSTM,proxy_anchor,Diag-Classifier,test,test,pooled,0.1,20260506,,evaluated,,passed,,0.8048070219612081,0.7411802412856093,0.8594786476355308,0.8269505332997397,0.7850496355654994,0.8668331478619025,0.8058158799494561,0.10714285714285714,0.7366255144032922,439,243,196,326,3553,425,42,3595,42,4,0
gemma-3-12b-it,gemma-3-12b-it,dash-b,Sphere-Traj-LSTM,proxy_anchor,Diag-kNN-tuned,test,test,pooled,0.1,20260506,32,evaluated,,passed,,0.7815260806170528,0.7161249807752136,0.8389037923279469,0.7952254976064501,0.7500304111195686,0.8375389856557148,0.7825096954783586,0.09183673469387756,0.7119341563786008,439,243,196,326,3553,425,42,3595,42,4,0
gemma-3-12b-it,gemma-3-12b-it,dash-b,Sphere-Traj-LSTM,proxy_anchor,Diag-vMF,test,test,pooled,0.1,20260506,,evaluated,,passed,,0.704764210822566,0.6350547272933116,0.7690756677767494,0.7624926513815402,0.7170404723728291,0.8056153353714703,0.706113378342947,0.09183673469387756,0.6995884773662552,439,243,196,326,3553,425,42,3595,42,4,0
gemma-3-12b-it,gemma-3-12b-it,dash-b,Sphere-Traj-LSTM,proxy_anchor,Diag-Classifier,test,test,pooled,0.1,20260507,,evaluated,,passed,,0.8402575880771541,0.7950116440381736,0.8841277264555706,0.8559460821365583,0.8215818621240318,0.8878484310577994,0.8407746280779277,0.3010204081632653,0.6049382716049383,439,243,196,326,3553,425,42,3595,42,4,0
gemma-3-12b-it,gemma-3-12b-it,dash-b,Sphere-Traj-LSTM,proxy_anchor,Diag-kNN-tuned,test,test,pooled,0.1,20260507,8,evaluated,,passed,,0.737854348183339,0.6720803056570309,0.7967296113017113,0.7783866633072983,0.7344329947535059,0.8181424683141084,0.7388204760685386,0.12244897959183673,0.6666666666666666,439,243,196,326,3553,425,42,3595,42,4,0
gemma-3-12b-it,gemma-3-12b-it,dash-b,Sphere-Traj-LSTM,proxy_anchor,Diag-vMF,test,test,pooled,0.1,20260507,,evaluated,,passed,,0.4862159993149773,0.42985770510552535,0.543484467153239,0.6372721928277484,0.5836511996575716,0.6882514486732512,0.48836939504968596,0.0,0.7860082304526749,439,243,196,326,3553,425,42,3595,42,4,0
gemma-3-12b-it,gemma-3-12b-it,dash-b,Sphere-Traj-LSTM,proxy_anchor,Diag-Classifier,test,test,pooled,0.1,20260508,,evaluated,,passed,,0.7325215421240518,0.6727840983558027,0.7883986075877822,0.7563198118753676,0.708625548402653,0.8001746855367443,0.7333732003018991,0.1836734693877551,0.8724279835390947,439,243,196,326,3553,425,42,3595,42,4,0
gemma-3-12b-it,gemma-3-12b-it,dash-b,Sphere-Traj-LSTM,proxy_anchor,Diag-kNN-tuned,test,test,pooled,0.1,20260508,32,evaluated,,passed,,0.6982838753652588,0.6334612998734889,0.753005745509697,0.7211934156378601,0.6718763014917201,0.7685625211985964,0.6991191462603397,0.23979591836734693,0.8024691358024691,439,243,196,326,3553,425,42,3595,42,4,0
gemma-3-12b-it,gemma-3-12b-it,dash-b,Sphere-Traj-LSTM,proxy_anchor,Diag-vMF,test,test,pooled,0.1,20260508,,evaluated,,passed,,0.5827255941084248,0.5115316109120591,0.6508367567624113,0.6969639707734946,0.6463270702637303,0.7460554136700059,0.584722527385613,0.04081632653061224,0.757201646090535,439,243,196,326,3553,425,42,3595,42,4,0
gemma-4-12b-it,gemma-4-12b-it,dash-b,Sphere-Traj-LSTM,proxy_anchor,Diag-Classifier,test,test,pooled,1.0,20260506,,evaluated,,passed,,0.24075698162277756,0.1886878472033626,0.299524642887063,0.5567640229744593,0.49636935043575287,0.6174689536406268,0.24467583869377396,0.0,0.8712574850299402,432,334,98,397,2926,64,64,2990,64,11,0
gemma-4-12b-it,gemma-4-12b-it,dash-b,Sphere-Traj-LSTM,proxy_anchor,Diag-kNN-tuned,test,test,pooled,1.0,20260506,4,evaluated,,passed,,0.2714740049462056,0.2171810607339329,0.3310016471224201,0.6281925944030307,0.5702013004737372,0.6825340263678357,0.27566057820269074,0.0,0.7455089820359282,432,334,98,397,2926,64,64,2990,64,11,0
gemma-4-12b-it,gemma-4-12b-it,dash-b,Sphere-Traj-LSTM,proxy_anchor,Diag-vMF,test,test,pooled,1.0,20260506,,evaluated,,passed,,0.23476208884815464,0.18677950840333446,0.2969794586191363,0.528687522913357,0.46490006956223423,0.5877790278872642,0.23973060355884976,0.0,0.9431137724550899,432,334,98,397,2926,64,64,2990,64,11,0
gemma-4-12b-it,gemma-4-12b-it,dash-b,Sphere-Traj-LSTM,proxy_anchor,Diag-Classifier,test,test,pooled,1.0,20260507,,evaluated,,passed,,0.21026680718428623,0.17512027185521697,0.25196394492910457,0.5223939875351338,0.4690586445005548,0.5768244118428479,0.21267052134696102,0.0,0.7604790419161677,432,334,98,397,2926,64,64,2990,64,11,0
gemma-4-12b-it,gemma-4-12b-it,dash-b,Sphere-Traj-LSTM,proxy_anchor,Diag-kNN-tuned,test,test,pooled,1.0,20260507,4,evaluated,,passed,,0.2730971138326763,0.21937627773465698,0.33452134980143156,0.6271233044115849,0.5670085385433454,0.6849279776752343,0.27697067140443304,0.0,0.8263473053892215,432,334,98,397,2926,64,64,2990,64,11,0
gemma-4-12b-it,gemma-4-12b-it,dash-b,Sphere-Traj-LSTM,proxy_anchor,Diag-vMF,test,test,pooled,1.0,20260507,,evaluated,,passed,,0.23081137409668834,0.18383359238310096,0.2851871529048639,0.522439814249053,0.456250137602958,0.5908126551796511,0.23471139602364588,0.0,0.9520958083832335,432,334,98,397,2926,64,64,2990,64,11,0
gemma-4-12b-it,gemma-4-12b-it,dash-b,Sphere-Traj-LSTM,proxy_anchor,Diag-Classifier,test,test,pooled,1.0,20260508,,evaluated,,passed,,0.2247982177154047,0.17754918754037963,0.28556177497796287,0.51273982646951,0.45117310032970753,0.5754338258972684,0.22890253370363228,0.0,0.9431137724550899,432,334,98,397,2926,64,64,2990,64,11,0
gemma-4-12b-it,gemma-4-12b-it,dash-b,Sphere-Traj-LSTM,proxy_anchor,Diag-kNN-tuned,test,test,pooled,1.0,20260508,16,evaluated,,passed,,0.23903420296675093,0.19039762240432537,0.2940079889068619,0.5690150311621655,0.5139029456356559,0.6263614877330216,0.24282205219171318,0.0,0.7994011976047904,432,334,98,397,2926,64,64,2990,64,11,0
gemma-4-12b-it,gemma-4-12b-it,dash-b,Sphere-Traj-LSTM,proxy_anchor,Diag-vMF,test,test,pooled,1.0,20260508,,evaluated,,passed,,0.22173270236411868,0.17452277645339973,0.27540604335537117,0.5143284858853722,0.4573299510958806,0.5780361385128019,0.22546520471687598,0.0,0.9011976047904192,432,334,98,397,2926,64,64,2990,64,11,0
gemma-4-12b-it,gemma-4-12b-it,dash-b,Sphere-Traj-LSTM,proxy_anchor,Diag-Classifier,test,test,pooled,0.5,20260506,,evaluated,,passed,,0.1643958110867937,0.1320054616167018,0.20104802636138033,0.3471526335084932,0.2926327109231049,0.4036799545945578,0.16640734485433864,0.0,0.9910179640718563,432,334,98,397,2926,64,32,2958,32,11,0
gemma-4-12b-it,gemma-4-12b-it,dash-b,Sphere-Traj-LSTM,proxy_anchor,Diag-kNN-tuned,test,test,pooled,0.5,20260506,32,evaluated,,passed,,0.2820161205159366,0.21876299331415333,0.35149111950457806,0.6023463277526581,0.5468918631463481,0.6582275204043078,0.28547761494492485,0.04081632653061224,0.7544910179640718,432,334,98,397,2926,64,32,2958,32,11,0
gemma-4-12b-it,gemma-4-12b-it,dash-b,Sphere-Traj-LSTM,proxy_anchor,Diag-vMF,test,test,pooled,0.5,20260506,,evaluated,,passed,,0.18299458691016457,0.1432136359428282,0.245485243910174,0.3402022485640963,0.2771480792106169,0.4029938778692455,0.18913413661524725,0.04081632653061224,0.9700598802395209,432,334,98,397,2926,64,32,2958,32,11,0
gemma-4-12b-it,gemma-4-12b-it,dash-b,Sphere-Traj-LSTM,proxy_anchor,Diag-Classifier,test,test,pooled,0.5,20260507,,evaluated,,passed,,0.32398195280294917,0.25246388768535455,0.40591247154619975,0.6215935475986802,0.5640167250415723,0.6724772995634076,0.3279397574477313,0.04081632653061224,0.6736526946107785,432,334,98,397,2926,64,32,2958,32,11,0
gemma-4-12b-it,gemma-4-12b-it,dash-b,Sphere-Traj-LSTM,proxy_anchor,Diag-kNN-tuned,test,test,pooled,0.5,20260507,1,evaluated,,passed,,0.3066709415636555,0.24553540673492943,0.38347452400725046,0.6622265672736161,0.6033556310882479,0.7167702349075233,0.3114202821859158,0.0,0.6976047904191617,432,334,98,397,2926,64,32,2958,32,11,0
gemma-4-12b-it,gemma-4-12b-it,dash-b,Sphere-Traj-LSTM,proxy_anchor,Diag-vMF,test,test,pooled,0.5,20260507,,evaluated,,passed,,0.22033756420338946,0.17839207424650166,0.27043747529166984,0.5180862764267384,0.45062422529274304,0.5785876897828555,0.22358430916262192,0.0,0.9760479041916168,432,334,98,397,2926,64,32,2958,32,11,0
gemma-4-12b-it,gemma-4-12b-it,dash-b,Sphere-Traj-LSTM,proxy_anchor,Diag-Classifier,test,test,pooled,0.5,20260508,,evaluated,,passed,,0.27762311631618336,0.20441426902127663,0.3569639382362663,0.544971281925944,0.48346886268503825,0.6085528228886864,0.28183673953963617,0.030612244897959183,0.9550898203592815,432,334,98,397,2926,64,32,2958,32,11,0
gemma-4-12b-it,gemma-4-12b-it,dash-b,Sphere-Traj-LSTM,proxy_anchor,Diag-kNN-tuned,test,test,pooled,0.5,20260508,32,evaluated,,passed,,0.2782229992456094,0.21607193600551816,0.3497515800436622,0.6155138702187462,0.5602885819321004,0.6760053110185841,0.2835444816485969,0.0,0.7664670658682635,432,334,98,397,2926,64,32,2958,32,11,0
gemma-4-12b-it,gemma-4-12b-it,dash-b,Sphere-Traj-LSTM,proxy_anchor,Diag-vMF,test,test,pooled,0.5,20260508,,evaluated,,passed,,0.24250943142298503,0.18987968932786703,0.3030175875610863,0.5417023096663816,0.4767805053549668,0.6053450419241208,0.24699898039031914,0.0,0.9281437125748503,432,334,98,397,2926,64,32,2958,32,11,0
gemma-4-12b-it,gemma-4-12b-it,dash-b,Sphere-Traj-LSTM,proxy_anchor,Diag-kNN-tuned,test,test,pooled,0.25,20260506,,skipped,ratio 0.25 would leave fewer than 20 hard negatives (16),skipped,ratio 0.25 would leave fewer than 20 hard negatives (16),nan,nan,nan,nan,nan,nan,nan,nan,nan,0,0,0,0,2926,64,0,2926,0,0,0
gemma-4-12b-it,gemma-4-12b-it,dash-b,Sphere-Traj-LSTM,proxy_anchor,Diag-Classifier,test,test,pooled,0.25,20260506,,skipped,ratio 0.25 would leave fewer than 20 hard negatives (16),skipped,ratio 0.25 would leave fewer than 20 hard negatives (16),nan,nan,nan,nan,nan,nan,nan,nan,nan,0,0,0,0,2926,64,0,2926,0,0,0
gemma-4-12b-it,gemma-4-12b-it,dash-b,Sphere-Traj-LSTM,proxy_anchor,Diag-vMF,test,test,pooled,0.25,20260506,,skipped,ratio 0.25 would leave fewer than 20 hard negatives (16),skipped,ratio 0.25 would leave fewer than 20 hard negatives (16),nan,nan,nan,nan,nan,nan,nan,nan,nan,0,0,0,0,2926,64,0,2926,0,0,0
gemma-4-12b-it,gemma-4-12b-it,dash-b,Sphere-Traj-LSTM,proxy_anchor,Diag-kNN-tuned,test,test,pooled,0.25,20260507,,skipped,ratio 0.25 would leave fewer than 20 hard negatives (16),skipped,ratio 0.25 would leave fewer than 20 hard negatives (16),nan,nan,nan,nan,nan,nan,nan,nan,nan,0,0,0,0,2926,64,0,2926,0,0,0
gemma-4-12b-it,gemma-4-12b-it,dash-b,Sphere-Traj-LSTM,proxy_anchor,Diag-Classifier,test,test,pooled,0.25,20260507,,skipped,ratio 0.25 would leave fewer than 20 hard negatives (16),skipped,ratio 0.25 would leave fewer than 20 hard negatives (16),nan,nan,nan,nan,nan,nan,nan,nan,nan,0,0,0,0,2926,64,0,2926,0,0,0
gemma-4-12b-it,gemma-4-12b-it,dash-b,Sphere-Traj-LSTM,proxy_anchor,Diag-vMF,test,test,pooled,0.25,20260507,,skipped,ratio 0.25 would leave fewer than 20 hard negatives (16),skipped,ratio 0.25 would leave fewer than 20 hard negatives (16),nan,nan,nan,nan,nan,nan,nan,nan,nan,0,0,0,0,2926,64,0,2926,0,0,0
gemma-4-12b-it,gemma-4-12b-it,dash-b,Sphere-Traj-LSTM,proxy_anchor,Diag-kNN-tuned,test,test,pooled,0.25,20260508,,skipped,ratio 0.25 would leave fewer than 20 hard negatives (16),skipped,ratio 0.25 would leave fewer than 20 hard negatives (16),nan,nan,nan,nan,nan,nan,nan,nan,nan,0,0,0,0,2926,64,0,2926,0,0,0
gemma-4-12b-it,gemma-4-12b-it,dash-b,Sphere-Traj-LSTM,proxy_anchor,Diag-Classifier,test,test,pooled,0.25,20260508,,skipped,ratio 0.25 would leave fewer than 20 hard negatives (16),skipped,ratio 0.25 would leave fewer than 20 hard negatives (16),nan,nan,nan,nan,nan,nan,nan,nan,nan,0,0,0,0,2926,64,0,2926,0,0,0
gemma-4-12b-it,gemma-4-12b-it,dash-b,Sphere-Traj-LSTM,proxy_anchor,Diag-vMF,test,test,pooled,0.25,20260508,,skipped,ratio 0.25 would leave fewer than 20 hard negatives (16),skipped,ratio 0.25 would leave fewer than 20 hard negatives (16),nan,nan,nan,nan,nan,nan,nan,nan,nan,0,0,0,0,2926,64,0,2926,0,0,0
gemma-4-12b-it,gemma-4-12b-it,dash-b,Sphere-Traj-LSTM,proxy_anchor,Diag-kNN-tuned,test,test,pooled,0.1,20260506,,skipped,ratio 0.1 would leave fewer than 20 hard negatives (6),skipped,ratio 0.1 would leave fewer than 20 hard negatives (6),nan,nan,nan,nan,nan,nan,nan,nan,nan,0,0,0,0,2926,64,0,2926,0,0,0
gemma-4-12b-it,gemma-4-12b-it,dash-b,Sphere-Traj-LSTM,proxy_anchor,Diag-Classifier,test,test,pooled,0.1,20260506,,skipped,ratio 0.1 would leave fewer than 20 hard negatives (6),skipped,ratio 0.1 would leave fewer than 20 hard negatives (6),nan,nan,nan,nan,nan,nan,nan,nan,nan,0,0,0,0,2926,64,0,2926,0,0,0
gemma-4-12b-it,gemma-4-12b-it,dash-b,Sphere-Traj-LSTM,proxy_anchor,Diag-vMF,test,test,pooled,0.1,20260506,,skipped,ratio 0.1 would leave fewer than 20 hard negatives (6),skipped,ratio 0.1 would leave fewer than 20 hard negatives (6),nan,nan,nan,nan,nan,nan,nan,nan,nan,0,0,0,0,2926,64,0,2926,0,0,0
gemma-4-12b-it,gemma-4-12b-it,dash-b,Sphere-Traj-LSTM,proxy_anchor,Diag-kNN-tuned,test,test,pooled,0.1,20260507,,skipped,ratio 0.1 would leave fewer than 20 hard negatives (6),skipped,ratio 0.1 would leave fewer than 20 hard negatives (6),nan,nan,nan,nan,nan,nan,nan,nan,nan,0,0,0,0,2926,64,0,2926,0,0,0
gemma-4-12b-it,gemma-4-12b-it,dash-b,Sphere-Traj-LSTM,proxy_anchor,Diag-Classifier,test,test,pooled,0.1,20260507,,skipped,ratio 0.1 would leave fewer than 20 hard negatives (6),skipped,ratio 0.1 would leave fewer than 20 hard negatives (6),nan,nan,nan,nan,nan,nan,nan,nan,nan,0,0,0,0,2926,64,0,2926,0,0,0
gemma-4-12b-it,gemma-4-12b-it,dash-b,Sphere-Traj-LSTM,proxy_anchor,Diag-vMF,test,test,pooled,0.1,20260507,,skipped,ratio 0.1 would leave fewer than 20 hard negatives (6),skipped,ratio 0.1 would leave fewer than 20 hard negatives (6),nan,nan,nan,nan,nan,nan,nan,nan,nan,0,0,0,0,2926,64,0,2926,0,0,0
gemma-4-12b-it,gemma-4-12b-it,dash-b,Sphere-Traj-LSTM,proxy_anchor,Diag-kNN-tuned,test,test,pooled,0.1,20260508,,skipped,ratio 0.1 would leave fewer than 20 hard negatives (6),skipped,ratio 0.1 would leave fewer than 20 hard negatives (6),nan,nan,nan,nan,nan,nan,nan,nan,nan,0,0,0,0,2926,64,0,2926,0,0,0
gemma-4-12b-it,gemma-4-12b-it,dash-b,Sphere-Traj-LSTM,proxy_anchor,Diag-Classifier,test,test,pooled,0.1,20260508,,skipped,ratio 0.1 would leave fewer than 20 hard negatives (6),skipped,ratio 0.1 would leave fewer than 20 hard negatives (6),nan,nan,nan,nan,nan,nan,nan,nan,nan,0,0,0,0,2926,64,0,2926,0,0,0
gemma-4-12b-it,gemma-4-12b-it,dash-b,Sphere-Traj-LSTM,proxy_anchor,Diag-vMF,test,test,pooled,0.1,20260508,,skipped,ratio 0.1 would leave fewer than 20 hard negatives (6),skipped,ratio 0.1 would leave fewer than 20 hard negatives (6),nan,nan,nan,nan,nan,nan,nan,nan,nan,0,0,0,0,2926,64,0,2926,0,0,0
qwen3.5-4b,qwen3.5-4b,dash-b,Sphere-Traj-LSTM,proxy_anchor,Diag-Classifier,test,test,pooled,1.0,20260506,,evaluated,,passed,,0.4864721375005198,0.40684093860658366,0.5773530864512627,0.7123921380632791,0.6587549439721664,0.7649337635457112,0.49136054862546574,0.0,0.8187919463087249,438,298,140,361,3852,84,84,3936,84,5,0
qwen3.5-4b,qwen3.5-4b,dash-b,Sphere-Traj-LSTM,proxy_anchor,Diag-kNN-tuned,test,test,pooled,1.0,20260506,32,evaluated,,passed,,0.3683457739919531,0.31177136387709065,0.4371395922791917,0.6186001917545542,0.5636126961039452,0.6727820911537515,0.3719981433903362,0.0,0.8422818791946308,438,298,140,361,3852,84,84,3936,84,5,0
qwen3.5-4b,qwen3.5-4b,dash-b,Sphere-Traj-LSTM,proxy_anchor,Diag-vMF,test,test,pooled,1.0,20260506,,evaluated,,passed,,0.3989180692576966,0.3317527997049049,0.48021209106770135,0.610522531160115,0.5519432894769888,0.6673195333699397,0.4037486052363786,0.0,0.8926174496644296,438,298,140,361,3852,84,84,3936,84,5,0
qwen3.5-4b,qwen3.5-4b,dash-b,Sphere-Traj-LSTM,proxy_anchor,Diag-Classifier,test,test,pooled,1.0,20260507,,evaluated,,passed,,0.4805084309918656,0.4097754339138171,0.5637059521275529,0.7268696069031639,0.6820132052333256,0.7691380901384932,0.486501623546876,0.014285714285714285,0.7013422818791947,438,298,140,361,3852,84,84,3936,84,5,0
qwen3.5-4b,qwen3.5-4b,dash-b,Sphere-Traj-LSTM,proxy_anchor,Diag-kNN-tuned,test,test,pooled,1.0,20260507,32,evaluated,,passed,,0.2773263338886834,0.2348399834942169,0.3266394762356935,0.4681447746883989,0.41165399155538096,0.5259020055783827,0.2795062991852373,0.0,0.9228187919463087,438,298,140,361,3852,84,84,3936,84,5,0
qwen3.5-4b,qwen3.5-4b,dash-b,Sphere-Traj-LSTM,proxy_anchor,Diag-vMF,test,test,pooled,1.0,20260507,,evaluated,,passed,,0.29951124804015594,0.2541240625482568,0.3528212214434544,0.512967401725791,0.45792280088101844,0.5695779615108305,0.3019711913562631,0.0,0.9261744966442953,438,298,140,361,3852,84,84,3936,84,5,0
qwen3.5-4b,qwen3.5-4b,dash-b,Sphere-Traj-LSTM,proxy_anchor,Diag-Classifier,test,test,pooled,1.0,20260508,,evaluated,,passed,,0.4852087107414118,0.40999493795032516,0.5672992491021498,0.7261265580057527,0.6763602588686483,0.7735527103776174,0.48934650134342866,0.007142857142857143,0.802013422818792,438,298,140,361,3852,84,84,3936,84,5,0
qwen3.5-4b,qwen3.5-4b,dash-b,Sphere-Traj-LSTM,proxy_anchor,Diag-kNN-tuned,test,test,pooled,1.0,20260508,16,evaluated,,passed,,0.3728235189715598,0.30714732610617346,0.4417256574410096,0.5716442953020134,0.5152399211296002,0.6236270604996256,0.3768648634579399,0.014285714285714285,0.8557046979865772,438,298,140,361,3852,84,84,3936,84,5,0
qwen3.5-4b,qwen3.5-4b,dash-b,Sphere-Traj-LSTM,proxy_anchor,Diag-vMF,test,test,pooled,1.0,20260508,,evaluated,,passed,,0.33030480877130675,0.2667521767520486,0.3972710535178441,0.48690076701821666,0.4266797181853889,0.5413672909252375,0.3342676257692241,0.014285714285714285,0.9261744966442953,438,298,140,361,3852,84,84,3936,84,5,0
qwen3.5-4b,qwen3.5-4b,dash-b,Sphere-Traj-LSTM,proxy_anchor,Diag-Classifier,test,test,pooled,0.5,20260506,,evaluated,,passed,,0.3281894239869097,0.263890276327751,0.4019476348688453,0.4453978906999041,0.3840932830657747,0.5071516429659036,0.3334653353488721,0.014285714285714285,0.959731543624161,438,298,140,361,3852,84,42,3894,42,5,0
qwen3.5-4b,qwen3.5-4b,dash-b,Sphere-Traj-LSTM,proxy_anchor,Diag-kNN-tuned,test,test,pooled,0.5,20260506,32,evaluated,,passed,,0.35810715768234647,0.2998786180342945,0.42754277297310034,0.5846116970278044,0.5310850759479604,0.635926116783406,0.36329535793489887,0.007142857142857143,0.87248322147651,438,298,140,361,3852,84,42,3894,42,5,0
qwen3.5-4b,qwen3.5-4b,dash-b,Sphere-Traj-LSTM,proxy_anchor,Diag-vMF,test,test,pooled,0.5,20260506,,evaluated,,passed,,0.36474449576056034,0.3018939724056291,0.44011861692057846,0.575862895493768,0.520417786459497,0.6303964574765334,0.3700213855343612,0.007142857142857143,0.9026845637583892,438,298,140,361,3852,84,42,3894,42,5,0
qwen3.5-4b,qwen3.5-4b,dash-b,Sphere-Traj-LSTM,proxy_anchor,Diag-Classifier,test,test,pooled,0.5,20260507,,evaluated,,passed,,0.5226306389218393,0.43965571451929025,0.6103356051266765,0.7168504314477468,0.6689883467367955,0.7615022937320716,0.5275709560519515,0.0,0.7550335570469798,438,298,140,361,3852,84,42,3894,42,5,0
qwen3.5-4b,qwen3.5-4b,dash-b,Sphere-Traj-LSTM,proxy_anchor,Diag-kNN-tuned,test,test,pooled,0.5,20260507,32,evaluated,,passed,,0.3590509844459112,0.3022604420558074,0.43014818866773713,0.5957334611697027,0.5414440725434612,0.6495534573173982,0.36277628275004425,0.0,0.7483221476510067,438,298,140,361,3852,84,42,3894,42,5,0
qwen3.5-4b,qwen3.5-4b,dash-b,Sphere-Traj-LSTM,proxy_anchor,Diag-vMF,test,test,pooled,0.5,20260507,,evaluated,,passed,,0.39385354503014713,0.32708913273236706,0.4736799352949219,0.598777564717162,0.543676409577086,0.6567490778897028,0.3986216332486955,0.0,0.9429530201342282,438,298,140,361,3852,84,42,3894,42,5,0
qwen3.5-4b,qwen3.5-4b,dash-b,Sphere-Traj-LSTM,proxy_anchor,Diag-Classifier,test,test,pooled,0.5,20260508,,evaluated,,passed,,0.4013980889363206,0.33514052350146284,0.47876181935141393,0.6365532118887823,0.5820804253754996,0.6884188942312693,0.4071834134659149,0.007142857142857143,0.7718120805369127,438,298,140,361,3852,84,42,3894,42,5,0
qwen3.5-4b,qwen3.5-4b,dash-b,Sphere-Traj-LSTM,proxy_anchor,Diag-kNN-tuned,test,test,pooled,0.5,20260508,2,evaluated,,passed,,0.501782703780482,0.42416230398002985,0.5870632264542137,0.7462128475551294,0.698668597411428,0.7922446478559249,0.507701817970383,0.007142857142857143,0.8422818791946308,438,298,140,361,3852,84,42,3894,42,5,0
qwen3.5-4b,qwen3.5-4b,dash-b,Sphere-Traj-LSTM,proxy_anchor,Diag-vMF,test,test,pooled,0.5,20260508,,evaluated,,passed,,0.32696971210335635,0.2689909567355858,0.3978814357621711,0.5054410354745926,0.44700147140614993,0.5662394919516309,0.3326559973618774,0.007142857142857143,0.9530201342281879,438,298,140,361,3852,84,42,3894,42,5,0
qwen3.5-4b,qwen3.5-4b,dash-b,Sphere-Traj-LSTM,proxy_anchor,Diag-Classifier,test,test,pooled,0.25,20260506,,evaluated,,passed,,0.5793876115792022,0.48913179557998865,0.6812602049177016,0.7334611697027804,0.6756189954222682,0.7880313097501934,0.5850558757265287,0.02857142857142857,0.8859060402684564,438,298,140,361,3852,84,21,3873,21,5,0
qwen3.5-4b,qwen3.5-4b,dash-b,Sphere-Traj-LSTM,proxy_anchor,Diag-kNN-tuned,test,test,pooled,0.25,20260506,32,evaluated,,passed,,0.515618146186492,0.431062005308402,0.6121111587791094,0.7312799616490891,0.6808054350317537,0.7823080934592905,0.5216510512567732,0.007142857142857143,0.7785234899328859,438,298,140,361,3852,84,21,3873,21,5,0
qwen3.5-4b,qwen3.5-4b,dash-b,Sphere-Traj-LSTM,proxy_anchor,Diag-vMF,test,test,pooled,0.25,20260506,,evaluated,,passed,,0.5784249484903751,0.48744355709027887,0.6777304767148303,0.7304170661553212,0.6768122926792006,0.7836216732661894,0.5822804521805028,0.03571428571428571,0.9093959731543624,438,298,140,361,3852,84,21,3873,21,5,0
qwen3.5-4b,qwen3.5-4b,dash-b,Sphere-Traj-LSTM,proxy_anchor,Diag-Classifier,test,test,pooled,0.25,20260507,,evaluated,,passed,,0.6204160458486371,0.5366990624064489,0.7086039477570998,0.8083173537871525,0.7656517522394086,0.8476235958816412,0.6253998235573108,0.007142857142857143,0.6342281879194631,438,298,140,361,3852,84,21,3873,21,5,0
qwen3.5-4b,qwen3.5-4b,dash-b,Sphere-Traj-LSTM,proxy_anchor,Diag-kNN-tuned,test,test,pooled,0.25,20260507,32,evaluated,,passed,,0.31004773299003385,0.2662653677119861,0.36346379449689176,0.554026845637584,0.5004959892266334,0.6060307237431011,0.3125177291257775,0.0,0.6946308724832215,438,298,140,361,3852,84,21,3873,21,5,0
qwen3.5-4b,qwen3.5-4b,dash-b,Sphere-Traj-LSTM,proxy_anchor,Diag-vMF,test,test,pooled,0.25,20260507,,evaluated,,passed,,0.42775701876947336,0.36354043348091364,0.5055628998950068,0.6900767018216682,0.6383030563663028,0.7431603772974783,0.43097798082859495,0.0,0.8590604026845637,438,298,140,361,3852,84,21,3873,21,5,0
qwen3.5-4b,qwen3.5-4b,dash-b,Sphere-Traj-LSTM,proxy_anchor,Diag-Classifier,test,test,pooled,0.25,20260508,,evaluated,,passed,,0.4508356720841223,0.3692738884030022,0.5462662013578492,0.5826222435282838,0.5252673599143621,0.6424322975509356,0.4556770662607984,0.0,0.9798657718120806,438,298,140,361,3852,84,21,3873,21,5,0
qwen3.5-4b,qwen3.5-4b,dash-b,Sphere-Traj-LSTM,proxy_anchor,Diag-kNN-tuned,test,test,pooled,0.25,20260508,32,evaluated,,passed,,0.5567618690756845,0.4694959137161138,0.6516712981500478,0.7509108341323106,0.7034273050987118,0.7985091254955169,0.5616539829853557,0.0,0.6778523489932886,438,298,140,361,3852,84,21,3873,21,5,0
qwen3.5-4b,qwen3.5-4b,dash-b,Sphere-Traj-LSTM,proxy_anchor,Diag-vMF,test,test,pooled,0.25,20260508,,evaluated,,passed,,0.5223776342976001,0.43406147269906,0.6195203373517405,0.671692233940556,0.6133213913030316,0.7275511313927968,0.5272420443204398,0.0,0.9261744966442953,438,298,140,361,3852,84,21,3873,21,5,0
qwen3.5-4b,qwen3.5-4b,dash-b,Sphere-Traj-LSTM,proxy_anchor,Diag-kNN-tuned,test,test,pooled,0.1,20260506,,skipped,ratio 0.1 would leave fewer than 20 hard negatives (8),skipped,ratio 0.1 would leave fewer than 20 hard negatives (8),nan,nan,nan,nan,nan,nan,nan,nan,nan,0,0,0,0,3852,84,0,3852,0,0,0
qwen3.5-4b,qwen3.5-4b,dash-b,Sphere-Traj-LSTM,proxy_anchor,Diag-Classifier,test,test,pooled,0.1,20260506,,skipped,ratio 0.1 would leave fewer than 20 hard negatives (8),skipped,ratio 0.1 would leave fewer than 20 hard negatives (8),nan,nan,nan,nan,nan,nan,nan,nan,nan,0,0,0,0,3852,84,0,3852,0,0,0
qwen3.5-4b,qwen3.5-4b,dash-b,Sphere-Traj-LSTM,proxy_anchor,Diag-vMF,test,test,pooled,0.1,20260506,,skipped,ratio 0.1 would leave fewer than 20 hard negatives (8),skipped,ratio 0.1 would leave fewer than 20 hard negatives (8),nan,nan,nan,nan,nan,nan,nan,nan,nan,0,0,0,0,3852,84,0,3852,0,0,0
qwen3.5-4b,qwen3.5-4b,dash-b,Sphere-Traj-LSTM,proxy_anchor,Diag-kNN-tuned,test,test,pooled,0.1,20260507,,skipped,ratio 0.1 would leave fewer than 20 hard negatives (8),skipped,ratio 0.1 would leave fewer than 20 hard negatives (8),nan,nan,nan,nan,nan,nan,nan,nan,nan,0,0,0,0,3852,84,0,3852,0,0,0
qwen3.5-4b,qwen3.5-4b,dash-b,Sphere-Traj-LSTM,proxy_anchor,Diag-Classifier,test,test,pooled,0.1,20260507,,skipped,ratio 0.1 would leave fewer than 20 hard negatives (8),skipped,ratio 0.1 would leave fewer than 20 hard negatives (8),nan,nan,nan,nan,nan,nan,nan,nan,nan,0,0,0,0,3852,84,0,3852,0,0,0
qwen3.5-4b,qwen3.5-4b,dash-b,Sphere-Traj-LSTM,proxy_anchor,Diag-vMF,test,test,pooled,0.1,20260507,,skipped,ratio 0.1 would leave fewer than 20 hard negatives (8),skipped,ratio 0.1 would leave fewer than 20 hard negatives (8),nan,nan,nan,nan,nan,nan,nan,nan,nan,0,0,0,0,3852,84,0,3852,0,0,0
qwen3.5-4b,qwen3.5-4b,dash-b,Sphere-Traj-LSTM,proxy_anchor,Diag-kNN-tuned,test,test,pooled,0.1,20260508,,skipped,ratio 0.1 would leave fewer than 20 hard negatives (8),skipped,ratio 0.1 would leave fewer than 20 hard negatives (8),nan,nan,nan,nan,nan,nan,nan,nan,nan,0,0,0,0,3852,84,0,3852,0,0,0
qwen3.5-4b,qwen3.5-4b,dash-b,Sphere-Traj-LSTM,proxy_anchor,Diag-Classifier,test,test,pooled,0.1,20260508,,skipped,ratio 0.1 would leave fewer than 20 hard negatives (8),skipped,ratio 0.1 would leave fewer than 20 hard negatives (8),nan,nan,nan,nan,nan,nan,nan,nan,nan,0,0,0,0,3852,84,0,3852,0,0,0
qwen3.5-4b,qwen3.5-4b,dash-b,Sphere-Traj-LSTM,proxy_anchor,Diag-vMF,test,test,pooled,0.1,20260508,,skipped,ratio 0.1 would leave fewer than 20 hard negatives (8),skipped,ratio 0.1 would leave fewer than 20 hard negatives (8),nan,nan,nan,nan,nan,nan,nan,nan,nan,0,0,0,0,3852,84,0,3852,0,0,0
qwen3.5-9b,qwen3.5-9b,dash-b,Sphere-Traj-LSTM,proxy_anchor,Diag-Classifier,test,test,pooled,1.0,20260506,,evaluated,,passed,,0.4962998400205071,0.4157958521939926,0.5662871384392357,0.4760813148788927,0.4150043569570123,0.5362810572661959,0.49811513805883156,0.047058823529411764,0.9742647058823529,442,272,170,349,3885,114,114,3999,114,1,0
qwen3.5-9b,qwen3.5-9b,dash-b,Sphere-Traj-LSTM,proxy_anchor,Diag-kNN-tuned,test,test,pooled,1.0,20260506,32,evaluated,,passed,,0.7673673380107422,0.6939796096881989,0.8284275187705961,0.8669982698961938,0.8302019608552105,0.9000216397181525,0.7688721162923986,0.041176470588235294,0.43014705882352944,442,272,170,349,3885,114,114,3999,114,1,0
qwen3.5-9b,qwen3.5-9b,dash-b,Sphere-Traj-LSTM,proxy_anchor,Diag-vMF,test,test,pooled,1.0,20260506,,evaluated,,passed,,0.7243960039025998,0.6446568471031424,0.7914684895085845,0.7852941176470588,0.7317966009200064,0.8330892879172631,0.7259176629444293,0.041176470588235294,0.8419117647058824,442,272,170,349,3885,114,114,3999,114,1,0
qwen3.5-9b,qwen3.5-9b,dash-b,Sphere-Traj-LSTM,proxy_anchor,Diag-Classifier,test,test,pooled,1.0,20260507,,evaluated,,passed,,0.6846663067284774,0.6088992993182083,0.7572032780299576,0.764446366782007,0.7175525070411061,0.8136304214147305,0.6867108754126765,0.058823529411764705,0.9705882352941176,442,272,170,349,3885,114,114,3999,114,1,0
qwen3.5-9b,qwen3.5-9b,dash-b,Sphere-Traj-LSTM,proxy_anchor,Diag-kNN-tuned,test,test,pooled,1.0,20260507,32,evaluated,,passed,,0.7276236219103099,0.6538663075125294,0.7937409242537873,0.8459342560553633,0.8133248159749168,0.879651246965478,0.7295227849151266,0.058823529411764705,0.48161764705882354,442,272,170,349,3885,114,114,3999,114,1,0
qwen3.5-9b,qwen3.5-9b,dash-b,Sphere-Traj-LSTM,proxy_anchor,Diag-vMF,test,test,pooled,1.0,20260507,,evaluated,,passed,,0.6957424657184949,0.6217395102286929,0.7666765968278361,0.7808174740484429,0.7357532748390258,0.8261135577225543,0.6976481958494831,0.058823529411764705,0.8602941176470589,442,272,170,349,3885,114,114,3999,114,1,0
qwen3.5-9b,qwen3.5-9b,dash-b,Sphere-Traj-LSTM,proxy_anchor,Diag-Classifier,test,test,pooled,1.0,20260508,,evaluated,,passed,,0.7592203004739105,0.683342340545595,0.830761145882977,0.8608023356401384,0.8257546373902322,0.8932455791205395,0.7580943535276452,0.06470588235294118,0.45955882352941174,442,272,170,349,3885,114,114,3999,114,1,0
qwen3.5-9b,qwen3.5-9b,dash-b,Sphere-Traj-LSTM,proxy_anchor,Diag-kNN-tuned,test,test,pooled,1.0,20260508,32,evaluated,,passed,,0.7664704044775128,0.6934225723501377,0.8369586182364064,0.8688365051903115,0.8372281958546489,0.9005469662763433,0.7679451250739395,0.06470588235294118,0.44485294117647056,442,272,170,349,3885,114,114,3999,114,1,0
qwen3.5-9b,qwen3.5-9b,dash-b,Sphere-Traj-LSTM,proxy_anchor,Diag-vMF,test,test,pooled,1.0,20260508,,evaluated,,passed,,0.7405135502839291,0.667401643918906,0.8104479107683893,0.8184039792387544,0.7759088175138471,0.8592975277835562,0.7420010767729324,0.06470588235294118,0.7794117647058824,442,272,170,349,3885,114,114,3999,114,1,0
qwen3.5-9b,qwen3.5-9b,dash-b,Sphere-Traj-LSTM,proxy_anchor,Diag-Classifier,test,test,pooled,0.5,20260506,,evaluated,,passed,,0.3553040741953446,0.2958918565679679,0.4127086906560754,0.2714965397923875,0.2207850713359851,0.3215230626454788,0.357084608830867,0.11176470588235295,0.9926470588235294,442,272,170,349,3885,114,57,3942,57,1,0
qwen3.5-9b,qwen3.5-9b,dash-b,Sphere-Traj-LSTM,proxy_anchor,Diag-kNN-tuned,test,test,pooled,0.5,20260506,1,evaluated,,passed,,0.7466177841444792,0.6745218406239756,0.8126884694281848,0.8434039792387544,0.8075033538702955,0.8786835250664481,0.7478541732841668,0.11176470588235295,0.48161764705882354,442,272,170,349,3885,114,57,3942,57,1,0
qwen3.5-9b,qwen3.5-9b,dash-b,Sphere-Traj-LSTM,proxy_anchor,Diag-vMF,test,test,pooled,0.5,20260506,,evaluated,,passed,,0.7478323489278403,0.6733544330463842,0.8097502117566461,0.7944636678200693,0.7429201502821484,0.8435613151238567,0.7492544228959592,0.19411764705882353,0.9264705882352942,442,272,170,349,3885,114,57,3942,57,1,0
qwen3.5-9b,qwen3.5-9b,dash-b,Sphere-Traj-LSTM,proxy_anchor,Diag-Classifier,test,test,pooled,0.5,20260507,,evaluated,,passed,,0.726557029702114,0.650292406789882,0.7994600707292364,0.838689446366782,0.8033051184294988,0.8735876443782915,0.7287666026105716,0.058823529411764705,0.4852941176470588,442,272,170,349,3885,114,57,3942,57,1,0
qwen3.5-9b,qwen3.5-9b,dash-b,Sphere-Traj-LSTM,proxy_anchor,Diag-kNN-tuned,test,test,pooled,0.5,20260507,32,evaluated,,passed,,0.6872243456685505,0.6086834542735459,0.7645572679829947,0.7945285467128027,0.7512527290327896,0.8358824171743625,0.6899901942833759,0.07058823529411765,0.6654411764705882,442,272,170,349,3885,114,57,3942,57,1,0
qwen3.5-9b,qwen3.5-9b,dash-b,Sphere-Traj-LSTM,proxy_anchor,Diag-vMF,test,test,pooled,0.5,20260507,,evaluated,,passed,,0.6811427403878051,0.6019346942999827,0.7580995826742207,0.7818122837370242,0.7385463873522493,0.8258629488597579,0.6838957118808348,0.07058823529411765,0.7463235294117647,442,272,170,349,3885,114,57,3942,57,1,0
qwen3.5-9b,qwen3.5-9b,dash-b,Sphere-Traj-LSTM,proxy_anchor,Diag-Classifier,test,test,pooled,0.5,20260508,,evaluated,,passed,,0.4639927229303338,0.3905354247248674,0.5346258081590802,0.4961721453287197,0.4357713444363514,0.5525419359908152,0.4658801151711785,0.08235294117647059,0.9411764705882353,442,272,170,349,3885,114,57,3942,57,1,0
qwen3.5-9b,qwen3.5-9b,dash-b,Sphere-Traj-LSTM,proxy_anchor,Diag-kNN-tuned,test,test,pooled,0.5,20260508,32,evaluated,,passed,,0.7377779770365063,0.6592265896171299,0.8050699959996659,0.8537846020761246,0.8159089208428202,0.8865680466833182,0.7394756435791161,0.07647058823529412,0.43014705882352944,442,272,170,349,3885,114,57,3942,57,1,0
qwen3.5-9b,qwen3.5-9b,dash-b,Sphere-Traj-LSTM,proxy_anchor,Diag-vMF,test,test,pooled,0.5,20260508,,evaluated,,passed,,0.7244206406805744,0.6428385509311241,0.7930231665589212,0.8166522491349482,0.7733620196995248,0.8601181080392389,0.7261060753427896,0.07647058823529412,0.8161764705882353,442,272,170,349,3885,114,57,3942,57,1,0
qwen3.5-9b,qwen3.5-9b,dash-b,Sphere-Traj-LSTM,proxy_anchor,Diag-Classifier,test,test,pooled,0.25,20260506,,evaluated,,passed,,0.7622395523921479,0.6899352090189097,0.8315107413249356,0.8658953287197232,0.8305623755977017,0.8995561290128142,0.7636650188945983,0.07647058823529412,0.46691176470588236,442,272,170,349,3885,114,28,3913,28,1,0
qwen3.5-9b,qwen3.5-9b,dash-b,Sphere-Traj-LSTM,proxy_anchor,Diag-kNN-tuned,test,test,pooled,0.25,20260506,32,evaluated,,passed,,0.7050598201694991,0.6299130822513321,0.7795246138653449,0.8371323529411765,0.7966975503688725,0.8739270258051326,0.7069016220876736,0.052941176470588235,0.4632352941176471,442,272,170,349,3885,114,28,3913,28,1,0
qwen3.5-9b,qwen3.5-9b,dash-b,Sphere-Traj-LSTM,proxy_anchor,Diag-vMF,test,test,pooled,0.25,20260506,,evaluated,,passed,,0.6824611904960729,0.6064102834123297,0.7566307760523141,0.7930147058823529,0.7479400895481948,0.8369388516938413,0.6842999069770201,0.052941176470588235,0.7867647058823529,442,272,170,349,3885,114,28,3913,28,1,0
qwen3.5-9b,qwen3.5-9b,dash-b,Sphere-Traj-LSTM,proxy_anchor,Diag-Classifier,test,test,pooled,0.25,20260507,,evaluated,,passed,,0.7392500161228936,0.667434804232545,0.8048040648170668,0.8265354671280276,0.7882528206613313,0.8647079174926964,0.7405913383989575,0.08235294117647059,0.7279411764705882,442,272,170,349,3885,114,28,3913,28,1,0
qwen3.5-9b,qwen3.5-9b,dash-b,Sphere-Traj-LSTM,proxy_anchor,Diag-kNN-tuned,test,test,pooled,0.25,20260507,32,evaluated,,passed,,0.7251787419092368,0.6507793010076285,0.7931997574482481,0.8441392733564015,0.811065381157367,0.876474077517537,0.7269851340021796,0.06470588235294118,0.4411764705882353,442,272,170,349,3885,114,28,3913,28,1,0
qwen3.5-9b,qwen3.5-9b,dash-b,Sphere-Traj-LSTM,proxy_anchor,Diag-vMF,test,test,pooled,0.25,20260507,,evaluated,,passed,,0.6878897871892015,0.6112289651768297,0.7574852311701863,0.7671064013840831,0.7206223267893787,0.812628210345844,0.6897047152639236,0.06470588235294118,0.9117647058823529,442,272,170,349,3885,114,28,3913,28,1,0
qwen3.5-9b,qwen3.5-9b,dash-b,Sphere-Traj-LSTM,proxy_anchor,Diag-Classifier,test,test,pooled,0.25,20260508,,evaluated,,passed,,0.7450209070299898,0.6773496773429291,0.8121757813962237,0.8421929065743945,0.8036357562634829,0.8778750841251792,0.7288739681177444,0.0,0.5845588235294118,442,272,170,349,3885,114,28,3913,28,1,0
qwen3.5-9b,qwen3.5-9b,dash-b,Sphere-Traj-LSTM,proxy_anchor,Diag-kNN-tuned,test,test,pooled,0.25,20260508,32,evaluated,,passed,,0.7322644268196894,0.6576291594750633,0.8084668074263378,0.8460207612456748,0.8091450951720325,0.8805996892129683,0.7344575167172013,0.08823529411764706,0.4963235294117647,442,272,170,349,3885,114,28,3913,28,1,0
qwen3.5-9b,qwen3.5-9b,dash-b,Sphere-Traj-LSTM,proxy_anchor,Diag-vMF,test,test,pooled,0.25,20260508,,evaluated,,passed,,0.6958991892195966,0.621194489749891,0.7728274463917433,0.7842993079584774,0.7357642072378641,0.8291684277261199,0.6981170077326074,0.08823529411764706,0.8051470588235294,442,272,170,349,3885,114,28,3913,28,1,0
qwen3.5-9b,qwen3.5-9b,dash-b,Sphere-Traj-LSTM,proxy_anchor,Diag-kNN-tuned,test,test,pooled,0.1,20260506,,skipped,ratio 0.1 would leave fewer than 20 hard negatives (11),skipped,ratio 0.1 would leave fewer than 20 hard negatives (11),nan,nan,nan,nan,nan,nan,nan,nan,nan,0,0,0,0,3885,114,0,3885,0,0,0
qwen3.5-9b,qwen3.5-9b,dash-b,Sphere-Traj-LSTM,proxy_anchor,Diag-Classifier,test,test,pooled,0.1,20260506,,skipped,ratio 0.1 would leave fewer than 20 hard negatives (11),skipped,ratio 0.1 would leave fewer than 20 hard negatives (11),nan,nan,nan,nan,nan,nan,nan,nan,nan,0,0,0,0,3885,114,0,3885,0,0,0
qwen3.5-9b,qwen3.5-9b,dash-b,Sphere-Traj-LSTM,proxy_anchor,Diag-vMF,test,test,pooled,0.1,20260506,,skipped,ratio 0.1 would leave fewer than 20 hard negatives (11),skipped,ratio 0.1 would leave fewer than 20 hard negatives (11),nan,nan,nan,nan,nan,nan,nan,nan,nan,0,0,0,0,3885,114,0,3885,0,0,0
qwen3.5-9b,qwen3.5-9b,dash-b,Sphere-Traj-LSTM,proxy_anchor,Diag-kNN-tuned,test,test,pooled,0.1,20260507,,skipped,ratio 0.1 would leave fewer than 20 hard negatives (11),skipped,ratio 0.1 would leave fewer than 20 hard negatives (11),nan,nan,nan,nan,nan,nan,nan,nan,nan,0,0,0,0,3885,114,0,3885,0,0,0
qwen3.5-9b,qwen3.5-9b,dash-b,Sphere-Traj-LSTM,proxy_anchor,Diag-Classifier,test,test,pooled,0.1,20260507,,skipped,ratio 0.1 would leave fewer than 20 hard negatives (11),skipped,ratio 0.1 would leave fewer than 20 hard negatives (11),nan,nan,nan,nan,nan,nan,nan,nan,nan,0,0,0,0,3885,114,0,3885,0,0,0
qwen3.5-9b,qwen3.5-9b,dash-b,Sphere-Traj-LSTM,proxy_anchor,Diag-vMF,test,test,pooled,0.1,20260507,,skipped,ratio 0.1 would leave fewer than 20 hard negatives (11),skipped,ratio 0.1 would leave fewer than 20 hard negatives (11),nan,nan,nan,nan,nan,nan,nan,nan,nan,0,0,0,0,3885,114,0,3885,0,0,0
qwen3.5-9b,qwen3.5-9b,dash-b,Sphere-Traj-LSTM,proxy_anchor,Diag-kNN-tuned,test,test,pooled,0.1,20260508,,skipped,ratio 0.1 would leave fewer than 20 hard negatives (11),skipped,ratio 0.1 would leave fewer than 20 hard negatives (11),nan,nan,nan,nan,nan,nan,nan,nan,nan,0,0,0,0,3885,114,0,3885,0,0,0
qwen3.5-9b,qwen3.5-9b,dash-b,Sphere-Traj-LSTM,proxy_anchor,Diag-Classifier,test,test,pooled,0.1,20260508,,skipped,ratio 0.1 would leave fewer than 20 hard negatives (11),skipped,ratio 0.1 would leave fewer than 20 hard negatives (11),nan,nan,nan,nan,nan,nan,nan,nan,nan,0,0,0,0,3885,114,0,3885,0,0,0
qwen3.5-9b,qwen3.5-9b,dash-b,Sphere-Traj-LSTM,proxy_anchor,Diag-vMF,test,test,pooled,0.1,20260508,,skipped,ratio 0.1 would leave fewer than 20 hard negatives (11),skipped,ratio 0.1 would leave fewer than 20 hard negatives (11),nan,nan,nan,nan,nan,nan,nan,nan,nan,0,0,0,0,3885,114,0,3885,0,0,0
phi-4-multimodal-instruct,phi-4-multimodal-instruct,dash-b,Sphere-Traj-LSTM,proxy_anchor,Diag-Classifier,test,test,pooled,1.0,20260506,,evaluated,,passed,,0.7188109077672777,0.6625221989472835,0.7791773502015302,0.7462416943521595,0.6985536891835673,0.791086642563378,0.6712255370684189,0.0,0.5714285714285714,439,224,215,305,3719,197,197,3916,197,4,0
phi-4-multimodal-instruct,phi-4-multimodal-instruct,dash-b,Sphere-Traj-LSTM,proxy_anchor,Diag-kNN-tuned,test,test,pooled,1.0,20260506,32,evaluated,,passed,,0.5395200268351326,0.475634739089039,0.6144704457178135,0.5519725913621263,0.4992719101590069,0.6060113126819714,0.5436351216914359,0.023255813953488372,0.9285714285714286,439,224,215,305,3719,197,197,3916,197,4,0
phi-4-multimodal-instruct,phi-4-multimodal-instruct,dash-b,Sphere-Traj-LSTM,proxy_anchor,Diag-vMF,test,test,pooled,1.0,20260506,,evaluated,,passed,,0.5385659878952226,0.47564039205694636,0.6108168772581354,0.5382578903654485,0.483217718636077,0.589050714675839,0.5427334909430306,0.018604651162790697,0.9598214285714286,439,224,215,305,3719,197,197,3916,197,4,0
phi-4-multimodal-instruct,phi-4-multimodal-instruct,dash-b,Sphere-Traj-LSTM,proxy_anchor,Diag-Classifier,test,test,pooled,1.0,20260507,,evaluated,,passed,,0.7362357852454282,0.6787804129436414,0.7924791198279899,0.7633513289036544,0.7214519181929606,0.8037471998576391,0.7161992450198917,0.0,0.5892857142857143,439,224,215,305,3719,197,197,3916,197,4,0
phi-4-multimodal-instruct,phi-4-multimodal-instruct,dash-b,Sphere-Traj-LSTM,proxy_anchor,Diag-kNN-tuned,test,test,pooled,1.0,20260507,32,evaluated,,passed,,0.6536518423695324,0.5875586436137569,0.7172800080692473,0.6607558139534884,0.6085734342283268,0.7132453615636974,0.6549396333567126,0.08837209302325581,0.8660714285714286,439,224,215,305,3719,197,197,3916,197,4,0
phi-4-multimodal-instruct,phi-4-multimodal-instruct,dash-b,Sphere-Traj-LSTM,proxy_anchor,Diag-vMF,test,test,pooled,1.0,20260507,,evaluated,,passed,,0.6140564171462335,0.5477212388287072,0.6768856183465833,0.5571843853820597,0.5008057310281773,0.6126670251788053,0.6152380341678904,0.08837209302325581,0.9776785714285714,439,224,215,305,3719,197,197,3916,197,4,0
phi-4-multimodal-instruct,phi-4-multimodal-instruct,dash-b,Sphere-Traj-LSTM,proxy_anchor,Diag-Classifier,test,test,pooled,1.0,20260508,,evaluated,,passed,,0.7292092415629843,0.6640133407051325,0.7858595411941011,0.746688122923588,0.6974970933751544,0.791277322953386,0.7196598288477162,0.0,0.6741071428571429,439,224,215,305,3719,197,197,3916,197,4,0
phi-4-multimodal-instruct,phi-4-multimodal-instruct,dash-b,Sphere-Traj-LSTM,proxy_anchor,Diag-kNN-tuned,test,test,pooled,1.0,20260508,32,evaluated,,passed,,0.6624453505949081,0.5937221417411531,0.7234331655152878,0.6621470099667774,0.6073135459883074,0.7138818039186965,0.6637245138712753,0.09302325581395349,0.9196428571428571,439,224,215,305,3719,197,197,3916,197,4,0
phi-4-multimodal-instruct,phi-4-multimodal-instruct,dash-b,Sphere-Traj-LSTM,proxy_anchor,Diag-vMF,test,test,pooled,1.0,20260508,,evaluated,,passed,,0.6354955999380039,0.5703764657416526,0.6939711101563736,0.5815822259136212,0.5237006531677175,0.6322299641633381,0.636583168120298,0.09767441860465116,0.96875,439,224,215,305,3719,197,197,3916,197,4,0
phi-4-multimodal-instruct,phi-4-multimodal-instruct,dash-b,Sphere-Traj-LSTM,proxy_anchor,Diag-Classifier,test,test,pooled,0.5,20260506,,evaluated,,passed,,0.7271052795989292,0.6648932130440627,0.7878599296687168,0.7620016611295681,0.7150311140681702,0.8072807470854143,0.7282305803204514,0.07906976744186046,0.6696428571428571,439,224,215,305,3719,197,98,3817,98,4,0
phi-4-multimodal-instruct,phi-4-multimodal-instruct,dash-b,Sphere-Traj-LSTM,proxy_anchor,Diag-kNN-tuned,test,test,pooled,0.5,20260506,8,evaluated,,passed,,0.5341017680554386,0.47102015042791945,0.6055418116666509,0.540406976744186,0.4891525658007671,0.5967875036233564,0.5380764858759772,0.04186046511627907,0.8571428571428571,439,224,215,305,3719,197,98,3817,98,4,0
phi-4-multimodal-instruct,phi-4-multimodal-instruct,dash-b,Sphere-Traj-LSTM,proxy_anchor,Diag-vMF,test,test,pooled,0.5,20260506,,evaluated,,passed,,0.5447271406155673,0.48330562350271683,0.6169594709770468,0.5518480066445183,0.49727067269212477,0.6014599242434857,0.5487983803959205,0.023255813953488372,0.96875,439,224,215,305,3719,197,98,3817,98,4,0
phi-4-multimodal-instruct,phi-4-multimodal-instruct,dash-b,Sphere-Traj-LSTM,proxy_anchor,Diag-Classifier,test,test,pooled,0.5,20260507,,evaluated,,passed,,0.6551891563448027,0.5881765556427093,0.7199592456323268,0.6407288205980066,0.5863291762384314,0.6911714474802136,0.6562019913945032,0.10232558139534884,0.9285714285714286,439,224,215,305,3719,197,98,3817,98,4,0
phi-4-multimodal-instruct,phi-4-multimodal-instruct,dash-b,Sphere-Traj-LSTM,proxy_anchor,Diag-kNN-tuned,test,test,pooled,0.5,20260507,8,evaluated,,passed,,0.6237302937120767,0.5564219962242524,0.6918952792960475,0.6255813953488372,0.5733582441902202,0.674887620312414,0.6250786890672506,0.09302325581395349,0.8258928571428571,439,224,215,305,3719,197,98,3817,98,4,0
phi-4-multimodal-instruct,phi-4-multimodal-instruct,dash-b,Sphere-Traj-LSTM,proxy_anchor,Diag-vMF,test,test,pooled,0.5,20260507,,evaluated,,passed,,0.5828414918763769,0.5172934364119135,0.6488042472427229,0.5305024916943522,0.4751594146254513,0.5875150799652301,0.5841122487167079,0.10232558139534884,0.9508928571428571,439,224,215,305,3719,197,98,3817,98,4,0
phi-4-multimodal-instruct,phi-4-multimodal-instruct,dash-b,Sphere-Traj-LSTM,proxy_anchor,Diag-Classifier,test,test,pooled,0.5,20260508,,evaluated,,passed,,0.6327380811757644,0.5565099075983637,0.7018048542567447,0.6648878737541528,0.6099063713875653,0.714335935038524,0.6282230779563397,0.0,0.7232142857142857,439,224,215,305,3719,197,98,3817,98,4,0
phi-4-multimodal-instruct,phi-4-multimodal-instruct,dash-b,Sphere-Traj-LSTM,proxy_anchor,Diag-kNN-tuned,test,test,pooled,0.5,20260508,32,evaluated,,passed,,0.5939927697237712,0.5199136368761461,0.6631201717040193,0.6201204318936877,0.5658406737996471,0.6719694979012221,0.5962902407877919,0.04186046511627907,0.8482142857142857,439,224,215,305,3719,197,98,3817,98,4,0
phi-4-multimodal-instruct,phi-4-multimodal-instruct,dash-b,Sphere-Traj-LSTM,proxy_anchor,Diag-vMF,test,test,pooled,0.5,20260508,,evaluated,,passed,,0.5249943327155997,0.45549671643695433,0.5952920805360199,0.46962209302325586,0.41475185111019525,0.5207430607451489,0.5272816133738456,0.04186046511627907,0.9598214285714286,439,224,215,305,3719,197,98,3817,98,4,0
phi-4-multimodal-instruct,phi-4-multimodal-instruct,dash-b,Sphere-Traj-LSTM,proxy_anchor,Diag-Classifier,test,test,pooled,0.25,20260506,,evaluated,,passed,,0.770717546278732,0.7124898258919045,0.8234022521101048,0.7805855481727576,0.7365618671758819,0.8202449805152895,0.7714668095263996,0.19534883720930232,0.6294642857142857,439,224,215,305,3719,197,49,3768,49,4,0
phi-4-multimodal-instruct,phi-4-multimodal-instruct,dash-b,Sphere-Traj-LSTM,proxy_anchor,Diag-kNN-tuned,test,test,pooled,0.25,20260506,8,evaluated,,passed,,0.5411343321164686,0.4684201714482803,0.6100986383665584,0.5153239202657807,0.45857639752134804,0.5709298413008014,0.5448380908540316,0.05581395348837209,0.9598214285714286,439,224,215,305,3719,197,49,3768,49,4,0
phi-4-multimodal-instruct,phi-4-multimodal-instruct,dash-b,Sphere-Traj-LSTM,proxy_anchor,Diag-vMF,test,test,pooled,0.25,20260506,,evaluated,,passed,,0.5814723092412033,0.5126660199981135,0.6556375537075692,0.6208679401993356,0.5670135342046355,0.6740844770298343,0.5851379707475413,0.004651162790697674,0.9375,439,224,215,305,3719,197,49,3768,49,4,0
phi-4-multimodal-instruct,phi-4-multimodal-instruct,dash-b,Sphere-Traj-LSTM,proxy_anchor,Diag-Classifier,test,test,pooled,0.25,20260507,,evaluated,,passed,,0.7161068894674902,0.6529630116261933,0.7780366831265473,0.7327865448504984,0.6846347495369522,0.776594158493774,0.7172047251504345,0.09767441860465116,0.8214285714285714,439,224,215,305,3719,197,49,3768,49,4,0
phi-4-multimodal-instruct,phi-4-multimodal-instruct,dash-b,Sphere-Traj-LSTM,proxy_anchor,Diag-kNN-tuned,test,test,pooled,0.25,20260507,32,evaluated,,passed,,0.6978663510936451,0.6336418880265479,0.7628784586847244,0.7220722591362126,0.6720519980658102,0.768613617487164,0.6990241513822845,0.09302325581395349,0.8169642857142857,439,224,215,305,3719,197,49,3768,49,4,0
phi-4-multimodal-instruct,phi-4-multimodal-instruct,dash-b,Sphere-Traj-LSTM,proxy_anchor,Diag-vMF,test,test,pooled,0.25,20260507,,evaluated,,passed,,0.6097273945862789,0.54197444537545,0.6798571546467367,0.5597799003322259,0.5032212579087578,0.6149337820062831,0.6109538628558615,0.09302325581395349,0.9598214285714286,439,224,215,305,3719,197,49,3768,49,4,0
phi-4-multimodal-instruct,phi-4-multimodal-instruct,dash-b,Sphere-Traj-LSTM,proxy_anchor,Diag-Classifier,test,test,pooled,0.25,20260508,,evaluated,,passed,,0.7489109282195466,0.6817391490168702,0.7990895360334045,0.764264950166113,0.720135591087838,0.8082281703277745,0.7497854749061803,0.13488372093023257,0.71875,439,224,215,305,3719,197,49,3768,49,4,0
phi-4-multimodal-instruct,phi-4-multimodal-instruct,dash-b,Sphere-Traj-LSTM,proxy_anchor,Diag-kNN-tuned,test,test,pooled,0.25,20260508,16,evaluated,,passed,,0.4020243697996042,0.3526899808783402,0.4585348216931481,0.36654900332225915,0.31946199805022224,0.42095126869677496,0.40590988949196505,0.004651162790697674,0.9866071428571429,439,224,215,305,3719,197,49,3768,49,4,0
phi-4-multimodal-instruct,phi-4-multimodal-instruct,dash-b,Sphere-Traj-LSTM,proxy_anchor,Diag-vMF,test,test,pooled,0.25,20260508,,evaluated,,passed,,0.5176499889736444,0.45628958970123135,0.5796237381730475,0.5912998338870432,0.5346713126690245,0.6446433243756452,0.5201001438520182,0.0,0.9196428571428571,439,224,215,305,3719,197,49,3768,49,4,0
phi-4-multimodal-instruct,phi-4-multimodal-instruct,dash-b,Sphere-Traj-LSTM,proxy_anchor,Diag-kNN-tuned,test,test,pooled,0.1,20260506,,skipped,ratio 0.1 would leave fewer than 20 hard negatives (19),skipped,ratio 0.1 would leave fewer than 20 hard negatives (19),nan,nan,nan,nan,nan,nan,nan,nan,nan,0,0,0,0,3719,197,0,3719,0,0,0
phi-4-multimodal-instruct,phi-4-multimodal-instruct,dash-b,Sphere-Traj-LSTM,proxy_anchor,Diag-Classifier,test,test,pooled,0.1,20260506,,skipped,ratio 0.1 would leave fewer than 20 hard negatives (19),skipped,ratio 0.1 would leave fewer than 20 hard negatives (19),nan,nan,nan,nan,nan,nan,nan,nan,nan,0,0,0,0,3719,197,0,3719,0,0,0
phi-4-multimodal-instruct,phi-4-multimodal-instruct,dash-b,Sphere-Traj-LSTM,proxy_anchor,Diag-vMF,test,test,pooled,0.1,20260506,,skipped,ratio 0.1 would leave fewer than 20 hard negatives (19),skipped,ratio 0.1 would leave fewer than 20 hard negatives (19),nan,nan,nan,nan,nan,nan,nan,nan,nan,0,0,0,0,3719,197,0,3719,0,0,0
phi-4-multimodal-instruct,phi-4-multimodal-instruct,dash-b,Sphere-Traj-LSTM,proxy_anchor,Diag-kNN-tuned,test,test,pooled,0.1,20260507,,skipped,ratio 0.1 would leave fewer than 20 hard negatives (19),skipped,ratio 0.1 would leave fewer than 20 hard negatives (19),nan,nan,nan,nan,nan,nan,nan,nan,nan,0,0,0,0,3719,197,0,3719,0,0,0
phi-4-multimodal-instruct,phi-4-multimodal-instruct,dash-b,Sphere-Traj-LSTM,proxy_anchor,Diag-Classifier,test,test,pooled,0.1,20260507,,skipped,ratio 0.1 would leave fewer than 20 hard negatives (19),skipped,ratio 0.1 would leave fewer than 20 hard negatives (19),nan,nan,nan,nan,nan,nan,nan,nan,nan,0,0,0,0,3719,197,0,3719,0,0,0
phi-4-multimodal-instruct,phi-4-multimodal-instruct,dash-b,Sphere-Traj-LSTM,proxy_anchor,Diag-vMF,test,test,pooled,0.1,20260507,,skipped,ratio 0.1 would leave fewer than 20 hard negatives (19),skipped,ratio 0.1 would leave fewer than 20 hard negatives (19),nan,nan,nan,nan,nan,nan,nan,nan,nan,0,0,0,0,3719,197,0,3719,0,0,0
phi-4-multimodal-instruct,phi-4-multimodal-instruct,dash-b,Sphere-Traj-LSTM,proxy_anchor,Diag-kNN-tuned,test,test,pooled,0.1,20260508,,skipped,ratio 0.1 would leave fewer than 20 hard negatives (19),skipped,ratio 0.1 would leave fewer than 20 hard negatives (19),nan,nan,nan,nan,nan,nan,nan,nan,nan,0,0,0,0,3719,197,0,3719,0,0,0
phi-4-multimodal-instruct,phi-4-multimodal-instruct,dash-b,Sphere-Traj-LSTM,proxy_anchor,Diag-Classifier,test,test,pooled,0.1,20260508,,skipped,ratio 0.1 would leave fewer than 20 hard negatives (19),skipped,ratio 0.1 would leave fewer than 20 hard negatives (19),nan,nan,nan,nan,nan,nan,nan,nan,nan,0,0,0,0,3719,197,0,3719,0,0,0
phi-4-multimodal-instruct,phi-4-multimodal-instruct,dash-b,Sphere-Traj-LSTM,proxy_anchor,Diag-vMF,test,test,pooled,0.1,20260508,,skipped,ratio 0.1 would leave fewer than 20 hard negatives (19),skipped,ratio 0.1 would leave fewer than 20 hard negatives (19),nan,nan,nan,nan,nan,nan,nan,nan,nan,0,0,0,0,3719,197,0,3719,0,0,0
phi-3.5-vision-instruct,phi-3.5-vision-instruct,dash-b,Sphere-Traj-LSTM,proxy_anchor,Diag-Classifier,test,test,pooled,1.0,20260506,,evaluated,,passed,,0.6782581036891975,0.6059138283915512,0.7519662922598196,0.782891001986943,0.7345353030109381,0.825885453894214,0.6429838340745555,0.0,0.7380073800738007,427,271,156,334,3648,116,116,3764,116,16,0
phi-3.5-vision-instruct,phi-3.5-vision-instruct,dash-b,Sphere-Traj-LSTM,proxy_anchor,Diag-kNN-tuned,test,test,pooled,1.0,20260506,16,evaluated,,passed,,0.5793862839891684,0.4925990967779728,0.6651270934368193,0.6763411864887878,0.6208810930437889,0.7278537881029973,0.5826186774375476,0.0641025641025641,0.8671586715867159,427,271,156,334,3648,116,116,3764,116,16,0
phi-3.5-vision-instruct,phi-3.5-vision-instruct,dash-b,Sphere-Traj-LSTM,proxy_anchor,Diag-vMF,test,test,pooled,1.0,20260506,,evaluated,,passed,,0.5325513833158144,0.45005324538097474,0.6164532183115355,0.5974311666193585,0.5395004920207077,0.6600795487493143,0.5357918123862044,0.0641025641025641,0.940959409594096,427,271,156,334,3648,116,116,3764,116,16,0
phi-3.5-vision-instruct,phi-3.5-vision-instruct,dash-b,Sphere-Traj-LSTM,proxy_anchor,Diag-Classifier,test,test,pooled,1.0,20260507,,evaluated,,passed,,0.6494668579269705,0.5680704327001096,0.7213854312123607,0.7778526823729776,0.7309680403078248,0.8224737531028895,0.6323204477008636,0.0,0.7195571955719557,427,271,156,334,3648,116,116,3764,116,16,0
phi-3.5-vision-instruct,phi-3.5-vision-instruct,dash-b,Sphere-Traj-LSTM,proxy_anchor,Diag-kNN-tuned,test,test,pooled,1.0,20260507,32,evaluated,,passed,,0.4249881694463522,0.3510088731292148,0.5054086943439214,0.5024836786829407,0.4418056141705846,0.5607702962470638,0.42845370790328136,0.057692307692307696,0.933579335793358,427,271,156,334,3648,116,116,3764,116,16,0
phi-3.5-vision-instruct,phi-3.5-vision-instruct,dash-b,Sphere-Traj-LSTM,proxy_anchor,Diag-vMF,test,test,pooled,1.0,20260507,,evaluated,,passed,,0.4464709442304733,0.37701472544782033,0.5232060749210871,0.5891758917589176,0.5312802419354838,0.6458091929151841,0.45023050331514447,0.03205128205128205,0.940959409594096,427,271,156,334,3648,116,116,3764,116,16,0
phi-3.5-vision-instruct,phi-3.5-vision-instruct,dash-b,Sphere-Traj-LSTM,proxy_anchor,Diag-Classifier,test,test,pooled,1.0,20260508,,evaluated,,passed,,0.6103262806110213,0.523119335843174,0.687646799391853,0.7090429558141735,0.6530026840255234,0.7622714936142918,0.6036522403008202,0.0,0.9003690036900369,427,271,156,334,3648,116,116,3764,116,16,0
phi-3.5-vision-instruct,phi-3.5-vision-instruct,dash-b,Sphere-Traj-LSTM,proxy_anchor,Diag-kNN-tuned,test,test,pooled,1.0,20260508,32,evaluated,,passed,,0.5896441375216308,0.5033412415198985,0.6671477299196101,0.7001845018450185,0.6500130931722199,0.7482177783280093,0.5916630498861284,0.057692307692307696,0.8856088560885609,427,271,156,334,3648,116,116,3764,116,16,0
phi-3.5-vision-instruct,phi-3.5-vision-instruct,dash-b,Sphere-Traj-LSTM,proxy_anchor,Diag-vMF,test,test,pooled,1.0,20260508,,evaluated,,passed,,0.5599945361821308,0.47113879686583965,0.6412140648584621,0.6230012300123001,0.5622608294224581,0.6826674215478616,0.5620491113177832,0.057692307692307696,0.977859778597786,427,271,156,334,3648,116,116,3764,116,16,0
phi-3.5-vision-instruct,phi-3.5-vision-instruct,dash-b,Sphere-Traj-LSTM,proxy_anchor,Diag-Classifier,test,test,pooled,0.5,20260506,,evaluated,,passed,,0.5608886517566558,0.4760091292374777,0.6462280147348937,0.6541536569211847,0.5943117014165281,0.7106642670783503,0.5574356021328557,0.0,0.8892988929889298,427,271,156,334,3648,116,58,3706,58,16,0
phi-3.5-vision-instruct,phi-3.5-vision-instruct,dash-b,Sphere-Traj-LSTM,proxy_anchor,Diag-kNN-tuned,test,test,pooled,0.5,20260506,32,evaluated,,passed,,0.6013708564147072,0.514786359416998,0.6901300769981417,0.7214495221875294,0.6672488158302797,0.7728335269205678,0.6039170765082023,0.02564102564102564,0.8154981549815498,427,271,156,334,3648,116,58,3706,58,16,0
phi-3.5-vision-instruct,phi-3.5-vision-instruct,dash-b,Sphere-Traj-LSTM,proxy_anchor,Diag-vMF,test,test,pooled,0.5,20260506,,evaluated,,passed,,0.525961761246985,0.4430566498536713,0.6100803110154366,0.612238622386224,0.5508681778079747,0.6691903839845562,0.5285723784598969,0.02564102564102564,0.9446494464944649,427,271,156,334,3648,116,58,3706,58,16,0
phi-3.5-vision-instruct,phi-3.5-vision-instruct,dash-b,Sphere-Traj-LSTM,proxy_anchor,Diag-Classifier,test,test,pooled,0.5,20260507,,evaluated,,passed,,0.5855259630207887,0.5042804816481086,0.6653778440252024,0.7530750307503075,0.7046794635650852,0.7965716816859101,0.5865406530883627,0.03205128205128205,0.6420664206642066,427,271,156,334,3648,116,58,3706,58,16,0
phi-3.5-vision-instruct,phi-3.5-vision-instruct,dash-b,Sphere-Traj-LSTM,proxy_anchor,Diag-kNN-tuned,test,test,pooled,0.5,20260507,32,evaluated,,passed,,0.4187655884625112,0.3489350575742234,0.4863181454762841,0.5772305799981077,0.522205772944588,0.6338696003336158,0.42194445778172773,0.03205128205128205,0.922509225092251,427,271,156,334,3648,116,58,3706,58,16,0
phi-3.5-vision-instruct,phi-3.5-vision-instruct,dash-b,Sphere-Traj-LSTM,proxy_anchor,Diag-vMF,test,test,pooled,0.5,20260507,,evaluated,,passed,,0.4357094021154593,0.36725682765524525,0.5073805769719753,0.5894360866685591,0.5327664142760977,0.643953972071362,0.4390665057198297,0.03205128205128205,0.948339483394834,427,271,156,334,3648,116,58,3706,58,16,0
phi-3.5-vision-instruct,phi-3.5-vision-instruct,dash-b,Sphere-Traj-LSTM,proxy_anchor,Diag-Classifier,test,test,pooled,0.5,20260508,,evaluated,,passed,,0.6282857221075648,0.5442491374464566,0.7053761824772623,0.7319164537799224,0.681357869526908,0.7841524990951041,0.612134285288974,0.0,0.9188191881918819,427,271,156,334,3648,116,58,3706,58,16,0
phi-3.5-vision-instruct,phi-3.5-vision-instruct,dash-b,Sphere-Traj-LSTM,proxy_anchor,Diag-kNN-tuned,test,test,pooled,0.5,20260508,32,evaluated,,passed,,0.5829619042073272,0.49047058044970954,0.6686343890384499,0.6977717854101618,0.6453412942116691,0.7495302472656542,0.5862762236849693,0.05128205128205128,0.9372693726937269,427,271,156,334,3648,116,58,3706,58,16,0
phi-3.5-vision-instruct,phi-3.5-vision-instruct,dash-b,Sphere-Traj-LSTM,proxy_anchor,Diag-vMF,test,test,pooled,0.5,20260508,,evaluated,,passed,,0.5238112079716638,0.4339219808862462,0.6102171740190055,0.6105828365975967,0.5531287691097674,0.6681333779552392,0.5271336825257757,0.05128205128205128,0.966789667896679,427,271,156,334,3648,116,58,3706,58,16,0
phi-3.5-vision-instruct,phi-3.5-vision-instruct,dash-b,Sphere-Traj-LSTM,proxy_anchor,Diag-Classifier,test,test,pooled,0.25,20260506,,evaluated,,passed,,0.5106950881942037,0.4286853904297431,0.595322649053883,0.6279922414608762,0.5717268818311093,0.6828882074541509,0.514441459439912,0.04487179487179487,0.9704797047970479,427,271,156,334,3648,116,29,3677,29,16,0
phi-3.5-vision-instruct,phi-3.5-vision-instruct,dash-b,Sphere-Traj-LSTM,proxy_anchor,Diag-kNN-tuned,test,test,pooled,0.25,20260506,32,evaluated,,passed,,0.45873503145979483,0.38354164157887016,0.5435967898241825,0.5749124798940297,0.5185822640170471,0.6312947350754066,0.46249042779127325,0.04487179487179487,0.9003690036900369,427,271,156,334,3648,116,29,3677,29,16,0
phi-3.5-vision-instruct,phi-3.5-vision-instruct,dash-b,Sphere-Traj-LSTM,proxy_anchor,Diag-vMF,test,test,pooled,0.25,20260506,,evaluated,,passed,,0.44393039392576716,0.36648728387455803,0.5277753933694749,0.5577869240230864,0.49981989370316815,0.614410636995026,0.44768908549145114,0.04487179487179487,0.8671586715867159,427,271,156,334,3648,116,29,3677,29,16,0
phi-3.5-vision-instruct,phi-3.5-vision-instruct,dash-b,Sphere-Traj-LSTM,proxy_anchor,Diag-Classifier,test,test,pooled,0.25,20260507,,evaluated,,passed,,0.5419069667336307,0.4614192037281091,0.6279237344603253,0.6223389156968493,0.5646859846250161,0.6835963960586697,0.5417590887461091,0.057692307692307696,0.9114391143911439,427,271,156,334,3648,116,29,3677,29,16,0
phi-3.5-vision-instruct,phi-3.5-vision-instruct,dash-b,Sphere-Traj-LSTM,proxy_anchor,Diag-kNN-tuned,test,test,pooled,0.25,20260507,32,evaluated,,passed,,0.5799476852392959,0.49922260622725834,0.661764042799017,0.6813558520200588,0.6274576686156705,0.7383972968206011,0.5827864964450656,0.057692307692307696,0.933579335793358,427,271,156,334,3648,116,29,3677,29,16,0
phi-3.5-vision-instruct,phi-3.5-vision-instruct,dash-b,Sphere-Traj-LSTM,proxy_anchor,Diag-vMF,test,test,pooled,0.25,20260507,,evaluated,,passed,,0.4937308887008748,0.41714610587800094,0.5725619120372291,0.552322830920617,0.49395227069566067,0.6144588402745019,0.4966048683874611,0.057692307692307696,0.948339483394834,427,271,156,334,3648,116,29,3677,29,16,0
phi-3.5-vision-instruct,phi-3.5-vision-instruct,dash-b,Sphere-Traj-LSTM,proxy_anchor,Diag-Classifier,test,test,pooled,0.25,20260508,,evaluated,,passed,,0.5880715933119955,0.4982978943486891,0.6741650696133206,0.6965299460686913,0.6431092230655449,0.750528342890609,0.5882481745648508,0.057692307692307696,0.8634686346863468,427,271,156,334,3648,116,29,3677,29,16,0
phi-3.5-vision-instruct,phi-3.5-vision-instruct,dash-b,Sphere-Traj-LSTM,proxy_anchor,Diag-kNN-tuned,test,test,pooled,0.25,20260508,32,evaluated,,passed,,0.5900067133339943,0.50132739988805,0.6766266709535004,0.7037562683319141,0.6490487058181272,0.7544872450207787,0.5933840064610967,0.0641025641025641,0.9114391143911439,427,271,156,334,3648,116,29,3677,29,16,0
phi-3.5-vision-instruct,phi-3.5-vision-instruct,dash-b,Sphere-Traj-LSTM,proxy_anchor,Diag-vMF,test,test,pooled,0.25,20260508,,evaluated,,passed,,0.5642442456286241,0.47698692457264474,0.6515990159552133,0.6600908316775475,0.6020911209780279,0.7174393223152098,0.5676334826120467,0.057692307692307696,0.9003690036900369,427,271,156,334,3648,116,29,3677,29,16,0
phi-3.5-vision-instruct,phi-3.5-vision-instruct,dash-b,Sphere-Traj-LSTM,proxy_anchor,Diag-kNN-tuned,test,test,pooled,0.1,20260506,,skipped,ratio 0.1 would leave fewer than 20 hard negatives (11),skipped,ratio 0.1 would leave fewer than 20 hard negatives (11),nan,nan,nan,nan,nan,nan,nan,nan,nan,0,0,0,0,3648,116,0,3648,0,0,0
phi-3.5-vision-instruct,phi-3.5-vision-instruct,dash-b,Sphere-Traj-LSTM,proxy_anchor,Diag-Classifier,test,test,pooled,0.1,20260506,,skipped,ratio 0.1 would leave fewer than 20 hard negatives (11),skipped,ratio 0.1 would leave fewer than 20 hard negatives (11),nan,nan,nan,nan,nan,nan,nan,nan,nan,0,0,0,0,3648,116,0,3648,0,0,0
phi-3.5-vision-instruct,phi-3.5-vision-instruct,dash-b,Sphere-Traj-LSTM,proxy_anchor,Diag-vMF,test,test,pooled,0.1,20260506,,skipped,ratio 0.1 would leave fewer than 20 hard negatives (11),skipped,ratio 0.1 would leave fewer than 20 hard negatives (11),nan,nan,nan,nan,nan,nan,nan,nan,nan,0,0,0,0,3648,116,0,3648,0,0,0
phi-3.5-vision-instruct,phi-3.5-vision-instruct,dash-b,Sphere-Traj-LSTM,proxy_anchor,Diag-kNN-tuned,test,test,pooled,0.1,20260507,,skipped,ratio 0.1 would leave fewer than 20 hard negatives (11),skipped,ratio 0.1 would leave fewer than 20 hard negatives (11),nan,nan,nan,nan,nan,nan,nan,nan,nan,0,0,0,0,3648,116,0,3648,0,0,0
phi-3.5-vision-instruct,phi-3.5-vision-instruct,dash-b,Sphere-Traj-LSTM,proxy_anchor,Diag-Classifier,test,test,pooled,0.1,20260507,,skipped,ratio 0.1 would leave fewer than 20 hard negatives (11),skipped,ratio 0.1 would leave fewer than 20 hard negatives (11),nan,nan,nan,nan,nan,nan,nan,nan,nan,0,0,0,0,3648,116,0,3648,0,0,0
phi-3.5-vision-instruct,phi-3.5-vision-instruct,dash-b,Sphere-Traj-LSTM,proxy_anchor,Diag-vMF,test,test,pooled,0.1,20260507,,skipped,ratio 0.1 would leave fewer than 20 hard negatives (11),skipped,ratio 0.1 would leave fewer than 20 hard negatives (11),nan,nan,nan,nan,nan,nan,nan,nan,nan,0,0,0,0,3648,116,0,3648,0,0,0
phi-3.5-vision-instruct,phi-3.5-vision-instruct,dash-b,Sphere-Traj-LSTM,proxy_anchor,Diag-kNN-tuned,test,test,pooled,0.1,20260508,,skipped,ratio 0.1 would leave fewer than 20 hard negatives (11),skipped,ratio 0.1 would leave fewer than 20 hard negatives (11),nan,nan,nan,nan,nan,nan,nan,nan,nan,0,0,0,0,3648,116,0,3648,0,0,0
phi-3.5-vision-instruct,phi-3.5-vision-instruct,dash-b,Sphere-Traj-LSTM,proxy_anchor,Diag-Classifier,test,test,pooled,0.1,20260508,,skipped,ratio 0.1 would leave fewer than 20 hard negatives (11),skipped,ratio 0.1 would leave fewer than 20 hard negatives (11),nan,nan,nan,nan,nan,nan,nan,nan,nan,0,0,0,0,3648,116,0,3648,0,0,0
phi-3.5-vision-instruct,phi-3.5-vision-instruct,dash-b,Sphere-Traj-LSTM,proxy_anchor,Diag-vMF,test,test,pooled,0.1,20260508,,skipped,ratio 0.1 would leave fewer than 20 hard negatives (11),skipped,ratio 0.1 would leave fewer than 20 hard negatives (11),nan,nan,nan,nan,nan,nan,nan,nan,nan,0,0,0,0,3648,116,0,3648,0,0,0
gemma-3-4b-it,gemma-3-4b-it,dash-b,Sphere-Traj-LSTM,proxy_anchor,Diag-Classifier,test,test,pooled,1.0,20260506,,evaluated,,passed,,0.787883029519326,0.7312800908021199,0.8388722393683647,0.8340940018842249,0.7945072177819188,0.8688549173457261,0.7507456097051274,0.0,0.4206008583690987,438,233,205,305,3507,407,407,3914,407,5,0
gemma-3-4b-it,gemma-3-4b-it,dash-b,Sphere-Traj-LSTM,proxy_anchor,Diag-kNN-tuned,test,test,pooled,1.0,20260506,32,evaluated,,passed,,0.4568755547290282,0.4041243491304176,0.5150061157811339,0.5433267036533027,0.48789354246125827,0.5992284999106026,0.45915638253801605,0.004878048780487805,0.8540772532188842,438,233,205,305,3507,407,407,3914,407,5,0
gemma-3-4b-it,gemma-3-4b-it,dash-b,Sphere-Traj-LSTM,proxy_anchor,Diag-vMF,test,test,pooled,1.0,20260506,,evaluated,,passed,,0.48295674339412664,0.4295386199637902,0.5394892302818266,0.5990578875745839,0.5456281817723099,0.6545256707747428,0.485177877587352,0.0,0.8154506437768241,438,233,205,305,3507,407,407,3914,407,5,0
gemma-3-4b-it,gemma-3-4b-it,dash-b,Sphere-Traj-LSTM,proxy_anchor,Diag-Classifier,test,test,pooled,1.0,20260507,,evaluated,,passed,,0.78444981022556,0.7313278893997769,0.8348242762364823,0.8389929864963885,0.8022408744282108,0.8735763580228845,0.7532803287667715,0.0,0.40772532188841204,438,233,205,305,3507,407,407,3914,407,5,0
gemma-3-4b-it,gemma-3-4b-it,dash-b,Sphere-Traj-LSTM,proxy_anchor,Diag-kNN-tuned,test,test,pooled,1.0,20260507,32,evaluated,,passed,,0.48008101640594386,0.4249856330517904,0.5369878518705701,0.5682403433476394,0.5143751564671097,0.6236796217756865,0.48201419641841836,0.01951219512195122,0.8154506437768241,438,233,205,305,3507,407,407,3914,407,5,0
gemma-3-4b-it,gemma-3-4b-it,dash-b,Sphere-Traj-LSTM,proxy_anchor,Diag-vMF,test,test,pooled,1.0,20260507,,evaluated,,passed,,0.48302943266824094,0.4297300723014354,0.538558462336896,0.6011514707421753,0.5455818125386633,0.6564243461691285,0.485316107622426,0.0,0.8025751072961373,438,233,205,305,3507,407,407,3914,407,5,0
gemma-3-4b-it,gemma-3-4b-it,dash-b,Sphere-Traj-LSTM,proxy_anchor,Diag-Classifier,test,test,pooled,1.0,20260508,,evaluated,,passed,,0.7939550996684602,0.7352475055691957,0.850558024019831,0.850455354338951,0.8154710306597333,0.8849923986626681,0.7681995734295488,0.0,0.37339055793991416,438,233,205,305,3507,407,407,3914,407,5,0
gemma-3-4b-it,gemma-3-4b-it,dash-b,Sphere-Traj-LSTM,proxy_anchor,Diag-kNN-tuned,test,test,pooled,1.0,20260508,32,evaluated,,passed,,0.4966851181961615,0.4420897938916977,0.559727847365984,0.6189050560033497,0.571566724528801,0.6758441736275683,0.4992506534354587,0.0,0.8154506437768241,438,233,205,305,3507,407,407,3914,407,5,0
gemma-3-4b-it,gemma-3-4b-it,dash-b,Sphere-Traj-LSTM,proxy_anchor,Diag-vMF,test,test,pooled,1.0,20260508,,evaluated,,passed,,0.5354142353258418,0.4767078648119666,0.6036086107783034,0.6667434313828116,0.619365143368502,0.7217144028477831,0.5379593424649199,0.0,0.7811158798283262,438,233,205,305,3507,407,407,3914,407,5,0
gemma-3-4b-it,gemma-3-4b-it,dash-b,Sphere-Traj-LSTM,proxy_anchor,Diag-Classifier,test,test,pooled,0.5,20260506,,evaluated,,passed,,0.7909123962840652,0.7290356289212894,0.8463709033288664,0.8504030147597613,0.8107803369248318,0.8860025480541502,0.7705461462281876,0.0,0.38626609442060084,438,233,205,305,3507,407,203,3710,203,5,0
gemma-3-4b-it,gemma-3-4b-it,dash-b,Sphere-Traj-LSTM,proxy_anchor,Diag-kNN-tuned,test,test,pooled,0.5,20260506,32,evaluated,,passed,,0.5096303738256309,0.4515652543752142,0.5731206346378478,0.626337276248299,0.572932151202249,0.6804919741808222,0.5120181749133601,0.004878048780487805,0.8369098712446352,438,233,205,305,3507,407,203,3710,203,5,0
gemma-3-4b-it,gemma-3-4b-it,dash-b,Sphere-Traj-LSTM,proxy_anchor,Diag-vMF,test,test,pooled,0.5,20260506,,evaluated,,passed,,0.5411972098076132,0.48027654627778293,0.6093242669885472,0.6581388045640112,0.6079887910574766,0.7110425079795364,0.543889894130964,0.0,0.8369098712446352,438,233,205,305,3507,407,203,3710,203,5,0
gemma-3-4b-it,gemma-3-4b-it,dash-b,Sphere-Traj-LSTM,proxy_anchor,Diag-Classifier,test,test,pooled,0.5,20260507,,evaluated,,passed,,0.8088688280257867,0.7646985297593553,0.8523318337927128,0.8368051920862556,0.8016146634864398,0.8712690056100207,0.7503913327623604,0.0,0.4206008583690987,438,233,205,305,3507,407,203,3710,203,5,0
gemma-3-4b-it,gemma-3-4b-it,dash-b,Sphere-Traj-LSTM,proxy_anchor,Diag-kNN-tuned,test,test,pooled,0.5,20260507,32,evaluated,,passed,,0.48128372763065597,0.42671971712418294,0.5371596595710068,0.5767193551763844,0.5231036379369702,0.6327723797391539,0.48335336735529544,0.01951219512195122,0.7510729613733905,438,233,205,305,3507,407,203,3710,203,5,0
gemma-3-4b-it,gemma-3-4b-it,dash-b,Sphere-Traj-LSTM,proxy_anchor,Diag-vMF,test,test,pooled,0.5,20260507,,evaluated,,passed,,0.48453088069256073,0.4320179150577203,0.5407535228422411,0.597843609337381,0.5440300620467452,0.6514579837190132,0.487052648039207,0.0,0.8884120171673819,438,233,205,305,3507,407,203,3710,203,5,0
gemma-3-4b-it,gemma-3-4b-it,dash-b,Sphere-Traj-LSTM,proxy_anchor,Diag-Classifier,test,test,pooled,0.5,20260508,,evaluated,,passed,,0.7318275828023583,0.6710859268393604,0.7902509121519361,0.7786768554380823,0.7370425703319123,0.8206088170998238,0.6972976671267248,0.0,0.5278969957081545,438,233,205,305,3507,407,203,3710,203,5,0
gemma-3-4b-it,gemma-3-4b-it,dash-b,Sphere-Traj-LSTM,proxy_anchor,Diag-kNN-tuned,test,test,pooled,0.5,20260508,32,evaluated,,passed,,0.4506907487497991,0.3970315468451079,0.5125163473868594,0.5324819428451795,0.48187045391825056,0.5907618815249799,0.4534152081919123,0.00975609756097561,0.759656652360515,438,233,205,305,3507,407,203,3710,203,5,0
gemma-3-4b-it,gemma-3-4b-it,dash-b,Sphere-Traj-LSTM,proxy_anchor,Diag-vMF,test,test,pooled,0.5,20260508,,evaluated,,passed,,0.4419319273998152,0.38943942994367375,0.5002221513342924,0.5148330367423846,0.46669340212069044,0.5735274089807995,0.44436688824782455,0.0,0.9527896995708155,438,233,205,305,3507,407,203,3710,203,5,0
gemma-3-4b-it,gemma-3-4b-it,dash-b,Sphere-Traj-LSTM,proxy_anchor,Diag-Classifier,test,test,pooled,0.25,20260506,,evaluated,,passed,,0.7560486253866432,0.6848920575739544,0.8240376587813779,0.8383544436302731,0.7951650379758463,0.873528377919042,0.7558978575932191,0.024390243902439025,0.45493562231759654,438,233,205,305,3507,407,101,3608,101,5,0
gemma-3-4b-it,gemma-3-4b-it,dash-b,Sphere-Traj-LSTM,proxy_anchor,Diag-kNN-tuned,test,test,pooled,0.25,20260506,16,evaluated,,passed,,0.518005316595079,0.4592206802874597,0.5863964405611303,0.6262325970899194,0.5699547457616723,0.6817277574166418,0.5222337584087731,0.01951219512195122,0.648068669527897,438,233,205,305,3507,407,101,3608,101,5,0
gemma-3-4b-it,gemma-3-4b-it,dash-b,Sphere-Traj-LSTM,proxy_anchor,Diag-vMF,test,test,pooled,0.25,20260506,,evaluated,,passed,,0.4784135783935766,0.42497567255146435,0.5414446210184487,0.5719355176384383,0.5158530607988321,0.6257836394692909,0.4825197190930672,0.01951219512195122,0.8412017167381974,438,233,205,305,3507,407,101,3608,101,5,0
gemma-3-4b-it,gemma-3-4b-it,dash-b,Sphere-Traj-LSTM,proxy_anchor,Diag-Classifier,test,test,pooled,0.25,20260507,,evaluated,,passed,,0.7532951288325126,0.6908801706646168,0.8131413962140737,0.8144247880247043,0.7751264954290362,0.8505865922346101,0.7489420037215936,0.0,0.630901287553648,438,233,205,305,3507,407,101,3608,101,5,0
gemma-3-4b-it,gemma-3-4b-it,dash-b,Sphere-Traj-LSTM,proxy_anchor,Diag-kNN-tuned,test,test,pooled,0.25,20260507,1,evaluated,,passed,,0.559621193437116,0.5009639082568436,0.6230403396235605,0.7072123940123521,0.6584078756440103,0.7581115487647737,0.563006936164965,0.0,0.5836909871244635,438,233,205,305,3507,407,101,3608,101,5,0
gemma-3-4b-it,gemma-3-4b-it,dash-b,Sphere-Traj-LSTM,proxy_anchor,Diag-vMF,test,test,pooled,0.25,20260507,,evaluated,,passed,,0.5717206211007827,0.5082099285258734,0.6346999271884203,0.6889354129592797,0.63934001155081,0.7371385046113307,0.574660495504586,0.004878048780487805,0.7553648068669528,438,233,205,305,3507,407,101,3608,101,5,0
gemma-3-4b-it,gemma-3-4b-it,dash-b,Sphere-Traj-LSTM,proxy_anchor,Diag-Classifier,test,test,pooled,0.25,20260508,,evaluated,,passed,,0.7591550960446767,0.6913850855010645,0.8301070344884894,0.8470428137757773,0.8115053809811733,0.8836796143892706,0.7602548449692392,0.014634146341463415,0.4592274678111588,438,233,205,305,3507,407,101,3608,101,5,0
gemma-3-4b-it,gemma-3-4b-it,dash-b,Sphere-Traj-LSTM,proxy_anchor,Diag-kNN-tuned,test,test,pooled,0.25,20260508,32,evaluated,,passed,,0.4853997334326858,0.4297328102777702,0.5459057825763308,0.6111378624515859,0.558146769910401,0.6702856914111018,0.4880555455482143,0.0,0.6738197424892703,438,233,205,305,3507,407,101,3608,101,5,0
gemma-3-4b-it,gemma-3-4b-it,dash-b,Sphere-Traj-LSTM,proxy_anchor,Diag-vMF,test,test,pooled,0.25,20260508,,evaluated,,passed,,0.5144555178888142,0.4567237694581712,0.5799933843880627,0.6485501936564431,0.6016238106631208,0.708321583202846,0.5168456489404064,0.0,0.7381974248927039,438,233,205,305,3507,407,101,3608,101,5,0
gemma-3-4b-it,gemma-3-4b-it,dash-b,Sphere-Traj-LSTM,proxy_anchor,Diag-Classifier,test,test,pooled,0.1,20260506,,evaluated,,passed,,0.749375643385462,0.678534128682658,0.8227166954320613,0.8403642834711609,0.8007500441324681,0.8772364366868984,0.7468967942710539,0.0,0.5107296137339056,438,233,205,305,3507,407,40,3547,40,5,0
gemma-3-4b-it,gemma-3-4b-it,dash-b,Sphere-Traj-LSTM,proxy_anchor,Diag-kNN-tuned,test,test,pooled,0.1,20260506,32,evaluated,,passed,,0.5217025163534004,0.46332906968840487,0.5860481730684581,0.6578038312571968,0.6024022295321638,0.712858590501661,0.5245257547511326,0.0,0.6824034334763949,438,233,205,305,3507,407,40,3547,40,5,0
gemma-3-4b-it,gemma-3-4b-it,dash-b,Sphere-Traj-LSTM,proxy_anchor,Diag-vMF,test,test,pooled,0.1,20260506,,evaluated,,passed,,0.5729854680219322,0.5099893552367859,0.6443472558943207,0.6959907882340626,0.646188745359226,0.7465940237146298,0.5758623357978851,0.0,0.7939914163090128,438,233,205,305,3507,407,40,3547,40,5,0
gemma-3-4b-it,gemma-3-4b-it,dash-b,Sphere-Traj-LSTM,proxy_anchor,Diag-Classifier,test,test,pooled,0.1,20260507,,evaluated,,passed,,0.6874977414808774,0.6236950630791539,0.7498336910308094,0.747587145399351,0.7045140543164249,0.7917054515384097,0.6756327159669654,0.0,0.6781115879828327,438,233,205,305,3507,407,40,3547,40,5,0
gemma-3-4b-it,gemma-3-4b-it,dash-b,Sphere-Traj-LSTM,proxy_anchor,Diag-kNN-tuned,test,test,pooled,0.1,20260507,8,evaluated,,passed,,0.5322136472232581,0.469435477814732,0.6006263373982929,0.6296870093164452,0.5803723182855823,0.6814566893909427,0.5364286454959428,0.02926829268292683,0.703862660944206,438,233,205,305,3507,407,40,3547,40,5,0
gemma-3-4b-it,gemma-3-4b-it,dash-b,Sphere-Traj-LSTM,proxy_anchor,Diag-vMF,test,test,pooled,0.1,20260507,,evaluated,,passed,,0.47748493774414513,0.4162571364632079,0.5412420541300542,0.5154401758609861,0.46275229919365996,0.5713086113878522,0.48170548234521554,0.02926829268292683,0.9184549356223176,438,233,205,305,3507,407,40,3547,40,5,0
gemma-3-4b-it,gemma-3-4b-it,dash-b,Sphere-Traj-LSTM,proxy_anchor,Diag-Classifier,test,test,pooled,0.1,20260508,,evaluated,,passed,,0.7771919343510636,0.709419449568546,0.8488700270317302,0.8554380822778184,0.820816614551092,0.8909414337568543,0.7793004317974968,0.014634146341463415,0.40772532188841204,438,233,205,305,3507,407,40,3547,40,5,0
gemma-3-4b-it,gemma-3-4b-it,dash-b,Sphere-Traj-LSTM,proxy_anchor,Diag-kNN-tuned,test,test,pooled,0.1,20260508,32,evaluated,,passed,,0.5966183920909568,0.534680790367626,0.6728873681293815,0.7290484664503297,0.6832622834071234,0.7813980156192877,0.5995608948433573,0.0,0.6094420600858369,438,233,205,305,3507,407,40,3547,40,5,0
gemma-3-4b-it,gemma-3-4b-it,dash-b,Sphere-Traj-LSTM,proxy_anchor,Diag-vMF,test,test,pooled,0.1,20260508,,evaluated,,passed,,0.6480178736221062,0.5783576531105428,0.7256205459228656,0.7363550717052234,0.6900553262419205,0.7852780573555375,0.6511686418072817,0.0,0.8755364806866953,438,233,205,305,3507,407,40,3547,40,5,0
molmo-7b-d-0924,molmo-7b-d-0924,dash-b,Sphere-Traj-LSTM,proxy_anchor,Diag-Classifier,test,test,pooled,1.0,20260506,,evaluated,,passed,,0.5592287128121413,0.4783464089233202,0.6475488746292213,0.6869981751824817,0.6289555127259152,0.7423990406071381,0.5620495130535162,0.05,0.9817518248175182,434,274,160,346,3786,202,202,3988,202,9,0
molmo-7b-d-0924,molmo-7b-d-0924,dash-b,Sphere-Traj-LSTM,proxy_anchor,Diag-kNN-tuned,test,test,pooled,1.0,20260506,32,evaluated,,passed,,0.4995246627259473,0.4198828641349895,0.5806102929509156,0.6400319343065694,0.5853200740847117,0.693088653886466,0.5021213527531043,0.0375,0.8540145985401459,434,274,160,346,3786,202,202,3988,202,9,0
molmo-7b-d-0924,molmo-7b-d-0924,dash-b,Sphere-Traj-LSTM,proxy_anchor,Diag-vMF,test,test,pooled,1.0,20260506,,evaluated,,passed,,0.5206872462460268,0.43770685484965205,0.6061439931100372,0.6185218978102189,0.5614516500115164,0.6727403859479383,0.5230256645112237,0.05625,0.9525547445255474,434,274,160,346,3786,202,202,3988,202,9,0
molmo-7b-d-0924,molmo-7b-d-0924,dash-b,Sphere-Traj-LSTM,proxy_anchor,Diag-Classifier,test,test,pooled,1.0,20260507,,evaluated,,passed,,0.5551969217070725,0.476212650548904,0.6423261521014583,0.72764598540146,0.6790778608417654,0.7737468683992939,0.5552934822503189,0.03125,0.6970802919708029,434,274,160,346,3786,202,202,3988,202,9,0
molmo-7b-d-0924,molmo-7b-d-0924,dash-b,Sphere-Traj-LSTM,proxy_anchor,Diag-kNN-tuned,test,test,pooled,1.0,20260507,8,evaluated,,passed,,0.4744488546126922,0.3991097940962233,0.5504894588758592,0.6411268248175183,0.5868872094355642,0.6945171359774055,0.47783354644378967,0.01875,0.8467153284671532,434,274,160,346,3786,202,202,3988,202,9,0
molmo-7b-d-0924,molmo-7b-d-0924,dash-b,Sphere-Traj-LSTM,proxy_anchor,Diag-vMF,test,test,pooled,1.0,20260507,,evaluated,,passed,,0.4833789323183641,0.4073289014094855,0.5657777197741655,0.611838503649635,0.5585019655192505,0.6701901595998692,0.4865939896934781,0.025,0.9343065693430657,434,274,160,346,3786,202,202,3988,202,9,0
molmo-7b-d-0924,molmo-7b-d-0924,dash-b,Sphere-Traj-LSTM,proxy_anchor,Diag-Classifier,test,test,pooled,1.0,20260508,,evaluated,,passed,,0.5389350178708154,0.46399524896958966,0.6240911719061863,0.7200501824817518,0.6726044240231995,0.768926209384167,0.544286317354082,0.0125,0.7299270072992701,434,274,160,346,3786,202,202,3988,202,9,0
molmo-7b-d-0924,molmo-7b-d-0924,dash-b,Sphere-Traj-LSTM,proxy_anchor,Diag-kNN-tuned,test,test,pooled,1.0,20260508,32,evaluated,,passed,,0.36892076782579686,0.31689566269239383,0.42993914282320833,0.5483348540145986,0.4920077684406587,0.6005659930059913,0.37178966319504325,0.0,0.9014598540145985,434,274,160,346,3786,202,202,3988,202,9,0
molmo-7b-d-0924,molmo-7b-d-0924,dash-b,Sphere-Traj-LSTM,proxy_anchor,Diag-vMF,test,test,pooled,1.0,20260508,,evaluated,,passed,,0.38501863046555596,0.32989720651128285,0.4457882872240774,0.5674498175182482,0.5116996997305702,0.6228154647398257,0.38812455943783397,0.0,0.9197080291970803,434,274,160,346,3786,202,202,3988,202,9,0
molmo-7b-d-0924,molmo-7b-d-0924,dash-b,Sphere-Traj-LSTM,proxy_anchor,Diag-Classifier,test,test,pooled,0.5,20260506,,evaluated,,passed,,0.5096719922936084,0.43459101253433413,0.5994182042189672,0.6826186131386863,0.6293537871564435,0.7347397068370642,0.5150940844514259,0.03125,0.8795620437956204,434,274,160,346,3786,202,101,3887,101,9,0
molmo-7b-d-0924,molmo-7b-d-0924,dash-b,Sphere-Traj-LSTM,proxy_anchor,Diag-kNN-tuned,test,test,pooled,0.5,20260506,4,evaluated,,passed,,0.4611149690847526,0.3900514344606194,0.5477101450611761,0.6188640510948904,0.5660543752475358,0.6702215767478544,0.46656099011171076,0.0125,0.8357664233576643,434,274,160,346,3786,202,101,3887,101,9,0
molmo-7b-d-0924,molmo-7b-d-0924,dash-b,Sphere-Traj-LSTM,proxy_anchor,Diag-vMF,test,test,pooled,0.5,20260506,,evaluated,,passed,,0.44476318197750025,0.3750302651291234,0.5314262017647234,0.5899863138686131,0.5306574948552895,0.6467319516002131,0.45020424799665426,0.025,0.8686131386861314,434,274,160,346,3786,202,101,3887,101,9,0
molmo-7b-d-0924,molmo-7b-d-0924,dash-b,Sphere-Traj-LSTM,proxy_anchor,Diag-Classifier,test,test,pooled,0.5,20260507,,evaluated,,passed,,0.5642855259559142,0.48282304727481146,0.6425901712786128,0.721852189781022,0.672676556524159,0.7723519792327455,0.5672102704447907,0.05625,0.8321167883211679,434,274,160,346,3786,202,101,3887,101,9,0
molmo-7b-d-0924,molmo-7b-d-0924,dash-b,Sphere-Traj-LSTM,proxy_anchor,Diag-kNN-tuned,test,test,pooled,0.5,20260507,1,evaluated,,passed,,0.35558887695447233,0.30209882269564947,0.41265548788533063,0.5243613138686132,0.46914723782673434,0.5776875801088812,0.3587774567204487,0.0,0.916058394160584,434,274,160,346,3786,202,101,3887,101,9,0
molmo-7b-d-0924,molmo-7b-d-0924,dash-b,Sphere-Traj-LSTM,proxy_anchor,Diag-vMF,test,test,pooled,0.5,20260507,,evaluated,,passed,,0.4220288588392542,0.3652346936801534,0.48761070521498273,0.6179630474452555,0.5652718367739702,0.6688084685394485,0.425380370810402,0.0,0.9379562043795621,434,274,160,346,3786,202,101,3887,101,9,0
molmo-7b-d-0924,molmo-7b-d-0924,dash-b,Sphere-Traj-LSTM,proxy_anchor,Diag-Classifier,test,test,pooled,0.5,20260508,,evaluated,,passed,,0.5477427015468742,0.4691413447992115,0.6259865384336721,0.6857892335766422,0.6344111714062629,0.7397874791229399,0.5505079091497327,0.03125,0.9817518248175182,434,274,160,346,3786,202,101,3887,101,9,0
molmo-7b-d-0924,molmo-7b-d-0924,dash-b,Sphere-Traj-LSTM,proxy_anchor,Diag-kNN-tuned,test,test,pooled,0.5,20260508,32,evaluated,,passed,,0.4612470198635725,0.39678870227554547,0.5370325228679143,0.6610857664233576,0.6122328802295804,0.7097021721414708,0.4665534490469391,0.00625,0.781021897810219,434,274,160,346,3786,202,101,3887,101,9,0
molmo-7b-d-0924,molmo-7b-d-0924,dash-b,Sphere-Traj-LSTM,proxy_anchor,Diag-vMF,test,test,pooled,0.5,20260508,,evaluated,,passed,,0.4673988737298914,0.3981728333481966,0.5387591180229798,0.6350136861313869,0.582887866823593,0.6876854818919517,0.47126894177367457,0.025,0.8357664233576643,434,274,160,346,3786,202,101,3887,101,9,0
molmo-7b-d-0924,molmo-7b-d-0924,dash-b,Sphere-Traj-LSTM,proxy_anchor,Diag-Classifier,test,test,pooled,0.25,20260506,,evaluated,,passed,,0.3761748130608368,0.31731997001581674,0.44037376556485786,0.4169708029197081,0.3638378486840189,0.47356922958326775,0.3783353558210467,0.06875,0.9562043795620438,434,274,160,346,3786,202,50,3836,50,9,0
molmo-7b-d-0924,molmo-7b-d-0924,dash-b,Sphere-Traj-LSTM,proxy_anchor,Diag-kNN-tuned,test,test,pooled,0.25,20260506,16,evaluated,,passed,,0.603837619225136,0.5290356077313805,0.6861463825539078,0.7453467153284672,0.7002185886316249,0.7892966980241631,0.6060401087340532,0.05625,0.708029197080292,434,274,160,346,3786,202,50,3836,50,9,0
molmo-7b-d-0924,molmo-7b-d-0924,dash-b,Sphere-Traj-LSTM,proxy_anchor,Diag-vMF,test,test,pooled,0.25,20260506,,evaluated,,passed,,0.5543710572462738,0.47434135734180305,0.6417854247171878,0.6547901459854014,0.5973501534755338,0.7135958801122694,0.5565836362373154,0.05625,0.9124087591240876,434,274,160,346,3786,202,50,3836,50,9,0
molmo-7b-d-0924,molmo-7b-d-0924,dash-b,Sphere-Traj-LSTM,proxy_anchor,Diag-Classifier,test,test,pooled,0.25,20260507,,evaluated,,passed,,0.557707665550207,0.47685315619253654,0.6404453058635717,0.7024178832116789,0.6524643405175288,0.7553099612704823,0.5600919139452865,0.06875,0.7299270072992701,434,274,160,346,3786,202,50,3836,50,9,0
molmo-7b-d-0924,molmo-7b-d-0924,dash-b,Sphere-Traj-LSTM,proxy_anchor,Diag-kNN-tuned,test,test,pooled,0.25,20260507,8,evaluated,,passed,,0.36912733780334006,0.3142548281731377,0.43257712366351636,0.5179060218978102,0.46456656382763306,0.573701885039592,0.37375038132697735,0.00625,0.8905109489051095,434,274,160,346,3786,202,50,3836,50,9,0
molmo-7b-d-0924,molmo-7b-d-0924,dash-b,Sphere-Traj-LSTM,proxy_anchor,Diag-vMF,test,test,pooled,0.25,20260507,,evaluated,,passed,,0.3984251159905776,0.3399591096529679,0.4740341817347217,0.5484032846715329,0.4922384247630471,0.6056541869727896,0.4030352622738157,0.00625,0.927007299270073,434,274,160,346,3786,202,50,3836,50,9,0
molmo-7b-d-0924,molmo-7b-d-0924,dash-b,Sphere-Traj-LSTM,proxy_anchor,Diag-Classifier,test,test,pooled,0.25,20260508,,evaluated,,passed,,0.31855316666846367,0.26516253696641523,0.37339738962051244,0.37050638686131376,0.31613947437753576,0.4230886372828732,0.3220294757879157,0.01875,0.9890510948905109,434,274,160,346,3786,202,50,3836,50,9,0
molmo-7b-d-0924,molmo-7b-d-0924,dash-b,Sphere-Traj-LSTM,proxy_anchor,Diag-kNN-tuned,test,test,pooled,0.25,20260508,32,evaluated,,passed,,0.48327141296767745,0.4132118907519812,0.5577705023102055,0.6563412408759125,0.6039081946844206,0.7073244289723291,0.48717667852689295,0.01875,0.8795620437956204,434,274,160,346,3786,202,50,3836,50,9,0
molmo-7b-d-0924,molmo-7b-d-0924,dash-b,Sphere-Traj-LSTM,proxy_anchor,Diag-vMF,test,test,pooled,0.25,20260508,,evaluated,,passed,,0.4376934647330514,0.36817050745637264,0.5136664891347485,0.561154197080292,0.5030735526423097,0.6170190284157244,0.4415743525004028,0.01875,0.9379562043795621,434,274,160,346,3786,202,50,3836,50,9,0
molmo-7b-d-0924,molmo-7b-d-0924,dash-b,Sphere-Traj-LSTM,proxy_anchor,Diag-Classifier,test,test,pooled,0.1,20260506,,evaluated,,passed,,0.5886503500619691,0.5095162808532935,0.6714342501517937,0.7289005474452555,0.6779689106059296,0.7745171115970301,0.5919771314378768,0.05,0.7591240875912408,434,274,160,346,3786,202,20,3806,20,9,0
molmo-7b-d-0924,molmo-7b-d-0924,dash-b,Sphere-Traj-LSTM,proxy_anchor,Diag-kNN-tuned,test,test,pooled,0.1,20260506,16,evaluated,,passed,,0.5030598291296551,0.4328700404359461,0.5928985403560324,0.6633439781021897,0.6083011766289408,0.7177832644883184,0.5084868741659122,0.0125,0.8686131386861314,434,274,160,346,3786,202,20,3806,20,9,0
molmo-7b-d-0924,molmo-7b-d-0924,dash-b,Sphere-Traj-LSTM,proxy_anchor,Diag-vMF,test,test,pooled,0.1,20260506,,evaluated,,passed,,0.46801717328495845,0.3982993501489736,0.559579870498072,0.5856523722627737,0.5314044810522246,0.6444168439783085,0.47341993375726305,0.0125,0.9854014598540146,434,274,160,346,3786,202,20,3806,20,9,0
molmo-7b-d-0924,molmo-7b-d-0924,dash-b,Sphere-Traj-LSTM,proxy_anchor,Diag-Classifier,test,test,pooled,0.1,20260507,,evaluated,,passed,,0.5010054428083525,0.424061389952765,0.5789356950857952,0.6478558394160584,0.5949396238725756,0.704332676445438,0.5048204298213192,0.025,0.8613138686131386,434,274,160,346,3786,202,20,3806,20,9,0
molmo-7b-d-0924,molmo-7b-d-0924,dash-b,Sphere-Traj-LSTM,proxy_anchor,Diag-kNN-tuned,test,test,pooled,0.1,20260507,2,evaluated,,passed,,0.43152453825412856,0.3680465236945415,0.5001583735085489,0.6325045620437957,0.5758052406946464,0.6782268889583111,0.4350568926899338,0.01875,0.7335766423357665,434,274,160,346,3786,202,20,3806,20,9,0
molmo-7b-d-0924,molmo-7b-d-0924,dash-b,Sphere-Traj-LSTM,proxy_anchor,Diag-vMF,test,test,pooled,0.1,20260507,,evaluated,,passed,,0.426279723496223,0.36518390745431634,0.5020859044483452,0.579676094890511,0.5224796506822571,0.6385120822927949,0.42996898739471046,0.00625,0.9343065693430657,434,274,160,346,3786,202,20,3806,20,9,0
molmo-7b-d-0924,molmo-7b-d-0924,dash-b,Sphere-Traj-LSTM,proxy_anchor,Diag-Classifier,test,test,pooled,0.1,20260508,,evaluated,,passed,,0.468812053277498,0.39935516669922083,0.5545485817282582,0.5957116788321167,0.5377917293142332,0.6530376839447439,0.4742154780704339,0.0125,0.8321167883211679,434,274,160,346,3786,202,20,3806,20,9,0
molmo-7b-d-0924,molmo-7b-d-0924,dash-b,Sphere-Traj-LSTM,proxy_anchor,Diag-kNN-tuned,test,test,pooled,0.1,20260508,32,evaluated,,passed,,0.41157957437500353,0.3489849118122838,0.4881759193581358,0.565419708029197,0.5115442208771892,0.6165583826852561,0.41648249464963194,0.0125,0.9197080291970803,434,274,160,346,3786,202,20,3806,20,9,0
molmo-7b-d-0924,molmo-7b-d-0924,dash-b,Sphere-Traj-LSTM,proxy_anchor,Diag-vMF,test,test,pooled,0.1,20260508,,evaluated,,passed,,0.4159299459184206,0.34928781968557376,0.4939925287636633,0.5388458029197081,0.48102859791045544,0.5990891576920317,0.42085309793782355,0.0125,0.9452554744525548,434,274,160,346,3786,202,20,3806,20,9,0
minicpm-v-4_5,minicpm-v-4_5,dash-b,Sphere-Traj-LSTM,proxy_anchor,Diag-Classifier,test,test,pooled,1.0,20260506,,evaluated,,passed,,0.24703033176765082,0.19265180838459892,0.3145708922085779,0.39296875,0.3267092952023806,0.4526385449264826,0.24847286508463035,0.026785714285714284,0.95625,432,320,112,391,3835,104,104,3939,104,11,0
minicpm-v-4_5,minicpm-v-4_5,dash-b,Sphere-Traj-LSTM,proxy_anchor,Diag-kNN-tuned,test,test,pooled,1.0,20260506,16,evaluated,,passed,,0.4927067001224509,0.4130851774901995,0.5881504788816391,0.8015904017857143,0.7605137682226848,0.8400198308695594,0.49934602435911773,0.017857142857142856,0.60625,432,320,112,391,3835,104,104,3939,104,11,0
minicpm-v-4_5,minicpm-v-4_5,dash-b,Sphere-Traj-LSTM,proxy_anchor,Diag-vMF,test,test,pooled,1.0,20260506,,evaluated,,passed,,0.4260965488636591,0.34878689006120356,0.5182783758419903,0.6810267857142859,0.6162138228551138,0.7358455555615402,0.4326672434482673,0.017857142857142856,0.971875,432,320,112,391,3835,104,104,3939,104,11,0
minicpm-v-4_5,minicpm-v-4_5,dash-b,Sphere-Traj-LSTM,proxy_anchor,Diag-Classifier,test,test,pooled,1.0,20260507,,evaluated,,passed,,0.5351929674220421,0.44627386570762,0.6390767034159106,0.8097377232142857,0.7646281666269431,0.8509052399827058,0.5416455395673282,0.07142857142857142,0.709375,432,320,112,391,3835,104,104,3939,104,11,0
minicpm-v-4_5,minicpm-v-4_5,dash-b,Sphere-Traj-LSTM,proxy_anchor,Diag-kNN-tuned,test,test,pooled,1.0,20260507,16,evaluated,,passed,,0.30722860436371896,0.246233725586372,0.3824440457254854,0.5964564732142857,0.5429206319423959,0.6518222764866639,0.31271866285528815,0.008928571428571428,0.725,432,320,112,391,3835,104,104,3939,104,11,0
minicpm-v-4_5,minicpm-v-4_5,dash-b,Sphere-Traj-LSTM,proxy_anchor,Diag-vMF,test,test,pooled,1.0,20260507,,evaluated,,passed,,0.4631284540980267,0.3774295043922644,0.5632658307046936,0.72421875,0.6616710400472082,0.778048028128044,0.4696051481498995,0.07142857142857142,0.946875,432,320,112,391,3835,104,104,3939,104,11,0
minicpm-v-4_5,minicpm-v-4_5,dash-b,Sphere-Traj-LSTM,proxy_anchor,Diag-Classifier,test,test,pooled,1.0,20260508,,evaluated,,passed,,0.38750321474761273,0.3023913756415171,0.48377787552445883,0.6674944196428572,0.6087972562274547,0.7247134969579637,0.3947666195048365,0.03571428571428571,0.83125,432,320,112,391,3835,104,104,3939,104,11,0
minicpm-v-4_5,minicpm-v-4_5,dash-b,Sphere-Traj-LSTM,proxy_anchor,Diag-kNN-tuned,test,test,pooled,1.0,20260508,32,evaluated,,passed,,0.45619200421810446,0.3656411989717368,0.5544978057702837,0.7400111607142856,0.6842945387563425,0.7951464611282587,0.46351899100099647,0.03571428571428571,0.784375,432,320,112,391,3835,104,104,3939,104,11,0
minicpm-v-4_5,minicpm-v-4_5,dash-b,Sphere-Traj-LSTM,proxy_anchor,Diag-vMF,test,test,pooled,1.0,20260508,,evaluated,,passed,,0.428764477845965,0.33842589239066484,0.5301029508103584,0.7092912946428572,0.6505734561027136,0.7638997801674843,0.4360772836087,0.03571428571428571,0.790625,432,320,112,391,3835,104,104,3939,104,11,0
minicpm-v-4_5,minicpm-v-4_5,dash-b,Sphere-Traj-LSTM,proxy_anchor,Diag-Classifier,test,test,pooled,0.5,20260506,,evaluated,,passed,,0.4234531626603285,0.3390466907993303,0.5216205012954168,0.6813895089285715,0.6231738232167144,0.7355412201438534,0.4307343390549348,0.03571428571428571,0.83125,432,320,112,391,3835,104,52,3887,52,11,0
minicpm-v-4_5,minicpm-v-4_5,dash-b,Sphere-Traj-LSTM,proxy_anchor,Diag-kNN-tuned,test,test,pooled,0.5,20260506,32,evaluated,,passed,,0.49754362510572464,0.41089392095636157,0.6020881951491418,0.7831473214285715,0.7357267611567512,0.8282770645022005,0.5048251310100508,0.03571428571428571,0.740625,432,320,112,391,3835,104,52,3887,52,11,0
minicpm-v-4_5,minicpm-v-4_5,dash-b,Sphere-Traj-LSTM,proxy_anchor,Diag-vMF,test,test,pooled,0.5,20260506,,evaluated,,passed,,0.4208151170802278,0.3360913634242449,0.5208866645583623,0.6456194196428572,0.5819860204936036,0.708054944352904,0.4280043318677569,0.03571428571428571,0.96875,432,320,112,391,3835,104,52,3887,52,11,0
minicpm-v-4_5,minicpm-v-4_5,dash-b,Sphere-Traj-LSTM,proxy_anchor,Diag-Classifier,test,test,pooled,0.5,20260507,,evaluated,,passed,,0.4946904182839775,0.42111142004441293,0.5896659230068753,0.8301897321428572,0.7955512910833674,0.8670007590249116,0.4996290861229015,0.0,0.425,432,320,112,391,3835,104,52,3887,52,11,0
minicpm-v-4_5,minicpm-v-4_5,dash-b,Sphere-Traj-LSTM,proxy_anchor,Diag-kNN-tuned,test,test,pooled,0.5,20260507,32,evaluated,,passed,,0.44450156348220216,0.3747506283580959,0.5360374783941724,0.7756138392857144,0.7339975004970603,0.816313892397121,0.449441828160775,0.0,0.61875,432,320,112,391,3835,104,52,3887,52,11,0
minicpm-v-4_5,minicpm-v-4_5,dash-b,Sphere-Traj-LSTM,proxy_anchor,Diag-vMF,test,test,pooled,0.5,20260507,,evaluated,,passed,,0.39353164848404154,0.32229435820730645,0.4789032041510705,0.6819754464285713,0.6239974689941454,0.737487013252195,0.39846882265281675,0.0,0.9375,432,320,112,391,3835,104,52,3887,52,11,0
minicpm-v-4_5,minicpm-v-4_5,dash-b,Sphere-Traj-LSTM,proxy_anchor,Diag-Classifier,test,test,pooled,0.5,20260508,,evaluated,,passed,,0.5597858788558037,0.46339491066058053,0.657331242474835,0.829994419642857,0.7902875630087757,0.8694175474692531,0.5647839434360592,0.05357142857142857,0.60625,432,320,112,391,3835,104,52,3887,52,11,0
minicpm-v-4_5,minicpm-v-4_5,dash-b,Sphere-Traj-LSTM,proxy_anchor,Diag-kNN-tuned,test,test,pooled,0.5,20260508,2,evaluated,,passed,,0.5257071991370302,0.4244132326154628,0.6271489409059963,0.7827566964285714,0.7345215923766512,0.829092246706204,0.5304355940244172,0.08035714285714286,0.590625,432,320,112,391,3835,104,52,3887,52,11,0
minicpm-v-4_5,minicpm-v-4_5,dash-b,Sphere-Traj-LSTM,proxy_anchor,Diag-vMF,test,test,pooled,0.5,20260508,,evaluated,,passed,,0.4795180751978437,0.3843271928946693,0.5789495044768211,0.7239955357142858,0.6668698977332301,0.7784357079715095,0.4845103492944248,0.044642857142857144,0.909375,432,320,112,391,3835,104,52,3887,52,11,0
minicpm-v-4_5,minicpm-v-4_5,dash-b,Sphere-Traj-LSTM,proxy_anchor,Diag-Classifier,test,test,pooled,0.25,20260506,,evaluated,,passed,,0.4710202303701141,0.38055334570250837,0.5669285658658691,0.7333426339285715,0.6835341427330681,0.7802827887625443,0.47479752215833787,0.044642857142857144,0.584375,432,320,112,391,3835,104,26,3861,26,11,0
minicpm-v-4_5,minicpm-v-4_5,dash-b,Sphere-Traj-LSTM,proxy_anchor,Diag-kNN-tuned,test,test,pooled,0.25,20260506,32,evaluated,,passed,,0.30183871509278604,0.24816637484533752,0.3675355305421702,0.616015625,0.5605417212787782,0.6682390623076646,0.30698898010752795,0.008928571428571428,0.746875,432,320,112,391,3835,104,26,3861,26,11,0
minicpm-v-4_5,minicpm-v-4_5,dash-b,Sphere-Traj-LSTM,proxy_anchor,Diag-vMF,test,test,pooled,0.25,20260506,,evaluated,,passed,,0.37714025054065137,0.30269405966434565,0.4681772525653503,0.6527622767857142,0.5878908794272952,0.7108039961030813,0.38401538060387,0.008928571428571428,0.971875,432,320,112,391,3835,104,26,3861,26,11,0
minicpm-v-4_5,minicpm-v-4_5,dash-b,Sphere-Traj-LSTM,proxy_anchor,Diag-Classifier,test,test,pooled,0.25,20260507,,evaluated,,passed,,0.30608559965098453,0.24583727422280277,0.38488352047767477,0.5518415178571429,0.49071448338845564,0.6105436977254454,0.3113942675270964,0.008928571428571428,0.884375,432,320,112,391,3835,104,26,3861,26,11,0
minicpm-v-4_5,minicpm-v-4_5,dash-b,Sphere-Traj-LSTM,proxy_anchor,Diag-kNN-tuned,test,test,pooled,0.25,20260507,32,evaluated,,passed,,0.36728013891207023,0.3029059463454009,0.4451058312324902,0.6823381696428572,0.6272246867427914,0.7302764794525185,0.3726225809884211,0.0,0.753125,432,320,112,391,3835,104,26,3861,26,11,0
minicpm-v-4_5,minicpm-v-4_5,dash-b,Sphere-Traj-LSTM,proxy_anchor,Diag-vMF,test,test,pooled,0.25,20260507,,evaluated,,passed,,0.38338197921055717,0.31032490182891287,0.4737718942152344,0.6224051339285714,0.5538320955293432,0.6836017043466031,0.3888657593682564,0.0,0.99375,432,320,112,391,3835,104,26,3861,26,11,0
minicpm-v-4_5,minicpm-v-4_5,dash-b,Sphere-Traj-LSTM,proxy_anchor,Diag-Classifier,test,test,pooled,0.25,20260508,,evaluated,,passed,,0.5193962488224242,0.42818738641818815,0.6149539350454134,0.7780970982142856,0.7294309490425367,0.8237301117859309,0.5229574292680559,0.0625,0.671875,432,320,112,391,3835,104,26,3861,26,11,0
minicpm-v-4_5,minicpm-v-4_5,dash-b,Sphere-Traj-LSTM,proxy_anchor,Diag-kNN-tuned,test,test,pooled,0.25,20260508,32,evaluated,,passed,,0.2230394553235847,0.18259944440387932,0.26528609049499796,0.4693080357142857,0.4152603188387502,0.5278663972458639,0.22619083849328056,0.0,0.753125,432,320,112,391,3835,104,26,3861,26,11,0
minicpm-v-4_5,minicpm-v-4_5,dash-b,Sphere-Traj-LSTM,proxy_anchor,Diag-vMF,test,test,pooled,0.25,20260508,,evaluated,,passed,,0.39886579168185043,0.32025842363705354,0.48792361559995023,0.6989118303571428,0.6402158056390143,0.7557386239464529,0.4041298457906084,0.0,0.896875,432,320,112,391,3835,104,26,3861,26,11,0
minicpm-v-4_5,minicpm-v-4_5,dash-b,Sphere-Traj-LSTM,proxy_anchor,Diag-kNN-tuned,test,test,pooled,0.1,20260506,,skipped,ratio 0.1 would leave fewer than 20 hard negatives (10),skipped,ratio 0.1 would leave fewer than 20 hard negatives (10),nan,nan,nan,nan,nan,nan,nan,nan,nan,0,0,0,0,3835,104,0,3835,0,0,0
minicpm-v-4_5,minicpm-v-4_5,dash-b,Sphere-Traj-LSTM,proxy_anchor,Diag-Classifier,test,test,pooled,0.1,20260506,,skipped,ratio 0.1 would leave fewer than 20 hard negatives (10),skipped,ratio 0.1 would leave fewer than 20 hard negatives (10),nan,nan,nan,nan,nan,nan,nan,nan,nan,0,0,0,0,3835,104,0,3835,0,0,0
minicpm-v-4_5,minicpm-v-4_5,dash-b,Sphere-Traj-LSTM,proxy_anchor,Diag-vMF,test,test,pooled,0.1,20260506,,skipped,ratio 0.1 would leave fewer than 20 hard negatives (10),skipped,ratio 0.1 would leave fewer than 20 hard negatives (10),nan,nan,nan,nan,nan,nan,nan,nan,nan,0,0,0,0,3835,104,0,3835,0,0,0
minicpm-v-4_5,minicpm-v-4_5,dash-b,Sphere-Traj-LSTM,proxy_anchor,Diag-kNN-tuned,test,test,pooled,0.1,20260507,,skipped,ratio 0.1 would leave fewer than 20 hard negatives (10),skipped,ratio 0.1 would leave fewer than 20 hard negatives (10),nan,nan,nan,nan,nan,nan,nan,nan,nan,0,0,0,0,3835,104,0,3835,0,0,0
minicpm-v-4_5,minicpm-v-4_5,dash-b,Sphere-Traj-LSTM,proxy_anchor,Diag-Classifier,test,test,pooled,0.1,20260507,,skipped,ratio 0.1 would leave fewer than 20 hard negatives (10),skipped,ratio 0.1 would leave fewer than 20 hard negatives (10),nan,nan,nan,nan,nan,nan,nan,nan,nan,0,0,0,0,3835,104,0,3835,0,0,0
minicpm-v-4_5,minicpm-v-4_5,dash-b,Sphere-Traj-LSTM,proxy_anchor,Diag-vMF,test,test,pooled,0.1,20260507,,skipped,ratio 0.1 would leave fewer than 20 hard negatives (10),skipped,ratio 0.1 would leave fewer than 20 hard negatives (10),nan,nan,nan,nan,nan,nan,nan,nan,nan,0,0,0,0,3835,104,0,3835,0,0,0
minicpm-v-4_5,minicpm-v-4_5,dash-b,Sphere-Traj-LSTM,proxy_anchor,Diag-kNN-tuned,test,test,pooled,0.1,20260508,,skipped,ratio 0.1 would leave fewer than 20 hard negatives (10),skipped,ratio 0.1 would leave fewer than 20 hard negatives (10),nan,nan,nan,nan,nan,nan,nan,nan,nan,0,0,0,0,3835,104,0,3835,0,0,0
minicpm-v-4_5,minicpm-v-4_5,dash-b,Sphere-Traj-LSTM,proxy_anchor,Diag-Classifier,test,test,pooled,0.1,20260508,,skipped,ratio 0.1 would leave fewer than 20 hard negatives (10),skipped,ratio 0.1 would leave fewer than 20 hard negatives (10),nan,nan,nan,nan,nan,nan,nan,nan,nan,0,0,0,0,3835,104,0,3835,0,0,0
minicpm-v-4_5,minicpm-v-4_5,dash-b,Sphere-Traj-LSTM,proxy_anchor,Diag-vMF,test,test,pooled,0.1,20260508,,skipped,ratio 0.1 would leave fewer than 20 hard negatives (10),skipped,ratio 0.1 would leave fewer than 20 hard negatives (10),nan,nan,nan,nan,nan,nan,nan,nan,nan,0,0,0,0,3835,104,0,3835,0,0,0
llava-v1.5-7b,llava-v1.5-7b,dash-b,Sphere-Traj-LSTM,proxy_anchor,Diag-Classifier,test,test,pooled,1.0,20260506,,evaluated,,passed,,0.7794796830924001,0.7244317933251622,0.8359039454020336,0.7648944310027503,0.7208422230811747,0.8074082721425908,0.7823481683110699,0.00411522633744856,0.7587939698492462,442,199,243,281,3633,302,302,3935,302,1,0
llava-v1.5-7b,llava-v1.5-7b,dash-b,Sphere-Traj-LSTM,proxy_anchor,Diag-kNN-tuned,test,test,pooled,1.0,20260506,32,evaluated,,passed,,0.5647834610221645,0.5053320269126909,0.6300359297605413,0.5197179312198854,0.46661774223109337,0.5695571079556864,0.5679552539894693,0.0,0.9346733668341709,442,199,243,281,3633,302,302,3935,302,1,0
llava-v1.5-7b,llava-v1.5-7b,dash-b,Sphere-Traj-LSTM,proxy_anchor,Diag-vMF,test,test,pooled,1.0,20260506,,evaluated,,passed,,0.6637387234591314,0.6043414956978286,0.7273252871523386,0.6733254751121863,0.6214178668873442,0.7215950649243918,0.6667561540535072,0.0,0.8040201005025126,442,199,243,281,3633,302,302,3935,302,1,0
llava-v1.5-7b,llava-v1.5-7b,dash-b,Sphere-Traj-LSTM,proxy_anchor,Diag-Classifier,test,test,pooled,1.0,20260507,,evaluated,,passed,,0.7603695453769257,0.6957929999313439,0.8239445293490334,0.7451661600181979,0.6973078994343282,0.7890726467901398,0.7633197434818604,0.00411522633744856,0.7989949748743719,442,199,243,281,3633,302,302,3935,302,1,0
llava-v1.5-7b,llava-v1.5-7b,dash-b,Sphere-Traj-LSTM,proxy_anchor,Diag-kNN-tuned,test,test,pooled,1.0,20260507,32,evaluated,,passed,,0.6322337478204901,0.5637000569349805,0.7084607558242527,0.5768554707694853,0.520614204588237,0.6315726466943451,0.6350630464651229,0.0,0.914572864321608,442,199,243,281,3633,302,302,3935,302,1,0
llava-v1.5-7b,llava-v1.5-7b,dash-b,Sphere-Traj-LSTM,proxy_anchor,Diag-vMF,test,test,pooled,1.0,20260507,,evaluated,,passed,,0.6910799928901843,0.6241360192872571,0.7616877363017711,0.6895382261099737,0.6377993039234378,0.7424110862594696,0.6938986853400793,0.0,0.8793969849246231,442,199,243,281,3633,302,302,3935,302,1,0
llava-v1.5-7b,llava-v1.5-7b,dash-b,Sphere-Traj-LSTM,proxy_anchor,Diag-Classifier,test,test,pooled,1.0,20260508,,evaluated,,passed,,0.7297113156087134,0.6658178969743507,0.7977096762377043,0.7192547097628058,0.6694517124160457,0.7672538727174323,0.7325011597403066,0.0,0.8291457286432161,442,199,243,281,3633,302,302,3935,302,1,0
llava-v1.5-7b,llava-v1.5-7b,dash-b,Sphere-Traj-LSTM,proxy_anchor,Diag-kNN-tuned,test,test,pooled,1.0,20260508,32,evaluated,,passed,,0.5568239957041341,0.4992416644519876,0.6254959252573196,0.5475112186446637,0.48910494225516743,0.6018085240500375,0.5595832797455664,0.0,0.8944723618090452,442,199,243,281,3633,302,302,3935,302,1,0
llava-v1.5-7b,llava-v1.5-7b,dash-b,Sphere-Traj-LSTM,proxy_anchor,Diag-vMF,test,test,pooled,1.0,20260508,,evaluated,,passed,,0.6238109599461543,0.5557799535128063,0.6909738517881198,0.6308497218603305,0.5801214651438593,0.68304530632733,0.6264284204982752,0.0,0.8592964824120602,442,199,243,281,3633,302,302,3935,302,1,0
llava-v1.5-7b,llava-v1.5-7b,dash-b,Sphere-Traj-LSTM,proxy_anchor,Diag-Classifier,test,test,pooled,0.5,20260506,,evaluated,,passed,,0.7180934680057371,0.6569913563198143,0.7798663174052592,0.7051099116984096,0.6566703503247103,0.7516640028963594,0.7211387793329883,0.0411522633744856,0.8592964824120602,442,199,243,281,3633,302,151,3784,151,1,0
llava-v1.5-7b,llava-v1.5-7b,dash-b,Sphere-Traj-LSTM,proxy_anchor,Diag-kNN-tuned,test,test,pooled,0.5,20260506,32,evaluated,,passed,,0.6718476502349027,0.6098795826405713,0.7359548515270549,0.6546518601236637,0.6007386548782051,0.7022276347224259,0.6750730136313523,0.0411522633744856,0.7738693467336684,442,199,243,281,3633,302,151,3784,151,1,0
llava-v1.5-7b,llava-v1.5-7b,dash-b,Sphere-Traj-LSTM,proxy_anchor,Diag-vMF,test,test,pooled,0.5,20260506,,evaluated,,passed,,0.6759238420370783,0.6158846602304651,0.7385781679210576,0.647238248857456,0.5965465567654769,0.6963551973071979,0.6791146871195037,0.0411522633744856,0.9045226130653267,442,199,243,281,3633,302,151,3784,151,1,0
llava-v1.5-7b,llava-v1.5-7b,dash-b,Sphere-Traj-LSTM,proxy_anchor,Diag-Classifier,test,test,pooled,0.5,20260507,,evaluated,,passed,,0.7456090370099127,0.6758007485554922,0.8069299437535461,0.7320760179498315,0.6841748212168428,0.7793933020741268,0.7469332370573684,0.024691358024691357,0.7939698492462312,442,199,243,281,3633,302,151,3784,151,1,0
llava-v1.5-7b,llava-v1.5-7b,dash-b,Sphere-Traj-LSTM,proxy_anchor,Diag-kNN-tuned,test,test,pooled,0.5,20260507,32,evaluated,,passed,,0.5798767831419889,0.5092331813743108,0.6495392512601754,0.5396736770271109,0.4786926853436396,0.5937399499608853,0.5824953343316781,0.00411522633744856,0.9246231155778895,442,199,243,281,3633,302,151,3784,151,1,0
llava-v1.5-7b,llava-v1.5-7b,dash-b,Sphere-Traj-LSTM,proxy_anchor,Diag-vMF,test,test,pooled,0.5,20260507,,evaluated,,passed,,0.6924007813965491,0.6188369080542396,0.7646029168477713,0.6855780962425295,0.6318077522765717,0.7343138592637221,0.6957717867110199,0.00411522633744856,0.9246231155778895,442,199,243,281,3633,302,151,3784,151,1,0
llava-v1.5-7b,llava-v1.5-7b,dash-b,Sphere-Traj-LSTM,proxy_anchor,Diag-Classifier,test,test,pooled,0.5,20260508,,evaluated,,passed,,0.7742539264821471,0.7174336349901388,0.8287580827164859,0.7350952292325825,0.6884317770649072,0.7824905686711185,0.7750312874579666,0.07818930041152264,0.8341708542713567,442,199,243,281,3633,302,151,3784,151,1,0
llava-v1.5-7b,llava-v1.5-7b,dash-b,Sphere-Traj-LSTM,proxy_anchor,Diag-kNN-tuned,test,test,pooled,0.5,20260508,32,evaluated,,passed,,0.7484055584999627,0.6899074315722179,0.8050199115206824,0.6968587794941787,0.6490385047395479,0.7477169006852634,0.7492903109424132,0.06995884773662552,0.9246231155778895,442,199,243,281,3633,302,151,3784,151,1,0
llava-v1.5-7b,llava-v1.5-7b,dash-b,Sphere-Traj-LSTM,proxy_anchor,Diag-vMF,test,test,pooled,0.5,20260508,,evaluated,,passed,,0.7481533882010154,0.6882432896381769,0.8066229400170221,0.7023595342969993,0.6552136917977326,0.7506235744702845,0.7490970673429173,0.06995884773662552,0.8492462311557789,442,199,243,281,3633,302,151,3784,151,1,0
llava-v1.5-7b,llava-v1.5-7b,dash-b,Sphere-Traj-LSTM,proxy_anchor,Diag-Classifier,test,test,pooled,0.25,20260506,,evaluated,,passed,,0.7657038278217722,0.7100497751685168,0.8191452065280758,0.757429120913208,0.7149341626141916,0.8034513221206325,0.7669660925413914,0.0205761316872428,0.7035175879396985,442,199,243,281,3633,302,75,3708,75,1,0
llava-v1.5-7b,llava-v1.5-7b,dash-b,Sphere-Traj-LSTM,proxy_anchor,Diag-kNN-tuned,test,test,pooled,0.25,20260506,32,evaluated,,passed,,0.5914682907275014,0.5283620094989455,0.6556477787168746,0.5330562276402588,0.47918970046354903,0.5878320754806209,0.5945054126349707,0.0,0.8994974874371859,442,199,243,281,3633,302,75,3708,75,1,0
llava-v1.5-7b,llava-v1.5-7b,dash-b,Sphere-Traj-LSTM,proxy_anchor,Diag-vMF,test,test,pooled,0.25,20260506,,evaluated,,passed,,0.6769972386676762,0.6162592533570516,0.7405524707757287,0.6752279918109063,0.6276737602462069,0.7247067023076609,0.6799452305476159,0.0,0.8492462311557789,442,199,243,281,3633,302,75,3708,75,1,0
llava-v1.5-7b,llava-v1.5-7b,dash-b,Sphere-Traj-LSTM,proxy_anchor,Diag-Classifier,test,test,pooled,0.25,20260507,,evaluated,,passed,,0.8358498506554506,0.7820746155089807,0.8840065825658967,0.8158281117521766,0.7749839221833055,0.8555086194911109,0.836580546910715,0.13168724279835392,0.5879396984924623,442,199,243,281,3633,302,75,3708,75,1,0
llava-v1.5-7b,llava-v1.5-7b,dash-b,Sphere-Traj-LSTM,proxy_anchor,Diag-kNN-tuned,test,test,pooled,0.25,20260507,32,evaluated,,passed,,0.8178947873588897,0.7626547647837751,0.8661313675044717,0.7815414521165498,0.7363056360939696,0.8227778659578114,0.8187231169036285,0.13580246913580246,0.8542713567839196,442,199,243,281,3633,302,75,3708,75,1,0
llava-v1.5-7b,llava-v1.5-7b,dash-b,Sphere-Traj-LSTM,proxy_anchor,Diag-vMF,test,test,pooled,0.25,20260507,,evaluated,,passed,,0.7926806407826634,0.7377056000760213,0.8426453087582402,0.7315176706578159,0.6829157518707768,0.7788737837320688,0.7935403284152949,0.13580246913580246,0.9547738693467337,442,199,243,281,3633,302,75,3708,75,1,0
llava-v1.5-7b,llava-v1.5-7b,dash-b,Sphere-Traj-LSTM,proxy_anchor,Diag-Classifier,test,test,pooled,0.25,20260508,,evaluated,,passed,,0.7426408006450749,0.6767786186507525,0.8026253107386176,0.6955559691461423,0.6456756213599982,0.7477660625241123,0.7437369724812662,0.037037037037037035,0.9296482412060302,442,199,243,281,3633,302,75,3708,75,1,0
llava-v1.5-7b,llava-v1.5-7b,dash-b,Sphere-Traj-LSTM,proxy_anchor,Diag-kNN-tuned,test,test,pooled,0.25,20260508,32,evaluated,,passed,,0.7077555311719161,0.6421881679462792,0.7711935114094892,0.6769857518042891,0.6266265524093394,0.7264686931802886,0.7090962341666951,0.037037037037037035,0.9045226130653267,442,199,243,281,3633,302,75,3708,75,1,0
llava-v1.5-7b,llava-v1.5-7b,dash-b,Sphere-Traj-LSTM,proxy_anchor,Diag-vMF,test,test,pooled,0.25,20260508,,evaluated,,passed,,0.6987180357124794,0.632885634030862,0.7610845533893069,0.6449738403953926,0.5931361487764618,0.6993465557795698,0.6999583130388539,0.037037037037037035,0.9447236180904522,442,199,243,281,3633,302,75,3708,75,1,0
llava-v1.5-7b,llava-v1.5-7b,dash-b,Sphere-Traj-LSTM,proxy_anchor,Diag-Classifier,test,test,pooled,0.1,20260506,,evaluated,,passed,,0.7783803559788354,0.7230353675456066,0.8299952091675517,0.7767024422524142,0.7339211618257262,0.8197531299224101,0.7793497772339062,0.06172839506172839,0.6180904522613065,442,199,243,281,3633,302,30,3663,30,1,0
llava-v1.5-7b,llava-v1.5-7b,dash-b,Sphere-Traj-LSTM,proxy_anchor,Diag-kNN-tuned,test,test,pooled,0.1,20260506,32,evaluated,,passed,,0.6089624383990656,0.549681682390564,0.6778340536759894,0.6416237566432987,0.5881179650597208,0.6934773399090058,0.6123248856655008,0.0,0.7788944723618091,442,199,243,281,3633,302,30,3663,30,1,0
llava-v1.5-7b,llava-v1.5-7b,dash-b,Sphere-Traj-LSTM,proxy_anchor,Diag-vMF,test,test,pooled,0.1,20260506,,evaluated,,passed,,0.6903130885429486,0.6269771764681817,0.7561834444135468,0.6726327108795005,0.6255451333207985,0.723475067726732,0.6935679367475173,0.024691358024691357,0.8844221105527639,442,199,243,281,3633,302,30,3663,30,1,0
llava-v1.5-7b,llava-v1.5-7b,dash-b,Sphere-Traj-LSTM,proxy_anchor,Diag-Classifier,test,test,pooled,0.1,20260507,,evaluated,,passed,,0.8198944316818315,0.7669887671452392,0.8663954200668927,0.7874764770353826,0.744407233563943,0.8292950205086026,0.8204477559304958,0.13991769547325103,0.7537688442211056,442,199,243,281,3633,302,30,3663,30,1,0
llava-v1.5-7b,llava-v1.5-7b,dash-b,Sphere-Traj-LSTM,proxy_anchor,Diag-kNN-tuned,test,test,pooled,0.1,20260507,32,evaluated,,passed,,0.7785808296137814,0.7214355692782893,0.8254055510208442,0.7140434683706599,0.6636668075273933,0.7607421842879535,0.7791742416178128,0.12757201646090535,0.9296482412060302,442,199,243,281,3633,302,30,3663,30,1,0
llava-v1.5-7b,llava-v1.5-7b,dash-b,Sphere-Traj-LSTM,proxy_anchor,Diag-vMF,test,test,pooled,0.1,20260507,,evaluated,,passed,,0.7939254055951734,0.737608702536033,0.8414080985942163,0.7495915792956551,0.7006173345988351,0.7950388296954144,0.7945374458988423,0.12345679012345678,0.8693467336683417,442,199,243,281,3633,302,30,3663,30,1,0
llava-v1.5-7b,llava-v1.5-7b,dash-b,Sphere-Traj-LSTM,proxy_anchor,Diag-Classifier,test,test,pooled,0.1,20260508,,evaluated,,passed,,0.7516534534702557,0.6852706753677361,0.8201416967188564,0.762371528424013,0.7174483633228131,0.8081011211594256,0.7548660144205444,0.00411522633744856,0.7185929648241206,442,199,243,281,3633,302,30,3663,30,1,0
llava-v1.5-7b,llava-v1.5-7b,dash-b,Sphere-Traj-LSTM,proxy_anchor,Diag-kNN-tuned,test,test,pooled,0.1,20260508,16,evaluated,,passed,,0.5366160603776249,0.471425085439413,0.6034367889106869,0.4630353413156316,0.40268265793054353,0.51776721748961,0.5397819597231778,0.0,0.9246231155778895,442,199,243,281,3633,302,30,3663,30,1,0
llava-v1.5-7b,llava-v1.5-7b,dash-b,Sphere-Traj-LSTM,proxy_anchor,Diag-vMF,test,test,pooled,0.1,20260508,,evaluated,,passed,,0.6837888371535298,0.613978381890627,0.7559894063002919,0.6929296689207355,0.6454342336208452,0.7437199751521872,0.6867353763933378,0.0,0.8894472361809045,442,199,243,281,3633,302,30,3663,30,1,0
qwen2.5-vl-7b,qwen2.5-vl-7b,dash-b,Sphere-Traj-LSTM,proxy_anchor,Diag-Classifier,test,test,pooled,1.0,20260506,,evaluated,,passed,,0.47336348342101664,0.3760680964062079,0.5805389608472963,0.7318955460500733,0.6724891537489196,0.789113655768511,0.47798258460000903,0.0297029702970297,0.7009063444108762,432,331,101,384,3794,101,101,3895,101,11,0
qwen2.5-vl-7b,qwen2.5-vl-7b,dash-b,Sphere-Traj-LSTM,proxy_anchor,Diag-kNN-tuned,test,test,pooled,1.0,20260506,32,evaluated,,passed,,0.25333343646119444,0.1956316004120899,0.32524879103558735,0.5058478657533427,0.44516573724827846,0.5656811727257611,0.2570431753060999,0.019801980198019802,0.8368580060422961,432,331,101,384,3794,101,101,3895,101,11,0
qwen2.5-vl-7b,qwen2.5-vl-7b,dash-b,Sphere-Traj-LSTM,proxy_anchor,Diag-vMF,test,test,pooled,1.0,20260506,,evaluated,,passed,,0.2851190607331805,0.22548976830063827,0.3633511312145746,0.5867308785259191,0.5221176349605896,0.6516049986280035,0.29212531164605793,0.019801980198019802,0.9003021148036254,432,331,101,384,3794,101,101,3895,101,11,0
qwen2.5-vl-7b,qwen2.5-vl-7b,dash-b,Sphere-Traj-LSTM,proxy_anchor,Diag-Classifier,test,test,pooled,1.0,20260507,,evaluated,,passed,,0.2724154317034175,0.20599126806849472,0.349028463088226,0.4926266040501331,0.4271969228457239,0.5595577681250563,0.27597381468888926,0.0297029702970297,0.9154078549848943,432,331,101,384,3794,101,101,3895,101,11,0
qwen2.5-vl-7b,qwen2.5-vl-7b,dash-b,Sphere-Traj-LSTM,proxy_anchor,Diag-kNN-tuned,test,test,pooled,1.0,20260507,4,evaluated,,passed,,0.4149225558093245,0.32573441225573296,0.5137449054486872,0.7110466333642429,0.6530421032757481,0.7665257663476263,0.41911806772119087,0.0297029702970297,0.7583081570996979,432,331,101,384,3794,101,101,3895,101,11,0
qwen2.5-vl-7b,qwen2.5-vl-7b,dash-b,Sphere-Traj-LSTM,proxy_anchor,Diag-vMF,test,test,pooled,1.0,20260507,,evaluated,,passed,,0.3758034755533446,0.288690830850902,0.4716351296863498,0.5914420747210674,0.5211622535870618,0.6628082956827309,0.3798409265108286,0.0297029702970297,0.9788519637462235,432,331,101,384,3794,101,101,3895,101,11,0
qwen2.5-vl-7b,qwen2.5-vl-7b,dash-b,Sphere-Traj-LSTM,proxy_anchor,Diag-Classifier,test,test,pooled,1.0,20260508,,evaluated,,passed,,0.48195410719315646,0.37312402154743135,0.5828481162528246,0.7149950644611289,0.6512724158896102,0.769111070444086,0.485898849171636,0.04950495049504951,0.7794561933534743,432,331,101,384,3794,101,101,3895,101,11,0
qwen2.5-vl-7b,qwen2.5-vl-7b,dash-b,Sphere-Traj-LSTM,proxy_anchor,Diag-kNN-tuned,test,test,pooled,1.0,20260508,32,evaluated,,passed,,0.19633677929894003,0.1584500273252511,0.2395013089302582,0.4480571924261913,0.38929670145800505,0.5052730929510827,0.1994895120961897,0.0,0.8398791540785498,432,331,101,384,3794,101,101,3895,101,11,0
qwen2.5-vl-7b,qwen2.5-vl-7b,dash-b,Sphere-Traj-LSTM,proxy_anchor,Diag-vMF,test,test,pooled,1.0,20260508,,evaluated,,passed,,0.2564693159744612,0.20073419650131658,0.3146369671912855,0.565852053483294,0.4997750190143778,0.6270307833135413,0.2596889504111115,0.0,0.9244712990936556,432,331,101,384,3794,101,101,3895,101,11,0
qwen2.5-vl-7b,qwen2.5-vl-7b,dash-b,Sphere-Traj-LSTM,proxy_anchor,Diag-Classifier,test,test,pooled,0.5,20260506,,evaluated,,passed,,0.471130925472199,0.37491674607864756,0.5812844562233331,0.7257784690855793,0.6655824983984974,0.7863243984731556,0.47392755225458555,0.0891089108910891,0.8066465256797583,432,331,101,384,3794,101,50,3844,50,11,0
qwen2.5-vl-7b,qwen2.5-vl-7b,dash-b,Sphere-Traj-LSTM,proxy_anchor,Diag-kNN-tuned,test,test,pooled,0.5,20260506,32,evaluated,,passed,,0.3529092077546273,0.26800425793106875,0.4562327280698933,0.6114683975950466,0.5479596494948965,0.6736533794228855,0.3604294257861268,0.0891089108910891,0.8036253776435045,432,331,101,384,3794,101,50,3844,50,11,0
qwen2.5-vl-7b,qwen2.5-vl-7b,dash-b,Sphere-Traj-LSTM,proxy_anchor,Diag-vMF,test,test,pooled,0.5,20260506,,evaluated,,passed,,0.38703401126515175,0.3014040066168751,0.4982427618234747,0.6370733750112172,0.5734138948461764,0.7014641386295525,0.39464015808448816,0.0891089108910891,0.945619335347432,432,331,101,384,3794,101,50,3844,50,11,0
qwen2.5-vl-7b,qwen2.5-vl-7b,dash-b,Sphere-Traj-LSTM,proxy_anchor,Diag-Classifier,test,test,pooled,0.5,20260507,,evaluated,,passed,,0.4657101680958701,0.3686340687416201,0.5705564071433559,0.7276779037420358,0.6708997392521975,0.7810385591224834,0.4710200705717418,0.04950495049504951,0.7250755287009063,432,331,101,384,3794,101,50,3844,50,11,0
qwen2.5-vl-7b,qwen2.5-vl-7b,dash-b,Sphere-Traj-LSTM,proxy_anchor,Diag-kNN-tuned,test,test,pooled,0.5,20260507,32,evaluated,,passed,,0.2823657681540622,0.21522710994564637,0.36005320627892645,0.5576560677215758,0.4933512577075083,0.6168607810361615,0.28732351646409937,0.019801980198019802,0.8549848942598187,432,331,101,384,3794,101,50,3844,50,11,0
qwen2.5-vl-7b,qwen2.5-vl-7b,dash-b,Sphere-Traj-LSTM,proxy_anchor,Diag-vMF,test,test,pooled,0.5,20260507,,evaluated,,passed,,0.3118254485019603,0.23895976683432626,0.3947183867295815,0.5873141694834135,0.5189892288921266,0.6527441502258916,0.31683948428447667,0.019801980198019802,0.9214501510574018,432,331,101,384,3794,101,50,3844,50,11,0
qwen2.5-vl-7b,qwen2.5-vl-7b,dash-b,Sphere-Traj-LSTM,proxy_anchor,Diag-Classifier,test,test,pooled,0.5,20260508,,evaluated,,passed,,0.4956150143873597,0.39035556798968984,0.5975105470089045,0.7295623822200952,0.6672762028583922,0.7834889718466708,0.49946975498593693,0.06930693069306931,0.7009063444108762,432,331,101,384,3794,101,50,3844,50,11,0
qwen2.5-vl-7b,qwen2.5-vl-7b,dash-b,Sphere-Traj-LSTM,proxy_anchor,Diag-kNN-tuned,test,test,pooled,0.5,20260508,16,evaluated,,passed,,0.326270191426206,0.2461942239908786,0.40716852914595275,0.5760222547934553,0.5143109114271793,0.6324024812668334,0.32967550576331167,0.0594059405940594,0.8761329305135952,432,331,101,384,3794,101,50,3844,50,11,0
qwen2.5-vl-7b,qwen2.5-vl-7b,dash-b,Sphere-Traj-LSTM,proxy_anchor,Diag-vMF,test,test,pooled,0.5,20260508,,evaluated,,passed,,0.37485381194817513,0.28767419034945213,0.46374755511354254,0.6324369597080552,0.5683848069889259,0.693872031671191,0.3786127550756986,0.04950495049504951,0.918429003021148,432,331,101,384,3794,101,50,3844,50,11,0
qwen2.5-vl-7b,qwen2.5-vl-7b,dash-b,Sphere-Traj-LSTM,proxy_anchor,Diag-Classifier,test,test,pooled,0.25,20260506,,evaluated,,passed,,0.4157970186272093,0.31606689359013224,0.5137398492887546,0.5602584427627052,0.4818924650642784,0.6364409926182643,0.41411493610986044,0.1188118811881188,0.9818731117824774,432,331,101,384,3794,101,25,3819,25,11,0
qwen2.5-vl-7b,qwen2.5-vl-7b,dash-b,Sphere-Traj-LSTM,proxy_anchor,Diag-kNN-tuned,test,test,pooled,0.25,20260506,16,evaluated,,passed,,0.5001627638448358,0.39670348494152025,0.6091929556219224,0.746283389668272,0.6874336026280392,0.8017555285843274,0.5047145920627574,0.12871287128712872,0.8549848942598187,432,331,101,384,3794,101,25,3819,25,11,0
qwen2.5-vl-7b,qwen2.5-vl-7b,dash-b,Sphere-Traj-LSTM,proxy_anchor,Diag-vMF,test,test,pooled,0.25,20260506,,evaluated,,passed,,0.47916154068188355,0.3784073484541096,0.5821323549853453,0.7024318746074003,0.6381701942568261,0.7636567832651779,0.48368233078361195,0.1188118811881188,0.9003021148036254,432,331,101,384,3794,101,25,3819,25,11,0
qwen2.5-vl-7b,qwen2.5-vl-7b,dash-b,Sphere-Traj-LSTM,proxy_anchor,Diag-Classifier,test,test,pooled,0.25,20260507,,evaluated,,passed,,0.2130097584775157,0.16488318267463292,0.26562393963306996,0.4493135114115641,0.38924403624952775,0.5082505155182732,0.2166776593521629,0.009900990099009901,0.8398791540785498,432,331,101,384,3794,101,25,3819,25,11,0
qwen2.5-vl-7b,qwen2.5-vl-7b,dash-b,Sphere-Traj-LSTM,proxy_anchor,Diag-kNN-tuned,test,test,pooled,0.25,20260507,32,evaluated,,passed,,0.25816996790987573,0.19892089463236068,0.3257736345391267,0.5382728605186803,0.47522582859753276,0.5974727367945551,0.2627835628590331,0.039603960396039604,0.7341389728096677,432,331,101,384,3794,101,25,3819,25,11,0
qwen2.5-vl-7b,qwen2.5-vl-7b,dash-b,Sphere-Traj-LSTM,proxy_anchor,Diag-vMF,test,test,pooled,0.25,20260507,,evaluated,,passed,,0.21103245120137337,0.16170179187825406,0.2670519740138794,0.4282552122281715,0.363589088177287,0.4929925262641546,0.21478211215118406,0.009900990099009901,0.9909365558912386,432,331,101,384,3794,101,25,3819,25,11,0
qwen2.5-vl-7b,qwen2.5-vl-7b,dash-b,Sphere-Traj-LSTM,proxy_anchor,Diag-Classifier,test,test,pooled,0.25,20260508,,evaluated,,passed,,0.3722327617197682,0.2826056632929137,0.46550052013372506,0.6022553917023123,0.5274926135970376,0.6739749841451781,0.3768420737285119,0.0297029702970297,0.9909365558912386,432,331,101,384,3794,101,25,3819,25,11,0
qwen2.5-vl-7b,qwen2.5-vl-7b,dash-b,Sphere-Traj-LSTM,proxy_anchor,Diag-kNN-tuned,test,test,pooled,0.25,20260508,8,evaluated,,passed,,0.4613117743412485,0.36042344422823375,0.5631935004843148,0.7253447399120577,0.6694309694621394,0.7782659327787338,0.4664938167476365,0.06930693069306931,0.7492447129909365,432,331,101,384,3794,101,25,3819,25,11,0
qwen2.5-vl-7b,qwen2.5-vl-7b,dash-b,Sphere-Traj-LSTM,proxy_anchor,Diag-vMF,test,test,pooled,0.25,20260508,,evaluated,,passed,,0.4005414074407729,0.30465805504086174,0.49619484922805507,0.6691244653166223,0.6064387729079419,0.7209270093633093,0.4058438402920019,0.06930693069306931,0.8368580060422961,432,331,101,384,3794,101,25,3819,25,11,0
qwen2.5-vl-7b,qwen2.5-vl-7b,dash-b,Sphere-Traj-LSTM,proxy_anchor,Diag-kNN-tuned,test,test,pooled,0.1,20260506,,skipped,ratio 0.1 would leave fewer than 20 hard negatives (10),skipped,ratio 0.1 would leave fewer than 20 hard negatives (10),nan,nan,nan,nan,nan,nan,nan,nan,nan,0,0,0,0,3794,101,0,3794,0,0,0
qwen2.5-vl-7b,qwen2.5-vl-7b,dash-b,Sphere-Traj-LSTM,proxy_anchor,Diag-Classifier,test,test,pooled,0.1,20260506,,skipped,ratio 0.1 would leave fewer than 20 hard negatives (10),skipped,ratio 0.1 would leave fewer than 20 hard negatives (10),nan,nan,nan,nan,nan,nan,nan,nan,nan,0,0,0,0,3794,101,0,3794,0,0,0
qwen2.5-vl-7b,qwen2.5-vl-7b,dash-b,Sphere-Traj-LSTM,proxy_anchor,Diag-vMF,test,test,pooled,0.1,20260506,,skipped,ratio 0.1 would leave fewer than 20 hard negatives (10),skipped,ratio 0.1 would leave fewer than 20 hard negatives (10),nan,nan,nan,nan,nan,nan,nan,nan,nan,0,0,0,0,3794,101,0,3794,0,0,0
qwen2.5-vl-7b,qwen2.5-vl-7b,dash-b,Sphere-Traj-LSTM,proxy_anchor,Diag-kNN-tuned,test,test,pooled,0.1,20260507,,skipped,ratio 0.1 would leave fewer than 20 hard negatives (10),skipped,ratio 0.1 would leave fewer than 20 hard negatives (10),nan,nan,nan,nan,nan,nan,nan,nan,nan,0,0,0,0,3794,101,0,3794,0,0,0
qwen2.5-vl-7b,qwen2.5-vl-7b,dash-b,Sphere-Traj-LSTM,proxy_anchor,Diag-Classifier,test,test,pooled,0.1,20260507,,skipped,ratio 0.1 would leave fewer than 20 hard negatives (10),skipped,ratio 0.1 would leave fewer than 20 hard negatives (10),nan,nan,nan,nan,nan,nan,nan,nan,nan,0,0,0,0,3794,101,0,3794,0,0,0
qwen2.5-vl-7b,qwen2.5-vl-7b,dash-b,Sphere-Traj-LSTM,proxy_anchor,Diag-vMF,test,test,pooled,0.1,20260507,,skipped,ratio 0.1 would leave fewer than 20 hard negatives (10),skipped,ratio 0.1 would leave fewer than 20 hard negatives (10),nan,nan,nan,nan,nan,nan,nan,nan,nan,0,0,0,0,3794,101,0,3794,0,0,0
qwen2.5-vl-7b,qwen2.5-vl-7b,dash-b,Sphere-Traj-LSTM,proxy_anchor,Diag-kNN-tuned,test,test,pooled,0.1,20260508,,skipped,ratio 0.1 would leave fewer than 20 hard negatives (10),skipped,ratio 0.1 would leave fewer than 20 hard negatives (10),nan,nan,nan,nan,nan,nan,nan,nan,nan,0,0,0,0,3794,101,0,3794,0,0,0
qwen2.5-vl-7b,qwen2.5-vl-7b,dash-b,Sphere-Traj-LSTM,proxy_anchor,Diag-Classifier,test,test,pooled,0.1,20260508,,skipped,ratio 0.1 would leave fewer than 20 hard negatives (10),skipped,ratio 0.1 would leave fewer than 20 hard negatives (10),nan,nan,nan,nan,nan,nan,nan,nan,nan,0,0,0,0,3794,101,0,3794,0,0,0
qwen2.5-vl-7b,qwen2.5-vl-7b,dash-b,Sphere-Traj-LSTM,proxy_anchor,Diag-vMF,test,test,pooled,0.1,20260508,,skipped,ratio 0.1 would leave fewer than 20 hard negatives (10),skipped,ratio 0.1 would leave fewer than 20 hard negatives (10),nan,nan,nan,nan,nan,nan,nan,nan,nan,0,0,0,0,3794,101,0,3794,0,0,0
