model_alias,model_name,dataset_family,encoder_family,objective,readout,eval_split,metric_split,eval_scope,negative_budget_ratio,negative_budget_seed,selected_k,budget_status,budget_skip_reason,metric_status,failure_reason,pr_auc,pr_auc_ci_low,pr_auc_ci_high,roc_auc,roc_auc_ci_low,roc_auc_ci_high,average_precision,tpr_at_1pct_fpr,fpr_at_95pct_tpr,num_test,num_test_correct,num_test_hard_hallucination,num_bank_correct,num_encoder_train_correct,num_encoder_train_hard_hallucination_available,num_encoder_train_hard_hallucination_used,num_encoder_train,num_encoder_train_hallucination,num_excluded_false_negative,num_excluded_parsed_none
llava-onevision-qwen2-7b-ov-hf,llava-onevision-qwen2-7b-ov-hf,pope,Sphere-Traj-LSTM,proxy_anchor,Diag-Classifier,test,test,pooled,1.0,20260506,,evaluated,,passed,,0.1830478760153614,0.10832922644775206,0.2675912606029596,0.6684611176422659,0.571512357826788,0.7580607291413791,0.13143592574716115,0.0,0.9888957433682912,1674,1621,53,1653,3833,138,138,3971,138,126,0
llava-onevision-qwen2-7b-ov-hf,llava-onevision-qwen2-7b-ov-hf,pope,Sphere-Traj-LSTM,proxy_anchor,Diag-kNN-tuned,test,test,pooled,1.0,20260506,16,evaluated,,passed,,0.18559253844053317,0.11890911485229613,0.2734199264803099,0.9123182754647143,0.8945176915877787,0.9307947379726446,0.1931807638114033,0.07547169811320754,0.1863047501542258,1674,1621,53,1653,3833,138,138,3971,138,126,0
llava-onevision-qwen2-7b-ov-hf,llava-onevision-qwen2-7b-ov-hf,pope,Sphere-Traj-LSTM,proxy_anchor,Diag-vMF,test,test,pooled,1.0,20260506,,evaluated,,passed,,0.20806624292657905,0.1377260611227802,0.30034780259245997,0.9015282902471106,0.8587735549388918,0.9354743138601594,0.21610210024490184,0.05660377358490566,0.6600863664404688,1674,1621,53,1653,3833,138,138,3971,138,126,0
llava-onevision-qwen2-7b-ov-hf,llava-onevision-qwen2-7b-ov-hf,pope,Sphere-Traj-LSTM,proxy_anchor,Diag-Classifier,test,test,pooled,1.0,20260507,,evaluated,,passed,,0.22202899498183076,0.1387214986975521,0.3206131853939541,0.7004586034709531,0.6011038372982498,0.7925302308389401,0.14660518965971414,0.0,0.9580505860579889,1674,1621,53,1653,3833,138,138,3971,138,126,0
llava-onevision-qwen2-7b-ov-hf,llava-onevision-qwen2-7b-ov-hf,pope,Sphere-Traj-LSTM,proxy_anchor,Diag-kNN-tuned,test,test,pooled,1.0,20260507,32,evaluated,,passed,,0.2090165617950249,0.13083116219388044,0.2996670149667564,0.9120505627786248,0.8873175756885384,0.9332786866585482,0.2154272219975816,0.07547169811320754,0.3528685996298581,1674,1621,53,1653,3833,138,138,3971,138,126,0
llava-onevision-qwen2-7b-ov-hf,llava-onevision-qwen2-7b-ov-hf,pope,Sphere-Traj-LSTM,proxy_anchor,Diag-vMF,test,test,pooled,1.0,20260507,,evaluated,,passed,,0.20203146763980137,0.1236305969101804,0.29568024133349174,0.8430505278595789,0.7644456316391913,0.9037944407755334,0.20840410220699152,0.09433962264150944,0.9759407772979642,1674,1621,53,1653,3833,138,138,3971,138,126,0
llava-onevision-qwen2-7b-ov-hf,llava-onevision-qwen2-7b-ov-hf,pope,Sphere-Traj-LSTM,proxy_anchor,Diag-Classifier,test,test,pooled,1.0,20260508,,evaluated,,passed,,0.18847253114968246,0.10827904668587193,0.2723474712414446,0.7553455239602853,0.6755523863180389,0.819513102155823,0.13882275405790356,0.0,0.878470080197409,1674,1621,53,1653,3833,138,138,3971,138,126,0
llava-onevision-qwen2-7b-ov-hf,llava-onevision-qwen2-7b-ov-hf,pope,Sphere-Traj-LSTM,proxy_anchor,Diag-kNN-tuned,test,test,pooled,1.0,20260508,32,evaluated,,passed,,0.18738872276357627,0.12071768834756942,0.2702259191693771,0.9093850755997346,0.8882062956142146,0.9290502748905545,0.19461712049055474,0.09433962264150944,0.24799506477483035,1674,1621,53,1653,3833,138,138,3971,138,126,0
llava-onevision-qwen2-7b-ov-hf,llava-onevision-qwen2-7b-ov-hf,pope,Sphere-Traj-LSTM,proxy_anchor,Diag-vMF,test,test,pooled,1.0,20260508,,evaluated,,passed,,0.20716642075087768,0.13547317284649635,0.28806747896364954,0.9004690791847567,0.8544019354384969,0.9364882708306852,0.2146469253134024,0.11320754716981132,0.6804441702652684,1674,1621,53,1653,3833,138,138,3971,138,126,0
llava-onevision-qwen2-7b-ov-hf,llava-onevision-qwen2-7b-ov-hf,pope,Sphere-Traj-LSTM,proxy_anchor,Diag-Classifier,test,test,pooled,0.5,20260506,,evaluated,,passed,,0.15217763582931249,0.07656760437397783,0.244042084816921,0.5874314713722021,0.47655154351810036,0.6913291507550953,0.13567196221638464,0.11320754716981132,0.9907464528069093,1674,1621,53,1653,3833,138,69,3902,69,126,0
llava-onevision-qwen2-7b-ov-hf,llava-onevision-qwen2-7b-ov-hf,pope,Sphere-Traj-LSTM,proxy_anchor,Diag-kNN-tuned,test,test,pooled,0.5,20260506,16,evaluated,,passed,,0.20807549476028925,0.13285184397088848,0.3064616571363092,0.9082211073993458,0.887830163617171,0.9279175545841554,0.2161046834886038,0.1509433962264151,0.23750771128932757,1674,1621,53,1653,3833,138,69,3902,69,126,0
llava-onevision-qwen2-7b-ov-hf,llava-onevision-qwen2-7b-ov-hf,pope,Sphere-Traj-LSTM,proxy_anchor,Diag-vMF,test,test,pooled,0.5,20260506,,evaluated,,passed,,0.20593504375563712,0.12885453311832887,0.30461298231359607,0.8666790823274708,0.8129329563961023,0.9151305222558982,0.21385086358589925,0.11320754716981132,0.7495373226403454,1674,1621,53,1653,3833,138,69,3902,69,126,0
llava-onevision-qwen2-7b-ov-hf,llava-onevision-qwen2-7b-ov-hf,pope,Sphere-Traj-LSTM,proxy_anchor,Diag-Classifier,test,test,pooled,0.5,20260507,,evaluated,,passed,,0.16195759393330497,0.09022615141316938,0.24884425978696897,0.6930615855574825,0.5957436880801955,0.7864644697390912,0.13683632310810853,0.07547169811320754,0.959284392350401,1674,1621,53,1653,3833,138,69,3902,69,126,0
llava-onevision-qwen2-7b-ov-hf,llava-onevision-qwen2-7b-ov-hf,pope,Sphere-Traj-LSTM,proxy_anchor,Diag-kNN-tuned,test,test,pooled,0.5,20260507,32,evaluated,,passed,,0.18504802708351586,0.11497592892987858,0.2840617176866527,0.8960227206592716,0.869099743038599,0.922667118573605,0.19266819721612255,0.07547169811320754,0.3362122146822949,1674,1621,53,1653,3833,138,69,3902,69,126,0
llava-onevision-qwen2-7b-ov-hf,llava-onevision-qwen2-7b-ov-hf,pope,Sphere-Traj-LSTM,proxy_anchor,Diag-vMF,test,test,pooled,0.5,20260507,,evaluated,,passed,,0.2149795866765723,0.13699490620990235,0.3147643376253336,0.9024478251254177,0.855826390954455,0.9358721556442937,0.22310962119116318,0.07547169811320754,0.6637877853177051,1674,1621,53,1653,3833,138,69,3902,69,126,0
llava-onevision-qwen2-7b-ov-hf,llava-onevision-qwen2-7b-ov-hf,pope,Sphere-Traj-LSTM,proxy_anchor,Diag-Classifier,test,test,pooled,0.5,20260508,,evaluated,,passed,,0.13823768042360854,0.07086885443844942,0.21471995335963953,0.7161081559251802,0.644034639412522,0.7800392424078384,0.11375476924287636,0.09433962264150944,0.7334978408389883,1674,1621,53,1653,3833,138,69,3902,69,126,0
llava-onevision-qwen2-7b-ov-hf,llava-onevision-qwen2-7b-ov-hf,pope,Sphere-Traj-LSTM,proxy_anchor,Diag-kNN-tuned,test,test,pooled,0.5,20260508,32,evaluated,,passed,,0.13965833417635315,0.09109433794416871,0.2091342478824276,0.8741750375379744,0.8436198901268549,0.9016099033142448,0.14872791258675647,0.09433962264150944,0.35595311536088836,1674,1621,53,1653,3833,138,69,3902,69,126,0
llava-onevision-qwen2-7b-ov-hf,llava-onevision-qwen2-7b-ov-hf,pope,Sphere-Traj-LSTM,proxy_anchor,Diag-vMF,test,test,pooled,0.5,20260508,,evaluated,,passed,,0.17259105407993366,0.11585043270711698,0.2506007476773859,0.8802393118619999,0.8285352256048221,0.9212132200401548,0.18229357265733015,0.09433962264150944,0.6841455891425047,1674,1621,53,1653,3833,138,69,3902,69,126,0
llava-onevision-qwen2-7b-ov-hf,llava-onevision-qwen2-7b-ov-hf,pope,Sphere-Traj-LSTM,proxy_anchor,Diag-Classifier,test,test,pooled,0.25,20260506,,evaluated,,passed,,0.1668451480979821,0.09442239148212164,0.2595181661398237,0.7529361097854806,0.6624688540138955,0.832156254337208,0.16131874015140887,0.05660377358490566,0.8618136952498457,1674,1621,53,1653,3833,138,34,3867,34,126,0
llava-onevision-qwen2-7b-ov-hf,llava-onevision-qwen2-7b-ov-hf,pope,Sphere-Traj-LSTM,proxy_anchor,Diag-kNN-tuned,test,test,pooled,0.25,20260506,32,evaluated,,passed,,0.14446691947492063,0.08704798954661135,0.22486457931985276,0.8628845459942035,0.8338897864837926,0.8901789009685814,0.15116190351230713,0.05660377358490566,0.32634176434299816,1674,1621,53,1653,3833,138,34,3867,34,126,0
llava-onevision-qwen2-7b-ov-hf,llava-onevision-qwen2-7b-ov-hf,pope,Sphere-Traj-LSTM,proxy_anchor,Diag-vMF,test,test,pooled,0.25,20260506,,evaluated,,passed,,0.20367555895268377,0.12854388412148252,0.29507571684941253,0.8782372865573312,0.8246152487868089,0.9244536370501374,0.21134966445158404,0.05660377358490566,0.7526218383713756,1674,1621,53,1653,3833,138,34,3867,34,126,0
llava-onevision-qwen2-7b-ov-hf,llava-onevision-qwen2-7b-ov-hf,pope,Sphere-Traj-LSTM,proxy_anchor,Diag-Classifier,test,test,pooled,0.25,20260507,,evaluated,,passed,,0.19229187566475273,0.10957809572725109,0.2887005132699928,0.8643045871986779,0.8219292274816704,0.8989481366488314,0.19721209703531056,0.07547169811320754,0.4392350400987045,1674,1621,53,1653,3833,138,34,3867,34,126,0
llava-onevision-qwen2-7b-ov-hf,llava-onevision-qwen2-7b-ov-hf,pope,Sphere-Traj-LSTM,proxy_anchor,Diag-kNN-tuned,test,test,pooled,0.25,20260507,32,evaluated,,passed,,0.2061316737914119,0.1249368339158852,0.2940559470953209,0.9030181695436081,0.8815393695280982,0.9230186911909386,0.21137811906082046,0.07547169811320754,0.1918568784700802,1674,1621,53,1653,3833,138,34,3867,34,126,0
llava-onevision-qwen2-7b-ov-hf,llava-onevision-qwen2-7b-ov-hf,pope,Sphere-Traj-LSTM,proxy_anchor,Diag-vMF,test,test,pooled,0.25,20260507,,evaluated,,passed,,0.1922839456237629,0.11128530361074894,0.2834051343816557,0.8627797888561685,0.8112826264234717,0.9044394344816009,0.19670061515082096,0.07547169811320754,0.6144355336212215,1674,1621,53,1653,3833,138,34,3867,34,126,0
llava-onevision-qwen2-7b-ov-hf,llava-onevision-qwen2-7b-ov-hf,pope,Sphere-Traj-LSTM,proxy_anchor,Diag-Classifier,test,test,pooled,0.25,20260508,,evaluated,,passed,,0.17307427081835816,0.10901008447992087,0.25038090001668434,0.8734068185257179,0.8301786816684479,0.9076681298310079,0.14654263616427876,0.0,0.5021591610117212,1674,1621,53,1653,3833,138,34,3867,34,126,0
llava-onevision-qwen2-7b-ov-hf,llava-onevision-qwen2-7b-ov-hf,pope,Sphere-Traj-LSTM,proxy_anchor,Diag-kNN-tuned,test,test,pooled,0.25,20260508,4,evaluated,,passed,,0.1269426704279622,0.08584246252364054,0.1805717670586236,0.8751760501903088,0.8430612841921498,0.9020504060723423,0.1333113755415595,0.07547169811320754,0.37075879086983343,1674,1621,53,1653,3833,138,34,3867,34,126,0
llava-onevision-qwen2-7b-ov-hf,llava-onevision-qwen2-7b-ov-hf,pope,Sphere-Traj-LSTM,proxy_anchor,Diag-vMF,test,test,pooled,0.25,20260508,,evaluated,,passed,,0.13106417800286188,0.07478023834874697,0.2040243916269582,0.771757475585767,0.6972516079963906,0.8414690539232635,0.13685356981934238,0.07547169811320754,0.8951264651449723,1674,1621,53,1653,3833,138,34,3867,34,126,0
llava-onevision-qwen2-7b-ov-hf,llava-onevision-qwen2-7b-ov-hf,pope,Sphere-Traj-LSTM,proxy_anchor,Diag-kNN-tuned,test,test,pooled,0.1,20260506,,skipped,ratio 0.1 would leave fewer than 20 hard negatives (13),skipped,ratio 0.1 would leave fewer than 20 hard negatives (13),nan,nan,nan,nan,nan,nan,nan,nan,nan,0,0,0,0,3833,138,0,3833,0,0,0
llava-onevision-qwen2-7b-ov-hf,llava-onevision-qwen2-7b-ov-hf,pope,Sphere-Traj-LSTM,proxy_anchor,Diag-Classifier,test,test,pooled,0.1,20260506,,skipped,ratio 0.1 would leave fewer than 20 hard negatives (13),skipped,ratio 0.1 would leave fewer than 20 hard negatives (13),nan,nan,nan,nan,nan,nan,nan,nan,nan,0,0,0,0,3833,138,0,3833,0,0,0
llava-onevision-qwen2-7b-ov-hf,llava-onevision-qwen2-7b-ov-hf,pope,Sphere-Traj-LSTM,proxy_anchor,Diag-vMF,test,test,pooled,0.1,20260506,,skipped,ratio 0.1 would leave fewer than 20 hard negatives (13),skipped,ratio 0.1 would leave fewer than 20 hard negatives (13),nan,nan,nan,nan,nan,nan,nan,nan,nan,0,0,0,0,3833,138,0,3833,0,0,0
llava-onevision-qwen2-7b-ov-hf,llava-onevision-qwen2-7b-ov-hf,pope,Sphere-Traj-LSTM,proxy_anchor,Diag-kNN-tuned,test,test,pooled,0.1,20260507,,skipped,ratio 0.1 would leave fewer than 20 hard negatives (13),skipped,ratio 0.1 would leave fewer than 20 hard negatives (13),nan,nan,nan,nan,nan,nan,nan,nan,nan,0,0,0,0,3833,138,0,3833,0,0,0
llava-onevision-qwen2-7b-ov-hf,llava-onevision-qwen2-7b-ov-hf,pope,Sphere-Traj-LSTM,proxy_anchor,Diag-Classifier,test,test,pooled,0.1,20260507,,skipped,ratio 0.1 would leave fewer than 20 hard negatives (13),skipped,ratio 0.1 would leave fewer than 20 hard negatives (13),nan,nan,nan,nan,nan,nan,nan,nan,nan,0,0,0,0,3833,138,0,3833,0,0,0
llava-onevision-qwen2-7b-ov-hf,llava-onevision-qwen2-7b-ov-hf,pope,Sphere-Traj-LSTM,proxy_anchor,Diag-vMF,test,test,pooled,0.1,20260507,,skipped,ratio 0.1 would leave fewer than 20 hard negatives (13),skipped,ratio 0.1 would leave fewer than 20 hard negatives (13),nan,nan,nan,nan,nan,nan,nan,nan,nan,0,0,0,0,3833,138,0,3833,0,0,0
llava-onevision-qwen2-7b-ov-hf,llava-onevision-qwen2-7b-ov-hf,pope,Sphere-Traj-LSTM,proxy_anchor,Diag-kNN-tuned,test,test,pooled,0.1,20260508,,skipped,ratio 0.1 would leave fewer than 20 hard negatives (13),skipped,ratio 0.1 would leave fewer than 20 hard negatives (13),nan,nan,nan,nan,nan,nan,nan,nan,nan,0,0,0,0,3833,138,0,3833,0,0,0
llava-onevision-qwen2-7b-ov-hf,llava-onevision-qwen2-7b-ov-hf,pope,Sphere-Traj-LSTM,proxy_anchor,Diag-Classifier,test,test,pooled,0.1,20260508,,skipped,ratio 0.1 would leave fewer than 20 hard negatives (13),skipped,ratio 0.1 would leave fewer than 20 hard negatives (13),nan,nan,nan,nan,nan,nan,nan,nan,nan,0,0,0,0,3833,138,0,3833,0,0,0
llava-onevision-qwen2-7b-ov-hf,llava-onevision-qwen2-7b-ov-hf,pope,Sphere-Traj-LSTM,proxy_anchor,Diag-vMF,test,test,pooled,0.1,20260508,,skipped,ratio 0.1 would leave fewer than 20 hard negatives (13),skipped,ratio 0.1 would leave fewer than 20 hard negatives (13),nan,nan,nan,nan,nan,nan,nan,nan,nan,0,0,0,0,3833,138,0,3833,0,0,0
qwen3-vl-8b,qwen3-vl-8b,pope,Sphere-Traj-LSTM,proxy_anchor,Diag-Classifier,test,test,pooled,1.0,20260506,,evaluated,,passed,,0.2852531399129077,0.19638794393252348,0.3942690955226569,0.9431532663316583,0.9286442963336065,0.958362671615404,0.26976028800560325,0.19230769230769232,0.13442211055276382,1644,1592,52,1609,3812,168,168,3980,168,156,0
qwen3-vl-8b,qwen3-vl-8b,pope,Sphere-Traj-LSTM,proxy_anchor,Diag-kNN-tuned,test,test,pooled,1.0,20260506,32,evaluated,,passed,,0.21041678516950205,0.12416174311611826,0.3155367318124771,0.8666892153073057,0.8299750799656844,0.9044529755318027,0.21728182814781996,0.09615384615384616,0.3957286432160804,1644,1592,52,1609,3812,168,168,3980,168,156,0
qwen3-vl-8b,qwen3-vl-8b,pope,Sphere-Traj-LSTM,proxy_anchor,Diag-vMF,test,test,pooled,1.0,20260506,,evaluated,,passed,,0.240769021539593,0.1437924714886149,0.356788646123465,0.8581609972941631,0.8061869564933937,0.9104608091119683,0.24839236292070158,0.17307692307692307,0.5307788944723618,1644,1592,52,1609,3812,168,168,3980,168,156,0
qwen3-vl-8b,qwen3-vl-8b,pope,Sphere-Traj-LSTM,proxy_anchor,Diag-Classifier,test,test,pooled,1.0,20260507,,evaluated,,passed,,0.3345501799883531,0.21572078107390893,0.46826407944723036,0.9326077502899109,0.9050979167184884,0.956248229679082,0.34465491681092725,0.25,0.1984924623115578,1644,1592,52,1609,3812,168,168,3980,168,156,0
qwen3-vl-8b,qwen3-vl-8b,pope,Sphere-Traj-LSTM,proxy_anchor,Diag-kNN-tuned,test,test,pooled,1.0,20260507,32,evaluated,,passed,,0.16963909767505134,0.08831339292178525,0.27189189573289985,0.8501642829532277,0.8110948300528458,0.8876130720803211,0.1770224786868837,0.09615384615384616,0.4478643216080402,1644,1592,52,1609,3812,168,168,3980,168,156,0
qwen3-vl-8b,qwen3-vl-8b,pope,Sphere-Traj-LSTM,proxy_anchor,Diag-vMF,test,test,pooled,1.0,20260507,,evaluated,,passed,,0.33348736735850076,0.20946208971414876,0.46638096076120344,0.9050782759953614,0.8592463138759641,0.9431452224463447,0.3441995179706347,0.21153846153846154,0.49183417085427134,1644,1592,52,1609,3812,168,168,3980,168,156,0
qwen3-vl-8b,qwen3-vl-8b,pope,Sphere-Traj-LSTM,proxy_anchor,Diag-Classifier,test,test,pooled,1.0,20260508,,evaluated,,passed,,0.29397995800140614,0.19715255310210258,0.4112366020080918,0.9297931967529957,0.8987262224510273,0.9551967503542612,0.2874952391578388,0.11538461538461539,0.18530150753768845,1644,1592,52,1609,3812,168,168,3980,168,156,0
qwen3-vl-8b,qwen3-vl-8b,pope,Sphere-Traj-LSTM,proxy_anchor,Diag-kNN-tuned,test,test,pooled,1.0,20260508,32,evaluated,,passed,,0.09437563477360904,0.06287265803869126,0.14839059057095252,0.8192283533049864,0.7841509636618582,0.8512457760001482,0.10606930895584789,0.057692307692307696,0.41331658291457285,1644,1592,52,1609,3812,168,168,3980,168,156,0
qwen3-vl-8b,qwen3-vl-8b,pope,Sphere-Traj-LSTM,proxy_anchor,Diag-vMF,test,test,pooled,1.0,20260508,,evaluated,,passed,,0.2506002272954918,0.164086723312402,0.3606543809815868,0.873610842674913,0.8276458724068697,0.9211962116888036,0.2667413752977855,0.19230769230769232,0.46608040201005024,1644,1592,52,1609,3812,168,168,3980,168,156,0
qwen3-vl-8b,qwen3-vl-8b,pope,Sphere-Traj-LSTM,proxy_anchor,Diag-Classifier,test,test,pooled,0.5,20260506,,evaluated,,passed,,0.241593957009039,0.17158214470710886,0.3349923755639513,0.935567259373792,0.9162090980763904,0.9551315624485128,0.25404460474233753,0.15384615384615385,0.17902010050251257,1644,1592,52,1609,3812,168,84,3896,84,156,0
qwen3-vl-8b,qwen3-vl-8b,pope,Sphere-Traj-LSTM,proxy_anchor,Diag-kNN-tuned,test,test,pooled,0.5,20260506,32,evaluated,,passed,,0.16358819560955756,0.10112752843078299,0.2619331122127901,0.871134518747584,0.8433691589488683,0.899909722720517,0.17296520553933994,0.15384615384615385,0.2757537688442211,1644,1592,52,1609,3812,168,84,3896,84,156,0
qwen3-vl-8b,qwen3-vl-8b,pope,Sphere-Traj-LSTM,proxy_anchor,Diag-vMF,test,test,pooled,0.5,20260506,,evaluated,,passed,,0.28337410398895324,0.20113325652515995,0.3964637515184667,0.9351565519907229,0.9042856280418702,0.960707873974598,0.2953641848551563,0.15384615384615385,0.43404522613065327,1644,1592,52,1609,3812,168,84,3896,84,156,0
qwen3-vl-8b,qwen3-vl-8b,pope,Sphere-Traj-LSTM,proxy_anchor,Diag-Classifier,test,test,pooled,0.5,20260507,,evaluated,,passed,,0.2700696512631368,0.17674838742704213,0.38114114515651876,0.9292496134518746,0.9101768381615617,0.9461021214966284,0.275682581630996,0.11538461538461539,0.17587939698492464,1644,1592,52,1609,3812,168,84,3896,84,156,0
qwen3-vl-8b,qwen3-vl-8b,pope,Sphere-Traj-LSTM,proxy_anchor,Diag-kNN-tuned,test,test,pooled,0.5,20260507,8,evaluated,,passed,,0.07320146131402788,0.04767054702217848,0.10892065707509271,0.7337649787398531,0.6665537948920821,0.8044668463744569,0.07752198733031697,0.019230769230769232,0.7474874371859297,1644,1592,52,1609,3812,168,84,3896,84,156,0
qwen3-vl-8b,qwen3-vl-8b,pope,Sphere-Traj-LSTM,proxy_anchor,Diag-vMF,test,test,pooled,0.5,20260507,,evaluated,,passed,,0.0220756959500294,0.016122126943188334,0.02885240099899345,0.3547062234248164,0.29944708444487805,0.4112719887322395,0.022860106416714456,0.0,0.8668341708542714,1644,1592,52,1609,3812,168,84,3896,84,156,0
qwen3-vl-8b,qwen3-vl-8b,pope,Sphere-Traj-LSTM,proxy_anchor,Diag-Classifier,test,test,pooled,0.5,20260508,,evaluated,,passed,,0.3070730457071343,0.20597328847491267,0.4272875832812963,0.9049031213761114,0.84539350163652,0.9534887043027253,0.29570793727957595,0.28846153846153844,0.7657035175879398,1644,1592,52,1609,3812,168,84,3896,84,156,0
qwen3-vl-8b,qwen3-vl-8b,pope,Sphere-Traj-LSTM,proxy_anchor,Diag-kNN-tuned,test,test,pooled,0.5,20260508,32,evaluated,,passed,,0.28853814880002554,0.18811392791532586,0.4030806886760908,0.9253478933127174,0.9024767591426633,0.9468971098158778,0.29781691391874504,0.23076923076923078,0.20603015075376885,1644,1592,52,1609,3812,168,84,3896,84,156,0
qwen3-vl-8b,qwen3-vl-8b,pope,Sphere-Traj-LSTM,proxy_anchor,Diag-vMF,test,test,pooled,0.5,20260508,,evaluated,,passed,,0.32303047358785475,0.21888519656561642,0.44120345690678325,0.9349511982991883,0.896419936668948,0.9619670426932444,0.3328909007575065,0.23076923076923078,0.14698492462311558,1644,1592,52,1609,3812,168,84,3896,84,156,0
qwen3-vl-8b,qwen3-vl-8b,pope,Sphere-Traj-LSTM,proxy_anchor,Diag-Classifier,test,test,pooled,0.25,20260506,,evaluated,,passed,,0.23244833351268746,0.14345946538502222,0.342569500342483,0.811714824120603,0.739895777935012,0.8791385502030231,0.21058788024083006,0.07692307692307693,0.6639447236180904,1644,1592,52,1609,3812,168,42,3854,42,156,0
qwen3-vl-8b,qwen3-vl-8b,pope,Sphere-Traj-LSTM,proxy_anchor,Diag-kNN-tuned,test,test,pooled,0.25,20260506,32,evaluated,,passed,,0.21201949296514164,0.12655382564864864,0.30888388700030384,0.8909088712794743,0.8587677556818182,0.9217218297362054,0.21834770976026482,0.11538461538461539,0.3793969849246231,1644,1592,52,1609,3812,168,42,3854,42,156,0
qwen3-vl-8b,qwen3-vl-8b,pope,Sphere-Traj-LSTM,proxy_anchor,Diag-vMF,test,test,pooled,0.25,20260506,,evaluated,,passed,,0.27020033239486646,0.17809287454038214,0.37859801719541736,0.905585620409741,0.8613920439627806,0.9424488676464298,0.2774357244220257,0.11538461538461539,0.5879396984924623,1644,1592,52,1609,3812,168,42,3854,42,156,0
qwen3-vl-8b,qwen3-vl-8b,pope,Sphere-Traj-LSTM,proxy_anchor,Diag-Classifier,test,test,pooled,0.25,20260507,,evaluated,,passed,,0.23752260559505642,0.16938776889247567,0.3265010707413519,0.94691003092385,0.9325237793115478,0.9601607999978293,0.2493869120999883,0.07692307692307693,0.13190954773869346,1644,1592,52,1609,3812,168,42,3854,42,156,0
qwen3-vl-8b,qwen3-vl-8b,pope,Sphere-Traj-LSTM,proxy_anchor,Diag-kNN-tuned,test,test,pooled,0.25,20260507,32,evaluated,,passed,,0.08984306254190925,0.06257757442790005,0.13331308893070856,0.8311509470429068,0.8011536473818591,0.8592990885332632,0.09657928039767834,0.038461538461538464,0.29773869346733667,1644,1592,52,1609,3812,168,42,3854,42,156,0
qwen3-vl-8b,qwen3-vl-8b,pope,Sphere-Traj-LSTM,proxy_anchor,Diag-vMF,test,test,pooled,0.25,20260507,,evaluated,,passed,,0.22047079683257356,0.1530751317718599,0.30946264637290877,0.9256257247777349,0.8975652356902357,0.9494560659739898,0.23098046115358284,0.09615384615384616,0.28831658291457285,1644,1592,52,1609,3812,168,42,3854,42,156,0
qwen3-vl-8b,qwen3-vl-8b,pope,Sphere-Traj-LSTM,proxy_anchor,Diag-Classifier,test,test,pooled,0.25,20260508,,evaluated,,passed,,0.22656311608573687,0.15372285106955605,0.32256659442026475,0.9302522226517201,0.9105115577944026,0.9461041776744126,0.24197753558898402,0.17307692307692307,0.17902010050251257,1644,1592,52,1609,3812,168,42,3854,42,156,0
qwen3-vl-8b,qwen3-vl-8b,pope,Sphere-Traj-LSTM,proxy_anchor,Diag-kNN-tuned,test,test,pooled,0.25,20260508,32,evaluated,,passed,,0.1801717799151843,0.11304596628730962,0.27334437169658515,0.8805807885581756,0.8482607169155922,0.9085867823651859,0.19485933979322445,0.11538461538461539,0.34045226130653267,1644,1592,52,1609,3812,168,42,3854,42,156,0
qwen3-vl-8b,qwen3-vl-8b,pope,Sphere-Traj-LSTM,proxy_anchor,Diag-vMF,test,test,pooled,0.25,20260508,,evaluated,,passed,,0.20335514988960607,0.13722750843350148,0.29034864746727,0.8985794356397372,0.855944308395613,0.9355670382164046,0.21798697520932697,0.057692307692307696,0.5690954773869347,1644,1592,52,1609,3812,168,42,3854,42,156,0
qwen3-vl-8b,qwen3-vl-8b,pope,Sphere-Traj-LSTM,proxy_anchor,Diag-kNN-tuned,test,test,pooled,0.1,20260506,,skipped,ratio 0.1 would leave fewer than 20 hard negatives (16),skipped,ratio 0.1 would leave fewer than 20 hard negatives (16),nan,nan,nan,nan,nan,nan,nan,nan,nan,0,0,0,0,3812,168,0,3812,0,0,0
qwen3-vl-8b,qwen3-vl-8b,pope,Sphere-Traj-LSTM,proxy_anchor,Diag-Classifier,test,test,pooled,0.1,20260506,,skipped,ratio 0.1 would leave fewer than 20 hard negatives (16),skipped,ratio 0.1 would leave fewer than 20 hard negatives (16),nan,nan,nan,nan,nan,nan,nan,nan,nan,0,0,0,0,3812,168,0,3812,0,0,0
qwen3-vl-8b,qwen3-vl-8b,pope,Sphere-Traj-LSTM,proxy_anchor,Diag-vMF,test,test,pooled,0.1,20260506,,skipped,ratio 0.1 would leave fewer than 20 hard negatives (16),skipped,ratio 0.1 would leave fewer than 20 hard negatives (16),nan,nan,nan,nan,nan,nan,nan,nan,nan,0,0,0,0,3812,168,0,3812,0,0,0
qwen3-vl-8b,qwen3-vl-8b,pope,Sphere-Traj-LSTM,proxy_anchor,Diag-kNN-tuned,test,test,pooled,0.1,20260507,,skipped,ratio 0.1 would leave fewer than 20 hard negatives (16),skipped,ratio 0.1 would leave fewer than 20 hard negatives (16),nan,nan,nan,nan,nan,nan,nan,nan,nan,0,0,0,0,3812,168,0,3812,0,0,0
qwen3-vl-8b,qwen3-vl-8b,pope,Sphere-Traj-LSTM,proxy_anchor,Diag-Classifier,test,test,pooled,0.1,20260507,,skipped,ratio 0.1 would leave fewer than 20 hard negatives (16),skipped,ratio 0.1 would leave fewer than 20 hard negatives (16),nan,nan,nan,nan,nan,nan,nan,nan,nan,0,0,0,0,3812,168,0,3812,0,0,0
qwen3-vl-8b,qwen3-vl-8b,pope,Sphere-Traj-LSTM,proxy_anchor,Diag-vMF,test,test,pooled,0.1,20260507,,skipped,ratio 0.1 would leave fewer than 20 hard negatives (16),skipped,ratio 0.1 would leave fewer than 20 hard negatives (16),nan,nan,nan,nan,nan,nan,nan,nan,nan,0,0,0,0,3812,168,0,3812,0,0,0
qwen3-vl-8b,qwen3-vl-8b,pope,Sphere-Traj-LSTM,proxy_anchor,Diag-kNN-tuned,test,test,pooled,0.1,20260508,,skipped,ratio 0.1 would leave fewer than 20 hard negatives (16),skipped,ratio 0.1 would leave fewer than 20 hard negatives (16),nan,nan,nan,nan,nan,nan,nan,nan,nan,0,0,0,0,3812,168,0,3812,0,0,0
qwen3-vl-8b,qwen3-vl-8b,pope,Sphere-Traj-LSTM,proxy_anchor,Diag-Classifier,test,test,pooled,0.1,20260508,,skipped,ratio 0.1 would leave fewer than 20 hard negatives (16),skipped,ratio 0.1 would leave fewer than 20 hard negatives (16),nan,nan,nan,nan,nan,nan,nan,nan,nan,0,0,0,0,3812,168,0,3812,0,0,0
qwen3-vl-8b,qwen3-vl-8b,pope,Sphere-Traj-LSTM,proxy_anchor,Diag-vMF,test,test,pooled,0.1,20260508,,skipped,ratio 0.1 would leave fewer than 20 hard negatives (16),skipped,ratio 0.1 would leave fewer than 20 hard negatives (16),nan,nan,nan,nan,nan,nan,nan,nan,nan,0,0,0,0,3812,168,0,3812,0,0,0
internvl3.5-8b,internvl3.5-8b,pope,Sphere-Traj-LSTM,proxy_anchor,Diag-Classifier,test,test,pooled,1.0,20260506,,evaluated,,passed,,0.5341487035838353,0.4555360980710481,0.6133515505331743,0.9114824359649365,0.884229953370694,0.9364652250629496,0.4914584949832295,0.0,0.40535372848948376,1707,1569,138,1620,3689,352,352,4041,352,93,0
internvl3.5-8b,internvl3.5-8b,pope,Sphere-Traj-LSTM,proxy_anchor,Diag-kNN-tuned,test,test,pooled,1.0,20260506,32,evaluated,,passed,,0.34427918553959547,0.26690939632955074,0.41777360052013524,0.8501907427420771,0.826149604468255,0.8733342813616389,0.3477471988135901,0.15942028985507245,0.372848948374761,1707,1569,138,1620,3689,352,352,4041,352,93,0
internvl3.5-8b,internvl3.5-8b,pope,Sphere-Traj-LSTM,proxy_anchor,Diag-vMF,test,test,pooled,1.0,20260506,,evaluated,,passed,,0.5314216423348171,0.44599343893029575,0.6151891398921283,0.9194862415828413,0.8938898818595802,0.9424131565683044,0.5350033890593959,0.2463768115942029,0.3052899936265137,1707,1569,138,1620,3689,352,352,4041,352,93,0
internvl3.5-8b,internvl3.5-8b,pope,Sphere-Traj-LSTM,proxy_anchor,Diag-Classifier,test,test,pooled,1.0,20260507,,evaluated,,passed,,0.5236264347586223,0.4390676018138059,0.6139485303317004,0.9237121401058552,0.9001938768631176,0.9444541695931454,0.528629037715599,0.2971014492753623,0.20395156150414276,1707,1569,138,1620,3689,352,352,4041,352,93,0
internvl3.5-8b,internvl3.5-8b,pope,Sphere-Traj-LSTM,proxy_anchor,Diag-kNN-tuned,test,test,pooled,1.0,20260507,32,evaluated,,passed,,0.154921180577686,0.11240601063251805,0.214379548132056,0.6440407903123008,0.6020954211084301,0.6827907566446155,0.16049606745451567,0.08695652173913043,0.6226896112173359,1707,1569,138,1620,3689,352,352,4041,352,93,0
internvl3.5-8b,internvl3.5-8b,pope,Sphere-Traj-LSTM,proxy_anchor,Diag-vMF,test,test,pooled,1.0,20260507,,evaluated,,passed,,0.49117530209861987,0.407600600243474,0.5828978097556673,0.9155790173746778,0.8904373658763703,0.9384668414723909,0.4982342247034048,0.2608695652173913,0.2224346717654557,1707,1569,138,1620,3689,352,352,4041,352,93,0
internvl3.5-8b,internvl3.5-8b,pope,Sphere-Traj-LSTM,proxy_anchor,Diag-Classifier,test,test,pooled,1.0,20260508,,evaluated,,passed,,0.4854273655171382,0.3998120368439722,0.5674886741849103,0.9289402462567313,0.9126820611509135,0.9449193527661504,0.4878416471164055,0.13768115942028986,0.1574251115360102,1707,1569,138,1620,3689,352,352,4041,352,93,0
internvl3.5-8b,internvl3.5-8b,pope,Sphere-Traj-LSTM,proxy_anchor,Diag-kNN-tuned,test,test,pooled,1.0,20260508,32,evaluated,,passed,,0.20893980103522067,0.15783650931144208,0.25987543434489024,0.789430173377301,0.7614416847942165,0.8146637492687756,0.2114074565623242,0.050724637681159424,0.449968132568515,1707,1569,138,1620,3689,352,352,4041,352,93,0
internvl3.5-8b,internvl3.5-8b,pope,Sphere-Traj-LSTM,proxy_anchor,Diag-vMF,test,test,pooled,1.0,20260508,,evaluated,,passed,,0.4896814587382028,0.40851530492105337,0.5722068517863343,0.9029659803622727,0.8793016317033683,0.9258781509436327,0.4929331089212221,0.14492753623188406,0.4270235818992989,1707,1569,138,1620,3689,352,352,4041,352,93,0
internvl3.5-8b,internvl3.5-8b,pope,Sphere-Traj-LSTM,proxy_anchor,Diag-Classifier,test,test,pooled,0.5,20260506,,evaluated,,passed,,0.5050298222319517,0.42706265487696277,0.583923842761285,0.93380118417528,0.9199532561844462,0.9467715346623297,0.48257125120877337,0.13768115942028986,0.1822817080943276,1707,1569,138,1620,3689,352,176,3865,176,93,0
internvl3.5-8b,internvl3.5-8b,pope,Sphere-Traj-LSTM,proxy_anchor,Diag-kNN-tuned,test,test,pooled,0.5,20260506,32,evaluated,,passed,,0.44247579236251056,0.3576568183472186,0.5251334842915585,0.8874017420862546,0.8581477454580034,0.914694924206477,0.4466612241471827,0.12318840579710146,0.5289993626513703,1707,1569,138,1620,3689,352,176,3865,176,93,0
internvl3.5-8b,internvl3.5-8b,pope,Sphere-Traj-LSTM,proxy_anchor,Diag-vMF,test,test,pooled,0.5,20260506,,evaluated,,passed,,0.476808293328178,0.3947015368453082,0.5605612569731838,0.9093533220642706,0.8857059311464626,0.9311399308859598,0.4812669042374366,0.18840579710144928,0.42447418738049714,1707,1569,138,1620,3689,352,176,3865,176,93,0
internvl3.5-8b,internvl3.5-8b,pope,Sphere-Traj-LSTM,proxy_anchor,Diag-Classifier,test,test,pooled,0.5,20260507,,evaluated,,passed,,0.4262343859412766,0.3525607551089478,0.5077967774400293,0.906355936117346,0.8813714257472491,0.9283963819777391,0.40277960303121896,0.10144927536231885,0.3422562141491396,1707,1569,138,1620,3689,352,176,3865,176,93,0
internvl3.5-8b,internvl3.5-8b,pope,Sphere-Traj-LSTM,proxy_anchor,Diag-kNN-tuned,test,test,pooled,0.5,20260507,16,evaluated,,passed,,0.3812555048334291,0.31207913355644556,0.46413344974532805,0.8978856651979937,0.8787003635580275,0.9153863987626859,0.38558724102158093,0.08695652173913043,0.33397068196303376,1707,1569,138,1620,3689,352,176,3865,176,93,0
internvl3.5-8b,internvl3.5-8b,pope,Sphere-Traj-LSTM,proxy_anchor,Diag-vMF,test,test,pooled,0.5,20260507,,evaluated,,passed,,0.39267077977312864,0.32122044164331304,0.47337026903916807,0.8855174070071401,0.8520054210453475,0.9128527727699874,0.3970624723082625,0.06521739130434782,0.6347992351816444,1707,1569,138,1620,3689,352,176,3865,176,93,0
internvl3.5-8b,internvl3.5-8b,pope,Sphere-Traj-LSTM,proxy_anchor,Diag-Classifier,test,test,pooled,0.5,20260508,,evaluated,,passed,,0.43735481457898334,0.3616032298520927,0.5088010401172772,0.9010839545173238,0.875067808944275,0.9246845196269009,0.3802211600393667,0.0,0.3894200127469726,1707,1569,138,1620,3689,352,176,3865,176,93,0
internvl3.5-8b,internvl3.5-8b,pope,Sphere-Traj-LSTM,proxy_anchor,Diag-kNN-tuned,test,test,pooled,0.5,20260508,32,evaluated,,passed,,0.3269289092928129,0.25786358722247454,0.3969818613685967,0.8665447391027241,0.8407599599135382,0.8891699200236473,0.33153416201969677,0.10144927536231885,0.390057361376673,1707,1569,138,1620,3689,352,176,3865,176,93,0
internvl3.5-8b,internvl3.5-8b,pope,Sphere-Traj-LSTM,proxy_anchor,Diag-vMF,test,test,pooled,0.5,20260508,,evaluated,,passed,,0.38079934782288716,0.30631010492769445,0.45529518590860085,0.8671266661124505,0.8338210696464965,0.8976094807917903,0.38556985827536827,0.12318840579710146,0.6150414276609305,1707,1569,138,1620,3689,352,176,3865,176,93,0
internvl3.5-8b,internvl3.5-8b,pope,Sphere-Traj-LSTM,proxy_anchor,Diag-Classifier,test,test,pooled,0.25,20260506,,evaluated,,passed,,0.45982278289621437,0.3795907632426162,0.5443717647154611,0.936653088369773,0.9216025731746731,0.9497026513203232,0.4675875393040986,0.13043478260869565,0.17973231357552583,1707,1569,138,1620,3689,352,88,3777,88,93,0
internvl3.5-8b,internvl3.5-8b,pope,Sphere-Traj-LSTM,proxy_anchor,Diag-kNN-tuned,test,test,pooled,0.25,20260506,32,evaluated,,passed,,0.4302456074716481,0.34743178107953826,0.5111789028042615,0.921121179372073,0.902011049787165,0.9373861740839086,0.4386595032280489,0.17391304347826086,0.2377310388782664,1707,1569,138,1620,3689,352,88,3777,88,93,0
internvl3.5-8b,internvl3.5-8b,pope,Sphere-Traj-LSTM,proxy_anchor,Diag-vMF,test,test,pooled,0.25,20260506,,evaluated,,passed,,0.4840721900960591,0.39995432595133534,0.5739946552930042,0.9165950804075336,0.8855315254780225,0.9427246007446021,0.4914592428883208,0.17391304347826086,0.5525812619502868,1707,1569,138,1620,3689,352,88,3777,88,93,0
internvl3.5-8b,internvl3.5-8b,pope,Sphere-Traj-LSTM,proxy_anchor,Diag-Classifier,test,test,pooled,0.25,20260507,,evaluated,,passed,,0.5284012089831139,0.45231474012277206,0.6057943879536456,0.895038379471832,0.8620014863245364,0.9234961261815653,0.4990215785947022,0.2246376811594203,0.6481835564053537,1707,1569,138,1620,3689,352,88,3777,88,93,0
internvl3.5-8b,internvl3.5-8b,pope,Sphere-Traj-LSTM,proxy_anchor,Diag-kNN-tuned,test,test,pooled,0.25,20260507,32,evaluated,,passed,,0.5214390417893986,0.4441900168948591,0.6001852181454385,0.9266217751544878,0.9111379328256438,0.9413895874365861,0.5245897983556511,0.2028985507246377,0.21669853409815168,1707,1569,138,1620,3689,352,88,3777,88,93,0
internvl3.5-8b,internvl3.5-8b,pope,Sphere-Traj-LSTM,proxy_anchor,Diag-vMF,test,test,pooled,0.25,20260507,,evaluated,,passed,,0.5136401473072687,0.4360017897985345,0.598451049567004,0.9020746159743582,0.8732802393787141,0.9252789175369919,0.5166781195305981,0.21739130434782608,0.5551306564690885,1707,1569,138,1620,3689,352,88,3777,88,93,0
internvl3.5-8b,internvl3.5-8b,pope,Sphere-Traj-LSTM,proxy_anchor,Diag-Classifier,test,test,pooled,0.25,20260508,,evaluated,,passed,,0.39234819831427536,0.3116690383224424,0.4668282164114507,0.8404134452850057,0.8048654643868811,0.8757915778889412,0.37384662096051796,0.15217391304347827,0.651370299553856,1707,1569,138,1620,3689,352,88,3777,88,93,0
internvl3.5-8b,internvl3.5-8b,pope,Sphere-Traj-LSTM,proxy_anchor,Diag-kNN-tuned,test,test,pooled,0.25,20260508,32,evaluated,,passed,,0.3402878901901507,0.2672301898861602,0.41866393433022847,0.8623788806680153,0.8378149240811433,0.8852903118166974,0.3455696358569246,0.11594202898550725,0.4365838113448056,1707,1569,138,1620,3689,352,88,3777,88,93,0
internvl3.5-8b,internvl3.5-8b,pope,Sphere-Traj-LSTM,proxy_anchor,Diag-vMF,test,test,pooled,0.25,20260508,,evaluated,,passed,,0.36154498683890657,0.283406533641142,0.43723414928843574,0.826650409658141,0.7887959482965053,0.8639509764283435,0.36674446033704655,0.13768115942028986,0.6704907584448694,1707,1569,138,1620,3689,352,88,3777,88,93,0
internvl3.5-8b,internvl3.5-8b,pope,Sphere-Traj-LSTM,proxy_anchor,Diag-Classifier,test,test,pooled,0.1,20260506,,evaluated,,passed,,0.38975120870441626,0.30406257685960025,0.4763924779733833,0.8636281763515947,0.8326479929834718,0.8926687995405685,0.3859707452678781,0.1956521739130435,0.47992351816443596,1707,1569,138,1620,3689,352,35,3724,35,93,0
internvl3.5-8b,internvl3.5-8b,pope,Sphere-Traj-LSTM,proxy_anchor,Diag-kNN-tuned,test,test,pooled,0.1,20260506,32,evaluated,,passed,,0.3403201700263587,0.26006432696823845,0.41562888911397794,0.8283777168139959,0.7977535591105852,0.8569456538080071,0.34330127157055923,0.15942028985507245,0.4824729126832377,1707,1569,138,1620,3689,352,35,3724,35,93,0
internvl3.5-8b,internvl3.5-8b,pope,Sphere-Traj-LSTM,proxy_anchor,Diag-vMF,test,test,pooled,0.1,20260506,,evaluated,,passed,,0.3886999997505492,0.30514328718549144,0.4704811309057107,0.8432353294353461,0.8099265365496644,0.8746976869540273,0.3917170872571671,0.17391304347826086,0.5513065646908859,1707,1569,138,1620,3689,352,35,3724,35,93,0
internvl3.5-8b,internvl3.5-8b,pope,Sphere-Traj-LSTM,proxy_anchor,Diag-Classifier,test,test,pooled,0.1,20260507,,evaluated,,passed,,0.30361762620306343,0.2396619750815934,0.3829491896965406,0.6553952947044642,0.5946424610552784,0.7134750003203388,0.26676130966589057,0.0,0.9445506692160612,1707,1569,138,1620,3689,352,35,3724,35,93,0
internvl3.5-8b,internvl3.5-8b,pope,Sphere-Traj-LSTM,proxy_anchor,Diag-kNN-tuned,test,test,pooled,0.1,20260507,16,evaluated,,passed,,0.37342414477699915,0.3069007138683474,0.453564732143061,0.9097227995307636,0.8931756531644415,0.9256051839630056,0.37899298059628406,0.057971014492753624,0.28808158062460165,1707,1569,138,1620,3689,352,35,3724,35,93,0
internvl3.5-8b,internvl3.5-8b,pope,Sphere-Traj-LSTM,proxy_anchor,Diag-vMF,test,test,pooled,0.1,20260507,,evaluated,,passed,,0.3516157155119924,0.2870381586676493,0.43259092254947556,0.8450596244261552,0.8037237091964192,0.8800587739917423,0.35786905501963123,0.057971014492753624,0.7093690248565966,1707,1569,138,1620,3689,352,35,3724,35,93,0
internvl3.5-8b,internvl3.5-8b,pope,Sphere-Traj-LSTM,proxy_anchor,Diag-Classifier,test,test,pooled,0.1,20260508,,evaluated,,passed,,0.40193448063633586,0.32289546499691657,0.48236771337458245,0.8223713987493187,0.7846678303262461,0.8629889372173013,0.40482302643132506,0.10869565217391304,0.6698534098151689,1707,1569,138,1620,3689,352,35,3724,35,93,0
internvl3.5-8b,internvl3.5-8b,pope,Sphere-Traj-LSTM,proxy_anchor,Diag-kNN-tuned,test,test,pooled,0.1,20260508,32,evaluated,,passed,,0.4219154910190838,0.3479869277497621,0.501654252358526,0.9022085515559619,0.8822879722226412,0.9217916465330185,0.4253979836394803,0.10869565217391304,0.26322498406628425,1707,1569,138,1620,3689,352,35,3724,35,93,0
internvl3.5-8b,internvl3.5-8b,pope,Sphere-Traj-LSTM,proxy_anchor,Diag-vMF,test,test,pooled,0.1,20260508,,evaluated,,passed,,0.45803190590045145,0.38153030342484234,0.5384214336289896,0.8985322507643566,0.8728893331744613,0.9261809968735694,0.46158500003598946,0.10869565217391304,0.5347355003186743,1707,1569,138,1620,3689,352,35,3724,35,93,0
minicpm-v-2_6,minicpm-v-2_6,pope,Sphere-Traj-LSTM,proxy_anchor,Diag-Classifier,test,test,pooled,1.0,20260506,,evaluated,,passed,,0.06778010672392233,0.026776766039172357,0.14389344812098448,0.8869323447636701,0.7757377885650459,0.9667357166591714,0.08061620078594066,0.07692307692307693,0.543436905516804,1590,1577,13,1582,3776,80,80,3856,80,210,0
minicpm-v-2_6,minicpm-v-2_6,pope,Sphere-Traj-LSTM,proxy_anchor,Diag-kNN-tuned,test,test,pooled,1.0,20260506,32,evaluated,,passed,,0.036702133037024756,0.011977252808109391,0.09501888067171656,0.8138627384030047,0.7173017981823614,0.9082850222363406,0.0447758043027993,0.0,0.476854787571338,1590,1577,13,1582,3776,80,80,3856,80,210,0
minicpm-v-2_6,minicpm-v-2_6,pope,Sphere-Traj-LSTM,proxy_anchor,Diag-vMF,test,test,pooled,1.0,20260506,,evaluated,,passed,,0.0661309156575397,0.028078158216296337,0.13836594290908572,0.9145895322179406,0.8402513730460499,0.9658024945662145,0.07837950205507156,0.07692307692307693,0.43817374762206723,1590,1577,13,1582,3776,80,80,3856,80,210,0
minicpm-v-2_6,minicpm-v-2_6,pope,Sphere-Traj-LSTM,proxy_anchor,Diag-Classifier,test,test,pooled,1.0,20260507,,evaluated,,passed,,0.08445164244468478,0.022691793198663088,0.30029635396058324,0.8790302912053071,0.7770244777485327,0.958755809022388,0.11378608161182649,0.15384615384615385,0.579581483830057,1590,1577,13,1582,3776,80,80,3856,80,210,0
minicpm-v-2_6,minicpm-v-2_6,pope,Sphere-Traj-LSTM,proxy_anchor,Diag-kNN-tuned,test,test,pooled,1.0,20260507,32,evaluated,,passed,,0.13494183094544296,0.021011648366696025,0.328531861399659,0.8946880639968782,0.8369646204434853,0.9496573898376555,0.14317022932438173,0.07692307692307693,0.28344958782498414,1590,1577,13,1582,3776,80,80,3856,80,210,0
minicpm-v-2_6,minicpm-v-2_6,pope,Sphere-Traj-LSTM,proxy_anchor,Diag-vMF,test,test,pooled,1.0,20260507,,evaluated,,passed,,0.1244942407806191,0.017078079156784408,0.3269380390847994,0.8153260816545536,0.6598129161888667,0.9457832536384452,0.1315153074214278,0.07692307692307693,0.8871274571972099,1590,1577,13,1582,3776,80,80,3856,80,210,0
minicpm-v-2_6,minicpm-v-2_6,pope,Sphere-Traj-LSTM,proxy_anchor,Diag-Classifier,test,test,pooled,1.0,20260508,,evaluated,,passed,,0.07879566629726041,0.028320613808227244,0.1899739543753521,0.9258572752548656,0.8831977429296591,0.9652943020458002,0.09846031929578912,0.15384615384615385,0.21940393151553583,1590,1577,13,1582,3776,80,80,3856,80,210,0
minicpm-v-2_6,minicpm-v-2_6,pope,Sphere-Traj-LSTM,proxy_anchor,Diag-kNN-tuned,test,test,pooled,1.0,20260508,32,evaluated,,passed,,0.1425047402109732,0.024968029438933562,0.3370019663047093,0.9059070289254183,0.8472628549326074,0.9573970347860004,0.15227496943844263,0.15384615384615385,0.3037412809131262,1590,1577,13,1582,3776,80,80,3856,80,210,0
minicpm-v-2_6,minicpm-v-2_6,pope,Sphere-Traj-LSTM,proxy_anchor,Diag-vMF,test,test,pooled,1.0,20260508,,evaluated,,passed,,0.16423754661741263,0.03306415092591139,0.3635457718785564,0.9009316618701527,0.7967192499863457,0.969703797615686,0.17715479874991727,0.15384615384615385,0.6163601775523145,1590,1577,13,1582,3776,80,80,3856,80,210,0
minicpm-v-2_6,minicpm-v-2_6,pope,Sphere-Traj-LSTM,proxy_anchor,Diag-Classifier,test,test,pooled,0.5,20260506,,evaluated,,passed,,0.05796080851983514,0.028081971760470382,0.12040973796872574,0.9287351836495781,0.8937338936074002,0.9574929749818709,0.06830797894880968,0.07692307692307693,0.20355104629042486,1590,1577,13,1582,3776,80,40,3816,40,210,0
minicpm-v-2_6,minicpm-v-2_6,pope,Sphere-Traj-LSTM,proxy_anchor,Diag-kNN-tuned,test,test,pooled,0.5,20260506,32,evaluated,,passed,,0.005410965937002298,0.0027919380713988884,0.00939805567478619,0.31861860397053804,0.1662377058046134,0.4842193373609513,0.006082088727298729,0.0,0.9549778059606848,1590,1577,13,1582,3776,80,40,3816,40,210,0
minicpm-v-2_6,minicpm-v-2_6,pope,Sphere-Traj-LSTM,proxy_anchor,Diag-vMF,test,test,pooled,0.5,20260506,,evaluated,,passed,,0.031159566352727527,0.013206070656755749,0.08742249559733432,0.835129993658846,0.7606006998351638,0.9040102665937225,0.03971008512527083,0.07692307692307693,0.4438807863031072,1590,1577,13,1582,3776,80,40,3816,40,210,0
minicpm-v-2_6,minicpm-v-2_6,pope,Sphere-Traj-LSTM,proxy_anchor,Diag-Classifier,test,test,pooled,0.5,20260507,,evaluated,,passed,,0.21880661533149542,0.03745083511950139,0.4527863342566331,0.9485878737622555,0.9260117413040417,0.9710461166445967,0.2247758227463294,0.15384615384615385,0.11667723525681674,1590,1577,13,1582,3776,80,40,3816,40,210,0
minicpm-v-2_6,minicpm-v-2_6,pope,Sphere-Traj-LSTM,proxy_anchor,Diag-kNN-tuned,test,test,pooled,0.5,20260507,32,evaluated,,passed,,0.022027978346577055,0.006816220150410173,0.06144634623425791,0.6932344763670065,0.5684483269316709,0.8315059957443375,0.027126418000276434,0.0,0.6689917564996829,1590,1577,13,1582,3776,80,40,3816,40,210,0
minicpm-v-2_6,minicpm-v-2_6,pope,Sphere-Traj-LSTM,proxy_anchor,Diag-vMF,test,test,pooled,0.5,20260507,,evaluated,,passed,,0.1222850596952057,0.01597944056838167,0.32336609416182527,0.8689332227696209,0.8044899237430007,0.9339937573383944,0.12860682601512702,0.15384615384615385,0.33100824350031705,1590,1577,13,1582,3776,80,40,3816,40,210,0
minicpm-v-2_6,minicpm-v-2_6,pope,Sphere-Traj-LSTM,proxy_anchor,Diag-Classifier,test,test,pooled,0.5,20260508,,evaluated,,passed,,0.1616353851525272,0.003921789906916618,0.37243863773937563,0.5394371006292376,0.38626032147626077,0.6943109715847222,0.1624475434176172,0.15384615384615385,0.7882054533925175,1590,1577,13,1582,3776,80,40,3816,40,210,0
minicpm-v-2_6,minicpm-v-2_6,pope,Sphere-Traj-LSTM,proxy_anchor,Diag-kNN-tuned,test,test,pooled,0.5,20260508,8,evaluated,,passed,,0.08175771197127277,0.009748955495088498,0.33496508711575945,0.813570069752695,0.7521162491307305,0.8731526096249644,0.10900098857176369,0.15384615384615385,0.34115409004438807,1590,1577,13,1582,3776,80,40,3816,40,210,0
minicpm-v-2_6,minicpm-v-2_6,pope,Sphere-Traj-LSTM,proxy_anchor,Diag-vMF,test,test,pooled,0.5,20260508,,evaluated,,passed,,0.181197107358839,0.012736964010028159,0.39376942568326745,0.776254816838203,0.605798878724483,0.9270423006503272,0.18426442108037377,0.15384615384615385,0.9613189600507293,1590,1577,13,1582,3776,80,40,3816,40,210,0
minicpm-v-2_6,minicpm-v-2_6,pope,Sphere-Traj-LSTM,proxy_anchor,Diag-Classifier,test,test,pooled,0.25,20260506,,evaluated,,passed,,0.0483624264047469,0.024127215851448686,0.09194670343283973,0.9100531681381396,0.8558693694896904,0.9501028833446847,0.055595911079411336,0.07692307692307693,0.3392517438173748,1590,1577,13,1582,3776,80,20,3796,20,210,0
minicpm-v-2_6,minicpm-v-2_6,pope,Sphere-Traj-LSTM,proxy_anchor,Diag-kNN-tuned,test,test,pooled,0.25,20260506,1,evaluated,,passed,,0.012094429314611715,0.005573346649364611,0.021890372690895072,0.6713331057021609,0.5579328803755231,0.7755696778298558,0.013691864985571275,0.0,0.657577679137603,1590,1577,13,1582,3776,80,20,3796,20,210,0
minicpm-v-2_6,minicpm-v-2_6,pope,Sphere-Traj-LSTM,proxy_anchor,Diag-vMF,test,test,pooled,0.25,20260506,,evaluated,,passed,,0.021056567830254815,0.010508200873675594,0.049727253456306436,0.7958636164089556,0.713618053165041,0.8696816528071739,0.025707518091518868,0.07692307692307693,0.5485098287888396,1590,1577,13,1582,3776,80,20,3796,20,210,0
minicpm-v-2_6,minicpm-v-2_6,pope,Sphere-Traj-LSTM,proxy_anchor,Diag-Classifier,test,test,pooled,0.25,20260507,,evaluated,,passed,,0.22066791562830457,0.021595339327504844,0.4622339931486079,0.9001512121359934,0.846115833785986,0.9475215067465064,0.22720465389826439,0.23076923076923078,0.3417882054533925,1590,1577,13,1582,3776,80,20,3796,20,210,0
minicpm-v-2_6,minicpm-v-2_6,pope,Sphere-Traj-LSTM,proxy_anchor,Diag-kNN-tuned,test,test,pooled,0.25,20260507,32,evaluated,,passed,,0.11615466346952509,0.006828995573129419,0.3320566173613717,0.7189405394858788,0.6214062893412249,0.8207275343741599,0.12346941512626086,0.15384615384615385,0.4933417882054534,1590,1577,13,1582,3776,80,20,3796,20,210,0
minicpm-v-2_6,minicpm-v-2_6,pope,Sphere-Traj-LSTM,proxy_anchor,Diag-vMF,test,test,pooled,0.25,20260507,,evaluated,,passed,,0.1719161064826956,0.021424976531445775,0.4143559224492196,0.8915174869518561,0.819172338343019,0.9506017799224367,0.18470259706337278,0.23076923076923078,0.43373493975903615,1590,1577,13,1582,3776,80,20,3796,20,210,0
minicpm-v-2_6,minicpm-v-2_6,pope,Sphere-Traj-LSTM,proxy_anchor,Diag-Classifier,test,test,pooled,0.25,20260508,,evaluated,,passed,,0.1676272605656725,0.07762793337286526,0.2979489586892578,0.9780010731183845,0.9659286544148712,0.9876252640095579,0.18671419014062723,0.46153846153846156,0.06911857958148383,1590,1577,13,1582,3776,80,20,3796,20,210,0
minicpm-v-2_6,minicpm-v-2_6,pope,Sphere-Traj-LSTM,proxy_anchor,Diag-kNN-tuned,test,test,pooled,0.25,20260508,32,evaluated,,passed,,0.020571128579039255,0.009342213841553497,0.039013638032745726,0.8072776937710355,0.738286735766862,0.8727380313914682,0.02377143160637523,0.0,0.38617628408370325,1590,1577,13,1582,3776,80,20,3796,20,210,0
minicpm-v-2_6,minicpm-v-2_6,pope,Sphere-Traj-LSTM,proxy_anchor,Diag-vMF,test,test,pooled,0.25,20260508,,evaluated,,passed,,0.13982185457385252,0.0644379197155721,0.2520901131750638,0.9731232622798888,0.9551726452621856,0.9860527814461679,0.1582288062701588,0.23076923076923078,0.10653138871274571,1590,1577,13,1582,3776,80,20,3796,20,210,0
minicpm-v-2_6,minicpm-v-2_6,pope,Sphere-Traj-LSTM,proxy_anchor,Diag-kNN-tuned,test,test,pooled,0.1,20260506,,skipped,ratio 0.1 would leave fewer than 20 hard negatives (8),skipped,ratio 0.1 would leave fewer than 20 hard negatives (8),nan,nan,nan,nan,nan,nan,nan,nan,nan,0,0,0,0,3776,80,0,3776,0,0,0
minicpm-v-2_6,minicpm-v-2_6,pope,Sphere-Traj-LSTM,proxy_anchor,Diag-Classifier,test,test,pooled,0.1,20260506,,skipped,ratio 0.1 would leave fewer than 20 hard negatives (8),skipped,ratio 0.1 would leave fewer than 20 hard negatives (8),nan,nan,nan,nan,nan,nan,nan,nan,nan,0,0,0,0,3776,80,0,3776,0,0,0
minicpm-v-2_6,minicpm-v-2_6,pope,Sphere-Traj-LSTM,proxy_anchor,Diag-vMF,test,test,pooled,0.1,20260506,,skipped,ratio 0.1 would leave fewer than 20 hard negatives (8),skipped,ratio 0.1 would leave fewer than 20 hard negatives (8),nan,nan,nan,nan,nan,nan,nan,nan,nan,0,0,0,0,3776,80,0,3776,0,0,0
minicpm-v-2_6,minicpm-v-2_6,pope,Sphere-Traj-LSTM,proxy_anchor,Diag-kNN-tuned,test,test,pooled,0.1,20260507,,skipped,ratio 0.1 would leave fewer than 20 hard negatives (8),skipped,ratio 0.1 would leave fewer than 20 hard negatives (8),nan,nan,nan,nan,nan,nan,nan,nan,nan,0,0,0,0,3776,80,0,3776,0,0,0
minicpm-v-2_6,minicpm-v-2_6,pope,Sphere-Traj-LSTM,proxy_anchor,Diag-Classifier,test,test,pooled,0.1,20260507,,skipped,ratio 0.1 would leave fewer than 20 hard negatives (8),skipped,ratio 0.1 would leave fewer than 20 hard negatives (8),nan,nan,nan,nan,nan,nan,nan,nan,nan,0,0,0,0,3776,80,0,3776,0,0,0
minicpm-v-2_6,minicpm-v-2_6,pope,Sphere-Traj-LSTM,proxy_anchor,Diag-vMF,test,test,pooled,0.1,20260507,,skipped,ratio 0.1 would leave fewer than 20 hard negatives (8),skipped,ratio 0.1 would leave fewer than 20 hard negatives (8),nan,nan,nan,nan,nan,nan,nan,nan,nan,0,0,0,0,3776,80,0,3776,0,0,0
minicpm-v-2_6,minicpm-v-2_6,pope,Sphere-Traj-LSTM,proxy_anchor,Diag-kNN-tuned,test,test,pooled,0.1,20260508,,skipped,ratio 0.1 would leave fewer than 20 hard negatives (8),skipped,ratio 0.1 would leave fewer than 20 hard negatives (8),nan,nan,nan,nan,nan,nan,nan,nan,nan,0,0,0,0,3776,80,0,3776,0,0,0
minicpm-v-2_6,minicpm-v-2_6,pope,Sphere-Traj-LSTM,proxy_anchor,Diag-Classifier,test,test,pooled,0.1,20260508,,skipped,ratio 0.1 would leave fewer than 20 hard negatives (8),skipped,ratio 0.1 would leave fewer than 20 hard negatives (8),nan,nan,nan,nan,nan,nan,nan,nan,nan,0,0,0,0,3776,80,0,3776,0,0,0
minicpm-v-2_6,minicpm-v-2_6,pope,Sphere-Traj-LSTM,proxy_anchor,Diag-vMF,test,test,pooled,0.1,20260508,,skipped,ratio 0.1 would leave fewer than 20 hard negatives (8),skipped,ratio 0.1 would leave fewer than 20 hard negatives (8),nan,nan,nan,nan,nan,nan,nan,nan,nan,0,0,0,0,3776,80,0,3776,0,0,0
gemma-3-12b-it,gemma-3-12b-it,pope,Sphere-Traj-LSTM,proxy_anchor,Diag-Classifier,test,test,pooled,1.0,20260506,,evaluated,,passed,,0.6776766771276206,0.6123458595737604,0.7456623492549704,0.9561714855433698,0.9467485648264942,0.9650118844769544,0.670580847004361,0.18716577540106952,0.1376271186440678,1662,1475,187,1543,3553,425,425,3978,425,138,0
gemma-3-12b-it,gemma-3-12b-it,pope,Sphere-Traj-LSTM,proxy_anchor,Diag-kNN-tuned,test,test,pooled,1.0,20260506,32,evaluated,,passed,,0.19764786374338517,0.1639803754125385,0.23819170892718874,0.7018508112027554,0.6743390551107501,0.7335431320583305,0.19924542463130493,0.03208556149732621,0.5796610169491525,1662,1475,187,1543,3553,425,425,3978,425,138,0
gemma-3-12b-it,gemma-3-12b-it,pope,Sphere-Traj-LSTM,proxy_anchor,Diag-vMF,test,test,pooled,1.0,20260506,,evaluated,,passed,,0.18215541258263254,0.15656947646378988,0.21218309088079998,0.7469409951962295,0.7223145119224609,0.771175488006789,0.1841062573911737,0.0053475935828877,0.4542372881355932,1662,1475,187,1543,3553,425,425,3978,425,138,0
gemma-3-12b-it,gemma-3-12b-it,pope,Sphere-Traj-LSTM,proxy_anchor,Diag-Classifier,test,test,pooled,1.0,20260507,,evaluated,,passed,,0.695225841830388,0.6391538945398019,0.7506927854747116,0.9295169038339527,0.9084412909538547,0.9487030339333418,0.6276130651447154,0.0,0.4528813559322034,1662,1475,187,1543,3553,425,425,3978,425,138,0
gemma-3-12b-it,gemma-3-12b-it,pope,Sphere-Traj-LSTM,proxy_anchor,Diag-kNN-tuned,test,test,pooled,1.0,20260507,32,evaluated,,passed,,0.610302056915328,0.5341256498844288,0.6811842963549325,0.9362965648509018,0.9217027746645391,0.9492340868770561,0.6129234490983269,0.13903743315508021,0.2311864406779661,1662,1475,187,1543,3553,425,425,3978,425,138,0
gemma-3-12b-it,gemma-3-12b-it,pope,Sphere-Traj-LSTM,proxy_anchor,Diag-vMF,test,test,pooled,1.0,20260507,,evaluated,,passed,,0.6314751876150743,0.5601868140554613,0.7018680728960159,0.9304196501404876,0.9091316692637075,0.9492926546072457,0.6340168086117999,0.1443850267379679,0.39322033898305087,1662,1475,187,1543,3553,425,425,3978,425,138,0
gemma-3-12b-it,gemma-3-12b-it,pope,Sphere-Traj-LSTM,proxy_anchor,Diag-Classifier,test,test,pooled,1.0,20260508,,evaluated,,passed,,0.672359388636139,0.6089544207553081,0.7356403476143354,0.9446895676606544,0.9306657161264071,0.9573865634272658,0.628420945715165,0.0,0.19796610169491524,1662,1475,187,1543,3553,425,425,3978,425,138,0
gemma-3-12b-it,gemma-3-12b-it,pope,Sphere-Traj-LSTM,proxy_anchor,Diag-kNN-tuned,test,test,pooled,1.0,20260508,32,evaluated,,passed,,0.45211489757990486,0.38458071221259155,0.5207989804134171,0.8936028278799965,0.8761969394346032,0.9098592354475704,0.45450270187799147,0.11764705882352941,0.2698305084745763,1662,1475,187,1543,3553,425,425,3978,425,138,0
gemma-3-12b-it,gemma-3-12b-it,pope,Sphere-Traj-LSTM,proxy_anchor,Diag-vMF,test,test,pooled,1.0,20260508,,evaluated,,passed,,0.6486172951321575,0.5766429400324977,0.7202060968584867,0.9333526692649325,0.9146022434188382,0.9494652998571443,0.6507413228191075,0.22994652406417113,0.3389830508474576,1662,1475,187,1543,3553,425,425,3978,425,138,0
gemma-3-12b-it,gemma-3-12b-it,pope,Sphere-Traj-LSTM,proxy_anchor,Diag-Classifier,test,test,pooled,0.5,20260506,,evaluated,,passed,,0.6323779692510102,0.5671896421965328,0.7027359940082649,0.9236526783286504,0.9035855147914729,0.9425167252040743,0.5931381729326098,0.0,0.43728813559322033,1662,1475,187,1543,3553,425,212,3765,212,138,0
gemma-3-12b-it,gemma-3-12b-it,pope,Sphere-Traj-LSTM,proxy_anchor,Diag-kNN-tuned,test,test,pooled,0.5,20260506,32,evaluated,,passed,,0.5152901100528904,0.4454308269084106,0.5913136979681171,0.9103562041149279,0.894940519921563,0.9243025954875439,0.5180002626012833,0.10160427807486631,0.2311864406779661,1662,1475,187,1543,3553,425,212,3765,212,138,0
gemma-3-12b-it,gemma-3-12b-it,pope,Sphere-Traj-LSTM,proxy_anchor,Diag-vMF,test,test,pooled,0.5,20260506,,evaluated,,passed,,0.6255300069475409,0.5536586312592633,0.704153670473896,0.9396211365902294,0.9237538191925947,0.9551929343761005,0.6281481530129878,0.10160427807486631,0.27322033898305087,1662,1475,187,1543,3553,425,212,3765,212,138,0
gemma-3-12b-it,gemma-3-12b-it,pope,Sphere-Traj-LSTM,proxy_anchor,Diag-Classifier,test,test,pooled,0.5,20260507,,evaluated,,passed,,0.6661844957227924,0.6052857192362568,0.7242603337436645,0.9485271458352216,0.9367291848020245,0.9596745465115976,0.6138356786972331,0.0,0.1369491525423729,1662,1475,187,1543,3553,425,212,3765,212,138,0
gemma-3-12b-it,gemma-3-12b-it,pope,Sphere-Traj-LSTM,proxy_anchor,Diag-kNN-tuned,test,test,pooled,0.5,20260507,32,evaluated,,passed,,0.5265741087376103,0.45672764474164657,0.595984263665167,0.9209861325115563,0.9064131918095671,0.9349556741885787,0.5289953753975668,0.12834224598930483,0.2305084745762712,1662,1475,187,1543,3553,425,212,3765,212,138,0
gemma-3-12b-it,gemma-3-12b-it,pope,Sphere-Traj-LSTM,proxy_anchor,Diag-vMF,test,test,pooled,0.5,20260507,,evaluated,,passed,,0.6168023282371806,0.5401780736934391,0.6844166186154584,0.9238212634822804,0.9002664527601436,0.9458514821866698,0.619100183579044,0.12834224598930483,0.3694915254237288,1662,1475,187,1543,3553,425,212,3765,212,138,0
gemma-3-12b-it,gemma-3-12b-it,pope,Sphere-Traj-LSTM,proxy_anchor,Diag-Classifier,test,test,pooled,0.5,20260508,,evaluated,,passed,,0.6506715577028838,0.581553430798713,0.7135624818200326,0.9234840931750204,0.904246713237125,0.9428017218716368,0.6064055040646736,0.0,0.4189830508474576,1662,1475,187,1543,3553,425,212,3765,212,138,0
gemma-3-12b-it,gemma-3-12b-it,pope,Sphere-Traj-LSTM,proxy_anchor,Diag-kNN-tuned,test,test,pooled,0.5,20260508,32,evaluated,,passed,,0.5515100617411641,0.4807571952926914,0.6190184529731535,0.917139490619052,0.9019223486119672,0.9318023726349839,0.5536623170349473,0.17647058823529413,0.27796610169491526,1662,1475,187,1543,3553,425,212,3765,212,138,0
gemma-3-12b-it,gemma-3-12b-it,pope,Sphere-Traj-LSTM,proxy_anchor,Diag-vMF,test,test,pooled,0.5,20260508,,evaluated,,passed,,0.6484926606684306,0.5777412402947278,0.7173964503017918,0.9432248708420194,0.9280590639070926,0.956570352101703,0.6505447269700203,0.17647058823529413,0.19796610169491524,1662,1475,187,1543,3553,425,212,3765,212,138,0
gemma-3-12b-it,gemma-3-12b-it,pope,Sphere-Traj-LSTM,proxy_anchor,Diag-Classifier,test,test,pooled,0.25,20260506,,evaluated,,passed,,0.5828232555376007,0.5151929733819163,0.6567950130195288,0.8533091634188346,0.8184065459759438,0.8886866478940189,0.5407707878123519,0.0,0.6338983050847458,1662,1475,187,1543,3553,425,106,3659,106,138,0
gemma-3-12b-it,gemma-3-12b-it,pope,Sphere-Traj-LSTM,proxy_anchor,Diag-kNN-tuned,test,test,pooled,0.25,20260506,32,evaluated,,passed,,0.599214845931785,0.5313491613324715,0.6778183522680368,0.9298794525514367,0.9155810350867021,0.9427498786307842,0.6014904904018106,0.1925133689839572,0.21694915254237288,1662,1475,187,1543,3553,425,106,3659,106,138,0
gemma-3-12b-it,gemma-3-12b-it,pope,Sphere-Traj-LSTM,proxy_anchor,Diag-vMF,test,test,pooled,0.25,20260506,,evaluated,,passed,,0.6176815505162604,0.5486878372450041,0.6956928103863395,0.9196700806670898,0.8979629560269708,0.941850878489849,0.6198909400927255,0.1925133689839572,0.19254237288135592,1662,1475,187,1543,3553,425,106,3659,106,138,0
gemma-3-12b-it,gemma-3-12b-it,pope,Sphere-Traj-LSTM,proxy_anchor,Diag-Classifier,test,test,pooled,0.25,20260507,,evaluated,,passed,,0.6195269393952629,0.5507093713432093,0.6815536631979346,0.8734995014955136,0.8397663907038907,0.9066239226526479,0.564792761145638,0.0,0.711864406779661,1662,1475,187,1543,3553,425,106,3659,106,138,0
gemma-3-12b-it,gemma-3-12b-it,pope,Sphere-Traj-LSTM,proxy_anchor,Diag-kNN-tuned,test,test,pooled,0.25,20260507,8,evaluated,,passed,,0.5400894284685216,0.45906671631911544,0.6099009511478451,0.9114075953956313,0.8940881855530466,0.9259895557877684,0.5430703343729503,0.15508021390374332,0.27932203389830507,1662,1475,187,1543,3553,425,106,3659,106,138,0
gemma-3-12b-it,gemma-3-12b-it,pope,Sphere-Traj-LSTM,proxy_anchor,Diag-vMF,test,test,pooled,0.25,20260507,,evaluated,,passed,,0.5891689065558304,0.5127940044462124,0.6623278463168497,0.8969672799782471,0.8681812662738224,0.9259337591875028,0.5921003101147126,0.15508021390374332,0.6976271186440678,1662,1475,187,1543,3553,425,106,3659,106,138,0
gemma-3-12b-it,gemma-3-12b-it,pope,Sphere-Traj-LSTM,proxy_anchor,Diag-Classifier,test,test,pooled,0.25,20260508,,evaluated,,passed,,0.6020412507243585,0.537236041292852,0.6742822535298582,0.9243650865585062,0.9064232917436477,0.9417353080505941,0.5680750567279192,0.0,0.43254237288135594,1662,1475,187,1543,3553,425,106,3659,106,138,0
gemma-3-12b-it,gemma-3-12b-it,pope,Sphere-Traj-LSTM,proxy_anchor,Diag-kNN-tuned,test,test,pooled,0.25,20260508,32,evaluated,,passed,,0.4961131137616334,0.4220007240602365,0.5707527692078331,0.9024925224327018,0.8857632087258657,0.9184040782285938,0.49894851772222903,0.1497326203208556,0.25152542372881354,1662,1475,187,1543,3553,425,106,3659,106,138,0
gemma-3-12b-it,gemma-3-12b-it,pope,Sphere-Traj-LSTM,proxy_anchor,Diag-vMF,test,test,pooled,0.25,20260508,,evaluated,,passed,,0.5961150821577024,0.5262418009365447,0.6725406864008534,0.9307423184990483,0.9130882295242269,0.9473763792487759,0.5988716158353495,0.13903743315508021,0.3511864406779661,1662,1475,187,1543,3553,425,106,3659,106,138,0
gemma-3-12b-it,gemma-3-12b-it,pope,Sphere-Traj-LSTM,proxy_anchor,Diag-Classifier,test,test,pooled,0.1,20260506,,evaluated,,passed,,0.48179938355635676,0.4043887425195936,0.5583855960170597,0.8128052207015317,0.769856100786251,0.8475789246276999,0.46305434354116054,0.11764705882352941,0.6298305084745762,1662,1475,187,1543,3553,425,42,3595,42,138,0
gemma-3-12b-it,gemma-3-12b-it,pope,Sphere-Traj-LSTM,proxy_anchor,Diag-kNN-tuned,test,test,pooled,0.1,20260506,32,evaluated,,passed,,0.5461219018336865,0.47338604704617426,0.6179877429332785,0.9118499048309616,0.8947636887621484,0.9272884970024667,0.5484586257021764,0.13368983957219252,0.26169491525423727,1662,1475,187,1543,3553,425,42,3595,42,138,0
gemma-3-12b-it,gemma-3-12b-it,pope,Sphere-Traj-LSTM,proxy_anchor,Diag-vMF,test,test,pooled,0.1,20260506,,evaluated,,passed,,0.5752814002552848,0.49837073092926387,0.6508747215521635,0.9166065440043506,0.8962080379619317,0.9351569384841151,0.5776456600979555,0.13368983957219252,0.3871186440677966,1662,1475,187,1543,3553,425,42,3595,42,138,0
gemma-3-12b-it,gemma-3-12b-it,pope,Sphere-Traj-LSTM,proxy_anchor,Diag-Classifier,test,test,pooled,0.1,20260507,,evaluated,,passed,,0.6282997249575397,0.5565236191365787,0.7008697926175863,0.9311701259856793,0.9143733571466321,0.9462105613140707,0.630032574661734,0.26737967914438504,0.2440677966101695,1662,1475,187,1543,3553,425,42,3595,42,138,0
gemma-3-12b-it,gemma-3-12b-it,pope,Sphere-Traj-LSTM,proxy_anchor,Diag-kNN-tuned,test,test,pooled,0.1,20260507,8,evaluated,,passed,,0.5823002844088773,0.5023740988487834,0.6492409884262148,0.9225849723556603,0.9058622040198935,0.9369133977844483,0.5842507555052007,0.19786096256684493,0.2664406779661017,1662,1475,187,1543,3553,425,42,3595,42,138,0
gemma-3-12b-it,gemma-3-12b-it,pope,Sphere-Traj-LSTM,proxy_anchor,Diag-vMF,test,test,pooled,0.1,20260507,,evaluated,,passed,,0.6439308525061148,0.5758463805581373,0.7045740651169604,0.9190029910269192,0.897375496263559,0.939866520058019,0.645242194810304,0.26737967914438504,0.4738983050847458,1662,1475,187,1543,3553,425,42,3595,42,138,0
gemma-3-12b-it,gemma-3-12b-it,pope,Sphere-Traj-LSTM,proxy_anchor,Diag-Classifier,test,test,pooled,0.1,20260508,,evaluated,,passed,,0.5837023534806064,0.512466225442339,0.650814550889814,0.9042708238919603,0.8814460043043495,0.9244193816027548,0.5780652248516202,0.12834224598930483,0.4,1662,1475,187,1543,3553,425,42,3595,42,138,0
gemma-3-12b-it,gemma-3-12b-it,pope,Sphere-Traj-LSTM,proxy_anchor,Diag-kNN-tuned,test,test,pooled,0.1,20260508,32,evaluated,,passed,,0.5589065982506116,0.486979561043405,0.6257623245774356,0.8967388742862322,0.8777158796294637,0.9154285054289748,0.5606448462997088,0.13903743315508021,0.36474576271186443,1662,1475,187,1543,3553,425,42,3595,42,138,0
gemma-3-12b-it,gemma-3-12b-it,pope,Sphere-Traj-LSTM,proxy_anchor,Diag-vMF,test,test,pooled,0.1,20260508,,evaluated,,passed,,0.6188508476553073,0.5497385586342733,0.6842763425194602,0.9174476570289133,0.8966808393138407,0.9358438517282098,0.6205860445717117,0.13903743315508021,0.48338983050847456,1662,1475,187,1543,3553,425,42,3595,42,138,0
gemma-4-12b-it,gemma-4-12b-it,pope,Sphere-Traj-LSTM,proxy_anchor,Diag-Classifier,test,test,pooled,1.0,20260506,,evaluated,,passed,,0.25115709747788706,0.1364345584652342,0.4036086311483431,0.9126830991656928,0.8718231704417423,0.9485474638768898,0.2456326140416297,0.22580645161290322,0.36647009267059816,1218,1187,31,1180,2926,64,64,2990,64,117,465
gemma-4-12b-it,gemma-4-12b-it,pope,Sphere-Traj-LSTM,proxy_anchor,Diag-kNN-tuned,test,test,pooled,1.0,20260506,4,evaluated,,passed,,0.16122212601806615,0.08424930558638835,0.27569461535925716,0.8672989645895046,0.8147911664036906,0.9161368346256071,0.17840677702558816,0.12903225806451613,0.41786015164279694,1218,1187,31,1180,2926,64,64,2990,64,117,465
gemma-4-12b-it,gemma-4-12b-it,pope,Sphere-Traj-LSTM,proxy_anchor,Diag-vMF,test,test,pooled,1.0,20260506,,evaluated,,passed,,0.2037614389467514,0.11005407793562344,0.33295216092885294,0.8293882653477185,0.7140406357372968,0.9205856067259118,0.23082504943175722,0.1935483870967742,0.9208087615838247,1218,1187,31,1180,2926,64,64,2990,64,117,465
gemma-4-12b-it,gemma-4-12b-it,pope,Sphere-Traj-LSTM,proxy_anchor,Diag-Classifier,test,test,pooled,1.0,20260507,,evaluated,,passed,,0.21301370245354867,0.0996450652101773,0.35021328752137976,0.818762399108623,0.7323979925563969,0.9068895864272645,0.20499263489697167,0.12903225806451613,0.7287278854254423,1218,1187,31,1180,2926,64,64,2990,64,117,465
gemma-4-12b-it,gemma-4-12b-it,pope,Sphere-Traj-LSTM,proxy_anchor,Diag-kNN-tuned,test,test,pooled,1.0,20260507,4,evaluated,,passed,,0.23570723220661294,0.10683089818341647,0.36477502771536585,0.9087425605348262,0.8772734737619394,0.9387297432453792,0.24368387118030066,0.0967741935483871,0.2384161752316765,1218,1187,31,1180,2926,64,64,2990,64,117,465
gemma-4-12b-it,gemma-4-12b-it,pope,Sphere-Traj-LSTM,proxy_anchor,Diag-vMF,test,test,pooled,1.0,20260507,,evaluated,,passed,,0.20946376450704063,0.11713678337598017,0.34970648315193587,0.8664565046063538,0.7890234620784341,0.9343186366381397,0.23294218345820436,0.12903225806451613,0.7101937657961247,1218,1187,31,1180,2926,64,64,2990,64,117,465
gemma-4-12b-it,gemma-4-12b-it,pope,Sphere-Traj-LSTM,proxy_anchor,Diag-Classifier,test,test,pooled,1.0,20260508,,evaluated,,passed,,0.24168314539099992,0.10781341044701273,0.3967705115167411,0.7770606299426583,0.6516288767408914,0.8900156394241515,0.2291178270665375,0.22580645161290322,0.9797809604043808,1218,1187,31,1180,2926,64,64,2990,64,117,465
gemma-4-12b-it,gemma-4-12b-it,pope,Sphere-Traj-LSTM,proxy_anchor,Diag-kNN-tuned,test,test,pooled,1.0,20260508,16,evaluated,,passed,,0.22129833148819553,0.11398666742630169,0.3833050627626744,0.9115145256406771,0.8748640959662545,0.9435275569954217,0.24918520094805757,0.22580645161290322,0.3201347935973041,1218,1187,31,1180,2926,64,64,2990,64,117,465
gemma-4-12b-it,gemma-4-12b-it,pope,Sphere-Traj-LSTM,proxy_anchor,Diag-vMF,test,test,pooled,1.0,20260508,,evaluated,,passed,,0.19980777416883433,0.10469884927959083,0.33773234403459457,0.8043862271380819,0.6880725315610271,0.9072750894104723,0.22599889947908103,0.22580645161290322,0.95787700084246,1218,1187,31,1180,2926,64,64,2990,64,117,465
gemma-4-12b-it,gemma-4-12b-it,pope,Sphere-Traj-LSTM,proxy_anchor,Diag-Classifier,test,test,pooled,0.5,20260506,,evaluated,,passed,,0.136733181948219,0.06543582225098286,0.22557883402583892,0.6705166182025708,0.5316811197993718,0.7972639444096279,0.15084569833449707,0.0,0.9427127211457456,1218,1187,31,1180,2926,64,32,2958,32,117,465
gemma-4-12b-it,gemma-4-12b-it,pope,Sphere-Traj-LSTM,proxy_anchor,Diag-kNN-tuned,test,test,pooled,0.5,20260506,32,evaluated,,passed,,0.14662219249499484,0.08244436283916573,0.2386397277068078,0.8784683533983749,0.8294274325891974,0.922930917132347,0.1617569077186554,0.0,0.4877843302443134,1218,1187,31,1180,2926,64,32,2958,32,117,465
gemma-4-12b-it,gemma-4-12b-it,pope,Sphere-Traj-LSTM,proxy_anchor,Diag-vMF,test,test,pooled,0.5,20260506,,evaluated,,passed,,0.16901448324820242,0.08925275741797131,0.27013190038694124,0.8115063728021306,0.7050596375604649,0.9017311646736056,0.18451184187991743,0.0,0.8786857624262847,1218,1187,31,1180,2926,64,32,2958,32,117,465
gemma-4-12b-it,gemma-4-12b-it,pope,Sphere-Traj-LSTM,proxy_anchor,Diag-Classifier,test,test,pooled,0.5,20260507,,evaluated,,passed,,0.16635478991125968,0.09758472203687821,0.2545248841800691,0.9012419490719352,0.8627699462984273,0.9390446126738786,0.17821976010106438,0.0,0.35299073294018535,1218,1187,31,1180,2926,64,32,2958,32,117,465
gemma-4-12b-it,gemma-4-12b-it,pope,Sphere-Traj-LSTM,proxy_anchor,Diag-kNN-tuned,test,test,pooled,0.5,20260507,1,evaluated,,passed,,0.04843804465826973,0.02884697351399974,0.07549878304516684,0.7180476669293692,0.6420471971734855,0.7889218627133862,0.05242317061663824,0.0,0.7893850042123,1218,1187,31,1180,2926,64,32,2958,32,117,465
gemma-4-12b-it,gemma-4-12b-it,pope,Sphere-Traj-LSTM,proxy_anchor,Diag-vMF,test,test,pooled,0.5,20260507,,evaluated,,passed,,0.17034142050068066,0.09569590954947932,0.2738978331811511,0.8443894882735006,0.7679050955825368,0.9207013100154878,0.18522463067278255,0.03225806451612903,0.7228306655433867,1218,1187,31,1180,2926,64,32,2958,32,117,465
gemma-4-12b-it,gemma-4-12b-it,pope,Sphere-Traj-LSTM,proxy_anchor,Diag-Classifier,test,test,pooled,0.5,20260508,,evaluated,,passed,,0.13091619636095528,0.07358257913092615,0.20748341875823595,0.8412098812403185,0.7600990802111213,0.909274352519534,0.14391690197479823,0.0,0.43555181128896375,1218,1187,31,1180,2926,64,32,2958,32,117,465
gemma-4-12b-it,gemma-4-12b-it,pope,Sphere-Traj-LSTM,proxy_anchor,Diag-kNN-tuned,test,test,pooled,0.5,20260508,32,evaluated,,passed,,0.15821818234128543,0.09608771699005748,0.24092856750969804,0.9246134195722477,0.9000812041414112,0.9451519524538637,0.17209095271993313,0.0,0.17944397641112048,1218,1187,31,1180,2926,64,32,2958,32,117,465
gemma-4-12b-it,gemma-4-12b-it,pope,Sphere-Traj-LSTM,proxy_anchor,Diag-vMF,test,test,pooled,0.5,20260508,,evaluated,,passed,,0.23407477839054694,0.1344380262869386,0.3568607649246528,0.8675163736174145,0.7634389646041656,0.9572336434573829,0.24790692548181262,0.0,0.9654591406908172,1218,1187,31,1180,2926,64,32,2958,32,117,465
gemma-4-12b-it,gemma-4-12b-it,pope,Sphere-Traj-LSTM,proxy_anchor,Diag-kNN-tuned,test,test,pooled,0.25,20260506,,skipped,ratio 0.25 would leave fewer than 20 hard negatives (16),skipped,ratio 0.25 would leave fewer than 20 hard negatives (16),nan,nan,nan,nan,nan,nan,nan,nan,nan,0,0,0,0,2926,64,0,2926,0,0,0
gemma-4-12b-it,gemma-4-12b-it,pope,Sphere-Traj-LSTM,proxy_anchor,Diag-Classifier,test,test,pooled,0.25,20260506,,skipped,ratio 0.25 would leave fewer than 20 hard negatives (16),skipped,ratio 0.25 would leave fewer than 20 hard negatives (16),nan,nan,nan,nan,nan,nan,nan,nan,nan,0,0,0,0,2926,64,0,2926,0,0,0
gemma-4-12b-it,gemma-4-12b-it,pope,Sphere-Traj-LSTM,proxy_anchor,Diag-vMF,test,test,pooled,0.25,20260506,,skipped,ratio 0.25 would leave fewer than 20 hard negatives (16),skipped,ratio 0.25 would leave fewer than 20 hard negatives (16),nan,nan,nan,nan,nan,nan,nan,nan,nan,0,0,0,0,2926,64,0,2926,0,0,0
gemma-4-12b-it,gemma-4-12b-it,pope,Sphere-Traj-LSTM,proxy_anchor,Diag-kNN-tuned,test,test,pooled,0.25,20260507,,skipped,ratio 0.25 would leave fewer than 20 hard negatives (16),skipped,ratio 0.25 would leave fewer than 20 hard negatives (16),nan,nan,nan,nan,nan,nan,nan,nan,nan,0,0,0,0,2926,64,0,2926,0,0,0
gemma-4-12b-it,gemma-4-12b-it,pope,Sphere-Traj-LSTM,proxy_anchor,Diag-Classifier,test,test,pooled,0.25,20260507,,skipped,ratio 0.25 would leave fewer than 20 hard negatives (16),skipped,ratio 0.25 would leave fewer than 20 hard negatives (16),nan,nan,nan,nan,nan,nan,nan,nan,nan,0,0,0,0,2926,64,0,2926,0,0,0
gemma-4-12b-it,gemma-4-12b-it,pope,Sphere-Traj-LSTM,proxy_anchor,Diag-vMF,test,test,pooled,0.25,20260507,,skipped,ratio 0.25 would leave fewer than 20 hard negatives (16),skipped,ratio 0.25 would leave fewer than 20 hard negatives (16),nan,nan,nan,nan,nan,nan,nan,nan,nan,0,0,0,0,2926,64,0,2926,0,0,0
gemma-4-12b-it,gemma-4-12b-it,pope,Sphere-Traj-LSTM,proxy_anchor,Diag-kNN-tuned,test,test,pooled,0.25,20260508,,skipped,ratio 0.25 would leave fewer than 20 hard negatives (16),skipped,ratio 0.25 would leave fewer than 20 hard negatives (16),nan,nan,nan,nan,nan,nan,nan,nan,nan,0,0,0,0,2926,64,0,2926,0,0,0
gemma-4-12b-it,gemma-4-12b-it,pope,Sphere-Traj-LSTM,proxy_anchor,Diag-Classifier,test,test,pooled,0.25,20260508,,skipped,ratio 0.25 would leave fewer than 20 hard negatives (16),skipped,ratio 0.25 would leave fewer than 20 hard negatives (16),nan,nan,nan,nan,nan,nan,nan,nan,nan,0,0,0,0,2926,64,0,2926,0,0,0
gemma-4-12b-it,gemma-4-12b-it,pope,Sphere-Traj-LSTM,proxy_anchor,Diag-vMF,test,test,pooled,0.25,20260508,,skipped,ratio 0.25 would leave fewer than 20 hard negatives (16),skipped,ratio 0.25 would leave fewer than 20 hard negatives (16),nan,nan,nan,nan,nan,nan,nan,nan,nan,0,0,0,0,2926,64,0,2926,0,0,0
gemma-4-12b-it,gemma-4-12b-it,pope,Sphere-Traj-LSTM,proxy_anchor,Diag-kNN-tuned,test,test,pooled,0.1,20260506,,skipped,ratio 0.1 would leave fewer than 20 hard negatives (6),skipped,ratio 0.1 would leave fewer than 20 hard negatives (6),nan,nan,nan,nan,nan,nan,nan,nan,nan,0,0,0,0,2926,64,0,2926,0,0,0
gemma-4-12b-it,gemma-4-12b-it,pope,Sphere-Traj-LSTM,proxy_anchor,Diag-Classifier,test,test,pooled,0.1,20260506,,skipped,ratio 0.1 would leave fewer than 20 hard negatives (6),skipped,ratio 0.1 would leave fewer than 20 hard negatives (6),nan,nan,nan,nan,nan,nan,nan,nan,nan,0,0,0,0,2926,64,0,2926,0,0,0
gemma-4-12b-it,gemma-4-12b-it,pope,Sphere-Traj-LSTM,proxy_anchor,Diag-vMF,test,test,pooled,0.1,20260506,,skipped,ratio 0.1 would leave fewer than 20 hard negatives (6),skipped,ratio 0.1 would leave fewer than 20 hard negatives (6),nan,nan,nan,nan,nan,nan,nan,nan,nan,0,0,0,0,2926,64,0,2926,0,0,0
gemma-4-12b-it,gemma-4-12b-it,pope,Sphere-Traj-LSTM,proxy_anchor,Diag-kNN-tuned,test,test,pooled,0.1,20260507,,skipped,ratio 0.1 would leave fewer than 20 hard negatives (6),skipped,ratio 0.1 would leave fewer than 20 hard negatives (6),nan,nan,nan,nan,nan,nan,nan,nan,nan,0,0,0,0,2926,64,0,2926,0,0,0
gemma-4-12b-it,gemma-4-12b-it,pope,Sphere-Traj-LSTM,proxy_anchor,Diag-Classifier,test,test,pooled,0.1,20260507,,skipped,ratio 0.1 would leave fewer than 20 hard negatives (6),skipped,ratio 0.1 would leave fewer than 20 hard negatives (6),nan,nan,nan,nan,nan,nan,nan,nan,nan,0,0,0,0,2926,64,0,2926,0,0,0
gemma-4-12b-it,gemma-4-12b-it,pope,Sphere-Traj-LSTM,proxy_anchor,Diag-vMF,test,test,pooled,0.1,20260507,,skipped,ratio 0.1 would leave fewer than 20 hard negatives (6),skipped,ratio 0.1 would leave fewer than 20 hard negatives (6),nan,nan,nan,nan,nan,nan,nan,nan,nan,0,0,0,0,2926,64,0,2926,0,0,0
gemma-4-12b-it,gemma-4-12b-it,pope,Sphere-Traj-LSTM,proxy_anchor,Diag-kNN-tuned,test,test,pooled,0.1,20260508,,skipped,ratio 0.1 would leave fewer than 20 hard negatives (6),skipped,ratio 0.1 would leave fewer than 20 hard negatives (6),nan,nan,nan,nan,nan,nan,nan,nan,nan,0,0,0,0,2926,64,0,2926,0,0,0
gemma-4-12b-it,gemma-4-12b-it,pope,Sphere-Traj-LSTM,proxy_anchor,Diag-Classifier,test,test,pooled,0.1,20260508,,skipped,ratio 0.1 would leave fewer than 20 hard negatives (6),skipped,ratio 0.1 would leave fewer than 20 hard negatives (6),nan,nan,nan,nan,nan,nan,nan,nan,nan,0,0,0,0,2926,64,0,2926,0,0,0
gemma-4-12b-it,gemma-4-12b-it,pope,Sphere-Traj-LSTM,proxy_anchor,Diag-vMF,test,test,pooled,0.1,20260508,,skipped,ratio 0.1 would leave fewer than 20 hard negatives (6),skipped,ratio 0.1 would leave fewer than 20 hard negatives (6),nan,nan,nan,nan,nan,nan,nan,nan,nan,0,0,0,0,2926,64,0,2926,0,0,0
qwen3.5-4b,qwen3.5-4b,pope,Sphere-Traj-LSTM,proxy_anchor,Diag-Classifier,test,test,pooled,1.0,20260506,,evaluated,,passed,,0.19171904307799614,0.11032845855879882,0.2958166722670219,0.8802289953233349,0.8262222583097586,0.9236033107522218,0.20095426242081116,0.05128205128205128,0.5169811320754717,1629,1590,39,1622,3852,84,84,3936,84,171,0
qwen3.5-4b,qwen3.5-4b,pope,Sphere-Traj-LSTM,proxy_anchor,Diag-kNN-tuned,test,test,pooled,1.0,20260506,32,evaluated,,passed,,0.13906451775258222,0.07565415901061628,0.23672706032754695,0.8892759232381874,0.8622369937629155,0.9172453391476321,0.14835827437406413,0.07692307692307693,0.27044025157232704,1629,1590,39,1622,3852,84,84,3936,84,171,0
qwen3.5-4b,qwen3.5-4b,pope,Sphere-Traj-LSTM,proxy_anchor,Diag-vMF,test,test,pooled,1.0,20260506,,evaluated,,passed,,0.22183697883823839,0.13723074110969616,0.32082259793388157,0.9462506047411707,0.9301848588776496,0.9596530644820925,0.23191110820286864,0.1282051282051282,0.1320754716981132,1629,1590,39,1622,3852,84,84,3936,84,171,0
qwen3.5-4b,qwen3.5-4b,pope,Sphere-Traj-LSTM,proxy_anchor,Diag-Classifier,test,test,pooled,1.0,20260507,,evaluated,,passed,,0.19045656252289886,0.1258614893121047,0.2847125382574512,0.9442993065634575,0.9272068500749381,0.9593985476257249,0.20386091327636902,0.10256410256410256,0.1591194968553459,1629,1590,39,1622,3852,84,84,3936,84,171,0
qwen3.5-4b,qwen3.5-4b,pope,Sphere-Traj-LSTM,proxy_anchor,Diag-kNN-tuned,test,test,pooled,1.0,20260507,32,evaluated,,passed,,0.025557857291680534,0.01761115672838141,0.035394217245570556,0.5824866956942429,0.5309236856781758,0.6334531656554178,0.02702045066772528,0.0,0.640251572327044,1629,1590,39,1622,3852,84,84,3936,84,171,0
qwen3.5-4b,qwen3.5-4b,pope,Sphere-Traj-LSTM,proxy_anchor,Diag-vMF,test,test,pooled,1.0,20260507,,evaluated,,passed,,0.1819082851058033,0.11787015191501655,0.27643237483377586,0.9289469440412836,0.8953511879591514,0.9537753002258897,0.1950340241837409,0.10256410256410256,0.34591194968553457,1629,1590,39,1622,3852,84,84,3936,84,171,0
qwen3.5-4b,qwen3.5-4b,pope,Sphere-Traj-LSTM,proxy_anchor,Diag-Classifier,test,test,pooled,1.0,20260508,,evaluated,,passed,,0.17627256518147807,0.11250110466870995,0.25696576711114616,0.9380019351717465,0.9203044926855324,0.9534746847111217,0.1726250422173012,0.05128205128205128,0.14779874213836477,1629,1590,39,1622,3852,84,84,3936,84,171,0
qwen3.5-4b,qwen3.5-4b,pope,Sphere-Traj-LSTM,proxy_anchor,Diag-kNN-tuned,test,test,pooled,1.0,20260508,16,evaluated,,passed,,0.13108425575223856,0.08580904703360333,0.18440504620248752,0.91611030478955,0.8936381041668247,0.9353936253020874,0.13921164522301335,0.02564102564102564,0.23144654088050315,1629,1590,39,1622,3852,84,84,3936,84,171,0
qwen3.5-4b,qwen3.5-4b,pope,Sphere-Traj-LSTM,proxy_anchor,Diag-vMF,test,test,pooled,1.0,20260508,,evaluated,,passed,,0.15347519577292978,0.10122071223102168,0.21860854917971526,0.9284308982422189,0.905139992813349,0.9470689981011636,0.1625803405158408,0.05128205128205128,0.22138364779874214,1629,1590,39,1622,3852,84,84,3936,84,171,0
qwen3.5-4b,qwen3.5-4b,pope,Sphere-Traj-LSTM,proxy_anchor,Diag-Classifier,test,test,pooled,0.5,20260506,,evaluated,,passed,,0.2243058698926137,0.12990414983499618,0.35240832189045146,0.8382357684244477,0.7393236366128071,0.9149388606521531,0.23935578702489638,0.23076923076923078,0.8886792452830189,1629,1590,39,1622,3852,84,42,3894,42,171,0
qwen3.5-4b,qwen3.5-4b,pope,Sphere-Traj-LSTM,proxy_anchor,Diag-kNN-tuned,test,test,pooled,0.5,20260506,32,evaluated,,passed,,0.17139421557864953,0.09567801987402315,0.2821557883124079,0.8578616352201258,0.8085900460682633,0.9023029876476942,0.18556503082020906,0.15384615384615385,0.38301886792452833,1629,1590,39,1622,3852,84,42,3894,42,171,0
qwen3.5-4b,qwen3.5-4b,pope,Sphere-Traj-LSTM,proxy_anchor,Diag-vMF,test,test,pooled,0.5,20260506,,evaluated,,passed,,0.2690073398398589,0.17284640522154932,0.39994463665877233,0.9553781648121271,0.9388463540922346,0.968975346778004,0.28492702972032224,0.2564102564102564,0.15283018867924528,1629,1590,39,1622,3852,84,42,3894,42,171,0
qwen3.5-4b,qwen3.5-4b,pope,Sphere-Traj-LSTM,proxy_anchor,Diag-Classifier,test,test,pooled,0.5,20260507,,evaluated,,passed,,0.20999187456687946,0.1289197829234784,0.3125285049866133,0.8793662312530236,0.8204294412601335,0.9328002770967012,0.20827335751575837,0.10256410256410256,0.519496855345912,1629,1590,39,1622,3852,84,42,3894,42,171,0
qwen3.5-4b,qwen3.5-4b,pope,Sphere-Traj-LSTM,proxy_anchor,Diag-kNN-tuned,test,test,pooled,0.5,20260507,32,evaluated,,passed,,0.1460266188868789,0.07897224975032135,0.23844223618804322,0.8769553297855185,0.8410150392461215,0.9122204713333665,0.15385052646921582,0.05128205128205128,0.28553459119496855,1629,1590,39,1622,3852,84,42,3894,42,171,0
qwen3.5-4b,qwen3.5-4b,pope,Sphere-Traj-LSTM,proxy_anchor,Diag-vMF,test,test,pooled,0.5,20260507,,evaluated,,passed,,0.2523226445615029,0.1616429823811367,0.3636431440462686,0.9568456700532172,0.9426306246368211,0.9693176234964441,0.26259487493260103,0.07692307692307693,0.12264150943396226,1629,1590,39,1622,3852,84,42,3894,42,171,0
qwen3.5-4b,qwen3.5-4b,pope,Sphere-Traj-LSTM,proxy_anchor,Diag-Classifier,test,test,pooled,0.5,20260508,,evaluated,,passed,,0.18597405939489664,0.11069177845010339,0.28076322891836614,0.8746815029833899,0.7945644773832786,0.9472339894210391,0.20065773806758908,0.07692307692307693,0.9119496855345912,1629,1590,39,1622,3852,84,42,3894,42,171,0
qwen3.5-4b,qwen3.5-4b,pope,Sphere-Traj-LSTM,proxy_anchor,Diag-kNN-tuned,test,test,pooled,0.5,20260508,2,evaluated,,passed,,0.1632046142488285,0.09362230837711984,0.2623021285369934,0.9076600548298661,0.87761867968157,0.9360704734012968,0.1717643932805029,0.05128205128205128,0.2572327044025157,1629,1590,39,1622,3852,84,42,3894,42,171,0
qwen3.5-4b,qwen3.5-4b,pope,Sphere-Traj-LSTM,proxy_anchor,Diag-vMF,test,test,pooled,0.5,20260508,,evaluated,,passed,,0.20104512317897547,0.12353346222678896,0.2966946466290505,0.9178680857926141,0.8702053655291171,0.9592266256140909,0.2125132527222856,0.07692307692307693,0.5314465408805031,1629,1590,39,1622,3852,84,42,3894,42,171,0
qwen3.5-4b,qwen3.5-4b,pope,Sphere-Traj-LSTM,proxy_anchor,Diag-Classifier,test,test,pooled,0.25,20260506,,evaluated,,passed,,0.28279442783454,0.1644981147976378,0.4438538321179915,0.8902435091114336,0.8277428775064302,0.9395828353883354,0.29821051880295213,0.28205128205128205,0.46855345911949686,1629,1590,39,1622,3852,84,21,3873,21,171,0
qwen3.5-4b,qwen3.5-4b,pope,Sphere-Traj-LSTM,proxy_anchor,Diag-kNN-tuned,test,test,pooled,0.25,20260506,32,evaluated,,passed,,0.1716561045161827,0.08502714138756186,0.3054724623096607,0.875020158039026,0.8399470055610406,0.907757388674161,0.18567844995127447,0.20512820512820512,0.2779874213836478,1629,1590,39,1622,3852,84,21,3873,21,171,0
qwen3.5-4b,qwen3.5-4b,pope,Sphere-Traj-LSTM,proxy_anchor,Diag-vMF,test,test,pooled,0.25,20260506,,evaluated,,passed,,0.3090795881603881,0.19036711643299137,0.45328842328278157,0.9649088856636027,0.9517770790283869,0.9757153739879325,0.3256215581858666,0.2564102564102564,0.07610062893081761,1629,1590,39,1622,3852,84,21,3873,21,171,0
qwen3.5-4b,qwen3.5-4b,pope,Sphere-Traj-LSTM,proxy_anchor,Diag-Classifier,test,test,pooled,0.25,20260507,,evaluated,,passed,,0.19780463605491616,0.13706913954344258,0.2834313795810902,0.9508950169327528,0.9376404061300713,0.9638903173230647,0.20879142538851858,0.05128205128205128,0.10566037735849057,1629,1590,39,1622,3852,84,21,3873,21,171,0
qwen3.5-4b,qwen3.5-4b,pope,Sphere-Traj-LSTM,proxy_anchor,Diag-kNN-tuned,test,test,pooled,0.25,20260507,32,evaluated,,passed,,0.019941899387557555,0.013760177736370807,0.026930943587227554,0.458200290275762,0.4065803010408969,0.5124678654880997,0.020841002854033838,0.0,0.7647798742138365,1629,1590,39,1622,3852,84,21,3873,21,171,0
qwen3.5-4b,qwen3.5-4b,pope,Sphere-Traj-LSTM,proxy_anchor,Diag-vMF,test,test,pooled,0.25,20260507,,evaluated,,passed,,0.07656638661872368,0.05182071229510549,0.1090090556307466,0.859538784067086,0.8296371430437596,0.8878142046956367,0.08084127018715997,0.0,0.2918238993710692,1629,1590,39,1622,3852,84,21,3873,21,171,0
qwen3.5-4b,qwen3.5-4b,pope,Sphere-Traj-LSTM,proxy_anchor,Diag-Classifier,test,test,pooled,0.25,20260508,,evaluated,,passed,,0.28625873530377516,0.15268593923782464,0.4215825348504595,0.8084179970972425,0.7094817571938236,0.8955705889992857,0.25798922811254815,0.1794871794871795,0.8421383647798742,1629,1590,39,1622,3852,84,21,3873,21,171,0
qwen3.5-4b,qwen3.5-4b,pope,Sphere-Traj-LSTM,proxy_anchor,Diag-kNN-tuned,test,test,pooled,0.25,20260508,32,evaluated,,passed,,0.25818656540472645,0.1508429895047585,0.40300656667244744,0.9435252378648605,0.9250094961288424,0.9595629450908414,0.2762467713838982,0.1794871794871795,0.17044025157232703,1629,1590,39,1622,3852,84,21,3873,21,171,0
qwen3.5-4b,qwen3.5-4b,pope,Sphere-Traj-LSTM,proxy_anchor,Diag-vMF,test,test,pooled,0.25,20260508,,evaluated,,passed,,0.29339225754492393,0.18488906514823839,0.4336215467816064,0.9600709562973714,0.9441117435206736,0.9718014736859307,0.3122422388812807,0.1794871794871795,0.13081761006289308,1629,1590,39,1622,3852,84,21,3873,21,171,0
qwen3.5-4b,qwen3.5-4b,pope,Sphere-Traj-LSTM,proxy_anchor,Diag-kNN-tuned,test,test,pooled,0.1,20260506,,skipped,ratio 0.1 would leave fewer than 20 hard negatives (8),skipped,ratio 0.1 would leave fewer than 20 hard negatives (8),nan,nan,nan,nan,nan,nan,nan,nan,nan,0,0,0,0,3852,84,0,3852,0,0,0
qwen3.5-4b,qwen3.5-4b,pope,Sphere-Traj-LSTM,proxy_anchor,Diag-Classifier,test,test,pooled,0.1,20260506,,skipped,ratio 0.1 would leave fewer than 20 hard negatives (8),skipped,ratio 0.1 would leave fewer than 20 hard negatives (8),nan,nan,nan,nan,nan,nan,nan,nan,nan,0,0,0,0,3852,84,0,3852,0,0,0
qwen3.5-4b,qwen3.5-4b,pope,Sphere-Traj-LSTM,proxy_anchor,Diag-vMF,test,test,pooled,0.1,20260506,,skipped,ratio 0.1 would leave fewer than 20 hard negatives (8),skipped,ratio 0.1 would leave fewer than 20 hard negatives (8),nan,nan,nan,nan,nan,nan,nan,nan,nan,0,0,0,0,3852,84,0,3852,0,0,0
qwen3.5-4b,qwen3.5-4b,pope,Sphere-Traj-LSTM,proxy_anchor,Diag-kNN-tuned,test,test,pooled,0.1,20260507,,skipped,ratio 0.1 would leave fewer than 20 hard negatives (8),skipped,ratio 0.1 would leave fewer than 20 hard negatives (8),nan,nan,nan,nan,nan,nan,nan,nan,nan,0,0,0,0,3852,84,0,3852,0,0,0
qwen3.5-4b,qwen3.5-4b,pope,Sphere-Traj-LSTM,proxy_anchor,Diag-Classifier,test,test,pooled,0.1,20260507,,skipped,ratio 0.1 would leave fewer than 20 hard negatives (8),skipped,ratio 0.1 would leave fewer than 20 hard negatives (8),nan,nan,nan,nan,nan,nan,nan,nan,nan,0,0,0,0,3852,84,0,3852,0,0,0
qwen3.5-4b,qwen3.5-4b,pope,Sphere-Traj-LSTM,proxy_anchor,Diag-vMF,test,test,pooled,0.1,20260507,,skipped,ratio 0.1 would leave fewer than 20 hard negatives (8),skipped,ratio 0.1 would leave fewer than 20 hard negatives (8),nan,nan,nan,nan,nan,nan,nan,nan,nan,0,0,0,0,3852,84,0,3852,0,0,0
qwen3.5-4b,qwen3.5-4b,pope,Sphere-Traj-LSTM,proxy_anchor,Diag-kNN-tuned,test,test,pooled,0.1,20260508,,skipped,ratio 0.1 would leave fewer than 20 hard negatives (8),skipped,ratio 0.1 would leave fewer than 20 hard negatives (8),nan,nan,nan,nan,nan,nan,nan,nan,nan,0,0,0,0,3852,84,0,3852,0,0,0
qwen3.5-4b,qwen3.5-4b,pope,Sphere-Traj-LSTM,proxy_anchor,Diag-Classifier,test,test,pooled,0.1,20260508,,skipped,ratio 0.1 would leave fewer than 20 hard negatives (8),skipped,ratio 0.1 would leave fewer than 20 hard negatives (8),nan,nan,nan,nan,nan,nan,nan,nan,nan,0,0,0,0,3852,84,0,3852,0,0,0
qwen3.5-4b,qwen3.5-4b,pope,Sphere-Traj-LSTM,proxy_anchor,Diag-vMF,test,test,pooled,0.1,20260508,,skipped,ratio 0.1 would leave fewer than 20 hard negatives (8),skipped,ratio 0.1 would leave fewer than 20 hard negatives (8),nan,nan,nan,nan,nan,nan,nan,nan,nan,0,0,0,0,3852,84,0,3852,0,0,0
qwen3.5-9b,qwen3.5-9b,pope,Sphere-Traj-LSTM,proxy_anchor,Diag-Classifier,test,test,pooled,1.0,20260506,,evaluated,,passed,,0.28707654041707265,0.18109536426427747,0.4009336301719535,0.7801816911250874,0.6765924090051998,0.864249734316229,0.2209405585931708,0.0,0.9270440251572327,1635,1590,45,1642,3885,114,114,3999,114,165,0
qwen3.5-9b,qwen3.5-9b,pope,Sphere-Traj-LSTM,proxy_anchor,Diag-kNN-tuned,test,test,pooled,1.0,20260506,32,evaluated,,passed,,0.20278765631757723,0.12894316269044798,0.3008147785867135,0.9321174004192871,0.912648925725133,0.9504302253014795,0.2111304285625483,0.08888888888888889,0.1779874213836478,1635,1590,45,1642,3885,114,114,3999,114,165,0
qwen3.5-9b,qwen3.5-9b,pope,Sphere-Traj-LSTM,proxy_anchor,Diag-vMF,test,test,pooled,1.0,20260506,,evaluated,,passed,,0.2714069992152512,0.1742753789455734,0.38817028912872065,0.923424178895877,0.8705589024346724,0.9608310803422071,0.28129941398814495,0.2,0.1471698113207547,1635,1590,45,1642,3885,114,114,3999,114,165,0
qwen3.5-9b,qwen3.5-9b,pope,Sphere-Traj-LSTM,proxy_anchor,Diag-Classifier,test,test,pooled,1.0,20260507,,evaluated,,passed,,0.31752083955017607,0.19471398358215544,0.4591929732226107,0.8773095737246681,0.8109561091660911,0.9331352492865412,0.3032844412561257,0.28888888888888886,0.5163522012578616,1635,1590,45,1642,3885,114,114,3999,114,165,0
qwen3.5-9b,qwen3.5-9b,pope,Sphere-Traj-LSTM,proxy_anchor,Diag-kNN-tuned,test,test,pooled,1.0,20260507,32,evaluated,,passed,,0.26752065022260413,0.14969825422274258,0.40999084942903624,0.9010901467505241,0.8608074172502419,0.9333160253982873,0.2775862336007624,0.2222222222222222,0.39622641509433965,1635,1590,45,1642,3885,114,114,3999,114,165,0
qwen3.5-9b,qwen3.5-9b,pope,Sphere-Traj-LSTM,proxy_anchor,Diag-vMF,test,test,pooled,1.0,20260507,,evaluated,,passed,,0.30453348078171166,0.19269052201798265,0.447781677603792,0.9339482879105521,0.8941347089993668,0.9631933910850511,0.31551362651493275,0.24444444444444444,0.12515723270440252,1635,1590,45,1642,3885,114,114,3999,114,165,0
qwen3.5-9b,qwen3.5-9b,pope,Sphere-Traj-LSTM,proxy_anchor,Diag-Classifier,test,test,pooled,1.0,20260508,,evaluated,,passed,,0.2823724775749656,0.17899759530930176,0.41744130152884046,0.9454996505939903,0.9264932632398754,0.9606413895933624,0.2848641004336949,0.2,0.11572327044025157,1635,1590,45,1642,3885,114,114,3999,114,165,0
qwen3.5-9b,qwen3.5-9b,pope,Sphere-Traj-LSTM,proxy_anchor,Diag-kNN-tuned,test,test,pooled,1.0,20260508,32,evaluated,,passed,,0.14413468392550827,0.07121729363502378,0.2446949746419721,0.8245702306079665,0.7727216844588899,0.8709949834254682,0.15215403022260643,0.15555555555555556,0.49748427672955975,1635,1590,45,1642,3885,114,114,3999,114,165,0
qwen3.5-9b,qwen3.5-9b,pope,Sphere-Traj-LSTM,proxy_anchor,Diag-vMF,test,test,pooled,1.0,20260508,,evaluated,,passed,,0.28526868456292925,0.18016683516738033,0.41661617809113694,0.9322571628232006,0.9026547709860839,0.955132370807233,0.2961702707445348,0.28888888888888886,0.15534591194968553,1635,1590,45,1642,3885,114,114,3999,114,165,0
qwen3.5-9b,qwen3.5-9b,pope,Sphere-Traj-LSTM,proxy_anchor,Diag-Classifier,test,test,pooled,0.5,20260506,,evaluated,,passed,,0.1919945523806686,0.09949047475185534,0.29884663935103456,0.5480153738644304,0.41437793273395607,0.6748369772235315,0.17335208542868377,0.17777777777777778,0.9874213836477987,1635,1590,45,1642,3885,114,57,3942,57,165,0
qwen3.5-9b,qwen3.5-9b,pope,Sphere-Traj-LSTM,proxy_anchor,Diag-kNN-tuned,test,test,pooled,0.5,20260506,1,evaluated,,passed,,0.1875605866135261,0.12348609289581183,0.26466714950788867,0.9198742138364779,0.893668726444817,0.9426239873453403,0.19619023745030584,0.044444444444444446,0.23647798742138365,1635,1590,45,1642,3885,114,57,3942,57,165,0
qwen3.5-9b,qwen3.5-9b,pope,Sphere-Traj-LSTM,proxy_anchor,Diag-vMF,test,test,pooled,0.5,20260506,,evaluated,,passed,,0.27019108249749196,0.17642121924033075,0.38430914220796125,0.9341020265548567,0.892424480928827,0.9618389480299642,0.28027271910420026,0.17777777777777778,0.12264150943396226,1635,1590,45,1642,3885,114,57,3942,57,165,0
qwen3.5-9b,qwen3.5-9b,pope,Sphere-Traj-LSTM,proxy_anchor,Diag-Classifier,test,test,pooled,0.5,20260507,,evaluated,,passed,,0.24603704743548976,0.14901982156932417,0.3633457566838603,0.927519217330538,0.9012175035460794,0.9513976746481493,0.25579832390915325,0.13333333333333333,0.1779874213836478,1635,1590,45,1642,3885,114,57,3942,57,165,0
qwen3.5-9b,qwen3.5-9b,pope,Sphere-Traj-LSTM,proxy_anchor,Diag-kNN-tuned,test,test,pooled,0.5,20260507,32,evaluated,,passed,,0.0801136774517953,0.0327421009833043,0.16666393133723506,0.6652969951083159,0.5973529819238915,0.7262906336619824,0.08472649146151284,0.08888888888888889,0.7572327044025158,1635,1590,45,1642,3885,114,57,3942,57,165,0
qwen3.5-9b,qwen3.5-9b,pope,Sphere-Traj-LSTM,proxy_anchor,Diag-vMF,test,test,pooled,0.5,20260507,,evaluated,,passed,,0.23879598251900883,0.14288260972837022,0.35587654562891363,0.9155835080363383,0.8841658185600508,0.9432611762021849,0.2484622684937102,0.1111111111111111,0.25345911949685535,1635,1590,45,1642,3885,114,57,3942,57,165,0
qwen3.5-9b,qwen3.5-9b,pope,Sphere-Traj-LSTM,proxy_anchor,Diag-Classifier,test,test,pooled,0.5,20260508,,evaluated,,passed,,0.24251317705172268,0.14475522008757136,0.35383542358211484,0.8279524807826695,0.7427703517002243,0.8980786387695053,0.22125913940186465,0.08888888888888889,0.740880503144654,1635,1590,45,1642,3885,114,57,3942,57,165,0
qwen3.5-9b,qwen3.5-9b,pope,Sphere-Traj-LSTM,proxy_anchor,Diag-kNN-tuned,test,test,pooled,0.5,20260508,32,evaluated,,passed,,0.23974378953282416,0.14945360637918115,0.34205446721175203,0.936450034940601,0.9144558584551262,0.9548779912105649,0.2506927738619521,0.08888888888888889,0.1918238993710692,1635,1590,45,1642,3885,114,57,3942,57,165,0
qwen3.5-9b,qwen3.5-9b,pope,Sphere-Traj-LSTM,proxy_anchor,Diag-vMF,test,test,pooled,0.5,20260508,,evaluated,,passed,,0.2578577485300339,0.16352084643526138,0.36105108342853226,0.9361844863731656,0.9013238784575316,0.9603458528025867,0.26883852354260895,0.08888888888888889,0.11886792452830189,1635,1590,45,1642,3885,114,57,3942,57,165,0
qwen3.5-9b,qwen3.5-9b,pope,Sphere-Traj-LSTM,proxy_anchor,Diag-Classifier,test,test,pooled,0.25,20260506,,evaluated,,passed,,0.19150393549389008,0.131364031291674,0.2661857834947785,0.9384067085953878,0.9240671564091054,0.9534050511612862,0.2003877150880946,0.022222222222222223,0.13836477987421383,1635,1590,45,1642,3885,114,28,3913,28,165,0
qwen3.5-9b,qwen3.5-9b,pope,Sphere-Traj-LSTM,proxy_anchor,Diag-kNN-tuned,test,test,pooled,0.25,20260506,32,evaluated,,passed,,0.12247528114612927,0.07721005427978112,0.18564348263598804,0.8720195667365479,0.8386091668581481,0.9043615569774699,0.13040922662679374,0.08888888888888889,0.3584905660377358,1635,1590,45,1642,3885,114,28,3913,28,165,0
qwen3.5-9b,qwen3.5-9b,pope,Sphere-Traj-LSTM,proxy_anchor,Diag-vMF,test,test,pooled,0.25,20260506,,evaluated,,passed,,0.19943158261271782,0.13241514084605932,0.28470761431808944,0.933487071977638,0.9115399090944373,0.9529876080629137,0.20917581411594013,0.13333333333333333,0.17232704402515722,1635,1590,45,1642,3885,114,28,3913,28,165,0
qwen3.5-9b,qwen3.5-9b,pope,Sphere-Traj-LSTM,proxy_anchor,Diag-Classifier,test,test,pooled,0.25,20260507,,evaluated,,passed,,0.26114803173381823,0.17528131456710672,0.36520132694570506,0.9462893081761007,0.9246920205631664,0.9639850915307723,0.2722342312136656,0.15555555555555556,0.2459119496855346,1635,1590,45,1642,3885,114,28,3913,28,165,0
qwen3.5-9b,qwen3.5-9b,pope,Sphere-Traj-LSTM,proxy_anchor,Diag-kNN-tuned,test,test,pooled,0.25,20260507,32,evaluated,,passed,,0.19545983774483353,0.12404024981765849,0.2869187692625734,0.9174982529699511,0.8928231177331616,0.9401137835235944,0.20546994627037213,0.15555555555555556,0.2238993710691824,1635,1590,45,1642,3885,114,28,3913,28,165,0
qwen3.5-9b,qwen3.5-9b,pope,Sphere-Traj-LSTM,proxy_anchor,Diag-vMF,test,test,pooled,0.25,20260507,,evaluated,,passed,,0.25612368910975997,0.1716783230132338,0.3627640316606089,0.9225995807127882,0.8751825637213194,0.9593485795006691,0.26724932303578913,0.17777777777777778,0.2289308176100629,1635,1590,45,1642,3885,114,28,3913,28,165,0
qwen3.5-9b,qwen3.5-9b,pope,Sphere-Traj-LSTM,proxy_anchor,Diag-Classifier,test,test,pooled,0.25,20260508,,evaluated,,passed,,0.17210447197262568,0.09257534628197206,0.2743724248547212,0.8161285814116003,0.7558663480260834,0.8739798592789948,0.16603659749365599,0.1111111111111111,0.5044025157232704,1635,1590,45,1642,3885,114,28,3913,28,165,0
qwen3.5-9b,qwen3.5-9b,pope,Sphere-Traj-LSTM,proxy_anchor,Diag-kNN-tuned,test,test,pooled,0.25,20260508,32,evaluated,,passed,,0.16107420221490668,0.0784149532016269,0.2616503091029576,0.8600978336827394,0.8327363116567585,0.8890650153230504,0.16810953456521702,0.1111111111111111,0.2358490566037736,1635,1590,45,1642,3885,114,28,3913,28,165,0
qwen3.5-9b,qwen3.5-9b,pope,Sphere-Traj-LSTM,proxy_anchor,Diag-vMF,test,test,pooled,0.25,20260508,,evaluated,,passed,,0.20651222649761666,0.11733028843653828,0.3132356640176407,0.8683438155136267,0.8159658110278836,0.9148002782767151,0.21435157655507342,0.1111111111111111,0.4559748427672956,1635,1590,45,1642,3885,114,28,3913,28,165,0
qwen3.5-9b,qwen3.5-9b,pope,Sphere-Traj-LSTM,proxy_anchor,Diag-kNN-tuned,test,test,pooled,0.1,20260506,,skipped,ratio 0.1 would leave fewer than 20 hard negatives (11),skipped,ratio 0.1 would leave fewer than 20 hard negatives (11),nan,nan,nan,nan,nan,nan,nan,nan,nan,0,0,0,0,3885,114,0,3885,0,0,0
qwen3.5-9b,qwen3.5-9b,pope,Sphere-Traj-LSTM,proxy_anchor,Diag-Classifier,test,test,pooled,0.1,20260506,,skipped,ratio 0.1 would leave fewer than 20 hard negatives (11),skipped,ratio 0.1 would leave fewer than 20 hard negatives (11),nan,nan,nan,nan,nan,nan,nan,nan,nan,0,0,0,0,3885,114,0,3885,0,0,0
qwen3.5-9b,qwen3.5-9b,pope,Sphere-Traj-LSTM,proxy_anchor,Diag-vMF,test,test,pooled,0.1,20260506,,skipped,ratio 0.1 would leave fewer than 20 hard negatives (11),skipped,ratio 0.1 would leave fewer than 20 hard negatives (11),nan,nan,nan,nan,nan,nan,nan,nan,nan,0,0,0,0,3885,114,0,3885,0,0,0
qwen3.5-9b,qwen3.5-9b,pope,Sphere-Traj-LSTM,proxy_anchor,Diag-kNN-tuned,test,test,pooled,0.1,20260507,,skipped,ratio 0.1 would leave fewer than 20 hard negatives (11),skipped,ratio 0.1 would leave fewer than 20 hard negatives (11),nan,nan,nan,nan,nan,nan,nan,nan,nan,0,0,0,0,3885,114,0,3885,0,0,0
qwen3.5-9b,qwen3.5-9b,pope,Sphere-Traj-LSTM,proxy_anchor,Diag-Classifier,test,test,pooled,0.1,20260507,,skipped,ratio 0.1 would leave fewer than 20 hard negatives (11),skipped,ratio 0.1 would leave fewer than 20 hard negatives (11),nan,nan,nan,nan,nan,nan,nan,nan,nan,0,0,0,0,3885,114,0,3885,0,0,0
qwen3.5-9b,qwen3.5-9b,pope,Sphere-Traj-LSTM,proxy_anchor,Diag-vMF,test,test,pooled,0.1,20260507,,skipped,ratio 0.1 would leave fewer than 20 hard negatives (11),skipped,ratio 0.1 would leave fewer than 20 hard negatives (11),nan,nan,nan,nan,nan,nan,nan,nan,nan,0,0,0,0,3885,114,0,3885,0,0,0
qwen3.5-9b,qwen3.5-9b,pope,Sphere-Traj-LSTM,proxy_anchor,Diag-kNN-tuned,test,test,pooled,0.1,20260508,,skipped,ratio 0.1 would leave fewer than 20 hard negatives (11),skipped,ratio 0.1 would leave fewer than 20 hard negatives (11),nan,nan,nan,nan,nan,nan,nan,nan,nan,0,0,0,0,3885,114,0,3885,0,0,0
qwen3.5-9b,qwen3.5-9b,pope,Sphere-Traj-LSTM,proxy_anchor,Diag-Classifier,test,test,pooled,0.1,20260508,,skipped,ratio 0.1 would leave fewer than 20 hard negatives (11),skipped,ratio 0.1 would leave fewer than 20 hard negatives (11),nan,nan,nan,nan,nan,nan,nan,nan,nan,0,0,0,0,3885,114,0,3885,0,0,0
qwen3.5-9b,qwen3.5-9b,pope,Sphere-Traj-LSTM,proxy_anchor,Diag-vMF,test,test,pooled,0.1,20260508,,skipped,ratio 0.1 would leave fewer than 20 hard negatives (11),skipped,ratio 0.1 would leave fewer than 20 hard negatives (11),nan,nan,nan,nan,nan,nan,nan,nan,nan,0,0,0,0,3885,114,0,3885,0,0,0
phi-4-multimodal-instruct,phi-4-multimodal-instruct,pope,Sphere-Traj-LSTM,proxy_anchor,Diag-Classifier,test,test,pooled,1.0,20260506,,evaluated,,passed,,0.295771637383084,0.20883235458905924,0.3977646849768421,0.9172302903377164,0.887950418493507,0.9419308808433918,0.23716031070223162,0.0,0.17286366601435094,1590,1533,57,1572,3719,197,197,3916,197,210,0
phi-4-multimodal-instruct,phi-4-multimodal-instruct,pope,Sphere-Traj-LSTM,proxy_anchor,Diag-kNN-tuned,test,test,pooled,1.0,20260506,32,evaluated,,passed,,0.20843809775229472,0.14212165623322218,0.30471873192859517,0.898833842597361,0.870320691814519,0.9253150092188323,0.22013509360831598,0.14035087719298245,0.33463796477495106,1590,1533,57,1572,3719,197,197,3916,197,210,0
phi-4-multimodal-instruct,phi-4-multimodal-instruct,pope,Sphere-Traj-LSTM,proxy_anchor,Diag-vMF,test,test,pooled,1.0,20260506,,evaluated,,passed,,0.2309979543754103,0.15947369330557012,0.3308162290044662,0.89431340909351,0.8404027906375559,0.9340092670262394,0.2431164883722772,0.14035087719298245,0.3659491193737769,1590,1533,57,1572,3719,197,197,3916,197,210,0
phi-4-multimodal-instruct,phi-4-multimodal-instruct,pope,Sphere-Traj-LSTM,proxy_anchor,Diag-Classifier,test,test,pooled,1.0,20260507,,evaluated,,passed,,0.30816882181579247,0.21447166441386928,0.42503681949359157,0.8689245945915016,0.8153285303039713,0.9199118507945628,0.25959403522841357,0.0,0.6223091976516634,1590,1533,57,1572,3719,197,197,3916,197,210,0
phi-4-multimodal-instruct,phi-4-multimodal-instruct,pope,Sphere-Traj-LSTM,proxy_anchor,Diag-kNN-tuned,test,test,pooled,1.0,20260507,32,evaluated,,passed,,0.22539827461425926,0.15182875500603443,0.3283802129543503,0.8954349343678831,0.859631407015059,0.9264380142116216,0.23780768647895198,0.14035087719298245,0.3561643835616438,1590,1533,57,1572,3719,197,197,3916,197,210,0
phi-4-multimodal-instruct,phi-4-multimodal-instruct,pope,Sphere-Traj-LSTM,proxy_anchor,Diag-vMF,test,test,pooled,1.0,20260507,,evaluated,,passed,,0.2603871560979119,0.1802755442798805,0.37540923458538056,0.8793444799212644,0.8265892043824261,0.9288618764464281,0.2734211319205393,0.14035087719298245,0.5753424657534246,1590,1533,57,1572,3719,197,197,3916,197,210,0
phi-4-multimodal-instruct,phi-4-multimodal-instruct,pope,Sphere-Traj-LSTM,proxy_anchor,Diag-Classifier,test,test,pooled,1.0,20260508,,evaluated,,passed,,0.25629120472407785,0.1616751975555704,0.35206210694643286,0.8116924731921127,0.7446367784864082,0.8703525947343637,0.21663764245714,0.0,0.7912589693411611,1590,1533,57,1572,3719,197,197,3916,197,210,0
phi-4-multimodal-instruct,phi-4-multimodal-instruct,pope,Sphere-Traj-LSTM,proxy_anchor,Diag-kNN-tuned,test,test,pooled,1.0,20260508,32,evaluated,,passed,,0.2533619260796565,0.1735202553973855,0.3545386181206673,0.9183346494089104,0.8943918896478428,0.9385585720617113,0.26559846390893205,0.12280701754385964,0.23026744944553162,1590,1533,57,1572,3719,197,197,3916,197,210,0
phi-4-multimodal-instruct,phi-4-multimodal-instruct,pope,Sphere-Traj-LSTM,proxy_anchor,Diag-vMF,test,test,pooled,1.0,20260508,,evaluated,,passed,,0.23823829705029861,0.16107905342881795,0.33474954300128285,0.8881793524908161,0.8339972580960523,0.9281432333646479,0.25000801117595994,0.12280701754385964,0.39204174820613175,1590,1533,57,1572,3719,197,197,3916,197,210,0
phi-4-multimodal-instruct,phi-4-multimodal-instruct,pope,Sphere-Traj-LSTM,proxy_anchor,Diag-Classifier,test,test,pooled,0.5,20260506,,evaluated,,passed,,0.22626856338114035,0.14874275062657588,0.3380137619483262,0.8553919044185807,0.792256521666806,0.9051752704558351,0.23981239133207174,0.12280701754385964,0.547945205479452,1590,1533,57,1572,3719,197,98,3817,98,210,0
phi-4-multimodal-instruct,phi-4-multimodal-instruct,pope,Sphere-Traj-LSTM,proxy_anchor,Diag-kNN-tuned,test,test,pooled,0.5,20260506,8,evaluated,,passed,,0.19983778997390111,0.1256074814116273,0.30458080162939727,0.8799967956420732,0.8484693030233538,0.9093042422804567,0.213659168801892,0.12280701754385964,0.3333333333333333,1590,1533,57,1572,3719,197,98,3817,98,210,0
phi-4-multimodal-instruct,phi-4-multimodal-instruct,pope,Sphere-Traj-LSTM,proxy_anchor,Diag-vMF,test,test,pooled,0.5,20260506,,evaluated,,passed,,0.24767757998595125,0.1678020898441372,0.355234198453934,0.8865771735274258,0.8297479779990194,0.9307538818501192,0.2615517141142727,0.14035087719298245,0.36921069797782124,1590,1533,57,1572,3719,197,98,3817,98,210,0
phi-4-multimodal-instruct,phi-4-multimodal-instruct,pope,Sphere-Traj-LSTM,proxy_anchor,Diag-Classifier,test,test,pooled,0.5,20260507,,evaluated,,passed,,0.2274037058533615,0.13691624967894458,0.33728150965786347,0.667484922351541,0.569093027860244,0.7635065041855578,0.189727174481802,0.12280701754385964,0.9432485322896281,1590,1533,57,1572,3719,197,98,3817,98,210,0
phi-4-multimodal-instruct,phi-4-multimodal-instruct,pope,Sphere-Traj-LSTM,proxy_anchor,Diag-kNN-tuned,test,test,pooled,0.5,20260507,8,evaluated,,passed,,0.2829304939541643,0.17947589130731284,0.39823884161809936,0.8823542875453474,0.8547613101253162,0.9125214224212255,0.28964648681800576,0.14035087719298245,0.3105022831050228,1590,1533,57,1572,3719,197,98,3817,98,210,0
phi-4-multimodal-instruct,phi-4-multimodal-instruct,pope,Sphere-Traj-LSTM,proxy_anchor,Diag-vMF,test,test,pooled,0.5,20260507,,evaluated,,passed,,0.2019168935398588,0.13050463451161937,0.2998668614281101,0.8307870131950882,0.7724546274694389,0.8861202815546037,0.21323866927276514,0.15789473684210525,0.7136333985649054,1590,1533,57,1572,3719,197,98,3817,98,210,0
phi-4-multimodal-instruct,phi-4-multimodal-instruct,pope,Sphere-Traj-LSTM,proxy_anchor,Diag-Classifier,test,test,pooled,0.5,20260508,,evaluated,,passed,,0.2736719078020989,0.1754066896793959,0.37895676387400035,0.9024845218068,0.8733041538770043,0.925811820731633,0.24494419993703598,0.12280701754385964,0.21526418786692758,1590,1533,57,1572,3719,197,98,3817,98,210,0
phi-4-multimodal-instruct,phi-4-multimodal-instruct,pope,Sphere-Traj-LSTM,proxy_anchor,Diag-kNN-tuned,test,test,pooled,0.5,20260508,32,evaluated,,passed,,0.2172381141956879,0.13969180340298384,0.31310722394633883,0.8929172245682699,0.8592433668106317,0.9191839005311631,0.22894553989080305,0.12280701754385964,0.20808871493803,1590,1533,57,1572,3719,197,98,3817,98,210,0
phi-4-multimodal-instruct,phi-4-multimodal-instruct,pope,Sphere-Traj-LSTM,proxy_anchor,Diag-vMF,test,test,pooled,0.5,20260508,,evaluated,,passed,,0.21509479445784635,0.1343422021133165,0.3181778308245498,0.8314736613222554,0.7674770294458932,0.885518537417066,0.22671711120669266,0.12280701754385964,0.5714285714285714,1590,1533,57,1572,3719,197,98,3817,98,210,0
phi-4-multimodal-instruct,phi-4-multimodal-instruct,pope,Sphere-Traj-LSTM,proxy_anchor,Diag-Classifier,test,test,pooled,0.25,20260506,,evaluated,,passed,,0.24231132719875978,0.166725963240423,0.35252467316709396,0.917384786166329,0.8906573362028646,0.9400006780587896,0.25821521868079234,0.10526315789473684,0.23809523809523808,1590,1533,57,1572,3719,197,49,3768,49,210,0
phi-4-multimodal-instruct,phi-4-multimodal-instruct,pope,Sphere-Traj-LSTM,proxy_anchor,Diag-kNN-tuned,test,test,pooled,0.25,20260506,8,evaluated,,passed,,0.08553428030572566,0.0540173486467653,0.13561951738062844,0.7234753550543025,0.6655901572618136,0.7806447877023827,0.09274063279874456,0.07017543859649122,0.7795172863666014,1590,1533,57,1572,3719,197,49,3768,49,210,0
phi-4-multimodal-instruct,phi-4-multimodal-instruct,pope,Sphere-Traj-LSTM,proxy_anchor,Diag-vMF,test,test,pooled,0.25,20260506,,evaluated,,passed,,0.2377265102381366,0.1589606974250873,0.35399949390702606,0.8756480241700142,0.8214561015110845,0.9193468928516347,0.2525056397048186,0.15789473684210525,0.4090019569471624,1590,1533,57,1572,3719,197,49,3768,49,210,0
phi-4-multimodal-instruct,phi-4-multimodal-instruct,pope,Sphere-Traj-LSTM,proxy_anchor,Diag-Classifier,test,test,pooled,0.25,20260507,,evaluated,,passed,,0.14799551770173192,0.08347219652136255,0.24482488833980012,0.6413236287064693,0.5607526225411864,0.7253665799951529,0.1509319204527567,0.10526315789473684,0.8140900195694716,1590,1533,57,1572,3719,197,49,3768,49,210,0
phi-4-multimodal-instruct,phi-4-multimodal-instruct,pope,Sphere-Traj-LSTM,proxy_anchor,Diag-kNN-tuned,test,test,pooled,0.25,20260507,32,evaluated,,passed,,0.20174343353096263,0.13373318624942948,0.2980081757878174,0.8836589189869651,0.8499898172186552,0.9177894614878177,0.21464661914920763,0.15789473684210525,0.25244618395303325,1590,1533,57,1572,3719,197,49,3768,49,210,0
phi-4-multimodal-instruct,phi-4-multimodal-instruct,pope,Sphere-Traj-LSTM,proxy_anchor,Diag-vMF,test,test,pooled,0.25,20260507,,evaluated,,passed,,0.181065973725106,0.11268130907557442,0.27646250022818786,0.8137238072349824,0.7566200876701575,0.867804840782298,0.19364385687495875,0.15789473684210525,0.6418786692759295,1590,1533,57,1572,3719,197,49,3768,49,210,0
phi-4-multimodal-instruct,phi-4-multimodal-instruct,pope,Sphere-Traj-LSTM,proxy_anchor,Diag-Classifier,test,test,pooled,0.25,20260508,,evaluated,,passed,,0.21501078477728175,0.1255021864491049,0.3238265698112794,0.7906409860267106,0.714506160383238,0.8546480461242465,0.22604237181826572,0.19298245614035087,0.7906066536203522,1590,1533,57,1572,3719,197,49,3768,49,210,0
phi-4-multimodal-instruct,phi-4-multimodal-instruct,pope,Sphere-Traj-LSTM,proxy_anchor,Diag-kNN-tuned,test,test,pooled,0.25,20260508,16,evaluated,,passed,,0.05694651394835154,0.039601945003532715,0.08519432488970162,0.6837298726267724,0.640320287813323,0.732170603824329,0.06090820834842335,0.03508771929824561,0.5903457273320287,1590,1533,57,1572,3719,197,49,3768,49,210,0
phi-4-multimodal-instruct,phi-4-multimodal-instruct,pope,Sphere-Traj-LSTM,proxy_anchor,Diag-vMF,test,test,pooled,0.25,20260508,,evaluated,,passed,,0.2644175888483815,0.17621049445420398,0.36544743666555785,0.9051395612318467,0.853599475668606,0.9421298893397816,0.27545254797230995,0.19298245614035087,0.18590998043052837,1590,1533,57,1572,3719,197,49,3768,49,210,0
phi-4-multimodal-instruct,phi-4-multimodal-instruct,pope,Sphere-Traj-LSTM,proxy_anchor,Diag-kNN-tuned,test,test,pooled,0.1,20260506,,skipped,ratio 0.1 would leave fewer than 20 hard negatives (19),skipped,ratio 0.1 would leave fewer than 20 hard negatives (19),nan,nan,nan,nan,nan,nan,nan,nan,nan,0,0,0,0,3719,197,0,3719,0,0,0
phi-4-multimodal-instruct,phi-4-multimodal-instruct,pope,Sphere-Traj-LSTM,proxy_anchor,Diag-Classifier,test,test,pooled,0.1,20260506,,skipped,ratio 0.1 would leave fewer than 20 hard negatives (19),skipped,ratio 0.1 would leave fewer than 20 hard negatives (19),nan,nan,nan,nan,nan,nan,nan,nan,nan,0,0,0,0,3719,197,0,3719,0,0,0
phi-4-multimodal-instruct,phi-4-multimodal-instruct,pope,Sphere-Traj-LSTM,proxy_anchor,Diag-vMF,test,test,pooled,0.1,20260506,,skipped,ratio 0.1 would leave fewer than 20 hard negatives (19),skipped,ratio 0.1 would leave fewer than 20 hard negatives (19),nan,nan,nan,nan,nan,nan,nan,nan,nan,0,0,0,0,3719,197,0,3719,0,0,0
phi-4-multimodal-instruct,phi-4-multimodal-instruct,pope,Sphere-Traj-LSTM,proxy_anchor,Diag-kNN-tuned,test,test,pooled,0.1,20260507,,skipped,ratio 0.1 would leave fewer than 20 hard negatives (19),skipped,ratio 0.1 would leave fewer than 20 hard negatives (19),nan,nan,nan,nan,nan,nan,nan,nan,nan,0,0,0,0,3719,197,0,3719,0,0,0
phi-4-multimodal-instruct,phi-4-multimodal-instruct,pope,Sphere-Traj-LSTM,proxy_anchor,Diag-Classifier,test,test,pooled,0.1,20260507,,skipped,ratio 0.1 would leave fewer than 20 hard negatives (19),skipped,ratio 0.1 would leave fewer than 20 hard negatives (19),nan,nan,nan,nan,nan,nan,nan,nan,nan,0,0,0,0,3719,197,0,3719,0,0,0
phi-4-multimodal-instruct,phi-4-multimodal-instruct,pope,Sphere-Traj-LSTM,proxy_anchor,Diag-vMF,test,test,pooled,0.1,20260507,,skipped,ratio 0.1 would leave fewer than 20 hard negatives (19),skipped,ratio 0.1 would leave fewer than 20 hard negatives (19),nan,nan,nan,nan,nan,nan,nan,nan,nan,0,0,0,0,3719,197,0,3719,0,0,0
phi-4-multimodal-instruct,phi-4-multimodal-instruct,pope,Sphere-Traj-LSTM,proxy_anchor,Diag-kNN-tuned,test,test,pooled,0.1,20260508,,skipped,ratio 0.1 would leave fewer than 20 hard negatives (19),skipped,ratio 0.1 would leave fewer than 20 hard negatives (19),nan,nan,nan,nan,nan,nan,nan,nan,nan,0,0,0,0,3719,197,0,3719,0,0,0
phi-4-multimodal-instruct,phi-4-multimodal-instruct,pope,Sphere-Traj-LSTM,proxy_anchor,Diag-Classifier,test,test,pooled,0.1,20260508,,skipped,ratio 0.1 would leave fewer than 20 hard negatives (19),skipped,ratio 0.1 would leave fewer than 20 hard negatives (19),nan,nan,nan,nan,nan,nan,nan,nan,nan,0,0,0,0,3719,197,0,3719,0,0,0
phi-4-multimodal-instruct,phi-4-multimodal-instruct,pope,Sphere-Traj-LSTM,proxy_anchor,Diag-vMF,test,test,pooled,0.1,20260508,,skipped,ratio 0.1 would leave fewer than 20 hard negatives (19),skipped,ratio 0.1 would leave fewer than 20 hard negatives (19),nan,nan,nan,nan,nan,nan,nan,nan,nan,0,0,0,0,3719,197,0,3719,0,0,0
phi-3.5-vision-instruct,phi-3.5-vision-instruct,pope,Sphere-Traj-LSTM,proxy_anchor,Diag-Classifier,test,test,pooled,1.0,20260506,,evaluated,,passed,,0.24722717521425794,0.14393677525193685,0.36492816120919086,0.7811054222441551,0.6861285143332706,0.8711467849782596,0.20438652757933912,0.13953488372093023,0.9051724137931034,1551,1508,43,1545,3648,116,116,3764,116,249,0
phi-3.5-vision-instruct,phi-3.5-vision-instruct,pope,Sphere-Traj-LSTM,proxy_anchor,Diag-kNN-tuned,test,test,pooled,1.0,20260506,16,evaluated,,passed,,0.2100089339424926,0.11718438126447392,0.3257180073571429,0.9000832767873665,0.8668642689012531,0.9305281830573562,0.2211733334507601,0.16279069767441862,0.35610079575596815,1551,1508,43,1545,3648,116,116,3764,116,249,0
phi-3.5-vision-instruct,phi-3.5-vision-instruct,pope,Sphere-Traj-LSTM,proxy_anchor,Diag-vMF,test,test,pooled,1.0,20260506,,evaluated,,passed,,0.22585422852296072,0.12868570574472982,0.3493196470852182,0.852769724261304,0.7833033162136612,0.9165282156933057,0.23726193367402926,0.13953488372093023,0.7022546419098143,1551,1508,43,1545,3648,116,116,3764,116,249,0
phi-3.5-vision-instruct,phi-3.5-vision-instruct,pope,Sphere-Traj-LSTM,proxy_anchor,Diag-Classifier,test,test,pooled,1.0,20260507,,evaluated,,passed,,0.20597949456741402,0.11851294040984833,0.3206153282794089,0.7746514712232435,0.675469534323701,0.8655173425951722,0.19505162100240092,0.13953488372093023,0.8806366047745358,1551,1508,43,1545,3648,116,116,3764,116,249,0
phi-3.5-vision-instruct,phi-3.5-vision-instruct,pope,Sphere-Traj-LSTM,proxy_anchor,Diag-kNN-tuned,test,test,pooled,1.0,20260507,32,evaluated,,passed,,0.1905401045862603,0.11252663118610715,0.296079713366275,0.897523286657208,0.8621319595377103,0.9304920307767829,0.19923025496870114,0.11627906976744186,0.34748010610079577,1551,1508,43,1545,3648,116,116,3764,116,249,0
phi-3.5-vision-instruct,phi-3.5-vision-instruct,pope,Sphere-Traj-LSTM,proxy_anchor,Diag-vMF,test,test,pooled,1.0,20260507,,evaluated,,passed,,0.2338989740603602,0.14175052626003984,0.34980067666693776,0.881484794275492,0.8250641533974779,0.9324931326167369,0.24370255142299727,0.13953488372093023,0.583554376657825,1551,1508,43,1545,3648,116,116,3764,116,249,0
phi-3.5-vision-instruct,phi-3.5-vision-instruct,pope,Sphere-Traj-LSTM,proxy_anchor,Diag-Classifier,test,test,pooled,1.0,20260508,,evaluated,,passed,,0.19680508584612105,0.1015244948858293,0.30830100106809666,0.716303744371106,0.5990730657035965,0.8213607514890364,0.18960310234450922,0.18604651162790697,0.9343501326259946,1551,1508,43,1545,3648,116,116,3764,116,249,0
phi-3.5-vision-instruct,phi-3.5-vision-instruct,pope,Sphere-Traj-LSTM,proxy_anchor,Diag-kNN-tuned,test,test,pooled,1.0,20260508,32,evaluated,,passed,,0.2196326455857064,0.1367340412531333,0.3262044448777713,0.9233082474862748,0.895830546986116,0.9466873500956693,0.23291659880367505,0.18604651162790697,0.26061007957559684,1551,1508,43,1545,3648,116,116,3764,116,249,0
phi-3.5-vision-instruct,phi-3.5-vision-instruct,pope,Sphere-Traj-LSTM,proxy_anchor,Diag-vMF,test,test,pooled,1.0,20260508,,evaluated,,passed,,0.20951803401125746,0.12700790805097417,0.315263596019649,0.8641971500832768,0.7863386908207625,0.9232310535604829,0.22238715050429284,0.18604651162790697,0.6259946949602122,1551,1508,43,1545,3648,116,116,3764,116,249,0
phi-3.5-vision-instruct,phi-3.5-vision-instruct,pope,Sphere-Traj-LSTM,proxy_anchor,Diag-Classifier,test,test,pooled,0.5,20260506,,evaluated,,passed,,0.15621624749999252,0.07699056226552597,0.2662127935174595,0.604820800690889,0.47399926133300513,0.7317130054694417,0.14380915381751805,0.046511627906976744,0.9721485411140584,1551,1508,43,1545,3648,116,58,3706,58,249,0
phi-3.5-vision-instruct,phi-3.5-vision-instruct,pope,Sphere-Traj-LSTM,proxy_anchor,Diag-kNN-tuned,test,test,pooled,0.5,20260506,32,evaluated,,passed,,0.15510282746008458,0.09800222964972255,0.23026911507807107,0.8979550922213312,0.8606486761976422,0.9293872365237521,0.16272415580726168,0.06976744186046512,0.24336870026525198,1551,1508,43,1545,3648,116,58,3706,58,249,0
phi-3.5-vision-instruct,phi-3.5-vision-instruct,pope,Sphere-Traj-LSTM,proxy_anchor,Diag-vMF,test,test,pooled,0.5,20260506,,evaluated,,passed,,0.18499051724353613,0.11510633801904191,0.28723555654578364,0.8773055332798717,0.8143681786300225,0.9292450859022423,0.19552192389137008,0.046511627906976744,0.5722811671087533,1551,1508,43,1545,3648,116,58,3706,58,249,0
phi-3.5-vision-instruct,phi-3.5-vision-instruct,pope,Sphere-Traj-LSTM,proxy_anchor,Diag-Classifier,test,test,pooled,0.5,20260507,,evaluated,,passed,,0.20060010672669307,0.10847097235231824,0.32511240949128384,0.8169452840663747,0.7497129040908013,0.884663919184471,0.2013902338585935,0.13953488372093023,0.7659151193633952,1551,1508,43,1545,3648,116,58,3706,58,249,0
phi-3.5-vision-instruct,phi-3.5-vision-instruct,pope,Sphere-Traj-LSTM,proxy_anchor,Diag-kNN-tuned,test,test,pooled,0.5,20260507,32,evaluated,,passed,,0.2212781906162528,0.12568855354703024,0.3418241877702728,0.8916168034050953,0.8544179864717047,0.9285324728986183,0.23146270557312135,0.16279069767441862,0.3574270557029178,1551,1508,43,1545,3648,116,58,3706,58,249,0
phi-3.5-vision-instruct,phi-3.5-vision-instruct,pope,Sphere-Traj-LSTM,proxy_anchor,Diag-vMF,test,test,pooled,0.5,20260507,,evaluated,,passed,,0.25302920048022587,0.14866917004902308,0.3812943538680625,0.896813891801863,0.8435718914720387,0.9421717277820729,0.26388277266197263,0.13953488372093023,0.623342175066313,1551,1508,43,1545,3648,116,58,3706,58,249,0
phi-3.5-vision-instruct,phi-3.5-vision-instruct,pope,Sphere-Traj-LSTM,proxy_anchor,Diag-Classifier,test,test,pooled,0.5,20260508,,evaluated,,passed,,0.17382069445219275,0.08567971165138352,0.28007407377402443,0.6527126642403306,0.5403208508613616,0.759214372029878,0.15587493251348242,0.09302325581395349,0.899867374005305,1551,1508,43,1545,3648,116,58,3706,58,249,0
phi-3.5-vision-instruct,phi-3.5-vision-instruct,pope,Sphere-Traj-LSTM,proxy_anchor,Diag-kNN-tuned,test,test,pooled,0.5,20260508,32,evaluated,,passed,,0.18337750092949812,0.11616603039827274,0.27322220202332853,0.9106008265992228,0.8803129414872304,0.9376727342301838,0.195479238095574,0.09302325581395349,0.21750663129973474,1551,1508,43,1545,3648,116,58,3706,58,249,0
phi-3.5-vision-instruct,phi-3.5-vision-instruct,pope,Sphere-Traj-LSTM,proxy_anchor,Diag-vMF,test,test,pooled,0.5,20260508,,evaluated,,passed,,0.1800053834206612,0.11208663898524605,0.26860156404387026,0.8776756523348344,0.8129820012369997,0.9280997777446112,0.1921165168161617,0.09302325581395349,0.6087533156498673,1551,1508,43,1545,3648,116,58,3706,58,249,0
phi-3.5-vision-instruct,phi-3.5-vision-instruct,pope,Sphere-Traj-LSTM,proxy_anchor,Diag-Classifier,test,test,pooled,0.25,20260506,,evaluated,,passed,,0.13804334100828516,0.06024194600313812,0.2570003818533807,0.5491487261735858,0.44007899804010736,0.6682541862735817,0.14711872490398825,0.13953488372093023,0.9131299734748011,1551,1508,43,1545,3648,116,29,3677,29,249,0
phi-3.5-vision-instruct,phi-3.5-vision-instruct,pope,Sphere-Traj-LSTM,proxy_anchor,Diag-kNN-tuned,test,test,pooled,0.25,20260506,32,evaluated,,passed,,0.16809195395229842,0.09039505795396914,0.28559696614998603,0.8625470359632348,0.824860466795347,0.8988776626849159,0.17775600122755944,0.13953488372093023,0.3209549071618037,1551,1508,43,1545,3648,116,29,3677,29,249,0
phi-3.5-vision-instruct,phi-3.5-vision-instruct,pope,Sphere-Traj-LSTM,proxy_anchor,Diag-vMF,test,test,pooled,0.25,20260506,,evaluated,,passed,,0.1926296784773478,0.1114867591033367,0.31464687963521887,0.8659552155943494,0.7996890724507336,0.9202621520908671,0.2028909412916785,0.13953488372093023,0.6677718832891246,1551,1508,43,1545,3648,116,29,3677,29,249,0
phi-3.5-vision-instruct,phi-3.5-vision-instruct,pope,Sphere-Traj-LSTM,proxy_anchor,Diag-Classifier,test,test,pooled,0.25,20260507,,evaluated,,passed,,0.041365307562718834,0.019292842948775233,0.08346056290685117,0.37642650052433535,0.27958723957989007,0.47527586524212456,0.046513103307716686,0.023255813953488372,0.9456233421750663,1551,1508,43,1545,3648,116,29,3677,29,249,0
phi-3.5-vision-instruct,phi-3.5-vision-instruct,pope,Sphere-Traj-LSTM,proxy_anchor,Diag-kNN-tuned,test,test,pooled,0.25,20260507,32,evaluated,,passed,,0.1278957518520137,0.08590865958699188,0.1921553273296326,0.8771667386342606,0.8411547104790562,0.9136642319610446,0.13565374842606412,0.023255813953488372,0.3753315649867374,1551,1508,43,1545,3648,116,29,3677,29,249,0
phi-3.5-vision-instruct,phi-3.5-vision-instruct,pope,Sphere-Traj-LSTM,proxy_anchor,Diag-vMF,test,test,pooled,0.25,20260507,,evaluated,,passed,,0.11981983037527968,0.07734847307671054,0.1865045251094628,0.7796095243970143,0.6932831586059769,0.8671321278677144,0.1275652701810194,0.023255813953488372,0.9376657824933687,1551,1508,43,1545,3648,116,29,3677,29,249,0
phi-3.5-vision-instruct,phi-3.5-vision-instruct,pope,Sphere-Traj-LSTM,proxy_anchor,Diag-Classifier,test,test,pooled,0.25,20260508,,evaluated,,passed,,0.10453988163907844,0.03906308004483239,0.21107030848200223,0.4969465177965579,0.39129859564747316,0.6038409414063935,0.09539581899428783,0.11627906976744186,0.9602122015915119,1551,1508,43,1545,3648,116,29,3677,29,249,0
phi-3.5-vision-instruct,phi-3.5-vision-instruct,pope,Sphere-Traj-LSTM,proxy_anchor,Diag-kNN-tuned,test,test,pooled,0.25,20260508,32,evaluated,,passed,,0.13374037421628898,0.07915740087873346,0.23365280545740502,0.8730491641478009,0.8425073583860971,0.9005356523415946,0.14431690308584366,0.11627906976744186,0.3057029177718833,1551,1508,43,1545,3648,116,29,3677,29,249,0
phi-3.5-vision-instruct,phi-3.5-vision-instruct,pope,Sphere-Traj-LSTM,proxy_anchor,Diag-vMF,test,test,pooled,0.25,20260508,,evaluated,,passed,,0.13261656244854578,0.07357222696055517,0.2389899442773338,0.813814693726482,0.7429302069298165,0.8731465387360023,0.14333932876110508,0.11627906976744186,0.7102122015915119,1551,1508,43,1545,3648,116,29,3677,29,249,0
phi-3.5-vision-instruct,phi-3.5-vision-instruct,pope,Sphere-Traj-LSTM,proxy_anchor,Diag-kNN-tuned,test,test,pooled,0.1,20260506,,skipped,ratio 0.1 would leave fewer than 20 hard negatives (11),skipped,ratio 0.1 would leave fewer than 20 hard negatives (11),nan,nan,nan,nan,nan,nan,nan,nan,nan,0,0,0,0,3648,116,0,3648,0,0,0
phi-3.5-vision-instruct,phi-3.5-vision-instruct,pope,Sphere-Traj-LSTM,proxy_anchor,Diag-Classifier,test,test,pooled,0.1,20260506,,skipped,ratio 0.1 would leave fewer than 20 hard negatives (11),skipped,ratio 0.1 would leave fewer than 20 hard negatives (11),nan,nan,nan,nan,nan,nan,nan,nan,nan,0,0,0,0,3648,116,0,3648,0,0,0
phi-3.5-vision-instruct,phi-3.5-vision-instruct,pope,Sphere-Traj-LSTM,proxy_anchor,Diag-vMF,test,test,pooled,0.1,20260506,,skipped,ratio 0.1 would leave fewer than 20 hard negatives (11),skipped,ratio 0.1 would leave fewer than 20 hard negatives (11),nan,nan,nan,nan,nan,nan,nan,nan,nan,0,0,0,0,3648,116,0,3648,0,0,0
phi-3.5-vision-instruct,phi-3.5-vision-instruct,pope,Sphere-Traj-LSTM,proxy_anchor,Diag-kNN-tuned,test,test,pooled,0.1,20260507,,skipped,ratio 0.1 would leave fewer than 20 hard negatives (11),skipped,ratio 0.1 would leave fewer than 20 hard negatives (11),nan,nan,nan,nan,nan,nan,nan,nan,nan,0,0,0,0,3648,116,0,3648,0,0,0
phi-3.5-vision-instruct,phi-3.5-vision-instruct,pope,Sphere-Traj-LSTM,proxy_anchor,Diag-Classifier,test,test,pooled,0.1,20260507,,skipped,ratio 0.1 would leave fewer than 20 hard negatives (11),skipped,ratio 0.1 would leave fewer than 20 hard negatives (11),nan,nan,nan,nan,nan,nan,nan,nan,nan,0,0,0,0,3648,116,0,3648,0,0,0
phi-3.5-vision-instruct,phi-3.5-vision-instruct,pope,Sphere-Traj-LSTM,proxy_anchor,Diag-vMF,test,test,pooled,0.1,20260507,,skipped,ratio 0.1 would leave fewer than 20 hard negatives (11),skipped,ratio 0.1 would leave fewer than 20 hard negatives (11),nan,nan,nan,nan,nan,nan,nan,nan,nan,0,0,0,0,3648,116,0,3648,0,0,0
phi-3.5-vision-instruct,phi-3.5-vision-instruct,pope,Sphere-Traj-LSTM,proxy_anchor,Diag-kNN-tuned,test,test,pooled,0.1,20260508,,skipped,ratio 0.1 would leave fewer than 20 hard negatives (11),skipped,ratio 0.1 would leave fewer than 20 hard negatives (11),nan,nan,nan,nan,nan,nan,nan,nan,nan,0,0,0,0,3648,116,0,3648,0,0,0
phi-3.5-vision-instruct,phi-3.5-vision-instruct,pope,Sphere-Traj-LSTM,proxy_anchor,Diag-Classifier,test,test,pooled,0.1,20260508,,skipped,ratio 0.1 would leave fewer than 20 hard negatives (11),skipped,ratio 0.1 would leave fewer than 20 hard negatives (11),nan,nan,nan,nan,nan,nan,nan,nan,nan,0,0,0,0,3648,116,0,3648,0,0,0
phi-3.5-vision-instruct,phi-3.5-vision-instruct,pope,Sphere-Traj-LSTM,proxy_anchor,Diag-vMF,test,test,pooled,0.1,20260508,,skipped,ratio 0.1 would leave fewer than 20 hard negatives (11),skipped,ratio 0.1 would leave fewer than 20 hard negatives (11),nan,nan,nan,nan,nan,nan,nan,nan,nan,0,0,0,0,3648,116,0,3648,0,0,0
gemma-3-4b-it,gemma-3-4b-it,pope,Sphere-Traj-LSTM,proxy_anchor,Diag-Classifier,test,test,pooled,1.0,20260506,,evaluated,,passed,,0.4875383450767402,0.4151444350137541,0.5620353071548253,0.920853291509474,0.9053540822256347,0.9348741889876346,0.4547490854337677,0.0,0.22864651773981604,1677,1522,155,1538,3507,407,407,3914,407,123,0
gemma-3-4b-it,gemma-3-4b-it,pope,Sphere-Traj-LSTM,proxy_anchor,Diag-kNN-tuned,test,test,pooled,1.0,20260506,32,evaluated,,passed,,0.29047755667750197,0.23680356697660426,0.3517725185936716,0.8357254885337629,0.8076897274788215,0.8619765097607902,0.2944499506636356,0.03225806451612903,0.5315374507227333,1677,1522,155,1538,3507,407,407,3914,407,123,0
gemma-3-4b-it,gemma-3-4b-it,pope,Sphere-Traj-LSTM,proxy_anchor,Diag-vMF,test,test,pooled,1.0,20260506,,evaluated,,passed,,0.4414465115359639,0.3665626277576478,0.5234447401837088,0.8924886609300157,0.8647974648429411,0.9174554843642013,0.44600930054073556,0.09032258064516129,0.5663600525624178,1677,1522,155,1538,3507,407,407,3914,407,123,0
gemma-3-4b-it,gemma-3-4b-it,pope,Sphere-Traj-LSTM,proxy_anchor,Diag-Classifier,test,test,pooled,1.0,20260507,,evaluated,,passed,,0.49917619593651236,0.42406025352236043,0.5744678889971497,0.9209253528888135,0.9067020789522747,0.9356893138285293,0.45901367218351385,0.0,0.21287779237844942,1677,1522,155,1538,3507,407,407,3914,407,123,0
gemma-3-4b-it,gemma-3-4b-it,pope,Sphere-Traj-LSTM,proxy_anchor,Diag-kNN-tuned,test,test,pooled,1.0,20260507,32,evaluated,,passed,,0.32036632413997057,0.26011510502016305,0.38793260489352915,0.8595269382391589,0.8377581688169137,0.8817102647873952,0.32473095759370796,0.04516129032258064,0.39816031537450725,1677,1522,155,1538,3507,407,407,3914,407,123,0
gemma-3-4b-it,gemma-3-4b-it,pope,Sphere-Traj-LSTM,proxy_anchor,Diag-vMF,test,test,pooled,1.0,20260507,,evaluated,,passed,,0.4493343764761026,0.37262430044093087,0.5329303764134304,0.9001737950913484,0.8764374750638907,0.9228077016953707,0.45408032496428896,0.07096774193548387,0.43101182654402104,1677,1522,155,1538,3507,407,407,3914,407,123,0
gemma-3-4b-it,gemma-3-4b-it,pope,Sphere-Traj-LSTM,proxy_anchor,Diag-Classifier,test,test,pooled,1.0,20260508,,evaluated,,passed,,0.4685184370370371,0.3982448903521245,0.5402198627951894,0.9217794921792208,0.9068660353034007,0.9351884827673509,0.4478422311467885,0.0,0.21419185282522996,1677,1522,155,1538,3507,407,407,3914,407,123,0
gemma-3-4b-it,gemma-3-4b-it,pope,Sphere-Traj-LSTM,proxy_anchor,Diag-kNN-tuned,test,test,pooled,1.0,20260508,32,evaluated,,passed,,0.24209460771877467,0.19424554242066505,0.29343929278216924,0.8145521597219278,0.7886175455965772,0.8384861126673602,0.2457583385464766,0.08387096774193549,0.48291721419185285,1677,1522,155,1538,3507,407,407,3914,407,123,0
gemma-3-4b-it,gemma-3-4b-it,pope,Sphere-Traj-LSTM,proxy_anchor,Diag-vMF,test,test,pooled,1.0,20260508,,evaluated,,passed,,0.4037947080405937,0.3321424494083308,0.47832985046782417,0.8676105294391929,0.8389721964273311,0.8915931176809367,0.4082033328152255,0.08387096774193549,0.5091984231274639,1677,1522,155,1538,3507,407,407,3914,407,123,0
gemma-3-4b-it,gemma-3-4b-it,pope,Sphere-Traj-LSTM,proxy_anchor,Diag-Classifier,test,test,pooled,0.5,20260506,,evaluated,,passed,,0.44565743784397216,0.3768212220555959,0.5260419104950723,0.9200118689330676,0.9048227633343546,0.9347360879321517,0.4359489302845535,0.0967741935483871,0.22798948751642575,1677,1522,155,1538,3507,407,203,3710,203,123,0
gemma-3-4b-it,gemma-3-4b-it,pope,Sphere-Traj-LSTM,proxy_anchor,Diag-kNN-tuned,test,test,pooled,0.5,20260506,32,evaluated,,passed,,0.29001638414485814,0.23391385215827543,0.3561039368386936,0.823165614005341,0.7981297393730314,0.8493517266651436,0.29411058403910434,0.07741935483870968,0.43495400788436267,1677,1522,155,1538,3507,407,203,3710,203,123,0
gemma-3-4b-it,gemma-3-4b-it,pope,Sphere-Traj-LSTM,proxy_anchor,Diag-vMF,test,test,pooled,0.5,20260506,,evaluated,,passed,,0.41820953573545905,0.3494225596624806,0.4979430909386741,0.8735746683057097,0.8435135353031566,0.9020292646208921,0.422565964808334,0.08387096774193549,0.5400788436268068,1677,1522,155,1538,3507,407,203,3710,203,123,0
gemma-3-4b-it,gemma-3-4b-it,pope,Sphere-Traj-LSTM,proxy_anchor,Diag-Classifier,test,test,pooled,0.5,20260507,,evaluated,,passed,,0.4576429997185837,0.38338443141497286,0.5349667253713933,0.9052795557627908,0.8854595547481332,0.9248414238524163,0.41483762149350467,0.0,0.21944809461235218,1677,1522,155,1538,3507,407,203,3710,203,123,0
gemma-3-4b-it,gemma-3-4b-it,pope,Sphere-Traj-LSTM,proxy_anchor,Diag-kNN-tuned,test,test,pooled,0.5,20260507,32,evaluated,,passed,,0.2772944006370145,0.2230063082052778,0.3380932574955884,0.8372557331185622,0.8129998900148484,0.8626249473458196,0.2813843979690256,0.03870967741935484,0.4099868593955322,1677,1522,155,1538,3507,407,203,3710,203,123,0
gemma-3-4b-it,gemma-3-4b-it,pope,Sphere-Traj-LSTM,proxy_anchor,Diag-vMF,test,test,pooled,0.5,20260507,,evaluated,,passed,,0.4006940555605781,0.32689203868373184,0.4855834572128033,0.8683014708999194,0.8382543762289648,0.8956992661011661,0.4054135532288692,0.1032258064516129,0.5939553219448095,1677,1522,155,1538,3507,407,203,3710,203,123,0
gemma-3-4b-it,gemma-3-4b-it,pope,Sphere-Traj-LSTM,proxy_anchor,Diag-Classifier,test,test,pooled,0.5,20260508,,evaluated,,passed,,0.46942072052687034,0.4007600187578566,0.5338199806738108,0.8479759230214914,0.8118491988971168,0.8785989490753079,0.3992415270028626,0.0,0.6208935611038108,1677,1522,155,1538,3507,407,203,3710,203,123,0
gemma-3-4b-it,gemma-3-4b-it,pope,Sphere-Traj-LSTM,proxy_anchor,Diag-kNN-tuned,test,test,pooled,0.5,20260508,32,evaluated,,passed,,0.34556873408011957,0.28359141149296024,0.41760332410843315,0.8606036200245856,0.8362020748626506,0.8829473389118299,0.34975772387647436,0.06451612903225806,0.4185282522996058,1677,1522,155,1538,3507,407,203,3710,203,123,0
gemma-3-4b-it,gemma-3-4b-it,pope,Sphere-Traj-LSTM,proxy_anchor,Diag-vMF,test,test,pooled,0.5,20260508,,evaluated,,passed,,0.4206279531539716,0.35330415333081,0.49543988844807946,0.899381119918613,0.8749337474901736,0.920028331575366,0.4249353914491107,0.06451612903225806,0.26018396846254926,1677,1522,155,1538,3507,407,203,3710,203,123,0
gemma-3-4b-it,gemma-3-4b-it,pope,Sphere-Traj-LSTM,proxy_anchor,Diag-Classifier,test,test,pooled,0.25,20260506,,evaluated,,passed,,0.4493830268741903,0.37720471335560557,0.5292039121327187,0.9176084099868593,0.9017491337579925,0.9322670918533907,0.42543196709278625,0.0,0.2187910643889619,1677,1522,155,1538,3507,407,101,3608,101,123,0
gemma-3-4b-it,gemma-3-4b-it,pope,Sphere-Traj-LSTM,proxy_anchor,Diag-kNN-tuned,test,test,pooled,0.25,20260506,16,evaluated,,passed,,0.359144722074748,0.29481012307236293,0.430579997016641,0.8893010046204062,0.8702967034856833,0.9062583677503759,0.3635994109891563,0.07096774193548387,0.30814717477003944,1677,1522,155,1538,3507,407,101,3608,101,123,0
gemma-3-4b-it,gemma-3-4b-it,pope,Sphere-Traj-LSTM,proxy_anchor,Diag-vMF,test,test,pooled,0.25,20260506,,evaluated,,passed,,0.3842806059258588,0.31407873062642694,0.46525927389492777,0.8502903649696919,0.8119554712195705,0.8831628702951376,0.388923409590703,0.05161290322580645,0.6754270696452037,1677,1522,155,1538,3507,407,101,3608,101,123,0
gemma-3-4b-it,gemma-3-4b-it,pope,Sphere-Traj-LSTM,proxy_anchor,Diag-Classifier,test,test,pooled,0.25,20260507,,evaluated,,passed,,0.4744436913045325,0.39375403591568237,0.5507648223904518,0.8460048323513203,0.8113258864924635,0.877367084678205,0.42599388419534345,0.0,0.6077529566360053,1677,1522,155,1538,3507,407,101,3608,101,123,0
gemma-3-4b-it,gemma-3-4b-it,pope,Sphere-Traj-LSTM,proxy_anchor,Diag-kNN-tuned,test,test,pooled,0.25,20260507,1,evaluated,,passed,,0.34950437148725255,0.28564071915695366,0.4230076830518641,0.8704378788521046,0.8483957244455247,0.8934687943622606,0.3544373895169955,0.07096774193548387,0.39750328515111694,1677,1522,155,1538,3507,407,101,3608,101,123,0
gemma-3-4b-it,gemma-3-4b-it,pope,Sphere-Traj-LSTM,proxy_anchor,Diag-vMF,test,test,pooled,0.25,20260507,,evaluated,,passed,,0.46107987714360915,0.3839363625510764,0.5417835421448481,0.9032088508329447,0.8786978421987258,0.9271162099308838,0.46552089948673925,0.09032258064516129,0.37253613666228647,1677,1522,155,1538,3507,407,101,3608,101,123,0
gemma-3-4b-it,gemma-3-4b-it,pope,Sphere-Traj-LSTM,proxy_anchor,Diag-Classifier,test,test,pooled,0.25,20260508,,evaluated,,passed,,0.4641695107227715,0.38988183800856013,0.5424307959018829,0.9180916451189012,0.89988105984123,0.9330886092041699,0.4532919113099847,0.07741935483870968,0.22076215505913271,1677,1522,155,1538,3507,407,101,3608,101,123,0
gemma-3-4b-it,gemma-3-4b-it,pope,Sphere-Traj-LSTM,proxy_anchor,Diag-kNN-tuned,test,test,pooled,0.25,20260508,32,evaluated,,passed,,0.2957296737929843,0.24115450394431587,0.34950724485311163,0.8517188758424823,0.829064199771275,0.8714132574738657,0.29863938050457045,0.04516129032258064,0.36530880420499345,1677,1522,155,1538,3507,407,101,3608,101,123,0
gemma-3-4b-it,gemma-3-4b-it,pope,Sphere-Traj-LSTM,proxy_anchor,Diag-vMF,test,test,pooled,0.25,20260508,,evaluated,,passed,,0.4333821362889143,0.35938131802363826,0.5059165050937355,0.8645881904115977,0.8309974747852482,0.8949566194413672,0.43688773623816035,0.07096774193548387,0.6340341655716163,1677,1522,155,1538,3507,407,101,3608,101,123,0
gemma-3-4b-it,gemma-3-4b-it,pope,Sphere-Traj-LSTM,proxy_anchor,Diag-Classifier,test,test,pooled,0.1,20260506,,evaluated,,passed,,0.46622573170925397,0.39269376974232784,0.5524472481412879,0.9180874062142342,0.9008410894324675,0.9334941354629216,0.46806002540447167,0.15483870967741936,0.24244415243101183,1677,1522,155,1538,3507,407,40,3547,40,123,0
gemma-3-4b-it,gemma-3-4b-it,pope,Sphere-Traj-LSTM,proxy_anchor,Diag-kNN-tuned,test,test,pooled,0.1,20260506,32,evaluated,,passed,,0.3359135684608192,0.2739688816401073,0.40774450929911227,0.8563265652155483,0.8339955211998803,0.8782715680308512,0.34069945851270034,0.12903225806451613,0.3915900131406045,1677,1522,155,1538,3507,407,40,3547,40,123,0
gemma-3-4b-it,gemma-3-4b-it,pope,Sphere-Traj-LSTM,proxy_anchor,Diag-vMF,test,test,pooled,0.1,20260506,,evaluated,,passed,,0.4646521306126552,0.386620100965504,0.551473476244414,0.8837565173159256,0.8532979737054717,0.9105190796098916,0.46950828996186467,0.1935483870967742,0.4704336399474376,1677,1522,155,1538,3507,407,40,3547,40,123,0
gemma-3-4b-it,gemma-3-4b-it,pope,Sphere-Traj-LSTM,proxy_anchor,Diag-Classifier,test,test,pooled,0.1,20260507,,evaluated,,passed,,0.4428718005889994,0.3758780135742394,0.5151800888492983,0.8980691789241659,0.8799406637769625,0.9166191728879168,0.38082305829550234,0.0,0.27463863337713534,1677,1522,155,1538,3507,407,40,3547,40,123,0
gemma-3-4b-it,gemma-3-4b-it,pope,Sphere-Traj-LSTM,proxy_anchor,Diag-kNN-tuned,test,test,pooled,0.1,20260507,8,evaluated,,passed,,0.35580246421688244,0.2923914073239536,0.4319681843643028,0.8762155059132719,0.8545191639106345,0.8978963114555407,0.3604903156705156,0.07096774193548387,0.385676741130092,1677,1522,155,1538,3507,407,40,3547,40,123,0
gemma-3-4b-it,gemma-3-4b-it,pope,Sphere-Traj-LSTM,proxy_anchor,Diag-vMF,test,test,pooled,0.1,20260507,,evaluated,,passed,,0.36213551488035844,0.2927325422527444,0.4429042110042113,0.8333008350642195,0.7932938724718919,0.867763793299016,0.36678978753400504,0.06451612903225806,0.7049934296977661,1677,1522,155,1538,3507,407,40,3547,40,123,0
gemma-3-4b-it,gemma-3-4b-it,pope,Sphere-Traj-LSTM,proxy_anchor,Diag-Classifier,test,test,pooled,0.1,20260508,,evaluated,,passed,,0.5578149757289996,0.48434682189736455,0.628167095237058,0.9230808359120004,0.9062040027120248,0.9372496415479881,0.5597500078245544,0.23870967741935484,0.2325886990801577,1677,1522,155,1538,3507,407,40,3547,40,123,0
gemma-3-4b-it,gemma-3-4b-it,pope,Sphere-Traj-LSTM,proxy_anchor,Diag-kNN-tuned,test,test,pooled,0.1,20260508,32,evaluated,,passed,,0.37404312359259245,0.30121955020015373,0.4384389470020828,0.8365817472765038,0.8097636529044238,0.860406049874646,0.3760275652616657,0.1935483870967742,0.41655716162943496,1677,1522,155,1538,3507,407,40,3547,40,123,0
gemma-3-4b-it,gemma-3-4b-it,pope,Sphere-Traj-LSTM,proxy_anchor,Diag-vMF,test,test,pooled,0.1,20260508,,evaluated,,passed,,0.5314293348455116,0.4469134554258607,0.6033238653346914,0.877843245305413,0.847794033137409,0.9032075766978522,0.5333972310487302,0.2645161290322581,0.5538764783180026,1677,1522,155,1538,3507,407,40,3547,40,123,0
molmo-7b-d-0924,molmo-7b-d-0924,pope,Sphere-Traj-LSTM,proxy_anchor,Diag-Classifier,test,test,pooled,1.0,20260506,,evaluated,,passed,,0.2757590968529867,0.20319688453572993,0.3547462492623269,0.8640432811000491,0.8176952635592791,0.9036984581262328,0.2609163827353337,0.0,0.6896112173358827,1656,1569,87,1624,3786,202,202,3988,202,144,0
molmo-7b-d-0924,molmo-7b-d-0924,pope,Sphere-Traj-LSTM,proxy_anchor,Diag-kNN-tuned,test,test,pooled,1.0,20260506,32,evaluated,,passed,,0.21012778004065383,0.15751483888030926,0.27338059312325286,0.8852552691149645,0.8603376029889958,0.9072591417074642,0.21605054784669528,0.04597701149425287,0.30911408540471635,1656,1569,87,1624,3786,202,202,3988,202,144,0
molmo-7b-d-0924,molmo-7b-d-0924,pope,Sphere-Traj-LSTM,proxy_anchor,Diag-vMF,test,test,pooled,1.0,20260506,,evaluated,,passed,,0.2337986347190898,0.17336292654056315,0.3098399204902892,0.8500655663245495,0.8001309027267407,0.8929986030751143,0.24042664057747568,0.04597701149425287,0.7291268323773104,1656,1569,87,1624,3786,202,202,3988,202,144,0
molmo-7b-d-0924,molmo-7b-d-0924,pope,Sphere-Traj-LSTM,proxy_anchor,Diag-Classifier,test,test,pooled,1.0,20260507,,evaluated,,passed,,0.32337673112232496,0.24621459970558585,0.4064134762468236,0.8417946858310807,0.7901813076135403,0.8863233786316296,0.26970916687631424,0.0,0.7138304652644997,1656,1569,87,1624,3786,202,202,3988,202,144,0
molmo-7b-d-0924,molmo-7b-d-0924,pope,Sphere-Traj-LSTM,proxy_anchor,Diag-kNN-tuned,test,test,pooled,1.0,20260507,8,evaluated,,passed,,0.23235357544484664,0.17673923166096367,0.29892411447272915,0.8872698768525235,0.8609504903321555,0.9102892664156688,0.23849184978543883,0.034482758620689655,0.34735500318674317,1656,1569,87,1624,3786,202,202,3988,202,144,0
molmo-7b-d-0924,molmo-7b-d-0924,pope,Sphere-Traj-LSTM,proxy_anchor,Diag-vMF,test,test,pooled,1.0,20260507,,evaluated,,passed,,0.28659937620062476,0.21208652932650326,0.3716369701318842,0.8658857314491257,0.8200885604375469,0.9050114726694998,0.2925299842615585,0.08045977011494253,0.6188655194391333,1656,1569,87,1624,3786,202,202,3988,202,144,0
molmo-7b-d-0924,molmo-7b-d-0924,pope,Sphere-Traj-LSTM,proxy_anchor,Diag-Classifier,test,test,pooled,1.0,20260508,,evaluated,,passed,,0.2886653015606298,0.22125469250845065,0.36957137054800276,0.9141960249957877,0.8886072549163709,0.935909962448821,0.2839845985602664,0.04597701149425287,0.21159974506054813,1656,1569,87,1624,3786,202,202,3988,202,144,0
molmo-7b-d-0924,molmo-7b-d-0924,pope,Sphere-Traj-LSTM,proxy_anchor,Diag-kNN-tuned,test,test,pooled,1.0,20260508,32,evaluated,,passed,,0.05862904849308684,0.045638339679730834,0.08967022361719668,0.5740826208947789,0.5275771102776093,0.6262270315798075,0.06263861281277586,0.011494252873563218,0.7558954748247291,1656,1569,87,1624,3786,202,202,3988,202,144,0
molmo-7b-d-0924,molmo-7b-d-0924,pope,Sphere-Traj-LSTM,proxy_anchor,Diag-vMF,test,test,pooled,1.0,20260508,,evaluated,,passed,,0.10720708773515272,0.07897147563929804,0.14557268503269338,0.7502985282374746,0.7093977845474388,0.7869423396450559,0.1092937228809319,0.011494252873563218,0.5296367112810707,1656,1569,87,1624,3786,202,202,3988,202,144,0
molmo-7b-d-0924,molmo-7b-d-0924,pope,Sphere-Traj-LSTM,proxy_anchor,Diag-Classifier,test,test,pooled,0.5,20260506,,evaluated,,passed,,0.2720997458721181,0.18809817831702821,0.3573878174688789,0.7984806194735647,0.7368008506786597,0.8470684448153675,0.2513852824727437,0.09195402298850575,0.7182919056724028,1656,1569,87,1624,3786,202,101,3887,101,144,0
molmo-7b-d-0924,molmo-7b-d-0924,pope,Sphere-Traj-LSTM,proxy_anchor,Diag-kNN-tuned,test,test,pooled,0.5,20260506,4,evaluated,,passed,,0.22883148314608764,0.16283073502776002,0.3096442449107928,0.8701200706211586,0.8431412703567499,0.8944550323950422,0.23522767267963549,0.06896551724137931,0.35882727852135116,1656,1569,87,1624,3786,202,101,3887,101,144,0
molmo-7b-d-0924,molmo-7b-d-0924,pope,Sphere-Traj-LSTM,proxy_anchor,Diag-vMF,test,test,pooled,0.5,20260506,,evaluated,,passed,,0.28203951439004515,0.20666635087595317,0.36442241817171916,0.8681640696541468,0.8183599999726909,0.9083787213500686,0.28830754935787906,0.09195402298850575,0.662842574888464,1656,1569,87,1624,3786,202,101,3887,101,144,0
molmo-7b-d-0924,molmo-7b-d-0924,pope,Sphere-Traj-LSTM,proxy_anchor,Diag-Classifier,test,test,pooled,0.5,20260507,,evaluated,,passed,,0.3585329838737423,0.27747922347130444,0.45535281365150815,0.9248880976974866,0.9029574228726807,0.9437717944963365,0.3653187733294125,0.14942528735632185,0.28808158062460165,1656,1569,87,1624,3786,202,101,3887,101,144,0
molmo-7b-d-0924,molmo-7b-d-0924,pope,Sphere-Traj-LSTM,proxy_anchor,Diag-kNN-tuned,test,test,pooled,0.5,20260507,1,evaluated,,passed,,0.04618436630259211,0.03529993669123614,0.06002050330550158,0.4596235980161608,0.4013327210707687,0.5141291084865467,0.04772769540211757,0.0,0.9343530911408541,1656,1569,87,1624,3786,202,101,3887,101,144,0
molmo-7b-d-0924,molmo-7b-d-0924,pope,Sphere-Traj-LSTM,proxy_anchor,Diag-vMF,test,test,pooled,0.5,20260507,,evaluated,,passed,,0.09131615241482641,0.0711537029418737,0.11220695115007524,0.7464890881519087,0.7150892101868157,0.7766195068763178,0.09282308366544902,0.0,0.4716379859783301,1656,1569,87,1624,3786,202,101,3887,101,144,0
molmo-7b-d-0924,molmo-7b-d-0924,pope,Sphere-Traj-LSTM,proxy_anchor,Diag-Classifier,test,test,pooled,0.5,20260508,,evaluated,,passed,,0.3531732027298034,0.26352134247148284,0.4589193908548616,0.8662190574566127,0.8180726916078606,0.9087950916170691,0.34607605134412617,0.19540229885057472,0.6405353728489483,1656,1569,87,1624,3786,202,101,3887,101,144,0
molmo-7b-d-0924,molmo-7b-d-0924,pope,Sphere-Traj-LSTM,proxy_anchor,Diag-kNN-tuned,test,test,pooled,0.5,20260508,32,evaluated,,passed,,0.2639802701234068,0.1853431228008889,0.3533951243439976,0.8655853717500714,0.8338651166905315,0.8958546369884377,0.26919843998445686,0.14942528735632185,0.3964308476736775,1656,1569,87,1624,3786,202,101,3887,101,144,0
molmo-7b-d-0924,molmo-7b-d-0924,pope,Sphere-Traj-LSTM,proxy_anchor,Diag-vMF,test,test,pooled,0.5,20260508,,evaluated,,passed,,0.37645169349991536,0.27974545019372377,0.48417491791571027,0.8894310015164502,0.8475172828097066,0.9261046348814742,0.3823686744258017,0.13793103448275862,0.5666029318036966,1656,1569,87,1624,3786,202,101,3887,101,144,0
molmo-7b-d-0924,molmo-7b-d-0924,pope,Sphere-Traj-LSTM,proxy_anchor,Diag-Classifier,test,test,pooled,0.25,20260506,,evaluated,,passed,,0.18852575710173541,0.12556116145767726,0.262127754965764,0.6296271876808568,0.5555430305807558,0.7024045950922331,0.17000614760203334,0.06896551724137931,0.9687699171446782,1656,1569,87,1624,3786,202,50,3836,50,144,0
molmo-7b-d-0924,molmo-7b-d-0924,pope,Sphere-Traj-LSTM,proxy_anchor,Diag-kNN-tuned,test,test,pooled,0.25,20260506,16,evaluated,,passed,,0.30523205996332803,0.2346192800090029,0.39296067980537575,0.9220529951722672,0.8984483279114392,0.9418032123208177,0.3131219193122146,0.08045977011494253,0.212874442319949,1656,1569,87,1624,3786,202,50,3836,50,144,0
molmo-7b-d-0924,molmo-7b-d-0924,pope,Sphere-Traj-LSTM,proxy_anchor,Diag-vMF,test,test,pooled,0.25,20260506,,evaluated,,passed,,0.3069146004377596,0.23672791462831044,0.39248850617003206,0.9052621554105038,0.8595458766027827,0.938308816621195,0.3127568062910102,0.08045977011494253,0.1478648820905035,1656,1569,87,1624,3786,202,50,3836,50,144,0
molmo-7b-d-0924,molmo-7b-d-0924,pope,Sphere-Traj-LSTM,proxy_anchor,Diag-Classifier,test,test,pooled,0.25,20260507,,evaluated,,passed,,0.3700813078379391,0.28950490335822865,0.4650069070205632,0.9365874742679648,0.9141015681592118,0.9556901822457378,0.37676026629239,0.05747126436781609,0.12746972594008923,1656,1569,87,1624,3786,202,50,3836,50,144,0
molmo-7b-d-0924,molmo-7b-d-0924,pope,Sphere-Traj-LSTM,proxy_anchor,Diag-kNN-tuned,test,test,pooled,0.25,20260507,8,evaluated,,passed,,0.17127404396962903,0.11753740220530888,0.2362086531474878,0.797799315765954,0.75832002473538,0.8392731169467897,0.17567641745115556,0.06896551724137931,0.5978330146590185,1656,1569,87,1624,3786,202,50,3836,50,144,0
molmo-7b-d-0924,molmo-7b-d-0924,pope,Sphere-Traj-LSTM,proxy_anchor,Diag-vMF,test,test,pooled,0.25,20260507,,evaluated,,passed,,0.3376797041711143,0.2589182660039164,0.42514691829433854,0.9190127689501331,0.888741447937582,0.9441573491854778,0.34416875063708713,0.05747126436781609,0.21032504780114722,1656,1569,87,1624,3786,202,50,3836,50,144,0
molmo-7b-d-0924,molmo-7b-d-0924,pope,Sphere-Traj-LSTM,proxy_anchor,Diag-Classifier,test,test,pooled,0.25,20260508,,evaluated,,passed,,0.39541284916128117,0.2911074533859689,0.5042021636636151,0.6656556998747281,0.5835161714602775,0.7479382147845948,0.3729073377465995,0.3333333333333333,0.9700446144040791,1656,1569,87,1624,3786,202,50,3836,50,144,0
molmo-7b-d-0924,molmo-7b-d-0924,pope,Sphere-Traj-LSTM,proxy_anchor,Diag-kNN-tuned,test,test,pooled,0.25,20260508,32,evaluated,,passed,,0.4657850248192422,0.3599953825165111,0.57672200827787,0.9338183043596111,0.9109625926623132,0.9532675156694318,0.470645403196698,0.28735632183908044,0.26832377310388783,1656,1569,87,1624,3786,202,50,3836,50,144,0
molmo-7b-d-0924,molmo-7b-d-0924,pope,Sphere-Traj-LSTM,proxy_anchor,Diag-vMF,test,test,pooled,0.25,20260508,,evaluated,,passed,,0.44796048552037726,0.34311194307135023,0.5605308511370649,0.9036944242983671,0.8570455647874321,0.9431205717144214,0.45296556319008113,0.2988505747126437,0.5646908859145953,1656,1569,87,1624,3786,202,50,3836,50,144,0
molmo-7b-d-0924,molmo-7b-d-0924,pope,Sphere-Traj-LSTM,proxy_anchor,Diag-Classifier,test,test,pooled,0.1,20260506,,evaluated,,passed,,0.4368148668923294,0.34484020340386146,0.5439746530224513,0.9424554771689999,0.9256917877169618,0.957968139281284,0.4286736844809291,0.12643678160919541,0.24346717654557043,1656,1569,87,1624,3786,202,20,3806,20,144,0
molmo-7b-d-0924,molmo-7b-d-0924,pope,Sphere-Traj-LSTM,proxy_anchor,Diag-kNN-tuned,test,test,pooled,0.1,20260506,16,evaluated,,passed,,0.4028669394832331,0.3136711276243568,0.5084724225505349,0.9397009589532831,0.923343130111009,0.9545493596535055,0.41072135866000925,0.14942528735632185,0.2198852772466539,1656,1569,87,1624,3786,202,20,3806,20,144,0
molmo-7b-d-0924,molmo-7b-d-0924,pope,Sphere-Traj-LSTM,proxy_anchor,Diag-vMF,test,test,pooled,0.1,20260506,,evaluated,,passed,,0.4280049331637045,0.33271013771383956,0.53699180949073,0.9202654886705786,0.8804355868509186,0.9490497493055275,0.4359378536829705,0.14942528735632185,0.30210325047801145,1656,1569,87,1624,3786,202,20,3806,20,144,0
molmo-7b-d-0924,molmo-7b-d-0924,pope,Sphere-Traj-LSTM,proxy_anchor,Diag-Classifier,test,test,pooled,0.1,20260507,,evaluated,,passed,,0.3655601409939325,0.2753317392091313,0.471337936042156,0.8872039442356578,0.8416922048662155,0.9258832104652375,0.37390085956603397,0.1724137931034483,0.6003824091778203,1656,1569,87,1624,3786,202,20,3806,20,144,0
molmo-7b-d-0924,molmo-7b-d-0924,pope,Sphere-Traj-LSTM,proxy_anchor,Diag-kNN-tuned,test,test,pooled,0.1,20260507,2,evaluated,,passed,,0.15997460439678565,0.11862053425692101,0.2159521080299181,0.8368680541819593,0.805325249971424,0.8634211476803492,0.1679882274021293,0.034482758620689655,0.4047163798597833,1656,1569,87,1624,3786,202,20,3806,20,144,0
molmo-7b-d-0924,molmo-7b-d-0924,pope,Sphere-Traj-LSTM,proxy_anchor,Diag-vMF,test,test,pooled,0.1,20260507,,evaluated,,passed,,0.3351619620748178,0.25925555947705264,0.4316010521379787,0.8957385551965891,0.8555337458612825,0.9313172435220174,0.34355782871641233,0.14942528735632185,0.5060548119821542,1656,1569,87,1624,3786,202,20,3806,20,144,0
molmo-7b-d-0924,molmo-7b-d-0924,pope,Sphere-Traj-LSTM,proxy_anchor,Diag-Classifier,test,test,pooled,0.1,20260508,,evaluated,,passed,,0.1623541030541492,0.10460371659442902,0.24445823573279699,0.7026622125521051,0.6342229215680415,0.7627021116889682,0.16362459767642717,0.08045977011494253,0.8820905035054175,1656,1569,87,1624,3786,202,20,3806,20,144,0
molmo-7b-d-0924,molmo-7b-d-0924,pope,Sphere-Traj-LSTM,proxy_anchor,Diag-kNN-tuned,test,test,pooled,0.1,20260508,32,evaluated,,passed,,0.27651849224463476,0.20332056571964677,0.37647020810603693,0.8859585503615306,0.8581974192408794,0.9122657648821061,0.2840834319379351,0.08045977011494253,0.397068196303378,1656,1569,87,1624,3786,202,20,3806,20,144,0
molmo-7b-d-0924,molmo-7b-d-0924,pope,Sphere-Traj-LSTM,proxy_anchor,Diag-vMF,test,test,pooled,0.1,20260508,,evaluated,,passed,,0.2678132587625159,0.19695923657206968,0.3595692654310415,0.8596587620784891,0.8096753063824002,0.9017815366672607,0.27563757853769566,0.09195402298850575,0.6003824091778203,1656,1569,87,1624,3786,202,20,3806,20,144,0
minicpm-v-4_5,minicpm-v-4_5,pope,Sphere-Traj-LSTM,proxy_anchor,Diag-Classifier,test,test,pooled,1.0,20260506,,evaluated,,passed,,0.3079299530008452,0.18383946283405694,0.4415121635429421,0.7575374235715792,0.6588056039500371,0.8497288969910443,0.2051730003056701,0.0,0.8323845667299178,1620,1581,39,1587,3835,104,104,3939,104,180,0
minicpm-v-4_5,minicpm-v-4_5,pope,Sphere-Traj-LSTM,proxy_anchor,Diag-kNN-tuned,test,test,pooled,1.0,20260506,16,evaluated,,passed,,0.2080667505401678,0.11777509517528885,0.3189934562118549,0.9271476994437147,0.9054077422015551,0.948540195545899,0.21465535880262923,0.05128205128205128,0.20999367488931056,1620,1581,39,1587,3835,104,104,3939,104,180,0
minicpm-v-4_5,minicpm-v-4_5,pope,Sphere-Traj-LSTM,proxy_anchor,Diag-vMF,test,test,pooled,1.0,20260506,,evaluated,,passed,,0.37617352044232527,0.22527785018812263,0.5217272561973073,0.8990415024570622,0.8170622189072796,0.9602837803320562,0.3820294554677032,0.3333333333333333,0.8368121442125237,1620,1581,39,1587,3835,104,104,3939,104,180,0
minicpm-v-4_5,minicpm-v-4_5,pope,Sphere-Traj-LSTM,proxy_anchor,Diag-Classifier,test,test,pooled,1.0,20260507,,evaluated,,passed,,0.39231194246236234,0.24901126406109947,0.5558160491491954,0.886196662287744,0.8041297986480885,0.9520931938676213,0.3439896624795433,0.3333333333333333,0.8760278304870335,1620,1581,39,1587,3835,104,104,3939,104,180,0
minicpm-v-4_5,minicpm-v-4_5,pope,Sphere-Traj-LSTM,proxy_anchor,Diag-kNN-tuned,test,test,pooled,1.0,20260507,16,evaluated,,passed,,0.24630519796005515,0.12674789166507364,0.3818211128998365,0.8645615400833617,0.8261535631393789,0.9034335284765387,0.25097978727573916,0.1794871794871795,0.31752055660974066,1620,1581,39,1587,3835,104,104,3939,104,180,0
minicpm-v-4_5,minicpm-v-4_5,pope,Sphere-Traj-LSTM,proxy_anchor,Diag-vMF,test,test,pooled,1.0,20260507,,evaluated,,passed,,0.4333337934037197,0.2858973554944611,0.581957467153341,0.9269368624207333,0.8788915081547892,0.9653111979979826,0.4379864456523554,0.3333333333333333,0.5148640101201771,1620,1581,39,1587,3835,104,104,3939,104,180,0
minicpm-v-4_5,minicpm-v-4_5,pope,Sphere-Traj-LSTM,proxy_anchor,Diag-Classifier,test,test,pooled,1.0,20260508,,evaluated,,passed,,0.32796172077792396,0.1860423575789009,0.4744635481633406,0.8182503770739066,0.7213659107595758,0.8975069503200209,0.28293901833765817,0.28205128205128205,0.9816571790006325,1620,1581,39,1587,3835,104,104,3939,104,180,0
minicpm-v-4_5,minicpm-v-4_5,pope,Sphere-Traj-LSTM,proxy_anchor,Diag-kNN-tuned,test,test,pooled,1.0,20260508,32,evaluated,,passed,,0.2847063712533503,0.15555395600688013,0.4196006214847269,0.8970304416224719,0.8611531156739489,0.9303451789932388,0.29058481474937015,0.20512820512820512,0.2726122707147375,1620,1581,39,1587,3835,104,104,3939,104,180,0
minicpm-v-4_5,minicpm-v-4_5,pope,Sphere-Traj-LSTM,proxy_anchor,Diag-vMF,test,test,pooled,1.0,20260508,,evaluated,,passed,,0.3723384932981467,0.22145214438837624,0.5110191205973409,0.9089994972347913,0.8429115752493087,0.9600179013992866,0.37821712842645805,0.28205128205128205,0.7058823529411765,1620,1581,39,1587,3835,104,104,3939,104,180,0
minicpm-v-4_5,minicpm-v-4_5,pope,Sphere-Traj-LSTM,proxy_anchor,Diag-Classifier,test,test,pooled,0.5,20260506,,evaluated,,passed,,0.3020422147349862,0.19584015121821344,0.41468133435982807,0.937332749476962,0.913639522233965,0.9573727505345014,0.21016412501096085,0.0,0.24035420619860848,1620,1581,39,1587,3835,104,52,3887,52,180,0
minicpm-v-4_5,minicpm-v-4_5,pope,Sphere-Traj-LSTM,proxy_anchor,Diag-kNN-tuned,test,test,pooled,0.5,20260506,32,evaluated,,passed,,0.24074650435048478,0.12771018261667155,0.3638182337764611,0.9158111549003389,0.8927760167298084,0.9382297880947582,0.2463878318129284,0.10256410256410256,0.18975332068311196,1620,1581,39,1587,3835,104,52,3887,52,180,0
minicpm-v-4_5,minicpm-v-4_5,pope,Sphere-Traj-LSTM,proxy_anchor,Diag-vMF,test,test,pooled,0.5,20260506,,evaluated,,passed,,0.2689288351972581,0.15527494065183015,0.39559472884607066,0.881817739502749,0.7847832767244624,0.9481338916259964,0.2748669551362506,0.10256410256410256,0.9354838709677419,1620,1581,39,1587,3835,104,52,3887,52,180,0
minicpm-v-4_5,minicpm-v-4_5,pope,Sphere-Traj-LSTM,proxy_anchor,Diag-Classifier,test,test,pooled,0.5,20260507,,evaluated,,passed,,0.28742212076259915,0.18314554410273645,0.40769258800433683,0.8812825378290274,0.7904591895868457,0.9542352696039238,0.22385116384499645,0.0,0.9728020240354206,1620,1581,39,1587,3835,104,52,3887,52,180,0
minicpm-v-4_5,minicpm-v-4_5,pope,Sphere-Traj-LSTM,proxy_anchor,Diag-kNN-tuned,test,test,pooled,0.5,20260507,32,evaluated,,passed,,0.16014646561919488,0.07897566887156923,0.26811966428629636,0.8756710293712191,0.8433369416976338,0.9053124122258539,0.16547623231704328,0.15384615384615385,0.28969006957621757,1620,1581,39,1587,3835,104,52,3887,52,180,0
minicpm-v-4_5,minicpm-v-4_5,pope,Sphere-Traj-LSTM,proxy_anchor,Diag-vMF,test,test,pooled,0.5,20260507,,evaluated,,passed,,0.2618533444195614,0.1506773947517009,0.40169016339690344,0.8937381404174574,0.8181099742667796,0.9549658188253359,0.2702179658421615,0.1794871794871795,0.8115117014547755,1620,1581,39,1587,3835,104,52,3887,52,180,0
minicpm-v-4_5,minicpm-v-4_5,pope,Sphere-Traj-LSTM,proxy_anchor,Diag-Classifier,test,test,pooled,0.5,20260508,,evaluated,,passed,,0.26892587374251303,0.15999149970345658,0.4029208324958405,0.9199792406623526,0.8675979642370831,0.9625824466987281,0.28091878779983326,0.2564102564102564,0.5762175838077166,1620,1581,39,1587,3835,104,52,3887,52,180,0
minicpm-v-4_5,minicpm-v-4_5,pope,Sphere-Traj-LSTM,proxy_anchor,Diag-kNN-tuned,test,test,pooled,0.5,20260508,2,evaluated,,passed,,0.040177256408520885,0.027111506039784967,0.05860654558385685,0.7150618725571287,0.6591828288071003,0.7670099730912753,0.04387363522278826,0.0,0.5869702719797596,1620,1581,39,1587,3835,104,52,3887,52,180,0
minicpm-v-4_5,minicpm-v-4_5,pope,Sphere-Traj-LSTM,proxy_anchor,Diag-vMF,test,test,pooled,0.5,20260508,,evaluated,,passed,,0.273267455965777,0.16809436120001767,0.40299548427645643,0.9496910426701697,0.9304145319049837,0.9667007653083785,0.285476387214317,0.1794871794871795,0.2049335863377609,1620,1581,39,1587,3835,104,52,3887,52,180,0
minicpm-v-4_5,minicpm-v-4_5,pope,Sphere-Traj-LSTM,proxy_anchor,Diag-Classifier,test,test,pooled,0.25,20260506,,evaluated,,passed,,0.21174706816903646,0.13209639877952045,0.3224919680181536,0.9299210172075447,0.9006606768801264,0.9546621495414505,0.2210879887999305,0.05128205128205128,0.3143580012650221,1620,1581,39,1587,3835,104,26,3861,26,180,0
minicpm-v-4_5,minicpm-v-4_5,pope,Sphere-Traj-LSTM,proxy_anchor,Diag-kNN-tuned,test,test,pooled,0.25,20260506,32,evaluated,,passed,,0.07105148264601027,0.045443469248689264,0.12199383597946721,0.8208047486984869,0.779851217155774,0.8585237400386355,0.07904937241974315,0.05128205128205128,0.349146110056926,1620,1581,39,1587,3835,104,26,3861,26,180,0
minicpm-v-4_5,minicpm-v-4_5,pope,Sphere-Traj-LSTM,proxy_anchor,Diag-vMF,test,test,pooled,0.25,20260506,,evaluated,,passed,,0.15534640270657918,0.10228002428032089,0.24397819242377403,0.9132162376944161,0.8790974152151355,0.9409717006029356,0.167397025466668,0.05128205128205128,0.3548387096774194,1620,1581,39,1587,3835,104,26,3861,26,180,0
minicpm-v-4_5,minicpm-v-4_5,pope,Sphere-Traj-LSTM,proxy_anchor,Diag-Classifier,test,test,pooled,0.25,20260507,,evaluated,,passed,,0.2420300787253142,0.15370809354370682,0.3611159406880719,0.9069884364002012,0.8393039512013403,0.9643078386061877,0.250588641364731,0.05128205128205128,0.7343453510436433,1620,1581,39,1587,3835,104,26,3861,26,180,0
minicpm-v-4_5,minicpm-v-4_5,pope,Sphere-Traj-LSTM,proxy_anchor,Diag-kNN-tuned,test,test,pooled,0.25,20260507,32,evaluated,,passed,,0.17863019431639965,0.10376152038275895,0.2798015416290941,0.9202873870805559,0.8987240174528903,0.9406400966993838,0.1862611149193948,0.05128205128205128,0.2030360531309298,1620,1581,39,1587,3835,104,26,3861,26,180,0
minicpm-v-4_5,minicpm-v-4_5,pope,Sphere-Traj-LSTM,proxy_anchor,Diag-vMF,test,test,pooled,0.25,20260507,,evaluated,,passed,,0.2447141614531356,0.15175642498423203,0.3656819710185348,0.9199468041972785,0.8697983965474456,0.9618816997605971,0.25395049264140707,0.10256410256410256,0.5433270082226439,1620,1581,39,1587,3835,104,26,3861,26,180,0
minicpm-v-4_5,minicpm-v-4_5,pope,Sphere-Traj-LSTM,proxy_anchor,Diag-Classifier,test,test,pooled,0.25,20260508,,evaluated,,passed,,0.35067738031477486,0.21616699048922916,0.5026692788478723,0.9392140644512561,0.9051668623677767,0.9686901879979579,0.3623862703417042,0.358974358974359,0.38393421884882983,1620,1581,39,1587,3835,104,26,3861,26,180,0
minicpm-v-4_5,minicpm-v-4_5,pope,Sphere-Traj-LSTM,proxy_anchor,Diag-kNN-tuned,test,test,pooled,0.25,20260508,32,evaluated,,passed,,0.03224312917223178,0.02045750929267933,0.051228918549968465,0.6208177232845165,0.5549225615151178,0.6876389358632238,0.03542563566347196,0.0,0.6502213788741303,1620,1581,39,1587,3835,104,26,3861,26,180,0
minicpm-v-4_5,minicpm-v-4_5,pope,Sphere-Traj-LSTM,proxy_anchor,Diag-vMF,test,test,pooled,0.25,20260508,,evaluated,,passed,,0.2626847013814516,0.15396312941155924,0.42468199168252996,0.928331630418917,0.8954519973619314,0.9564515013185947,0.28102184392978075,0.20512820512820512,0.3687539531941809,1620,1581,39,1587,3835,104,26,3861,26,180,0
minicpm-v-4_5,minicpm-v-4_5,pope,Sphere-Traj-LSTM,proxy_anchor,Diag-kNN-tuned,test,test,pooled,0.1,20260506,,skipped,ratio 0.1 would leave fewer than 20 hard negatives (10),skipped,ratio 0.1 would leave fewer than 20 hard negatives (10),nan,nan,nan,nan,nan,nan,nan,nan,nan,0,0,0,0,3835,104,0,3835,0,0,0
minicpm-v-4_5,minicpm-v-4_5,pope,Sphere-Traj-LSTM,proxy_anchor,Diag-Classifier,test,test,pooled,0.1,20260506,,skipped,ratio 0.1 would leave fewer than 20 hard negatives (10),skipped,ratio 0.1 would leave fewer than 20 hard negatives (10),nan,nan,nan,nan,nan,nan,nan,nan,nan,0,0,0,0,3835,104,0,3835,0,0,0
minicpm-v-4_5,minicpm-v-4_5,pope,Sphere-Traj-LSTM,proxy_anchor,Diag-vMF,test,test,pooled,0.1,20260506,,skipped,ratio 0.1 would leave fewer than 20 hard negatives (10),skipped,ratio 0.1 would leave fewer than 20 hard negatives (10),nan,nan,nan,nan,nan,nan,nan,nan,nan,0,0,0,0,3835,104,0,3835,0,0,0
minicpm-v-4_5,minicpm-v-4_5,pope,Sphere-Traj-LSTM,proxy_anchor,Diag-kNN-tuned,test,test,pooled,0.1,20260507,,skipped,ratio 0.1 would leave fewer than 20 hard negatives (10),skipped,ratio 0.1 would leave fewer than 20 hard negatives (10),nan,nan,nan,nan,nan,nan,nan,nan,nan,0,0,0,0,3835,104,0,3835,0,0,0
minicpm-v-4_5,minicpm-v-4_5,pope,Sphere-Traj-LSTM,proxy_anchor,Diag-Classifier,test,test,pooled,0.1,20260507,,skipped,ratio 0.1 would leave fewer than 20 hard negatives (10),skipped,ratio 0.1 would leave fewer than 20 hard negatives (10),nan,nan,nan,nan,nan,nan,nan,nan,nan,0,0,0,0,3835,104,0,3835,0,0,0
minicpm-v-4_5,minicpm-v-4_5,pope,Sphere-Traj-LSTM,proxy_anchor,Diag-vMF,test,test,pooled,0.1,20260507,,skipped,ratio 0.1 would leave fewer than 20 hard negatives (10),skipped,ratio 0.1 would leave fewer than 20 hard negatives (10),nan,nan,nan,nan,nan,nan,nan,nan,nan,0,0,0,0,3835,104,0,3835,0,0,0
minicpm-v-4_5,minicpm-v-4_5,pope,Sphere-Traj-LSTM,proxy_anchor,Diag-kNN-tuned,test,test,pooled,0.1,20260508,,skipped,ratio 0.1 would leave fewer than 20 hard negatives (10),skipped,ratio 0.1 would leave fewer than 20 hard negatives (10),nan,nan,nan,nan,nan,nan,nan,nan,nan,0,0,0,0,3835,104,0,3835,0,0,0
minicpm-v-4_5,minicpm-v-4_5,pope,Sphere-Traj-LSTM,proxy_anchor,Diag-Classifier,test,test,pooled,0.1,20260508,,skipped,ratio 0.1 would leave fewer than 20 hard negatives (10),skipped,ratio 0.1 would leave fewer than 20 hard negatives (10),nan,nan,nan,nan,nan,nan,nan,nan,nan,0,0,0,0,3835,104,0,3835,0,0,0
minicpm-v-4_5,minicpm-v-4_5,pope,Sphere-Traj-LSTM,proxy_anchor,Diag-vMF,test,test,pooled,0.1,20260508,,skipped,ratio 0.1 would leave fewer than 20 hard negatives (10),skipped,ratio 0.1 would leave fewer than 20 hard negatives (10),nan,nan,nan,nan,nan,nan,nan,nan,nan,0,0,0,0,3835,104,0,3835,0,0,0
llava-v1.5-7b,llava-v1.5-7b,pope,Sphere-Traj-LSTM,proxy_anchor,Diag-Classifier,test,test,pooled,1.0,20260506,,evaluated,,passed,,0.42896248045581803,0.34428253459893593,0.5262208790720629,0.935779264536003,0.9205064450682156,0.9509299142202344,0.4337878793414144,0.1792452830188679,0.19579081632653061,1674,1568,106,1562,3633,302,302,3935,302,126,0
llava-v1.5-7b,llava-v1.5-7b,pope,Sphere-Traj-LSTM,proxy_anchor,Diag-kNN-tuned,test,test,pooled,1.0,20260506,32,evaluated,,passed,,0.08495991305286697,0.052420205369728065,0.13276272611685358,0.398494657296881,0.31876571624269967,0.4668674746382332,0.08848792084954885,0.04716981132075472,0.9872448979591837,1674,1568,106,1562,3633,302,302,3935,302,126,0
llava-v1.5-7b,llava-v1.5-7b,pope,Sphere-Traj-LSTM,proxy_anchor,Diag-vMF,test,test,pooled,1.0,20260506,,evaluated,,passed,,0.11871047480552162,0.09589028981881775,0.14253003427983724,0.7711903157489411,0.7419906359538547,0.7985067400473004,0.12050373452972576,0.0,0.47130102040816324,1674,1568,106,1562,3633,302,302,3935,302,126,0
llava-v1.5-7b,llava-v1.5-7b,pope,Sphere-Traj-LSTM,proxy_anchor,Diag-Classifier,test,test,pooled,1.0,20260507,,evaluated,,passed,,0.3486771395605717,0.2777324668575459,0.43232763387490314,0.9245884674624567,0.9075054981411003,0.9396122208345267,0.3541507952269461,0.10377358490566038,0.2002551020408163,1674,1568,106,1562,3633,302,302,3935,302,126,0
llava-v1.5-7b,llava-v1.5-7b,pope,Sphere-Traj-LSTM,proxy_anchor,Diag-kNN-tuned,test,test,pooled,1.0,20260507,32,evaluated,,passed,,0.08065000570724731,0.056189867766164026,0.11934590916141652,0.4637081247593377,0.3901633454400821,0.5372294558837143,0.08441067584320135,0.009433962264150943,0.9866071428571429,1674,1568,106,1562,3633,302,302,3935,302,126,0
llava-v1.5-7b,llava-v1.5-7b,pope,Sphere-Traj-LSTM,proxy_anchor,Diag-vMF,test,test,pooled,1.0,20260507,,evaluated,,passed,,0.13465290799286114,0.10876553855039381,0.16185883135171908,0.8002623219098961,0.7741994174194672,0.8255248926209872,0.1366281080709129,0.0,0.4330357142857143,1674,1568,106,1562,3633,302,302,3935,302,126,0
llava-v1.5-7b,llava-v1.5-7b,pope,Sphere-Traj-LSTM,proxy_anchor,Diag-Classifier,test,test,pooled,1.0,20260508,,evaluated,,passed,,0.39800589732221126,0.31120529046236584,0.48853987104235796,0.9224285232961109,0.9056415278111234,0.9382001746454933,0.4026667243505989,0.1509433962264151,0.22066326530612246,1674,1568,106,1562,3633,302,302,3935,302,126,0
llava-v1.5-7b,llava-v1.5-7b,pope,Sphere-Traj-LSTM,proxy_anchor,Diag-kNN-tuned,test,test,pooled,1.0,20260508,32,evaluated,,passed,,0.08527468094220444,0.05276547707636686,0.1325853282399681,0.48587913939160565,0.439156372249798,0.5386142815322759,0.08722636357925657,0.03773584905660377,0.7997448979591837,1674,1568,106,1562,3633,302,302,3935,302,126,0
llava-v1.5-7b,llava-v1.5-7b,pope,Sphere-Traj-LSTM,proxy_anchor,Diag-vMF,test,test,pooled,1.0,20260508,,evaluated,,passed,,0.18767073956117472,0.13814549707052556,0.25383094672169204,0.8026629283788986,0.7681645602414551,0.8344319994782488,0.19173504340915615,0.04716981132075472,0.4700255102040816,1674,1568,106,1562,3633,302,302,3935,302,126,0
llava-v1.5-7b,llava-v1.5-7b,pope,Sphere-Traj-LSTM,proxy_anchor,Diag-Classifier,test,test,pooled,0.5,20260506,,evaluated,,passed,,0.3146795146251837,0.25007777366779466,0.3970268331778316,0.9071795581440123,0.8863841257847013,0.9275739499060336,0.3012086103053782,0.04716981132075472,0.2755102040816326,1674,1568,106,1562,3633,302,151,3784,151,126,0
llava-v1.5-7b,llava-v1.5-7b,pope,Sphere-Traj-LSTM,proxy_anchor,Diag-kNN-tuned,test,test,pooled,0.5,20260506,32,evaluated,,passed,,0.2477890944811964,0.180454840898623,0.32454663367167974,0.8332270408163265,0.8001616626760427,0.8644057351696441,0.25216121525289253,0.04716981132075472,0.3909438775510204,1674,1568,106,1562,3633,302,151,3784,151,126,0
llava-v1.5-7b,llava-v1.5-7b,pope,Sphere-Traj-LSTM,proxy_anchor,Diag-vMF,test,test,pooled,0.5,20260506,,evaluated,,passed,,0.290144057068962,0.22254765990534003,0.37414024900143167,0.8679666442048518,0.8352416980860571,0.8982041707335219,0.29468704746621766,0.04716981132075472,0.46683673469387754,1674,1568,106,1562,3633,302,151,3784,151,126,0
llava-v1.5-7b,llava-v1.5-7b,pope,Sphere-Traj-LSTM,proxy_anchor,Diag-Classifier,test,test,pooled,0.5,20260507,,evaluated,,passed,,0.3839467757644138,0.303539906732336,0.4854369518121071,0.928806074316519,0.9122469547178179,0.9439622383604799,0.3898901024645306,0.09433962264150944,0.1868622448979592,1674,1568,106,1562,3633,302,151,3784,151,126,0
llava-v1.5-7b,llava-v1.5-7b,pope,Sphere-Traj-LSTM,proxy_anchor,Diag-kNN-tuned,test,test,pooled,0.5,20260507,32,evaluated,,passed,,0.07015818199161274,0.051333821321745805,0.09893183609176162,0.48018747593376976,0.42356874543648737,0.5354541913898617,0.07272846714405123,0.018867924528301886,0.9183673469387755,1674,1568,106,1562,3633,302,151,3784,151,126,0
llava-v1.5-7b,llava-v1.5-7b,pope,Sphere-Traj-LSTM,proxy_anchor,Diag-vMF,test,test,pooled,0.5,20260507,,evaluated,,passed,,0.1350146711274507,0.10915828006376392,0.16231124207886843,0.8027922843665768,0.779194585155556,0.8266150012848826,0.1369568982978044,0.0,0.40688775510204084,1674,1568,106,1562,3633,302,151,3784,151,126,0
llava-v1.5-7b,llava-v1.5-7b,pope,Sphere-Traj-LSTM,proxy_anchor,Diag-Classifier,test,test,pooled,0.5,20260508,,evaluated,,passed,,0.29768041227784603,0.23160520302558898,0.37606220069605295,0.9013946380438967,0.8817729355350472,0.9196187753476861,0.2885364916867387,0.0660377358490566,0.24298469387755103,1674,1568,106,1562,3633,302,151,3784,151,126,0
llava-v1.5-7b,llava-v1.5-7b,pope,Sphere-Traj-LSTM,proxy_anchor,Diag-kNN-tuned,test,test,pooled,0.5,20260508,32,evaluated,,passed,,0.16768009446929938,0.12014918512908121,0.227796821862572,0.7391762129380054,0.6947306130456518,0.7809235055866839,0.17344852160190272,0.04716981132075472,0.6823979591836735,1674,1568,106,1562,3633,302,151,3784,151,126,0
llava-v1.5-7b,llava-v1.5-7b,pope,Sphere-Traj-LSTM,proxy_anchor,Diag-vMF,test,test,pooled,0.5,20260508,,evaluated,,passed,,0.23299487495733692,0.18142597761867937,0.30285280266364517,0.847095206006931,0.8107342729462074,0.8776024445188179,0.2393597574862013,0.05660377358490566,0.4604591836734694,1674,1568,106,1562,3633,302,151,3784,151,126,0
llava-v1.5-7b,llava-v1.5-7b,pope,Sphere-Traj-LSTM,proxy_anchor,Diag-Classifier,test,test,pooled,0.25,20260506,,evaluated,,passed,,0.403819979552132,0.31953892769825404,0.5073744416228584,0.9285232961108972,0.9132357853919442,0.9439924698509422,0.41044006654215964,0.16037735849056603,0.22448979591836735,1674,1568,106,1562,3633,302,75,3708,75,126,0
llava-v1.5-7b,llava-v1.5-7b,pope,Sphere-Traj-LSTM,proxy_anchor,Diag-kNN-tuned,test,test,pooled,0.25,20260506,32,evaluated,,passed,,0.12664338169891648,0.08598097156686613,0.1872904058469428,0.5790395167500964,0.5192744549095827,0.6402093891286158,0.1318198859765345,0.07547169811320754,0.8858418367346939,1674,1568,106,1562,3633,302,75,3708,75,126,0
llava-v1.5-7b,llava-v1.5-7b,pope,Sphere-Traj-LSTM,proxy_anchor,Diag-vMF,test,test,pooled,0.25,20260506,,evaluated,,passed,,0.1496406433911179,0.11855066778092414,0.18419228828634035,0.8140883711975356,0.7864136590197109,0.8412574640329541,0.15259064401246988,0.0,0.45408163265306123,1674,1568,106,1562,3633,302,75,3708,75,126,0
llava-v1.5-7b,llava-v1.5-7b,pope,Sphere-Traj-LSTM,proxy_anchor,Diag-Classifier,test,test,pooled,0.25,20260507,,evaluated,,passed,,0.5029298050120986,0.3986069840660944,0.6048449118539649,0.9335350885637275,0.9130568935101974,0.951071196561796,0.4872845304763503,0.27358490566037735,0.29017857142857145,1674,1568,106,1562,3633,302,75,3708,75,126,0
llava-v1.5-7b,llava-v1.5-7b,pope,Sphere-Traj-LSTM,proxy_anchor,Diag-kNN-tuned,test,test,pooled,0.25,20260507,32,evaluated,,passed,,0.4152032917339795,0.324109526329229,0.5169069540588237,0.9007207835964575,0.8757105806937886,0.9234559531758245,0.4232074530904224,0.2358490566037736,0.37563775510204084,1674,1568,106,1562,3633,302,75,3708,75,126,0
llava-v1.5-7b,llava-v1.5-7b,pope,Sphere-Traj-LSTM,proxy_anchor,Diag-vMF,test,test,pooled,0.25,20260507,,evaluated,,passed,,0.45881541214682126,0.3633437815430744,0.5605701861888119,0.9097817192914902,0.8766874041878551,0.9382481464535839,0.46694185897562734,0.2358490566037736,0.5102040816326531,1674,1568,106,1562,3633,302,75,3708,75,126,0
llava-v1.5-7b,llava-v1.5-7b,pope,Sphere-Traj-LSTM,proxy_anchor,Diag-Classifier,test,test,pooled,0.25,20260508,,evaluated,,passed,,0.37337164203583195,0.2766832540099795,0.4708199612531496,0.8279384867154409,0.7817294808779961,0.8641966555742393,0.3561420990896099,0.2358490566037736,0.6052295918367347,1674,1568,106,1562,3633,302,75,3708,75,126,0
llava-v1.5-7b,llava-v1.5-7b,pope,Sphere-Traj-LSTM,proxy_anchor,Diag-kNN-tuned,test,test,pooled,0.25,20260508,32,evaluated,,passed,,0.3185954777249237,0.23566765005467596,0.41443988233781387,0.8515594917212169,0.8177539086078636,0.8800074979337421,0.3266357709436544,0.24528301886792453,0.5389030612244898,1674,1568,106,1562,3633,302,75,3708,75,126,0
llava-v1.5-7b,llava-v1.5-7b,pope,Sphere-Traj-LSTM,proxy_anchor,Diag-vMF,test,test,pooled,0.25,20260508,,evaluated,,passed,,0.35115946693605626,0.2663964482441177,0.4491945251768832,0.8766846361185984,0.8405482633881329,0.9067813424306375,0.3592749067327495,0.24528301886792453,0.5554846938775511,1674,1568,106,1562,3633,302,75,3708,75,126,0
llava-v1.5-7b,llava-v1.5-7b,pope,Sphere-Traj-LSTM,proxy_anchor,Diag-Classifier,test,test,pooled,0.1,20260506,,evaluated,,passed,,0.3381073966239094,0.27019470875121154,0.4294187483635635,0.9211229303041971,0.9054406638810892,0.9364102062359771,0.34696786780484357,0.12264150943396226,0.1875,1674,1568,106,1562,3633,302,30,3663,30,126,0
llava-v1.5-7b,llava-v1.5-7b,pope,Sphere-Traj-LSTM,proxy_anchor,Diag-kNN-tuned,test,test,pooled,0.1,20260506,32,evaluated,,passed,,0.1991234843272535,0.1439093418512296,0.2683075794370262,0.8037639584135541,0.7677845079207111,0.8368988448837978,0.20732333154117172,0.10377358490566038,0.5567602040816326,1674,1568,106,1562,3633,302,30,3663,30,126,0
llava-v1.5-7b,llava-v1.5-7b,pope,Sphere-Traj-LSTM,proxy_anchor,Diag-vMF,test,test,pooled,0.1,20260506,,evaluated,,passed,,0.252496175415994,0.1850701224370638,0.33622526021627225,0.8527838611859839,0.8237684360366616,0.8800664805047175,0.2618204755546016,0.14150943396226415,0.4604591836734694,1674,1568,106,1562,3633,302,30,3663,30,126,0
llava-v1.5-7b,llava-v1.5-7b,pope,Sphere-Traj-LSTM,proxy_anchor,Diag-Classifier,test,test,pooled,0.1,20260507,,evaluated,,passed,,0.36082323937471317,0.28440229533101763,0.4577281464247401,0.9182710820177127,0.9000259979148053,0.936674229997577,0.3683324442248998,0.14150943396226415,0.23533163265306123,1674,1568,106,1562,3633,302,30,3663,30,126,0
llava-v1.5-7b,llava-v1.5-7b,pope,Sphere-Traj-LSTM,proxy_anchor,Diag-kNN-tuned,test,test,pooled,0.1,20260507,32,evaluated,,passed,,0.22183332298637784,0.15689687245650605,0.3036376155776327,0.7843966596072391,0.7473431453178252,0.8210730996493641,0.22865082994126734,0.11320754716981132,0.49936224489795916,1674,1568,106,1562,3633,302,30,3663,30,126,0
llava-v1.5-7b,llava-v1.5-7b,pope,Sphere-Traj-LSTM,proxy_anchor,Diag-vMF,test,test,pooled,0.1,20260507,,evaluated,,passed,,0.34158287899803474,0.2623217490380774,0.43347480524016196,0.8914252021563343,0.8580567482792701,0.920304698942495,0.34885580148329437,0.1509433962264151,0.36415816326530615,1674,1568,106,1562,3633,302,30,3663,30,126,0
llava-v1.5-7b,llava-v1.5-7b,pope,Sphere-Traj-LSTM,proxy_anchor,Diag-Classifier,test,test,pooled,0.1,20260508,,evaluated,,passed,,0.39621603387981164,0.3160164209382798,0.48677351369587313,0.9325002406623026,0.918304789086231,0.946966947215972,0.4020262673669489,0.07547169811320754,0.17793367346938777,1674,1568,106,1562,3633,302,30,3663,30,126,0
llava-v1.5-7b,llava-v1.5-7b,pope,Sphere-Traj-LSTM,proxy_anchor,Diag-kNN-tuned,test,test,pooled,0.1,20260508,16,evaluated,,passed,,0.03950025600868521,0.03212674432015418,0.0480668129870007,0.2593677801309203,0.21703825245744668,0.30417254939819666,0.04040773991872887,0.0,0.9700255102040817,1674,1568,106,1562,3633,302,30,3663,30,126,0
llava-v1.5-7b,llava-v1.5-7b,pope,Sphere-Traj-LSTM,proxy_anchor,Diag-vMF,test,test,pooled,0.1,20260508,,evaluated,,passed,,0.12177409782890183,0.09990287679631736,0.145935444888553,0.7800647381594148,0.7550421156964201,0.804125291616234,0.12350815505698161,0.0,0.3705357142857143,1674,1568,106,1562,3633,302,30,3663,30,126,0
qwen2.5-vl-7b,qwen2.5-vl-7b,pope,Sphere-Traj-LSTM,proxy_anchor,Diag-Classifier,test,test,pooled,1.0,20260506,,evaluated,,passed,,0.1931904012615242,0.08058807789757146,0.3317180632415986,0.9086043533930858,0.8619944548256433,0.9463026368048284,0.1426215535097815,0.16,0.33418693982074266,1587,1562,25,1588,3794,101,101,3895,101,213,0
qwen2.5-vl-7b,qwen2.5-vl-7b,pope,Sphere-Traj-LSTM,proxy_anchor,Diag-kNN-tuned,test,test,pooled,1.0,20260506,32,evaluated,,passed,,0.13329164112646524,0.02663012174490767,0.27785041495175156,0.79854033290653,0.7323928249772197,0.860768315351421,0.13783594082406306,0.16,0.4801536491677337,1587,1562,25,1588,3794,101,101,3895,101,213,0
qwen2.5-vl-7b,qwen2.5-vl-7b,pope,Sphere-Traj-LSTM,proxy_anchor,Diag-vMF,test,test,pooled,1.0,20260506,,evaluated,,passed,,0.1797871836417156,0.058017684198308835,0.3320363206109237,0.8379513444302176,0.730901683208183,0.9260563832859621,0.1866155538811642,0.16,0.7682458386683739,1587,1562,25,1588,3794,101,101,3895,101,213,0
qwen2.5-vl-7b,qwen2.5-vl-7b,pope,Sphere-Traj-LSTM,proxy_anchor,Diag-Classifier,test,test,pooled,1.0,20260507,,evaluated,,passed,,0.1458428886304887,0.05255586900213582,0.2790615639910233,0.5861203585147248,0.4165816587351101,0.7489839198109016,0.08541676555880612,0.0,0.998719590268886,1587,1562,25,1588,3794,101,101,3895,101,213,0
qwen2.5-vl-7b,qwen2.5-vl-7b,pope,Sphere-Traj-LSTM,proxy_anchor,Diag-kNN-tuned,test,test,pooled,1.0,20260507,4,evaluated,,passed,,0.19145255577159717,0.06920521274761472,0.3440125142245117,0.8743405889884763,0.8006835332073582,0.9339373412352645,0.19938718780538753,0.16,0.5160051216389244,1587,1562,25,1588,3794,101,101,3895,101,213,0
qwen2.5-vl-7b,qwen2.5-vl-7b,pope,Sphere-Traj-LSTM,proxy_anchor,Diag-vMF,test,test,pooled,1.0,20260507,,evaluated,,passed,,0.1771471113360057,0.05561642082244683,0.32608785712734334,0.7893982074263763,0.6590414689139362,0.9050255316016332,0.18411367016601474,0.16,0.8572343149807938,1587,1562,25,1588,3794,101,101,3895,101,213,0
qwen2.5-vl-7b,qwen2.5-vl-7b,pope,Sphere-Traj-LSTM,proxy_anchor,Diag-Classifier,test,test,pooled,1.0,20260508,,evaluated,,passed,,0.19108430633892534,0.06122164049342843,0.3567196568125973,0.8000256081946222,0.6785827971680756,0.9094953777371786,0.19955188240420785,0.2,0.8028169014084507,1587,1562,25,1588,3794,101,101,3895,101,213,0
qwen2.5-vl-7b,qwen2.5-vl-7b,pope,Sphere-Traj-LSTM,proxy_anchor,Diag-kNN-tuned,test,test,pooled,1.0,20260508,32,evaluated,,passed,,0.029673647377764716,0.014561880002616396,0.06745669892253203,0.6695774647887325,0.5933495518565941,0.7496840915222731,0.037922574288087124,0.08,0.6011523687580026,1587,1562,25,1588,3794,101,101,3895,101,213,0
qwen2.5-vl-7b,qwen2.5-vl-7b,pope,Sphere-Traj-LSTM,proxy_anchor,Diag-vMF,test,test,pooled,1.0,20260508,,evaluated,,passed,,0.12495792516247961,0.05725979216337021,0.23135543847387463,0.8522151088348271,0.7483460381844235,0.9430009081728565,0.143055040047635,0.2,0.7906530089628682,1587,1562,25,1588,3794,101,101,3895,101,213,0
qwen2.5-vl-7b,qwen2.5-vl-7b,pope,Sphere-Traj-LSTM,proxy_anchor,Diag-Classifier,test,test,pooled,0.5,20260506,,evaluated,,passed,,0.14985373087080806,0.04981900019323807,0.3023452622472927,0.6441741357234316,0.49748276437228955,0.77806002596937,0.10702502869375367,0.2,0.9615877080665813,1587,1562,25,1588,3794,101,50,3844,50,213,0
qwen2.5-vl-7b,qwen2.5-vl-7b,pope,Sphere-Traj-LSTM,proxy_anchor,Diag-kNN-tuned,test,test,pooled,0.5,20260506,32,evaluated,,passed,,0.0986426190613127,0.04651809327290615,0.20559855026564902,0.8776440460947503,0.8237060684823675,0.9225094252503493,0.12103487580185097,0.12,0.3879641485275288,1587,1562,25,1588,3794,101,50,3844,50,213,0
qwen2.5-vl-7b,qwen2.5-vl-7b,pope,Sphere-Traj-LSTM,proxy_anchor,Diag-vMF,test,test,pooled,0.5,20260506,,evaluated,,passed,,0.1317818113968589,0.05979641104408013,0.25635968523088976,0.806427656850192,0.6733242118065096,0.916114390555201,0.15674355784629487,0.24,0.8425096030729834,1587,1562,25,1588,3794,101,50,3844,50,213,0
qwen2.5-vl-7b,qwen2.5-vl-7b,pope,Sphere-Traj-LSTM,proxy_anchor,Diag-Classifier,test,test,pooled,0.5,20260507,,evaluated,,passed,,0.11969359219785228,0.05713487928735979,0.2114844144106633,0.893495518565941,0.836940679424705,0.9428217487311318,0.13769945660178448,0.12,0.4142125480153649,1587,1562,25,1588,3794,101,50,3844,50,213,0
qwen2.5-vl-7b,qwen2.5-vl-7b,pope,Sphere-Traj-LSTM,proxy_anchor,Diag-kNN-tuned,test,test,pooled,0.5,20260507,32,evaluated,,passed,,0.05338146487888388,0.023478032937339532,0.10972284104996696,0.7690396927016645,0.6960022142997697,0.8402100855328215,0.06390217456047312,0.08,0.5563380281690141,1587,1562,25,1588,3794,101,50,3844,50,213,0
qwen2.5-vl-7b,qwen2.5-vl-7b,pope,Sphere-Traj-LSTM,proxy_anchor,Diag-vMF,test,test,pooled,0.5,20260507,,evaluated,,passed,,0.07587257573793656,0.03173989179943109,0.14565250824136167,0.7701664532650447,0.6608374394953586,0.8728767327075446,0.0866690102506242,0.08,0.8169014084507042,1587,1562,25,1588,3794,101,50,3844,50,213,0
qwen2.5-vl-7b,qwen2.5-vl-7b,pope,Sphere-Traj-LSTM,proxy_anchor,Diag-Classifier,test,test,pooled,0.5,20260508,,evaluated,,passed,,0.17331216323611803,0.06097723093585577,0.33098633556456997,0.7536747759282971,0.621826693132452,0.8727728745936838,0.140082604650763,0.16,0.9014084507042254,1587,1562,25,1588,3794,101,50,3844,50,213,0
qwen2.5-vl-7b,qwen2.5-vl-7b,pope,Sphere-Traj-LSTM,proxy_anchor,Diag-kNN-tuned,test,test,pooled,0.5,20260508,16,evaluated,,passed,,0.11486407457396614,0.04733983997330939,0.2434059965778749,0.852291933418694,0.7976003321250177,0.9085012397672142,0.1390618572176807,0.28,0.4199743918053777,1587,1562,25,1588,3794,101,50,3844,50,213,0
qwen2.5-vl-7b,qwen2.5-vl-7b,pope,Sphere-Traj-LSTM,proxy_anchor,Diag-vMF,test,test,pooled,0.5,20260508,,evaluated,,passed,,0.12144088692843837,0.05728657218818698,0.23985869206982047,0.8715749039692702,0.8014586927680335,0.9358777972722048,0.14493325476496755,0.16,0.5313700384122919,1587,1562,25,1588,3794,101,50,3844,50,213,0
qwen2.5-vl-7b,qwen2.5-vl-7b,pope,Sphere-Traj-LSTM,proxy_anchor,Diag-Classifier,test,test,pooled,0.25,20260506,,evaluated,,passed,,0.11862226076646341,0.03572599680623799,0.26649298046482467,0.5454673495518566,0.37563228214808414,0.7122268096706548,0.11675011539580232,0.24,0.9852752880921894,1587,1562,25,1588,3794,101,25,3819,25,213,0
qwen2.5-vl-7b,qwen2.5-vl-7b,pope,Sphere-Traj-LSTM,proxy_anchor,Diag-kNN-tuned,test,test,pooled,0.25,20260506,16,evaluated,,passed,,0.13358910594250487,0.06372444667110946,0.2524287821094775,0.8779513444302176,0.8132069124527084,0.9381308347841318,0.15294361913204224,0.2,0.4910371318822023,1587,1562,25,1588,3794,101,25,3819,25,213,0
qwen2.5-vl-7b,qwen2.5-vl-7b,pope,Sphere-Traj-LSTM,proxy_anchor,Diag-vMF,test,test,pooled,0.25,20260506,,evaluated,,passed,,0.1453083540134184,0.06853427403776671,0.2708293282798027,0.8224583866837388,0.6945281875899283,0.9403251453239398,0.16493520705793635,0.24,0.8245838668373879,1587,1562,25,1588,3794,101,25,3819,25,213,0
qwen2.5-vl-7b,qwen2.5-vl-7b,pope,Sphere-Traj-LSTM,proxy_anchor,Diag-Classifier,test,test,pooled,0.25,20260507,,evaluated,,passed,,0.07285722574677868,0.013941241313313773,0.1679610354821209,0.5499871959026889,0.4268599776031546,0.6778659063993862,0.041761480249862655,0.08,0.882842509603073,1587,1562,25,1588,3794,101,25,3819,25,213,0
qwen2.5-vl-7b,qwen2.5-vl-7b,pope,Sphere-Traj-LSTM,proxy_anchor,Diag-kNN-tuned,test,test,pooled,0.25,20260507,32,evaluated,,passed,,0.08680117507841939,0.044585952087903655,0.17845238446330414,0.8839948783610756,0.8352745790781275,0.9253827470260315,0.10734270296404512,0.08,0.38412291933418696,1587,1562,25,1588,3794,101,25,3819,25,213,0
qwen2.5-vl-7b,qwen2.5-vl-7b,pope,Sphere-Traj-LSTM,proxy_anchor,Diag-vMF,test,test,pooled,0.25,20260507,,evaluated,,passed,,0.08518513684776363,0.036569778063157594,0.18011607314076694,0.7104737516005122,0.5533408856647003,0.853013883495883,0.10617163337914338,0.08,0.9353393085787451,1587,1562,25,1588,3794,101,25,3819,25,213,0
qwen2.5-vl-7b,qwen2.5-vl-7b,pope,Sphere-Traj-LSTM,proxy_anchor,Diag-Classifier,test,test,pooled,0.25,20260508,,evaluated,,passed,,0.1407410711181645,0.04779626893249455,0.28290950556643435,0.7970550576184379,0.6903260383354989,0.8968590251083944,0.12303884233085853,0.16,0.763764404609475,1587,1562,25,1588,3794,101,25,3819,25,213,0
qwen2.5-vl-7b,qwen2.5-vl-7b,pope,Sphere-Traj-LSTM,proxy_anchor,Diag-kNN-tuned,test,test,pooled,0.25,20260508,8,evaluated,,passed,,0.11103274873174285,0.0560557891624028,0.22215548367316326,0.8918565941101152,0.8356539366055958,0.9410913654095151,0.13399884196280756,0.08,0.44302176696542894,1587,1562,25,1588,3794,101,25,3819,25,213,0
qwen2.5-vl-7b,qwen2.5-vl-7b,pope,Sphere-Traj-LSTM,proxy_anchor,Diag-vMF,test,test,pooled,0.25,20260508,,evaluated,,passed,,0.0929899428605564,0.0398779479611325,0.2025786771809376,0.747426376440461,0.6167390995602338,0.8718471455865016,0.11509100980789848,0.16,0.8450704225352113,1587,1562,25,1588,3794,101,25,3819,25,213,0
qwen2.5-vl-7b,qwen2.5-vl-7b,pope,Sphere-Traj-LSTM,proxy_anchor,Diag-kNN-tuned,test,test,pooled,0.1,20260506,,skipped,ratio 0.1 would leave fewer than 20 hard negatives (10),skipped,ratio 0.1 would leave fewer than 20 hard negatives (10),nan,nan,nan,nan,nan,nan,nan,nan,nan,0,0,0,0,3794,101,0,3794,0,0,0
qwen2.5-vl-7b,qwen2.5-vl-7b,pope,Sphere-Traj-LSTM,proxy_anchor,Diag-Classifier,test,test,pooled,0.1,20260506,,skipped,ratio 0.1 would leave fewer than 20 hard negatives (10),skipped,ratio 0.1 would leave fewer than 20 hard negatives (10),nan,nan,nan,nan,nan,nan,nan,nan,nan,0,0,0,0,3794,101,0,3794,0,0,0
qwen2.5-vl-7b,qwen2.5-vl-7b,pope,Sphere-Traj-LSTM,proxy_anchor,Diag-vMF,test,test,pooled,0.1,20260506,,skipped,ratio 0.1 would leave fewer than 20 hard negatives (10),skipped,ratio 0.1 would leave fewer than 20 hard negatives (10),nan,nan,nan,nan,nan,nan,nan,nan,nan,0,0,0,0,3794,101,0,3794,0,0,0
qwen2.5-vl-7b,qwen2.5-vl-7b,pope,Sphere-Traj-LSTM,proxy_anchor,Diag-kNN-tuned,test,test,pooled,0.1,20260507,,skipped,ratio 0.1 would leave fewer than 20 hard negatives (10),skipped,ratio 0.1 would leave fewer than 20 hard negatives (10),nan,nan,nan,nan,nan,nan,nan,nan,nan,0,0,0,0,3794,101,0,3794,0,0,0
qwen2.5-vl-7b,qwen2.5-vl-7b,pope,Sphere-Traj-LSTM,proxy_anchor,Diag-Classifier,test,test,pooled,0.1,20260507,,skipped,ratio 0.1 would leave fewer than 20 hard negatives (10),skipped,ratio 0.1 would leave fewer than 20 hard negatives (10),nan,nan,nan,nan,nan,nan,nan,nan,nan,0,0,0,0,3794,101,0,3794,0,0,0
qwen2.5-vl-7b,qwen2.5-vl-7b,pope,Sphere-Traj-LSTM,proxy_anchor,Diag-vMF,test,test,pooled,0.1,20260507,,skipped,ratio 0.1 would leave fewer than 20 hard negatives (10),skipped,ratio 0.1 would leave fewer than 20 hard negatives (10),nan,nan,nan,nan,nan,nan,nan,nan,nan,0,0,0,0,3794,101,0,3794,0,0,0
qwen2.5-vl-7b,qwen2.5-vl-7b,pope,Sphere-Traj-LSTM,proxy_anchor,Diag-kNN-tuned,test,test,pooled,0.1,20260508,,skipped,ratio 0.1 would leave fewer than 20 hard negatives (10),skipped,ratio 0.1 would leave fewer than 20 hard negatives (10),nan,nan,nan,nan,nan,nan,nan,nan,nan,0,0,0,0,3794,101,0,3794,0,0,0
qwen2.5-vl-7b,qwen2.5-vl-7b,pope,Sphere-Traj-LSTM,proxy_anchor,Diag-Classifier,test,test,pooled,0.1,20260508,,skipped,ratio 0.1 would leave fewer than 20 hard negatives (10),skipped,ratio 0.1 would leave fewer than 20 hard negatives (10),nan,nan,nan,nan,nan,nan,nan,nan,nan,0,0,0,0,3794,101,0,3794,0,0,0
qwen2.5-vl-7b,qwen2.5-vl-7b,pope,Sphere-Traj-LSTM,proxy_anchor,Diag-vMF,test,test,pooled,0.1,20260508,,skipped,ratio 0.1 would leave fewer than 20 hard negatives (10),skipped,ratio 0.1 would leave fewer than 20 hard negatives (10),nan,nan,nan,nan,nan,nan,nan,nan,nan,0,0,0,0,3794,101,0,3794,0,0,0
