model_alias,model_name,dataset_family,encoder_family,objective,readout,eval_split,metric_split,eval_scope,negative_budget_ratio,negative_budget_seed,selected_k,budget_status,budget_skip_reason,metric_status,failure_reason,pr_auc,pr_auc_ci_low,pr_auc_ci_high,roc_auc,roc_auc_ci_low,roc_auc_ci_high,average_precision,tpr_at_1pct_fpr,fpr_at_95pct_tpr,num_test,num_test_correct,num_test_hard_hallucination,num_bank_correct,num_encoder_train_correct,num_encoder_train_hard_hallucination_available,num_encoder_train_hard_hallucination_used,num_encoder_train,num_encoder_train_hallucination,num_excluded_false_negative,num_excluded_parsed_none
llava-onevision-qwen2-7b-ov-hf,llava-onevision-qwen2-7b-ov-hf,repope,Sphere-Traj-LSTM,proxy_anchor,Diag-Classifier,test,test,pooled,1.0,20260506,,evaluated,,passed,,0.4060050681130039,0.28575971103080683,0.5318368967817496,0.801277939507574,0.7118105704175927,0.8870929047034948,0.3360088702847567,0.0,0.9730596536241181,1611,1559,52,1545,3833,138,138,3971,138,29,0
llava-onevision-qwen2-7b-ov-hf,llava-onevision-qwen2-7b-ov-hf,repope,Sphere-Traj-LSTM,proxy_anchor,Diag-kNN-tuned,test,test,pooled,1.0,20260506,16,evaluated,,passed,,0.36418962315375664,0.24718898918412835,0.4960167667413084,0.9534711600138155,0.9380431786862655,0.9673162483747091,0.3803548276777485,0.28846153846153844,0.13470173187940987,1611,1559,52,1545,3833,138,138,3971,138,29,0
llava-onevision-qwen2-7b-ov-hf,llava-onevision-qwen2-7b-ov-hf,repope,Sphere-Traj-LSTM,proxy_anchor,Diag-vMF,test,test,pooled,1.0,20260506,,evaluated,,passed,,0.40530677918816044,0.2865890659367684,0.5337352056794351,0.9662012137958258,0.9549945525680928,0.9762480591107434,0.42188270340871964,0.28846153846153844,0.11866581141757537,1611,1559,52,1545,3833,138,138,3971,138,29,0
llava-onevision-qwen2-7b-ov-hf,llava-onevision-qwen2-7b-ov-hf,pope,Sphere-Traj-LSTM,proxy_anchor,Diag-Classifier,test,test,pooled,1.0,20260506,,evaluated,,passed,,0.1830478760153614,0.10832922644775206,0.2675912606029596,0.6684611176422659,0.571512357826788,0.7580607291413791,0.13143592574716115,0.0,0.9888957433682912,1674,1621,53,1653,3833,138,138,3971,138,126,0
llava-onevision-qwen2-7b-ov-hf,llava-onevision-qwen2-7b-ov-hf,pope,Sphere-Traj-LSTM,proxy_anchor,Diag-kNN-tuned,test,test,pooled,1.0,20260506,16,evaluated,,passed,,0.18559253844053317,0.11890911485229613,0.2734199264803099,0.9123182754647143,0.8945176915877787,0.9307947379726446,0.1931807638114033,0.07547169811320754,0.1863047501542258,1674,1621,53,1653,3833,138,138,3971,138,126,0
llava-onevision-qwen2-7b-ov-hf,llava-onevision-qwen2-7b-ov-hf,pope,Sphere-Traj-LSTM,proxy_anchor,Diag-vMF,test,test,pooled,1.0,20260506,,evaluated,,passed,,0.20806624292657905,0.1377260611227802,0.30034780259245997,0.9015282902471106,0.8587735549388918,0.9354743138601594,0.21610210024490184,0.05660377358490566,0.6600863664404688,1674,1621,53,1653,3833,138,138,3971,138,126,0
llava-onevision-qwen2-7b-ov-hf,llava-onevision-qwen2-7b-ov-hf,dash-b,Sphere-Traj-LSTM,proxy_anchor,Diag-Classifier,test,test,pooled,1.0,20260506,,evaluated,,passed,,0.6676221458961045,0.5952403013823069,0.72936730738077,0.6834902445258584,0.6345599369890613,0.7350278396951079,0.6581825016201728,0.0,0.9297520661157025,436,242,194,326,3833,138,138,3971,138,7,0
llava-onevision-qwen2-7b-ov-hf,llava-onevision-qwen2-7b-ov-hf,dash-b,Sphere-Traj-LSTM,proxy_anchor,Diag-kNN-tuned,test,test,pooled,1.0,20260506,16,evaluated,,passed,,0.6697047664235327,0.599178236009106,0.7386891737994303,0.7328107693618471,0.6876107040281146,0.7798076807151857,0.6736488275190992,0.06701030927835051,0.8512396694214877,436,242,194,326,3833,138,138,3971,138,7,0
llava-onevision-qwen2-7b-ov-hf,llava-onevision-qwen2-7b-ov-hf,dash-b,Sphere-Traj-LSTM,proxy_anchor,Diag-vMF,test,test,pooled,1.0,20260506,,evaluated,,passed,,0.6429311055826454,0.5707744497752059,0.7157608414984,0.6715515037914288,0.6205144530204917,0.7231598312061092,0.646902127565924,0.06701030927835051,0.9256198347107438,436,242,194,326,3833,138,138,3971,138,7,0
llava-onevision-qwen2-7b-ov-hf,llava-onevision-qwen2-7b-ov-hf,repope,Sphere-Traj-LSTM,proxy_anchor,Diag-Classifier,test,test,pooled,1.0,20260507,,evaluated,,passed,,0.4162516592436281,0.28733744406960365,0.5433677727770422,0.811688952484334,0.7036142329772886,0.8975205246180311,0.35212739797229464,0.3269230769230769,0.9903784477228993,1611,1559,52,1545,3833,138,138,3971,138,29,0
llava-onevision-qwen2-7b-ov-hf,llava-onevision-qwen2-7b-ov-hf,repope,Sphere-Traj-LSTM,proxy_anchor,Diag-kNN-tuned,test,test,pooled,1.0,20260507,32,evaluated,,passed,,0.4043498863139467,0.2815809566341051,0.5401282701483349,0.9648689988651502,0.9514513293082041,0.9754862135350586,0.42277190929441205,0.3269230769230769,0.11610006414368185,1611,1559,52,1545,3833,138,138,3971,138,29,0
llava-onevision-qwen2-7b-ov-hf,llava-onevision-qwen2-7b-ov-hf,repope,Sphere-Traj-LSTM,proxy_anchor,Diag-vMF,test,test,pooled,1.0,20260507,,evaluated,,passed,,0.40676627949904837,0.2786566523105344,0.5402030411798406,0.9657201361819707,0.9527901297551403,0.9759343189232639,0.423933055739471,0.3269230769230769,0.09172546504169339,1611,1559,52,1545,3833,138,138,3971,138,29,0
llava-onevision-qwen2-7b-ov-hf,llava-onevision-qwen2-7b-ov-hf,pope,Sphere-Traj-LSTM,proxy_anchor,Diag-Classifier,test,test,pooled,1.0,20260507,,evaluated,,passed,,0.22202899498183076,0.1387214986975521,0.3206131853939541,0.7004586034709531,0.6011038372982498,0.7925302308389401,0.14660518965971414,0.0,0.9580505860579889,1674,1621,53,1653,3833,138,138,3971,138,126,0
llava-onevision-qwen2-7b-ov-hf,llava-onevision-qwen2-7b-ov-hf,pope,Sphere-Traj-LSTM,proxy_anchor,Diag-kNN-tuned,test,test,pooled,1.0,20260507,32,evaluated,,passed,,0.2090165617950249,0.13083116219388044,0.2996670149667564,0.9120505627786248,0.8873175756885384,0.9332786866585482,0.2154272219975816,0.07547169811320754,0.3528685996298581,1674,1621,53,1653,3833,138,138,3971,138,126,0
llava-onevision-qwen2-7b-ov-hf,llava-onevision-qwen2-7b-ov-hf,pope,Sphere-Traj-LSTM,proxy_anchor,Diag-vMF,test,test,pooled,1.0,20260507,,evaluated,,passed,,0.20203146763980137,0.1236305969101804,0.29568024133349174,0.8430505278595789,0.7644456316391913,0.9037944407755334,0.20840410220699152,0.09433962264150944,0.9759407772979642,1674,1621,53,1653,3833,138,138,3971,138,126,0
llava-onevision-qwen2-7b-ov-hf,llava-onevision-qwen2-7b-ov-hf,dash-b,Sphere-Traj-LSTM,proxy_anchor,Diag-Classifier,test,test,pooled,1.0,20260507,,evaluated,,passed,,0.6610872110104014,0.5921311375124555,0.7261257484084893,0.6724674107523216,0.6210499153282752,0.7228718517742344,0.6425750747194523,0.0,0.9173553719008265,436,242,194,326,3833,138,138,3971,138,7,0
llava-onevision-qwen2-7b-ov-hf,llava-onevision-qwen2-7b-ov-hf,dash-b,Sphere-Traj-LSTM,proxy_anchor,Diag-kNN-tuned,test,test,pooled,1.0,20260507,32,evaluated,,passed,,0.6876671254588645,0.6170670601033583,0.7628307148786445,0.7553676407940699,0.7139506894129716,0.8020230753286162,0.6915540050475317,0.0979381443298969,0.8388429752066116,436,242,194,326,3833,138,138,3971,138,7,0
llava-onevision-qwen2-7b-ov-hf,llava-onevision-qwen2-7b-ov-hf,dash-b,Sphere-Traj-LSTM,proxy_anchor,Diag-vMF,test,test,pooled,1.0,20260507,,evaluated,,passed,,0.6293135622637099,0.559002553858496,0.7023939301491112,0.6393243588651273,0.5847827846729098,0.6925862275505827,0.633225613255073,0.0979381443298969,0.9586776859504132,436,242,194,326,3833,138,138,3971,138,7,0
llava-onevision-qwen2-7b-ov-hf,llava-onevision-qwen2-7b-ov-hf,repope,Sphere-Traj-LSTM,proxy_anchor,Diag-Classifier,test,test,pooled,1.0,20260508,,evaluated,,passed,,0.4424437868520838,0.3089628263790733,0.5779406101553193,0.8663899442443381,0.8089114868184178,0.9195297545685874,0.39292043646859837,0.3269230769230769,0.5689544579858884,1611,1559,52,1545,3833,138,138,3971,138,29,0
llava-onevision-qwen2-7b-ov-hf,llava-onevision-qwen2-7b-ov-hf,repope,Sphere-Traj-LSTM,proxy_anchor,Diag-kNN-tuned,test,test,pooled,1.0,20260508,32,evaluated,,passed,,0.4483041453183607,0.318052256249567,0.5882441764094017,0.9645606157793458,0.9503920711118344,0.9769665287008841,0.4665573601043469,0.28846153846153844,0.1603592046183451,1611,1559,52,1545,3833,138,138,3971,138,29,0
llava-onevision-qwen2-7b-ov-hf,llava-onevision-qwen2-7b-ov-hf,repope,Sphere-Traj-LSTM,proxy_anchor,Diag-vMF,test,test,pooled,1.0,20260508,,evaluated,,passed,,0.4553479751818045,0.32611718195925493,0.5992404263377104,0.969359056594464,0.9572570387312909,0.9785776925331645,0.4735930813814831,0.28846153846153844,0.10262989095574086,1611,1559,52,1545,3833,138,138,3971,138,29,0
llava-onevision-qwen2-7b-ov-hf,llava-onevision-qwen2-7b-ov-hf,pope,Sphere-Traj-LSTM,proxy_anchor,Diag-Classifier,test,test,pooled,1.0,20260508,,evaluated,,passed,,0.18847253114968246,0.10827904668587193,0.2723474712414446,0.7553455239602853,0.6755523863180389,0.819513102155823,0.13882275405790356,0.0,0.878470080197409,1674,1621,53,1653,3833,138,138,3971,138,126,0
llava-onevision-qwen2-7b-ov-hf,llava-onevision-qwen2-7b-ov-hf,pope,Sphere-Traj-LSTM,proxy_anchor,Diag-kNN-tuned,test,test,pooled,1.0,20260508,32,evaluated,,passed,,0.18738872276357627,0.12071768834756942,0.2702259191693771,0.9093850755997346,0.8882062956142146,0.9290502748905545,0.19461712049055474,0.09433962264150944,0.24799506477483035,1674,1621,53,1653,3833,138,138,3971,138,126,0
llava-onevision-qwen2-7b-ov-hf,llava-onevision-qwen2-7b-ov-hf,pope,Sphere-Traj-LSTM,proxy_anchor,Diag-vMF,test,test,pooled,1.0,20260508,,evaluated,,passed,,0.20716642075087768,0.13547317284649635,0.28806747896364954,0.9004690791847567,0.8544019354384969,0.9364882708306852,0.2146469253134024,0.11320754716981132,0.6804441702652684,1674,1621,53,1653,3833,138,138,3971,138,126,0
llava-onevision-qwen2-7b-ov-hf,llava-onevision-qwen2-7b-ov-hf,dash-b,Sphere-Traj-LSTM,proxy_anchor,Diag-Classifier,test,test,pooled,1.0,20260508,,evaluated,,passed,,0.7275617938385119,0.6521558143410391,0.7888740539149863,0.778339865382977,0.7316283260571899,0.8186598977544765,0.712571440693663,0.0,0.7231404958677686,436,242,194,326,3833,138,138,3971,138,7,0
llava-onevision-qwen2-7b-ov-hf,llava-onevision-qwen2-7b-ov-hf,dash-b,Sphere-Traj-LSTM,proxy_anchor,Diag-kNN-tuned,test,test,pooled,1.0,20260508,32,evaluated,,passed,,0.6893996630487182,0.6114796199688972,0.7630425171777289,0.7606713811024962,0.7114975569072232,0.8039666196971701,0.6933261940710485,0.07216494845360824,0.7975206611570248,436,242,194,326,3833,138,138,3971,138,7,0
llava-onevision-qwen2-7b-ov-hf,llava-onevision-qwen2-7b-ov-hf,dash-b,Sphere-Traj-LSTM,proxy_anchor,Diag-vMF,test,test,pooled,1.0,20260508,,evaluated,,passed,,0.6668933321128911,0.5882912541774773,0.7386179729779059,0.7018829343103008,0.646240064475293,0.748062180486691,0.6708016296615054,0.07216494845360824,0.9380165289256198,436,242,194,326,3833,138,138,3971,138,7,0
llava-onevision-qwen2-7b-ov-hf,llava-onevision-qwen2-7b-ov-hf,repope,Sphere-Traj-LSTM,proxy_anchor,Diag-Classifier,test,test,pooled,0.5,20260506,,evaluated,,passed,,0.4060671261529088,0.2691270405915876,0.5500582562654216,0.6843267380470716,0.5750645960489406,0.7941096710573097,0.41136494392350315,0.36538461538461536,0.9756254008980115,1611,1559,52,1545,3833,138,69,3902,69,29,0
llava-onevision-qwen2-7b-ov-hf,llava-onevision-qwen2-7b-ov-hf,repope,Sphere-Traj-LSTM,proxy_anchor,Diag-kNN-tuned,test,test,pooled,0.5,20260506,16,evaluated,,passed,,0.477473522872787,0.3494191694911393,0.6062303716432047,0.9501282873636947,0.9358034283542593,0.9645963067398033,0.4839225982249443,0.36538461538461536,0.12508017960230916,1611,1559,52,1545,3833,138,69,3902,69,29,0
llava-onevision-qwen2-7b-ov-hf,llava-onevision-qwen2-7b-ov-hf,repope,Sphere-Traj-LSTM,proxy_anchor,Diag-vMF,test,test,pooled,0.5,20260506,,evaluated,,passed,,0.5148725911096345,0.384692054632682,0.6435318231470075,0.9616741500962156,0.9485025191449552,0.9740012853169031,0.5219204729884471,0.36538461538461536,0.12957023733162285,1611,1559,52,1545,3833,138,69,3902,69,29,0
llava-onevision-qwen2-7b-ov-hf,llava-onevision-qwen2-7b-ov-hf,pope,Sphere-Traj-LSTM,proxy_anchor,Diag-Classifier,test,test,pooled,0.5,20260506,,evaluated,,passed,,0.15217763582931249,0.07656760437397783,0.244042084816921,0.5874314713722021,0.47655154351810036,0.6913291507550953,0.13567196221638464,0.11320754716981132,0.9907464528069093,1674,1621,53,1653,3833,138,69,3902,69,126,0
llava-onevision-qwen2-7b-ov-hf,llava-onevision-qwen2-7b-ov-hf,pope,Sphere-Traj-LSTM,proxy_anchor,Diag-kNN-tuned,test,test,pooled,0.5,20260506,16,evaluated,,passed,,0.20807549476028925,0.13285184397088848,0.3064616571363092,0.9082211073993458,0.887830163617171,0.9279175545841554,0.2161046834886038,0.1509433962264151,0.23750771128932757,1674,1621,53,1653,3833,138,69,3902,69,126,0
llava-onevision-qwen2-7b-ov-hf,llava-onevision-qwen2-7b-ov-hf,pope,Sphere-Traj-LSTM,proxy_anchor,Diag-vMF,test,test,pooled,0.5,20260506,,evaluated,,passed,,0.20593504375563712,0.12885453311832887,0.30461298231359607,0.8666790823274708,0.8129329563961023,0.9151305222558982,0.21385086358589925,0.11320754716981132,0.7495373226403454,1674,1621,53,1653,3833,138,69,3902,69,126,0
llava-onevision-qwen2-7b-ov-hf,llava-onevision-qwen2-7b-ov-hf,dash-b,Sphere-Traj-LSTM,proxy_anchor,Diag-Classifier,test,test,pooled,0.5,20260506,,evaluated,,passed,,0.6926321752752418,0.6267330760893766,0.7521061525235474,0.7009350771065861,0.6529538534283272,0.7517674731182795,0.6871053514050549,0.0,0.9173553719008265,436,242,194,326,3833,138,69,3902,69,7,0
llava-onevision-qwen2-7b-ov-hf,llava-onevision-qwen2-7b-ov-hf,dash-b,Sphere-Traj-LSTM,proxy_anchor,Diag-kNN-tuned,test,test,pooled,0.5,20260506,16,evaluated,,passed,,0.699238675209458,0.6332804066473906,0.7581847884905182,0.7299991479935248,0.684039880970148,0.7727634166344525,0.7004612484464192,0.08247422680412371,0.8140495867768595,436,242,194,326,3833,138,69,3902,69,7,0
llava-onevision-qwen2-7b-ov-hf,llava-onevision-qwen2-7b-ov-hf,dash-b,Sphere-Traj-LSTM,proxy_anchor,Diag-vMF,test,test,pooled,0.5,20260506,,evaluated,,passed,,0.660863140566128,0.5912467006239052,0.7209968326670053,0.646587714066627,0.5914783910997004,0.6984996781665992,0.6621088659152456,0.08247422680412371,0.9380165289256198,436,242,194,326,3833,138,69,3902,69,7,0
llava-onevision-qwen2-7b-ov-hf,llava-onevision-qwen2-7b-ov-hf,repope,Sphere-Traj-LSTM,proxy_anchor,Diag-Classifier,test,test,pooled,0.5,20260507,,evaluated,,passed,,0.3057385948684225,0.18895772757631155,0.438852652327815,0.7728080130261015,0.6732072217129905,0.8579810843547532,0.29986957030891115,0.21153846153846154,0.9057087876844131,1611,1559,52,1545,3833,138,69,3902,69,29,0
llava-onevision-qwen2-7b-ov-hf,llava-onevision-qwen2-7b-ov-hf,repope,Sphere-Traj-LSTM,proxy_anchor,Diag-kNN-tuned,test,test,pooled,0.5,20260507,32,evaluated,,passed,,0.3943178984476094,0.26250267232698016,0.526160270316791,0.9568757092810973,0.9427918641165276,0.9702057707333525,0.40885379787442483,0.21153846153846154,0.14945477870429763,1611,1559,52,1545,3833,138,69,3902,69,29,0
llava-onevision-qwen2-7b-ov-hf,llava-onevision-qwen2-7b-ov-hf,repope,Sphere-Traj-LSTM,proxy_anchor,Diag-vMF,test,test,pooled,0.5,20260507,,evaluated,,passed,,0.39930513660985417,0.2709975096263233,0.5330870290707365,0.9614644495978685,0.94938208097165,0.972055747865963,0.41362668641020434,0.21153846153846154,0.12123155869146889,1611,1559,52,1545,3833,138,69,3902,69,29,0
llava-onevision-qwen2-7b-ov-hf,llava-onevision-qwen2-7b-ov-hf,pope,Sphere-Traj-LSTM,proxy_anchor,Diag-Classifier,test,test,pooled,0.5,20260507,,evaluated,,passed,,0.16195759393330497,0.09022615141316938,0.24884425978696897,0.6930615855574825,0.5957436880801955,0.7864644697390912,0.13683632310810853,0.07547169811320754,0.959284392350401,1674,1621,53,1653,3833,138,69,3902,69,126,0
llava-onevision-qwen2-7b-ov-hf,llava-onevision-qwen2-7b-ov-hf,pope,Sphere-Traj-LSTM,proxy_anchor,Diag-kNN-tuned,test,test,pooled,0.5,20260507,32,evaluated,,passed,,0.18504802708351586,0.11497592892987858,0.2840617176866527,0.8960227206592716,0.869099743038599,0.922667118573605,0.19266819721612255,0.07547169811320754,0.3362122146822949,1674,1621,53,1653,3833,138,69,3902,69,126,0
llava-onevision-qwen2-7b-ov-hf,llava-onevision-qwen2-7b-ov-hf,pope,Sphere-Traj-LSTM,proxy_anchor,Diag-vMF,test,test,pooled,0.5,20260507,,evaluated,,passed,,0.2149795866765723,0.13699490620990235,0.3147643376253336,0.9024478251254177,0.855826390954455,0.9358721556442937,0.22310962119116318,0.07547169811320754,0.6637877853177051,1674,1621,53,1653,3833,138,69,3902,69,126,0
llava-onevision-qwen2-7b-ov-hf,llava-onevision-qwen2-7b-ov-hf,dash-b,Sphere-Traj-LSTM,proxy_anchor,Diag-Classifier,test,test,pooled,0.5,20260507,,evaluated,,passed,,0.6601758998870577,0.5885658643726531,0.7269210940656678,0.6692936866320185,0.6175441847759504,0.7197971431022648,0.6624459093089683,0.0979381443298969,0.8760330578512396,436,242,194,326,3833,138,69,3902,69,7,0
llava-onevision-qwen2-7b-ov-hf,llava-onevision-qwen2-7b-ov-hf,dash-b,Sphere-Traj-LSTM,proxy_anchor,Diag-kNN-tuned,test,test,pooled,0.5,20260507,32,evaluated,,passed,,0.6871390026286583,0.6181627109717994,0.753905782138468,0.7430241969838971,0.6983110657301059,0.7873264499830638,0.6894356815687117,0.12886597938144329,0.7768595041322314,436,242,194,326,3833,138,69,3902,69,7,0
llava-onevision-qwen2-7b-ov-hf,llava-onevision-qwen2-7b-ov-hf,dash-b,Sphere-Traj-LSTM,proxy_anchor,Diag-vMF,test,test,pooled,0.5,20260507,,evaluated,,passed,,0.6795904732904038,0.6111874828525151,0.7445514465032343,0.6919783590355286,0.6412096667899932,0.7411576005758319,0.6818118109406329,0.12886597938144329,0.8925619834710744,436,242,194,326,3833,138,69,3902,69,7,0
llava-onevision-qwen2-7b-ov-hf,llava-onevision-qwen2-7b-ov-hf,repope,Sphere-Traj-LSTM,proxy_anchor,Diag-Classifier,test,test,pooled,0.5,20260508,,evaluated,,passed,,0.34563301650555495,0.2178517154595297,0.48110364432646324,0.8102333843193369,0.7404769526248399,0.8732710395370101,0.353571577493693,0.15384615384615385,0.5811417575368826,1611,1559,52,1545,3833,138,69,3902,69,29,0
llava-onevision-qwen2-7b-ov-hf,llava-onevision-qwen2-7b-ov-hf,repope,Sphere-Traj-LSTM,proxy_anchor,Diag-kNN-tuned,test,test,pooled,0.5,20260508,32,evaluated,,passed,,0.43507344057398467,0.30543514845366926,0.5721815607082924,0.9578872058025362,0.9434429962388756,0.9716276849798063,0.4443454715359543,0.1346153846153846,0.14881334188582424,1611,1559,52,1545,3833,138,69,3902,69,29,0
llava-onevision-qwen2-7b-ov-hf,llava-onevision-qwen2-7b-ov-hf,repope,Sphere-Traj-LSTM,proxy_anchor,Diag-vMF,test,test,pooled,0.5,20260508,,evaluated,,passed,,0.4179420968695417,0.2894748239449486,0.5449977831824045,0.9562096018157595,0.9407644539861179,0.968896570486962,0.42669796725726317,0.1346153846153846,0.14239897370109045,1611,1559,52,1545,3833,138,69,3902,69,29,0
llava-onevision-qwen2-7b-ov-hf,llava-onevision-qwen2-7b-ov-hf,pope,Sphere-Traj-LSTM,proxy_anchor,Diag-Classifier,test,test,pooled,0.5,20260508,,evaluated,,passed,,0.13823768042360854,0.07086885443844942,0.21471995335963953,0.7161081559251802,0.644034639412522,0.7800392424078384,0.11375476924287636,0.09433962264150944,0.7334978408389883,1674,1621,53,1653,3833,138,69,3902,69,126,0
llava-onevision-qwen2-7b-ov-hf,llava-onevision-qwen2-7b-ov-hf,pope,Sphere-Traj-LSTM,proxy_anchor,Diag-kNN-tuned,test,test,pooled,0.5,20260508,32,evaluated,,passed,,0.13965833417635315,0.09109433794416871,0.2091342478824276,0.8741750375379744,0.8436198901268549,0.9016099033142448,0.14872791258675647,0.09433962264150944,0.35595311536088836,1674,1621,53,1653,3833,138,69,3902,69,126,0
llava-onevision-qwen2-7b-ov-hf,llava-onevision-qwen2-7b-ov-hf,pope,Sphere-Traj-LSTM,proxy_anchor,Diag-vMF,test,test,pooled,0.5,20260508,,evaluated,,passed,,0.17259105407993366,0.11585043270711698,0.2506007476773859,0.8802393118619999,0.8285352256048221,0.9212132200401548,0.18229357265733015,0.09433962264150944,0.6841455891425047,1674,1621,53,1653,3833,138,69,3902,69,126,0
llava-onevision-qwen2-7b-ov-hf,llava-onevision-qwen2-7b-ov-hf,dash-b,Sphere-Traj-LSTM,proxy_anchor,Diag-Classifier,test,test,pooled,0.5,20260508,,evaluated,,passed,,0.7324310306155803,0.658052425624672,0.7951311747878206,0.7807893839993184,0.7338971165960385,0.8228822375789212,0.7319544894083829,0.07216494845360824,0.7851239669421488,436,242,194,326,3833,138,69,3902,69,7,0
llava-onevision-qwen2-7b-ov-hf,llava-onevision-qwen2-7b-ov-hf,dash-b,Sphere-Traj-LSTM,proxy_anchor,Diag-kNN-tuned,test,test,pooled,0.5,20260508,32,evaluated,,passed,,0.661996020886584,0.5832313687382242,0.734807211788107,0.723715600238562,0.676305867130683,0.7706710849049188,0.6657172720085072,0.07731958762886598,0.7644628099173554,436,242,194,326,3833,138,69,3902,69,7,0
llava-onevision-qwen2-7b-ov-hf,llava-onevision-qwen2-7b-ov-hf,dash-b,Sphere-Traj-LSTM,proxy_anchor,Diag-vMF,test,test,pooled,0.5,20260508,,evaluated,,passed,,0.6602299696976149,0.5840569531871632,0.7313896946090193,0.6882721308681945,0.6362497593644996,0.7376287260951536,0.6638353777312749,0.08762886597938144,0.8966942148760331,436,242,194,326,3833,138,69,3902,69,7,0
llava-onevision-qwen2-7b-ov-hf,llava-onevision-qwen2-7b-ov-hf,repope,Sphere-Traj-LSTM,proxy_anchor,Diag-Classifier,test,test,pooled,0.25,20260506,,evaluated,,passed,,0.3296058345330336,0.19778798029132463,0.48043616500007597,0.7546010756402033,0.6619733409326419,0.8439722771548099,0.34229976032385795,0.21153846153846154,0.9121231558691469,1611,1559,52,1545,3833,138,34,3867,34,29,0
llava-onevision-qwen2-7b-ov-hf,llava-onevision-qwen2-7b-ov-hf,repope,Sphere-Traj-LSTM,proxy_anchor,Diag-kNN-tuned,test,test,pooled,0.25,20260506,32,evaluated,,passed,,0.3020206383300422,0.18705811043200932,0.43543452149861017,0.9264444663739083,0.906565750851767,0.9461590038145568,0.31485001892278686,0.23076923076923078,0.18537524053880694,1611,1559,52,1545,3833,138,34,3867,34,29,0
llava-onevision-qwen2-7b-ov-hf,llava-onevision-qwen2-7b-ov-hf,repope,Sphere-Traj-LSTM,proxy_anchor,Diag-vMF,test,test,pooled,0.25,20260506,,evaluated,,passed,,0.4055095784622465,0.2739811595170076,0.5453035276338877,0.9565919968421571,0.9428022050496692,0.9694715325805471,0.4194542564585007,0.23076923076923078,0.13919178960872355,1611,1559,52,1545,3833,138,34,3867,34,29,0
llava-onevision-qwen2-7b-ov-hf,llava-onevision-qwen2-7b-ov-hf,pope,Sphere-Traj-LSTM,proxy_anchor,Diag-Classifier,test,test,pooled,0.25,20260506,,evaluated,,passed,,0.1668451480979821,0.09442239148212164,0.2595181661398237,0.7529361097854806,0.6624688540138955,0.832156254337208,0.16131874015140887,0.05660377358490566,0.8618136952498457,1674,1621,53,1653,3833,138,34,3867,34,126,0
llava-onevision-qwen2-7b-ov-hf,llava-onevision-qwen2-7b-ov-hf,pope,Sphere-Traj-LSTM,proxy_anchor,Diag-kNN-tuned,test,test,pooled,0.25,20260506,32,evaluated,,passed,,0.14446691947492063,0.08704798954661135,0.22486457931985276,0.8628845459942035,0.8338897864837926,0.8901789009685814,0.15116190351230713,0.05660377358490566,0.32634176434299816,1674,1621,53,1653,3833,138,34,3867,34,126,0
llava-onevision-qwen2-7b-ov-hf,llava-onevision-qwen2-7b-ov-hf,pope,Sphere-Traj-LSTM,proxy_anchor,Diag-vMF,test,test,pooled,0.25,20260506,,evaluated,,passed,,0.20367555895268377,0.12854388412148252,0.29507571684941253,0.8782372865573312,0.8246152487868089,0.9244536370501374,0.21134966445158404,0.05660377358490566,0.7526218383713756,1674,1621,53,1653,3833,138,34,3867,34,126,0
llava-onevision-qwen2-7b-ov-hf,llava-onevision-qwen2-7b-ov-hf,dash-b,Sphere-Traj-LSTM,proxy_anchor,Diag-Classifier,test,test,pooled,0.25,20260506,,evaluated,,passed,,0.6747781887248958,0.6059925835004409,0.739004649324606,0.6812430774473885,0.6301513233705174,0.73405428288755,0.676485095689181,0.06701030927835051,0.871900826446281,436,242,194,326,3833,138,34,3867,34,7,0
llava-onevision-qwen2-7b-ov-hf,llava-onevision-qwen2-7b-ov-hf,dash-b,Sphere-Traj-LSTM,proxy_anchor,Diag-kNN-tuned,test,test,pooled,0.25,20260506,32,evaluated,,passed,,0.6300325467449127,0.5540751117337053,0.6971487199132609,0.6983897077617791,0.6509430327154785,0.7469644192755636,0.6317558536768059,0.05670103092783505,0.8057851239669421,436,242,194,326,3833,138,34,3867,34,7,0
llava-onevision-qwen2-7b-ov-hf,llava-onevision-qwen2-7b-ov-hf,dash-b,Sphere-Traj-LSTM,proxy_anchor,Diag-vMF,test,test,pooled,0.25,20260506,,evaluated,,passed,,0.6764406448986351,0.6090020355523574,0.7403952405689446,0.6856522109568033,0.6352171929377812,0.7360039023508188,0.6778152065014227,0.07216494845360824,0.9504132231404959,436,242,194,326,3833,138,34,3867,34,7,0
llava-onevision-qwen2-7b-ov-hf,llava-onevision-qwen2-7b-ov-hf,repope,Sphere-Traj-LSTM,proxy_anchor,Diag-Classifier,test,test,pooled,0.25,20260507,,evaluated,,passed,,0.34536239755246434,0.22278030292141682,0.48139605263533153,0.9203384812749791,0.8856327692430117,0.9490189934778512,0.35894532903770693,0.2692307692307692,0.24759461193072482,1611,1559,52,1545,3833,138,34,3867,34,29,0
llava-onevision-qwen2-7b-ov-hf,llava-onevision-qwen2-7b-ov-hf,repope,Sphere-Traj-LSTM,proxy_anchor,Diag-kNN-tuned,test,test,pooled,0.25,20260507,32,evaluated,,passed,,0.2850879273568402,0.18429371063172165,0.39969946939645606,0.9416539201657868,0.9231714974193921,0.9564612300161434,0.29840890092620875,0.1346153846153846,0.1539448364336113,1611,1559,52,1545,3833,138,34,3867,34,29,0
llava-onevision-qwen2-7b-ov-hf,llava-onevision-qwen2-7b-ov-hf,repope,Sphere-Traj-LSTM,proxy_anchor,Diag-vMF,test,test,pooled,0.25,20260507,,evaluated,,passed,,0.30977489720112894,0.20335147058387837,0.4256998324153725,0.9424680515123107,0.9170641672167417,0.9614667911037711,0.32396456756507414,0.1346153846153846,0.1276459268762027,1611,1559,52,1545,3833,138,34,3867,34,29,0
llava-onevision-qwen2-7b-ov-hf,llava-onevision-qwen2-7b-ov-hf,pope,Sphere-Traj-LSTM,proxy_anchor,Diag-Classifier,test,test,pooled,0.25,20260507,,evaluated,,passed,,0.19229187566475273,0.10957809572725109,0.2887005132699928,0.8643045871986779,0.8219292274816704,0.8989481366488314,0.19721209703531056,0.07547169811320754,0.4392350400987045,1674,1621,53,1653,3833,138,34,3867,34,126,0
llava-onevision-qwen2-7b-ov-hf,llava-onevision-qwen2-7b-ov-hf,pope,Sphere-Traj-LSTM,proxy_anchor,Diag-kNN-tuned,test,test,pooled,0.25,20260507,32,evaluated,,passed,,0.2061316737914119,0.1249368339158852,0.2940559470953209,0.9030181695436081,0.8815393695280982,0.9230186911909386,0.21137811906082046,0.07547169811320754,0.1918568784700802,1674,1621,53,1653,3833,138,34,3867,34,126,0
llava-onevision-qwen2-7b-ov-hf,llava-onevision-qwen2-7b-ov-hf,pope,Sphere-Traj-LSTM,proxy_anchor,Diag-vMF,test,test,pooled,0.25,20260507,,evaluated,,passed,,0.1922839456237629,0.11128530361074894,0.2834051343816557,0.8627797888561685,0.8112826264234717,0.9044394344816009,0.19670061515082096,0.07547169811320754,0.6144355336212215,1674,1621,53,1653,3833,138,34,3867,34,126,0
llava-onevision-qwen2-7b-ov-hf,llava-onevision-qwen2-7b-ov-hf,dash-b,Sphere-Traj-LSTM,proxy_anchor,Diag-Classifier,test,test,pooled,0.25,20260507,,evaluated,,passed,,0.7013560679810236,0.6321081341724218,0.7673021865178631,0.748061685268808,0.7035260144892799,0.7932758057491289,0.7030614829995042,0.04639175257731959,0.8677685950413223,436,242,194,326,3833,138,34,3867,34,7,0
llava-onevision-qwen2-7b-ov-hf,llava-onevision-qwen2-7b-ov-hf,dash-b,Sphere-Traj-LSTM,proxy_anchor,Diag-kNN-tuned,test,test,pooled,0.25,20260507,32,evaluated,,passed,,0.6619295489833581,0.5955059869141681,0.7321539099010463,0.7412669336286956,0.6984641959639305,0.7832826164333061,0.6640264413951319,0.03608247422680412,0.6818181818181818,436,242,194,326,3833,138,34,3867,34,7,0
llava-onevision-qwen2-7b-ov-hf,llava-onevision-qwen2-7b-ov-hf,dash-b,Sphere-Traj-LSTM,proxy_anchor,Diag-vMF,test,test,pooled,0.25,20260507,,evaluated,,passed,,0.6483490660188773,0.5754896527222123,0.7191601848758951,0.6591335094146715,0.604644440858088,0.7112403856148902,0.650375689187117,0.03608247422680412,0.9834710743801653,436,242,194,326,3833,138,34,3867,34,7,0
llava-onevision-qwen2-7b-ov-hf,llava-onevision-qwen2-7b-ov-hf,repope,Sphere-Traj-LSTM,proxy_anchor,Diag-Classifier,test,test,pooled,0.25,20260508,,evaluated,,passed,,0.4014991061905202,0.2746507870030556,0.5361627278251757,0.9361708689001826,0.9039385946438252,0.961270295425098,0.38704383060610775,0.3076923076923077,0.22193713919178962,1611,1559,52,1545,3833,138,34,3867,34,29,0
llava-onevision-qwen2-7b-ov-hf,llava-onevision-qwen2-7b-ov-hf,repope,Sphere-Traj-LSTM,proxy_anchor,Diag-kNN-tuned,test,test,pooled,0.25,20260508,4,evaluated,,passed,,0.366947515507375,0.25416711509398965,0.48744766729639294,0.9320570385355503,0.9122004449442103,0.9500507812990666,0.373378985563889,0.23076923076923078,0.2418216805644644,1611,1559,52,1545,3833,138,34,3867,34,29,0
llava-onevision-qwen2-7b-ov-hf,llava-onevision-qwen2-7b-ov-hf,repope,Sphere-Traj-LSTM,proxy_anchor,Diag-vMF,test,test,pooled,0.25,20260508,,evaluated,,passed,,0.39116109504896657,0.26728454508541755,0.5130394078116483,0.9120738145754183,0.8665163787871042,0.9480156821639892,0.39778795675683354,0.25,0.5208466966003849,1611,1559,52,1545,3833,138,34,3867,34,29,0
llava-onevision-qwen2-7b-ov-hf,llava-onevision-qwen2-7b-ov-hf,pope,Sphere-Traj-LSTM,proxy_anchor,Diag-Classifier,test,test,pooled,0.25,20260508,,evaluated,,passed,,0.17307427081835816,0.10901008447992087,0.25038090001668434,0.8734068185257179,0.8301786816684479,0.9076681298310079,0.14654263616427876,0.0,0.5021591610117212,1674,1621,53,1653,3833,138,34,3867,34,126,0
llava-onevision-qwen2-7b-ov-hf,llava-onevision-qwen2-7b-ov-hf,pope,Sphere-Traj-LSTM,proxy_anchor,Diag-kNN-tuned,test,test,pooled,0.25,20260508,4,evaluated,,passed,,0.1269426704279622,0.08584246252364054,0.1805717670586236,0.8751760501903088,0.8430612841921498,0.9020504060723423,0.1333113755415595,0.07547169811320754,0.37075879086983343,1674,1621,53,1653,3833,138,34,3867,34,126,0
llava-onevision-qwen2-7b-ov-hf,llava-onevision-qwen2-7b-ov-hf,pope,Sphere-Traj-LSTM,proxy_anchor,Diag-vMF,test,test,pooled,0.25,20260508,,evaluated,,passed,,0.13106417800286188,0.07478023834874697,0.2040243916269582,0.771757475585767,0.6972516079963906,0.8414690539232635,0.13685356981934238,0.07547169811320754,0.8951264651449723,1674,1621,53,1653,3833,138,34,3867,34,126,0
llava-onevision-qwen2-7b-ov-hf,llava-onevision-qwen2-7b-ov-hf,dash-b,Sphere-Traj-LSTM,proxy_anchor,Diag-Classifier,test,test,pooled,0.25,20260508,,evaluated,,passed,,0.7595360137894489,0.692173303868866,0.8180183914628125,0.80817074209764,0.7656805296626553,0.8469721398964843,0.7431904933960458,0.0,0.5743801652892562,436,242,194,326,3833,138,34,3867,34,7,0
llava-onevision-qwen2-7b-ov-hf,llava-onevision-qwen2-7b-ov-hf,dash-b,Sphere-Traj-LSTM,proxy_anchor,Diag-kNN-tuned,test,test,pooled,0.25,20260508,4,evaluated,,passed,,0.6909018946567598,0.6200763362783054,0.7565507535734051,0.7426940444747381,0.6950007699426024,0.7869163209019922,0.69232674403283,0.07731958762886598,0.7892561983471075,436,242,194,326,3833,138,34,3867,34,7,0
llava-onevision-qwen2-7b-ov-hf,llava-onevision-qwen2-7b-ov-hf,dash-b,Sphere-Traj-LSTM,proxy_anchor,Diag-vMF,test,test,pooled,0.25,20260508,,evaluated,,passed,,0.6746043283744102,0.6037725074697982,0.7367258571028837,0.6551503791428814,0.5963742648344823,0.7054268063701531,0.6757155391256142,0.12886597938144329,0.9090909090909091,436,242,194,326,3833,138,34,3867,34,7,0
llava-onevision-qwen2-7b-ov-hf,llava-onevision-qwen2-7b-ov-hf,repope,Sphere-Traj-LSTM,proxy_anchor,Diag-kNN-tuned,test,test,pooled,0.1,20260506,,skipped,ratio 0.1 would leave fewer than 20 hard negatives (13),skipped,ratio 0.1 would leave fewer than 20 hard negatives (13),nan,nan,nan,nan,nan,nan,nan,nan,nan,0,0,0,0,3833,138,0,3833,0,0,0
llava-onevision-qwen2-7b-ov-hf,llava-onevision-qwen2-7b-ov-hf,repope,Sphere-Traj-LSTM,proxy_anchor,Diag-Classifier,test,test,pooled,0.1,20260506,,skipped,ratio 0.1 would leave fewer than 20 hard negatives (13),skipped,ratio 0.1 would leave fewer than 20 hard negatives (13),nan,nan,nan,nan,nan,nan,nan,nan,nan,0,0,0,0,3833,138,0,3833,0,0,0
llava-onevision-qwen2-7b-ov-hf,llava-onevision-qwen2-7b-ov-hf,repope,Sphere-Traj-LSTM,proxy_anchor,Diag-vMF,test,test,pooled,0.1,20260506,,skipped,ratio 0.1 would leave fewer than 20 hard negatives (13),skipped,ratio 0.1 would leave fewer than 20 hard negatives (13),nan,nan,nan,nan,nan,nan,nan,nan,nan,0,0,0,0,3833,138,0,3833,0,0,0
llava-onevision-qwen2-7b-ov-hf,llava-onevision-qwen2-7b-ov-hf,pope,Sphere-Traj-LSTM,proxy_anchor,Diag-kNN-tuned,test,test,pooled,0.1,20260506,,skipped,ratio 0.1 would leave fewer than 20 hard negatives (13),skipped,ratio 0.1 would leave fewer than 20 hard negatives (13),nan,nan,nan,nan,nan,nan,nan,nan,nan,0,0,0,0,3833,138,0,3833,0,0,0
llava-onevision-qwen2-7b-ov-hf,llava-onevision-qwen2-7b-ov-hf,pope,Sphere-Traj-LSTM,proxy_anchor,Diag-Classifier,test,test,pooled,0.1,20260506,,skipped,ratio 0.1 would leave fewer than 20 hard negatives (13),skipped,ratio 0.1 would leave fewer than 20 hard negatives (13),nan,nan,nan,nan,nan,nan,nan,nan,nan,0,0,0,0,3833,138,0,3833,0,0,0
llava-onevision-qwen2-7b-ov-hf,llava-onevision-qwen2-7b-ov-hf,pope,Sphere-Traj-LSTM,proxy_anchor,Diag-vMF,test,test,pooled,0.1,20260506,,skipped,ratio 0.1 would leave fewer than 20 hard negatives (13),skipped,ratio 0.1 would leave fewer than 20 hard negatives (13),nan,nan,nan,nan,nan,nan,nan,nan,nan,0,0,0,0,3833,138,0,3833,0,0,0
llava-onevision-qwen2-7b-ov-hf,llava-onevision-qwen2-7b-ov-hf,dash-b,Sphere-Traj-LSTM,proxy_anchor,Diag-kNN-tuned,test,test,pooled,0.1,20260506,,skipped,ratio 0.1 would leave fewer than 20 hard negatives (13),skipped,ratio 0.1 would leave fewer than 20 hard negatives (13),nan,nan,nan,nan,nan,nan,nan,nan,nan,0,0,0,0,3833,138,0,3833,0,0,0
llava-onevision-qwen2-7b-ov-hf,llava-onevision-qwen2-7b-ov-hf,dash-b,Sphere-Traj-LSTM,proxy_anchor,Diag-Classifier,test,test,pooled,0.1,20260506,,skipped,ratio 0.1 would leave fewer than 20 hard negatives (13),skipped,ratio 0.1 would leave fewer than 20 hard negatives (13),nan,nan,nan,nan,nan,nan,nan,nan,nan,0,0,0,0,3833,138,0,3833,0,0,0
llava-onevision-qwen2-7b-ov-hf,llava-onevision-qwen2-7b-ov-hf,dash-b,Sphere-Traj-LSTM,proxy_anchor,Diag-vMF,test,test,pooled,0.1,20260506,,skipped,ratio 0.1 would leave fewer than 20 hard negatives (13),skipped,ratio 0.1 would leave fewer than 20 hard negatives (13),nan,nan,nan,nan,nan,nan,nan,nan,nan,0,0,0,0,3833,138,0,3833,0,0,0
llava-onevision-qwen2-7b-ov-hf,llava-onevision-qwen2-7b-ov-hf,repope,Sphere-Traj-LSTM,proxy_anchor,Diag-kNN-tuned,test,test,pooled,0.1,20260507,,skipped,ratio 0.1 would leave fewer than 20 hard negatives (13),skipped,ratio 0.1 would leave fewer than 20 hard negatives (13),nan,nan,nan,nan,nan,nan,nan,nan,nan,0,0,0,0,3833,138,0,3833,0,0,0
llava-onevision-qwen2-7b-ov-hf,llava-onevision-qwen2-7b-ov-hf,repope,Sphere-Traj-LSTM,proxy_anchor,Diag-Classifier,test,test,pooled,0.1,20260507,,skipped,ratio 0.1 would leave fewer than 20 hard negatives (13),skipped,ratio 0.1 would leave fewer than 20 hard negatives (13),nan,nan,nan,nan,nan,nan,nan,nan,nan,0,0,0,0,3833,138,0,3833,0,0,0
llava-onevision-qwen2-7b-ov-hf,llava-onevision-qwen2-7b-ov-hf,repope,Sphere-Traj-LSTM,proxy_anchor,Diag-vMF,test,test,pooled,0.1,20260507,,skipped,ratio 0.1 would leave fewer than 20 hard negatives (13),skipped,ratio 0.1 would leave fewer than 20 hard negatives (13),nan,nan,nan,nan,nan,nan,nan,nan,nan,0,0,0,0,3833,138,0,3833,0,0,0
llava-onevision-qwen2-7b-ov-hf,llava-onevision-qwen2-7b-ov-hf,pope,Sphere-Traj-LSTM,proxy_anchor,Diag-kNN-tuned,test,test,pooled,0.1,20260507,,skipped,ratio 0.1 would leave fewer than 20 hard negatives (13),skipped,ratio 0.1 would leave fewer than 20 hard negatives (13),nan,nan,nan,nan,nan,nan,nan,nan,nan,0,0,0,0,3833,138,0,3833,0,0,0
llava-onevision-qwen2-7b-ov-hf,llava-onevision-qwen2-7b-ov-hf,pope,Sphere-Traj-LSTM,proxy_anchor,Diag-Classifier,test,test,pooled,0.1,20260507,,skipped,ratio 0.1 would leave fewer than 20 hard negatives (13),skipped,ratio 0.1 would leave fewer than 20 hard negatives (13),nan,nan,nan,nan,nan,nan,nan,nan,nan,0,0,0,0,3833,138,0,3833,0,0,0
llava-onevision-qwen2-7b-ov-hf,llava-onevision-qwen2-7b-ov-hf,pope,Sphere-Traj-LSTM,proxy_anchor,Diag-vMF,test,test,pooled,0.1,20260507,,skipped,ratio 0.1 would leave fewer than 20 hard negatives (13),skipped,ratio 0.1 would leave fewer than 20 hard negatives (13),nan,nan,nan,nan,nan,nan,nan,nan,nan,0,0,0,0,3833,138,0,3833,0,0,0
llava-onevision-qwen2-7b-ov-hf,llava-onevision-qwen2-7b-ov-hf,dash-b,Sphere-Traj-LSTM,proxy_anchor,Diag-kNN-tuned,test,test,pooled,0.1,20260507,,skipped,ratio 0.1 would leave fewer than 20 hard negatives (13),skipped,ratio 0.1 would leave fewer than 20 hard negatives (13),nan,nan,nan,nan,nan,nan,nan,nan,nan,0,0,0,0,3833,138,0,3833,0,0,0
llava-onevision-qwen2-7b-ov-hf,llava-onevision-qwen2-7b-ov-hf,dash-b,Sphere-Traj-LSTM,proxy_anchor,Diag-Classifier,test,test,pooled,0.1,20260507,,skipped,ratio 0.1 would leave fewer than 20 hard negatives (13),skipped,ratio 0.1 would leave fewer than 20 hard negatives (13),nan,nan,nan,nan,nan,nan,nan,nan,nan,0,0,0,0,3833,138,0,3833,0,0,0
llava-onevision-qwen2-7b-ov-hf,llava-onevision-qwen2-7b-ov-hf,dash-b,Sphere-Traj-LSTM,proxy_anchor,Diag-vMF,test,test,pooled,0.1,20260507,,skipped,ratio 0.1 would leave fewer than 20 hard negatives (13),skipped,ratio 0.1 would leave fewer than 20 hard negatives (13),nan,nan,nan,nan,nan,nan,nan,nan,nan,0,0,0,0,3833,138,0,3833,0,0,0
llava-onevision-qwen2-7b-ov-hf,llava-onevision-qwen2-7b-ov-hf,repope,Sphere-Traj-LSTM,proxy_anchor,Diag-kNN-tuned,test,test,pooled,0.1,20260508,,skipped,ratio 0.1 would leave fewer than 20 hard negatives (13),skipped,ratio 0.1 would leave fewer than 20 hard negatives (13),nan,nan,nan,nan,nan,nan,nan,nan,nan,0,0,0,0,3833,138,0,3833,0,0,0
llava-onevision-qwen2-7b-ov-hf,llava-onevision-qwen2-7b-ov-hf,repope,Sphere-Traj-LSTM,proxy_anchor,Diag-Classifier,test,test,pooled,0.1,20260508,,skipped,ratio 0.1 would leave fewer than 20 hard negatives (13),skipped,ratio 0.1 would leave fewer than 20 hard negatives (13),nan,nan,nan,nan,nan,nan,nan,nan,nan,0,0,0,0,3833,138,0,3833,0,0,0
llava-onevision-qwen2-7b-ov-hf,llava-onevision-qwen2-7b-ov-hf,repope,Sphere-Traj-LSTM,proxy_anchor,Diag-vMF,test,test,pooled,0.1,20260508,,skipped,ratio 0.1 would leave fewer than 20 hard negatives (13),skipped,ratio 0.1 would leave fewer than 20 hard negatives (13),nan,nan,nan,nan,nan,nan,nan,nan,nan,0,0,0,0,3833,138,0,3833,0,0,0
llava-onevision-qwen2-7b-ov-hf,llava-onevision-qwen2-7b-ov-hf,pope,Sphere-Traj-LSTM,proxy_anchor,Diag-kNN-tuned,test,test,pooled,0.1,20260508,,skipped,ratio 0.1 would leave fewer than 20 hard negatives (13),skipped,ratio 0.1 would leave fewer than 20 hard negatives (13),nan,nan,nan,nan,nan,nan,nan,nan,nan,0,0,0,0,3833,138,0,3833,0,0,0
llava-onevision-qwen2-7b-ov-hf,llava-onevision-qwen2-7b-ov-hf,pope,Sphere-Traj-LSTM,proxy_anchor,Diag-Classifier,test,test,pooled,0.1,20260508,,skipped,ratio 0.1 would leave fewer than 20 hard negatives (13),skipped,ratio 0.1 would leave fewer than 20 hard negatives (13),nan,nan,nan,nan,nan,nan,nan,nan,nan,0,0,0,0,3833,138,0,3833,0,0,0
llava-onevision-qwen2-7b-ov-hf,llava-onevision-qwen2-7b-ov-hf,pope,Sphere-Traj-LSTM,proxy_anchor,Diag-vMF,test,test,pooled,0.1,20260508,,skipped,ratio 0.1 would leave fewer than 20 hard negatives (13),skipped,ratio 0.1 would leave fewer than 20 hard negatives (13),nan,nan,nan,nan,nan,nan,nan,nan,nan,0,0,0,0,3833,138,0,3833,0,0,0
llava-onevision-qwen2-7b-ov-hf,llava-onevision-qwen2-7b-ov-hf,dash-b,Sphere-Traj-LSTM,proxy_anchor,Diag-kNN-tuned,test,test,pooled,0.1,20260508,,skipped,ratio 0.1 would leave fewer than 20 hard negatives (13),skipped,ratio 0.1 would leave fewer than 20 hard negatives (13),nan,nan,nan,nan,nan,nan,nan,nan,nan,0,0,0,0,3833,138,0,3833,0,0,0
llava-onevision-qwen2-7b-ov-hf,llava-onevision-qwen2-7b-ov-hf,dash-b,Sphere-Traj-LSTM,proxy_anchor,Diag-Classifier,test,test,pooled,0.1,20260508,,skipped,ratio 0.1 would leave fewer than 20 hard negatives (13),skipped,ratio 0.1 would leave fewer than 20 hard negatives (13),nan,nan,nan,nan,nan,nan,nan,nan,nan,0,0,0,0,3833,138,0,3833,0,0,0
llava-onevision-qwen2-7b-ov-hf,llava-onevision-qwen2-7b-ov-hf,dash-b,Sphere-Traj-LSTM,proxy_anchor,Diag-vMF,test,test,pooled,0.1,20260508,,skipped,ratio 0.1 would leave fewer than 20 hard negatives (13),skipped,ratio 0.1 would leave fewer than 20 hard negatives (13),nan,nan,nan,nan,nan,nan,nan,nan,nan,0,0,0,0,3833,138,0,3833,0,0,0
qwen3-vl-8b,qwen3-vl-8b,repope,Sphere-Traj-LSTM,proxy_anchor,Diag-Classifier,test,test,pooled,1.0,20260506,,evaluated,,passed,,0.5277912107194317,0.36115446960518366,0.687958741334802,0.9747709489734502,0.9615899778539136,0.9860870349771406,0.5101710697178611,0.5,0.09212198221092757,1612,1574,38,1542,3812,168,168,3980,168,28,0
qwen3-vl-8b,qwen3-vl-8b,repope,Sphere-Traj-LSTM,proxy_anchor,Diag-kNN-tuned,test,test,pooled,1.0,20260506,32,evaluated,,passed,,0.4902321098483184,0.32873896233568595,0.6474932543652917,0.9317862636260281,0.8917724611683078,0.9698646248568108,0.49815201171205864,0.42105263157894735,0.44726810673443457,1612,1574,38,1542,3812,168,168,3980,168,28,0
qwen3-vl-8b,qwen3-vl-8b,repope,Sphere-Traj-LSTM,proxy_anchor,Diag-vMF,test,test,pooled,1.0,20260506,,evaluated,,passed,,0.5148565538770353,0.3502431904103007,0.6713910773171694,0.9581856483648765,0.9249852042081019,0.9808043546499092,0.5231441953776359,0.4473684210526316,0.13532401524777637,1612,1574,38,1542,3812,168,168,3980,168,28,0
qwen3-vl-8b,qwen3-vl-8b,pope,Sphere-Traj-LSTM,proxy_anchor,Diag-Classifier,test,test,pooled,1.0,20260506,,evaluated,,passed,,0.2852531399129077,0.19638794393252348,0.3942690955226569,0.9431532663316583,0.9286442963336065,0.958362671615404,0.26976028800560325,0.19230769230769232,0.13442211055276382,1644,1592,52,1609,3812,168,168,3980,168,156,0
qwen3-vl-8b,qwen3-vl-8b,pope,Sphere-Traj-LSTM,proxy_anchor,Diag-kNN-tuned,test,test,pooled,1.0,20260506,32,evaluated,,passed,,0.21041678516950205,0.12416174311611826,0.3155367318124771,0.8666892153073057,0.8299750799656844,0.9044529755318027,0.21728182814781996,0.09615384615384616,0.3957286432160804,1644,1592,52,1609,3812,168,168,3980,168,156,0
qwen3-vl-8b,qwen3-vl-8b,pope,Sphere-Traj-LSTM,proxy_anchor,Diag-vMF,test,test,pooled,1.0,20260506,,evaluated,,passed,,0.240769021539593,0.1437924714886149,0.356788646123465,0.8581609972941631,0.8061869564933937,0.9104608091119683,0.24839236292070158,0.17307692307692307,0.5307788944723618,1644,1592,52,1609,3812,168,168,3980,168,156,0
qwen3-vl-8b,qwen3-vl-8b,dash-b,Sphere-Traj-LSTM,proxy_anchor,Diag-Classifier,test,test,pooled,1.0,20260506,,evaluated,,passed,,0.8533793369371829,0.7905174161408078,0.9105994038753935,0.9479045092838196,0.9275653427277468,0.9667757570770242,0.8542511148023973,0.2672413793103448,0.20615384615384616,441,325,116,381,3812,168,168,3980,168,2,0
qwen3-vl-8b,qwen3-vl-8b,dash-b,Sphere-Traj-LSTM,proxy_anchor,Diag-kNN-tuned,test,test,pooled,1.0,20260506,32,evaluated,,passed,,0.7272122852718111,0.6404879830265862,0.7996091113785021,0.8730769230769232,0.8386489179112959,0.907313619642694,0.7287315867040087,0.19827586206896552,0.5538461538461539,441,325,116,381,3812,168,168,3980,168,2,0
qwen3-vl-8b,qwen3-vl-8b,dash-b,Sphere-Traj-LSTM,proxy_anchor,Diag-vMF,test,test,pooled,1.0,20260506,,evaluated,,passed,,0.6271380923010564,0.5368828254307966,0.7040581541134276,0.843660477453581,0.8057759281781328,0.8777017589833328,0.6292825075999048,0.14655172413793102,0.5015384615384615,441,325,116,381,3812,168,168,3980,168,2,0
qwen3-vl-8b,qwen3-vl-8b,repope,Sphere-Traj-LSTM,proxy_anchor,Diag-Classifier,test,test,pooled,1.0,20260507,,evaluated,,passed,,0.6064969927477935,0.44208710586731537,0.7436866868867313,0.9659432889721127,0.9290274564059077,0.9878834908914245,0.6139497847384856,0.6842105263157895,0.12642947903430748,1612,1574,38,1542,3812,168,168,3980,168,28,0
qwen3-vl-8b,qwen3-vl-8b,repope,Sphere-Traj-LSTM,proxy_anchor,Diag-kNN-tuned,test,test,pooled,1.0,20260507,32,evaluated,,passed,,0.5014898405121319,0.3333249801533207,0.637648781735973,0.9358322744599745,0.897973292630936,0.9656055992586112,0.5081000630876842,0.5,0.31321473951715373,1612,1574,38,1542,3812,168,168,3980,168,28,0
qwen3-vl-8b,qwen3-vl-8b,repope,Sphere-Traj-LSTM,proxy_anchor,Diag-vMF,test,test,pooled,1.0,20260507,,evaluated,,passed,,0.5973660500047059,0.4276860702409809,0.7321148810893404,0.9636360596535811,0.9191251049825011,0.9878889087979997,0.6048543459908521,0.5263157894736842,0.11689961880559085,1612,1574,38,1542,3812,168,168,3980,168,28,0
qwen3-vl-8b,qwen3-vl-8b,pope,Sphere-Traj-LSTM,proxy_anchor,Diag-Classifier,test,test,pooled,1.0,20260507,,evaluated,,passed,,0.3345501799883531,0.21572078107390893,0.46826407944723036,0.9326077502899109,0.9050979167184884,0.956248229679082,0.34465491681092725,0.25,0.1984924623115578,1644,1592,52,1609,3812,168,168,3980,168,156,0
qwen3-vl-8b,qwen3-vl-8b,pope,Sphere-Traj-LSTM,proxy_anchor,Diag-kNN-tuned,test,test,pooled,1.0,20260507,32,evaluated,,passed,,0.16963909767505134,0.08831339292178525,0.27189189573289985,0.8501642829532277,0.8110948300528458,0.8876130720803211,0.1770224786868837,0.09615384615384616,0.4478643216080402,1644,1592,52,1609,3812,168,168,3980,168,156,0
qwen3-vl-8b,qwen3-vl-8b,pope,Sphere-Traj-LSTM,proxy_anchor,Diag-vMF,test,test,pooled,1.0,20260507,,evaluated,,passed,,0.33348736735850076,0.20946208971414876,0.46638096076120344,0.9050782759953614,0.8592463138759641,0.9431452224463447,0.3441995179706347,0.21153846153846154,0.49183417085427134,1644,1592,52,1609,3812,168,168,3980,168,156,0
qwen3-vl-8b,qwen3-vl-8b,dash-b,Sphere-Traj-LSTM,proxy_anchor,Diag-Classifier,test,test,pooled,1.0,20260507,,evaluated,,passed,,0.8228673078245189,0.7588871395676805,0.8829997837020763,0.9319628647214854,0.9078467286304358,0.9533289968177878,0.8238155868593753,0.29310344827586204,0.2123076923076923,441,325,116,381,3812,168,168,3980,168,2,0
qwen3-vl-8b,qwen3-vl-8b,dash-b,Sphere-Traj-LSTM,proxy_anchor,Diag-kNN-tuned,test,test,pooled,1.0,20260507,32,evaluated,,passed,,0.5947327142396758,0.5015785222719485,0.6866696985248544,0.8241909814323608,0.7875654069767442,0.8622342665795047,0.597291713431403,0.12931034482758622,0.4676923076923077,441,325,116,381,3812,168,168,3980,168,2,0
qwen3-vl-8b,qwen3-vl-8b,dash-b,Sphere-Traj-LSTM,proxy_anchor,Diag-vMF,test,test,pooled,1.0,20260507,,evaluated,,passed,,0.5233245141778124,0.4364404761631633,0.6199788948120051,0.8219893899204245,0.7838864067492012,0.8608443209983498,0.5282225884471121,0.05172413793103448,0.4584615384615385,441,325,116,381,3812,168,168,3980,168,2,0
qwen3-vl-8b,qwen3-vl-8b,repope,Sphere-Traj-LSTM,proxy_anchor,Diag-Classifier,test,test,pooled,1.0,20260508,,evaluated,,passed,,0.5124229401540341,0.3489264916925279,0.6678823671584265,0.9620895472480437,0.9228971530116674,0.9863671875,0.5307043032882025,0.5263157894736842,0.14612452350698857,1612,1574,38,1542,3812,168,168,3980,168,28,0
qwen3-vl-8b,qwen3-vl-8b,repope,Sphere-Traj-LSTM,proxy_anchor,Diag-kNN-tuned,test,test,pooled,1.0,20260508,32,evaluated,,passed,,0.449917694527256,0.2844625093567088,0.6059082503598703,0.9365679127934194,0.9069747867002089,0.9625070260479458,0.462213249345939,0.5263157894736842,0.26493011435832275,1612,1574,38,1542,3812,168,168,3980,168,28,0
qwen3-vl-8b,qwen3-vl-8b,repope,Sphere-Traj-LSTM,proxy_anchor,Diag-vMF,test,test,pooled,1.0,20260508,,evaluated,,passed,,0.527208661311724,0.36492610612656684,0.687137738049244,0.9635859024944828,0.9249215568065021,0.9867924248417721,0.5407326789649214,0.5263157894736842,0.12833545108005082,1612,1574,38,1542,3812,168,168,3980,168,28,0
qwen3-vl-8b,qwen3-vl-8b,pope,Sphere-Traj-LSTM,proxy_anchor,Diag-Classifier,test,test,pooled,1.0,20260508,,evaluated,,passed,,0.29397995800140614,0.19715255310210258,0.4112366020080918,0.9297931967529957,0.8987262224510273,0.9551967503542612,0.2874952391578388,0.11538461538461539,0.18530150753768845,1644,1592,52,1609,3812,168,168,3980,168,156,0
qwen3-vl-8b,qwen3-vl-8b,pope,Sphere-Traj-LSTM,proxy_anchor,Diag-kNN-tuned,test,test,pooled,1.0,20260508,32,evaluated,,passed,,0.09437563477360904,0.06287265803869126,0.14839059057095252,0.8192283533049864,0.7841509636618582,0.8512457760001482,0.10606930895584789,0.057692307692307696,0.41331658291457285,1644,1592,52,1609,3812,168,168,3980,168,156,0
qwen3-vl-8b,qwen3-vl-8b,pope,Sphere-Traj-LSTM,proxy_anchor,Diag-vMF,test,test,pooled,1.0,20260508,,evaluated,,passed,,0.2506002272954918,0.164086723312402,0.3606543809815868,0.873610842674913,0.8276458724068697,0.9211962116888036,0.2667413752977855,0.19230769230769232,0.46608040201005024,1644,1592,52,1609,3812,168,168,3980,168,156,0
qwen3-vl-8b,qwen3-vl-8b,dash-b,Sphere-Traj-LSTM,proxy_anchor,Diag-Classifier,test,test,pooled,1.0,20260508,,evaluated,,passed,,0.8408736473480497,0.7761402960177447,0.8966298975588849,0.9389655172413793,0.9163048412547324,0.9591906365257129,0.8416743847098348,0.31896551724137934,0.23076923076923078,441,325,116,381,3812,168,168,3980,168,2,0
qwen3-vl-8b,qwen3-vl-8b,dash-b,Sphere-Traj-LSTM,proxy_anchor,Diag-kNN-tuned,test,test,pooled,1.0,20260508,32,evaluated,,passed,,0.47495164559321146,0.3957566658347627,0.568692994222627,0.796763925729443,0.7529055400911941,0.8366525320563157,0.48135137080489454,0.05172413793103448,0.5292307692307693,441,325,116,381,3812,168,168,3980,168,2,0
qwen3-vl-8b,qwen3-vl-8b,dash-b,Sphere-Traj-LSTM,proxy_anchor,Diag-vMF,test,test,pooled,1.0,20260508,,evaluated,,passed,,0.47382131118754556,0.3989094769172967,0.5578698386930608,0.8212466843501327,0.780316540688268,0.8585590015639479,0.4782174638274749,0.0,0.4123076923076923,441,325,116,381,3812,168,168,3980,168,2,0
qwen3-vl-8b,qwen3-vl-8b,repope,Sphere-Traj-LSTM,proxy_anchor,Diag-Classifier,test,test,pooled,0.5,20260506,,evaluated,,passed,,0.5279544897891933,0.374386522038156,0.6784558486958773,0.9701063331772889,0.9535121713119835,0.9856767758625928,0.5368401193151592,0.39473684210526316,0.14612452350698857,1612,1574,38,1542,3812,168,84,3896,84,28,0
qwen3-vl-8b,qwen3-vl-8b,repope,Sphere-Traj-LSTM,proxy_anchor,Diag-kNN-tuned,test,test,pooled,0.5,20260506,32,evaluated,,passed,,0.44569737688913424,0.2926330709648256,0.5973556357143125,0.9510967698789541,0.9243235850591223,0.9771046437782119,0.4559415787502352,0.42105263157894735,0.3418043202033037,1612,1574,38,1542,3812,168,84,3896,84,28,0
qwen3-vl-8b,qwen3-vl-8b,repope,Sphere-Traj-LSTM,proxy_anchor,Diag-vMF,test,test,pooled,0.5,20260506,,evaluated,,passed,,0.5442748795189642,0.3849401955778298,0.6946041528524846,0.9801043268909249,0.9708293605013659,0.9894583358848923,0.5557328159089645,0.39473684210526316,0.09021601016518424,1612,1574,38,1542,3812,168,84,3896,84,28,0
qwen3-vl-8b,qwen3-vl-8b,pope,Sphere-Traj-LSTM,proxy_anchor,Diag-Classifier,test,test,pooled,0.5,20260506,,evaluated,,passed,,0.241593957009039,0.17158214470710886,0.3349923755639513,0.935567259373792,0.9162090980763904,0.9551315624485128,0.25404460474233753,0.15384615384615385,0.17902010050251257,1644,1592,52,1609,3812,168,84,3896,84,156,0
qwen3-vl-8b,qwen3-vl-8b,pope,Sphere-Traj-LSTM,proxy_anchor,Diag-kNN-tuned,test,test,pooled,0.5,20260506,32,evaluated,,passed,,0.16358819560955756,0.10112752843078299,0.2619331122127901,0.871134518747584,0.8433691589488683,0.899909722720517,0.17296520553933994,0.15384615384615385,0.2757537688442211,1644,1592,52,1609,3812,168,84,3896,84,156,0
qwen3-vl-8b,qwen3-vl-8b,pope,Sphere-Traj-LSTM,proxy_anchor,Diag-vMF,test,test,pooled,0.5,20260506,,evaluated,,passed,,0.28337410398895324,0.20113325652515995,0.3964637515184667,0.9351565519907229,0.9042856280418702,0.960707873974598,0.2953641848551563,0.15384615384615385,0.43404522613065327,1644,1592,52,1609,3812,168,84,3896,84,156,0
qwen3-vl-8b,qwen3-vl-8b,dash-b,Sphere-Traj-LSTM,proxy_anchor,Diag-Classifier,test,test,pooled,0.5,20260506,,evaluated,,passed,,0.8375560878639031,0.7701844706018514,0.8976405461848797,0.9350132625994696,0.9113358926983267,0.9572776581550279,0.8384744111769182,0.22413793103448276,0.31384615384615383,441,325,116,381,3812,168,84,3896,84,2,0
qwen3-vl-8b,qwen3-vl-8b,dash-b,Sphere-Traj-LSTM,proxy_anchor,Diag-kNN-tuned,test,test,pooled,0.5,20260506,32,evaluated,,passed,,0.5403320844862248,0.4508759611270822,0.6372387650537664,0.8323076923076923,0.7934796684179374,0.8653474134188991,0.5472614964809748,0.06896551724137931,0.36923076923076925,441,325,116,381,3812,168,84,3896,84,2,0
qwen3-vl-8b,qwen3-vl-8b,dash-b,Sphere-Traj-LSTM,proxy_anchor,Diag-vMF,test,test,pooled,0.5,20260506,,evaluated,,passed,,0.6720298114040967,0.5752007386904245,0.7518182051914497,0.8624137931034482,0.8241954399087665,0.8966035675684165,0.6743733665954685,0.14655172413793102,0.39076923076923076,441,325,116,381,3812,168,84,3896,84,2,0
qwen3-vl-8b,qwen3-vl-8b,repope,Sphere-Traj-LSTM,proxy_anchor,Diag-Classifier,test,test,pooled,0.5,20260507,,evaluated,,passed,,0.3705195874999783,0.2258441200796677,0.5053111692948095,0.960793820637999,0.9456301961417458,0.9733984246568305,0.38240231929416596,0.2894736842105263,0.12770012706480305,1612,1574,38,1542,3812,168,84,3896,84,28,0
qwen3-vl-8b,qwen3-vl-8b,repope,Sphere-Traj-LSTM,proxy_anchor,Diag-kNN-tuned,test,test,pooled,0.5,20260507,8,evaluated,,passed,,0.14361887422876593,0.08291122116237386,0.23286892075423346,0.8826824048685882,0.8419889418536156,0.9205128758494754,0.16483876870888456,0.15789473684210525,0.30749682337992373,1612,1574,38,1542,3812,168,84,3896,84,28,0
qwen3-vl-8b,qwen3-vl-8b,repope,Sphere-Traj-LSTM,proxy_anchor,Diag-vMF,test,test,pooled,0.5,20260507,,evaluated,,passed,,0.04087426269649359,0.01730444406743432,0.10996318016064315,0.47421922022336654,0.3825411853736258,0.5623662815503732,0.06183082219682605,0.07894736842105263,0.8310038119440915,1612,1574,38,1542,3812,168,84,3896,84,28,0
qwen3-vl-8b,qwen3-vl-8b,pope,Sphere-Traj-LSTM,proxy_anchor,Diag-Classifier,test,test,pooled,0.5,20260507,,evaluated,,passed,,0.2700696512631368,0.17674838742704213,0.38114114515651876,0.9292496134518746,0.9101768381615617,0.9461021214966284,0.275682581630996,0.11538461538461539,0.17587939698492464,1644,1592,52,1609,3812,168,84,3896,84,156,0
qwen3-vl-8b,qwen3-vl-8b,pope,Sphere-Traj-LSTM,proxy_anchor,Diag-kNN-tuned,test,test,pooled,0.5,20260507,8,evaluated,,passed,,0.07320146131402788,0.04767054702217848,0.10892065707509271,0.7337649787398531,0.6665537948920821,0.8044668463744569,0.07752198733031697,0.019230769230769232,0.7474874371859297,1644,1592,52,1609,3812,168,84,3896,84,156,0
qwen3-vl-8b,qwen3-vl-8b,pope,Sphere-Traj-LSTM,proxy_anchor,Diag-vMF,test,test,pooled,0.5,20260507,,evaluated,,passed,,0.0220756959500294,0.016122126943188334,0.02885240099899345,0.3547062234248164,0.29944708444487805,0.4112719887322395,0.022860106416714456,0.0,0.8668341708542714,1644,1592,52,1609,3812,168,84,3896,84,156,0
qwen3-vl-8b,qwen3-vl-8b,dash-b,Sphere-Traj-LSTM,proxy_anchor,Diag-Classifier,test,test,pooled,0.5,20260507,,evaluated,,passed,,0.8616912317729497,0.8007612556460334,0.9145454992677776,0.9485145888594164,0.9276477199388483,0.9667021420175819,0.862465990553145,0.2413793103448276,0.23692307692307693,441,325,116,381,3812,168,84,3896,84,2,0
qwen3-vl-8b,qwen3-vl-8b,dash-b,Sphere-Traj-LSTM,proxy_anchor,Diag-kNN-tuned,test,test,pooled,0.5,20260507,8,evaluated,,passed,,0.3881712403459811,0.3142099606684067,0.46558709293923684,0.7160212201591512,0.6685073788142907,0.7600790715308182,0.3936688441293918,0.0,0.64,441,325,116,381,3812,168,84,3896,84,2,0
qwen3-vl-8b,qwen3-vl-8b,dash-b,Sphere-Traj-LSTM,proxy_anchor,Diag-vMF,test,test,pooled,0.5,20260507,,evaluated,,passed,,0.18612378124219803,0.1535222969444991,0.22214108746732164,0.3168832891246684,0.2692007419985153,0.36935492057141156,0.18802866579637154,0.0,0.9723076923076923,441,325,116,381,3812,168,84,3896,84,2,0
qwen3-vl-8b,qwen3-vl-8b,repope,Sphere-Traj-LSTM,proxy_anchor,Diag-Classifier,test,test,pooled,0.5,20260508,,evaluated,,passed,,0.5599894335176948,0.3946055125300786,0.719150293285177,0.9525178893867451,0.8943763286136133,0.9866954277557928,0.557889093373928,0.5789473684210527,0.23697585768742058,1612,1574,38,1542,3812,168,84,3896,84,28,0
qwen3-vl-8b,qwen3-vl-8b,repope,Sphere-Traj-LSTM,proxy_anchor,Diag-kNN-tuned,test,test,pooled,0.5,20260508,32,evaluated,,passed,,0.5890827214192454,0.41960933509373444,0.7384333172281458,0.9725974720791815,0.9512300664830942,0.9871714312626952,0.5981365234571179,0.6578947368421053,0.17662007623888182,1612,1574,38,1542,3812,168,84,3896,84,28,0
qwen3-vl-8b,qwen3-vl-8b,repope,Sphere-Traj-LSTM,proxy_anchor,Diag-vMF,test,test,pooled,0.5,20260508,,evaluated,,passed,,0.5983253469338009,0.436718270998133,0.7455741585337241,0.9657259412826857,0.9234961861215998,0.98899690069694,0.6074126586257586,0.6578947368421053,0.09783989834815757,1612,1574,38,1542,3812,168,84,3896,84,28,0
qwen3-vl-8b,qwen3-vl-8b,pope,Sphere-Traj-LSTM,proxy_anchor,Diag-Classifier,test,test,pooled,0.5,20260508,,evaluated,,passed,,0.3070730457071343,0.20597328847491267,0.4272875832812963,0.9049031213761114,0.84539350163652,0.9534887043027253,0.29570793727957595,0.28846153846153844,0.7657035175879398,1644,1592,52,1609,3812,168,84,3896,84,156,0
qwen3-vl-8b,qwen3-vl-8b,pope,Sphere-Traj-LSTM,proxy_anchor,Diag-kNN-tuned,test,test,pooled,0.5,20260508,32,evaluated,,passed,,0.28853814880002554,0.18811392791532586,0.4030806886760908,0.9253478933127174,0.9024767591426633,0.9468971098158778,0.29781691391874504,0.23076923076923078,0.20603015075376885,1644,1592,52,1609,3812,168,84,3896,84,156,0
qwen3-vl-8b,qwen3-vl-8b,pope,Sphere-Traj-LSTM,proxy_anchor,Diag-vMF,test,test,pooled,0.5,20260508,,evaluated,,passed,,0.32303047358785475,0.21888519656561642,0.44120345690678325,0.9349511982991883,0.896419936668948,0.9619670426932444,0.3328909007575065,0.23076923076923078,0.14698492462311558,1644,1592,52,1609,3812,168,84,3896,84,156,0
qwen3-vl-8b,qwen3-vl-8b,dash-b,Sphere-Traj-LSTM,proxy_anchor,Diag-Classifier,test,test,pooled,0.5,20260508,,evaluated,,passed,,0.7684439118307914,0.6855799797413994,0.8382512126501809,0.8813793103448276,0.8388771732523514,0.9183340541901517,0.7696520310438097,0.3275862068965517,0.5907692307692308,441,325,116,381,3812,168,84,3896,84,2,0
qwen3-vl-8b,qwen3-vl-8b,dash-b,Sphere-Traj-LSTM,proxy_anchor,Diag-kNN-tuned,test,test,pooled,0.5,20260508,32,evaluated,,passed,,0.7360424912551073,0.6525183913556863,0.8102533704807191,0.8817506631299735,0.8470453315240521,0.9130641995534419,0.7374085589059423,0.27586206896551724,0.37846153846153846,441,325,116,381,3812,168,84,3896,84,2,0
qwen3-vl-8b,qwen3-vl-8b,dash-b,Sphere-Traj-LSTM,proxy_anchor,Diag-vMF,test,test,pooled,0.5,20260508,,evaluated,,passed,,0.7498746381168744,0.6667691205720234,0.821490490647227,0.8803978779840849,0.8411731043603786,0.91372298069528,0.7511417257895179,0.28448275862068967,0.40923076923076923,441,325,116,381,3812,168,84,3896,84,2,0
qwen3-vl-8b,qwen3-vl-8b,repope,Sphere-Traj-LSTM,proxy_anchor,Diag-Classifier,test,test,pooled,0.25,20260506,,evaluated,,passed,,0.40424391555326805,0.2448218921036461,0.5599182720957242,0.8582224302815489,0.7769219116282226,0.9302888112338076,0.40030200135758554,0.39473684210526316,0.7229987293519695,1612,1574,38,1542,3812,168,42,3854,42,28,0
qwen3-vl-8b,qwen3-vl-8b,repope,Sphere-Traj-LSTM,proxy_anchor,Diag-kNN-tuned,test,test,pooled,0.25,20260506,32,evaluated,,passed,,0.4437457812768442,0.2880348411414583,0.5931730033772181,0.9488229786664883,0.9252202582742615,0.9703750878794535,0.45096562509393107,0.2894736842105263,0.18742058449809404,1612,1574,38,1542,3812,168,42,3854,42,28,0
qwen3-vl-8b,qwen3-vl-8b,repope,Sphere-Traj-LSTM,proxy_anchor,Diag-vMF,test,test,pooled,0.25,20260506,,evaluated,,passed,,0.4785969812303999,0.31757445941538737,0.6251707362301581,0.9651407744265365,0.9495053540611146,0.9791670143686638,0.486220919778452,0.42105263157894735,0.13532401524777637,1612,1574,38,1542,3812,168,42,3854,42,28,0
qwen3-vl-8b,qwen3-vl-8b,pope,Sphere-Traj-LSTM,proxy_anchor,Diag-Classifier,test,test,pooled,0.25,20260506,,evaluated,,passed,,0.23244833351268746,0.14345946538502222,0.342569500342483,0.811714824120603,0.739895777935012,0.8791385502030231,0.21058788024083006,0.07692307692307693,0.6639447236180904,1644,1592,52,1609,3812,168,42,3854,42,156,0
qwen3-vl-8b,qwen3-vl-8b,pope,Sphere-Traj-LSTM,proxy_anchor,Diag-kNN-tuned,test,test,pooled,0.25,20260506,32,evaluated,,passed,,0.21201949296514164,0.12655382564864864,0.30888388700030384,0.8909088712794743,0.8587677556818182,0.9217218297362054,0.21834770976026482,0.11538461538461539,0.3793969849246231,1644,1592,52,1609,3812,168,42,3854,42,156,0
qwen3-vl-8b,qwen3-vl-8b,pope,Sphere-Traj-LSTM,proxy_anchor,Diag-vMF,test,test,pooled,0.25,20260506,,evaluated,,passed,,0.27020033239486646,0.17809287454038214,0.37859801719541736,0.905585620409741,0.8613920439627806,0.9424488676464298,0.2774357244220257,0.11538461538461539,0.5879396984924623,1644,1592,52,1609,3812,168,42,3854,42,156,0
qwen3-vl-8b,qwen3-vl-8b,dash-b,Sphere-Traj-LSTM,proxy_anchor,Diag-Classifier,test,test,pooled,0.25,20260506,,evaluated,,passed,,0.7964350598203671,0.7245743627952648,0.8586439058567983,0.9043501326259947,0.8705933045557639,0.9341877944087763,0.7975045218272196,0.23275862068965517,0.4461538461538462,441,325,116,381,3812,168,42,3854,42,2,0
qwen3-vl-8b,qwen3-vl-8b,dash-b,Sphere-Traj-LSTM,proxy_anchor,Diag-kNN-tuned,test,test,pooled,0.25,20260506,32,evaluated,,passed,,0.7372330763077777,0.6557476774535119,0.8072595625874096,0.866631299734748,0.8287400688440805,0.9005373880019528,0.7384602399023711,0.25,0.5384615384615384,441,325,116,381,3812,168,42,3854,42,2,0
qwen3-vl-8b,qwen3-vl-8b,dash-b,Sphere-Traj-LSTM,proxy_anchor,Diag-vMF,test,test,pooled,0.25,20260506,,evaluated,,passed,,0.7266810187857098,0.645437049784149,0.7963775306751014,0.8653050397877984,0.8288344172586711,0.8981212553415304,0.7279239004748832,0.25,0.4553846153846154,441,325,116,381,3812,168,42,3854,42,2,0
qwen3-vl-8b,qwen3-vl-8b,repope,Sphere-Traj-LSTM,proxy_anchor,Diag-Classifier,test,test,pooled,0.25,20260507,,evaluated,,passed,,0.5501663260113058,0.3882589190810848,0.6711610153878339,0.97488798234468,0.9619194166735485,0.9841679955230122,0.5567449437654032,0.39473684210526316,0.11626429479034307,1612,1574,38,1542,3812,168,42,3854,42,28,0
qwen3-vl-8b,qwen3-vl-8b,repope,Sphere-Traj-LSTM,proxy_anchor,Diag-kNN-tuned,test,test,pooled,0.25,20260507,32,evaluated,,passed,,0.49695559196575617,0.3346936183874139,0.6326520344654424,0.9294288771483983,0.9008077907169441,0.9556180178503859,0.499336586480605,0.39473684210526316,0.2617534942820839,1612,1574,38,1542,3812,168,42,3854,42,28,0
qwen3-vl-8b,qwen3-vl-8b,repope,Sphere-Traj-LSTM,proxy_anchor,Diag-vMF,test,test,pooled,0.25,20260507,,evaluated,,passed,,0.6052567988592655,0.45402086842309475,0.7236696417717664,0.974169063064268,0.959633571881511,0.9844761803633887,0.6089077891098231,0.42105263157894735,0.12198221092757307,1612,1574,38,1542,3812,168,42,3854,42,28,0
qwen3-vl-8b,qwen3-vl-8b,pope,Sphere-Traj-LSTM,proxy_anchor,Diag-Classifier,test,test,pooled,0.25,20260507,,evaluated,,passed,,0.23752260559505642,0.16938776889247567,0.3265010707413519,0.94691003092385,0.9325237793115478,0.9601607999978293,0.2493869120999883,0.07692307692307693,0.13190954773869346,1644,1592,52,1609,3812,168,42,3854,42,156,0
qwen3-vl-8b,qwen3-vl-8b,pope,Sphere-Traj-LSTM,proxy_anchor,Diag-kNN-tuned,test,test,pooled,0.25,20260507,32,evaluated,,passed,,0.08984306254190925,0.06257757442790005,0.13331308893070856,0.8311509470429068,0.8011536473818591,0.8592990885332632,0.09657928039767834,0.038461538461538464,0.29773869346733667,1644,1592,52,1609,3812,168,42,3854,42,156,0
qwen3-vl-8b,qwen3-vl-8b,pope,Sphere-Traj-LSTM,proxy_anchor,Diag-vMF,test,test,pooled,0.25,20260507,,evaluated,,passed,,0.22047079683257356,0.1530751317718599,0.30946264637290877,0.9256257247777349,0.8975652356902357,0.9494560659739898,0.23098046115358284,0.09615384615384616,0.28831658291457285,1644,1592,52,1609,3812,168,42,3854,42,156,0
qwen3-vl-8b,qwen3-vl-8b,dash-b,Sphere-Traj-LSTM,proxy_anchor,Diag-Classifier,test,test,pooled,0.25,20260507,,evaluated,,passed,,0.8273013554753466,0.7499520616705564,0.8921267346428755,0.9483554376657826,0.9284446524481836,0.9656836257942909,0.8286433609729262,0.15517241379310345,0.19076923076923077,441,325,116,381,3812,168,42,3854,42,2,0
qwen3-vl-8b,qwen3-vl-8b,dash-b,Sphere-Traj-LSTM,proxy_anchor,Diag-kNN-tuned,test,test,pooled,0.25,20260507,32,evaluated,,passed,,0.45935917031925344,0.3859751355090816,0.5461937031162603,0.7996551724137931,0.7607666851927576,0.840413249302138,0.4642258739762168,0.0,0.5353846153846153,441,325,116,381,3812,168,42,3854,42,2,0
qwen3-vl-8b,qwen3-vl-8b,dash-b,Sphere-Traj-LSTM,proxy_anchor,Diag-vMF,test,test,pooled,0.25,20260507,,evaluated,,passed,,0.5354880188769386,0.452698064837388,0.6292099772489003,0.850132625994695,0.8146663203405747,0.8873114193110342,0.5406151734294316,0.0,0.4,441,325,116,381,3812,168,42,3854,42,2,0
qwen3-vl-8b,qwen3-vl-8b,repope,Sphere-Traj-LSTM,proxy_anchor,Diag-Classifier,test,test,pooled,0.25,20260508,,evaluated,,passed,,0.4192979660740635,0.2645488092045138,0.5749877432109839,0.967949575336053,0.9557116728560497,0.97948421441132,0.43855938785218035,0.2631578947368421,0.08576874205844981,1612,1574,38,1542,3812,168,42,3854,42,28,0
qwen3-vl-8b,qwen3-vl-8b,repope,Sphere-Traj-LSTM,proxy_anchor,Diag-kNN-tuned,test,test,pooled,0.25,20260508,32,evaluated,,passed,,0.40666872175821545,0.25521558215292345,0.5738492457905108,0.9592556677589781,0.9401638981581154,0.9752752649734765,0.42595749754531775,0.42105263157894735,0.15756035578144853,1612,1574,38,1542,3812,168,42,3854,42,28,0
qwen3-vl-8b,qwen3-vl-8b,repope,Sphere-Traj-LSTM,proxy_anchor,Diag-vMF,test,test,pooled,0.25,20260508,,evaluated,,passed,,0.4197061037468756,0.27012589109010154,0.5816009790510542,0.9685347421922023,0.9568604096263437,0.9798752171632059,0.43915169267837273,0.42105263157894735,0.09529860228716645,1612,1574,38,1542,3812,168,42,3854,42,28,0
qwen3-vl-8b,qwen3-vl-8b,pope,Sphere-Traj-LSTM,proxy_anchor,Diag-Classifier,test,test,pooled,0.25,20260508,,evaluated,,passed,,0.22656311608573687,0.15372285106955605,0.32256659442026475,0.9302522226517201,0.9105115577944026,0.9461041776744126,0.24197753558898402,0.17307692307692307,0.17902010050251257,1644,1592,52,1609,3812,168,42,3854,42,156,0
qwen3-vl-8b,qwen3-vl-8b,pope,Sphere-Traj-LSTM,proxy_anchor,Diag-kNN-tuned,test,test,pooled,0.25,20260508,32,evaluated,,passed,,0.1801717799151843,0.11304596628730962,0.27334437169658515,0.8805807885581756,0.8482607169155922,0.9085867823651859,0.19485933979322445,0.11538461538461539,0.34045226130653267,1644,1592,52,1609,3812,168,42,3854,42,156,0
qwen3-vl-8b,qwen3-vl-8b,pope,Sphere-Traj-LSTM,proxy_anchor,Diag-vMF,test,test,pooled,0.25,20260508,,evaluated,,passed,,0.20335514988960607,0.13722750843350148,0.29034864746727,0.8985794356397372,0.855944308395613,0.9355670382164046,0.21798697520932697,0.057692307692307696,0.5690954773869347,1644,1592,52,1609,3812,168,42,3854,42,156,0
qwen3-vl-8b,qwen3-vl-8b,dash-b,Sphere-Traj-LSTM,proxy_anchor,Diag-Classifier,test,test,pooled,0.25,20260508,,evaluated,,passed,,0.76975383653496,0.6754710478703237,0.8555684294452848,0.9311140583554378,0.9058273197437844,0.9525379958452439,0.7724984492999311,0.11206896551724138,0.20615384615384616,441,325,116,381,3812,168,42,3854,42,2,0
qwen3-vl-8b,qwen3-vl-8b,dash-b,Sphere-Traj-LSTM,proxy_anchor,Diag-kNN-tuned,test,test,pooled,0.25,20260508,32,evaluated,,passed,,0.7345486296859859,0.641697418337404,0.817711783950856,0.900291777188329,0.8708669326189932,0.9281125339560383,0.7368063323623328,0.10344827586206896,0.36923076923076925,441,325,116,381,3812,168,42,3854,42,2,0
qwen3-vl-8b,qwen3-vl-8b,dash-b,Sphere-Traj-LSTM,proxy_anchor,Diag-vMF,test,test,pooled,0.25,20260508,,evaluated,,passed,,0.7147342221177276,0.6212519130260943,0.7976711282430331,0.8750132625994694,0.8371041143574526,0.9089637944123738,0.7169732483634403,0.10344827586206896,0.4553846153846154,441,325,116,381,3812,168,42,3854,42,2,0
qwen3-vl-8b,qwen3-vl-8b,repope,Sphere-Traj-LSTM,proxy_anchor,Diag-kNN-tuned,test,test,pooled,0.1,20260506,,skipped,ratio 0.1 would leave fewer than 20 hard negatives (16),skipped,ratio 0.1 would leave fewer than 20 hard negatives (16),nan,nan,nan,nan,nan,nan,nan,nan,nan,0,0,0,0,3812,168,0,3812,0,0,0
qwen3-vl-8b,qwen3-vl-8b,repope,Sphere-Traj-LSTM,proxy_anchor,Diag-Classifier,test,test,pooled,0.1,20260506,,skipped,ratio 0.1 would leave fewer than 20 hard negatives (16),skipped,ratio 0.1 would leave fewer than 20 hard negatives (16),nan,nan,nan,nan,nan,nan,nan,nan,nan,0,0,0,0,3812,168,0,3812,0,0,0
qwen3-vl-8b,qwen3-vl-8b,repope,Sphere-Traj-LSTM,proxy_anchor,Diag-vMF,test,test,pooled,0.1,20260506,,skipped,ratio 0.1 would leave fewer than 20 hard negatives (16),skipped,ratio 0.1 would leave fewer than 20 hard negatives (16),nan,nan,nan,nan,nan,nan,nan,nan,nan,0,0,0,0,3812,168,0,3812,0,0,0
qwen3-vl-8b,qwen3-vl-8b,pope,Sphere-Traj-LSTM,proxy_anchor,Diag-kNN-tuned,test,test,pooled,0.1,20260506,,skipped,ratio 0.1 would leave fewer than 20 hard negatives (16),skipped,ratio 0.1 would leave fewer than 20 hard negatives (16),nan,nan,nan,nan,nan,nan,nan,nan,nan,0,0,0,0,3812,168,0,3812,0,0,0
qwen3-vl-8b,qwen3-vl-8b,pope,Sphere-Traj-LSTM,proxy_anchor,Diag-Classifier,test,test,pooled,0.1,20260506,,skipped,ratio 0.1 would leave fewer than 20 hard negatives (16),skipped,ratio 0.1 would leave fewer than 20 hard negatives (16),nan,nan,nan,nan,nan,nan,nan,nan,nan,0,0,0,0,3812,168,0,3812,0,0,0
qwen3-vl-8b,qwen3-vl-8b,pope,Sphere-Traj-LSTM,proxy_anchor,Diag-vMF,test,test,pooled,0.1,20260506,,skipped,ratio 0.1 would leave fewer than 20 hard negatives (16),skipped,ratio 0.1 would leave fewer than 20 hard negatives (16),nan,nan,nan,nan,nan,nan,nan,nan,nan,0,0,0,0,3812,168,0,3812,0,0,0
qwen3-vl-8b,qwen3-vl-8b,dash-b,Sphere-Traj-LSTM,proxy_anchor,Diag-kNN-tuned,test,test,pooled,0.1,20260506,,skipped,ratio 0.1 would leave fewer than 20 hard negatives (16),skipped,ratio 0.1 would leave fewer than 20 hard negatives (16),nan,nan,nan,nan,nan,nan,nan,nan,nan,0,0,0,0,3812,168,0,3812,0,0,0
qwen3-vl-8b,qwen3-vl-8b,dash-b,Sphere-Traj-LSTM,proxy_anchor,Diag-Classifier,test,test,pooled,0.1,20260506,,skipped,ratio 0.1 would leave fewer than 20 hard negatives (16),skipped,ratio 0.1 would leave fewer than 20 hard negatives (16),nan,nan,nan,nan,nan,nan,nan,nan,nan,0,0,0,0,3812,168,0,3812,0,0,0
qwen3-vl-8b,qwen3-vl-8b,dash-b,Sphere-Traj-LSTM,proxy_anchor,Diag-vMF,test,test,pooled,0.1,20260506,,skipped,ratio 0.1 would leave fewer than 20 hard negatives (16),skipped,ratio 0.1 would leave fewer than 20 hard negatives (16),nan,nan,nan,nan,nan,nan,nan,nan,nan,0,0,0,0,3812,168,0,3812,0,0,0
qwen3-vl-8b,qwen3-vl-8b,repope,Sphere-Traj-LSTM,proxy_anchor,Diag-kNN-tuned,test,test,pooled,0.1,20260507,,skipped,ratio 0.1 would leave fewer than 20 hard negatives (16),skipped,ratio 0.1 would leave fewer than 20 hard negatives (16),nan,nan,nan,nan,nan,nan,nan,nan,nan,0,0,0,0,3812,168,0,3812,0,0,0
qwen3-vl-8b,qwen3-vl-8b,repope,Sphere-Traj-LSTM,proxy_anchor,Diag-Classifier,test,test,pooled,0.1,20260507,,skipped,ratio 0.1 would leave fewer than 20 hard negatives (16),skipped,ratio 0.1 would leave fewer than 20 hard negatives (16),nan,nan,nan,nan,nan,nan,nan,nan,nan,0,0,0,0,3812,168,0,3812,0,0,0
qwen3-vl-8b,qwen3-vl-8b,repope,Sphere-Traj-LSTM,proxy_anchor,Diag-vMF,test,test,pooled,0.1,20260507,,skipped,ratio 0.1 would leave fewer than 20 hard negatives (16),skipped,ratio 0.1 would leave fewer than 20 hard negatives (16),nan,nan,nan,nan,nan,nan,nan,nan,nan,0,0,0,0,3812,168,0,3812,0,0,0
qwen3-vl-8b,qwen3-vl-8b,pope,Sphere-Traj-LSTM,proxy_anchor,Diag-kNN-tuned,test,test,pooled,0.1,20260507,,skipped,ratio 0.1 would leave fewer than 20 hard negatives (16),skipped,ratio 0.1 would leave fewer than 20 hard negatives (16),nan,nan,nan,nan,nan,nan,nan,nan,nan,0,0,0,0,3812,168,0,3812,0,0,0
qwen3-vl-8b,qwen3-vl-8b,pope,Sphere-Traj-LSTM,proxy_anchor,Diag-Classifier,test,test,pooled,0.1,20260507,,skipped,ratio 0.1 would leave fewer than 20 hard negatives (16),skipped,ratio 0.1 would leave fewer than 20 hard negatives (16),nan,nan,nan,nan,nan,nan,nan,nan,nan,0,0,0,0,3812,168,0,3812,0,0,0
qwen3-vl-8b,qwen3-vl-8b,pope,Sphere-Traj-LSTM,proxy_anchor,Diag-vMF,test,test,pooled,0.1,20260507,,skipped,ratio 0.1 would leave fewer than 20 hard negatives (16),skipped,ratio 0.1 would leave fewer than 20 hard negatives (16),nan,nan,nan,nan,nan,nan,nan,nan,nan,0,0,0,0,3812,168,0,3812,0,0,0
qwen3-vl-8b,qwen3-vl-8b,dash-b,Sphere-Traj-LSTM,proxy_anchor,Diag-kNN-tuned,test,test,pooled,0.1,20260507,,skipped,ratio 0.1 would leave fewer than 20 hard negatives (16),skipped,ratio 0.1 would leave fewer than 20 hard negatives (16),nan,nan,nan,nan,nan,nan,nan,nan,nan,0,0,0,0,3812,168,0,3812,0,0,0
qwen3-vl-8b,qwen3-vl-8b,dash-b,Sphere-Traj-LSTM,proxy_anchor,Diag-Classifier,test,test,pooled,0.1,20260507,,skipped,ratio 0.1 would leave fewer than 20 hard negatives (16),skipped,ratio 0.1 would leave fewer than 20 hard negatives (16),nan,nan,nan,nan,nan,nan,nan,nan,nan,0,0,0,0,3812,168,0,3812,0,0,0
qwen3-vl-8b,qwen3-vl-8b,dash-b,Sphere-Traj-LSTM,proxy_anchor,Diag-vMF,test,test,pooled,0.1,20260507,,skipped,ratio 0.1 would leave fewer than 20 hard negatives (16),skipped,ratio 0.1 would leave fewer than 20 hard negatives (16),nan,nan,nan,nan,nan,nan,nan,nan,nan,0,0,0,0,3812,168,0,3812,0,0,0
qwen3-vl-8b,qwen3-vl-8b,repope,Sphere-Traj-LSTM,proxy_anchor,Diag-kNN-tuned,test,test,pooled,0.1,20260508,,skipped,ratio 0.1 would leave fewer than 20 hard negatives (16),skipped,ratio 0.1 would leave fewer than 20 hard negatives (16),nan,nan,nan,nan,nan,nan,nan,nan,nan,0,0,0,0,3812,168,0,3812,0,0,0
qwen3-vl-8b,qwen3-vl-8b,repope,Sphere-Traj-LSTM,proxy_anchor,Diag-Classifier,test,test,pooled,0.1,20260508,,skipped,ratio 0.1 would leave fewer than 20 hard negatives (16),skipped,ratio 0.1 would leave fewer than 20 hard negatives (16),nan,nan,nan,nan,nan,nan,nan,nan,nan,0,0,0,0,3812,168,0,3812,0,0,0
qwen3-vl-8b,qwen3-vl-8b,repope,Sphere-Traj-LSTM,proxy_anchor,Diag-vMF,test,test,pooled,0.1,20260508,,skipped,ratio 0.1 would leave fewer than 20 hard negatives (16),skipped,ratio 0.1 would leave fewer than 20 hard negatives (16),nan,nan,nan,nan,nan,nan,nan,nan,nan,0,0,0,0,3812,168,0,3812,0,0,0
qwen3-vl-8b,qwen3-vl-8b,pope,Sphere-Traj-LSTM,proxy_anchor,Diag-kNN-tuned,test,test,pooled,0.1,20260508,,skipped,ratio 0.1 would leave fewer than 20 hard negatives (16),skipped,ratio 0.1 would leave fewer than 20 hard negatives (16),nan,nan,nan,nan,nan,nan,nan,nan,nan,0,0,0,0,3812,168,0,3812,0,0,0
qwen3-vl-8b,qwen3-vl-8b,pope,Sphere-Traj-LSTM,proxy_anchor,Diag-Classifier,test,test,pooled,0.1,20260508,,skipped,ratio 0.1 would leave fewer than 20 hard negatives (16),skipped,ratio 0.1 would leave fewer than 20 hard negatives (16),nan,nan,nan,nan,nan,nan,nan,nan,nan,0,0,0,0,3812,168,0,3812,0,0,0
qwen3-vl-8b,qwen3-vl-8b,pope,Sphere-Traj-LSTM,proxy_anchor,Diag-vMF,test,test,pooled,0.1,20260508,,skipped,ratio 0.1 would leave fewer than 20 hard negatives (16),skipped,ratio 0.1 would leave fewer than 20 hard negatives (16),nan,nan,nan,nan,nan,nan,nan,nan,nan,0,0,0,0,3812,168,0,3812,0,0,0
qwen3-vl-8b,qwen3-vl-8b,dash-b,Sphere-Traj-LSTM,proxy_anchor,Diag-kNN-tuned,test,test,pooled,0.1,20260508,,skipped,ratio 0.1 would leave fewer than 20 hard negatives (16),skipped,ratio 0.1 would leave fewer than 20 hard negatives (16),nan,nan,nan,nan,nan,nan,nan,nan,nan,0,0,0,0,3812,168,0,3812,0,0,0
qwen3-vl-8b,qwen3-vl-8b,dash-b,Sphere-Traj-LSTM,proxy_anchor,Diag-Classifier,test,test,pooled,0.1,20260508,,skipped,ratio 0.1 would leave fewer than 20 hard negatives (16),skipped,ratio 0.1 would leave fewer than 20 hard negatives (16),nan,nan,nan,nan,nan,nan,nan,nan,nan,0,0,0,0,3812,168,0,3812,0,0,0
qwen3-vl-8b,qwen3-vl-8b,dash-b,Sphere-Traj-LSTM,proxy_anchor,Diag-vMF,test,test,pooled,0.1,20260508,,skipped,ratio 0.1 would leave fewer than 20 hard negatives (16),skipped,ratio 0.1 would leave fewer than 20 hard negatives (16),nan,nan,nan,nan,nan,nan,nan,nan,nan,0,0,0,0,3812,168,0,3812,0,0,0
internvl3.5-8b,internvl3.5-8b,repope,Sphere-Traj-LSTM,proxy_anchor,Diag-Classifier,test,test,pooled,1.0,20260506,,evaluated,,passed,,0.6678042342995318,0.5831400231044019,0.7398951864302291,0.9440485748695302,0.9235094060553528,0.96080845655772,0.642868744283211,0.22695035460992907,0.2944743935309973,1625,1484,141,1496,3689,352,352,4041,352,15,0
internvl3.5-8b,internvl3.5-8b,repope,Sphere-Traj-LSTM,proxy_anchor,Diag-kNN-tuned,test,test,pooled,1.0,20260506,32,evaluated,,passed,,0.6100198879313758,0.5191844513828994,0.686391241767249,0.9356827435912141,0.9182982687088269,0.9499885165831531,0.6136404399203408,0.3120567375886525,0.21226415094339623,1625,1484,141,1496,3689,352,352,4041,352,15,0
internvl3.5-8b,internvl3.5-8b,repope,Sphere-Traj-LSTM,proxy_anchor,Diag-vMF,test,test,pooled,1.0,20260506,,evaluated,,passed,,0.6881450866596304,0.5953975960517538,0.7623310860489823,0.9666465944065301,0.957753390727289,0.974314763281861,0.6917547042105868,0.2907801418439716,0.10579514824797843,1625,1484,141,1496,3689,352,352,4041,352,15,0
internvl3.5-8b,internvl3.5-8b,pope,Sphere-Traj-LSTM,proxy_anchor,Diag-Classifier,test,test,pooled,1.0,20260506,,evaluated,,passed,,0.5341487035838353,0.4555360980710481,0.6133515505331743,0.9114824359649365,0.884229953370694,0.9364652250629496,0.4914584949832295,0.0,0.40535372848948376,1707,1569,138,1620,3689,352,352,4041,352,93,0
internvl3.5-8b,internvl3.5-8b,pope,Sphere-Traj-LSTM,proxy_anchor,Diag-kNN-tuned,test,test,pooled,1.0,20260506,32,evaluated,,passed,,0.34427918553959547,0.26690939632955074,0.41777360052013524,0.8501907427420771,0.826149604468255,0.8733342813616389,0.3477471988135901,0.15942028985507245,0.372848948374761,1707,1569,138,1620,3689,352,352,4041,352,93,0
internvl3.5-8b,internvl3.5-8b,pope,Sphere-Traj-LSTM,proxy_anchor,Diag-vMF,test,test,pooled,1.0,20260506,,evaluated,,passed,,0.5314216423348171,0.44599343893029575,0.6151891398921283,0.9194862415828413,0.8938898818595802,0.9424131565683044,0.5350033890593959,0.2463768115942029,0.3052899936265137,1707,1569,138,1620,3689,352,352,4041,352,93,0
internvl3.5-8b,internvl3.5-8b,dash-b,Sphere-Traj-LSTM,proxy_anchor,Diag-Classifier,test,test,pooled,1.0,20260506,,evaluated,,passed,,0.5717512459165585,0.4938894189273504,0.6544121431390045,0.7670688883127902,0.7206568761230807,0.8088907475890813,0.5660237912486985,0.0,0.5444839857651246,432,281,151,361,3689,352,352,4041,352,11,0
internvl3.5-8b,internvl3.5-8b,dash-b,Sphere-Traj-LSTM,proxy_anchor,Diag-kNN-tuned,test,test,pooled,1.0,20260506,32,evaluated,,passed,,0.2709417209322712,0.23076653879414957,0.32570124450947857,0.34168414602531166,0.2869004091644617,0.3971950997311177,0.2738030957459281,0.006622516556291391,0.9679715302491103,432,281,151,361,3689,352,352,4041,352,11,0
internvl3.5-8b,internvl3.5-8b,dash-b,Sphere-Traj-LSTM,proxy_anchor,Diag-vMF,test,test,pooled,1.0,20260506,,evaluated,,passed,,0.30118428093181354,0.2606146816010094,0.34767450999473587,0.4621620984657444,0.4075584308448489,0.5138322850048024,0.30337871300810515,0.0,0.9359430604982206,432,281,151,361,3689,352,352,4041,352,11,0
internvl3.5-8b,internvl3.5-8b,repope,Sphere-Traj-LSTM,proxy_anchor,Diag-Classifier,test,test,pooled,1.0,20260507,,evaluated,,passed,,0.6540349424302704,0.5654643332799258,0.7441992921072151,0.9628424231997095,0.9530159990153104,0.9727826606918379,0.6592132811044832,0.2624113475177305,0.12668463611859837,1625,1484,141,1496,3689,352,352,4041,352,15,0
internvl3.5-8b,internvl3.5-8b,repope,Sphere-Traj-LSTM,proxy_anchor,Diag-kNN-tuned,test,test,pooled,1.0,20260507,32,evaluated,,passed,,0.3796790565517675,0.29994285031882395,0.4655392426700355,0.8360574257804285,0.8075508401264129,0.8636247619621759,0.3845400860668825,0.24113475177304963,0.43733153638814015,1625,1484,141,1496,3689,352,352,4041,352,15,0
internvl3.5-8b,internvl3.5-8b,repope,Sphere-Traj-LSTM,proxy_anchor,Diag-vMF,test,test,pooled,1.0,20260507,,evaluated,,passed,,0.6342455608780494,0.5417163620263006,0.7277250596200049,0.9592055208273594,0.9485574338814663,0.9695731696814831,0.6393433535001628,0.22695035460992907,0.1347708894878706,1625,1484,141,1496,3689,352,352,4041,352,15,0
internvl3.5-8b,internvl3.5-8b,pope,Sphere-Traj-LSTM,proxy_anchor,Diag-Classifier,test,test,pooled,1.0,20260507,,evaluated,,passed,,0.5236264347586223,0.4390676018138059,0.6139485303317004,0.9237121401058552,0.9001938768631176,0.9444541695931454,0.528629037715599,0.2971014492753623,0.20395156150414276,1707,1569,138,1620,3689,352,352,4041,352,93,0
internvl3.5-8b,internvl3.5-8b,pope,Sphere-Traj-LSTM,proxy_anchor,Diag-kNN-tuned,test,test,pooled,1.0,20260507,32,evaluated,,passed,,0.154921180577686,0.11240601063251805,0.214379548132056,0.6440407903123008,0.6020954211084301,0.6827907566446155,0.16049606745451567,0.08695652173913043,0.6226896112173359,1707,1569,138,1620,3689,352,352,4041,352,93,0
internvl3.5-8b,internvl3.5-8b,pope,Sphere-Traj-LSTM,proxy_anchor,Diag-vMF,test,test,pooled,1.0,20260507,,evaluated,,passed,,0.49117530209861987,0.407600600243474,0.5828978097556673,0.9155790173746778,0.8904373658763703,0.9384668414723909,0.4982342247034048,0.2608695652173913,0.2224346717654557,1707,1569,138,1620,3689,352,352,4041,352,93,0
internvl3.5-8b,internvl3.5-8b,dash-b,Sphere-Traj-LSTM,proxy_anchor,Diag-Classifier,test,test,pooled,1.0,20260507,,evaluated,,passed,,0.5171771641857298,0.4372857751835827,0.6033601162733556,0.7337088449482689,0.6876573940492681,0.7782562947573555,0.5210127868463805,0.046357615894039736,0.5907473309608541,432,281,151,361,3689,352,352,4041,352,11,0
internvl3.5-8b,internvl3.5-8b,dash-b,Sphere-Traj-LSTM,proxy_anchor,Diag-kNN-tuned,test,test,pooled,1.0,20260507,32,evaluated,,passed,,0.2511573969505504,0.2154955347394124,0.2948685784912362,0.309396431854069,0.2651106279632323,0.362200402570797,0.2546568218793199,0.006622516556291391,0.9537366548042705,432,281,151,361,3689,352,352,4041,352,11,0
internvl3.5-8b,internvl3.5-8b,dash-b,Sphere-Traj-LSTM,proxy_anchor,Diag-vMF,test,test,pooled,1.0,20260507,,evaluated,,passed,,0.27799996666707905,0.23648120940378906,0.32279975965659696,0.4008625768895383,0.3481979093570789,0.45255916461569795,0.27992076343113287,0.0,0.9715302491103203,432,281,151,361,3689,352,352,4041,352,11,0
internvl3.5-8b,internvl3.5-8b,repope,Sphere-Traj-LSTM,proxy_anchor,Diag-Classifier,test,test,pooled,1.0,20260508,,evaluated,,passed,,0.6508442973887669,0.5677382808994992,0.7293901318414946,0.9644792682227448,0.9553825383598032,0.972830797909003,0.6545657119620989,0.2198581560283688,0.09433962264150944,1625,1484,141,1496,3689,352,352,4041,352,15,0
internvl3.5-8b,internvl3.5-8b,repope,Sphere-Traj-LSTM,proxy_anchor,Diag-kNN-tuned,test,test,pooled,1.0,20260508,32,evaluated,,passed,,0.4594314818810952,0.37698098910487826,0.5370175130123339,0.8915046548527078,0.8708247864628695,0.9089694664175613,0.4633254965119334,0.23404255319148937,0.29851752021563344,1625,1484,141,1496,3689,352,352,4041,352,15,0
internvl3.5-8b,internvl3.5-8b,repope,Sphere-Traj-LSTM,proxy_anchor,Diag-vMF,test,test,pooled,1.0,20260508,,evaluated,,passed,,0.6722695646586314,0.5841102451493208,0.7515696281816352,0.964825753665577,0.9544851200714912,0.9740358189915311,0.6761440851307219,0.22695035460992907,0.10579514824797843,1625,1484,141,1496,3689,352,352,4041,352,15,0
internvl3.5-8b,internvl3.5-8b,pope,Sphere-Traj-LSTM,proxy_anchor,Diag-Classifier,test,test,pooled,1.0,20260508,,evaluated,,passed,,0.4854273655171382,0.3998120368439722,0.5674886741849103,0.9289402462567313,0.9126820611509135,0.9449193527661504,0.4878416471164055,0.13768115942028986,0.1574251115360102,1707,1569,138,1620,3689,352,352,4041,352,93,0
internvl3.5-8b,internvl3.5-8b,pope,Sphere-Traj-LSTM,proxy_anchor,Diag-kNN-tuned,test,test,pooled,1.0,20260508,32,evaluated,,passed,,0.20893980103522067,0.15783650931144208,0.25987543434489024,0.789430173377301,0.7614416847942165,0.8146637492687756,0.2114074565623242,0.050724637681159424,0.449968132568515,1707,1569,138,1620,3689,352,352,4041,352,93,0
internvl3.5-8b,internvl3.5-8b,pope,Sphere-Traj-LSTM,proxy_anchor,Diag-vMF,test,test,pooled,1.0,20260508,,evaluated,,passed,,0.4896814587382028,0.40851530492105337,0.5722068517863343,0.9029659803622727,0.8793016317033683,0.9258781509436327,0.4929331089212221,0.14492753623188406,0.4270235818992989,1707,1569,138,1620,3689,352,352,4041,352,93,0
internvl3.5-8b,internvl3.5-8b,dash-b,Sphere-Traj-LSTM,proxy_anchor,Diag-Classifier,test,test,pooled,1.0,20260508,,evaluated,,passed,,0.5097291602092993,0.43417579907825743,0.5854338317535797,0.7348400933279914,0.6875887577512961,0.7775785062952396,0.512495774673176,0.033112582781456956,0.5124555160142349,432,281,151,361,3689,352,352,4041,352,11,0
internvl3.5-8b,internvl3.5-8b,dash-b,Sphere-Traj-LSTM,proxy_anchor,Diag-kNN-tuned,test,test,pooled,1.0,20260508,32,evaluated,,passed,,0.2684927197222373,0.22848593089066496,0.3113504815743731,0.3715679573896443,0.3210923905516001,0.42287670449301074,0.2711804756952671,0.0,0.8718861209964412,432,281,151,361,3689,352,352,4041,352,11,0
internvl3.5-8b,internvl3.5-8b,dash-b,Sphere-Traj-LSTM,proxy_anchor,Diag-vMF,test,test,pooled,1.0,20260508,,evaluated,,passed,,0.2998035277056669,0.25504380058476833,0.346130967298829,0.45912186844524056,0.4065012512743724,0.5132323757515659,0.30193706864939657,0.0,0.9395017793594306,432,281,151,361,3689,352,352,4041,352,11,0
internvl3.5-8b,internvl3.5-8b,repope,Sphere-Traj-LSTM,proxy_anchor,Diag-Classifier,test,test,pooled,0.5,20260506,,evaluated,,passed,,0.6678063362162271,0.5811281971109141,0.7430640212442412,0.963642924050391,0.953710549984597,0.9720762884384512,0.6591916812081196,0.2127659574468085,0.11859838274932614,1625,1484,141,1496,3689,352,176,3865,176,15,0
internvl3.5-8b,internvl3.5-8b,repope,Sphere-Traj-LSTM,proxy_anchor,Diag-kNN-tuned,test,test,pooled,0.5,20260506,32,evaluated,,passed,,0.6142106461317749,0.5259828560482966,0.7003322566983781,0.9395777178796048,0.9245219321395756,0.9537964648469649,0.6186174221806212,0.3120567375886525,0.2580862533692722,1625,1484,141,1496,3689,352,176,3865,176,15,0
internvl3.5-8b,internvl3.5-8b,repope,Sphere-Traj-LSTM,proxy_anchor,Diag-vMF,test,test,pooled,0.5,20260506,,evaluated,,passed,,0.6578509873858334,0.5693288253622902,0.7404584298733881,0.9571313872799221,0.9434290327048948,0.968349026202806,0.6622831070257426,0.3120567375886525,0.14016172506738545,1625,1484,141,1496,3689,352,176,3865,176,15,0
internvl3.5-8b,internvl3.5-8b,pope,Sphere-Traj-LSTM,proxy_anchor,Diag-Classifier,test,test,pooled,0.5,20260506,,evaluated,,passed,,0.5050298222319517,0.42706265487696277,0.583923842761285,0.93380118417528,0.9199532561844462,0.9467715346623297,0.48257125120877337,0.13768115942028986,0.1822817080943276,1707,1569,138,1620,3689,352,176,3865,176,93,0
internvl3.5-8b,internvl3.5-8b,pope,Sphere-Traj-LSTM,proxy_anchor,Diag-kNN-tuned,test,test,pooled,0.5,20260506,32,evaluated,,passed,,0.44247579236251056,0.3576568183472186,0.5251334842915585,0.8874017420862546,0.8581477454580034,0.914694924206477,0.4466612241471827,0.12318840579710146,0.5289993626513703,1707,1569,138,1620,3689,352,176,3865,176,93,0
internvl3.5-8b,internvl3.5-8b,pope,Sphere-Traj-LSTM,proxy_anchor,Diag-vMF,test,test,pooled,0.5,20260506,,evaluated,,passed,,0.476808293328178,0.3947015368453082,0.5605612569731838,0.9093533220642706,0.8857059311464626,0.9311399308859598,0.4812669042374366,0.18840579710144928,0.42447418738049714,1707,1569,138,1620,3689,352,176,3865,176,93,0
internvl3.5-8b,internvl3.5-8b,dash-b,Sphere-Traj-LSTM,proxy_anchor,Diag-Classifier,test,test,pooled,0.5,20260506,,evaluated,,passed,,0.5270818402262936,0.4566953187645719,0.6125747039045845,0.7289717423581814,0.6805168735114183,0.7735048296552283,0.5241843623166461,0.052980132450331126,0.5160142348754448,432,281,151,361,3689,352,176,3865,176,11,0
internvl3.5-8b,internvl3.5-8b,dash-b,Sphere-Traj-LSTM,proxy_anchor,Diag-kNN-tuned,test,test,pooled,0.5,20260506,32,evaluated,,passed,,0.27769397503456533,0.23522323735768325,0.329792620993338,0.35914779288727583,0.3090282264478284,0.4141365055468837,0.2805575371613645,0.006622516556291391,0.9359430604982206,432,281,151,361,3689,352,176,3865,176,11,0
internvl3.5-8b,internvl3.5-8b,dash-b,Sphere-Traj-LSTM,proxy_anchor,Diag-vMF,test,test,pooled,0.5,20260506,,evaluated,,passed,,0.2746658709112199,0.23549403392254403,0.3207701708047133,0.3851429379463128,0.334006813585293,0.441136748427187,0.27719523421027975,0.0,0.9786476868327402,432,281,151,361,3689,352,176,3865,176,11,0
internvl3.5-8b,internvl3.5-8b,repope,Sphere-Traj-LSTM,proxy_anchor,Diag-Classifier,test,test,pooled,0.5,20260507,,evaluated,,passed,,0.6092415050988401,0.5271260782524968,0.6925066692832166,0.9339144730553802,0.9104866749655464,0.9546668746779897,0.6028365682759924,0.22695035460992907,0.3793800539083558,1625,1484,141,1496,3689,352,176,3865,176,15,0
internvl3.5-8b,internvl3.5-8b,repope,Sphere-Traj-LSTM,proxy_anchor,Diag-kNN-tuned,test,test,pooled,0.5,20260507,16,evaluated,,passed,,0.5933079426010972,0.5055658353586592,0.6789215843069006,0.9422826938884746,0.9248913387768929,0.9583512796954904,0.5968946635862722,0.14184397163120568,0.19878706199460916,1625,1484,141,1496,3689,352,176,3865,176,15,0
internvl3.5-8b,internvl3.5-8b,repope,Sphere-Traj-LSTM,proxy_anchor,Diag-vMF,test,test,pooled,0.5,20260507,,evaluated,,passed,,0.5892663403602666,0.508786155544538,0.6743382613662912,0.9520464147120109,0.9396088242296402,0.9634538771758792,0.5930518799331725,0.1773049645390071,0.1320754716981132,1625,1484,141,1496,3689,352,176,3865,176,15,0
internvl3.5-8b,internvl3.5-8b,pope,Sphere-Traj-LSTM,proxy_anchor,Diag-Classifier,test,test,pooled,0.5,20260507,,evaluated,,passed,,0.4262343859412766,0.3525607551089478,0.5077967774400293,0.906355936117346,0.8813714257472491,0.9283963819777391,0.40277960303121896,0.10144927536231885,0.3422562141491396,1707,1569,138,1620,3689,352,176,3865,176,93,0
internvl3.5-8b,internvl3.5-8b,pope,Sphere-Traj-LSTM,proxy_anchor,Diag-kNN-tuned,test,test,pooled,0.5,20260507,16,evaluated,,passed,,0.3812555048334291,0.31207913355644556,0.46413344974532805,0.8978856651979937,0.8787003635580275,0.9153863987626859,0.38558724102158093,0.08695652173913043,0.33397068196303376,1707,1569,138,1620,3689,352,176,3865,176,93,0
internvl3.5-8b,internvl3.5-8b,pope,Sphere-Traj-LSTM,proxy_anchor,Diag-vMF,test,test,pooled,0.5,20260507,,evaluated,,passed,,0.39267077977312864,0.32122044164331304,0.47337026903916807,0.8855174070071401,0.8520054210453475,0.9128527727699874,0.3970624723082625,0.06521739130434782,0.6347992351816444,1707,1569,138,1620,3689,352,176,3865,176,93,0
internvl3.5-8b,internvl3.5-8b,dash-b,Sphere-Traj-LSTM,proxy_anchor,Diag-Classifier,test,test,pooled,0.5,20260507,,evaluated,,passed,,0.43111316315667003,0.3655710690360371,0.499061542727127,0.6600009427069831,0.6109602857731631,0.7100562127747387,0.427764395782076,0.0,0.7615658362989324,432,281,151,361,3689,352,176,3865,176,11,0
internvl3.5-8b,internvl3.5-8b,dash-b,Sphere-Traj-LSTM,proxy_anchor,Diag-kNN-tuned,test,test,pooled,0.5,20260507,16,evaluated,,passed,,0.33060031632916487,0.2804402109038026,0.39092523004335733,0.5091324738988005,0.45329165727161597,0.5629765102742829,0.33511339121834427,0.006622516556291391,0.8718861209964412,432,281,151,361,3689,352,176,3865,176,11,0
internvl3.5-8b,internvl3.5-8b,dash-b,Sphere-Traj-LSTM,proxy_anchor,Diag-vMF,test,test,pooled,0.5,20260507,,evaluated,,passed,,0.24292639399867555,0.20918995991244538,0.2808818356694146,0.2825292828356626,0.23451760177787864,0.3315140343832544,0.24474948711463895,0.0,0.9537366548042705,432,281,151,361,3689,352,176,3865,176,11,0
internvl3.5-8b,internvl3.5-8b,repope,Sphere-Traj-LSTM,proxy_anchor,Diag-Classifier,test,test,pooled,0.5,20260508,,evaluated,,passed,,0.5794488748012279,0.5028451328477175,0.6538862140388558,0.9476018428246449,0.9322714739552079,0.9603176455534274,0.5357293493766109,0.0,0.12129380053908356,1625,1484,141,1496,3689,352,176,3865,176,15,0
internvl3.5-8b,internvl3.5-8b,repope,Sphere-Traj-LSTM,proxy_anchor,Diag-kNN-tuned,test,test,pooled,0.5,20260508,32,evaluated,,passed,,0.5449675267974855,0.4605215398823773,0.6244288313541655,0.9399170346581025,0.9248020108427567,0.9524828228922405,0.5494235486434293,0.1773049645390071,0.1637466307277628,1625,1484,141,1496,3689,352,176,3865,176,15,0
internvl3.5-8b,internvl3.5-8b,repope,Sphere-Traj-LSTM,proxy_anchor,Diag-vMF,test,test,pooled,0.5,20260508,,evaluated,,passed,,0.5670664513861955,0.48254252650675394,0.6469631789690959,0.9447057024335226,0.9300399777730384,0.9577952877820928,0.5715165396529077,0.1773049645390071,0.19204851752021562,1625,1484,141,1496,3689,352,176,3865,176,15,0
internvl3.5-8b,internvl3.5-8b,pope,Sphere-Traj-LSTM,proxy_anchor,Diag-Classifier,test,test,pooled,0.5,20260508,,evaluated,,passed,,0.43735481457898334,0.3616032298520927,0.5088010401172772,0.9010839545173238,0.875067808944275,0.9246845196269009,0.3802211600393667,0.0,0.3894200127469726,1707,1569,138,1620,3689,352,176,3865,176,93,0
internvl3.5-8b,internvl3.5-8b,pope,Sphere-Traj-LSTM,proxy_anchor,Diag-kNN-tuned,test,test,pooled,0.5,20260508,32,evaluated,,passed,,0.3269289092928129,0.25786358722247454,0.3969818613685967,0.8665447391027241,0.8407599599135382,0.8891699200236473,0.33153416201969677,0.10144927536231885,0.390057361376673,1707,1569,138,1620,3689,352,176,3865,176,93,0
internvl3.5-8b,internvl3.5-8b,pope,Sphere-Traj-LSTM,proxy_anchor,Diag-vMF,test,test,pooled,0.5,20260508,,evaluated,,passed,,0.38079934782288716,0.30631010492769445,0.45529518590860085,0.8671266661124505,0.8338210696464965,0.8976094807917903,0.38556985827536827,0.12318840579710146,0.6150414276609305,1707,1569,138,1620,3689,352,176,3865,176,93,0
internvl3.5-8b,internvl3.5-8b,dash-b,Sphere-Traj-LSTM,proxy_anchor,Diag-Classifier,test,test,pooled,0.5,20260508,,evaluated,,passed,,0.5647015330514321,0.4880935546347681,0.6444042322627449,0.7390587070773726,0.6943229202304544,0.7842624469466221,0.5360605987333755,0.0,0.5409252669039146,432,281,151,361,3689,352,176,3865,176,11,0
internvl3.5-8b,internvl3.5-8b,dash-b,Sphere-Traj-LSTM,proxy_anchor,Diag-kNN-tuned,test,test,pooled,0.5,20260508,32,evaluated,,passed,,0.30765192765017485,0.2517796430515293,0.36709693550271755,0.36536965897574886,0.3101956759175391,0.4207089915777205,0.30994791187319826,0.033112582781456956,0.9715302491103203,432,281,151,361,3689,352,176,3865,176,11,0
internvl3.5-8b,internvl3.5-8b,dash-b,Sphere-Traj-LSTM,proxy_anchor,Diag-vMF,test,test,pooled,0.5,20260508,,evaluated,,passed,,0.2875554185091673,0.2402503061352598,0.3395829022794293,0.39395724823831624,0.3415854482972311,0.4467937639375597,0.2903679214728702,0.006622516556291391,0.9501779359430605,432,281,151,361,3689,352,176,3865,176,11,0
internvl3.5-8b,internvl3.5-8b,repope,Sphere-Traj-LSTM,proxy_anchor,Diag-Classifier,test,test,pooled,0.25,20260506,,evaluated,,passed,,0.6323699962421221,0.5457780405673318,0.7278664954436691,0.9647349505840073,0.9551282777568749,0.9739555411347355,0.6410643135515343,0.2553191489361702,0.12196765498652291,1625,1484,141,1496,3689,352,88,3777,88,15,0
internvl3.5-8b,internvl3.5-8b,repope,Sphere-Traj-LSTM,proxy_anchor,Diag-kNN-tuned,test,test,pooled,0.25,20260506,32,evaluated,,passed,,0.5695013560152353,0.4859552777248114,0.6583140509647012,0.9513104318403396,0.9402467581135024,0.9621875743145056,0.5782665447255634,0.24822695035460993,0.158355795148248,1625,1484,141,1496,3689,352,88,3777,88,15,0
internvl3.5-8b,internvl3.5-8b,repope,Sphere-Traj-LSTM,proxy_anchor,Diag-vMF,test,test,pooled,0.25,20260506,,evaluated,,passed,,0.6430123292989394,0.5603215037103875,0.7375943228647154,0.9551050448280476,0.9393970980368048,0.9697038173793372,0.6514308395181861,0.24822695035460993,0.14824797843665768,1625,1484,141,1496,3689,352,88,3777,88,15,0
internvl3.5-8b,internvl3.5-8b,pope,Sphere-Traj-LSTM,proxy_anchor,Diag-Classifier,test,test,pooled,0.25,20260506,,evaluated,,passed,,0.45982278289621437,0.3795907632426162,0.5443717647154611,0.936653088369773,0.9216025731746731,0.9497026513203232,0.4675875393040986,0.13043478260869565,0.17973231357552583,1707,1569,138,1620,3689,352,88,3777,88,93,0
internvl3.5-8b,internvl3.5-8b,pope,Sphere-Traj-LSTM,proxy_anchor,Diag-kNN-tuned,test,test,pooled,0.25,20260506,32,evaluated,,passed,,0.4302456074716481,0.34743178107953826,0.5111789028042615,0.921121179372073,0.902011049787165,0.9373861740839086,0.4386595032280489,0.17391304347826086,0.2377310388782664,1707,1569,138,1620,3689,352,88,3777,88,93,0
internvl3.5-8b,internvl3.5-8b,pope,Sphere-Traj-LSTM,proxy_anchor,Diag-vMF,test,test,pooled,0.25,20260506,,evaluated,,passed,,0.4840721900960591,0.39995432595133534,0.5739946552930042,0.9165950804075336,0.8855315254780225,0.9427246007446021,0.4914592428883208,0.17391304347826086,0.5525812619502868,1707,1569,138,1620,3689,352,88,3777,88,93,0
internvl3.5-8b,internvl3.5-8b,dash-b,Sphere-Traj-LSTM,proxy_anchor,Diag-Classifier,test,test,pooled,0.25,20260506,,evaluated,,passed,,0.7164521069750756,0.6379608805857709,0.8043764469676781,0.8656406872333907,0.8317199261975677,0.897956818850401,0.7187611905732406,0.07947019867549669,0.3701067615658363,432,281,151,361,3689,352,88,3777,88,11,0
internvl3.5-8b,internvl3.5-8b,dash-b,Sphere-Traj-LSTM,proxy_anchor,Diag-kNN-tuned,test,test,pooled,0.25,20260506,32,evaluated,,passed,,0.651986570064289,0.5806856683446672,0.7300147712037759,0.772100586835097,0.7247400789874381,0.8182770316407382,0.653624246895293,0.1390728476821192,0.697508896797153,432,281,151,361,3689,352,88,3777,88,11,0
internvl3.5-8b,internvl3.5-8b,dash-b,Sphere-Traj-LSTM,proxy_anchor,Diag-vMF,test,test,pooled,0.25,20260506,,evaluated,,passed,,0.6098845136760699,0.537215092083536,0.6916013734865318,0.6778534561994767,0.6198512267866925,0.7361155632195808,0.6114794160951089,0.1390728476821192,0.8825622775800712,432,281,151,361,3689,352,88,3777,88,11,0
internvl3.5-8b,internvl3.5-8b,repope,Sphere-Traj-LSTM,proxy_anchor,Diag-Classifier,test,test,pooled,0.25,20260507,,evaluated,,passed,,0.6088903854770086,0.5259942534603551,0.6924267248052026,0.9012588174571314,0.8687365653302354,0.9333296115685903,0.5874965957069888,0.19148936170212766,0.6273584905660378,1625,1484,141,1496,3689,352,88,3777,88,15,0
internvl3.5-8b,internvl3.5-8b,repope,Sphere-Traj-LSTM,proxy_anchor,Diag-kNN-tuned,test,test,pooled,0.25,20260507,32,evaluated,,passed,,0.6236925642491759,0.5443605570687817,0.7008665677181336,0.9525960123109862,0.9400241689649448,0.9647677146573665,0.6269555639082491,0.19858156028368795,0.18126684636118598,1625,1484,141,1496,3689,352,88,3777,88,15,0
internvl3.5-8b,internvl3.5-8b,repope,Sphere-Traj-LSTM,proxy_anchor,Diag-vMF,test,test,pooled,0.25,20260507,,evaluated,,passed,,0.629840909319908,0.5478222620233676,0.7085919164530774,0.9560560876297528,0.9454378993327004,0.9660124071233207,0.6331495834659109,0.19858156028368795,0.14487870619946092,1625,1484,141,1496,3689,352,88,3777,88,15,0
internvl3.5-8b,internvl3.5-8b,pope,Sphere-Traj-LSTM,proxy_anchor,Diag-Classifier,test,test,pooled,0.25,20260507,,evaluated,,passed,,0.5284012089831139,0.45231474012277206,0.6057943879536456,0.895038379471832,0.8620014863245364,0.9234961261815653,0.4990215785947022,0.2246376811594203,0.6481835564053537,1707,1569,138,1620,3689,352,88,3777,88,93,0
internvl3.5-8b,internvl3.5-8b,pope,Sphere-Traj-LSTM,proxy_anchor,Diag-kNN-tuned,test,test,pooled,0.25,20260507,32,evaluated,,passed,,0.5214390417893986,0.4441900168948591,0.6001852181454385,0.9266217751544878,0.9111379328256438,0.9413895874365861,0.5245897983556511,0.2028985507246377,0.21669853409815168,1707,1569,138,1620,3689,352,88,3777,88,93,0
internvl3.5-8b,internvl3.5-8b,pope,Sphere-Traj-LSTM,proxy_anchor,Diag-vMF,test,test,pooled,0.25,20260507,,evaluated,,passed,,0.5136401473072687,0.4360017897985345,0.598451049567004,0.9020746159743582,0.8732802393787141,0.9252789175369919,0.5166781195305981,0.21739130434782608,0.5551306564690885,1707,1569,138,1620,3689,352,88,3777,88,93,0
internvl3.5-8b,internvl3.5-8b,dash-b,Sphere-Traj-LSTM,proxy_anchor,Diag-Classifier,test,test,pooled,0.25,20260507,,evaluated,,passed,,0.5432340824070616,0.46302109571215894,0.6292896119536077,0.6855365181117579,0.6261944267211565,0.7380593352976234,0.5372344768732171,0.0,0.8149466192170819,432,281,151,361,3689,352,88,3777,88,11,0
internvl3.5-8b,internvl3.5-8b,dash-b,Sphere-Traj-LSTM,proxy_anchor,Diag-kNN-tuned,test,test,pooled,0.25,20260507,32,evaluated,,passed,,0.5168548409673788,0.4409428732665973,0.6075431613248901,0.6922768730409371,0.6354492055844713,0.7411772160487914,0.5219372722165131,0.006622516556291391,0.8612099644128114,432,281,151,361,3689,352,88,3777,88,11,0
internvl3.5-8b,internvl3.5-8b,dash-b,Sphere-Traj-LSTM,proxy_anchor,Diag-vMF,test,test,pooled,0.25,20260507,,evaluated,,passed,,0.41637637607833294,0.34702043854526005,0.497881685220068,0.5499281185925384,0.48866905866187155,0.6094650600766158,0.42143191243815203,0.006622516556291391,0.9145907473309609,432,281,151,361,3689,352,88,3777,88,11,0
internvl3.5-8b,internvl3.5-8b,repope,Sphere-Traj-LSTM,proxy_anchor,Diag-Classifier,test,test,pooled,0.25,20260508,,evaluated,,passed,,0.47774689706640977,0.4007982237118537,0.5593864626774009,0.8530949513486648,0.8169967775229319,0.887233638392438,0.4645633364936639,0.15602836879432624,0.6246630727762803,1625,1484,141,1496,3689,352,88,3777,88,15,0
internvl3.5-8b,internvl3.5-8b,repope,Sphere-Traj-LSTM,proxy_anchor,Diag-kNN-tuned,test,test,pooled,0.25,20260508,32,evaluated,,passed,,0.44009900471082597,0.3605381396465325,0.5202292925240721,0.8897411634264305,0.8652881642056527,0.9128464950981633,0.4461253717345915,0.1347517730496454,0.4481132075471698,1625,1484,141,1496,3689,352,88,3777,88,15,0
internvl3.5-8b,internvl3.5-8b,repope,Sphere-Traj-LSTM,proxy_anchor,Diag-vMF,test,test,pooled,0.25,20260508,,evaluated,,passed,,0.47074466689210326,0.38907132053455024,0.5513298919794484,0.9020186958765843,0.8769106528389067,0.9242654817179848,0.4768531340086213,0.14184397163120568,0.4609164420485175,1625,1484,141,1496,3689,352,88,3777,88,15,0
internvl3.5-8b,internvl3.5-8b,pope,Sphere-Traj-LSTM,proxy_anchor,Diag-Classifier,test,test,pooled,0.25,20260508,,evaluated,,passed,,0.39234819831427536,0.3116690383224424,0.4668282164114507,0.8404134452850057,0.8048654643868811,0.8757915778889412,0.37384662096051796,0.15217391304347827,0.651370299553856,1707,1569,138,1620,3689,352,88,3777,88,93,0
internvl3.5-8b,internvl3.5-8b,pope,Sphere-Traj-LSTM,proxy_anchor,Diag-kNN-tuned,test,test,pooled,0.25,20260508,32,evaluated,,passed,,0.3402878901901507,0.2672301898861602,0.41866393433022847,0.8623788806680153,0.8378149240811433,0.8852903118166974,0.3455696358569246,0.11594202898550725,0.4365838113448056,1707,1569,138,1620,3689,352,88,3777,88,93,0
internvl3.5-8b,internvl3.5-8b,pope,Sphere-Traj-LSTM,proxy_anchor,Diag-vMF,test,test,pooled,0.25,20260508,,evaluated,,passed,,0.36154498683890657,0.283406533641142,0.43723414928843574,0.826650409658141,0.7887959482965053,0.8639509764283435,0.36674446033704655,0.13768115942028986,0.6704907584448694,1707,1569,138,1620,3689,352,88,3777,88,93,0
internvl3.5-8b,internvl3.5-8b,dash-b,Sphere-Traj-LSTM,proxy_anchor,Diag-Classifier,test,test,pooled,0.25,20260508,,evaluated,,passed,,0.6564764575456439,0.5778501567866614,0.7286439516078423,0.7791001861846292,0.7322702468865004,0.8248701746323529,0.6579540219139803,0.12582781456953643,0.7651245551601423,432,281,151,361,3689,352,88,3777,88,11,0
internvl3.5-8b,internvl3.5-8b,dash-b,Sphere-Traj-LSTM,proxy_anchor,Diag-kNN-tuned,test,test,pooled,0.25,20260508,32,evaluated,,passed,,0.41856357876233075,0.34886230970107224,0.4835704565200302,0.4776696283377719,0.4195636963708324,0.5346986061980661,0.4201374670594267,0.09933774834437085,0.8647686832740213,432,281,151,361,3689,352,88,3777,88,11,0
internvl3.5-8b,internvl3.5-8b,dash-b,Sphere-Traj-LSTM,proxy_anchor,Diag-vMF,test,test,pooled,0.25,20260508,,evaluated,,passed,,0.3623036782223653,0.3006655530407449,0.42531334781068303,0.4672762838490726,0.412658167654323,0.5244420369004624,0.3643387979034206,0.059602649006622516,0.9430604982206405,432,281,151,361,3689,352,88,3777,88,11,0
internvl3.5-8b,internvl3.5-8b,repope,Sphere-Traj-LSTM,proxy_anchor,Diag-Classifier,test,test,pooled,0.1,20260506,,evaluated,,passed,,0.49074056472387484,0.4011023103155159,0.5835320564618465,0.9034930511747052,0.8814982300647687,0.924101684645977,0.4896103196076336,0.19148936170212766,0.39016172506738545,1625,1484,141,1496,3689,352,35,3724,35,15,0
internvl3.5-8b,internvl3.5-8b,repope,Sphere-Traj-LSTM,proxy_anchor,Diag-kNN-tuned,test,test,pooled,0.1,20260506,32,evaluated,,passed,,0.4879821920827512,0.4025270057739686,0.5701253450172564,0.9145160673663283,0.8965680392112058,0.932926726629246,0.49224531803513116,0.19148936170212766,0.3605121293800539,1625,1484,141,1496,3689,352,35,3724,35,15,0
internvl3.5-8b,internvl3.5-8b,repope,Sphere-Traj-LSTM,proxy_anchor,Diag-vMF,test,test,pooled,0.1,20260506,,evaluated,,passed,,0.5417997246586685,0.45463167690580575,0.6293105836909596,0.9198734491789489,0.8995215723064588,0.9390296259199825,0.5460400959924548,0.19148936170212766,0.3032345013477089,1625,1484,141,1496,3689,352,35,3724,35,15,0
internvl3.5-8b,internvl3.5-8b,pope,Sphere-Traj-LSTM,proxy_anchor,Diag-Classifier,test,test,pooled,0.1,20260506,,evaluated,,passed,,0.38975120870441626,0.30406257685960025,0.4763924779733833,0.8636281763515947,0.8326479929834718,0.8926687995405685,0.3859707452678781,0.1956521739130435,0.47992351816443596,1707,1569,138,1620,3689,352,35,3724,35,93,0
internvl3.5-8b,internvl3.5-8b,pope,Sphere-Traj-LSTM,proxy_anchor,Diag-kNN-tuned,test,test,pooled,0.1,20260506,32,evaluated,,passed,,0.3403201700263587,0.26006432696823845,0.41562888911397794,0.8283777168139959,0.7977535591105852,0.8569456538080071,0.34330127157055923,0.15942028985507245,0.4824729126832377,1707,1569,138,1620,3689,352,35,3724,35,93,0
internvl3.5-8b,internvl3.5-8b,pope,Sphere-Traj-LSTM,proxy_anchor,Diag-vMF,test,test,pooled,0.1,20260506,,evaluated,,passed,,0.3886999997505492,0.30514328718549144,0.4704811309057107,0.8432353294353461,0.8099265365496644,0.8746976869540273,0.3917170872571671,0.17391304347826086,0.5513065646908859,1707,1569,138,1620,3689,352,35,3724,35,93,0
internvl3.5-8b,internvl3.5-8b,dash-b,Sphere-Traj-LSTM,proxy_anchor,Diag-Classifier,test,test,pooled,0.1,20260506,,evaluated,,passed,,0.6023364337389596,0.524680340713615,0.6851866611914389,0.783189177723834,0.7408627052828953,0.8264153193331816,0.5839563218310881,0.0,0.5444839857651246,432,281,151,361,3689,352,35,3724,35,11,0
internvl3.5-8b,internvl3.5-8b,dash-b,Sphere-Traj-LSTM,proxy_anchor,Diag-kNN-tuned,test,test,pooled,0.1,20260506,32,evaluated,,passed,,0.30011458951186953,0.2577968166106894,0.3515479101625514,0.45301784072965523,0.39970273489603264,0.5085513536344333,0.3028630868742129,0.0,0.8790035587188612,432,281,151,361,3689,352,35,3724,35,11,0
internvl3.5-8b,internvl3.5-8b,dash-b,Sphere-Traj-LSTM,proxy_anchor,Diag-vMF,test,test,pooled,0.1,20260506,,evaluated,,passed,,0.3575377494091413,0.31026348681201754,0.4165917395344988,0.5693243147698617,0.5176415325617892,0.6210795408698458,0.36027210881083327,0.0,0.8718861209964412,432,281,151,361,3689,352,35,3724,35,11,0
internvl3.5-8b,internvl3.5-8b,repope,Sphere-Traj-LSTM,proxy_anchor,Diag-Classifier,test,test,pooled,0.1,20260507,,evaluated,,passed,,0.33400763650237425,0.2552409936912813,0.42018710057295583,0.6348640821242186,0.5692113442113442,0.7010720967458174,0.3002177296723218,0.0,0.9171159029649596,1625,1484,141,1496,3689,352,35,3724,35,15,0
internvl3.5-8b,internvl3.5-8b,repope,Sphere-Traj-LSTM,proxy_anchor,Diag-kNN-tuned,test,test,pooled,0.1,20260507,16,evaluated,,passed,,0.4477666900444442,0.37159135329524473,0.5364860207560619,0.9342203360669841,0.9206931506384538,0.9469472183480939,0.4557119630492264,0.06382978723404255,0.15633423180592992,1625,1484,141,1496,3689,352,35,3724,35,15,0
internvl3.5-8b,internvl3.5-8b,repope,Sphere-Traj-LSTM,proxy_anchor,Diag-vMF,test,test,pooled,0.1,20260507,,evaluated,,passed,,0.4766229417863128,0.3965873365136869,0.56927013769494,0.9311091357458279,0.9105868229454402,0.9484499751066724,0.48468258960486965,0.06382978723404255,0.14487870619946092,1625,1484,141,1496,3689,352,35,3724,35,15,0
internvl3.5-8b,internvl3.5-8b,pope,Sphere-Traj-LSTM,proxy_anchor,Diag-Classifier,test,test,pooled,0.1,20260507,,evaluated,,passed,,0.30361762620306343,0.2396619750815934,0.3829491896965406,0.6553952947044642,0.5946424610552784,0.7134750003203388,0.26676130966589057,0.0,0.9445506692160612,1707,1569,138,1620,3689,352,35,3724,35,93,0
internvl3.5-8b,internvl3.5-8b,pope,Sphere-Traj-LSTM,proxy_anchor,Diag-kNN-tuned,test,test,pooled,0.1,20260507,16,evaluated,,passed,,0.37342414477699915,0.3069007138683474,0.453564732143061,0.9097227995307636,0.8931756531644415,0.9256051839630056,0.37899298059628406,0.057971014492753624,0.28808158062460165,1707,1569,138,1620,3689,352,35,3724,35,93,0
internvl3.5-8b,internvl3.5-8b,pope,Sphere-Traj-LSTM,proxy_anchor,Diag-vMF,test,test,pooled,0.1,20260507,,evaluated,,passed,,0.3516157155119924,0.2870381586676493,0.43259092254947556,0.8450596244261552,0.8037237091964192,0.8800587739917423,0.35786905501963123,0.057971014492753624,0.7093690248565966,1707,1569,138,1620,3689,352,35,3724,35,93,0
internvl3.5-8b,internvl3.5-8b,dash-b,Sphere-Traj-LSTM,proxy_anchor,Diag-Classifier,test,test,pooled,0.1,20260507,,evaluated,,passed,,0.5887120405915567,0.51747197377585,0.6587733650107225,0.7023167024109731,0.6463893643111285,0.7557116004296456,0.5227828976568181,0.0,0.9181494661921709,432,281,151,361,3689,352,35,3724,35,11,0
internvl3.5-8b,internvl3.5-8b,dash-b,Sphere-Traj-LSTM,proxy_anchor,Diag-kNN-tuned,test,test,pooled,0.1,20260507,16,evaluated,,passed,,0.4605951287714065,0.3935452598343537,0.5416409487420948,0.66753081473451,0.6167330269384783,0.7205463343706048,0.46449358973846616,0.006622516556291391,0.7473309608540926,432,281,151,361,3689,352,35,3724,35,11,0
internvl3.5-8b,internvl3.5-8b,dash-b,Sphere-Traj-LSTM,proxy_anchor,Diag-vMF,test,test,pooled,0.1,20260507,,evaluated,,passed,,0.37318897678332086,0.30906033438024605,0.4435121099243209,0.5102872899531004,0.44825641111707837,0.567138168970411,0.37696575600889826,0.006622516556291391,0.9537366548042705,432,281,151,361,3689,352,35,3724,35,11,0
internvl3.5-8b,internvl3.5-8b,repope,Sphere-Traj-LSTM,proxy_anchor,Diag-Classifier,test,test,pooled,0.1,20260508,,evaluated,,passed,,0.5628901657957368,0.47622865167157424,0.6487621543065651,0.8539551910688,0.8184709211917987,0.8885991987974621,0.566913356588019,0.3120567375886525,0.5276280323450134,1625,1484,141,1496,3689,352,35,3724,35,15,0
internvl3.5-8b,internvl3.5-8b,repope,Sphere-Traj-LSTM,proxy_anchor,Diag-kNN-tuned,test,test,pooled,0.1,20260508,32,evaluated,,passed,,0.652954134638071,0.5689436345327479,0.7285089895810214,0.9577622297413545,0.9464237963774758,0.9675414189627208,0.6567996583990942,0.3120567375886525,0.11455525606469003,1625,1484,141,1496,3689,352,35,3724,35,15,0
internvl3.5-8b,internvl3.5-8b,repope,Sphere-Traj-LSTM,proxy_anchor,Diag-vMF,test,test,pooled,0.1,20260508,,evaluated,,passed,,0.6704633003730537,0.5846782366357817,0.7474019007683469,0.958283152682992,0.9457612909531303,0.9693810791517791,0.6742436593077431,0.3120567375886525,0.09568733153638814,1625,1484,141,1496,3689,352,35,3724,35,15,0
internvl3.5-8b,internvl3.5-8b,pope,Sphere-Traj-LSTM,proxy_anchor,Diag-Classifier,test,test,pooled,0.1,20260508,,evaluated,,passed,,0.40193448063633586,0.32289546499691657,0.48236771337458245,0.8223713987493187,0.7846678303262461,0.8629889372173013,0.40482302643132506,0.10869565217391304,0.6698534098151689,1707,1569,138,1620,3689,352,35,3724,35,93,0
internvl3.5-8b,internvl3.5-8b,pope,Sphere-Traj-LSTM,proxy_anchor,Diag-kNN-tuned,test,test,pooled,0.1,20260508,32,evaluated,,passed,,0.4219154910190838,0.3479869277497621,0.501654252358526,0.9022085515559619,0.8822879722226412,0.9217916465330185,0.4253979836394803,0.10869565217391304,0.26322498406628425,1707,1569,138,1620,3689,352,35,3724,35,93,0
internvl3.5-8b,internvl3.5-8b,pope,Sphere-Traj-LSTM,proxy_anchor,Diag-vMF,test,test,pooled,0.1,20260508,,evaluated,,passed,,0.45803190590045145,0.38153030342484234,0.5384214336289896,0.8985322507643566,0.8728893331744613,0.9261809968735694,0.46158500003598946,0.10869565217391304,0.5347355003186743,1707,1569,138,1620,3689,352,35,3724,35,93,0
internvl3.5-8b,internvl3.5-8b,dash-b,Sphere-Traj-LSTM,proxy_anchor,Diag-Classifier,test,test,pooled,0.1,20260508,,evaluated,,passed,,0.5502158830537797,0.4715735821209688,0.6173303731070494,0.7067945605807074,0.654844133241556,0.7539194415143663,0.5001060686374077,0.0,0.708185053380783,432,281,151,361,3689,352,35,3724,35,11,0
internvl3.5-8b,internvl3.5-8b,dash-b,Sphere-Traj-LSTM,proxy_anchor,Diag-kNN-tuned,test,test,pooled,0.1,20260508,32,evaluated,,passed,,0.37334241262550266,0.30648059520804066,0.444940759198189,0.4699394310763357,0.4126878508567856,0.5255771644565879,0.375738706513331,0.052980132450331126,0.9110320284697508,432,281,151,361,3689,352,35,3724,35,11,0
internvl3.5-8b,internvl3.5-8b,dash-b,Sphere-Traj-LSTM,proxy_anchor,Diag-vMF,test,test,pooled,0.1,20260508,,evaluated,,passed,,0.28846987838984955,0.24159111936862795,0.3416294291033874,0.38659234993283215,0.3371746664445815,0.4390678250522573,0.2907771665157092,0.013245033112582781,0.9252669039145908,432,281,151,361,3689,352,35,3724,35,11,0
minicpm-v-2_6,minicpm-v-2_6,repope,Sphere-Traj-LSTM,proxy_anchor,Diag-Classifier,test,test,pooled,1.0,20260506,,evaluated,,passed,,0.2866945008440896,0.11244392335961287,0.47825590129751056,0.8542124977703788,0.7292623848032621,0.9584020577629594,0.3006137014023948,0.2727272727272727,0.7567037279267496,1551,1529,22,1529,3776,80,80,3856,80,89,0
minicpm-v-2_6,minicpm-v-2_6,repope,Sphere-Traj-LSTM,proxy_anchor,Diag-kNN-tuned,test,test,pooled,1.0,20260506,32,evaluated,,passed,,0.18393507702857592,0.034581581657014075,0.35764956860717706,0.8284678042689815,0.7749892399776253,0.8827576312279829,0.18903443787221774,0.13636363636363635,0.3054283845650752,1551,1529,22,1529,3776,80,80,3856,80,89,0
minicpm-v-2_6,minicpm-v-2_6,repope,Sphere-Traj-LSTM,proxy_anchor,Diag-vMF,test,test,pooled,1.0,20260506,,evaluated,,passed,,0.2894127625994421,0.11617195625129167,0.47948493419143257,0.8844758903620905,0.7830317097118432,0.9685807962774061,0.303644570797665,0.2727272727272727,0.644211903204709,1551,1529,22,1529,3776,80,80,3856,80,89,0
minicpm-v-2_6,minicpm-v-2_6,pope,Sphere-Traj-LSTM,proxy_anchor,Diag-Classifier,test,test,pooled,1.0,20260506,,evaluated,,passed,,0.06778010672392233,0.026776766039172357,0.14389344812098448,0.8869323447636701,0.7757377885650459,0.9667357166591714,0.08061620078594066,0.07692307692307693,0.543436905516804,1590,1577,13,1582,3776,80,80,3856,80,210,0
minicpm-v-2_6,minicpm-v-2_6,pope,Sphere-Traj-LSTM,proxy_anchor,Diag-kNN-tuned,test,test,pooled,1.0,20260506,32,evaluated,,passed,,0.036702133037024756,0.011977252808109391,0.09501888067171656,0.8138627384030047,0.7173017981823614,0.9082850222363406,0.0447758043027993,0.0,0.476854787571338,1590,1577,13,1582,3776,80,80,3856,80,210,0
minicpm-v-2_6,minicpm-v-2_6,pope,Sphere-Traj-LSTM,proxy_anchor,Diag-vMF,test,test,pooled,1.0,20260506,,evaluated,,passed,,0.0661309156575397,0.028078158216296337,0.13836594290908572,0.9145895322179406,0.8402513730460499,0.9658024945662145,0.07837950205507156,0.07692307692307693,0.43817374762206723,1590,1577,13,1582,3776,80,80,3856,80,210,0
minicpm-v-2_6,minicpm-v-2_6,dash-b,Sphere-Traj-LSTM,proxy_anchor,Diag-Classifier,test,test,pooled,1.0,20260506,,evaluated,,passed,,0.5037112619185766,0.40540134201739925,0.6020621722616181,0.7921343060231948,0.7440853420813313,0.8335832423095388,0.504991305720214,0.0707070707070707,0.5524691358024691,423,324,99,394,3776,80,80,3856,80,20,0
minicpm-v-2_6,minicpm-v-2_6,dash-b,Sphere-Traj-LSTM,proxy_anchor,Diag-kNN-tuned,test,test,pooled,1.0,20260506,32,evaluated,,passed,,0.2596405172577546,0.199881431009596,0.3378814708834201,0.527715425863574,0.465514998403297,0.5909970120698089,0.26700070496861206,0.020202020202020204,0.9166666666666666,423,324,99,394,3776,80,80,3856,80,20,0
minicpm-v-2_6,minicpm-v-2_6,dash-b,Sphere-Traj-LSTM,proxy_anchor,Diag-vMF,test,test,pooled,1.0,20260506,,evaluated,,passed,,0.27077300762156814,0.2157173133774911,0.3363541969838323,0.5861391694725029,0.5197891879174608,0.6468553108332291,0.27487399121485406,0.0,0.9506172839506173,423,324,99,394,3776,80,80,3856,80,20,0
minicpm-v-2_6,minicpm-v-2_6,repope,Sphere-Traj-LSTM,proxy_anchor,Diag-Classifier,test,test,pooled,1.0,20260507,,evaluated,,passed,,0.25751884412147497,0.12470356388693693,0.49491541895774416,0.8466020571972175,0.7178608932084894,0.9592437551526897,0.30000425817599075,0.36363636363636365,0.8449967298888162,1551,1529,22,1529,3776,80,80,3856,80,89,0
minicpm-v-2_6,minicpm-v-2_6,repope,Sphere-Traj-LSTM,proxy_anchor,Diag-kNN-tuned,test,test,pooled,1.0,20260507,32,evaluated,,passed,,0.1645523084770924,0.07281295932340262,0.330099605276476,0.9033533503775492,0.8480514442121093,0.9504881029174858,0.2105224505174546,0.3181818181818182,0.3368214519293656,1551,1529,22,1529,3776,80,80,3856,80,89,0
minicpm-v-2_6,minicpm-v-2_6,repope,Sphere-Traj-LSTM,proxy_anchor,Diag-vMF,test,test,pooled,1.0,20260507,,evaluated,,passed,,0.18753356761123802,0.08505175343190902,0.36064075325785366,0.8584339140258042,0.7370874042184543,0.9637244246852699,0.23569595136820437,0.36363636363636365,0.7933289731850883,1551,1529,22,1529,3776,80,80,3856,80,89,0
minicpm-v-2_6,minicpm-v-2_6,pope,Sphere-Traj-LSTM,proxy_anchor,Diag-Classifier,test,test,pooled,1.0,20260507,,evaluated,,passed,,0.08445164244468478,0.022691793198663088,0.30029635396058324,0.8790302912053071,0.7770244777485327,0.958755809022388,0.11378608161182649,0.15384615384615385,0.579581483830057,1590,1577,13,1582,3776,80,80,3856,80,210,0
minicpm-v-2_6,minicpm-v-2_6,pope,Sphere-Traj-LSTM,proxy_anchor,Diag-kNN-tuned,test,test,pooled,1.0,20260507,32,evaluated,,passed,,0.13494183094544296,0.021011648366696025,0.328531861399659,0.8946880639968782,0.8369646204434853,0.9496573898376555,0.14317022932438173,0.07692307692307693,0.28344958782498414,1590,1577,13,1582,3776,80,80,3856,80,210,0
minicpm-v-2_6,minicpm-v-2_6,pope,Sphere-Traj-LSTM,proxy_anchor,Diag-vMF,test,test,pooled,1.0,20260507,,evaluated,,passed,,0.1244942407806191,0.017078079156784408,0.3269380390847994,0.8153260816545536,0.6598129161888667,0.9457832536384452,0.1315153074214278,0.07692307692307693,0.8871274571972099,1590,1577,13,1582,3776,80,80,3856,80,210,0
minicpm-v-2_6,minicpm-v-2_6,dash-b,Sphere-Traj-LSTM,proxy_anchor,Diag-Classifier,test,test,pooled,1.0,20260507,,evaluated,,passed,,0.47613171088054457,0.38212970686887193,0.5899179639906724,0.7609739368998628,0.7059304086932111,0.8116826538183911,0.4815786576291638,0.0707070707070707,0.7901234567901234,423,324,99,394,3776,80,80,3856,80,20,0
minicpm-v-2_6,minicpm-v-2_6,dash-b,Sphere-Traj-LSTM,proxy_anchor,Diag-kNN-tuned,test,test,pooled,1.0,20260507,32,evaluated,,passed,,0.49486883914151786,0.39542424580200025,0.6031257764270467,0.741208380097269,0.683734101711633,0.7979048046891711,0.4997359265092211,0.10101010101010101,0.7993827160493827,423,324,99,394,3776,80,80,3856,80,20,0
minicpm-v-2_6,minicpm-v-2_6,dash-b,Sphere-Traj-LSTM,proxy_anchor,Diag-vMF,test,test,pooled,1.0,20260507,,evaluated,,passed,,0.43248580098347417,0.3354789432738434,0.5417998215536656,0.6199027310138421,0.5447438372965193,0.69235998565845,0.4372087339225925,0.10101010101010101,0.9475308641975309,423,324,99,394,3776,80,80,3856,80,20,0
minicpm-v-2_6,minicpm-v-2_6,repope,Sphere-Traj-LSTM,proxy_anchor,Diag-Classifier,test,test,pooled,1.0,20260508,,evaluated,,passed,,0.4473308281254493,0.24004834660373908,0.6395767394241594,0.924222605386765,0.8606623370118471,0.9737020421426771,0.4544281597246772,0.4090909090909091,0.3917593198168738,1551,1529,22,1529,3776,80,80,3856,80,89,0
minicpm-v-2_6,minicpm-v-2_6,repope,Sphere-Traj-LSTM,proxy_anchor,Diag-kNN-tuned,test,test,pooled,1.0,20260508,32,evaluated,,passed,,0.3563983903104421,0.16161482047347242,0.5851371900812606,0.9565669778227005,0.9312183825084629,0.9762303538835282,0.3939102464766802,0.5,0.12818835840418574,1551,1529,22,1529,3776,80,80,3856,80,89,0
minicpm-v-2_6,minicpm-v-2_6,repope,Sphere-Traj-LSTM,proxy_anchor,Diag-vMF,test,test,pooled,1.0,20260508,,evaluated,,passed,,0.3509800458785306,0.15444848290902324,0.586192274828757,0.8436886854153041,0.6772291197796404,0.9716157496946254,0.3876295406274295,0.5,0.9679529103989536,1551,1529,22,1529,3776,80,80,3856,80,89,0
minicpm-v-2_6,minicpm-v-2_6,pope,Sphere-Traj-LSTM,proxy_anchor,Diag-Classifier,test,test,pooled,1.0,20260508,,evaluated,,passed,,0.07879566629726041,0.028320613808227244,0.1899739543753521,0.9258572752548656,0.8831977429296591,0.9652943020458002,0.09846031929578912,0.15384615384615385,0.21940393151553583,1590,1577,13,1582,3776,80,80,3856,80,210,0
minicpm-v-2_6,minicpm-v-2_6,pope,Sphere-Traj-LSTM,proxy_anchor,Diag-kNN-tuned,test,test,pooled,1.0,20260508,32,evaluated,,passed,,0.1425047402109732,0.024968029438933562,0.3370019663047093,0.9059070289254183,0.8472628549326074,0.9573970347860004,0.15227496943844263,0.15384615384615385,0.3037412809131262,1590,1577,13,1582,3776,80,80,3856,80,210,0
minicpm-v-2_6,minicpm-v-2_6,pope,Sphere-Traj-LSTM,proxy_anchor,Diag-vMF,test,test,pooled,1.0,20260508,,evaluated,,passed,,0.16423754661741263,0.03306415092591139,0.3635457718785564,0.9009316618701527,0.7967192499863457,0.969703797615686,0.17715479874991727,0.15384615384615385,0.6163601775523145,1590,1577,13,1582,3776,80,80,3856,80,210,0
minicpm-v-2_6,minicpm-v-2_6,dash-b,Sphere-Traj-LSTM,proxy_anchor,Diag-Classifier,test,test,pooled,1.0,20260508,,evaluated,,passed,,0.4789532536879608,0.382875579068861,0.584731230124759,0.7765619154508043,0.7301574908965754,0.8221916267897336,0.4844270033705136,0.0707070707070707,0.5246913580246914,423,324,99,394,3776,80,80,3856,80,20,0
minicpm-v-2_6,minicpm-v-2_6,dash-b,Sphere-Traj-LSTM,proxy_anchor,Diag-kNN-tuned,test,test,pooled,1.0,20260508,32,evaluated,,passed,,0.35566348978685536,0.27264935394295853,0.44791186997859866,0.5619154508043397,0.49392737570690076,0.6324350413485527,0.3588431746615575,0.09090909090909091,0.9382716049382716,423,324,99,394,3776,80,80,3856,80,20,0
minicpm-v-2_6,minicpm-v-2_6,dash-b,Sphere-Traj-LSTM,proxy_anchor,Diag-vMF,test,test,pooled,1.0,20260508,,evaluated,,passed,,0.37448211072578436,0.28697198096618215,0.47003968312121613,0.5888826536974685,0.5160762148274957,0.6571673955162761,0.37772545587337936,0.09090909090909091,0.9444444444444444,423,324,99,394,3776,80,80,3856,80,20,0
minicpm-v-2_6,minicpm-v-2_6,repope,Sphere-Traj-LSTM,proxy_anchor,Diag-Classifier,test,test,pooled,0.5,20260506,,evaluated,,passed,,0.25607505475732545,0.09401738672550115,0.43326518691145915,0.8763006124026398,0.7726420812660362,0.9632513671279441,0.2668176025204247,0.18181818181818182,0.6775670372792675,1551,1529,22,1529,3776,80,40,3816,40,89,0
minicpm-v-2_6,minicpm-v-2_6,repope,Sphere-Traj-LSTM,proxy_anchor,Diag-kNN-tuned,test,test,pooled,0.5,20260506,32,evaluated,,passed,,0.01441374063537618,0.007775646037883763,0.025075459046804582,0.4974136393364647,0.3675361511468221,0.6261124669085617,0.01740339944814516,0.0,0.9332897318508829,1551,1529,22,1529,3776,80,40,3816,40,89,0
minicpm-v-2_6,minicpm-v-2_6,repope,Sphere-Traj-LSTM,proxy_anchor,Diag-vMF,test,test,pooled,0.5,20260506,,evaluated,,passed,,0.23649702285904695,0.07008264204195375,0.421519610050307,0.8448778167548605,0.7379244541507751,0.9330475526509548,0.24687322751768587,0.18181818181818182,0.7076520601700458,1551,1529,22,1529,3776,80,40,3816,40,89,0
minicpm-v-2_6,minicpm-v-2_6,pope,Sphere-Traj-LSTM,proxy_anchor,Diag-Classifier,test,test,pooled,0.5,20260506,,evaluated,,passed,,0.05796080851983514,0.028081971760470382,0.12040973796872574,0.9287351836495781,0.8937338936074002,0.9574929749818709,0.06830797894880968,0.07692307692307693,0.20355104629042486,1590,1577,13,1582,3776,80,40,3816,40,210,0
minicpm-v-2_6,minicpm-v-2_6,pope,Sphere-Traj-LSTM,proxy_anchor,Diag-kNN-tuned,test,test,pooled,0.5,20260506,32,evaluated,,passed,,0.005410965937002298,0.0027919380713988884,0.00939805567478619,0.31861860397053804,0.1662377058046134,0.4842193373609513,0.006082088727298729,0.0,0.9549778059606848,1590,1577,13,1582,3776,80,40,3816,40,210,0
minicpm-v-2_6,minicpm-v-2_6,pope,Sphere-Traj-LSTM,proxy_anchor,Diag-vMF,test,test,pooled,0.5,20260506,,evaluated,,passed,,0.031159566352727527,0.013206070656755749,0.08742249559733432,0.835129993658846,0.7606006998351638,0.9040102665937225,0.03971008512527083,0.07692307692307693,0.4438807863031072,1590,1577,13,1582,3776,80,40,3816,40,210,0
minicpm-v-2_6,minicpm-v-2_6,dash-b,Sphere-Traj-LSTM,proxy_anchor,Diag-Classifier,test,test,pooled,0.5,20260506,,evaluated,,passed,,0.43661972736082255,0.352878371654564,0.5277444623453574,0.7561728395061729,0.7097507618435343,0.8009131750132176,0.4413791432044538,0.030303030303030304,0.6080246913580247,423,324,99,394,3776,80,40,3816,40,20,0
minicpm-v-2_6,minicpm-v-2_6,dash-b,Sphere-Traj-LSTM,proxy_anchor,Diag-kNN-tuned,test,test,pooled,0.5,20260506,32,evaluated,,passed,,0.17955003769782665,0.1458575110389571,0.22239975119913455,0.37891258261628635,0.3208292963898819,0.4401996340517067,0.1826507336413668,0.0,0.9629629629629629,423,324,99,394,3776,80,40,3816,40,20,0
minicpm-v-2_6,minicpm-v-2_6,dash-b,Sphere-Traj-LSTM,proxy_anchor,Diag-vMF,test,test,pooled,0.5,20260506,,evaluated,,passed,,0.2441257703678379,0.19863177746950425,0.30016967497544655,0.5694600324229955,0.509277272082684,0.6259093831718595,0.2473424306442543,0.0,0.8703703703703703,423,324,99,394,3776,80,40,3816,40,20,0
minicpm-v-2_6,minicpm-v-2_6,repope,Sphere-Traj-LSTM,proxy_anchor,Diag-Classifier,test,test,pooled,0.5,20260507,,evaluated,,passed,,0.33238656277479484,0.1714510545203786,0.5040398996067367,0.9431892502526904,0.9031325073944293,0.9779145600385827,0.34371428966775314,0.22727272727272727,0.27207325049051667,1551,1529,22,1529,3776,80,40,3816,40,89,0
minicpm-v-2_6,minicpm-v-2_6,repope,Sphere-Traj-LSTM,proxy_anchor,Diag-kNN-tuned,test,test,pooled,0.5,20260507,32,evaluated,,passed,,0.0589562538098508,0.027636859011435443,0.10771329527968945,0.8201141566085974,0.7428078216621231,0.8925537547564519,0.07056881533368704,0.045454545454545456,0.40941792020928713,1551,1529,22,1529,3776,80,40,3816,40,89,0
minicpm-v-2_6,minicpm-v-2_6,repope,Sphere-Traj-LSTM,proxy_anchor,Diag-vMF,test,test,pooled,0.5,20260507,,evaluated,,passed,,0.12960906607340944,0.062209413090105324,0.2332263729602715,0.8662524525833879,0.7634788467107301,0.9515325284288777,0.16111195640660284,0.22727272727272727,0.671026814911707,1551,1529,22,1529,3776,80,40,3816,40,89,0
minicpm-v-2_6,minicpm-v-2_6,pope,Sphere-Traj-LSTM,proxy_anchor,Diag-Classifier,test,test,pooled,0.5,20260507,,evaluated,,passed,,0.21880661533149542,0.03745083511950139,0.4527863342566331,0.9485878737622555,0.9260117413040417,0.9710461166445967,0.2247758227463294,0.15384615384615385,0.11667723525681674,1590,1577,13,1582,3776,80,40,3816,40,210,0
minicpm-v-2_6,minicpm-v-2_6,pope,Sphere-Traj-LSTM,proxy_anchor,Diag-kNN-tuned,test,test,pooled,0.5,20260507,32,evaluated,,passed,,0.022027978346577055,0.006816220150410173,0.06144634623425791,0.6932344763670065,0.5684483269316709,0.8315059957443375,0.027126418000276434,0.0,0.6689917564996829,1590,1577,13,1582,3776,80,40,3816,40,210,0
minicpm-v-2_6,minicpm-v-2_6,pope,Sphere-Traj-LSTM,proxy_anchor,Diag-vMF,test,test,pooled,0.5,20260507,,evaluated,,passed,,0.1222850596952057,0.01597944056838167,0.32336609416182527,0.8689332227696209,0.8044899237430007,0.9339937573383944,0.12860682601512702,0.15384615384615385,0.33100824350031705,1590,1577,13,1582,3776,80,40,3816,40,210,0
minicpm-v-2_6,minicpm-v-2_6,dash-b,Sphere-Traj-LSTM,proxy_anchor,Diag-Classifier,test,test,pooled,0.5,20260507,,evaluated,,passed,,0.4427187296349113,0.3569118163798638,0.5475780762869765,0.7756578126948497,0.7301678501337656,0.8181656866749251,0.44839283429986565,0.050505050505050504,0.5493827160493827,423,324,99,394,3776,80,40,3816,40,20,0
minicpm-v-2_6,minicpm-v-2_6,dash-b,Sphere-Traj-LSTM,proxy_anchor,Diag-kNN-tuned,test,test,pooled,0.5,20260507,32,evaluated,,passed,,0.2051955544542512,0.16266500896547775,0.26308284729213316,0.4346240179573513,0.3686553543651748,0.4970689135146004,0.210224689021814,0.010101010101010102,0.9660493827160493,423,324,99,394,3776,80,40,3816,40,20,0
minicpm-v-2_6,minicpm-v-2_6,dash-b,Sphere-Traj-LSTM,proxy_anchor,Diag-vMF,test,test,pooled,0.5,20260507,,evaluated,,passed,,0.24881140299196086,0.20241089662392048,0.30373109642264695,0.5820862950492579,0.5209413771897353,0.6368983236097034,0.25227563776507544,0.0,0.9104938271604939,423,324,99,394,3776,80,40,3816,40,20,0
minicpm-v-2_6,minicpm-v-2_6,repope,Sphere-Traj-LSTM,proxy_anchor,Diag-Classifier,test,test,pooled,0.5,20260508,,evaluated,,passed,,0.22736424374307834,0.0506861932170008,0.44330170144050574,0.6323205898091444,0.4760246862017685,0.7733739819513683,0.258849057758795,0.3181818181818182,0.9646827992151733,1551,1529,22,1529,3776,80,40,3816,40,89,0
minicpm-v-2_6,minicpm-v-2_6,repope,Sphere-Traj-LSTM,proxy_anchor,Diag-kNN-tuned,test,test,pooled,0.5,20260508,8,evaluated,,passed,,0.21459744271916456,0.06898273142508451,0.3935075548836629,0.8982103573339675,0.842311657712864,0.9472781228977323,0.24946164254084408,0.3181818181818182,0.30608240680183124,1551,1529,22,1529,3776,80,40,3816,40,89,0
minicpm-v-2_6,minicpm-v-2_6,repope,Sphere-Traj-LSTM,proxy_anchor,Diag-vMF,test,test,pooled,0.5,20260508,,evaluated,,passed,,0.33679012532011376,0.13007406634108196,0.5650174719529257,0.8460966763779059,0.7251772881167221,0.9459805851474448,0.3688058181895761,0.3181818181818182,0.7155003270111184,1551,1529,22,1529,3776,80,40,3816,40,89,0
minicpm-v-2_6,minicpm-v-2_6,pope,Sphere-Traj-LSTM,proxy_anchor,Diag-Classifier,test,test,pooled,0.5,20260508,,evaluated,,passed,,0.1616353851525272,0.003921789906916618,0.37243863773937563,0.5394371006292376,0.38626032147626077,0.6943109715847222,0.1624475434176172,0.15384615384615385,0.7882054533925175,1590,1577,13,1582,3776,80,40,3816,40,210,0
minicpm-v-2_6,minicpm-v-2_6,pope,Sphere-Traj-LSTM,proxy_anchor,Diag-kNN-tuned,test,test,pooled,0.5,20260508,8,evaluated,,passed,,0.08175771197127277,0.009748955495088498,0.33496508711575945,0.813570069752695,0.7521162491307305,0.8731526096249644,0.10900098857176369,0.15384615384615385,0.34115409004438807,1590,1577,13,1582,3776,80,40,3816,40,210,0
minicpm-v-2_6,minicpm-v-2_6,pope,Sphere-Traj-LSTM,proxy_anchor,Diag-vMF,test,test,pooled,0.5,20260508,,evaluated,,passed,,0.181197107358839,0.012736964010028159,0.39376942568326745,0.776254816838203,0.605798878724483,0.9270423006503272,0.18426442108037377,0.15384615384615385,0.9613189600507293,1590,1577,13,1582,3776,80,40,3816,40,210,0
minicpm-v-2_6,minicpm-v-2_6,dash-b,Sphere-Traj-LSTM,proxy_anchor,Diag-Classifier,test,test,pooled,0.5,20260508,,evaluated,,passed,,0.4081637416956755,0.316998003876361,0.5065328403396188,0.6432535228831525,0.5750967024516388,0.7125655428315527,0.41191488554222944,0.050505050505050504,0.9876543209876543,423,324,99,394,3776,80,40,3816,40,20,0
minicpm-v-2_6,minicpm-v-2_6,dash-b,Sphere-Traj-LSTM,proxy_anchor,Diag-kNN-tuned,test,test,pooled,0.5,20260508,8,evaluated,,passed,,0.38757281616937533,0.30578216442030237,0.4752451021383503,0.6270732011472753,0.5644959520369106,0.6892373480291437,0.3908685789624029,0.06060606060606061,0.845679012345679,423,324,99,394,3776,80,40,3816,40,20,0
minicpm-v-2_6,minicpm-v-2_6,dash-b,Sphere-Traj-LSTM,proxy_anchor,Diag-vMF,test,test,pooled,0.5,20260508,,evaluated,,passed,,0.380381691856859,0.29324562053915426,0.4776965213083624,0.5861703454296046,0.5165698285752609,0.6561313177433526,0.38363640595078974,0.06060606060606061,0.9691358024691358,423,324,99,394,3776,80,40,3816,40,20,0
minicpm-v-2_6,minicpm-v-2_6,repope,Sphere-Traj-LSTM,proxy_anchor,Diag-Classifier,test,test,pooled,0.25,20260506,,evaluated,,passed,,0.2697033221714684,0.11130711371485709,0.4485599037282146,0.935965277364885,0.8977883193338297,0.9699199400496044,0.28340481254522976,0.13636363636363635,0.2589928057553957,1551,1529,22,1529,3776,80,20,3796,20,89,0
minicpm-v-2_6,minicpm-v-2_6,repope,Sphere-Traj-LSTM,proxy_anchor,Diag-kNN-tuned,test,test,pooled,0.25,20260506,1,evaluated,,passed,,0.02518666485353864,0.012939257018873156,0.041738176592040745,0.654914085260717,0.523407032006841,0.7741139485502366,0.029186486900630075,0.0,0.9542184434270765,1551,1529,22,1529,3776,80,20,3796,20,89,0
minicpm-v-2_6,minicpm-v-2_6,repope,Sphere-Traj-LSTM,proxy_anchor,Diag-vMF,test,test,pooled,0.25,20260506,,evaluated,,passed,,0.24159689525172937,0.08292367655379729,0.417240361766089,0.9032641655270824,0.8483662410873194,0.9531066122095444,0.2545196202890036,0.13636363636363635,0.355134074558535,1551,1529,22,1529,3776,80,20,3796,20,89,0
minicpm-v-2_6,minicpm-v-2_6,pope,Sphere-Traj-LSTM,proxy_anchor,Diag-Classifier,test,test,pooled,0.25,20260506,,evaluated,,passed,,0.0483624264047469,0.024127215851448686,0.09194670343283973,0.9100531681381396,0.8558693694896904,0.9501028833446847,0.055595911079411336,0.07692307692307693,0.3392517438173748,1590,1577,13,1582,3776,80,20,3796,20,210,0
minicpm-v-2_6,minicpm-v-2_6,pope,Sphere-Traj-LSTM,proxy_anchor,Diag-kNN-tuned,test,test,pooled,0.25,20260506,1,evaluated,,passed,,0.012094429314611715,0.005573346649364611,0.021890372690895072,0.6713331057021609,0.5579328803755231,0.7755696778298558,0.013691864985571275,0.0,0.657577679137603,1590,1577,13,1582,3776,80,20,3796,20,210,0
minicpm-v-2_6,minicpm-v-2_6,pope,Sphere-Traj-LSTM,proxy_anchor,Diag-vMF,test,test,pooled,0.25,20260506,,evaluated,,passed,,0.021056567830254815,0.010508200873675594,0.049727253456306436,0.7958636164089556,0.713618053165041,0.8696816528071739,0.025707518091518868,0.07692307692307693,0.5485098287888396,1590,1577,13,1582,3776,80,20,3796,20,210,0
minicpm-v-2_6,minicpm-v-2_6,dash-b,Sphere-Traj-LSTM,proxy_anchor,Diag-Classifier,test,test,pooled,0.25,20260506,,evaluated,,passed,,0.3843734003348337,0.30352028499477124,0.47478862769709607,0.7122770919067215,0.6626642632007949,0.7599099836536557,0.3898704039794666,0.050505050505050504,0.6080246913580247,423,324,99,394,3776,80,20,3796,20,20,0
minicpm-v-2_6,minicpm-v-2_6,dash-b,Sphere-Traj-LSTM,proxy_anchor,Diag-kNN-tuned,test,test,pooled,0.25,20260506,1,evaluated,,passed,,0.22825664244923982,0.18346958582022327,0.2862561367963902,0.5141538845242549,0.4505033024978307,0.5790101285803606,0.23399974285957947,0.010101010101010102,0.9228395061728395,423,324,99,394,3776,80,20,3796,20,20,0
minicpm-v-2_6,minicpm-v-2_6,dash-b,Sphere-Traj-LSTM,proxy_anchor,Diag-vMF,test,test,pooled,0.25,20260506,,evaluated,,passed,,0.22996920017592762,0.1860956093224227,0.2802426211385054,0.5472627509664547,0.4852393635034117,0.6021611086417443,0.23280210752871022,0.0,0.8765432098765432,423,324,99,394,3776,80,20,3796,20,20,0
minicpm-v-2_6,minicpm-v-2_6,repope,Sphere-Traj-LSTM,proxy_anchor,Diag-Classifier,test,test,pooled,0.25,20260507,,evaluated,,passed,,0.2494453167893497,0.10180579769853836,0.4464045961661787,0.9374516915393305,0.9014275098485467,0.9697537902692746,0.280535447035017,0.36363636363636365,0.24264224983649443,1551,1529,22,1529,3776,80,20,3796,20,89,0
minicpm-v-2_6,minicpm-v-2_6,repope,Sphere-Traj-LSTM,proxy_anchor,Diag-kNN-tuned,test,test,pooled,0.25,20260507,32,evaluated,,passed,,0.09678516138560371,0.022600139343684395,0.23860517485353594,0.8046851774778524,0.736602690250397,0.8747251151669688,0.10701339455421327,0.09090909090909091,0.4676258992805755,1551,1529,22,1529,3776,80,20,3796,20,89,0
minicpm-v-2_6,minicpm-v-2_6,repope,Sphere-Traj-LSTM,proxy_anchor,Diag-vMF,test,test,pooled,0.25,20260507,,evaluated,,passed,,0.2998671436770226,0.1240329098756703,0.49587914917528336,0.9181580355550271,0.8499037078127791,0.974683081410019,0.3280139330641095,0.36363636363636365,0.4381948986265533,1551,1529,22,1529,3776,80,20,3796,20,89,0
minicpm-v-2_6,minicpm-v-2_6,pope,Sphere-Traj-LSTM,proxy_anchor,Diag-Classifier,test,test,pooled,0.25,20260507,,evaluated,,passed,,0.22066791562830457,0.021595339327504844,0.4622339931486079,0.9001512121359934,0.846115833785986,0.9475215067465064,0.22720465389826439,0.23076923076923078,0.3417882054533925,1590,1577,13,1582,3776,80,20,3796,20,210,0
minicpm-v-2_6,minicpm-v-2_6,pope,Sphere-Traj-LSTM,proxy_anchor,Diag-kNN-tuned,test,test,pooled,0.25,20260507,32,evaluated,,passed,,0.11615466346952509,0.006828995573129419,0.3320566173613717,0.7189405394858788,0.6214062893412249,0.8207275343741599,0.12346941512626086,0.15384615384615385,0.4933417882054534,1590,1577,13,1582,3776,80,20,3796,20,210,0
minicpm-v-2_6,minicpm-v-2_6,pope,Sphere-Traj-LSTM,proxy_anchor,Diag-vMF,test,test,pooled,0.25,20260507,,evaluated,,passed,,0.1719161064826956,0.021424976531445775,0.4143559224492196,0.8915174869518561,0.819172338343019,0.9506017799224367,0.18470259706337278,0.23076923076923078,0.43373493975903615,1590,1577,13,1582,3776,80,20,3796,20,210,0
minicpm-v-2_6,minicpm-v-2_6,dash-b,Sphere-Traj-LSTM,proxy_anchor,Diag-Classifier,test,test,pooled,0.25,20260507,,evaluated,,passed,,0.5547133116336825,0.4581405721206961,0.6533827356593558,0.7961092405536849,0.7482805489581983,0.8398982562523226,0.5576517180726125,0.13131313131313133,0.7098765432098766,423,324,99,394,3776,80,20,3796,20,20,0
minicpm-v-2_6,minicpm-v-2_6,dash-b,Sphere-Traj-LSTM,proxy_anchor,Diag-kNN-tuned,test,test,pooled,0.25,20260507,32,evaluated,,passed,,0.2061315896241107,0.16114183460944065,0.2662649125100239,0.4171654819802968,0.34374606868602886,0.4856079887884133,0.21089275914235991,0.0,0.9382716049382716,423,324,99,394,3776,80,20,3796,20,20,0
minicpm-v-2_6,minicpm-v-2_6,dash-b,Sphere-Traj-LSTM,proxy_anchor,Diag-vMF,test,test,pooled,0.25,20260507,,evaluated,,passed,,0.2758316061440642,0.2202360862515144,0.3403974954119947,0.6030365382217234,0.5342572562707464,0.6660123116979929,0.27963360575341334,0.0,0.9506172839506173,423,324,99,394,3776,80,20,3796,20,20,0
minicpm-v-2_6,minicpm-v-2_6,repope,Sphere-Traj-LSTM,proxy_anchor,Diag-Classifier,test,test,pooled,0.25,20260508,,evaluated,,passed,,0.44116540476367716,0.20146501234024497,0.6352973336003809,0.9137285213151793,0.8317777869879647,0.975432247503918,0.4535769498921959,0.45454545454545453,0.48528449967298887,1551,1529,22,1529,3776,80,20,3796,20,89,0
minicpm-v-2_6,minicpm-v-2_6,repope,Sphere-Traj-LSTM,proxy_anchor,Diag-kNN-tuned,test,test,pooled,0.25,20260508,32,evaluated,,passed,,0.2783112470224808,0.09749109422953103,0.46243203478741596,0.9474106665081158,0.9191599576187818,0.9686333818546884,0.29146349612785366,0.2727272727272727,0.17266187050359713,1551,1529,22,1529,3776,80,20,3796,20,89,0
minicpm-v-2_6,minicpm-v-2_6,repope,Sphere-Traj-LSTM,proxy_anchor,Diag-vMF,test,test,pooled,0.25,20260508,,evaluated,,passed,,0.31967829672261305,0.12140766152802272,0.5201267768011277,0.885635293418158,0.7771907774508916,0.9728987807838135,0.33355901698243806,0.3181818181818182,0.671680837148463,1551,1529,22,1529,3776,80,20,3796,20,89,0
minicpm-v-2_6,minicpm-v-2_6,pope,Sphere-Traj-LSTM,proxy_anchor,Diag-Classifier,test,test,pooled,0.25,20260508,,evaluated,,passed,,0.1676272605656725,0.07762793337286526,0.2979489586892578,0.9780010731183845,0.9659286544148712,0.9876252640095579,0.18671419014062723,0.46153846153846156,0.06911857958148383,1590,1577,13,1582,3776,80,20,3796,20,210,0
minicpm-v-2_6,minicpm-v-2_6,pope,Sphere-Traj-LSTM,proxy_anchor,Diag-kNN-tuned,test,test,pooled,0.25,20260508,32,evaluated,,passed,,0.020571128579039255,0.009342213841553497,0.039013638032745726,0.8072776937710355,0.738286735766862,0.8727380313914682,0.02377143160637523,0.0,0.38617628408370325,1590,1577,13,1582,3776,80,20,3796,20,210,0
minicpm-v-2_6,minicpm-v-2_6,pope,Sphere-Traj-LSTM,proxy_anchor,Diag-vMF,test,test,pooled,0.25,20260508,,evaluated,,passed,,0.13982185457385252,0.0644379197155721,0.2520901131750638,0.9731232622798888,0.9551726452621856,0.9860527814461679,0.1582288062701588,0.23076923076923078,0.10653138871274571,1590,1577,13,1582,3776,80,20,3796,20,210,0
minicpm-v-2_6,minicpm-v-2_6,dash-b,Sphere-Traj-LSTM,proxy_anchor,Diag-Classifier,test,test,pooled,0.25,20260508,,evaluated,,passed,,0.4169357614487632,0.3236570212866238,0.5207142929279076,0.7137423618905101,0.6629035975591722,0.7657997003127093,0.4245340528588727,0.10101010101010101,0.6666666666666666,423,324,99,394,3776,80,20,3796,20,20,0
minicpm-v-2_6,minicpm-v-2_6,dash-b,Sphere-Traj-LSTM,proxy_anchor,Diag-kNN-tuned,test,test,pooled,0.25,20260508,32,evaluated,,passed,,0.2966136425919446,0.22838570876664277,0.3834020826490269,0.5779398927547076,0.5138423636968218,0.6373202188848248,0.30430667624243346,0.020202020202020204,0.9382716049382716,423,324,99,394,3776,80,20,3796,20,20,0
minicpm-v-2_6,minicpm-v-2_6,dash-b,Sphere-Traj-LSTM,proxy_anchor,Diag-vMF,test,test,pooled,0.25,20260508,,evaluated,,passed,,0.30696350942489925,0.24030996940820654,0.3934877914071564,0.5745728893877042,0.5057919510945134,0.647168169058368,0.3137532907362969,0.010101010101010102,0.9660493827160493,423,324,99,394,3776,80,20,3796,20,20,0
minicpm-v-2_6,minicpm-v-2_6,repope,Sphere-Traj-LSTM,proxy_anchor,Diag-kNN-tuned,test,test,pooled,0.1,20260506,,skipped,ratio 0.1 would leave fewer than 20 hard negatives (8),skipped,ratio 0.1 would leave fewer than 20 hard negatives (8),nan,nan,nan,nan,nan,nan,nan,nan,nan,0,0,0,0,3776,80,0,3776,0,0,0
minicpm-v-2_6,minicpm-v-2_6,repope,Sphere-Traj-LSTM,proxy_anchor,Diag-Classifier,test,test,pooled,0.1,20260506,,skipped,ratio 0.1 would leave fewer than 20 hard negatives (8),skipped,ratio 0.1 would leave fewer than 20 hard negatives (8),nan,nan,nan,nan,nan,nan,nan,nan,nan,0,0,0,0,3776,80,0,3776,0,0,0
minicpm-v-2_6,minicpm-v-2_6,repope,Sphere-Traj-LSTM,proxy_anchor,Diag-vMF,test,test,pooled,0.1,20260506,,skipped,ratio 0.1 would leave fewer than 20 hard negatives (8),skipped,ratio 0.1 would leave fewer than 20 hard negatives (8),nan,nan,nan,nan,nan,nan,nan,nan,nan,0,0,0,0,3776,80,0,3776,0,0,0
minicpm-v-2_6,minicpm-v-2_6,pope,Sphere-Traj-LSTM,proxy_anchor,Diag-kNN-tuned,test,test,pooled,0.1,20260506,,skipped,ratio 0.1 would leave fewer than 20 hard negatives (8),skipped,ratio 0.1 would leave fewer than 20 hard negatives (8),nan,nan,nan,nan,nan,nan,nan,nan,nan,0,0,0,0,3776,80,0,3776,0,0,0
minicpm-v-2_6,minicpm-v-2_6,pope,Sphere-Traj-LSTM,proxy_anchor,Diag-Classifier,test,test,pooled,0.1,20260506,,skipped,ratio 0.1 would leave fewer than 20 hard negatives (8),skipped,ratio 0.1 would leave fewer than 20 hard negatives (8),nan,nan,nan,nan,nan,nan,nan,nan,nan,0,0,0,0,3776,80,0,3776,0,0,0
minicpm-v-2_6,minicpm-v-2_6,pope,Sphere-Traj-LSTM,proxy_anchor,Diag-vMF,test,test,pooled,0.1,20260506,,skipped,ratio 0.1 would leave fewer than 20 hard negatives (8),skipped,ratio 0.1 would leave fewer than 20 hard negatives (8),nan,nan,nan,nan,nan,nan,nan,nan,nan,0,0,0,0,3776,80,0,3776,0,0,0
minicpm-v-2_6,minicpm-v-2_6,dash-b,Sphere-Traj-LSTM,proxy_anchor,Diag-kNN-tuned,test,test,pooled,0.1,20260506,,skipped,ratio 0.1 would leave fewer than 20 hard negatives (8),skipped,ratio 0.1 would leave fewer than 20 hard negatives (8),nan,nan,nan,nan,nan,nan,nan,nan,nan,0,0,0,0,3776,80,0,3776,0,0,0
minicpm-v-2_6,minicpm-v-2_6,dash-b,Sphere-Traj-LSTM,proxy_anchor,Diag-Classifier,test,test,pooled,0.1,20260506,,skipped,ratio 0.1 would leave fewer than 20 hard negatives (8),skipped,ratio 0.1 would leave fewer than 20 hard negatives (8),nan,nan,nan,nan,nan,nan,nan,nan,nan,0,0,0,0,3776,80,0,3776,0,0,0
minicpm-v-2_6,minicpm-v-2_6,dash-b,Sphere-Traj-LSTM,proxy_anchor,Diag-vMF,test,test,pooled,0.1,20260506,,skipped,ratio 0.1 would leave fewer than 20 hard negatives (8),skipped,ratio 0.1 would leave fewer than 20 hard negatives (8),nan,nan,nan,nan,nan,nan,nan,nan,nan,0,0,0,0,3776,80,0,3776,0,0,0
minicpm-v-2_6,minicpm-v-2_6,repope,Sphere-Traj-LSTM,proxy_anchor,Diag-kNN-tuned,test,test,pooled,0.1,20260507,,skipped,ratio 0.1 would leave fewer than 20 hard negatives (8),skipped,ratio 0.1 would leave fewer than 20 hard negatives (8),nan,nan,nan,nan,nan,nan,nan,nan,nan,0,0,0,0,3776,80,0,3776,0,0,0
minicpm-v-2_6,minicpm-v-2_6,repope,Sphere-Traj-LSTM,proxy_anchor,Diag-Classifier,test,test,pooled,0.1,20260507,,skipped,ratio 0.1 would leave fewer than 20 hard negatives (8),skipped,ratio 0.1 would leave fewer than 20 hard negatives (8),nan,nan,nan,nan,nan,nan,nan,nan,nan,0,0,0,0,3776,80,0,3776,0,0,0
minicpm-v-2_6,minicpm-v-2_6,repope,Sphere-Traj-LSTM,proxy_anchor,Diag-vMF,test,test,pooled,0.1,20260507,,skipped,ratio 0.1 would leave fewer than 20 hard negatives (8),skipped,ratio 0.1 would leave fewer than 20 hard negatives (8),nan,nan,nan,nan,nan,nan,nan,nan,nan,0,0,0,0,3776,80,0,3776,0,0,0
minicpm-v-2_6,minicpm-v-2_6,pope,Sphere-Traj-LSTM,proxy_anchor,Diag-kNN-tuned,test,test,pooled,0.1,20260507,,skipped,ratio 0.1 would leave fewer than 20 hard negatives (8),skipped,ratio 0.1 would leave fewer than 20 hard negatives (8),nan,nan,nan,nan,nan,nan,nan,nan,nan,0,0,0,0,3776,80,0,3776,0,0,0
minicpm-v-2_6,minicpm-v-2_6,pope,Sphere-Traj-LSTM,proxy_anchor,Diag-Classifier,test,test,pooled,0.1,20260507,,skipped,ratio 0.1 would leave fewer than 20 hard negatives (8),skipped,ratio 0.1 would leave fewer than 20 hard negatives (8),nan,nan,nan,nan,nan,nan,nan,nan,nan,0,0,0,0,3776,80,0,3776,0,0,0
minicpm-v-2_6,minicpm-v-2_6,pope,Sphere-Traj-LSTM,proxy_anchor,Diag-vMF,test,test,pooled,0.1,20260507,,skipped,ratio 0.1 would leave fewer than 20 hard negatives (8),skipped,ratio 0.1 would leave fewer than 20 hard negatives (8),nan,nan,nan,nan,nan,nan,nan,nan,nan,0,0,0,0,3776,80,0,3776,0,0,0
minicpm-v-2_6,minicpm-v-2_6,dash-b,Sphere-Traj-LSTM,proxy_anchor,Diag-kNN-tuned,test,test,pooled,0.1,20260507,,skipped,ratio 0.1 would leave fewer than 20 hard negatives (8),skipped,ratio 0.1 would leave fewer than 20 hard negatives (8),nan,nan,nan,nan,nan,nan,nan,nan,nan,0,0,0,0,3776,80,0,3776,0,0,0
minicpm-v-2_6,minicpm-v-2_6,dash-b,Sphere-Traj-LSTM,proxy_anchor,Diag-Classifier,test,test,pooled,0.1,20260507,,skipped,ratio 0.1 would leave fewer than 20 hard negatives (8),skipped,ratio 0.1 would leave fewer than 20 hard negatives (8),nan,nan,nan,nan,nan,nan,nan,nan,nan,0,0,0,0,3776,80,0,3776,0,0,0
minicpm-v-2_6,minicpm-v-2_6,dash-b,Sphere-Traj-LSTM,proxy_anchor,Diag-vMF,test,test,pooled,0.1,20260507,,skipped,ratio 0.1 would leave fewer than 20 hard negatives (8),skipped,ratio 0.1 would leave fewer than 20 hard negatives (8),nan,nan,nan,nan,nan,nan,nan,nan,nan,0,0,0,0,3776,80,0,3776,0,0,0
minicpm-v-2_6,minicpm-v-2_6,repope,Sphere-Traj-LSTM,proxy_anchor,Diag-kNN-tuned,test,test,pooled,0.1,20260508,,skipped,ratio 0.1 would leave fewer than 20 hard negatives (8),skipped,ratio 0.1 would leave fewer than 20 hard negatives (8),nan,nan,nan,nan,nan,nan,nan,nan,nan,0,0,0,0,3776,80,0,3776,0,0,0
minicpm-v-2_6,minicpm-v-2_6,repope,Sphere-Traj-LSTM,proxy_anchor,Diag-Classifier,test,test,pooled,0.1,20260508,,skipped,ratio 0.1 would leave fewer than 20 hard negatives (8),skipped,ratio 0.1 would leave fewer than 20 hard negatives (8),nan,nan,nan,nan,nan,nan,nan,nan,nan,0,0,0,0,3776,80,0,3776,0,0,0
minicpm-v-2_6,minicpm-v-2_6,repope,Sphere-Traj-LSTM,proxy_anchor,Diag-vMF,test,test,pooled,0.1,20260508,,skipped,ratio 0.1 would leave fewer than 20 hard negatives (8),skipped,ratio 0.1 would leave fewer than 20 hard negatives (8),nan,nan,nan,nan,nan,nan,nan,nan,nan,0,0,0,0,3776,80,0,3776,0,0,0
minicpm-v-2_6,minicpm-v-2_6,pope,Sphere-Traj-LSTM,proxy_anchor,Diag-kNN-tuned,test,test,pooled,0.1,20260508,,skipped,ratio 0.1 would leave fewer than 20 hard negatives (8),skipped,ratio 0.1 would leave fewer than 20 hard negatives (8),nan,nan,nan,nan,nan,nan,nan,nan,nan,0,0,0,0,3776,80,0,3776,0,0,0
minicpm-v-2_6,minicpm-v-2_6,pope,Sphere-Traj-LSTM,proxy_anchor,Diag-Classifier,test,test,pooled,0.1,20260508,,skipped,ratio 0.1 would leave fewer than 20 hard negatives (8),skipped,ratio 0.1 would leave fewer than 20 hard negatives (8),nan,nan,nan,nan,nan,nan,nan,nan,nan,0,0,0,0,3776,80,0,3776,0,0,0
minicpm-v-2_6,minicpm-v-2_6,pope,Sphere-Traj-LSTM,proxy_anchor,Diag-vMF,test,test,pooled,0.1,20260508,,skipped,ratio 0.1 would leave fewer than 20 hard negatives (8),skipped,ratio 0.1 would leave fewer than 20 hard negatives (8),nan,nan,nan,nan,nan,nan,nan,nan,nan,0,0,0,0,3776,80,0,3776,0,0,0
minicpm-v-2_6,minicpm-v-2_6,dash-b,Sphere-Traj-LSTM,proxy_anchor,Diag-kNN-tuned,test,test,pooled,0.1,20260508,,skipped,ratio 0.1 would leave fewer than 20 hard negatives (8),skipped,ratio 0.1 would leave fewer than 20 hard negatives (8),nan,nan,nan,nan,nan,nan,nan,nan,nan,0,0,0,0,3776,80,0,3776,0,0,0
minicpm-v-2_6,minicpm-v-2_6,dash-b,Sphere-Traj-LSTM,proxy_anchor,Diag-Classifier,test,test,pooled,0.1,20260508,,skipped,ratio 0.1 would leave fewer than 20 hard negatives (8),skipped,ratio 0.1 would leave fewer than 20 hard negatives (8),nan,nan,nan,nan,nan,nan,nan,nan,nan,0,0,0,0,3776,80,0,3776,0,0,0
minicpm-v-2_6,minicpm-v-2_6,dash-b,Sphere-Traj-LSTM,proxy_anchor,Diag-vMF,test,test,pooled,0.1,20260508,,skipped,ratio 0.1 would leave fewer than 20 hard negatives (8),skipped,ratio 0.1 would leave fewer than 20 hard negatives (8),nan,nan,nan,nan,nan,nan,nan,nan,nan,0,0,0,0,3776,80,0,3776,0,0,0
gemma-3-12b-it,gemma-3-12b-it,repope,Sphere-Traj-LSTM,proxy_anchor,Diag-Classifier,test,test,pooled,1.0,20260506,,evaluated,,passed,,0.7565869446113025,0.6918628854346143,0.81724541584135,0.9679575163398693,0.9590667830333607,0.9762661763851547,0.7559087259238486,0.37058823529411766,0.10069444444444445,1610,1440,170,1443,3553,425,425,3978,425,30,0
gemma-3-12b-it,gemma-3-12b-it,repope,Sphere-Traj-LSTM,proxy_anchor,Diag-kNN-tuned,test,test,pooled,1.0,20260506,32,evaluated,,passed,,0.28035168190561266,0.23000036554422143,0.3310638612827755,0.8173651960784314,0.7939700042397335,0.8410759812597571,0.28279060701263226,0.047058823529411764,0.3840277777777778,1610,1440,170,1443,3553,425,425,3978,425,30,0
gemma-3-12b-it,gemma-3-12b-it,repope,Sphere-Traj-LSTM,proxy_anchor,Diag-vMF,test,test,pooled,1.0,20260506,,evaluated,,passed,,0.5874996847356525,0.5169965263353009,0.6545518860945234,0.9086805555555555,0.8894151617264234,0.9274452372622807,0.5891193845102285,0.2529411764705882,0.31875,1610,1440,170,1443,3553,425,425,3978,425,30,0
gemma-3-12b-it,gemma-3-12b-it,pope,Sphere-Traj-LSTM,proxy_anchor,Diag-Classifier,test,test,pooled,1.0,20260506,,evaluated,,passed,,0.6776766771276206,0.6123458595737604,0.7456623492549704,0.9561714855433698,0.9467485648264942,0.9650118844769544,0.670580847004361,0.18716577540106952,0.1376271186440678,1662,1475,187,1543,3553,425,425,3978,425,138,0
gemma-3-12b-it,gemma-3-12b-it,pope,Sphere-Traj-LSTM,proxy_anchor,Diag-kNN-tuned,test,test,pooled,1.0,20260506,32,evaluated,,passed,,0.19764786374338517,0.1639803754125385,0.23819170892718874,0.7018508112027554,0.6743390551107501,0.7335431320583305,0.19924542463130493,0.03208556149732621,0.5796610169491525,1662,1475,187,1543,3553,425,425,3978,425,138,0
gemma-3-12b-it,gemma-3-12b-it,pope,Sphere-Traj-LSTM,proxy_anchor,Diag-vMF,test,test,pooled,1.0,20260506,,evaluated,,passed,,0.18215541258263254,0.15656947646378988,0.21218309088079998,0.7469409951962295,0.7223145119224609,0.771175488006789,0.1841062573911737,0.0053475935828877,0.4542372881355932,1662,1475,187,1543,3553,425,425,3978,425,138,0
gemma-3-12b-it,gemma-3-12b-it,dash-b,Sphere-Traj-LSTM,proxy_anchor,Diag-Classifier,test,test,pooled,1.0,20260506,,evaluated,,passed,,0.9102159279999751,0.8717496812083803,0.9456612227692368,0.9327496430671034,0.9092642358001775,0.9553682979385707,0.9105248320939094,0.25510204081632654,0.30864197530864196,439,243,196,326,3553,425,425,3978,425,4,0
gemma-3-12b-it,gemma-3-12b-it,dash-b,Sphere-Traj-LSTM,proxy_anchor,Diag-kNN-tuned,test,test,pooled,1.0,20260506,32,evaluated,,passed,,0.4690907161737248,0.4143543597178239,0.5271820994060898,0.6198244729990762,0.558580918308566,0.6696479614426541,0.47119441114876776,0.0,0.7242798353909465,439,243,196,326,3553,425,425,3978,425,4,0
gemma-3-12b-it,gemma-3-12b-it,dash-b,Sphere-Traj-LSTM,proxy_anchor,Diag-vMF,test,test,pooled,1.0,20260506,,evaluated,,passed,,0.5187627848499666,0.4627070285310287,0.5770436799622367,0.6953262786596119,0.6377324319842593,0.7436832035089906,0.5208021231181644,0.0,0.5596707818930041,439,243,196,326,3553,425,425,3978,425,4,0
gemma-3-12b-it,gemma-3-12b-it,repope,Sphere-Traj-LSTM,proxy_anchor,Diag-Classifier,test,test,pooled,1.0,20260507,,evaluated,,passed,,0.7323803779787651,0.6644995080965398,0.7860111318097687,0.9340584150326797,0.9101751678686612,0.955411551299527,0.680136444787658,0.0,0.4409722222222222,1610,1440,170,1443,3553,425,425,3978,425,30,0
gemma-3-12b-it,gemma-3-12b-it,repope,Sphere-Traj-LSTM,proxy_anchor,Diag-kNN-tuned,test,test,pooled,1.0,20260507,32,evaluated,,passed,,0.7316416777439727,0.6612959745658801,0.7916791941798723,0.956687091503268,0.9446663051520447,0.9674057290781557,0.7329278645180389,0.40588235294117647,0.15138888888888888,1610,1440,170,1443,3553,425,425,3978,425,30,0
gemma-3-12b-it,gemma-3-12b-it,repope,Sphere-Traj-LSTM,proxy_anchor,Diag-vMF,test,test,pooled,1.0,20260507,,evaluated,,passed,,0.7494176589533793,0.6795440089793416,0.806255431371898,0.9567075163398693,0.940524769337255,0.9709850428148903,0.7506712071153447,0.4,0.12013888888888889,1610,1440,170,1443,3553,425,425,3978,425,30,0
gemma-3-12b-it,gemma-3-12b-it,pope,Sphere-Traj-LSTM,proxy_anchor,Diag-Classifier,test,test,pooled,1.0,20260507,,evaluated,,passed,,0.695225841830388,0.6391538945398019,0.7506927854747116,0.9295169038339527,0.9084412909538547,0.9487030339333418,0.6276130651447154,0.0,0.4528813559322034,1662,1475,187,1543,3553,425,425,3978,425,138,0
gemma-3-12b-it,gemma-3-12b-it,pope,Sphere-Traj-LSTM,proxy_anchor,Diag-kNN-tuned,test,test,pooled,1.0,20260507,32,evaluated,,passed,,0.610302056915328,0.5341256498844288,0.6811842963549325,0.9362965648509018,0.9217027746645391,0.9492340868770561,0.6129234490983269,0.13903743315508021,0.2311864406779661,1662,1475,187,1543,3553,425,425,3978,425,138,0
gemma-3-12b-it,gemma-3-12b-it,pope,Sphere-Traj-LSTM,proxy_anchor,Diag-vMF,test,test,pooled,1.0,20260507,,evaluated,,passed,,0.6314751876150743,0.5601868140554613,0.7018680728960159,0.9304196501404876,0.9091316692637075,0.9492926546072457,0.6340168086117999,0.1443850267379679,0.39322033898305087,1662,1475,187,1543,3553,425,425,3978,425,138,0
gemma-3-12b-it,gemma-3-12b-it,dash-b,Sphere-Traj-LSTM,proxy_anchor,Diag-Classifier,test,test,pooled,1.0,20260507,,evaluated,,passed,,0.9066763784916769,0.8670939283663938,0.9403392875562114,0.9241097673637357,0.8979019783461241,0.9482027378852776,0.9019952130179016,0.37244897959183676,0.2345679012345679,439,243,196,326,3553,425,425,3978,425,4,0
gemma-3-12b-it,gemma-3-12b-it,dash-b,Sphere-Traj-LSTM,proxy_anchor,Diag-kNN-tuned,test,test,pooled,1.0,20260507,32,evaluated,,passed,,0.8302826474526197,0.7773423416182722,0.8751974227699048,0.8350340136054422,0.7931608273445846,0.8711843301507237,0.8308027104586171,0.35714285714285715,0.7366255144032922,439,243,196,326,3553,425,425,3978,425,4,0
gemma-3-12b-it,gemma-3-12b-it,dash-b,Sphere-Traj-LSTM,proxy_anchor,Diag-vMF,test,test,pooled,1.0,20260507,,evaluated,,passed,,0.7292103756241266,0.6694311935190896,0.7860071432339505,0.7701772066851433,0.7247131873026073,0.8137671876363101,0.7300659895257043,0.27040816326530615,0.522633744855967,439,243,196,326,3553,425,425,3978,425,4,0
gemma-3-12b-it,gemma-3-12b-it,repope,Sphere-Traj-LSTM,proxy_anchor,Diag-Classifier,test,test,pooled,1.0,20260508,,evaluated,,passed,,0.7219378171906566,0.6511810244122408,0.7841000322235071,0.9447569444444445,0.9250742430796506,0.960833680371029,0.6921770042539178,0.32941176470588235,0.38333333333333336,1610,1440,170,1443,3553,425,425,3978,425,30,0
gemma-3-12b-it,gemma-3-12b-it,repope,Sphere-Traj-LSTM,proxy_anchor,Diag-kNN-tuned,test,test,pooled,1.0,20260508,32,evaluated,,passed,,0.6036164986798083,0.5323277196316146,0.6687597734700969,0.9266135620915033,0.9092682644341511,0.9412117590473933,0.6054833061116148,0.2529411764705882,0.19791666666666666,1610,1440,170,1443,3553,425,425,3978,425,30,0
gemma-3-12b-it,gemma-3-12b-it,repope,Sphere-Traj-LSTM,proxy_anchor,Diag-vMF,test,test,pooled,1.0,20260508,,evaluated,,passed,,0.7413117670932449,0.6716168159770511,0.8028464855126802,0.9592442810457515,0.9449852388737375,0.9712791081109421,0.7428597208944019,0.3411764705882353,0.11875,1610,1440,170,1443,3553,425,425,3978,425,30,0
gemma-3-12b-it,gemma-3-12b-it,pope,Sphere-Traj-LSTM,proxy_anchor,Diag-Classifier,test,test,pooled,1.0,20260508,,evaluated,,passed,,0.672359388636139,0.6089544207553081,0.7356403476143354,0.9446895676606544,0.9306657161264071,0.9573865634272658,0.628420945715165,0.0,0.19796610169491524,1662,1475,187,1543,3553,425,425,3978,425,138,0
gemma-3-12b-it,gemma-3-12b-it,pope,Sphere-Traj-LSTM,proxy_anchor,Diag-kNN-tuned,test,test,pooled,1.0,20260508,32,evaluated,,passed,,0.45211489757990486,0.38458071221259155,0.5207989804134171,0.8936028278799965,0.8761969394346032,0.9098592354475704,0.45450270187799147,0.11764705882352941,0.2698305084745763,1662,1475,187,1543,3553,425,425,3978,425,138,0
gemma-3-12b-it,gemma-3-12b-it,pope,Sphere-Traj-LSTM,proxy_anchor,Diag-vMF,test,test,pooled,1.0,20260508,,evaluated,,passed,,0.6486172951321575,0.5766429400324977,0.7202060968584867,0.9333526692649325,0.9146022434188382,0.9494652998571443,0.6507413228191075,0.22994652406417113,0.3389830508474576,1662,1475,187,1543,3553,425,425,3978,425,138,0
gemma-3-12b-it,gemma-3-12b-it,dash-b,Sphere-Traj-LSTM,proxy_anchor,Diag-Classifier,test,test,pooled,1.0,20260508,,evaluated,,passed,,0.9092125136085919,0.8700697623261054,0.9428095774749421,0.9285924246241707,0.9036396627961991,0.9526156612342613,0.9095454065475352,0.3520408163265306,0.3004115226337449,439,243,196,326,3553,425,425,3978,425,4,0
gemma-3-12b-it,gemma-3-12b-it,dash-b,Sphere-Traj-LSTM,proxy_anchor,Diag-kNN-tuned,test,test,pooled,1.0,20260508,32,evaluated,,passed,,0.6510321632639238,0.578462883628525,0.7187613815253113,0.7254136222390191,0.677813897532409,0.7716513171344659,0.6525531874250605,0.0663265306122449,0.6954732510288066,439,243,196,326,3553,425,425,3978,425,4,0
gemma-3-12b-it,gemma-3-12b-it,dash-b,Sphere-Traj-LSTM,proxy_anchor,Diag-vMF,test,test,pooled,1.0,20260508,,evaluated,,passed,,0.5190093716511514,0.4583918680298211,0.5790970549452416,0.6969429747207525,0.6421488539531526,0.7492741224613393,0.5212095430722081,0.0,0.522633744855967,439,243,196,326,3553,425,425,3978,425,4,0
gemma-3-12b-it,gemma-3-12b-it,repope,Sphere-Traj-LSTM,proxy_anchor,Diag-Classifier,test,test,pooled,0.5,20260506,,evaluated,,passed,,0.7106296405421121,0.6457616507400316,0.7830063149472912,0.9277634803921568,0.9016364272531353,0.9529847941419118,0.6836277783932098,0.25882352941176473,0.5895833333333333,1610,1440,170,1443,3553,425,212,3765,212,30,0
gemma-3-12b-it,gemma-3-12b-it,repope,Sphere-Traj-LSTM,proxy_anchor,Diag-kNN-tuned,test,test,pooled,0.5,20260506,32,evaluated,,passed,,0.6831157864223585,0.6155093741102392,0.7511720767705696,0.9447957516339869,0.9304735654491466,0.9564351494922118,0.684839074274602,0.3058823529411765,0.17847222222222223,1610,1440,170,1443,3553,425,212,3765,212,30,0
gemma-3-12b-it,gemma-3-12b-it,repope,Sphere-Traj-LSTM,proxy_anchor,Diag-vMF,test,test,pooled,0.5,20260506,,evaluated,,passed,,0.736456434544031,0.671033649290995,0.803653167546494,0.9553390522875816,0.9363261769561383,0.971150005884342,0.7381104873522903,0.29411764705882354,0.12083333333333333,1610,1440,170,1443,3553,425,212,3765,212,30,0
gemma-3-12b-it,gemma-3-12b-it,pope,Sphere-Traj-LSTM,proxy_anchor,Diag-Classifier,test,test,pooled,0.5,20260506,,evaluated,,passed,,0.6323779692510102,0.5671896421965328,0.7027359940082649,0.9236526783286504,0.9035855147914729,0.9425167252040743,0.5931381729326098,0.0,0.43728813559322033,1662,1475,187,1543,3553,425,212,3765,212,138,0
gemma-3-12b-it,gemma-3-12b-it,pope,Sphere-Traj-LSTM,proxy_anchor,Diag-kNN-tuned,test,test,pooled,0.5,20260506,32,evaluated,,passed,,0.5152901100528904,0.4454308269084106,0.5913136979681171,0.9103562041149279,0.894940519921563,0.9243025954875439,0.5180002626012833,0.10160427807486631,0.2311864406779661,1662,1475,187,1543,3553,425,212,3765,212,138,0
gemma-3-12b-it,gemma-3-12b-it,pope,Sphere-Traj-LSTM,proxy_anchor,Diag-vMF,test,test,pooled,0.5,20260506,,evaluated,,passed,,0.6255300069475409,0.5536586312592633,0.704153670473896,0.9396211365902294,0.9237538191925947,0.9551929343761005,0.6281481530129878,0.10160427807486631,0.27322033898305087,1662,1475,187,1543,3553,425,212,3765,212,138,0
gemma-3-12b-it,gemma-3-12b-it,dash-b,Sphere-Traj-LSTM,proxy_anchor,Diag-Classifier,test,test,pooled,0.5,20260506,,evaluated,,passed,,0.8816422440303456,0.834816001451547,0.926647236129274,0.9100739061056521,0.8811832702816309,0.9372205472081321,0.8821247828883592,0.1326530612244898,0.3868312757201646,439,243,196,326,3553,425,212,3765,212,4,0
gemma-3-12b-it,gemma-3-12b-it,dash-b,Sphere-Traj-LSTM,proxy_anchor,Diag-kNN-tuned,test,test,pooled,0.5,20260506,32,evaluated,,passed,,0.7600148094611343,0.7023737780619855,0.8136708725845987,0.7791005291005291,0.7320633306779591,0.8214946389724739,0.7607636855590356,0.1836734693877551,0.7942386831275721,439,243,196,326,3553,425,212,3765,212,4,0
gemma-3-12b-it,gemma-3-12b-it,dash-b,Sphere-Traj-LSTM,proxy_anchor,Diag-vMF,test,test,pooled,0.5,20260506,,evaluated,,passed,,0.5575150475161729,0.49446001582676535,0.6240163866110905,0.7220122616948014,0.6730453693046069,0.768285412140385,0.5605028614976812,0.01020408163265306,0.5843621399176955,439,243,196,326,3553,425,212,3765,212,4,0
gemma-3-12b-it,gemma-3-12b-it,repope,Sphere-Traj-LSTM,proxy_anchor,Diag-Classifier,test,test,pooled,0.5,20260507,,evaluated,,passed,,0.7125900407058579,0.6413668235084558,0.7744814960178806,0.959562908496732,0.9491528956369158,0.9697210953397685,0.6666900415302452,0.0,0.09583333333333334,1610,1440,170,1443,3553,425,212,3765,212,30,0
gemma-3-12b-it,gemma-3-12b-it,repope,Sphere-Traj-LSTM,proxy_anchor,Diag-kNN-tuned,test,test,pooled,0.5,20260507,32,evaluated,,passed,,0.6549637264494538,0.5730442123722561,0.7267891484822498,0.9533210784313726,0.9419332546179177,0.9632281380359314,0.6571775369864702,0.2235294117647059,0.1125,1610,1440,170,1443,3553,425,212,3765,212,30,0
gemma-3-12b-it,gemma-3-12b-it,repope,Sphere-Traj-LSTM,proxy_anchor,Diag-vMF,test,test,pooled,0.5,20260507,,evaluated,,passed,,0.6791266445807348,0.5993297170499332,0.7468680113825072,0.9371609477124183,0.9141481985654336,0.959059683549523,0.6811945786554681,0.21764705882352942,0.125,1610,1440,170,1443,3553,425,212,3765,212,30,0
gemma-3-12b-it,gemma-3-12b-it,pope,Sphere-Traj-LSTM,proxy_anchor,Diag-Classifier,test,test,pooled,0.5,20260507,,evaluated,,passed,,0.6661844957227924,0.6052857192362568,0.7242603337436645,0.9485271458352216,0.9367291848020245,0.9596745465115976,0.6138356786972331,0.0,0.1369491525423729,1662,1475,187,1543,3553,425,212,3765,212,138,0
gemma-3-12b-it,gemma-3-12b-it,pope,Sphere-Traj-LSTM,proxy_anchor,Diag-kNN-tuned,test,test,pooled,0.5,20260507,32,evaluated,,passed,,0.5265741087376103,0.45672764474164657,0.595984263665167,0.9209861325115563,0.9064131918095671,0.9349556741885787,0.5289953753975668,0.12834224598930483,0.2305084745762712,1662,1475,187,1543,3553,425,212,3765,212,138,0
gemma-3-12b-it,gemma-3-12b-it,pope,Sphere-Traj-LSTM,proxy_anchor,Diag-vMF,test,test,pooled,0.5,20260507,,evaluated,,passed,,0.6168023282371806,0.5401780736934391,0.6844166186154584,0.9238212634822804,0.9002664527601436,0.9458514821866698,0.619100183579044,0.12834224598930483,0.3694915254237288,1662,1475,187,1543,3553,425,212,3765,212,138,0
gemma-3-12b-it,gemma-3-12b-it,dash-b,Sphere-Traj-LSTM,proxy_anchor,Diag-Classifier,test,test,pooled,0.5,20260507,,evaluated,,passed,,0.8977224524513424,0.8584992869964297,0.931126075463115,0.9194066515495087,0.8938155358929297,0.9420322275101686,0.8955561524063373,0.3673469387755102,0.3168724279835391,439,243,196,326,3553,425,212,3765,212,4,0
gemma-3-12b-it,gemma-3-12b-it,dash-b,Sphere-Traj-LSTM,proxy_anchor,Diag-kNN-tuned,test,test,pooled,0.5,20260507,32,evaluated,,passed,,0.7790436142757848,0.7236028173082497,0.8286564693151893,0.8002225581590661,0.7566216341643655,0.8375926941406716,0.7796891117732467,0.23469387755102042,0.6419753086419753,439,243,196,326,3553,425,212,3765,212,4,0
gemma-3-12b-it,gemma-3-12b-it,dash-b,Sphere-Traj-LSTM,proxy_anchor,Diag-vMF,test,test,pooled,0.5,20260507,,evaluated,,passed,,0.6061335581172319,0.5405251329298875,0.6764374656393075,0.6987696313093139,0.6488309471299215,0.7463492597464942,0.6076202769557904,0.09183673469387756,0.6584362139917695,439,243,196,326,3553,425,212,3765,212,4,0
gemma-3-12b-it,gemma-3-12b-it,repope,Sphere-Traj-LSTM,proxy_anchor,Diag-Classifier,test,test,pooled,0.5,20260508,,evaluated,,passed,,0.7114205999475538,0.6448105660428459,0.7736045647215647,0.9365584150326797,0.9134779255938861,0.9560029360955903,0.6793768502224005,0.3058823529411765,0.42291666666666666,1610,1440,170,1443,3553,425,212,3765,212,30,0
gemma-3-12b-it,gemma-3-12b-it,repope,Sphere-Traj-LSTM,proxy_anchor,Diag-kNN-tuned,test,test,pooled,0.5,20260508,32,evaluated,,passed,,0.7295476744500227,0.6701543698615305,0.7880153261600392,0.952937091503268,0.9395574744106963,0.9646439769389739,0.7307870092080516,0.3588235294117647,0.16666666666666666,1610,1440,170,1443,3553,425,212,3765,212,30,0
gemma-3-12b-it,gemma-3-12b-it,repope,Sphere-Traj-LSTM,proxy_anchor,Diag-vMF,test,test,pooled,0.5,20260508,,evaluated,,passed,,0.7481414622191944,0.688082935065205,0.8041764796286092,0.9600898692810458,0.945614116592117,0.9727165210195864,0.7494077528006593,0.3235294117647059,0.10347222222222222,1610,1440,170,1443,3553,425,212,3765,212,30,0
gemma-3-12b-it,gemma-3-12b-it,pope,Sphere-Traj-LSTM,proxy_anchor,Diag-Classifier,test,test,pooled,0.5,20260508,,evaluated,,passed,,0.6506715577028838,0.581553430798713,0.7135624818200326,0.9234840931750204,0.904246713237125,0.9428017218716368,0.6064055040646736,0.0,0.4189830508474576,1662,1475,187,1543,3553,425,212,3765,212,138,0
gemma-3-12b-it,gemma-3-12b-it,pope,Sphere-Traj-LSTM,proxy_anchor,Diag-kNN-tuned,test,test,pooled,0.5,20260508,32,evaluated,,passed,,0.5515100617411641,0.4807571952926914,0.6190184529731535,0.917139490619052,0.9019223486119672,0.9318023726349839,0.5536623170349473,0.17647058823529413,0.27796610169491526,1662,1475,187,1543,3553,425,212,3765,212,138,0
gemma-3-12b-it,gemma-3-12b-it,pope,Sphere-Traj-LSTM,proxy_anchor,Diag-vMF,test,test,pooled,0.5,20260508,,evaluated,,passed,,0.6484926606684306,0.5777412402947278,0.7173964503017918,0.9432248708420194,0.9280590639070926,0.956570352101703,0.6505447269700203,0.17647058823529413,0.19796610169491524,1662,1475,187,1543,3553,425,212,3765,212,138,0
gemma-3-12b-it,gemma-3-12b-it,dash-b,Sphere-Traj-LSTM,proxy_anchor,Diag-Classifier,test,test,pooled,0.5,20260508,,evaluated,,passed,,0.9013590369767195,0.8629598503735244,0.9359266301586705,0.9216637272192829,0.8968699232158067,0.9458745009975648,0.8992113123586014,0.33163265306122447,0.31275720164609055,439,243,196,326,3553,425,212,3765,212,4,0
gemma-3-12b-it,gemma-3-12b-it,dash-b,Sphere-Traj-LSTM,proxy_anchor,Diag-kNN-tuned,test,test,pooled,0.5,20260508,32,evaluated,,passed,,0.7456715612948636,0.6861534081382261,0.7982188696246131,0.7627026119089612,0.7166240432821762,0.8055976489202129,0.7464423555640869,0.19387755102040816,0.6872427983539094,439,243,196,326,3553,425,212,3765,212,4,0
gemma-3-12b-it,gemma-3-12b-it,dash-b,Sphere-Traj-LSTM,proxy_anchor,Diag-vMF,test,test,pooled,0.5,20260508,,evaluated,,passed,,0.5363527616677839,0.4707041783186068,0.6062570541436391,0.7008902326362644,0.6462945753523419,0.7524118977773793,0.5393649941793158,0.00510204081632653,0.5720164609053497,439,243,196,326,3553,425,212,3765,212,4,0
gemma-3-12b-it,gemma-3-12b-it,repope,Sphere-Traj-LSTM,proxy_anchor,Diag-Classifier,test,test,pooled,0.25,20260506,,evaluated,,passed,,0.6470256745235015,0.5672951103325224,0.7230005651786586,0.8731903594771241,0.8325854464707496,0.9066817121937676,0.6134356652852297,0.0,0.6409722222222223,1610,1440,170,1443,3553,425,106,3659,106,30,0
gemma-3-12b-it,gemma-3-12b-it,repope,Sphere-Traj-LSTM,proxy_anchor,Diag-kNN-tuned,test,test,pooled,0.25,20260506,32,evaluated,,passed,,0.7089831834418535,0.63659605202041,0.7739558348051156,0.9504207516339869,0.9377852366784297,0.961772324539572,0.7103642439218547,0.28823529411764703,0.18680555555555556,1610,1440,170,1443,3553,425,106,3659,106,30,0
gemma-3-12b-it,gemma-3-12b-it,repope,Sphere-Traj-LSTM,proxy_anchor,Diag-vMF,test,test,pooled,0.25,20260506,,evaluated,,passed,,0.719678471580826,0.6487265458331555,0.7852538492162712,0.9517769607843136,0.9352786627682417,0.9648513175842757,0.7210981336603589,0.2411764705882353,0.16180555555555556,1610,1440,170,1443,3553,425,106,3659,106,30,0
gemma-3-12b-it,gemma-3-12b-it,pope,Sphere-Traj-LSTM,proxy_anchor,Diag-Classifier,test,test,pooled,0.25,20260506,,evaluated,,passed,,0.5828232555376007,0.5151929733819163,0.6567950130195288,0.8533091634188346,0.8184065459759438,0.8886866478940189,0.5407707878123519,0.0,0.6338983050847458,1662,1475,187,1543,3553,425,106,3659,106,138,0
gemma-3-12b-it,gemma-3-12b-it,pope,Sphere-Traj-LSTM,proxy_anchor,Diag-kNN-tuned,test,test,pooled,0.25,20260506,32,evaluated,,passed,,0.599214845931785,0.5313491613324715,0.6778183522680368,0.9298794525514367,0.9155810350867021,0.9427498786307842,0.6014904904018106,0.1925133689839572,0.21694915254237288,1662,1475,187,1543,3553,425,106,3659,106,138,0
gemma-3-12b-it,gemma-3-12b-it,pope,Sphere-Traj-LSTM,proxy_anchor,Diag-vMF,test,test,pooled,0.25,20260506,,evaluated,,passed,,0.6176815505162604,0.5486878372450041,0.6956928103863395,0.9196700806670898,0.8979629560269708,0.941850878489849,0.6198909400927255,0.1925133689839572,0.19254237288135592,1662,1475,187,1543,3553,425,106,3659,106,138,0
gemma-3-12b-it,gemma-3-12b-it,dash-b,Sphere-Traj-LSTM,proxy_anchor,Diag-Classifier,test,test,pooled,0.25,20260506,,evaluated,,passed,,0.6338421558221348,0.5685807143473839,0.6959356520783746,0.673700344335265,0.6229818620781467,0.7198593209557241,0.6349944006986887,0.1377551020408163,0.8271604938271605,439,243,196,326,3553,425,106,3659,106,4,0
gemma-3-12b-it,gemma-3-12b-it,dash-b,Sphere-Traj-LSTM,proxy_anchor,Diag-kNN-tuned,test,test,pooled,0.25,20260506,32,evaluated,,passed,,0.715608603523392,0.6544091517786688,0.777040465546565,0.7327832367514907,0.6868492337395953,0.778425120030586,0.7164709188578353,0.18877551020408162,0.7448559670781894,439,243,196,326,3553,425,106,3659,106,4,0
gemma-3-12b-it,gemma-3-12b-it,dash-b,Sphere-Traj-LSTM,proxy_anchor,Diag-vMF,test,test,pooled,0.25,20260506,,evaluated,,passed,,0.6166312653178788,0.5513502147165761,0.6789066539884558,0.6707084068195179,0.6182894766420584,0.7175097673328135,0.6178386977486342,0.14795918367346939,0.7078189300411523,439,243,196,326,3553,425,106,3659,106,4,0
gemma-3-12b-it,gemma-3-12b-it,repope,Sphere-Traj-LSTM,proxy_anchor,Diag-Classifier,test,test,pooled,0.25,20260507,,evaluated,,passed,,0.6482418343060927,0.5788423652458827,0.7128049653462731,0.8742218137254902,0.8361989230155292,0.9080254068069615,0.6029023482883455,0.0,0.7729166666666667,1610,1440,170,1443,3553,425,106,3659,106,30,0
gemma-3-12b-it,gemma-3-12b-it,repope,Sphere-Traj-LSTM,proxy_anchor,Diag-kNN-tuned,test,test,pooled,0.25,20260507,8,evaluated,,passed,,0.6644817900473171,0.5970546961068395,0.7257923400556795,0.9465686274509805,0.9340772051098319,0.9576509618508324,0.6660251107485382,0.21764705882352942,0.18472222222222223,1610,1440,170,1443,3553,425,106,3659,106,30,0
gemma-3-12b-it,gemma-3-12b-it,repope,Sphere-Traj-LSTM,proxy_anchor,Diag-vMF,test,test,pooled,0.25,20260507,,evaluated,,passed,,0.6795825657915813,0.6042836147778268,0.7426476541365375,0.9148692810457517,0.8867616348190289,0.9415764272647692,0.6809645541056837,0.25882352941176473,0.6645833333333333,1610,1440,170,1443,3553,425,106,3659,106,30,0
gemma-3-12b-it,gemma-3-12b-it,pope,Sphere-Traj-LSTM,proxy_anchor,Diag-Classifier,test,test,pooled,0.25,20260507,,evaluated,,passed,,0.6195269393952629,0.5507093713432093,0.6815536631979346,0.8734995014955136,0.8397663907038907,0.9066239226526479,0.564792761145638,0.0,0.711864406779661,1662,1475,187,1543,3553,425,106,3659,106,138,0
gemma-3-12b-it,gemma-3-12b-it,pope,Sphere-Traj-LSTM,proxy_anchor,Diag-kNN-tuned,test,test,pooled,0.25,20260507,8,evaluated,,passed,,0.5400894284685216,0.45906671631911544,0.6099009511478451,0.9114075953956313,0.8940881855530466,0.9259895557877684,0.5430703343729503,0.15508021390374332,0.27932203389830507,1662,1475,187,1543,3553,425,106,3659,106,138,0
gemma-3-12b-it,gemma-3-12b-it,pope,Sphere-Traj-LSTM,proxy_anchor,Diag-vMF,test,test,pooled,0.25,20260507,,evaluated,,passed,,0.5891689065558304,0.5127940044462124,0.6623278463168497,0.8969672799782471,0.8681812662738224,0.9259337591875028,0.5921003101147126,0.15508021390374332,0.6976271186440678,1662,1475,187,1543,3553,425,106,3659,106,138,0
gemma-3-12b-it,gemma-3-12b-it,dash-b,Sphere-Traj-LSTM,proxy_anchor,Diag-Classifier,test,test,pooled,0.25,20260507,,evaluated,,passed,,0.6099291325567855,0.5388161592017423,0.6732822824499787,0.6377551020408163,0.5788066662555965,0.6905525022178471,0.6113871032436062,0.0663265306122449,0.9259259259259259,439,243,196,326,3553,425,106,3659,106,4,0
gemma-3-12b-it,gemma-3-12b-it,dash-b,Sphere-Traj-LSTM,proxy_anchor,Diag-kNN-tuned,test,test,pooled,0.25,20260507,8,evaluated,,passed,,0.7067422933517273,0.6354593495183233,0.772945790402254,0.7659150079785001,0.7208959466322332,0.8097731195531113,0.7080405475041431,0.0663265306122449,0.7613168724279835,439,243,196,326,3553,425,106,3659,106,4,0
gemma-3-12b-it,gemma-3-12b-it,dash-b,Sphere-Traj-LSTM,proxy_anchor,Diag-vMF,test,test,pooled,0.25,20260507,,evaluated,,passed,,0.5246219990619048,0.4595373191599871,0.5864683748690945,0.5912488452170992,0.5330455865992179,0.644643372521663,0.5263283603064919,0.07142857142857142,0.9176954732510288,439,243,196,326,3553,425,106,3659,106,4,0
gemma-3-12b-it,gemma-3-12b-it,repope,Sphere-Traj-LSTM,proxy_anchor,Diag-Classifier,test,test,pooled,0.25,20260508,,evaluated,,passed,,0.6799777061886767,0.6091764532222103,0.7442178533851532,0.9252736928104575,0.9017142233106834,0.9491479976051819,0.6661258838513693,0.2647058823529412,0.3506944444444444,1610,1440,170,1443,3553,425,106,3659,106,30,0
gemma-3-12b-it,gemma-3-12b-it,repope,Sphere-Traj-LSTM,proxy_anchor,Diag-kNN-tuned,test,test,pooled,0.25,20260508,32,evaluated,,passed,,0.6754425785253032,0.6022030034184666,0.7411256685317648,0.9443995098039215,0.9299133142910562,0.9572949785986669,0.6771489767058884,0.3235294117647059,0.2013888888888889,1610,1440,170,1443,3553,425,106,3659,106,30,0
gemma-3-12b-it,gemma-3-12b-it,repope,Sphere-Traj-LSTM,proxy_anchor,Diag-vMF,test,test,pooled,0.25,20260508,,evaluated,,passed,,0.7231255353461752,0.650344483466092,0.7838549804891994,0.9539419934640523,0.9346646278714615,0.9707955223194294,0.7247660839538171,0.3235294117647059,0.08680555555555555,1610,1440,170,1443,3553,425,106,3659,106,30,0
gemma-3-12b-it,gemma-3-12b-it,pope,Sphere-Traj-LSTM,proxy_anchor,Diag-Classifier,test,test,pooled,0.25,20260508,,evaluated,,passed,,0.6020412507243585,0.537236041292852,0.6742822535298582,0.9243650865585062,0.9064232917436477,0.9417353080505941,0.5680750567279192,0.0,0.43254237288135594,1662,1475,187,1543,3553,425,106,3659,106,138,0
gemma-3-12b-it,gemma-3-12b-it,pope,Sphere-Traj-LSTM,proxy_anchor,Diag-kNN-tuned,test,test,pooled,0.25,20260508,32,evaluated,,passed,,0.4961131137616334,0.4220007240602365,0.5707527692078331,0.9024925224327018,0.8857632087258657,0.9184040782285938,0.49894851772222903,0.1497326203208556,0.25152542372881354,1662,1475,187,1543,3553,425,106,3659,106,138,0
gemma-3-12b-it,gemma-3-12b-it,pope,Sphere-Traj-LSTM,proxy_anchor,Diag-vMF,test,test,pooled,0.25,20260508,,evaluated,,passed,,0.5961150821577024,0.5262418009365447,0.6725406864008534,0.9307423184990483,0.9130882295242269,0.9473763792487759,0.5988716158353495,0.13903743315508021,0.3511864406779661,1662,1475,187,1543,3553,425,106,3659,106,138,0
gemma-3-12b-it,gemma-3-12b-it,dash-b,Sphere-Traj-LSTM,proxy_anchor,Diag-Classifier,test,test,pooled,0.25,20260508,,evaluated,,passed,,0.8254689401224422,0.7678090723148898,0.8775179410788052,0.8774985302763081,0.8459801657677632,0.908418582783337,0.8197396153453211,0.0,0.5061728395061729,439,243,196,326,3553,425,106,3659,106,4,0
gemma-3-12b-it,gemma-3-12b-it,dash-b,Sphere-Traj-LSTM,proxy_anchor,Diag-kNN-tuned,test,test,pooled,0.25,20260508,32,evaluated,,passed,,0.6224534520962861,0.5528718443898998,0.6880441451998832,0.691106072058453,0.6430124200489653,0.7390748906544723,0.6240331163570038,0.07653061224489796,0.6995884773662552,439,243,196,326,3553,425,106,3659,106,4,0
gemma-3-12b-it,gemma-3-12b-it,dash-b,Sphere-Traj-LSTM,proxy_anchor,Diag-vMF,test,test,pooled,0.25,20260508,,evaluated,,passed,,0.4940089074560217,0.43516855195412435,0.554339210943271,0.6555387587133618,0.5988174740081902,0.7124023379694064,0.49632632594838827,0.0,0.7366255144032922,439,243,196,326,3553,425,106,3659,106,4,0
gemma-3-12b-it,gemma-3-12b-it,repope,Sphere-Traj-LSTM,proxy_anchor,Diag-Classifier,test,test,pooled,0.1,20260506,,evaluated,,passed,,0.5136561672131797,0.4334264050642631,0.5956855554508927,0.7958210784313725,0.750086863492548,0.8388576269224169,0.501196961728853,0.22941176470588234,0.9736111111111111,1610,1440,170,1443,3553,425,42,3595,42,30,0
gemma-3-12b-it,gemma-3-12b-it,repope,Sphere-Traj-LSTM,proxy_anchor,Diag-kNN-tuned,test,test,pooled,0.1,20260506,32,evaluated,,passed,,0.6105082613792672,0.5355368826808503,0.687216982793354,0.9315482026143791,0.9175832281078254,0.944796652997134,0.6129044074104556,0.27058823529411763,0.22152777777777777,1610,1440,170,1443,3553,425,42,3595,42,30,0
gemma-3-12b-it,gemma-3-12b-it,repope,Sphere-Traj-LSTM,proxy_anchor,Diag-vMF,test,test,pooled,0.1,20260506,,evaluated,,passed,,0.6295725962345339,0.552065133709294,0.702082566527801,0.9218872549019608,0.8967641181772358,0.9467641448812797,0.6319680332610785,0.23529411764705882,0.4527777777777778,1610,1440,170,1443,3553,425,42,3595,42,30,0
gemma-3-12b-it,gemma-3-12b-it,pope,Sphere-Traj-LSTM,proxy_anchor,Diag-Classifier,test,test,pooled,0.1,20260506,,evaluated,,passed,,0.48179938355635676,0.4043887425195936,0.5583855960170597,0.8128052207015317,0.769856100786251,0.8475789246276999,0.46305434354116054,0.11764705882352941,0.6298305084745762,1662,1475,187,1543,3553,425,42,3595,42,138,0
gemma-3-12b-it,gemma-3-12b-it,pope,Sphere-Traj-LSTM,proxy_anchor,Diag-kNN-tuned,test,test,pooled,0.1,20260506,32,evaluated,,passed,,0.5461219018336865,0.47338604704617426,0.6179877429332785,0.9118499048309616,0.8947636887621484,0.9272884970024667,0.5484586257021764,0.13368983957219252,0.26169491525423727,1662,1475,187,1543,3553,425,42,3595,42,138,0
gemma-3-12b-it,gemma-3-12b-it,pope,Sphere-Traj-LSTM,proxy_anchor,Diag-vMF,test,test,pooled,0.1,20260506,,evaluated,,passed,,0.5752814002552848,0.49837073092926387,0.6508747215521635,0.9166065440043506,0.8962080379619317,0.9351569384841151,0.5776456600979555,0.13368983957219252,0.3871186440677966,1662,1475,187,1543,3553,425,42,3595,42,138,0
gemma-3-12b-it,gemma-3-12b-it,dash-b,Sphere-Traj-LSTM,proxy_anchor,Diag-Classifier,test,test,pooled,0.1,20260506,,evaluated,,passed,,0.8048070219612081,0.7411802412856093,0.8594786476355308,0.8269505332997397,0.7850496355654994,0.8668331478619025,0.8058158799494561,0.10714285714285714,0.7366255144032922,439,243,196,326,3553,425,42,3595,42,4,0
gemma-3-12b-it,gemma-3-12b-it,dash-b,Sphere-Traj-LSTM,proxy_anchor,Diag-kNN-tuned,test,test,pooled,0.1,20260506,32,evaluated,,passed,,0.7815260806170528,0.7161249807752136,0.8389037923279469,0.7952254976064501,0.7500304111195686,0.8375389856557148,0.7825096954783586,0.09183673469387756,0.7119341563786008,439,243,196,326,3553,425,42,3595,42,4,0
gemma-3-12b-it,gemma-3-12b-it,dash-b,Sphere-Traj-LSTM,proxy_anchor,Diag-vMF,test,test,pooled,0.1,20260506,,evaluated,,passed,,0.704764210822566,0.6350547272933116,0.7690756677767494,0.7624926513815402,0.7170404723728291,0.8056153353714703,0.706113378342947,0.09183673469387756,0.6995884773662552,439,243,196,326,3553,425,42,3595,42,4,0
gemma-3-12b-it,gemma-3-12b-it,repope,Sphere-Traj-LSTM,proxy_anchor,Diag-Classifier,test,test,pooled,0.1,20260507,,evaluated,,passed,,0.6626954061065607,0.5886133543460863,0.72638745609872,0.9462908496732025,0.9340487983965338,0.9585060272788397,0.6645577606334995,0.27058823529411763,0.15902777777777777,1610,1440,170,1443,3553,425,42,3595,42,30,0
gemma-3-12b-it,gemma-3-12b-it,repope,Sphere-Traj-LSTM,proxy_anchor,Diag-kNN-tuned,test,test,pooled,0.1,20260507,8,evaluated,,passed,,0.6744066944052325,0.5963377328419944,0.745773941730909,0.9499468954248367,0.9383322713894994,0.9607373527080866,0.676519293535999,0.31176470588235294,0.19305555555555556,1610,1440,170,1443,3553,425,42,3595,42,30,0
gemma-3-12b-it,gemma-3-12b-it,repope,Sphere-Traj-LSTM,proxy_anchor,Diag-vMF,test,test,pooled,0.1,20260507,,evaluated,,passed,,0.700648581892762,0.6272034712221964,0.7636995972572826,0.9483537581699346,0.9333196152032018,0.9619895007225095,0.7021930099971081,0.31176470588235294,0.22291666666666668,1610,1440,170,1443,3553,425,42,3595,42,30,0
gemma-3-12b-it,gemma-3-12b-it,pope,Sphere-Traj-LSTM,proxy_anchor,Diag-Classifier,test,test,pooled,0.1,20260507,,evaluated,,passed,,0.6282997249575397,0.5565236191365787,0.7008697926175863,0.9311701259856793,0.9143733571466321,0.9462105613140707,0.630032574661734,0.26737967914438504,0.2440677966101695,1662,1475,187,1543,3553,425,42,3595,42,138,0
gemma-3-12b-it,gemma-3-12b-it,pope,Sphere-Traj-LSTM,proxy_anchor,Diag-kNN-tuned,test,test,pooled,0.1,20260507,8,evaluated,,passed,,0.5823002844088773,0.5023740988487834,0.6492409884262148,0.9225849723556603,0.9058622040198935,0.9369133977844483,0.5842507555052007,0.19786096256684493,0.2664406779661017,1662,1475,187,1543,3553,425,42,3595,42,138,0
gemma-3-12b-it,gemma-3-12b-it,pope,Sphere-Traj-LSTM,proxy_anchor,Diag-vMF,test,test,pooled,0.1,20260507,,evaluated,,passed,,0.6439308525061148,0.5758463805581373,0.7045740651169604,0.9190029910269192,0.897375496263559,0.939866520058019,0.645242194810304,0.26737967914438504,0.4738983050847458,1662,1475,187,1543,3553,425,42,3595,42,138,0
gemma-3-12b-it,gemma-3-12b-it,dash-b,Sphere-Traj-LSTM,proxy_anchor,Diag-Classifier,test,test,pooled,0.1,20260507,,evaluated,,passed,,0.8402575880771541,0.7950116440381736,0.8841277264555706,0.8559460821365583,0.8215818621240318,0.8878484310577994,0.8407746280779277,0.3010204081632653,0.6049382716049383,439,243,196,326,3553,425,42,3595,42,4,0
gemma-3-12b-it,gemma-3-12b-it,dash-b,Sphere-Traj-LSTM,proxy_anchor,Diag-kNN-tuned,test,test,pooled,0.1,20260507,8,evaluated,,passed,,0.737854348183339,0.6720803056570309,0.7967296113017113,0.7783866633072983,0.7344329947535059,0.8181424683141084,0.7388204760685386,0.12244897959183673,0.6666666666666666,439,243,196,326,3553,425,42,3595,42,4,0
gemma-3-12b-it,gemma-3-12b-it,dash-b,Sphere-Traj-LSTM,proxy_anchor,Diag-vMF,test,test,pooled,0.1,20260507,,evaluated,,passed,,0.4862159993149773,0.42985770510552535,0.543484467153239,0.6372721928277484,0.5836511996575716,0.6882514486732512,0.48836939504968596,0.0,0.7860082304526749,439,243,196,326,3553,425,42,3595,42,4,0
gemma-3-12b-it,gemma-3-12b-it,repope,Sphere-Traj-LSTM,proxy_anchor,Diag-Classifier,test,test,pooled,0.1,20260508,,evaluated,,passed,,0.5718437806111029,0.49456079651817825,0.6486125506049272,0.8905923202614381,0.8622432552370419,0.9159800078291691,0.5658813350522858,0.13529411764705881,0.47847222222222224,1610,1440,170,1443,3553,425,42,3595,42,30,0
gemma-3-12b-it,gemma-3-12b-it,repope,Sphere-Traj-LSTM,proxy_anchor,Diag-kNN-tuned,test,test,pooled,0.1,20260508,32,evaluated,,passed,,0.5958652673671908,0.522408245297817,0.663995099352454,0.9225571895424838,0.9056843140479467,0.9380894884226483,0.5978330011484344,0.14705882352941177,0.2513888888888889,1610,1440,170,1443,3553,425,42,3595,42,30,0
gemma-3-12b-it,gemma-3-12b-it,repope,Sphere-Traj-LSTM,proxy_anchor,Diag-vMF,test,test,pooled,0.1,20260508,,evaluated,,passed,,0.6376879142834347,0.564170986252569,0.7036585340076915,0.9282843137254901,0.9062834909655884,0.94835346305983,0.6396290627100433,0.14705882352941177,0.37430555555555556,1610,1440,170,1443,3553,425,42,3595,42,30,0
gemma-3-12b-it,gemma-3-12b-it,pope,Sphere-Traj-LSTM,proxy_anchor,Diag-Classifier,test,test,pooled,0.1,20260508,,evaluated,,passed,,0.5837023534806064,0.512466225442339,0.650814550889814,0.9042708238919603,0.8814460043043495,0.9244193816027548,0.5780652248516202,0.12834224598930483,0.4,1662,1475,187,1543,3553,425,42,3595,42,138,0
gemma-3-12b-it,gemma-3-12b-it,pope,Sphere-Traj-LSTM,proxy_anchor,Diag-kNN-tuned,test,test,pooled,0.1,20260508,32,evaluated,,passed,,0.5589065982506116,0.486979561043405,0.6257623245774356,0.8967388742862322,0.8777158796294637,0.9154285054289748,0.5606448462997088,0.13903743315508021,0.36474576271186443,1662,1475,187,1543,3553,425,42,3595,42,138,0
gemma-3-12b-it,gemma-3-12b-it,pope,Sphere-Traj-LSTM,proxy_anchor,Diag-vMF,test,test,pooled,0.1,20260508,,evaluated,,passed,,0.6188508476553073,0.5497385586342733,0.6842763425194602,0.9174476570289133,0.8966808393138407,0.9358438517282098,0.6205860445717117,0.13903743315508021,0.48338983050847456,1662,1475,187,1543,3553,425,42,3595,42,138,0
gemma-3-12b-it,gemma-3-12b-it,dash-b,Sphere-Traj-LSTM,proxy_anchor,Diag-Classifier,test,test,pooled,0.1,20260508,,evaluated,,passed,,0.7325215421240518,0.6727840983558027,0.7883986075877822,0.7563198118753676,0.708625548402653,0.8001746855367443,0.7333732003018991,0.1836734693877551,0.8724279835390947,439,243,196,326,3553,425,42,3595,42,4,0
gemma-3-12b-it,gemma-3-12b-it,dash-b,Sphere-Traj-LSTM,proxy_anchor,Diag-kNN-tuned,test,test,pooled,0.1,20260508,32,evaluated,,passed,,0.6982838753652588,0.6334612998734889,0.753005745509697,0.7211934156378601,0.6718763014917201,0.7685625211985964,0.6991191462603397,0.23979591836734693,0.8024691358024691,439,243,196,326,3553,425,42,3595,42,4,0
gemma-3-12b-it,gemma-3-12b-it,dash-b,Sphere-Traj-LSTM,proxy_anchor,Diag-vMF,test,test,pooled,0.1,20260508,,evaluated,,passed,,0.5827255941084248,0.5115316109120591,0.6508367567624113,0.6969639707734946,0.6463270702637303,0.7460554136700059,0.584722527385613,0.04081632653061224,0.757201646090535,439,243,196,326,3553,425,42,3595,42,4,0
gemma-4-12b-it,gemma-4-12b-it,repope,Sphere-Traj-LSTM,proxy_anchor,Diag-Classifier,test,test,pooled,1.0,20260506,,evaluated,,passed,,0.22512730970061817,0.1277197205034047,0.3612561985043186,0.9526122625215889,0.9267957071892766,0.973196121026075,0.2585863925559888,0.16666666666666666,0.16753022452504318,1182,1158,24,1138,2926,64,64,2990,64,44,414
gemma-4-12b-it,gemma-4-12b-it,repope,Sphere-Traj-LSTM,proxy_anchor,Diag-kNN-tuned,test,test,pooled,1.0,20260506,4,evaluated,,passed,,0.20133586440365506,0.09628403038950285,0.3325860424402694,0.928972366148532,0.8866432197269224,0.9606501106651161,0.2151987065666534,0.041666666666666664,0.2754749568221071,1182,1158,24,1138,2926,64,64,2990,64,44,414
gemma-4-12b-it,gemma-4-12b-it,repope,Sphere-Traj-LSTM,proxy_anchor,Diag-vMF,test,test,pooled,1.0,20260506,,evaluated,,passed,,0.20029172453041152,0.11348257642279472,0.31759340139336145,0.9359887737478411,0.8901976771075907,0.9690470572870032,0.2382916092928363,0.16666666666666666,0.22107081174438686,1182,1158,24,1138,2926,64,64,2990,64,44,414
gemma-4-12b-it,gemma-4-12b-it,pope,Sphere-Traj-LSTM,proxy_anchor,Diag-Classifier,test,test,pooled,1.0,20260506,,evaluated,,passed,,0.25115709747788706,0.1364345584652342,0.4036086311483431,0.9126830991656928,0.8718231704417423,0.9485474638768898,0.2456326140416297,0.22580645161290322,0.36647009267059816,1218,1187,31,1180,2926,64,64,2990,64,117,465
gemma-4-12b-it,gemma-4-12b-it,pope,Sphere-Traj-LSTM,proxy_anchor,Diag-kNN-tuned,test,test,pooled,1.0,20260506,4,evaluated,,passed,,0.16122212601806615,0.08424930558638835,0.27569461535925716,0.8672989645895046,0.8147911664036906,0.9161368346256071,0.17840677702558816,0.12903225806451613,0.41786015164279694,1218,1187,31,1180,2926,64,64,2990,64,117,465
gemma-4-12b-it,gemma-4-12b-it,pope,Sphere-Traj-LSTM,proxy_anchor,Diag-vMF,test,test,pooled,1.0,20260506,,evaluated,,passed,,0.2037614389467514,0.11005407793562344,0.33295216092885294,0.8293882653477185,0.7140406357372968,0.9205856067259118,0.23082504943175722,0.1935483870967742,0.9208087615838247,1218,1187,31,1180,2926,64,64,2990,64,117,465
gemma-4-12b-it,gemma-4-12b-it,dash-b,Sphere-Traj-LSTM,proxy_anchor,Diag-Classifier,test,test,pooled,1.0,20260506,,evaluated,,passed,,0.24075698162277756,0.1886878472033626,0.299524642887063,0.5567640229744593,0.49636935043575287,0.6174689536406268,0.24467583869377396,0.0,0.8712574850299402,432,334,98,397,2926,64,64,2990,64,11,0
gemma-4-12b-it,gemma-4-12b-it,dash-b,Sphere-Traj-LSTM,proxy_anchor,Diag-kNN-tuned,test,test,pooled,1.0,20260506,4,evaluated,,passed,,0.2714740049462056,0.2171810607339329,0.3310016471224201,0.6281925944030307,0.5702013004737372,0.6825340263678357,0.27566057820269074,0.0,0.7455089820359282,432,334,98,397,2926,64,64,2990,64,11,0
gemma-4-12b-it,gemma-4-12b-it,dash-b,Sphere-Traj-LSTM,proxy_anchor,Diag-vMF,test,test,pooled,1.0,20260506,,evaluated,,passed,,0.23476208884815464,0.18677950840333446,0.2969794586191363,0.528687522913357,0.46490006956223423,0.5877790278872642,0.23973060355884976,0.0,0.9431137724550899,432,334,98,397,2926,64,64,2990,64,11,0
gemma-4-12b-it,gemma-4-12b-it,repope,Sphere-Traj-LSTM,proxy_anchor,Diag-Classifier,test,test,pooled,1.0,20260507,,evaluated,,passed,,0.28649612104242905,0.1560073043780872,0.5230571688459446,0.897632412204951,0.8038092296676825,0.9735263066785995,0.3498124842089292,0.3333333333333333,0.6640759930915371,1182,1158,24,1138,2926,64,64,2990,64,44,414
gemma-4-12b-it,gemma-4-12b-it,repope,Sphere-Traj-LSTM,proxy_anchor,Diag-kNN-tuned,test,test,pooled,1.0,20260507,4,evaluated,,passed,,0.24487611619552266,0.14742989439036336,0.37910123953545805,0.96164363845711,0.9444710031347963,0.9761196230433582,0.28714757438872707,0.16666666666666666,0.10621761658031088,1182,1158,24,1138,2926,64,64,2990,64,44,414
gemma-4-12b-it,gemma-4-12b-it,repope,Sphere-Traj-LSTM,proxy_anchor,Diag-vMF,test,test,pooled,1.0,20260507,,evaluated,,passed,,0.21841113453417485,0.13458608641839698,0.3555542825238877,0.9603483016695452,0.9422798042499598,0.9759725539562341,0.2472825614380107,0.041666666666666664,0.13471502590673576,1182,1158,24,1138,2926,64,64,2990,64,44,414
gemma-4-12b-it,gemma-4-12b-it,pope,Sphere-Traj-LSTM,proxy_anchor,Diag-Classifier,test,test,pooled,1.0,20260507,,evaluated,,passed,,0.21301370245354867,0.0996450652101773,0.35021328752137976,0.818762399108623,0.7323979925563969,0.9068895864272645,0.20499263489697167,0.12903225806451613,0.7287278854254423,1218,1187,31,1180,2926,64,64,2990,64,117,465
gemma-4-12b-it,gemma-4-12b-it,pope,Sphere-Traj-LSTM,proxy_anchor,Diag-kNN-tuned,test,test,pooled,1.0,20260507,4,evaluated,,passed,,0.23570723220661294,0.10683089818341647,0.36477502771536585,0.9087425605348262,0.8772734737619394,0.9387297432453792,0.24368387118030066,0.0967741935483871,0.2384161752316765,1218,1187,31,1180,2926,64,64,2990,64,117,465
gemma-4-12b-it,gemma-4-12b-it,pope,Sphere-Traj-LSTM,proxy_anchor,Diag-vMF,test,test,pooled,1.0,20260507,,evaluated,,passed,,0.20946376450704063,0.11713678337598017,0.34970648315193587,0.8664565046063538,0.7890234620784341,0.9343186366381397,0.23294218345820436,0.12903225806451613,0.7101937657961247,1218,1187,31,1180,2926,64,64,2990,64,117,465
gemma-4-12b-it,gemma-4-12b-it,dash-b,Sphere-Traj-LSTM,proxy_anchor,Diag-Classifier,test,test,pooled,1.0,20260507,,evaluated,,passed,,0.21026680718428623,0.17512027185521697,0.25196394492910457,0.5223939875351338,0.4690586445005548,0.5768244118428479,0.21267052134696102,0.0,0.7604790419161677,432,334,98,397,2926,64,64,2990,64,11,0
gemma-4-12b-it,gemma-4-12b-it,dash-b,Sphere-Traj-LSTM,proxy_anchor,Diag-kNN-tuned,test,test,pooled,1.0,20260507,4,evaluated,,passed,,0.2730971138326763,0.21937627773465698,0.33452134980143156,0.6271233044115849,0.5670085385433454,0.6849279776752343,0.27697067140443304,0.0,0.8263473053892215,432,334,98,397,2926,64,64,2990,64,11,0
gemma-4-12b-it,gemma-4-12b-it,dash-b,Sphere-Traj-LSTM,proxy_anchor,Diag-vMF,test,test,pooled,1.0,20260507,,evaluated,,passed,,0.23081137409668834,0.18383359238310096,0.2851871529048639,0.522439814249053,0.456250137602958,0.5908126551796511,0.23471139602364588,0.0,0.9520958083832335,432,334,98,397,2926,64,64,2990,64,11,0
gemma-4-12b-it,gemma-4-12b-it,repope,Sphere-Traj-LSTM,proxy_anchor,Diag-Classifier,test,test,pooled,1.0,20260508,,evaluated,,passed,,0.271907235207797,0.13888462138502616,0.46518440461241967,0.8732009211283822,0.7547509731945924,0.9651614960228104,0.3097935776546449,0.3333333333333333,0.7107081174438687,1182,1158,24,1138,2926,64,64,2990,64,44,414
gemma-4-12b-it,gemma-4-12b-it,repope,Sphere-Traj-LSTM,proxy_anchor,Diag-kNN-tuned,test,test,pooled,1.0,20260508,16,evaluated,,passed,,0.291121392702218,0.15904289127909693,0.509609149017692,0.9530440414507771,0.9160801669545193,0.9775396379998874,0.3353454371433465,0.3333333333333333,0.07512953367875648,1182,1158,24,1138,2926,64,64,2990,64,44,414
gemma-4-12b-it,gemma-4-12b-it,repope,Sphere-Traj-LSTM,proxy_anchor,Diag-vMF,test,test,pooled,1.0,20260508,,evaluated,,passed,,0.2775404831620925,0.14611564974604097,0.46796833252088404,0.9273891767415083,0.8565774845504283,0.9758011819555783,0.31559544250438826,0.3333333333333333,0.35233160621761656,1182,1158,24,1138,2926,64,64,2990,64,44,414
gemma-4-12b-it,gemma-4-12b-it,pope,Sphere-Traj-LSTM,proxy_anchor,Diag-Classifier,test,test,pooled,1.0,20260508,,evaluated,,passed,,0.24168314539099992,0.10781341044701273,0.3967705115167411,0.7770606299426583,0.6516288767408914,0.8900156394241515,0.2291178270665375,0.22580645161290322,0.9797809604043808,1218,1187,31,1180,2926,64,64,2990,64,117,465
gemma-4-12b-it,gemma-4-12b-it,pope,Sphere-Traj-LSTM,proxy_anchor,Diag-kNN-tuned,test,test,pooled,1.0,20260508,16,evaluated,,passed,,0.22129833148819553,0.11398666742630169,0.3833050627626744,0.9115145256406771,0.8748640959662545,0.9435275569954217,0.24918520094805757,0.22580645161290322,0.3201347935973041,1218,1187,31,1180,2926,64,64,2990,64,117,465
gemma-4-12b-it,gemma-4-12b-it,pope,Sphere-Traj-LSTM,proxy_anchor,Diag-vMF,test,test,pooled,1.0,20260508,,evaluated,,passed,,0.19980777416883433,0.10469884927959083,0.33773234403459457,0.8043862271380819,0.6880725315610271,0.9072750894104723,0.22599889947908103,0.22580645161290322,0.95787700084246,1218,1187,31,1180,2926,64,64,2990,64,117,465
gemma-4-12b-it,gemma-4-12b-it,dash-b,Sphere-Traj-LSTM,proxy_anchor,Diag-Classifier,test,test,pooled,1.0,20260508,,evaluated,,passed,,0.2247982177154047,0.17754918754037963,0.28556177497796287,0.51273982646951,0.45117310032970753,0.5754338258972684,0.22890253370363228,0.0,0.9431137724550899,432,334,98,397,2926,64,64,2990,64,11,0
gemma-4-12b-it,gemma-4-12b-it,dash-b,Sphere-Traj-LSTM,proxy_anchor,Diag-kNN-tuned,test,test,pooled,1.0,20260508,16,evaluated,,passed,,0.23903420296675093,0.19039762240432537,0.2940079889068619,0.5690150311621655,0.5139029456356559,0.6263614877330216,0.24282205219171318,0.0,0.7994011976047904,432,334,98,397,2926,64,64,2990,64,11,0
gemma-4-12b-it,gemma-4-12b-it,dash-b,Sphere-Traj-LSTM,proxy_anchor,Diag-vMF,test,test,pooled,1.0,20260508,,evaluated,,passed,,0.22173270236411868,0.17452277645339973,0.27540604335537117,0.5143284858853722,0.4573299510958806,0.5780361385128019,0.22546520471687598,0.0,0.9011976047904192,432,334,98,397,2926,64,64,2990,64,11,0
gemma-4-12b-it,gemma-4-12b-it,repope,Sphere-Traj-LSTM,proxy_anchor,Diag-Classifier,test,test,pooled,0.5,20260506,,evaluated,,passed,,0.17522851330934303,0.07561603889989826,0.3019731317480843,0.7867371905584342,0.6296146964709086,0.9076577082236459,0.20155701455683825,0.25,0.9395509499136442,1182,1158,24,1138,2926,64,32,2958,32,44,414
gemma-4-12b-it,gemma-4-12b-it,repope,Sphere-Traj-LSTM,proxy_anchor,Diag-kNN-tuned,test,test,pooled,0.5,20260506,32,evaluated,,passed,,0.2051050203433144,0.10698662173277065,0.33454701635062856,0.9367803684513529,0.9082448025574028,0.962540568919435,0.23175314176976267,0.25,0.15198618307426598,1182,1158,24,1138,2926,64,32,2958,32,44,414
gemma-4-12b-it,gemma-4-12b-it,repope,Sphere-Traj-LSTM,proxy_anchor,Diag-vMF,test,test,pooled,0.5,20260506,,evaluated,,passed,,0.22062268580349298,0.11397137174692029,0.35110408820110445,0.9313831318364997,0.876694938230505,0.9693958618080701,0.24800341893087813,0.25,0.28324697754749567,1182,1158,24,1138,2926,64,32,2958,32,44,414
gemma-4-12b-it,gemma-4-12b-it,pope,Sphere-Traj-LSTM,proxy_anchor,Diag-Classifier,test,test,pooled,0.5,20260506,,evaluated,,passed,,0.136733181948219,0.06543582225098286,0.22557883402583892,0.6705166182025708,0.5316811197993718,0.7972639444096279,0.15084569833449707,0.0,0.9427127211457456,1218,1187,31,1180,2926,64,32,2958,32,117,465
gemma-4-12b-it,gemma-4-12b-it,pope,Sphere-Traj-LSTM,proxy_anchor,Diag-kNN-tuned,test,test,pooled,0.5,20260506,32,evaluated,,passed,,0.14662219249499484,0.08244436283916573,0.2386397277068078,0.8784683533983749,0.8294274325891974,0.922930917132347,0.1617569077186554,0.0,0.4877843302443134,1218,1187,31,1180,2926,64,32,2958,32,117,465
gemma-4-12b-it,gemma-4-12b-it,pope,Sphere-Traj-LSTM,proxy_anchor,Diag-vMF,test,test,pooled,0.5,20260506,,evaluated,,passed,,0.16901448324820242,0.08925275741797131,0.27013190038694124,0.8115063728021306,0.7050596375604649,0.9017311646736056,0.18451184187991743,0.0,0.8786857624262847,1218,1187,31,1180,2926,64,32,2958,32,117,465
gemma-4-12b-it,gemma-4-12b-it,dash-b,Sphere-Traj-LSTM,proxy_anchor,Diag-Classifier,test,test,pooled,0.5,20260506,,evaluated,,passed,,0.1643958110867937,0.1320054616167018,0.20104802636138033,0.3471526335084932,0.2926327109231049,0.4036799545945578,0.16640734485433864,0.0,0.9910179640718563,432,334,98,397,2926,64,32,2958,32,11,0
gemma-4-12b-it,gemma-4-12b-it,dash-b,Sphere-Traj-LSTM,proxy_anchor,Diag-kNN-tuned,test,test,pooled,0.5,20260506,32,evaluated,,passed,,0.2820161205159366,0.21876299331415333,0.35149111950457806,0.6023463277526581,0.5468918631463481,0.6582275204043078,0.28547761494492485,0.04081632653061224,0.7544910179640718,432,334,98,397,2926,64,32,2958,32,11,0
gemma-4-12b-it,gemma-4-12b-it,dash-b,Sphere-Traj-LSTM,proxy_anchor,Diag-vMF,test,test,pooled,0.5,20260506,,evaluated,,passed,,0.18299458691016457,0.1432136359428282,0.245485243910174,0.3402022485640963,0.2771480792106169,0.4029938778692455,0.18913413661524725,0.04081632653061224,0.9700598802395209,432,334,98,397,2926,64,32,2958,32,11,0
gemma-4-12b-it,gemma-4-12b-it,repope,Sphere-Traj-LSTM,proxy_anchor,Diag-Classifier,test,test,pooled,0.5,20260507,,evaluated,,passed,,0.16459752835197125,0.09429200907156858,0.26511229871290853,0.9372481289579735,0.9077271613806751,0.9612696151413075,0.1824997964031787,0.0,0.19602763385146804,1182,1158,24,1138,2926,64,32,2958,32,44,414
gemma-4-12b-it,gemma-4-12b-it,repope,Sphere-Traj-LSTM,proxy_anchor,Diag-kNN-tuned,test,test,pooled,0.5,20260507,1,evaluated,,passed,,0.11108389473204527,0.05686658351961225,0.18534254979319664,0.864961139896373,0.8069934566205702,0.9198724387459906,0.12307312424893146,0.0,0.41796200345423146,1182,1158,24,1138,2926,64,32,2958,32,44,414
gemma-4-12b-it,gemma-4-12b-it,repope,Sphere-Traj-LSTM,proxy_anchor,Diag-vMF,test,test,pooled,0.5,20260507,,evaluated,,passed,,0.23369001197253228,0.11681924467793638,0.3979293671367923,0.9392271157167531,0.9042319749216301,0.9637637096180133,0.2539150954400952,0.25,0.2556131260794473,1182,1158,24,1138,2926,64,32,2958,32,44,414
gemma-4-12b-it,gemma-4-12b-it,pope,Sphere-Traj-LSTM,proxy_anchor,Diag-Classifier,test,test,pooled,0.5,20260507,,evaluated,,passed,,0.16635478991125968,0.09758472203687821,0.2545248841800691,0.9012419490719352,0.8627699462984273,0.9390446126738786,0.17821976010106438,0.0,0.35299073294018535,1218,1187,31,1180,2926,64,32,2958,32,117,465
gemma-4-12b-it,gemma-4-12b-it,pope,Sphere-Traj-LSTM,proxy_anchor,Diag-kNN-tuned,test,test,pooled,0.5,20260507,1,evaluated,,passed,,0.04843804465826973,0.02884697351399974,0.07549878304516684,0.7180476669293692,0.6420471971734855,0.7889218627133862,0.05242317061663824,0.0,0.7893850042123,1218,1187,31,1180,2926,64,32,2958,32,117,465
gemma-4-12b-it,gemma-4-12b-it,pope,Sphere-Traj-LSTM,proxy_anchor,Diag-vMF,test,test,pooled,0.5,20260507,,evaluated,,passed,,0.17034142050068066,0.09569590954947932,0.2738978331811511,0.8443894882735006,0.7679050955825368,0.9207013100154878,0.18522463067278255,0.03225806451612903,0.7228306655433867,1218,1187,31,1180,2926,64,32,2958,32,117,465
gemma-4-12b-it,gemma-4-12b-it,dash-b,Sphere-Traj-LSTM,proxy_anchor,Diag-Classifier,test,test,pooled,0.5,20260507,,evaluated,,passed,,0.32398195280294917,0.25246388768535455,0.40591247154619975,0.6215935475986802,0.5640167250415723,0.6724772995634076,0.3279397574477313,0.04081632653061224,0.6736526946107785,432,334,98,397,2926,64,32,2958,32,11,0
gemma-4-12b-it,gemma-4-12b-it,dash-b,Sphere-Traj-LSTM,proxy_anchor,Diag-kNN-tuned,test,test,pooled,0.5,20260507,1,evaluated,,passed,,0.3066709415636555,0.24553540673492943,0.38347452400725046,0.6622265672736161,0.6033556310882479,0.7167702349075233,0.3114202821859158,0.0,0.6976047904191617,432,334,98,397,2926,64,32,2958,32,11,0
gemma-4-12b-it,gemma-4-12b-it,dash-b,Sphere-Traj-LSTM,proxy_anchor,Diag-vMF,test,test,pooled,0.5,20260507,,evaluated,,passed,,0.22033756420338946,0.17839207424650166,0.27043747529166984,0.5180862764267384,0.45062422529274304,0.5785876897828555,0.22358430916262192,0.0,0.9760479041916168,432,334,98,397,2926,64,32,2958,32,11,0
gemma-4-12b-it,gemma-4-12b-it,repope,Sphere-Traj-LSTM,proxy_anchor,Diag-Classifier,test,test,pooled,0.5,20260508,,evaluated,,passed,,0.11550566997293538,0.05454364253316969,0.2061465327719939,0.8483736327000575,0.7494333820957301,0.9192229525743925,0.13487557226474117,0.041666666666666664,0.37737478411053543,1182,1158,24,1138,2926,64,32,2958,32,44,414
gemma-4-12b-it,gemma-4-12b-it,repope,Sphere-Traj-LSTM,proxy_anchor,Diag-kNN-tuned,test,test,pooled,0.5,20260508,32,evaluated,,passed,,0.22449672649877192,0.12426496666685614,0.3603353000706489,0.9525402993667242,0.9315213825578023,0.9704621239007737,0.24414556195225626,0.0,0.10449050086355786,1182,1158,24,1138,2926,64,32,2958,32,44,414
gemma-4-12b-it,gemma-4-12b-it,repope,Sphere-Traj-LSTM,proxy_anchor,Diag-vMF,test,test,pooled,0.5,20260508,,evaluated,,passed,,0.20641255637537134,0.12298460695952362,0.32849767472228186,0.9573258491652273,0.942137240582922,0.9712576652962913,0.2241588135084992,0.0,0.0846286701208981,1182,1158,24,1138,2926,64,32,2958,32,44,414
gemma-4-12b-it,gemma-4-12b-it,pope,Sphere-Traj-LSTM,proxy_anchor,Diag-Classifier,test,test,pooled,0.5,20260508,,evaluated,,passed,,0.13091619636095528,0.07358257913092615,0.20748341875823595,0.8412098812403185,0.7600990802111213,0.909274352519534,0.14391690197479823,0.0,0.43555181128896375,1218,1187,31,1180,2926,64,32,2958,32,117,465
gemma-4-12b-it,gemma-4-12b-it,pope,Sphere-Traj-LSTM,proxy_anchor,Diag-kNN-tuned,test,test,pooled,0.5,20260508,32,evaluated,,passed,,0.15821818234128543,0.09608771699005748,0.24092856750969804,0.9246134195722477,0.9000812041414112,0.9451519524538637,0.17209095271993313,0.0,0.17944397641112048,1218,1187,31,1180,2926,64,32,2958,32,117,465
gemma-4-12b-it,gemma-4-12b-it,pope,Sphere-Traj-LSTM,proxy_anchor,Diag-vMF,test,test,pooled,0.5,20260508,,evaluated,,passed,,0.23407477839054694,0.1344380262869386,0.3568607649246528,0.8675163736174145,0.7634389646041656,0.9572336434573829,0.24790692548181262,0.0,0.9654591406908172,1218,1187,31,1180,2926,64,32,2958,32,117,465
gemma-4-12b-it,gemma-4-12b-it,dash-b,Sphere-Traj-LSTM,proxy_anchor,Diag-Classifier,test,test,pooled,0.5,20260508,,evaluated,,passed,,0.27762311631618336,0.20441426902127663,0.3569639382362663,0.544971281925944,0.48346886268503825,0.6085528228886864,0.28183673953963617,0.030612244897959183,0.9550898203592815,432,334,98,397,2926,64,32,2958,32,11,0
gemma-4-12b-it,gemma-4-12b-it,dash-b,Sphere-Traj-LSTM,proxy_anchor,Diag-kNN-tuned,test,test,pooled,0.5,20260508,32,evaluated,,passed,,0.2782229992456094,0.21607193600551816,0.3497515800436622,0.6155138702187462,0.5602885819321004,0.6760053110185841,0.2835444816485969,0.0,0.7664670658682635,432,334,98,397,2926,64,32,2958,32,11,0
gemma-4-12b-it,gemma-4-12b-it,dash-b,Sphere-Traj-LSTM,proxy_anchor,Diag-vMF,test,test,pooled,0.5,20260508,,evaluated,,passed,,0.24250943142298503,0.18987968932786703,0.3030175875610863,0.5417023096663816,0.4767805053549668,0.6053450419241208,0.24699898039031914,0.0,0.9281437125748503,432,334,98,397,2926,64,32,2958,32,11,0
gemma-4-12b-it,gemma-4-12b-it,repope,Sphere-Traj-LSTM,proxy_anchor,Diag-kNN-tuned,test,test,pooled,0.25,20260506,,skipped,ratio 0.25 would leave fewer than 20 hard negatives (16),skipped,ratio 0.25 would leave fewer than 20 hard negatives (16),nan,nan,nan,nan,nan,nan,nan,nan,nan,0,0,0,0,2926,64,0,2926,0,0,0
gemma-4-12b-it,gemma-4-12b-it,repope,Sphere-Traj-LSTM,proxy_anchor,Diag-Classifier,test,test,pooled,0.25,20260506,,skipped,ratio 0.25 would leave fewer than 20 hard negatives (16),skipped,ratio 0.25 would leave fewer than 20 hard negatives (16),nan,nan,nan,nan,nan,nan,nan,nan,nan,0,0,0,0,2926,64,0,2926,0,0,0
gemma-4-12b-it,gemma-4-12b-it,repope,Sphere-Traj-LSTM,proxy_anchor,Diag-vMF,test,test,pooled,0.25,20260506,,skipped,ratio 0.25 would leave fewer than 20 hard negatives (16),skipped,ratio 0.25 would leave fewer than 20 hard negatives (16),nan,nan,nan,nan,nan,nan,nan,nan,nan,0,0,0,0,2926,64,0,2926,0,0,0
gemma-4-12b-it,gemma-4-12b-it,pope,Sphere-Traj-LSTM,proxy_anchor,Diag-kNN-tuned,test,test,pooled,0.25,20260506,,skipped,ratio 0.25 would leave fewer than 20 hard negatives (16),skipped,ratio 0.25 would leave fewer than 20 hard negatives (16),nan,nan,nan,nan,nan,nan,nan,nan,nan,0,0,0,0,2926,64,0,2926,0,0,0
gemma-4-12b-it,gemma-4-12b-it,pope,Sphere-Traj-LSTM,proxy_anchor,Diag-Classifier,test,test,pooled,0.25,20260506,,skipped,ratio 0.25 would leave fewer than 20 hard negatives (16),skipped,ratio 0.25 would leave fewer than 20 hard negatives (16),nan,nan,nan,nan,nan,nan,nan,nan,nan,0,0,0,0,2926,64,0,2926,0,0,0
gemma-4-12b-it,gemma-4-12b-it,pope,Sphere-Traj-LSTM,proxy_anchor,Diag-vMF,test,test,pooled,0.25,20260506,,skipped,ratio 0.25 would leave fewer than 20 hard negatives (16),skipped,ratio 0.25 would leave fewer than 20 hard negatives (16),nan,nan,nan,nan,nan,nan,nan,nan,nan,0,0,0,0,2926,64,0,2926,0,0,0
gemma-4-12b-it,gemma-4-12b-it,dash-b,Sphere-Traj-LSTM,proxy_anchor,Diag-kNN-tuned,test,test,pooled,0.25,20260506,,skipped,ratio 0.25 would leave fewer than 20 hard negatives (16),skipped,ratio 0.25 would leave fewer than 20 hard negatives (16),nan,nan,nan,nan,nan,nan,nan,nan,nan,0,0,0,0,2926,64,0,2926,0,0,0
gemma-4-12b-it,gemma-4-12b-it,dash-b,Sphere-Traj-LSTM,proxy_anchor,Diag-Classifier,test,test,pooled,0.25,20260506,,skipped,ratio 0.25 would leave fewer than 20 hard negatives (16),skipped,ratio 0.25 would leave fewer than 20 hard negatives (16),nan,nan,nan,nan,nan,nan,nan,nan,nan,0,0,0,0,2926,64,0,2926,0,0,0
gemma-4-12b-it,gemma-4-12b-it,dash-b,Sphere-Traj-LSTM,proxy_anchor,Diag-vMF,test,test,pooled,0.25,20260506,,skipped,ratio 0.25 would leave fewer than 20 hard negatives (16),skipped,ratio 0.25 would leave fewer than 20 hard negatives (16),nan,nan,nan,nan,nan,nan,nan,nan,nan,0,0,0,0,2926,64,0,2926,0,0,0
gemma-4-12b-it,gemma-4-12b-it,repope,Sphere-Traj-LSTM,proxy_anchor,Diag-kNN-tuned,test,test,pooled,0.25,20260507,,skipped,ratio 0.25 would leave fewer than 20 hard negatives (16),skipped,ratio 0.25 would leave fewer than 20 hard negatives (16),nan,nan,nan,nan,nan,nan,nan,nan,nan,0,0,0,0,2926,64,0,2926,0,0,0
gemma-4-12b-it,gemma-4-12b-it,repope,Sphere-Traj-LSTM,proxy_anchor,Diag-Classifier,test,test,pooled,0.25,20260507,,skipped,ratio 0.25 would leave fewer than 20 hard negatives (16),skipped,ratio 0.25 would leave fewer than 20 hard negatives (16),nan,nan,nan,nan,nan,nan,nan,nan,nan,0,0,0,0,2926,64,0,2926,0,0,0
gemma-4-12b-it,gemma-4-12b-it,repope,Sphere-Traj-LSTM,proxy_anchor,Diag-vMF,test,test,pooled,0.25,20260507,,skipped,ratio 0.25 would leave fewer than 20 hard negatives (16),skipped,ratio 0.25 would leave fewer than 20 hard negatives (16),nan,nan,nan,nan,nan,nan,nan,nan,nan,0,0,0,0,2926,64,0,2926,0,0,0
gemma-4-12b-it,gemma-4-12b-it,pope,Sphere-Traj-LSTM,proxy_anchor,Diag-kNN-tuned,test,test,pooled,0.25,20260507,,skipped,ratio 0.25 would leave fewer than 20 hard negatives (16),skipped,ratio 0.25 would leave fewer than 20 hard negatives (16),nan,nan,nan,nan,nan,nan,nan,nan,nan,0,0,0,0,2926,64,0,2926,0,0,0
gemma-4-12b-it,gemma-4-12b-it,pope,Sphere-Traj-LSTM,proxy_anchor,Diag-Classifier,test,test,pooled,0.25,20260507,,skipped,ratio 0.25 would leave fewer than 20 hard negatives (16),skipped,ratio 0.25 would leave fewer than 20 hard negatives (16),nan,nan,nan,nan,nan,nan,nan,nan,nan,0,0,0,0,2926,64,0,2926,0,0,0
gemma-4-12b-it,gemma-4-12b-it,pope,Sphere-Traj-LSTM,proxy_anchor,Diag-vMF,test,test,pooled,0.25,20260507,,skipped,ratio 0.25 would leave fewer than 20 hard negatives (16),skipped,ratio 0.25 would leave fewer than 20 hard negatives (16),nan,nan,nan,nan,nan,nan,nan,nan,nan,0,0,0,0,2926,64,0,2926,0,0,0
gemma-4-12b-it,gemma-4-12b-it,dash-b,Sphere-Traj-LSTM,proxy_anchor,Diag-kNN-tuned,test,test,pooled,0.25,20260507,,skipped,ratio 0.25 would leave fewer than 20 hard negatives (16),skipped,ratio 0.25 would leave fewer than 20 hard negatives (16),nan,nan,nan,nan,nan,nan,nan,nan,nan,0,0,0,0,2926,64,0,2926,0,0,0
gemma-4-12b-it,gemma-4-12b-it,dash-b,Sphere-Traj-LSTM,proxy_anchor,Diag-Classifier,test,test,pooled,0.25,20260507,,skipped,ratio 0.25 would leave fewer than 20 hard negatives (16),skipped,ratio 0.25 would leave fewer than 20 hard negatives (16),nan,nan,nan,nan,nan,nan,nan,nan,nan,0,0,0,0,2926,64,0,2926,0,0,0
gemma-4-12b-it,gemma-4-12b-it,dash-b,Sphere-Traj-LSTM,proxy_anchor,Diag-vMF,test,test,pooled,0.25,20260507,,skipped,ratio 0.25 would leave fewer than 20 hard negatives (16),skipped,ratio 0.25 would leave fewer than 20 hard negatives (16),nan,nan,nan,nan,nan,nan,nan,nan,nan,0,0,0,0,2926,64,0,2926,0,0,0
gemma-4-12b-it,gemma-4-12b-it,repope,Sphere-Traj-LSTM,proxy_anchor,Diag-kNN-tuned,test,test,pooled,0.25,20260508,,skipped,ratio 0.25 would leave fewer than 20 hard negatives (16),skipped,ratio 0.25 would leave fewer than 20 hard negatives (16),nan,nan,nan,nan,nan,nan,nan,nan,nan,0,0,0,0,2926,64,0,2926,0,0,0
gemma-4-12b-it,gemma-4-12b-it,repope,Sphere-Traj-LSTM,proxy_anchor,Diag-Classifier,test,test,pooled,0.25,20260508,,skipped,ratio 0.25 would leave fewer than 20 hard negatives (16),skipped,ratio 0.25 would leave fewer than 20 hard negatives (16),nan,nan,nan,nan,nan,nan,nan,nan,nan,0,0,0,0,2926,64,0,2926,0,0,0
gemma-4-12b-it,gemma-4-12b-it,repope,Sphere-Traj-LSTM,proxy_anchor,Diag-vMF,test,test,pooled,0.25,20260508,,skipped,ratio 0.25 would leave fewer than 20 hard negatives (16),skipped,ratio 0.25 would leave fewer than 20 hard negatives (16),nan,nan,nan,nan,nan,nan,nan,nan,nan,0,0,0,0,2926,64,0,2926,0,0,0
gemma-4-12b-it,gemma-4-12b-it,pope,Sphere-Traj-LSTM,proxy_anchor,Diag-kNN-tuned,test,test,pooled,0.25,20260508,,skipped,ratio 0.25 would leave fewer than 20 hard negatives (16),skipped,ratio 0.25 would leave fewer than 20 hard negatives (16),nan,nan,nan,nan,nan,nan,nan,nan,nan,0,0,0,0,2926,64,0,2926,0,0,0
gemma-4-12b-it,gemma-4-12b-it,pope,Sphere-Traj-LSTM,proxy_anchor,Diag-Classifier,test,test,pooled,0.25,20260508,,skipped,ratio 0.25 would leave fewer than 20 hard negatives (16),skipped,ratio 0.25 would leave fewer than 20 hard negatives (16),nan,nan,nan,nan,nan,nan,nan,nan,nan,0,0,0,0,2926,64,0,2926,0,0,0
gemma-4-12b-it,gemma-4-12b-it,pope,Sphere-Traj-LSTM,proxy_anchor,Diag-vMF,test,test,pooled,0.25,20260508,,skipped,ratio 0.25 would leave fewer than 20 hard negatives (16),skipped,ratio 0.25 would leave fewer than 20 hard negatives (16),nan,nan,nan,nan,nan,nan,nan,nan,nan,0,0,0,0,2926,64,0,2926,0,0,0
gemma-4-12b-it,gemma-4-12b-it,dash-b,Sphere-Traj-LSTM,proxy_anchor,Diag-kNN-tuned,test,test,pooled,0.25,20260508,,skipped,ratio 0.25 would leave fewer than 20 hard negatives (16),skipped,ratio 0.25 would leave fewer than 20 hard negatives (16),nan,nan,nan,nan,nan,nan,nan,nan,nan,0,0,0,0,2926,64,0,2926,0,0,0
gemma-4-12b-it,gemma-4-12b-it,dash-b,Sphere-Traj-LSTM,proxy_anchor,Diag-Classifier,test,test,pooled,0.25,20260508,,skipped,ratio 0.25 would leave fewer than 20 hard negatives (16),skipped,ratio 0.25 would leave fewer than 20 hard negatives (16),nan,nan,nan,nan,nan,nan,nan,nan,nan,0,0,0,0,2926,64,0,2926,0,0,0
gemma-4-12b-it,gemma-4-12b-it,dash-b,Sphere-Traj-LSTM,proxy_anchor,Diag-vMF,test,test,pooled,0.25,20260508,,skipped,ratio 0.25 would leave fewer than 20 hard negatives (16),skipped,ratio 0.25 would leave fewer than 20 hard negatives (16),nan,nan,nan,nan,nan,nan,nan,nan,nan,0,0,0,0,2926,64,0,2926,0,0,0
gemma-4-12b-it,gemma-4-12b-it,repope,Sphere-Traj-LSTM,proxy_anchor,Diag-kNN-tuned,test,test,pooled,0.1,20260506,,skipped,ratio 0.1 would leave fewer than 20 hard negatives (6),skipped,ratio 0.1 would leave fewer than 20 hard negatives (6),nan,nan,nan,nan,nan,nan,nan,nan,nan,0,0,0,0,2926,64,0,2926,0,0,0
gemma-4-12b-it,gemma-4-12b-it,repope,Sphere-Traj-LSTM,proxy_anchor,Diag-Classifier,test,test,pooled,0.1,20260506,,skipped,ratio 0.1 would leave fewer than 20 hard negatives (6),skipped,ratio 0.1 would leave fewer than 20 hard negatives (6),nan,nan,nan,nan,nan,nan,nan,nan,nan,0,0,0,0,2926,64,0,2926,0,0,0
gemma-4-12b-it,gemma-4-12b-it,repope,Sphere-Traj-LSTM,proxy_anchor,Diag-vMF,test,test,pooled,0.1,20260506,,skipped,ratio 0.1 would leave fewer than 20 hard negatives (6),skipped,ratio 0.1 would leave fewer than 20 hard negatives (6),nan,nan,nan,nan,nan,nan,nan,nan,nan,0,0,0,0,2926,64,0,2926,0,0,0
gemma-4-12b-it,gemma-4-12b-it,pope,Sphere-Traj-LSTM,proxy_anchor,Diag-kNN-tuned,test,test,pooled,0.1,20260506,,skipped,ratio 0.1 would leave fewer than 20 hard negatives (6),skipped,ratio 0.1 would leave fewer than 20 hard negatives (6),nan,nan,nan,nan,nan,nan,nan,nan,nan,0,0,0,0,2926,64,0,2926,0,0,0
gemma-4-12b-it,gemma-4-12b-it,pope,Sphere-Traj-LSTM,proxy_anchor,Diag-Classifier,test,test,pooled,0.1,20260506,,skipped,ratio 0.1 would leave fewer than 20 hard negatives (6),skipped,ratio 0.1 would leave fewer than 20 hard negatives (6),nan,nan,nan,nan,nan,nan,nan,nan,nan,0,0,0,0,2926,64,0,2926,0,0,0
gemma-4-12b-it,gemma-4-12b-it,pope,Sphere-Traj-LSTM,proxy_anchor,Diag-vMF,test,test,pooled,0.1,20260506,,skipped,ratio 0.1 would leave fewer than 20 hard negatives (6),skipped,ratio 0.1 would leave fewer than 20 hard negatives (6),nan,nan,nan,nan,nan,nan,nan,nan,nan,0,0,0,0,2926,64,0,2926,0,0,0
gemma-4-12b-it,gemma-4-12b-it,dash-b,Sphere-Traj-LSTM,proxy_anchor,Diag-kNN-tuned,test,test,pooled,0.1,20260506,,skipped,ratio 0.1 would leave fewer than 20 hard negatives (6),skipped,ratio 0.1 would leave fewer than 20 hard negatives (6),nan,nan,nan,nan,nan,nan,nan,nan,nan,0,0,0,0,2926,64,0,2926,0,0,0
gemma-4-12b-it,gemma-4-12b-it,dash-b,Sphere-Traj-LSTM,proxy_anchor,Diag-Classifier,test,test,pooled,0.1,20260506,,skipped,ratio 0.1 would leave fewer than 20 hard negatives (6),skipped,ratio 0.1 would leave fewer than 20 hard negatives (6),nan,nan,nan,nan,nan,nan,nan,nan,nan,0,0,0,0,2926,64,0,2926,0,0,0
gemma-4-12b-it,gemma-4-12b-it,dash-b,Sphere-Traj-LSTM,proxy_anchor,Diag-vMF,test,test,pooled,0.1,20260506,,skipped,ratio 0.1 would leave fewer than 20 hard negatives (6),skipped,ratio 0.1 would leave fewer than 20 hard negatives (6),nan,nan,nan,nan,nan,nan,nan,nan,nan,0,0,0,0,2926,64,0,2926,0,0,0
gemma-4-12b-it,gemma-4-12b-it,repope,Sphere-Traj-LSTM,proxy_anchor,Diag-kNN-tuned,test,test,pooled,0.1,20260507,,skipped,ratio 0.1 would leave fewer than 20 hard negatives (6),skipped,ratio 0.1 would leave fewer than 20 hard negatives (6),nan,nan,nan,nan,nan,nan,nan,nan,nan,0,0,0,0,2926,64,0,2926,0,0,0
gemma-4-12b-it,gemma-4-12b-it,repope,Sphere-Traj-LSTM,proxy_anchor,Diag-Classifier,test,test,pooled,0.1,20260507,,skipped,ratio 0.1 would leave fewer than 20 hard negatives (6),skipped,ratio 0.1 would leave fewer than 20 hard negatives (6),nan,nan,nan,nan,nan,nan,nan,nan,nan,0,0,0,0,2926,64,0,2926,0,0,0
gemma-4-12b-it,gemma-4-12b-it,repope,Sphere-Traj-LSTM,proxy_anchor,Diag-vMF,test,test,pooled,0.1,20260507,,skipped,ratio 0.1 would leave fewer than 20 hard negatives (6),skipped,ratio 0.1 would leave fewer than 20 hard negatives (6),nan,nan,nan,nan,nan,nan,nan,nan,nan,0,0,0,0,2926,64,0,2926,0,0,0
gemma-4-12b-it,gemma-4-12b-it,pope,Sphere-Traj-LSTM,proxy_anchor,Diag-kNN-tuned,test,test,pooled,0.1,20260507,,skipped,ratio 0.1 would leave fewer than 20 hard negatives (6),skipped,ratio 0.1 would leave fewer than 20 hard negatives (6),nan,nan,nan,nan,nan,nan,nan,nan,nan,0,0,0,0,2926,64,0,2926,0,0,0
gemma-4-12b-it,gemma-4-12b-it,pope,Sphere-Traj-LSTM,proxy_anchor,Diag-Classifier,test,test,pooled,0.1,20260507,,skipped,ratio 0.1 would leave fewer than 20 hard negatives (6),skipped,ratio 0.1 would leave fewer than 20 hard negatives (6),nan,nan,nan,nan,nan,nan,nan,nan,nan,0,0,0,0,2926,64,0,2926,0,0,0
gemma-4-12b-it,gemma-4-12b-it,pope,Sphere-Traj-LSTM,proxy_anchor,Diag-vMF,test,test,pooled,0.1,20260507,,skipped,ratio 0.1 would leave fewer than 20 hard negatives (6),skipped,ratio 0.1 would leave fewer than 20 hard negatives (6),nan,nan,nan,nan,nan,nan,nan,nan,nan,0,0,0,0,2926,64,0,2926,0,0,0
gemma-4-12b-it,gemma-4-12b-it,dash-b,Sphere-Traj-LSTM,proxy_anchor,Diag-kNN-tuned,test,test,pooled,0.1,20260507,,skipped,ratio 0.1 would leave fewer than 20 hard negatives (6),skipped,ratio 0.1 would leave fewer than 20 hard negatives (6),nan,nan,nan,nan,nan,nan,nan,nan,nan,0,0,0,0,2926,64,0,2926,0,0,0
gemma-4-12b-it,gemma-4-12b-it,dash-b,Sphere-Traj-LSTM,proxy_anchor,Diag-Classifier,test,test,pooled,0.1,20260507,,skipped,ratio 0.1 would leave fewer than 20 hard negatives (6),skipped,ratio 0.1 would leave fewer than 20 hard negatives (6),nan,nan,nan,nan,nan,nan,nan,nan,nan,0,0,0,0,2926,64,0,2926,0,0,0
gemma-4-12b-it,gemma-4-12b-it,dash-b,Sphere-Traj-LSTM,proxy_anchor,Diag-vMF,test,test,pooled,0.1,20260507,,skipped,ratio 0.1 would leave fewer than 20 hard negatives (6),skipped,ratio 0.1 would leave fewer than 20 hard negatives (6),nan,nan,nan,nan,nan,nan,nan,nan,nan,0,0,0,0,2926,64,0,2926,0,0,0
gemma-4-12b-it,gemma-4-12b-it,repope,Sphere-Traj-LSTM,proxy_anchor,Diag-kNN-tuned,test,test,pooled,0.1,20260508,,skipped,ratio 0.1 would leave fewer than 20 hard negatives (6),skipped,ratio 0.1 would leave fewer than 20 hard negatives (6),nan,nan,nan,nan,nan,nan,nan,nan,nan,0,0,0,0,2926,64,0,2926,0,0,0
gemma-4-12b-it,gemma-4-12b-it,repope,Sphere-Traj-LSTM,proxy_anchor,Diag-Classifier,test,test,pooled,0.1,20260508,,skipped,ratio 0.1 would leave fewer than 20 hard negatives (6),skipped,ratio 0.1 would leave fewer than 20 hard negatives (6),nan,nan,nan,nan,nan,nan,nan,nan,nan,0,0,0,0,2926,64,0,2926,0,0,0
gemma-4-12b-it,gemma-4-12b-it,repope,Sphere-Traj-LSTM,proxy_anchor,Diag-vMF,test,test,pooled,0.1,20260508,,skipped,ratio 0.1 would leave fewer than 20 hard negatives (6),skipped,ratio 0.1 would leave fewer than 20 hard negatives (6),nan,nan,nan,nan,nan,nan,nan,nan,nan,0,0,0,0,2926,64,0,2926,0,0,0
gemma-4-12b-it,gemma-4-12b-it,pope,Sphere-Traj-LSTM,proxy_anchor,Diag-kNN-tuned,test,test,pooled,0.1,20260508,,skipped,ratio 0.1 would leave fewer than 20 hard negatives (6),skipped,ratio 0.1 would leave fewer than 20 hard negatives (6),nan,nan,nan,nan,nan,nan,nan,nan,nan,0,0,0,0,2926,64,0,2926,0,0,0
gemma-4-12b-it,gemma-4-12b-it,pope,Sphere-Traj-LSTM,proxy_anchor,Diag-Classifier,test,test,pooled,0.1,20260508,,skipped,ratio 0.1 would leave fewer than 20 hard negatives (6),skipped,ratio 0.1 would leave fewer than 20 hard negatives (6),nan,nan,nan,nan,nan,nan,nan,nan,nan,0,0,0,0,2926,64,0,2926,0,0,0
gemma-4-12b-it,gemma-4-12b-it,pope,Sphere-Traj-LSTM,proxy_anchor,Diag-vMF,test,test,pooled,0.1,20260508,,skipped,ratio 0.1 would leave fewer than 20 hard negatives (6),skipped,ratio 0.1 would leave fewer than 20 hard negatives (6),nan,nan,nan,nan,nan,nan,nan,nan,nan,0,0,0,0,2926,64,0,2926,0,0,0
gemma-4-12b-it,gemma-4-12b-it,dash-b,Sphere-Traj-LSTM,proxy_anchor,Diag-kNN-tuned,test,test,pooled,0.1,20260508,,skipped,ratio 0.1 would leave fewer than 20 hard negatives (6),skipped,ratio 0.1 would leave fewer than 20 hard negatives (6),nan,nan,nan,nan,nan,nan,nan,nan,nan,0,0,0,0,2926,64,0,2926,0,0,0
gemma-4-12b-it,gemma-4-12b-it,dash-b,Sphere-Traj-LSTM,proxy_anchor,Diag-Classifier,test,test,pooled,0.1,20260508,,skipped,ratio 0.1 would leave fewer than 20 hard negatives (6),skipped,ratio 0.1 would leave fewer than 20 hard negatives (6),nan,nan,nan,nan,nan,nan,nan,nan,nan,0,0,0,0,2926,64,0,2926,0,0,0
gemma-4-12b-it,gemma-4-12b-it,dash-b,Sphere-Traj-LSTM,proxy_anchor,Diag-vMF,test,test,pooled,0.1,20260508,,skipped,ratio 0.1 would leave fewer than 20 hard negatives (6),skipped,ratio 0.1 would leave fewer than 20 hard negatives (6),nan,nan,nan,nan,nan,nan,nan,nan,nan,0,0,0,0,2926,64,0,2926,0,0,0
qwen3.5-4b,qwen3.5-4b,repope,Sphere-Traj-LSTM,proxy_anchor,Diag-Classifier,test,test,pooled,1.0,20260506,,evaluated,,passed,,0.2819867253007748,0.1452586965266235,0.4524686317283283,0.8986173154647947,0.8327011712561762,0.9597783762927096,0.2998241552204964,0.26666666666666666,0.5500957243139758,1597,1567,30,1548,3852,84,84,3936,84,43,0
qwen3.5-4b,qwen3.5-4b,repope,Sphere-Traj-LSTM,proxy_anchor,Diag-kNN-tuned,test,test,pooled,1.0,20260506,32,evaluated,,passed,,0.2508760559724813,0.12112875166763197,0.40417541418702874,0.9329078919378855,0.9078538938218239,0.9590536508291917,0.26781969153354884,0.23333333333333334,0.18059987236758138,1597,1567,30,1548,3852,84,84,3936,84,43,0
qwen3.5-4b,qwen3.5-4b,repope,Sphere-Traj-LSTM,proxy_anchor,Diag-vMF,test,test,pooled,1.0,20260506,,evaluated,,passed,,0.3121352341797579,0.17737878482094602,0.47063230167547704,0.9656243352478195,0.9520608445665991,0.978963629874294,0.3308606360138667,0.26666666666666666,0.11742182514358647,1597,1567,30,1548,3852,84,84,3936,84,43,0
qwen3.5-4b,qwen3.5-4b,pope,Sphere-Traj-LSTM,proxy_anchor,Diag-Classifier,test,test,pooled,1.0,20260506,,evaluated,,passed,,0.19171904307799614,0.11032845855879882,0.2958166722670219,0.8802289953233349,0.8262222583097586,0.9236033107522218,0.20095426242081116,0.05128205128205128,0.5169811320754717,1629,1590,39,1622,3852,84,84,3936,84,171,0
qwen3.5-4b,qwen3.5-4b,pope,Sphere-Traj-LSTM,proxy_anchor,Diag-kNN-tuned,test,test,pooled,1.0,20260506,32,evaluated,,passed,,0.13906451775258222,0.07565415901061628,0.23672706032754695,0.8892759232381874,0.8622369937629155,0.9172453391476321,0.14835827437406413,0.07692307692307693,0.27044025157232704,1629,1590,39,1622,3852,84,84,3936,84,171,0
qwen3.5-4b,qwen3.5-4b,pope,Sphere-Traj-LSTM,proxy_anchor,Diag-vMF,test,test,pooled,1.0,20260506,,evaluated,,passed,,0.22183697883823839,0.13723074110969616,0.32082259793388157,0.9462506047411707,0.9301848588776496,0.9596530644820925,0.23191110820286864,0.1282051282051282,0.1320754716981132,1629,1590,39,1622,3852,84,84,3936,84,171,0
qwen3.5-4b,qwen3.5-4b,dash-b,Sphere-Traj-LSTM,proxy_anchor,Diag-Classifier,test,test,pooled,1.0,20260506,,evaluated,,passed,,0.4864721375005198,0.40684093860658366,0.5773530864512627,0.7123921380632791,0.6587549439721664,0.7649337635457112,0.49136054862546574,0.0,0.8187919463087249,438,298,140,361,3852,84,84,3936,84,5,0
qwen3.5-4b,qwen3.5-4b,dash-b,Sphere-Traj-LSTM,proxy_anchor,Diag-kNN-tuned,test,test,pooled,1.0,20260506,32,evaluated,,passed,,0.3683457739919531,0.31177136387709065,0.4371395922791917,0.6186001917545542,0.5636126961039452,0.6727820911537515,0.3719981433903362,0.0,0.8422818791946308,438,298,140,361,3852,84,84,3936,84,5,0
qwen3.5-4b,qwen3.5-4b,dash-b,Sphere-Traj-LSTM,proxy_anchor,Diag-vMF,test,test,pooled,1.0,20260506,,evaluated,,passed,,0.3989180692576966,0.3317527997049049,0.48021209106770135,0.610522531160115,0.5519432894769888,0.6673195333699397,0.4037486052363786,0.0,0.8926174496644296,438,298,140,361,3852,84,84,3936,84,5,0
qwen3.5-4b,qwen3.5-4b,repope,Sphere-Traj-LSTM,proxy_anchor,Diag-Classifier,test,test,pooled,1.0,20260507,,evaluated,,passed,,0.3330480797675664,0.19760384175716902,0.5123113593970976,0.967070835992342,0.9504902053551672,0.9814161949445858,0.3538481486015812,0.3,0.13529036375239312,1597,1567,30,1548,3852,84,84,3936,84,43,0
qwen3.5-4b,qwen3.5-4b,repope,Sphere-Traj-LSTM,proxy_anchor,Diag-kNN-tuned,test,test,pooled,1.0,20260507,32,evaluated,,passed,,0.0650070369005068,0.02026740329447555,0.1484990250692461,0.7106360348861944,0.6482372773536896,0.775283470555393,0.0682114957730673,0.03333333333333333,0.5909380982769623,1597,1567,30,1548,3852,84,84,3936,84,43,0
qwen3.5-4b,qwen3.5-4b,repope,Sphere-Traj-LSTM,proxy_anchor,Diag-vMF,test,test,pooled,1.0,20260507,,evaluated,,passed,,0.3291241448918395,0.19372464577253423,0.5083841757386,0.9667517549457563,0.9503213861206189,0.9810824635877617,0.3498415423810142,0.26666666666666666,0.13401403956604976,1597,1567,30,1548,3852,84,84,3936,84,43,0
qwen3.5-4b,qwen3.5-4b,pope,Sphere-Traj-LSTM,proxy_anchor,Diag-Classifier,test,test,pooled,1.0,20260507,,evaluated,,passed,,0.19045656252289886,0.1258614893121047,0.2847125382574512,0.9442993065634575,0.9272068500749381,0.9593985476257249,0.20386091327636902,0.10256410256410256,0.1591194968553459,1629,1590,39,1622,3852,84,84,3936,84,171,0
qwen3.5-4b,qwen3.5-4b,pope,Sphere-Traj-LSTM,proxy_anchor,Diag-kNN-tuned,test,test,pooled,1.0,20260507,32,evaluated,,passed,,0.025557857291680534,0.01761115672838141,0.035394217245570556,0.5824866956942429,0.5309236856781758,0.6334531656554178,0.02702045066772528,0.0,0.640251572327044,1629,1590,39,1622,3852,84,84,3936,84,171,0
qwen3.5-4b,qwen3.5-4b,pope,Sphere-Traj-LSTM,proxy_anchor,Diag-vMF,test,test,pooled,1.0,20260507,,evaluated,,passed,,0.1819082851058033,0.11787015191501655,0.27643237483377586,0.9289469440412836,0.8953511879591514,0.9537753002258897,0.1950340241837409,0.10256410256410256,0.34591194968553457,1629,1590,39,1622,3852,84,84,3936,84,171,0
qwen3.5-4b,qwen3.5-4b,dash-b,Sphere-Traj-LSTM,proxy_anchor,Diag-Classifier,test,test,pooled,1.0,20260507,,evaluated,,passed,,0.4805084309918656,0.4097754339138171,0.5637059521275529,0.7268696069031639,0.6820132052333256,0.7691380901384932,0.486501623546876,0.014285714285714285,0.7013422818791947,438,298,140,361,3852,84,84,3936,84,5,0
qwen3.5-4b,qwen3.5-4b,dash-b,Sphere-Traj-LSTM,proxy_anchor,Diag-kNN-tuned,test,test,pooled,1.0,20260507,32,evaluated,,passed,,0.2773263338886834,0.2348399834942169,0.3266394762356935,0.4681447746883989,0.41165399155538096,0.5259020055783827,0.2795062991852373,0.0,0.9228187919463087,438,298,140,361,3852,84,84,3936,84,5,0
qwen3.5-4b,qwen3.5-4b,dash-b,Sphere-Traj-LSTM,proxy_anchor,Diag-vMF,test,test,pooled,1.0,20260507,,evaluated,,passed,,0.29951124804015594,0.2541240625482568,0.3528212214434544,0.512967401725791,0.45792280088101844,0.5695779615108305,0.3019711913562631,0.0,0.9261744966442953,438,298,140,361,3852,84,84,3936,84,5,0
qwen3.5-4b,qwen3.5-4b,repope,Sphere-Traj-LSTM,proxy_anchor,Diag-Classifier,test,test,pooled,1.0,20260508,,evaluated,,passed,,0.3027500335523727,0.1856883430359944,0.46602003014613874,0.9663263135503085,0.9524905847153101,0.980219735012344,0.32004980614801337,0.16666666666666666,0.11423101467772814,1597,1567,30,1548,3852,84,84,3936,84,43,0
qwen3.5-4b,qwen3.5-4b,repope,Sphere-Traj-LSTM,proxy_anchor,Diag-kNN-tuned,test,test,pooled,1.0,20260508,16,evaluated,,passed,,0.21174373719757408,0.11158755278938204,0.35911730960467875,0.9405020208466284,0.918252441062632,0.9605880374575086,0.22493429313909577,0.16666666666666666,0.17932354818123802,1597,1567,30,1548,3852,84,84,3936,84,43,0
qwen3.5-4b,qwen3.5-4b,repope,Sphere-Traj-LSTM,proxy_anchor,Diag-vMF,test,test,pooled,1.0,20260508,,evaluated,,passed,,0.28796552779518003,0.17163646729126322,0.4500895461250324,0.962752605828547,0.9476533486648893,0.9779165614914356,0.305169533563475,0.16666666666666666,0.1244416081684748,1597,1567,30,1548,3852,84,84,3936,84,43,0
qwen3.5-4b,qwen3.5-4b,pope,Sphere-Traj-LSTM,proxy_anchor,Diag-Classifier,test,test,pooled,1.0,20260508,,evaluated,,passed,,0.17627256518147807,0.11250110466870995,0.25696576711114616,0.9380019351717465,0.9203044926855324,0.9534746847111217,0.1726250422173012,0.05128205128205128,0.14779874213836477,1629,1590,39,1622,3852,84,84,3936,84,171,0
qwen3.5-4b,qwen3.5-4b,pope,Sphere-Traj-LSTM,proxy_anchor,Diag-kNN-tuned,test,test,pooled,1.0,20260508,16,evaluated,,passed,,0.13108425575223856,0.08580904703360333,0.18440504620248752,0.91611030478955,0.8936381041668247,0.9353936253020874,0.13921164522301335,0.02564102564102564,0.23144654088050315,1629,1590,39,1622,3852,84,84,3936,84,171,0
qwen3.5-4b,qwen3.5-4b,pope,Sphere-Traj-LSTM,proxy_anchor,Diag-vMF,test,test,pooled,1.0,20260508,,evaluated,,passed,,0.15347519577292978,0.10122071223102168,0.21860854917971526,0.9284308982422189,0.905139992813349,0.9470689981011636,0.1625803405158408,0.05128205128205128,0.22138364779874214,1629,1590,39,1622,3852,84,84,3936,84,171,0
qwen3.5-4b,qwen3.5-4b,dash-b,Sphere-Traj-LSTM,proxy_anchor,Diag-Classifier,test,test,pooled,1.0,20260508,,evaluated,,passed,,0.4852087107414118,0.40999493795032516,0.5672992491021498,0.7261265580057527,0.6763602588686483,0.7735527103776174,0.48934650134342866,0.007142857142857143,0.802013422818792,438,298,140,361,3852,84,84,3936,84,5,0
qwen3.5-4b,qwen3.5-4b,dash-b,Sphere-Traj-LSTM,proxy_anchor,Diag-kNN-tuned,test,test,pooled,1.0,20260508,16,evaluated,,passed,,0.3728235189715598,0.30714732610617346,0.4417256574410096,0.5716442953020134,0.5152399211296002,0.6236270604996256,0.3768648634579399,0.014285714285714285,0.8557046979865772,438,298,140,361,3852,84,84,3936,84,5,0
qwen3.5-4b,qwen3.5-4b,dash-b,Sphere-Traj-LSTM,proxy_anchor,Diag-vMF,test,test,pooled,1.0,20260508,,evaluated,,passed,,0.33030480877130675,0.2667521767520486,0.3972710535178441,0.48690076701821666,0.4266797181853889,0.5413672909252375,0.3342676257692241,0.014285714285714285,0.9261744966442953,438,298,140,361,3852,84,84,3936,84,5,0
qwen3.5-4b,qwen3.5-4b,repope,Sphere-Traj-LSTM,proxy_anchor,Diag-Classifier,test,test,pooled,0.5,20260506,,evaluated,,passed,,0.3352156123835481,0.17621675934367326,0.5054117048958492,0.822101680493512,0.71492549470701,0.9271451338891123,0.34327545275440574,0.3,0.9266113592852585,1597,1567,30,1548,3852,84,42,3894,42,43,0
qwen3.5-4b,qwen3.5-4b,repope,Sphere-Traj-LSTM,proxy_anchor,Diag-kNN-tuned,test,test,pooled,0.5,20260506,32,evaluated,,passed,,0.24355423799585632,0.11028426881960672,0.4126588269584239,0.8839183152520741,0.8323385670152912,0.9285885177722024,0.25556899648402026,0.3333333333333333,0.35162731333758773,1597,1567,30,1548,3852,84,42,3894,42,43,0
qwen3.5-4b,qwen3.5-4b,repope,Sphere-Traj-LSTM,proxy_anchor,Diag-vMF,test,test,pooled,0.5,20260506,,evaluated,,passed,,0.337934302781252,0.18553162741803317,0.5076818019870522,0.9601574133163158,0.9429229665072522,0.9762918599183888,0.3532567300058303,0.3,0.1595405232929164,1597,1567,30,1548,3852,84,42,3894,42,43,0
qwen3.5-4b,qwen3.5-4b,pope,Sphere-Traj-LSTM,proxy_anchor,Diag-Classifier,test,test,pooled,0.5,20260506,,evaluated,,passed,,0.2243058698926137,0.12990414983499618,0.35240832189045146,0.8382357684244477,0.7393236366128071,0.9149388606521531,0.23935578702489638,0.23076923076923078,0.8886792452830189,1629,1590,39,1622,3852,84,42,3894,42,171,0
qwen3.5-4b,qwen3.5-4b,pope,Sphere-Traj-LSTM,proxy_anchor,Diag-kNN-tuned,test,test,pooled,0.5,20260506,32,evaluated,,passed,,0.17139421557864953,0.09567801987402315,0.2821557883124079,0.8578616352201258,0.8085900460682633,0.9023029876476942,0.18556503082020906,0.15384615384615385,0.38301886792452833,1629,1590,39,1622,3852,84,42,3894,42,171,0
qwen3.5-4b,qwen3.5-4b,pope,Sphere-Traj-LSTM,proxy_anchor,Diag-vMF,test,test,pooled,0.5,20260506,,evaluated,,passed,,0.2690073398398589,0.17284640522154932,0.39994463665877233,0.9553781648121271,0.9388463540922346,0.968975346778004,0.28492702972032224,0.2564102564102564,0.15283018867924528,1629,1590,39,1622,3852,84,42,3894,42,171,0
qwen3.5-4b,qwen3.5-4b,dash-b,Sphere-Traj-LSTM,proxy_anchor,Diag-Classifier,test,test,pooled,0.5,20260506,,evaluated,,passed,,0.3281894239869097,0.263890276327751,0.4019476348688453,0.4453978906999041,0.3840932830657747,0.5071516429659036,0.3334653353488721,0.014285714285714285,0.959731543624161,438,298,140,361,3852,84,42,3894,42,5,0
qwen3.5-4b,qwen3.5-4b,dash-b,Sphere-Traj-LSTM,proxy_anchor,Diag-kNN-tuned,test,test,pooled,0.5,20260506,32,evaluated,,passed,,0.35810715768234647,0.2998786180342945,0.42754277297310034,0.5846116970278044,0.5310850759479604,0.635926116783406,0.36329535793489887,0.007142857142857143,0.87248322147651,438,298,140,361,3852,84,42,3894,42,5,0
qwen3.5-4b,qwen3.5-4b,dash-b,Sphere-Traj-LSTM,proxy_anchor,Diag-vMF,test,test,pooled,0.5,20260506,,evaluated,,passed,,0.36474449576056034,0.3018939724056291,0.44011861692057846,0.575862895493768,0.520417786459497,0.6303964574765334,0.3700213855343612,0.007142857142857143,0.9026845637583892,438,298,140,361,3852,84,42,3894,42,5,0
qwen3.5-4b,qwen3.5-4b,repope,Sphere-Traj-LSTM,proxy_anchor,Diag-Classifier,test,test,pooled,0.5,20260507,,evaluated,,passed,,0.26305497610643036,0.14978863286981772,0.4141367465556438,0.9034354392682408,0.8310120277449823,0.9626645778065508,0.2668346772060565,0.23333333333333334,0.5794511805998723,1597,1567,30,1548,3852,84,42,3894,42,43,0
qwen3.5-4b,qwen3.5-4b,repope,Sphere-Traj-LSTM,proxy_anchor,Diag-kNN-tuned,test,test,pooled,0.5,20260507,32,evaluated,,passed,,0.19333063688559277,0.08333190216753293,0.34274138006739174,0.9064667092108062,0.875198569632108,0.9354435965606461,0.20652438910317206,0.23333333333333334,0.23803446075303128,1597,1567,30,1548,3852,84,42,3894,42,43,0
qwen3.5-4b,qwen3.5-4b,repope,Sphere-Traj-LSTM,proxy_anchor,Diag-vMF,test,test,pooled,0.5,20260507,,evaluated,,passed,,0.3032548728875506,0.1788421045716399,0.4541190951761238,0.9683684322484578,0.953950810836268,0.9806024504581322,0.31999311483989296,0.23333333333333334,0.11933631142310147,1597,1567,30,1548,3852,84,42,3894,42,43,0
qwen3.5-4b,qwen3.5-4b,pope,Sphere-Traj-LSTM,proxy_anchor,Diag-Classifier,test,test,pooled,0.5,20260507,,evaluated,,passed,,0.20999187456687946,0.1289197829234784,0.3125285049866133,0.8793662312530236,0.8204294412601335,0.9328002770967012,0.20827335751575837,0.10256410256410256,0.519496855345912,1629,1590,39,1622,3852,84,42,3894,42,171,0
qwen3.5-4b,qwen3.5-4b,pope,Sphere-Traj-LSTM,proxy_anchor,Diag-kNN-tuned,test,test,pooled,0.5,20260507,32,evaluated,,passed,,0.1460266188868789,0.07897224975032135,0.23844223618804322,0.8769553297855185,0.8410150392461215,0.9122204713333665,0.15385052646921582,0.05128205128205128,0.28553459119496855,1629,1590,39,1622,3852,84,42,3894,42,171,0
qwen3.5-4b,qwen3.5-4b,pope,Sphere-Traj-LSTM,proxy_anchor,Diag-vMF,test,test,pooled,0.5,20260507,,evaluated,,passed,,0.2523226445615029,0.1616429823811367,0.3636431440462686,0.9568456700532172,0.9426306246368211,0.9693176234964441,0.26259487493260103,0.07692307692307693,0.12264150943396226,1629,1590,39,1622,3852,84,42,3894,42,171,0
qwen3.5-4b,qwen3.5-4b,dash-b,Sphere-Traj-LSTM,proxy_anchor,Diag-Classifier,test,test,pooled,0.5,20260507,,evaluated,,passed,,0.5226306389218393,0.43965571451929025,0.6103356051266765,0.7168504314477468,0.6689883467367955,0.7615022937320716,0.5275709560519515,0.0,0.7550335570469798,438,298,140,361,3852,84,42,3894,42,5,0
qwen3.5-4b,qwen3.5-4b,dash-b,Sphere-Traj-LSTM,proxy_anchor,Diag-kNN-tuned,test,test,pooled,0.5,20260507,32,evaluated,,passed,,0.3590509844459112,0.3022604420558074,0.43014818866773713,0.5957334611697027,0.5414440725434612,0.6495534573173982,0.36277628275004425,0.0,0.7483221476510067,438,298,140,361,3852,84,42,3894,42,5,0
qwen3.5-4b,qwen3.5-4b,dash-b,Sphere-Traj-LSTM,proxy_anchor,Diag-vMF,test,test,pooled,0.5,20260507,,evaluated,,passed,,0.39385354503014713,0.32708913273236706,0.4736799352949219,0.598777564717162,0.543676409577086,0.6567490778897028,0.3986216332486955,0.0,0.9429530201342282,438,298,140,361,3852,84,42,3894,42,5,0
qwen3.5-4b,qwen3.5-4b,repope,Sphere-Traj-LSTM,proxy_anchor,Diag-Classifier,test,test,pooled,0.5,20260508,,evaluated,,passed,,0.22943816635368697,0.13911355781266857,0.36770528249220863,0.905956179536269,0.8365446555849371,0.9631547783025056,0.25656765590533565,0.3,0.6177409061901723,1597,1567,30,1548,3852,84,42,3894,42,43,0
qwen3.5-4b,qwen3.5-4b,repope,Sphere-Traj-LSTM,proxy_anchor,Diag-kNN-tuned,test,test,pooled,0.5,20260508,2,evaluated,,passed,,0.14564599347356072,0.06928209564617038,0.2627686572130956,0.890321208253563,0.842755907899776,0.9306180753827468,0.1563230949834262,0.06666666666666667,0.3899170389278877,1597,1567,30,1548,3852,84,42,3894,42,43,0
qwen3.5-4b,qwen3.5-4b,repope,Sphere-Traj-LSTM,proxy_anchor,Diag-vMF,test,test,pooled,0.5,20260508,,evaluated,,passed,,0.2508492732829946,0.16162604290458168,0.38482133512392525,0.9619017230376516,0.9467756769454168,0.9770952246905829,0.27137336275051216,0.16666666666666666,0.13209955328653478,1597,1567,30,1548,3852,84,42,3894,42,43,0
qwen3.5-4b,qwen3.5-4b,pope,Sphere-Traj-LSTM,proxy_anchor,Diag-Classifier,test,test,pooled,0.5,20260508,,evaluated,,passed,,0.18597405939489664,0.11069177845010339,0.28076322891836614,0.8746815029833899,0.7945644773832786,0.9472339894210391,0.20065773806758908,0.07692307692307693,0.9119496855345912,1629,1590,39,1622,3852,84,42,3894,42,171,0
qwen3.5-4b,qwen3.5-4b,pope,Sphere-Traj-LSTM,proxy_anchor,Diag-kNN-tuned,test,test,pooled,0.5,20260508,2,evaluated,,passed,,0.1632046142488285,0.09362230837711984,0.2623021285369934,0.9076600548298661,0.87761867968157,0.9360704734012968,0.1717643932805029,0.05128205128205128,0.2572327044025157,1629,1590,39,1622,3852,84,42,3894,42,171,0
qwen3.5-4b,qwen3.5-4b,pope,Sphere-Traj-LSTM,proxy_anchor,Diag-vMF,test,test,pooled,0.5,20260508,,evaluated,,passed,,0.20104512317897547,0.12353346222678896,0.2966946466290505,0.9178680857926141,0.8702053655291171,0.9592266256140909,0.2125132527222856,0.07692307692307693,0.5314465408805031,1629,1590,39,1622,3852,84,42,3894,42,171,0
qwen3.5-4b,qwen3.5-4b,dash-b,Sphere-Traj-LSTM,proxy_anchor,Diag-Classifier,test,test,pooled,0.5,20260508,,evaluated,,passed,,0.4013980889363206,0.33514052350146284,0.47876181935141393,0.6365532118887823,0.5820804253754996,0.6884188942312693,0.4071834134659149,0.007142857142857143,0.7718120805369127,438,298,140,361,3852,84,42,3894,42,5,0
qwen3.5-4b,qwen3.5-4b,dash-b,Sphere-Traj-LSTM,proxy_anchor,Diag-kNN-tuned,test,test,pooled,0.5,20260508,2,evaluated,,passed,,0.501782703780482,0.42416230398002985,0.5870632264542137,0.7462128475551294,0.698668597411428,0.7922446478559249,0.507701817970383,0.007142857142857143,0.8422818791946308,438,298,140,361,3852,84,42,3894,42,5,0
qwen3.5-4b,qwen3.5-4b,dash-b,Sphere-Traj-LSTM,proxy_anchor,Diag-vMF,test,test,pooled,0.5,20260508,,evaluated,,passed,,0.32696971210335635,0.2689909567355858,0.3978814357621711,0.5054410354745926,0.44700147140614993,0.5662394919516309,0.3326559973618774,0.007142857142857143,0.9530201342281879,438,298,140,361,3852,84,42,3894,42,5,0
qwen3.5-4b,qwen3.5-4b,repope,Sphere-Traj-LSTM,proxy_anchor,Diag-Classifier,test,test,pooled,0.25,20260506,,evaluated,,passed,,0.2846310521147421,0.1197879867080753,0.4682395073587002,0.7546054031057222,0.6479649221172683,0.8581589351895234,0.2929944533874747,0.3,0.8959795788130185,1597,1567,30,1548,3852,84,21,3873,21,43,0
qwen3.5-4b,qwen3.5-4b,repope,Sphere-Traj-LSTM,proxy_anchor,Diag-kNN-tuned,test,test,pooled,0.25,20260506,32,evaluated,,passed,,0.2403882051672297,0.11369222266220809,0.4244992125253111,0.922208040842374,0.8933608055445684,0.9477949100998558,0.2536698389738806,0.23333333333333334,0.17677089980855137,1597,1567,30,1548,3852,84,21,3873,21,43,0
qwen3.5-4b,qwen3.5-4b,repope,Sphere-Traj-LSTM,proxy_anchor,Diag-vMF,test,test,pooled,0.25,20260506,,evaluated,,passed,,0.30659750835130783,0.1701917299726681,0.48555682165097974,0.961646458200383,0.946161698844605,0.9763796461080267,0.3221965047842748,0.26666666666666666,0.12316528398213146,1597,1567,30,1548,3852,84,21,3873,21,43,0
qwen3.5-4b,qwen3.5-4b,pope,Sphere-Traj-LSTM,proxy_anchor,Diag-Classifier,test,test,pooled,0.25,20260506,,evaluated,,passed,,0.28279442783454,0.1644981147976378,0.4438538321179915,0.8902435091114336,0.8277428775064302,0.9395828353883354,0.29821051880295213,0.28205128205128205,0.46855345911949686,1629,1590,39,1622,3852,84,21,3873,21,171,0
qwen3.5-4b,qwen3.5-4b,pope,Sphere-Traj-LSTM,proxy_anchor,Diag-kNN-tuned,test,test,pooled,0.25,20260506,32,evaluated,,passed,,0.1716561045161827,0.08502714138756186,0.3054724623096607,0.875020158039026,0.8399470055610406,0.907757388674161,0.18567844995127447,0.20512820512820512,0.2779874213836478,1629,1590,39,1622,3852,84,21,3873,21,171,0
qwen3.5-4b,qwen3.5-4b,pope,Sphere-Traj-LSTM,proxy_anchor,Diag-vMF,test,test,pooled,0.25,20260506,,evaluated,,passed,,0.3090795881603881,0.19036711643299137,0.45328842328278157,0.9649088856636027,0.9517770790283869,0.9757153739879325,0.3256215581858666,0.2564102564102564,0.07610062893081761,1629,1590,39,1622,3852,84,21,3873,21,171,0
qwen3.5-4b,qwen3.5-4b,dash-b,Sphere-Traj-LSTM,proxy_anchor,Diag-Classifier,test,test,pooled,0.25,20260506,,evaluated,,passed,,0.5793876115792022,0.48913179557998865,0.6812602049177016,0.7334611697027804,0.6756189954222682,0.7880313097501934,0.5850558757265287,0.02857142857142857,0.8859060402684564,438,298,140,361,3852,84,21,3873,21,5,0
qwen3.5-4b,qwen3.5-4b,dash-b,Sphere-Traj-LSTM,proxy_anchor,Diag-kNN-tuned,test,test,pooled,0.25,20260506,32,evaluated,,passed,,0.515618146186492,0.431062005308402,0.6121111587791094,0.7312799616490891,0.6808054350317537,0.7823080934592905,0.5216510512567732,0.007142857142857143,0.7785234899328859,438,298,140,361,3852,84,21,3873,21,5,0
qwen3.5-4b,qwen3.5-4b,dash-b,Sphere-Traj-LSTM,proxy_anchor,Diag-vMF,test,test,pooled,0.25,20260506,,evaluated,,passed,,0.5784249484903751,0.48744355709027887,0.6777304767148303,0.7304170661553212,0.6768122926792006,0.7836216732661894,0.5822804521805028,0.03571428571428571,0.9093959731543624,438,298,140,361,3852,84,21,3873,21,5,0
qwen3.5-4b,qwen3.5-4b,repope,Sphere-Traj-LSTM,proxy_anchor,Diag-Classifier,test,test,pooled,0.25,20260507,,evaluated,,passed,,0.2667501899501077,0.15551639020078317,0.398885806349358,0.9673686449691554,0.954745530529158,0.9779907303159627,0.2821153847540646,0.06666666666666667,0.08296107211231653,1597,1567,30,1548,3852,84,21,3873,21,43,0
qwen3.5-4b,qwen3.5-4b,repope,Sphere-Traj-LSTM,proxy_anchor,Diag-kNN-tuned,test,test,pooled,0.25,20260507,32,evaluated,,passed,,0.022711434099095238,0.014408113365635168,0.036131091878657345,0.6109763880025526,0.5454995281906111,0.6771854971327373,0.02524298443986671,0.0,0.6828334396936822,1597,1567,30,1548,3852,84,21,3873,21,43,0
qwen3.5-4b,qwen3.5-4b,repope,Sphere-Traj-LSTM,proxy_anchor,Diag-vMF,test,test,pooled,0.25,20260507,,evaluated,,passed,,0.1757459267351276,0.10629340900625409,0.2783247550004352,0.9430121250797703,0.920210239268121,0.962817418066791,0.19244303829954518,0.06666666666666667,0.17677089980855137,1597,1567,30,1548,3852,84,21,3873,21,43,0
qwen3.5-4b,qwen3.5-4b,pope,Sphere-Traj-LSTM,proxy_anchor,Diag-Classifier,test,test,pooled,0.25,20260507,,evaluated,,passed,,0.19780463605491616,0.13706913954344258,0.2834313795810902,0.9508950169327528,0.9376404061300713,0.9638903173230647,0.20879142538851858,0.05128205128205128,0.10566037735849057,1629,1590,39,1622,3852,84,21,3873,21,171,0
qwen3.5-4b,qwen3.5-4b,pope,Sphere-Traj-LSTM,proxy_anchor,Diag-kNN-tuned,test,test,pooled,0.25,20260507,32,evaluated,,passed,,0.019941899387557555,0.013760177736370807,0.026930943587227554,0.458200290275762,0.4065803010408969,0.5124678654880997,0.020841002854033838,0.0,0.7647798742138365,1629,1590,39,1622,3852,84,21,3873,21,171,0
qwen3.5-4b,qwen3.5-4b,pope,Sphere-Traj-LSTM,proxy_anchor,Diag-vMF,test,test,pooled,0.25,20260507,,evaluated,,passed,,0.07656638661872368,0.05182071229510549,0.1090090556307466,0.859538784067086,0.8296371430437596,0.8878142046956367,0.08084127018715997,0.0,0.2918238993710692,1629,1590,39,1622,3852,84,21,3873,21,171,0
qwen3.5-4b,qwen3.5-4b,dash-b,Sphere-Traj-LSTM,proxy_anchor,Diag-Classifier,test,test,pooled,0.25,20260507,,evaluated,,passed,,0.6204160458486371,0.5366990624064489,0.7086039477570998,0.8083173537871525,0.7656517522394086,0.8476235958816412,0.6253998235573108,0.007142857142857143,0.6342281879194631,438,298,140,361,3852,84,21,3873,21,5,0
qwen3.5-4b,qwen3.5-4b,dash-b,Sphere-Traj-LSTM,proxy_anchor,Diag-kNN-tuned,test,test,pooled,0.25,20260507,32,evaluated,,passed,,0.31004773299003385,0.2662653677119861,0.36346379449689176,0.554026845637584,0.5004959892266334,0.6060307237431011,0.3125177291257775,0.0,0.6946308724832215,438,298,140,361,3852,84,21,3873,21,5,0
qwen3.5-4b,qwen3.5-4b,dash-b,Sphere-Traj-LSTM,proxy_anchor,Diag-vMF,test,test,pooled,0.25,20260507,,evaluated,,passed,,0.42775701876947336,0.36354043348091364,0.5055628998950068,0.6900767018216682,0.6383030563663028,0.7431603772974783,0.43097798082859495,0.0,0.8590604026845637,438,298,140,361,3852,84,21,3873,21,5,0
qwen3.5-4b,qwen3.5-4b,repope,Sphere-Traj-LSTM,proxy_anchor,Diag-Classifier,test,test,pooled,0.25,20260508,,evaluated,,passed,,0.31073441341690405,0.15863698118112307,0.48289579242425384,0.7231652839821314,0.596837712972927,0.8515242842856388,0.29001734251829825,0.3,0.9553286534779835,1597,1567,30,1548,3852,84,21,3873,21,43,0
qwen3.5-4b,qwen3.5-4b,repope,Sphere-Traj-LSTM,proxy_anchor,Diag-kNN-tuned,test,test,pooled,0.25,20260508,32,evaluated,,passed,,0.3672457341712412,0.2031208578257723,0.5269738590218167,0.9479047011274196,0.9241233176042174,0.9680075825220203,0.3766013937890036,0.3,0.1723037651563497,1597,1567,30,1548,3852,84,21,3873,21,43,0
qwen3.5-4b,qwen3.5-4b,repope,Sphere-Traj-LSTM,proxy_anchor,Diag-vMF,test,test,pooled,0.25,20260508,,evaluated,,passed,,0.40597766898234455,0.24325823523764512,0.5672295925204477,0.9666028504573496,0.9522026688291522,0.9792433508231647,0.41646569624015517,0.36666666666666664,0.11104020421186982,1597,1567,30,1548,3852,84,21,3873,21,43,0
qwen3.5-4b,qwen3.5-4b,pope,Sphere-Traj-LSTM,proxy_anchor,Diag-Classifier,test,test,pooled,0.25,20260508,,evaluated,,passed,,0.28625873530377516,0.15268593923782464,0.4215825348504595,0.8084179970972425,0.7094817571938236,0.8955705889992857,0.25798922811254815,0.1794871794871795,0.8421383647798742,1629,1590,39,1622,3852,84,21,3873,21,171,0
qwen3.5-4b,qwen3.5-4b,pope,Sphere-Traj-LSTM,proxy_anchor,Diag-kNN-tuned,test,test,pooled,0.25,20260508,32,evaluated,,passed,,0.25818656540472645,0.1508429895047585,0.40300656667244744,0.9435252378648605,0.9250094961288424,0.9595629450908414,0.2762467713838982,0.1794871794871795,0.17044025157232703,1629,1590,39,1622,3852,84,21,3873,21,171,0
qwen3.5-4b,qwen3.5-4b,pope,Sphere-Traj-LSTM,proxy_anchor,Diag-vMF,test,test,pooled,0.25,20260508,,evaluated,,passed,,0.29339225754492393,0.18488906514823839,0.4336215467816064,0.9600709562973714,0.9441117435206736,0.9718014736859307,0.3122422388812807,0.1794871794871795,0.13081761006289308,1629,1590,39,1622,3852,84,21,3873,21,171,0
qwen3.5-4b,qwen3.5-4b,dash-b,Sphere-Traj-LSTM,proxy_anchor,Diag-Classifier,test,test,pooled,0.25,20260508,,evaluated,,passed,,0.4508356720841223,0.3692738884030022,0.5462662013578492,0.5826222435282838,0.5252673599143621,0.6424322975509356,0.4556770662607984,0.0,0.9798657718120806,438,298,140,361,3852,84,21,3873,21,5,0
qwen3.5-4b,qwen3.5-4b,dash-b,Sphere-Traj-LSTM,proxy_anchor,Diag-kNN-tuned,test,test,pooled,0.25,20260508,32,evaluated,,passed,,0.5567618690756845,0.4694959137161138,0.6516712981500478,0.7509108341323106,0.7034273050987118,0.7985091254955169,0.5616539829853557,0.0,0.6778523489932886,438,298,140,361,3852,84,21,3873,21,5,0
qwen3.5-4b,qwen3.5-4b,dash-b,Sphere-Traj-LSTM,proxy_anchor,Diag-vMF,test,test,pooled,0.25,20260508,,evaluated,,passed,,0.5223776342976001,0.43406147269906,0.6195203373517405,0.671692233940556,0.6133213913030316,0.7275511313927968,0.5272420443204398,0.0,0.9261744966442953,438,298,140,361,3852,84,21,3873,21,5,0
qwen3.5-4b,qwen3.5-4b,repope,Sphere-Traj-LSTM,proxy_anchor,Diag-kNN-tuned,test,test,pooled,0.1,20260506,,skipped,ratio 0.1 would leave fewer than 20 hard negatives (8),skipped,ratio 0.1 would leave fewer than 20 hard negatives (8),nan,nan,nan,nan,nan,nan,nan,nan,nan,0,0,0,0,3852,84,0,3852,0,0,0
qwen3.5-4b,qwen3.5-4b,repope,Sphere-Traj-LSTM,proxy_anchor,Diag-Classifier,test,test,pooled,0.1,20260506,,skipped,ratio 0.1 would leave fewer than 20 hard negatives (8),skipped,ratio 0.1 would leave fewer than 20 hard negatives (8),nan,nan,nan,nan,nan,nan,nan,nan,nan,0,0,0,0,3852,84,0,3852,0,0,0
qwen3.5-4b,qwen3.5-4b,repope,Sphere-Traj-LSTM,proxy_anchor,Diag-vMF,test,test,pooled,0.1,20260506,,skipped,ratio 0.1 would leave fewer than 20 hard negatives (8),skipped,ratio 0.1 would leave fewer than 20 hard negatives (8),nan,nan,nan,nan,nan,nan,nan,nan,nan,0,0,0,0,3852,84,0,3852,0,0,0
qwen3.5-4b,qwen3.5-4b,pope,Sphere-Traj-LSTM,proxy_anchor,Diag-kNN-tuned,test,test,pooled,0.1,20260506,,skipped,ratio 0.1 would leave fewer than 20 hard negatives (8),skipped,ratio 0.1 would leave fewer than 20 hard negatives (8),nan,nan,nan,nan,nan,nan,nan,nan,nan,0,0,0,0,3852,84,0,3852,0,0,0
qwen3.5-4b,qwen3.5-4b,pope,Sphere-Traj-LSTM,proxy_anchor,Diag-Classifier,test,test,pooled,0.1,20260506,,skipped,ratio 0.1 would leave fewer than 20 hard negatives (8),skipped,ratio 0.1 would leave fewer than 20 hard negatives (8),nan,nan,nan,nan,nan,nan,nan,nan,nan,0,0,0,0,3852,84,0,3852,0,0,0
qwen3.5-4b,qwen3.5-4b,pope,Sphere-Traj-LSTM,proxy_anchor,Diag-vMF,test,test,pooled,0.1,20260506,,skipped,ratio 0.1 would leave fewer than 20 hard negatives (8),skipped,ratio 0.1 would leave fewer than 20 hard negatives (8),nan,nan,nan,nan,nan,nan,nan,nan,nan,0,0,0,0,3852,84,0,3852,0,0,0
qwen3.5-4b,qwen3.5-4b,dash-b,Sphere-Traj-LSTM,proxy_anchor,Diag-kNN-tuned,test,test,pooled,0.1,20260506,,skipped,ratio 0.1 would leave fewer than 20 hard negatives (8),skipped,ratio 0.1 would leave fewer than 20 hard negatives (8),nan,nan,nan,nan,nan,nan,nan,nan,nan,0,0,0,0,3852,84,0,3852,0,0,0
qwen3.5-4b,qwen3.5-4b,dash-b,Sphere-Traj-LSTM,proxy_anchor,Diag-Classifier,test,test,pooled,0.1,20260506,,skipped,ratio 0.1 would leave fewer than 20 hard negatives (8),skipped,ratio 0.1 would leave fewer than 20 hard negatives (8),nan,nan,nan,nan,nan,nan,nan,nan,nan,0,0,0,0,3852,84,0,3852,0,0,0
qwen3.5-4b,qwen3.5-4b,dash-b,Sphere-Traj-LSTM,proxy_anchor,Diag-vMF,test,test,pooled,0.1,20260506,,skipped,ratio 0.1 would leave fewer than 20 hard negatives (8),skipped,ratio 0.1 would leave fewer than 20 hard negatives (8),nan,nan,nan,nan,nan,nan,nan,nan,nan,0,0,0,0,3852,84,0,3852,0,0,0
qwen3.5-4b,qwen3.5-4b,repope,Sphere-Traj-LSTM,proxy_anchor,Diag-kNN-tuned,test,test,pooled,0.1,20260507,,skipped,ratio 0.1 would leave fewer than 20 hard negatives (8),skipped,ratio 0.1 would leave fewer than 20 hard negatives (8),nan,nan,nan,nan,nan,nan,nan,nan,nan,0,0,0,0,3852,84,0,3852,0,0,0
qwen3.5-4b,qwen3.5-4b,repope,Sphere-Traj-LSTM,proxy_anchor,Diag-Classifier,test,test,pooled,0.1,20260507,,skipped,ratio 0.1 would leave fewer than 20 hard negatives (8),skipped,ratio 0.1 would leave fewer than 20 hard negatives (8),nan,nan,nan,nan,nan,nan,nan,nan,nan,0,0,0,0,3852,84,0,3852,0,0,0
qwen3.5-4b,qwen3.5-4b,repope,Sphere-Traj-LSTM,proxy_anchor,Diag-vMF,test,test,pooled,0.1,20260507,,skipped,ratio 0.1 would leave fewer than 20 hard negatives (8),skipped,ratio 0.1 would leave fewer than 20 hard negatives (8),nan,nan,nan,nan,nan,nan,nan,nan,nan,0,0,0,0,3852,84,0,3852,0,0,0
qwen3.5-4b,qwen3.5-4b,pope,Sphere-Traj-LSTM,proxy_anchor,Diag-kNN-tuned,test,test,pooled,0.1,20260507,,skipped,ratio 0.1 would leave fewer than 20 hard negatives (8),skipped,ratio 0.1 would leave fewer than 20 hard negatives (8),nan,nan,nan,nan,nan,nan,nan,nan,nan,0,0,0,0,3852,84,0,3852,0,0,0
qwen3.5-4b,qwen3.5-4b,pope,Sphere-Traj-LSTM,proxy_anchor,Diag-Classifier,test,test,pooled,0.1,20260507,,skipped,ratio 0.1 would leave fewer than 20 hard negatives (8),skipped,ratio 0.1 would leave fewer than 20 hard negatives (8),nan,nan,nan,nan,nan,nan,nan,nan,nan,0,0,0,0,3852,84,0,3852,0,0,0
qwen3.5-4b,qwen3.5-4b,pope,Sphere-Traj-LSTM,proxy_anchor,Diag-vMF,test,test,pooled,0.1,20260507,,skipped,ratio 0.1 would leave fewer than 20 hard negatives (8),skipped,ratio 0.1 would leave fewer than 20 hard negatives (8),nan,nan,nan,nan,nan,nan,nan,nan,nan,0,0,0,0,3852,84,0,3852,0,0,0
qwen3.5-4b,qwen3.5-4b,dash-b,Sphere-Traj-LSTM,proxy_anchor,Diag-kNN-tuned,test,test,pooled,0.1,20260507,,skipped,ratio 0.1 would leave fewer than 20 hard negatives (8),skipped,ratio 0.1 would leave fewer than 20 hard negatives (8),nan,nan,nan,nan,nan,nan,nan,nan,nan,0,0,0,0,3852,84,0,3852,0,0,0
qwen3.5-4b,qwen3.5-4b,dash-b,Sphere-Traj-LSTM,proxy_anchor,Diag-Classifier,test,test,pooled,0.1,20260507,,skipped,ratio 0.1 would leave fewer than 20 hard negatives (8),skipped,ratio 0.1 would leave fewer than 20 hard negatives (8),nan,nan,nan,nan,nan,nan,nan,nan,nan,0,0,0,0,3852,84,0,3852,0,0,0
qwen3.5-4b,qwen3.5-4b,dash-b,Sphere-Traj-LSTM,proxy_anchor,Diag-vMF,test,test,pooled,0.1,20260507,,skipped,ratio 0.1 would leave fewer than 20 hard negatives (8),skipped,ratio 0.1 would leave fewer than 20 hard negatives (8),nan,nan,nan,nan,nan,nan,nan,nan,nan,0,0,0,0,3852,84,0,3852,0,0,0
qwen3.5-4b,qwen3.5-4b,repope,Sphere-Traj-LSTM,proxy_anchor,Diag-kNN-tuned,test,test,pooled,0.1,20260508,,skipped,ratio 0.1 would leave fewer than 20 hard negatives (8),skipped,ratio 0.1 would leave fewer than 20 hard negatives (8),nan,nan,nan,nan,nan,nan,nan,nan,nan,0,0,0,0,3852,84,0,3852,0,0,0
qwen3.5-4b,qwen3.5-4b,repope,Sphere-Traj-LSTM,proxy_anchor,Diag-Classifier,test,test,pooled,0.1,20260508,,skipped,ratio 0.1 would leave fewer than 20 hard negatives (8),skipped,ratio 0.1 would leave fewer than 20 hard negatives (8),nan,nan,nan,nan,nan,nan,nan,nan,nan,0,0,0,0,3852,84,0,3852,0,0,0
qwen3.5-4b,qwen3.5-4b,repope,Sphere-Traj-LSTM,proxy_anchor,Diag-vMF,test,test,pooled,0.1,20260508,,skipped,ratio 0.1 would leave fewer than 20 hard negatives (8),skipped,ratio 0.1 would leave fewer than 20 hard negatives (8),nan,nan,nan,nan,nan,nan,nan,nan,nan,0,0,0,0,3852,84,0,3852,0,0,0
qwen3.5-4b,qwen3.5-4b,pope,Sphere-Traj-LSTM,proxy_anchor,Diag-kNN-tuned,test,test,pooled,0.1,20260508,,skipped,ratio 0.1 would leave fewer than 20 hard negatives (8),skipped,ratio 0.1 would leave fewer than 20 hard negatives (8),nan,nan,nan,nan,nan,nan,nan,nan,nan,0,0,0,0,3852,84,0,3852,0,0,0
qwen3.5-4b,qwen3.5-4b,pope,Sphere-Traj-LSTM,proxy_anchor,Diag-Classifier,test,test,pooled,0.1,20260508,,skipped,ratio 0.1 would leave fewer than 20 hard negatives (8),skipped,ratio 0.1 would leave fewer than 20 hard negatives (8),nan,nan,nan,nan,nan,nan,nan,nan,nan,0,0,0,0,3852,84,0,3852,0,0,0
qwen3.5-4b,qwen3.5-4b,pope,Sphere-Traj-LSTM,proxy_anchor,Diag-vMF,test,test,pooled,0.1,20260508,,skipped,ratio 0.1 would leave fewer than 20 hard negatives (8),skipped,ratio 0.1 would leave fewer than 20 hard negatives (8),nan,nan,nan,nan,nan,nan,nan,nan,nan,0,0,0,0,3852,84,0,3852,0,0,0
qwen3.5-4b,qwen3.5-4b,dash-b,Sphere-Traj-LSTM,proxy_anchor,Diag-kNN-tuned,test,test,pooled,0.1,20260508,,skipped,ratio 0.1 would leave fewer than 20 hard negatives (8),skipped,ratio 0.1 would leave fewer than 20 hard negatives (8),nan,nan,nan,nan,nan,nan,nan,nan,nan,0,0,0,0,3852,84,0,3852,0,0,0
qwen3.5-4b,qwen3.5-4b,dash-b,Sphere-Traj-LSTM,proxy_anchor,Diag-Classifier,test,test,pooled,0.1,20260508,,skipped,ratio 0.1 would leave fewer than 20 hard negatives (8),skipped,ratio 0.1 would leave fewer than 20 hard negatives (8),nan,nan,nan,nan,nan,nan,nan,nan,nan,0,0,0,0,3852,84,0,3852,0,0,0
qwen3.5-4b,qwen3.5-4b,dash-b,Sphere-Traj-LSTM,proxy_anchor,Diag-vMF,test,test,pooled,0.1,20260508,,skipped,ratio 0.1 would leave fewer than 20 hard negatives (8),skipped,ratio 0.1 would leave fewer than 20 hard negatives (8),nan,nan,nan,nan,nan,nan,nan,nan,nan,0,0,0,0,3852,84,0,3852,0,0,0
qwen3.5-9b,qwen3.5-9b,repope,Sphere-Traj-LSTM,proxy_anchor,Diag-Classifier,test,test,pooled,1.0,20260506,,evaluated,,passed,,0.3095132621096801,0.15511243677573597,0.4751788907823892,0.8614879074658255,0.7315741018885612,0.9597633846159115,0.23006225963810423,0.2916666666666667,0.8094637223974763,1609,1585,24,1554,3885,114,114,3999,114,31,0
qwen3.5-9b,qwen3.5-9b,repope,Sphere-Traj-LSTM,proxy_anchor,Diag-kNN-tuned,test,test,pooled,1.0,20260506,32,evaluated,,passed,,0.19916394921831856,0.11381974293886292,0.31495325514187694,0.9587802313354363,0.9362422553101801,0.9782023732513534,0.21743286125199957,0.16666666666666666,0.15205047318611986,1609,1585,24,1554,3885,114,114,3999,114,31,0
qwen3.5-9b,qwen3.5-9b,repope,Sphere-Traj-LSTM,proxy_anchor,Diag-vMF,test,test,pooled,1.0,20260506,,evaluated,,passed,,0.2219788437711117,0.12410728197069479,0.35524580857409055,0.9433228180862251,0.8768373997481503,0.9810934550031466,0.23950170546173544,0.2916666666666667,0.1362776025236593,1609,1585,24,1554,3885,114,114,3999,114,31,0
qwen3.5-9b,qwen3.5-9b,pope,Sphere-Traj-LSTM,proxy_anchor,Diag-Classifier,test,test,pooled,1.0,20260506,,evaluated,,passed,,0.28707654041707265,0.18109536426427747,0.4009336301719535,0.7801816911250874,0.6765924090051998,0.864249734316229,0.2209405585931708,0.0,0.9270440251572327,1635,1590,45,1642,3885,114,114,3999,114,165,0
qwen3.5-9b,qwen3.5-9b,pope,Sphere-Traj-LSTM,proxy_anchor,Diag-kNN-tuned,test,test,pooled,1.0,20260506,32,evaluated,,passed,,0.20278765631757723,0.12894316269044798,0.3008147785867135,0.9321174004192871,0.912648925725133,0.9504302253014795,0.2111304285625483,0.08888888888888889,0.1779874213836478,1635,1590,45,1642,3885,114,114,3999,114,165,0
qwen3.5-9b,qwen3.5-9b,pope,Sphere-Traj-LSTM,proxy_anchor,Diag-vMF,test,test,pooled,1.0,20260506,,evaluated,,passed,,0.2714069992152512,0.1742753789455734,0.38817028912872065,0.923424178895877,0.8705589024346724,0.9608310803422071,0.28129941398814495,0.2,0.1471698113207547,1635,1590,45,1642,3885,114,114,3999,114,165,0
qwen3.5-9b,qwen3.5-9b,dash-b,Sphere-Traj-LSTM,proxy_anchor,Diag-Classifier,test,test,pooled,1.0,20260506,,evaluated,,passed,,0.4962998400205071,0.4157958521939926,0.5662871384392357,0.4760813148788927,0.4150043569570123,0.5362810572661959,0.49811513805883156,0.047058823529411764,0.9742647058823529,442,272,170,349,3885,114,114,3999,114,1,0
qwen3.5-9b,qwen3.5-9b,dash-b,Sphere-Traj-LSTM,proxy_anchor,Diag-kNN-tuned,test,test,pooled,1.0,20260506,32,evaluated,,passed,,0.7673673380107422,0.6939796096881989,0.8284275187705961,0.8669982698961938,0.8302019608552105,0.9000216397181525,0.7688721162923986,0.041176470588235294,0.43014705882352944,442,272,170,349,3885,114,114,3999,114,1,0
qwen3.5-9b,qwen3.5-9b,dash-b,Sphere-Traj-LSTM,proxy_anchor,Diag-vMF,test,test,pooled,1.0,20260506,,evaluated,,passed,,0.7243960039025998,0.6446568471031424,0.7914684895085845,0.7852941176470588,0.7317966009200064,0.8330892879172631,0.7259176629444293,0.041176470588235294,0.8419117647058824,442,272,170,349,3885,114,114,3999,114,1,0
qwen3.5-9b,qwen3.5-9b,repope,Sphere-Traj-LSTM,proxy_anchor,Diag-Classifier,test,test,pooled,1.0,20260507,,evaluated,,passed,,0.26663672168066604,0.1329325128012429,0.45296241972017665,0.905862250262881,0.8047613886979436,0.9760021892053138,0.25163103436610956,0.4166666666666667,0.7072555205047318,1609,1585,24,1554,3885,114,114,3999,114,31,0
qwen3.5-9b,qwen3.5-9b,repope,Sphere-Traj-LSTM,proxy_anchor,Diag-kNN-tuned,test,test,pooled,1.0,20260507,32,evaluated,,passed,,0.24983716054702193,0.1406426297427288,0.4227280985395939,0.9648002103049421,0.9444620950724307,0.9815299849563989,0.2703302030130964,0.4166666666666667,0.13123028391167194,1609,1585,24,1554,3885,114,114,3999,114,31,0
qwen3.5-9b,qwen3.5-9b,repope,Sphere-Traj-LSTM,proxy_anchor,Diag-vMF,test,test,pooled,1.0,20260507,,evaluated,,passed,,0.24329909743193429,0.13726985530328656,0.4142540329898876,0.9497371188222923,0.9028910716376916,0.9805515909329139,0.2636633671510871,0.4166666666666667,0.15772870662460567,1609,1585,24,1554,3885,114,114,3999,114,31,0
qwen3.5-9b,qwen3.5-9b,pope,Sphere-Traj-LSTM,proxy_anchor,Diag-Classifier,test,test,pooled,1.0,20260507,,evaluated,,passed,,0.31752083955017607,0.19471398358215544,0.4591929732226107,0.8773095737246681,0.8109561091660911,0.9331352492865412,0.3032844412561257,0.28888888888888886,0.5163522012578616,1635,1590,45,1642,3885,114,114,3999,114,165,0
qwen3.5-9b,qwen3.5-9b,pope,Sphere-Traj-LSTM,proxy_anchor,Diag-kNN-tuned,test,test,pooled,1.0,20260507,32,evaluated,,passed,,0.26752065022260413,0.14969825422274258,0.40999084942903624,0.9010901467505241,0.8608074172502419,0.9333160253982873,0.2775862336007624,0.2222222222222222,0.39622641509433965,1635,1590,45,1642,3885,114,114,3999,114,165,0
qwen3.5-9b,qwen3.5-9b,pope,Sphere-Traj-LSTM,proxy_anchor,Diag-vMF,test,test,pooled,1.0,20260507,,evaluated,,passed,,0.30453348078171166,0.19269052201798265,0.447781677603792,0.9339482879105521,0.8941347089993668,0.9631933910850511,0.31551362651493275,0.24444444444444444,0.12515723270440252,1635,1590,45,1642,3885,114,114,3999,114,165,0
qwen3.5-9b,qwen3.5-9b,dash-b,Sphere-Traj-LSTM,proxy_anchor,Diag-Classifier,test,test,pooled,1.0,20260507,,evaluated,,passed,,0.6846663067284774,0.6088992993182083,0.7572032780299576,0.764446366782007,0.7175525070411061,0.8136304214147305,0.6867108754126765,0.058823529411764705,0.9705882352941176,442,272,170,349,3885,114,114,3999,114,1,0
qwen3.5-9b,qwen3.5-9b,dash-b,Sphere-Traj-LSTM,proxy_anchor,Diag-kNN-tuned,test,test,pooled,1.0,20260507,32,evaluated,,passed,,0.7276236219103099,0.6538663075125294,0.7937409242537873,0.8459342560553633,0.8133248159749168,0.879651246965478,0.7295227849151266,0.058823529411764705,0.48161764705882354,442,272,170,349,3885,114,114,3999,114,1,0
qwen3.5-9b,qwen3.5-9b,dash-b,Sphere-Traj-LSTM,proxy_anchor,Diag-vMF,test,test,pooled,1.0,20260507,,evaluated,,passed,,0.6957424657184949,0.6217395102286929,0.7666765968278361,0.7808174740484429,0.7357532748390258,0.8261135577225543,0.6976481958494831,0.058823529411764705,0.8602941176470589,442,272,170,349,3885,114,114,3999,114,1,0
qwen3.5-9b,qwen3.5-9b,repope,Sphere-Traj-LSTM,proxy_anchor,Diag-Classifier,test,test,pooled,1.0,20260508,,evaluated,,passed,,0.24786141318244617,0.13545654258451764,0.4344550222845256,0.9646950578338591,0.9353112088883166,0.9827831244879242,0.27667642983344404,0.16666666666666666,0.0750788643533123,1609,1585,24,1554,3885,114,114,3999,114,31,0
qwen3.5-9b,qwen3.5-9b,repope,Sphere-Traj-LSTM,proxy_anchor,Diag-kNN-tuned,test,test,pooled,1.0,20260508,32,evaluated,,passed,,0.17535652226434903,0.08806437151638716,0.3388348213794177,0.9354889589905364,0.8851438017283003,0.9703253622324434,0.1986252648666376,0.125,0.27381703470031543,1609,1585,24,1554,3885,114,114,3999,114,31,0
qwen3.5-9b,qwen3.5-9b,repope,Sphere-Traj-LSTM,proxy_anchor,Diag-vMF,test,test,pooled,1.0,20260508,,evaluated,,passed,,0.2608806282528656,0.14590477003180885,0.45322372144094103,0.9636435331230284,0.9286975768091419,0.9836117168843939,0.2903201805618452,0.25,0.07129337539432176,1609,1585,24,1554,3885,114,114,3999,114,31,0
qwen3.5-9b,qwen3.5-9b,pope,Sphere-Traj-LSTM,proxy_anchor,Diag-Classifier,test,test,pooled,1.0,20260508,,evaluated,,passed,,0.2823724775749656,0.17899759530930176,0.41744130152884046,0.9454996505939903,0.9264932632398754,0.9606413895933624,0.2848641004336949,0.2,0.11572327044025157,1635,1590,45,1642,3885,114,114,3999,114,165,0
qwen3.5-9b,qwen3.5-9b,pope,Sphere-Traj-LSTM,proxy_anchor,Diag-kNN-tuned,test,test,pooled,1.0,20260508,32,evaluated,,passed,,0.14413468392550827,0.07121729363502378,0.2446949746419721,0.8245702306079665,0.7727216844588899,0.8709949834254682,0.15215403022260643,0.15555555555555556,0.49748427672955975,1635,1590,45,1642,3885,114,114,3999,114,165,0
qwen3.5-9b,qwen3.5-9b,pope,Sphere-Traj-LSTM,proxy_anchor,Diag-vMF,test,test,pooled,1.0,20260508,,evaluated,,passed,,0.28526868456292925,0.18016683516738033,0.41661617809113694,0.9322571628232006,0.9026547709860839,0.955132370807233,0.2961702707445348,0.28888888888888886,0.15534591194968553,1635,1590,45,1642,3885,114,114,3999,114,165,0
qwen3.5-9b,qwen3.5-9b,dash-b,Sphere-Traj-LSTM,proxy_anchor,Diag-Classifier,test,test,pooled,1.0,20260508,,evaluated,,passed,,0.7592203004739105,0.683342340545595,0.830761145882977,0.8608023356401384,0.8257546373902322,0.8932455791205395,0.7580943535276452,0.06470588235294118,0.45955882352941174,442,272,170,349,3885,114,114,3999,114,1,0
qwen3.5-9b,qwen3.5-9b,dash-b,Sphere-Traj-LSTM,proxy_anchor,Diag-kNN-tuned,test,test,pooled,1.0,20260508,32,evaluated,,passed,,0.7664704044775128,0.6934225723501377,0.8369586182364064,0.8688365051903115,0.8372281958546489,0.9005469662763433,0.7679451250739395,0.06470588235294118,0.44485294117647056,442,272,170,349,3885,114,114,3999,114,1,0
qwen3.5-9b,qwen3.5-9b,dash-b,Sphere-Traj-LSTM,proxy_anchor,Diag-vMF,test,test,pooled,1.0,20260508,,evaluated,,passed,,0.7405135502839291,0.667401643918906,0.8104479107683893,0.8184039792387544,0.7759088175138471,0.8592975277835562,0.7420010767729324,0.06470588235294118,0.7794117647058824,442,272,170,349,3885,114,114,3999,114,1,0
qwen3.5-9b,qwen3.5-9b,repope,Sphere-Traj-LSTM,proxy_anchor,Diag-Classifier,test,test,pooled,0.5,20260506,,evaluated,,passed,,0.20317259692413867,0.06979990246061028,0.38236612922705454,0.5657991587802312,0.3699050930221739,0.7487495862297253,0.18651291245061935,0.3333333333333333,1.0,1609,1585,24,1554,3885,114,57,3942,57,31,0
qwen3.5-9b,qwen3.5-9b,repope,Sphere-Traj-LSTM,proxy_anchor,Diag-kNN-tuned,test,test,pooled,0.5,20260506,1,evaluated,,passed,,0.15720403229916083,0.08813993980783044,0.24353479903482564,0.9521819137749737,0.9269951733642056,0.9712896178622582,0.17256467111819235,0.0,0.10031545741324921,1609,1585,24,1554,3885,114,57,3942,57,31,0
qwen3.5-9b,qwen3.5-9b,repope,Sphere-Traj-LSTM,proxy_anchor,Diag-vMF,test,test,pooled,0.5,20260506,,evaluated,,passed,,0.25752900905873205,0.14537312045057096,0.4403205464299954,0.9530757097791798,0.903008170978406,0.9828712299844162,0.28514209719785955,0.375,0.09337539432176656,1609,1585,24,1554,3885,114,57,3942,57,31,0
qwen3.5-9b,qwen3.5-9b,pope,Sphere-Traj-LSTM,proxy_anchor,Diag-Classifier,test,test,pooled,0.5,20260506,,evaluated,,passed,,0.1919945523806686,0.09949047475185534,0.29884663935103456,0.5480153738644304,0.41437793273395607,0.6748369772235315,0.17335208542868377,0.17777777777777778,0.9874213836477987,1635,1590,45,1642,3885,114,57,3942,57,165,0
qwen3.5-9b,qwen3.5-9b,pope,Sphere-Traj-LSTM,proxy_anchor,Diag-kNN-tuned,test,test,pooled,0.5,20260506,1,evaluated,,passed,,0.1875605866135261,0.12348609289581183,0.26466714950788867,0.9198742138364779,0.893668726444817,0.9426239873453403,0.19619023745030584,0.044444444444444446,0.23647798742138365,1635,1590,45,1642,3885,114,57,3942,57,165,0
qwen3.5-9b,qwen3.5-9b,pope,Sphere-Traj-LSTM,proxy_anchor,Diag-vMF,test,test,pooled,0.5,20260506,,evaluated,,passed,,0.27019108249749196,0.17642121924033075,0.38430914220796125,0.9341020265548567,0.892424480928827,0.9618389480299642,0.28027271910420026,0.17777777777777778,0.12264150943396226,1635,1590,45,1642,3885,114,57,3942,57,165,0
qwen3.5-9b,qwen3.5-9b,dash-b,Sphere-Traj-LSTM,proxy_anchor,Diag-Classifier,test,test,pooled,0.5,20260506,,evaluated,,passed,,0.3553040741953446,0.2958918565679679,0.4127086906560754,0.2714965397923875,0.2207850713359851,0.3215230626454788,0.357084608830867,0.11176470588235295,0.9926470588235294,442,272,170,349,3885,114,57,3942,57,1,0
qwen3.5-9b,qwen3.5-9b,dash-b,Sphere-Traj-LSTM,proxy_anchor,Diag-kNN-tuned,test,test,pooled,0.5,20260506,1,evaluated,,passed,,0.7466177841444792,0.6745218406239756,0.8126884694281848,0.8434039792387544,0.8075033538702955,0.8786835250664481,0.7478541732841668,0.11176470588235295,0.48161764705882354,442,272,170,349,3885,114,57,3942,57,1,0
qwen3.5-9b,qwen3.5-9b,dash-b,Sphere-Traj-LSTM,proxy_anchor,Diag-vMF,test,test,pooled,0.5,20260506,,evaluated,,passed,,0.7478323489278403,0.6733544330463842,0.8097502117566461,0.7944636678200693,0.7429201502821484,0.8435613151238567,0.7492544228959592,0.19411764705882353,0.9264705882352942,442,272,170,349,3885,114,57,3942,57,1,0
qwen3.5-9b,qwen3.5-9b,repope,Sphere-Traj-LSTM,proxy_anchor,Diag-Classifier,test,test,pooled,0.5,20260507,,evaluated,,passed,,0.25962128457891703,0.14495216571344777,0.46199782711349874,0.9559148264984227,0.9191076955497233,0.9832993608181132,0.28693939125068774,0.20833333333333334,0.0971608832807571,1609,1585,24,1554,3885,114,57,3942,57,31,0
qwen3.5-9b,qwen3.5-9b,repope,Sphere-Traj-LSTM,proxy_anchor,Diag-kNN-tuned,test,test,pooled,0.5,20260507,32,evaluated,,passed,,0.10937874706302211,0.03900212858789218,0.27017081610483445,0.7906151419558359,0.7077385302212973,0.8707698134709785,0.12974958946474568,0.08333333333333333,0.4769716088328076,1609,1585,24,1554,3885,114,57,3942,57,31,0
qwen3.5-9b,qwen3.5-9b,repope,Sphere-Traj-LSTM,proxy_anchor,Diag-vMF,test,test,pooled,0.5,20260507,,evaluated,,passed,,0.27460986856219666,0.15656459301780004,0.4815699168497303,0.9606992639327026,0.9275958104198889,0.9848266762624446,0.3027358735402299,0.2916666666666667,0.09085173501577287,1609,1585,24,1554,3885,114,57,3942,57,31,0
qwen3.5-9b,qwen3.5-9b,pope,Sphere-Traj-LSTM,proxy_anchor,Diag-Classifier,test,test,pooled,0.5,20260507,,evaluated,,passed,,0.24603704743548976,0.14901982156932417,0.3633457566838603,0.927519217330538,0.9012175035460794,0.9513976746481493,0.25579832390915325,0.13333333333333333,0.1779874213836478,1635,1590,45,1642,3885,114,57,3942,57,165,0
qwen3.5-9b,qwen3.5-9b,pope,Sphere-Traj-LSTM,proxy_anchor,Diag-kNN-tuned,test,test,pooled,0.5,20260507,32,evaluated,,passed,,0.0801136774517953,0.0327421009833043,0.16666393133723506,0.6652969951083159,0.5973529819238915,0.7262906336619824,0.08472649146151284,0.08888888888888889,0.7572327044025158,1635,1590,45,1642,3885,114,57,3942,57,165,0
qwen3.5-9b,qwen3.5-9b,pope,Sphere-Traj-LSTM,proxy_anchor,Diag-vMF,test,test,pooled,0.5,20260507,,evaluated,,passed,,0.23879598251900883,0.14288260972837022,0.35587654562891363,0.9155835080363383,0.8841658185600508,0.9432611762021849,0.2484622684937102,0.1111111111111111,0.25345911949685535,1635,1590,45,1642,3885,114,57,3942,57,165,0
qwen3.5-9b,qwen3.5-9b,dash-b,Sphere-Traj-LSTM,proxy_anchor,Diag-Classifier,test,test,pooled,0.5,20260507,,evaluated,,passed,,0.726557029702114,0.650292406789882,0.7994600707292364,0.838689446366782,0.8033051184294988,0.8735876443782915,0.7287666026105716,0.058823529411764705,0.4852941176470588,442,272,170,349,3885,114,57,3942,57,1,0
qwen3.5-9b,qwen3.5-9b,dash-b,Sphere-Traj-LSTM,proxy_anchor,Diag-kNN-tuned,test,test,pooled,0.5,20260507,32,evaluated,,passed,,0.6872243456685505,0.6086834542735459,0.7645572679829947,0.7945285467128027,0.7512527290327896,0.8358824171743625,0.6899901942833759,0.07058823529411765,0.6654411764705882,442,272,170,349,3885,114,57,3942,57,1,0
qwen3.5-9b,qwen3.5-9b,dash-b,Sphere-Traj-LSTM,proxy_anchor,Diag-vMF,test,test,pooled,0.5,20260507,,evaluated,,passed,,0.6811427403878051,0.6019346942999827,0.7580995826742207,0.7818122837370242,0.7385463873522493,0.8258629488597579,0.6838957118808348,0.07058823529411765,0.7463235294117647,442,272,170,349,3885,114,57,3942,57,1,0
qwen3.5-9b,qwen3.5-9b,repope,Sphere-Traj-LSTM,proxy_anchor,Diag-Classifier,test,test,pooled,0.5,20260508,,evaluated,,passed,,0.24497020742949213,0.11083092675540085,0.4287111702787027,0.86403785488959,0.7437286505301304,0.9489240034526051,0.2179976042139316,0.25,0.7501577287066246,1609,1585,24,1554,3885,114,57,3942,57,31,0
qwen3.5-9b,qwen3.5-9b,repope,Sphere-Traj-LSTM,proxy_anchor,Diag-kNN-tuned,test,test,pooled,0.5,20260508,32,evaluated,,passed,,0.2156372775600807,0.12016503641510431,0.36417320820112054,0.9636961093585699,0.9417077473007816,0.9803052601268777,0.24105486354999234,0.25,0.12492113564668769,1609,1585,24,1554,3885,114,57,3942,57,31,0
qwen3.5-9b,qwen3.5-9b,repope,Sphere-Traj-LSTM,proxy_anchor,Diag-vMF,test,test,pooled,0.5,20260508,,evaluated,,passed,,0.21265578807039065,0.11862210674667066,0.35406222121538955,0.9651419558359622,0.9479079375758372,0.979246305955489,0.23789343081031453,0.25,0.09589905362776026,1609,1585,24,1554,3885,114,57,3942,57,31,0
qwen3.5-9b,qwen3.5-9b,pope,Sphere-Traj-LSTM,proxy_anchor,Diag-Classifier,test,test,pooled,0.5,20260508,,evaluated,,passed,,0.24251317705172268,0.14475522008757136,0.35383542358211484,0.8279524807826695,0.7427703517002243,0.8980786387695053,0.22125913940186465,0.08888888888888889,0.740880503144654,1635,1590,45,1642,3885,114,57,3942,57,165,0
qwen3.5-9b,qwen3.5-9b,pope,Sphere-Traj-LSTM,proxy_anchor,Diag-kNN-tuned,test,test,pooled,0.5,20260508,32,evaluated,,passed,,0.23974378953282416,0.14945360637918115,0.34205446721175203,0.936450034940601,0.9144558584551262,0.9548779912105649,0.2506927738619521,0.08888888888888889,0.1918238993710692,1635,1590,45,1642,3885,114,57,3942,57,165,0
qwen3.5-9b,qwen3.5-9b,pope,Sphere-Traj-LSTM,proxy_anchor,Diag-vMF,test,test,pooled,0.5,20260508,,evaluated,,passed,,0.2578577485300339,0.16352084643526138,0.36105108342853226,0.9361844863731656,0.9013238784575316,0.9603458528025867,0.26883852354260895,0.08888888888888889,0.11886792452830189,1635,1590,45,1642,3885,114,57,3942,57,165,0
qwen3.5-9b,qwen3.5-9b,dash-b,Sphere-Traj-LSTM,proxy_anchor,Diag-Classifier,test,test,pooled,0.5,20260508,,evaluated,,passed,,0.4639927229303338,0.3905354247248674,0.5346258081590802,0.4961721453287197,0.4357713444363514,0.5525419359908152,0.4658801151711785,0.08235294117647059,0.9411764705882353,442,272,170,349,3885,114,57,3942,57,1,0
qwen3.5-9b,qwen3.5-9b,dash-b,Sphere-Traj-LSTM,proxy_anchor,Diag-kNN-tuned,test,test,pooled,0.5,20260508,32,evaluated,,passed,,0.7377779770365063,0.6592265896171299,0.8050699959996659,0.8537846020761246,0.8159089208428202,0.8865680466833182,0.7394756435791161,0.07647058823529412,0.43014705882352944,442,272,170,349,3885,114,57,3942,57,1,0
qwen3.5-9b,qwen3.5-9b,dash-b,Sphere-Traj-LSTM,proxy_anchor,Diag-vMF,test,test,pooled,0.5,20260508,,evaluated,,passed,,0.7244206406805744,0.6428385509311241,0.7930231665589212,0.8166522491349482,0.7733620196995248,0.8601181080392389,0.7261060753427896,0.07647058823529412,0.8161764705882353,442,272,170,349,3885,114,57,3942,57,1,0
qwen3.5-9b,qwen3.5-9b,repope,Sphere-Traj-LSTM,proxy_anchor,Diag-Classifier,test,test,pooled,0.25,20260506,,evaluated,,passed,,0.2040186668843582,0.11640821831133033,0.32046366659494063,0.9638538380651945,0.9473229795425392,0.9785058809365179,0.22276429221469682,0.16666666666666666,0.10788643533123028,1609,1585,24,1554,3885,114,28,3913,28,31,0
qwen3.5-9b,qwen3.5-9b,repope,Sphere-Traj-LSTM,proxy_anchor,Diag-kNN-tuned,test,test,pooled,0.25,20260506,32,evaluated,,passed,,0.12692458500346365,0.05954890137352003,0.2338382317364818,0.9174027339642481,0.8802826313204524,0.9524350339409586,0.1422428799334095,0.20833333333333334,0.2782334384858044,1609,1585,24,1554,3885,114,28,3913,28,31,0
qwen3.5-9b,qwen3.5-9b,repope,Sphere-Traj-LSTM,proxy_anchor,Diag-vMF,test,test,pooled,0.25,20260506,,evaluated,,passed,,0.20948206842546882,0.12232968389844197,0.33090945525468696,0.9656414300736067,0.9505542719661815,0.9799582314234494,0.22842325897336596,0.20833333333333334,0.10725552050473186,1609,1585,24,1554,3885,114,28,3913,28,31,0
qwen3.5-9b,qwen3.5-9b,pope,Sphere-Traj-LSTM,proxy_anchor,Diag-Classifier,test,test,pooled,0.25,20260506,,evaluated,,passed,,0.19150393549389008,0.131364031291674,0.2661857834947785,0.9384067085953878,0.9240671564091054,0.9534050511612862,0.2003877150880946,0.022222222222222223,0.13836477987421383,1635,1590,45,1642,3885,114,28,3913,28,165,0
qwen3.5-9b,qwen3.5-9b,pope,Sphere-Traj-LSTM,proxy_anchor,Diag-kNN-tuned,test,test,pooled,0.25,20260506,32,evaluated,,passed,,0.12247528114612927,0.07721005427978112,0.18564348263598804,0.8720195667365479,0.8386091668581481,0.9043615569774699,0.13040922662679374,0.08888888888888889,0.3584905660377358,1635,1590,45,1642,3885,114,28,3913,28,165,0
qwen3.5-9b,qwen3.5-9b,pope,Sphere-Traj-LSTM,proxy_anchor,Diag-vMF,test,test,pooled,0.25,20260506,,evaluated,,passed,,0.19943158261271782,0.13241514084605932,0.28470761431808944,0.933487071977638,0.9115399090944373,0.9529876080629137,0.20917581411594013,0.13333333333333333,0.17232704402515722,1635,1590,45,1642,3885,114,28,3913,28,165,0
qwen3.5-9b,qwen3.5-9b,dash-b,Sphere-Traj-LSTM,proxy_anchor,Diag-Classifier,test,test,pooled,0.25,20260506,,evaluated,,passed,,0.7622395523921479,0.6899352090189097,0.8315107413249356,0.8658953287197232,0.8305623755977017,0.8995561290128142,0.7636650188945983,0.07647058823529412,0.46691176470588236,442,272,170,349,3885,114,28,3913,28,1,0
qwen3.5-9b,qwen3.5-9b,dash-b,Sphere-Traj-LSTM,proxy_anchor,Diag-kNN-tuned,test,test,pooled,0.25,20260506,32,evaluated,,passed,,0.7050598201694991,0.6299130822513321,0.7795246138653449,0.8371323529411765,0.7966975503688725,0.8739270258051326,0.7069016220876736,0.052941176470588235,0.4632352941176471,442,272,170,349,3885,114,28,3913,28,1,0
qwen3.5-9b,qwen3.5-9b,dash-b,Sphere-Traj-LSTM,proxy_anchor,Diag-vMF,test,test,pooled,0.25,20260506,,evaluated,,passed,,0.6824611904960729,0.6064102834123297,0.7566307760523141,0.7930147058823529,0.7479400895481948,0.8369388516938413,0.6842999069770201,0.052941176470588235,0.7867647058823529,442,272,170,349,3885,114,28,3913,28,1,0
qwen3.5-9b,qwen3.5-9b,repope,Sphere-Traj-LSTM,proxy_anchor,Diag-Classifier,test,test,pooled,0.25,20260507,,evaluated,,passed,,0.24973335637990415,0.14492503192719533,0.4005118400215202,0.9594900105152471,0.9334168533421533,0.9815996452249748,0.2705293905501542,0.4583333333333333,0.22334384858044165,1609,1585,24,1554,3885,114,28,3913,28,31,0
qwen3.5-9b,qwen3.5-9b,repope,Sphere-Traj-LSTM,proxy_anchor,Diag-kNN-tuned,test,test,pooled,0.25,20260507,32,evaluated,,passed,,0.2792683964289885,0.16597505131930626,0.4318637850981053,0.9657202944269191,0.9397418360172797,0.9859653906246951,0.30031751428205866,0.4583333333333333,0.08075709779179811,1609,1585,24,1554,3885,114,28,3913,28,31,0
qwen3.5-9b,qwen3.5-9b,repope,Sphere-Traj-LSTM,proxy_anchor,Diag-vMF,test,test,pooled,0.25,20260507,,evaluated,,passed,,0.2626035664210261,0.15173142517606672,0.41590122989255907,0.9425341745531021,0.8728096959241094,0.9839494437854152,0.28328116308607476,0.5,0.09905362776025237,1609,1585,24,1554,3885,114,28,3913,28,31,0
qwen3.5-9b,qwen3.5-9b,pope,Sphere-Traj-LSTM,proxy_anchor,Diag-Classifier,test,test,pooled,0.25,20260507,,evaluated,,passed,,0.26114803173381823,0.17528131456710672,0.36520132694570506,0.9462893081761007,0.9246920205631664,0.9639850915307723,0.2722342312136656,0.15555555555555556,0.2459119496855346,1635,1590,45,1642,3885,114,28,3913,28,165,0
qwen3.5-9b,qwen3.5-9b,pope,Sphere-Traj-LSTM,proxy_anchor,Diag-kNN-tuned,test,test,pooled,0.25,20260507,32,evaluated,,passed,,0.19545983774483353,0.12404024981765849,0.2869187692625734,0.9174982529699511,0.8928231177331616,0.9401137835235944,0.20546994627037213,0.15555555555555556,0.2238993710691824,1635,1590,45,1642,3885,114,28,3913,28,165,0
qwen3.5-9b,qwen3.5-9b,pope,Sphere-Traj-LSTM,proxy_anchor,Diag-vMF,test,test,pooled,0.25,20260507,,evaluated,,passed,,0.25612368910975997,0.1716783230132338,0.3627640316606089,0.9225995807127882,0.8751825637213194,0.9593485795006691,0.26724932303578913,0.17777777777777778,0.2289308176100629,1635,1590,45,1642,3885,114,28,3913,28,165,0
qwen3.5-9b,qwen3.5-9b,dash-b,Sphere-Traj-LSTM,proxy_anchor,Diag-Classifier,test,test,pooled,0.25,20260507,,evaluated,,passed,,0.7392500161228936,0.667434804232545,0.8048040648170668,0.8265354671280276,0.7882528206613313,0.8647079174926964,0.7405913383989575,0.08235294117647059,0.7279411764705882,442,272,170,349,3885,114,28,3913,28,1,0
qwen3.5-9b,qwen3.5-9b,dash-b,Sphere-Traj-LSTM,proxy_anchor,Diag-kNN-tuned,test,test,pooled,0.25,20260507,32,evaluated,,passed,,0.7251787419092368,0.6507793010076285,0.7931997574482481,0.8441392733564015,0.811065381157367,0.876474077517537,0.7269851340021796,0.06470588235294118,0.4411764705882353,442,272,170,349,3885,114,28,3913,28,1,0
qwen3.5-9b,qwen3.5-9b,dash-b,Sphere-Traj-LSTM,proxy_anchor,Diag-vMF,test,test,pooled,0.25,20260507,,evaluated,,passed,,0.6878897871892015,0.6112289651768297,0.7574852311701863,0.7671064013840831,0.7206223267893787,0.812628210345844,0.6897047152639236,0.06470588235294118,0.9117647058823529,442,272,170,349,3885,114,28,3913,28,1,0
qwen3.5-9b,qwen3.5-9b,repope,Sphere-Traj-LSTM,proxy_anchor,Diag-Classifier,test,test,pooled,0.25,20260508,,evaluated,,passed,,0.1701003380516042,0.08740371357517063,0.2824489334521651,0.88630389064143,0.7964263392430927,0.9567865601805898,0.18853456748442618,0.16666666666666666,0.45362776025236595,1609,1585,24,1554,3885,114,28,3913,28,31,0
qwen3.5-9b,qwen3.5-9b,repope,Sphere-Traj-LSTM,proxy_anchor,Diag-kNN-tuned,test,test,pooled,0.25,20260508,32,evaluated,,passed,,0.12416503835605858,0.066787913203722,0.2131507868841594,0.9264195583596215,0.8896630709589411,0.9548729428957216,0.14007858871628154,0.125,0.23785488958990536,1609,1585,24,1554,3885,114,28,3913,28,31,0
qwen3.5-9b,qwen3.5-9b,repope,Sphere-Traj-LSTM,proxy_anchor,Diag-vMF,test,test,pooled,0.25,20260508,,evaluated,,passed,,0.1846159654022458,0.10347300594760764,0.29379414434451345,0.9406677181913775,0.8823410365001504,0.974769435412356,0.20364129672358572,0.20833333333333334,0.1167192429022082,1609,1585,24,1554,3885,114,28,3913,28,31,0
qwen3.5-9b,qwen3.5-9b,pope,Sphere-Traj-LSTM,proxy_anchor,Diag-Classifier,test,test,pooled,0.25,20260508,,evaluated,,passed,,0.17210447197262568,0.09257534628197206,0.2743724248547212,0.8161285814116003,0.7558663480260834,0.8739798592789948,0.16603659749365599,0.1111111111111111,0.5044025157232704,1635,1590,45,1642,3885,114,28,3913,28,165,0
qwen3.5-9b,qwen3.5-9b,pope,Sphere-Traj-LSTM,proxy_anchor,Diag-kNN-tuned,test,test,pooled,0.25,20260508,32,evaluated,,passed,,0.16107420221490668,0.0784149532016269,0.2616503091029576,0.8600978336827394,0.8327363116567585,0.8890650153230504,0.16810953456521702,0.1111111111111111,0.2358490566037736,1635,1590,45,1642,3885,114,28,3913,28,165,0
qwen3.5-9b,qwen3.5-9b,pope,Sphere-Traj-LSTM,proxy_anchor,Diag-vMF,test,test,pooled,0.25,20260508,,evaluated,,passed,,0.20651222649761666,0.11733028843653828,0.3132356640176407,0.8683438155136267,0.8159658110278836,0.9148002782767151,0.21435157655507342,0.1111111111111111,0.4559748427672956,1635,1590,45,1642,3885,114,28,3913,28,165,0
qwen3.5-9b,qwen3.5-9b,dash-b,Sphere-Traj-LSTM,proxy_anchor,Diag-Classifier,test,test,pooled,0.25,20260508,,evaluated,,passed,,0.7450209070299898,0.6773496773429291,0.8121757813962237,0.8421929065743945,0.8036357562634829,0.8778750841251792,0.7288739681177444,0.0,0.5845588235294118,442,272,170,349,3885,114,28,3913,28,1,0
qwen3.5-9b,qwen3.5-9b,dash-b,Sphere-Traj-LSTM,proxy_anchor,Diag-kNN-tuned,test,test,pooled,0.25,20260508,32,evaluated,,passed,,0.7322644268196894,0.6576291594750633,0.8084668074263378,0.8460207612456748,0.8091450951720325,0.8805996892129683,0.7344575167172013,0.08823529411764706,0.4963235294117647,442,272,170,349,3885,114,28,3913,28,1,0
qwen3.5-9b,qwen3.5-9b,dash-b,Sphere-Traj-LSTM,proxy_anchor,Diag-vMF,test,test,pooled,0.25,20260508,,evaluated,,passed,,0.6958991892195966,0.621194489749891,0.7728274463917433,0.7842993079584774,0.7357642072378641,0.8291684277261199,0.6981170077326074,0.08823529411764706,0.8051470588235294,442,272,170,349,3885,114,28,3913,28,1,0
qwen3.5-9b,qwen3.5-9b,repope,Sphere-Traj-LSTM,proxy_anchor,Diag-kNN-tuned,test,test,pooled,0.1,20260506,,skipped,ratio 0.1 would leave fewer than 20 hard negatives (11),skipped,ratio 0.1 would leave fewer than 20 hard negatives (11),nan,nan,nan,nan,nan,nan,nan,nan,nan,0,0,0,0,3885,114,0,3885,0,0,0
qwen3.5-9b,qwen3.5-9b,repope,Sphere-Traj-LSTM,proxy_anchor,Diag-Classifier,test,test,pooled,0.1,20260506,,skipped,ratio 0.1 would leave fewer than 20 hard negatives (11),skipped,ratio 0.1 would leave fewer than 20 hard negatives (11),nan,nan,nan,nan,nan,nan,nan,nan,nan,0,0,0,0,3885,114,0,3885,0,0,0
qwen3.5-9b,qwen3.5-9b,repope,Sphere-Traj-LSTM,proxy_anchor,Diag-vMF,test,test,pooled,0.1,20260506,,skipped,ratio 0.1 would leave fewer than 20 hard negatives (11),skipped,ratio 0.1 would leave fewer than 20 hard negatives (11),nan,nan,nan,nan,nan,nan,nan,nan,nan,0,0,0,0,3885,114,0,3885,0,0,0
qwen3.5-9b,qwen3.5-9b,pope,Sphere-Traj-LSTM,proxy_anchor,Diag-kNN-tuned,test,test,pooled,0.1,20260506,,skipped,ratio 0.1 would leave fewer than 20 hard negatives (11),skipped,ratio 0.1 would leave fewer than 20 hard negatives (11),nan,nan,nan,nan,nan,nan,nan,nan,nan,0,0,0,0,3885,114,0,3885,0,0,0
qwen3.5-9b,qwen3.5-9b,pope,Sphere-Traj-LSTM,proxy_anchor,Diag-Classifier,test,test,pooled,0.1,20260506,,skipped,ratio 0.1 would leave fewer than 20 hard negatives (11),skipped,ratio 0.1 would leave fewer than 20 hard negatives (11),nan,nan,nan,nan,nan,nan,nan,nan,nan,0,0,0,0,3885,114,0,3885,0,0,0
qwen3.5-9b,qwen3.5-9b,pope,Sphere-Traj-LSTM,proxy_anchor,Diag-vMF,test,test,pooled,0.1,20260506,,skipped,ratio 0.1 would leave fewer than 20 hard negatives (11),skipped,ratio 0.1 would leave fewer than 20 hard negatives (11),nan,nan,nan,nan,nan,nan,nan,nan,nan,0,0,0,0,3885,114,0,3885,0,0,0
qwen3.5-9b,qwen3.5-9b,dash-b,Sphere-Traj-LSTM,proxy_anchor,Diag-kNN-tuned,test,test,pooled,0.1,20260506,,skipped,ratio 0.1 would leave fewer than 20 hard negatives (11),skipped,ratio 0.1 would leave fewer than 20 hard negatives (11),nan,nan,nan,nan,nan,nan,nan,nan,nan,0,0,0,0,3885,114,0,3885,0,0,0
qwen3.5-9b,qwen3.5-9b,dash-b,Sphere-Traj-LSTM,proxy_anchor,Diag-Classifier,test,test,pooled,0.1,20260506,,skipped,ratio 0.1 would leave fewer than 20 hard negatives (11),skipped,ratio 0.1 would leave fewer than 20 hard negatives (11),nan,nan,nan,nan,nan,nan,nan,nan,nan,0,0,0,0,3885,114,0,3885,0,0,0
qwen3.5-9b,qwen3.5-9b,dash-b,Sphere-Traj-LSTM,proxy_anchor,Diag-vMF,test,test,pooled,0.1,20260506,,skipped,ratio 0.1 would leave fewer than 20 hard negatives (11),skipped,ratio 0.1 would leave fewer than 20 hard negatives (11),nan,nan,nan,nan,nan,nan,nan,nan,nan,0,0,0,0,3885,114,0,3885,0,0,0
qwen3.5-9b,qwen3.5-9b,repope,Sphere-Traj-LSTM,proxy_anchor,Diag-kNN-tuned,test,test,pooled,0.1,20260507,,skipped,ratio 0.1 would leave fewer than 20 hard negatives (11),skipped,ratio 0.1 would leave fewer than 20 hard negatives (11),nan,nan,nan,nan,nan,nan,nan,nan,nan,0,0,0,0,3885,114,0,3885,0,0,0
qwen3.5-9b,qwen3.5-9b,repope,Sphere-Traj-LSTM,proxy_anchor,Diag-Classifier,test,test,pooled,0.1,20260507,,skipped,ratio 0.1 would leave fewer than 20 hard negatives (11),skipped,ratio 0.1 would leave fewer than 20 hard negatives (11),nan,nan,nan,nan,nan,nan,nan,nan,nan,0,0,0,0,3885,114,0,3885,0,0,0
qwen3.5-9b,qwen3.5-9b,repope,Sphere-Traj-LSTM,proxy_anchor,Diag-vMF,test,test,pooled,0.1,20260507,,skipped,ratio 0.1 would leave fewer than 20 hard negatives (11),skipped,ratio 0.1 would leave fewer than 20 hard negatives (11),nan,nan,nan,nan,nan,nan,nan,nan,nan,0,0,0,0,3885,114,0,3885,0,0,0
qwen3.5-9b,qwen3.5-9b,pope,Sphere-Traj-LSTM,proxy_anchor,Diag-kNN-tuned,test,test,pooled,0.1,20260507,,skipped,ratio 0.1 would leave fewer than 20 hard negatives (11),skipped,ratio 0.1 would leave fewer than 20 hard negatives (11),nan,nan,nan,nan,nan,nan,nan,nan,nan,0,0,0,0,3885,114,0,3885,0,0,0
qwen3.5-9b,qwen3.5-9b,pope,Sphere-Traj-LSTM,proxy_anchor,Diag-Classifier,test,test,pooled,0.1,20260507,,skipped,ratio 0.1 would leave fewer than 20 hard negatives (11),skipped,ratio 0.1 would leave fewer than 20 hard negatives (11),nan,nan,nan,nan,nan,nan,nan,nan,nan,0,0,0,0,3885,114,0,3885,0,0,0
qwen3.5-9b,qwen3.5-9b,pope,Sphere-Traj-LSTM,proxy_anchor,Diag-vMF,test,test,pooled,0.1,20260507,,skipped,ratio 0.1 would leave fewer than 20 hard negatives (11),skipped,ratio 0.1 would leave fewer than 20 hard negatives (11),nan,nan,nan,nan,nan,nan,nan,nan,nan,0,0,0,0,3885,114,0,3885,0,0,0
qwen3.5-9b,qwen3.5-9b,dash-b,Sphere-Traj-LSTM,proxy_anchor,Diag-kNN-tuned,test,test,pooled,0.1,20260507,,skipped,ratio 0.1 would leave fewer than 20 hard negatives (11),skipped,ratio 0.1 would leave fewer than 20 hard negatives (11),nan,nan,nan,nan,nan,nan,nan,nan,nan,0,0,0,0,3885,114,0,3885,0,0,0
qwen3.5-9b,qwen3.5-9b,dash-b,Sphere-Traj-LSTM,proxy_anchor,Diag-Classifier,test,test,pooled,0.1,20260507,,skipped,ratio 0.1 would leave fewer than 20 hard negatives (11),skipped,ratio 0.1 would leave fewer than 20 hard negatives (11),nan,nan,nan,nan,nan,nan,nan,nan,nan,0,0,0,0,3885,114,0,3885,0,0,0
qwen3.5-9b,qwen3.5-9b,dash-b,Sphere-Traj-LSTM,proxy_anchor,Diag-vMF,test,test,pooled,0.1,20260507,,skipped,ratio 0.1 would leave fewer than 20 hard negatives (11),skipped,ratio 0.1 would leave fewer than 20 hard negatives (11),nan,nan,nan,nan,nan,nan,nan,nan,nan,0,0,0,0,3885,114,0,3885,0,0,0
qwen3.5-9b,qwen3.5-9b,repope,Sphere-Traj-LSTM,proxy_anchor,Diag-kNN-tuned,test,test,pooled,0.1,20260508,,skipped,ratio 0.1 would leave fewer than 20 hard negatives (11),skipped,ratio 0.1 would leave fewer than 20 hard negatives (11),nan,nan,nan,nan,nan,nan,nan,nan,nan,0,0,0,0,3885,114,0,3885,0,0,0
qwen3.5-9b,qwen3.5-9b,repope,Sphere-Traj-LSTM,proxy_anchor,Diag-Classifier,test,test,pooled,0.1,20260508,,skipped,ratio 0.1 would leave fewer than 20 hard negatives (11),skipped,ratio 0.1 would leave fewer than 20 hard negatives (11),nan,nan,nan,nan,nan,nan,nan,nan,nan,0,0,0,0,3885,114,0,3885,0,0,0
qwen3.5-9b,qwen3.5-9b,repope,Sphere-Traj-LSTM,proxy_anchor,Diag-vMF,test,test,pooled,0.1,20260508,,skipped,ratio 0.1 would leave fewer than 20 hard negatives (11),skipped,ratio 0.1 would leave fewer than 20 hard negatives (11),nan,nan,nan,nan,nan,nan,nan,nan,nan,0,0,0,0,3885,114,0,3885,0,0,0
qwen3.5-9b,qwen3.5-9b,pope,Sphere-Traj-LSTM,proxy_anchor,Diag-kNN-tuned,test,test,pooled,0.1,20260508,,skipped,ratio 0.1 would leave fewer than 20 hard negatives (11),skipped,ratio 0.1 would leave fewer than 20 hard negatives (11),nan,nan,nan,nan,nan,nan,nan,nan,nan,0,0,0,0,3885,114,0,3885,0,0,0
qwen3.5-9b,qwen3.5-9b,pope,Sphere-Traj-LSTM,proxy_anchor,Diag-Classifier,test,test,pooled,0.1,20260508,,skipped,ratio 0.1 would leave fewer than 20 hard negatives (11),skipped,ratio 0.1 would leave fewer than 20 hard negatives (11),nan,nan,nan,nan,nan,nan,nan,nan,nan,0,0,0,0,3885,114,0,3885,0,0,0
qwen3.5-9b,qwen3.5-9b,pope,Sphere-Traj-LSTM,proxy_anchor,Diag-vMF,test,test,pooled,0.1,20260508,,skipped,ratio 0.1 would leave fewer than 20 hard negatives (11),skipped,ratio 0.1 would leave fewer than 20 hard negatives (11),nan,nan,nan,nan,nan,nan,nan,nan,nan,0,0,0,0,3885,114,0,3885,0,0,0
qwen3.5-9b,qwen3.5-9b,dash-b,Sphere-Traj-LSTM,proxy_anchor,Diag-kNN-tuned,test,test,pooled,0.1,20260508,,skipped,ratio 0.1 would leave fewer than 20 hard negatives (11),skipped,ratio 0.1 would leave fewer than 20 hard negatives (11),nan,nan,nan,nan,nan,nan,nan,nan,nan,0,0,0,0,3885,114,0,3885,0,0,0
qwen3.5-9b,qwen3.5-9b,dash-b,Sphere-Traj-LSTM,proxy_anchor,Diag-Classifier,test,test,pooled,0.1,20260508,,skipped,ratio 0.1 would leave fewer than 20 hard negatives (11),skipped,ratio 0.1 would leave fewer than 20 hard negatives (11),nan,nan,nan,nan,nan,nan,nan,nan,nan,0,0,0,0,3885,114,0,3885,0,0,0
qwen3.5-9b,qwen3.5-9b,dash-b,Sphere-Traj-LSTM,proxy_anchor,Diag-vMF,test,test,pooled,0.1,20260508,,skipped,ratio 0.1 would leave fewer than 20 hard negatives (11),skipped,ratio 0.1 would leave fewer than 20 hard negatives (11),nan,nan,nan,nan,nan,nan,nan,nan,nan,0,0,0,0,3885,114,0,3885,0,0,0
phi-4-multimodal-instruct,phi-4-multimodal-instruct,repope,Sphere-Traj-LSTM,proxy_anchor,Diag-Classifier,test,test,pooled,1.0,20260506,,evaluated,,passed,,0.4086195335929595,0.29181289620671047,0.5287668879427806,0.9319440313021989,0.9027144393865402,0.9571424268203794,0.3372208672552441,0.0,0.18579960185799602,1565,1507,58,1496,3719,197,197,3916,197,75,0
phi-4-multimodal-instruct,phi-4-multimodal-instruct,repope,Sphere-Traj-LSTM,proxy_anchor,Diag-kNN-tuned,test,test,pooled,1.0,20260506,32,evaluated,,passed,,0.4125942465202326,0.2847124833742676,0.5498246752220983,0.9346612360707504,0.9116304647476395,0.9558280427497905,0.4205265904360588,0.2413793103448276,0.20769741207697412,1565,1507,58,1496,3719,197,197,3916,197,75,0
phi-4-multimodal-instruct,phi-4-multimodal-instruct,repope,Sphere-Traj-LSTM,proxy_anchor,Diag-vMF,test,test,pooled,1.0,20260506,,evaluated,,passed,,0.4096082947029981,0.2756675262661294,0.5458161244823886,0.9164016200260853,0.867572432606276,0.9540137885751807,0.417302749691986,0.2413793103448276,0.2534837425348374,1565,1507,58,1496,3719,197,197,3916,197,75,0
phi-4-multimodal-instruct,phi-4-multimodal-instruct,pope,Sphere-Traj-LSTM,proxy_anchor,Diag-Classifier,test,test,pooled,1.0,20260506,,evaluated,,passed,,0.295771637383084,0.20883235458905924,0.3977646849768421,0.9172302903377164,0.887950418493507,0.9419308808433918,0.23716031070223162,0.0,0.17286366601435094,1590,1533,57,1572,3719,197,197,3916,197,210,0
phi-4-multimodal-instruct,phi-4-multimodal-instruct,pope,Sphere-Traj-LSTM,proxy_anchor,Diag-kNN-tuned,test,test,pooled,1.0,20260506,32,evaluated,,passed,,0.20843809775229472,0.14212165623322218,0.30471873192859517,0.898833842597361,0.870320691814519,0.9253150092188323,0.22013509360831598,0.14035087719298245,0.33463796477495106,1590,1533,57,1572,3719,197,197,3916,197,210,0
phi-4-multimodal-instruct,phi-4-multimodal-instruct,pope,Sphere-Traj-LSTM,proxy_anchor,Diag-vMF,test,test,pooled,1.0,20260506,,evaluated,,passed,,0.2309979543754103,0.15947369330557012,0.3308162290044662,0.89431340909351,0.8404027906375559,0.9340092670262394,0.2431164883722772,0.14035087719298245,0.3659491193737769,1590,1533,57,1572,3719,197,197,3916,197,210,0
phi-4-multimodal-instruct,phi-4-multimodal-instruct,dash-b,Sphere-Traj-LSTM,proxy_anchor,Diag-Classifier,test,test,pooled,1.0,20260506,,evaluated,,passed,,0.7188109077672777,0.6625221989472835,0.7791773502015302,0.7462416943521595,0.6985536891835673,0.791086642563378,0.6712255370684189,0.0,0.5714285714285714,439,224,215,305,3719,197,197,3916,197,4,0
phi-4-multimodal-instruct,phi-4-multimodal-instruct,dash-b,Sphere-Traj-LSTM,proxy_anchor,Diag-kNN-tuned,test,test,pooled,1.0,20260506,32,evaluated,,passed,,0.5395200268351326,0.475634739089039,0.6144704457178135,0.5519725913621263,0.4992719101590069,0.6060113126819714,0.5436351216914359,0.023255813953488372,0.9285714285714286,439,224,215,305,3719,197,197,3916,197,4,0
phi-4-multimodal-instruct,phi-4-multimodal-instruct,dash-b,Sphere-Traj-LSTM,proxy_anchor,Diag-vMF,test,test,pooled,1.0,20260506,,evaluated,,passed,,0.5385659878952226,0.47564039205694636,0.6108168772581354,0.5382578903654485,0.483217718636077,0.589050714675839,0.5427334909430306,0.018604651162790697,0.9598214285714286,439,224,215,305,3719,197,197,3916,197,4,0
phi-4-multimodal-instruct,phi-4-multimodal-instruct,repope,Sphere-Traj-LSTM,proxy_anchor,Diag-Classifier,test,test,pooled,1.0,20260507,,evaluated,,passed,,0.40395807718769394,0.2894805864856352,0.5386269428524197,0.8456341669908245,0.7883121969744274,0.902340085908541,0.3486143954201645,0.27586206896551724,0.6230922362309224,1565,1507,58,1496,3719,197,197,3916,197,75,0
phi-4-multimodal-instruct,phi-4-multimodal-instruct,repope,Sphere-Traj-LSTM,proxy_anchor,Diag-kNN-tuned,test,test,pooled,1.0,20260507,32,evaluated,,passed,,0.3770284336407661,0.257355211058931,0.5177277580704104,0.9147655767338627,0.888005072084783,0.9419655152383851,0.3847647141254842,0.3275862068965517,0.3291307232913072,1565,1507,58,1496,3719,197,197,3916,197,75,0
phi-4-multimodal-instruct,phi-4-multimodal-instruct,repope,Sphere-Traj-LSTM,proxy_anchor,Diag-vMF,test,test,pooled,1.0,20260507,,evaluated,,passed,,0.4069675778837429,0.28025808088477955,0.5483326772758399,0.8900990778665081,0.8414487690039822,0.934101335845873,0.41486136262410495,0.3275862068965517,0.5069674850696748,1565,1507,58,1496,3719,197,197,3916,197,75,0
phi-4-multimodal-instruct,phi-4-multimodal-instruct,pope,Sphere-Traj-LSTM,proxy_anchor,Diag-Classifier,test,test,pooled,1.0,20260507,,evaluated,,passed,,0.30816882181579247,0.21447166441386928,0.42503681949359157,0.8689245945915016,0.8153285303039713,0.9199118507945628,0.25959403522841357,0.0,0.6223091976516634,1590,1533,57,1572,3719,197,197,3916,197,210,0
phi-4-multimodal-instruct,phi-4-multimodal-instruct,pope,Sphere-Traj-LSTM,proxy_anchor,Diag-kNN-tuned,test,test,pooled,1.0,20260507,32,evaluated,,passed,,0.22539827461425926,0.15182875500603443,0.3283802129543503,0.8954349343678831,0.859631407015059,0.9264380142116216,0.23780768647895198,0.14035087719298245,0.3561643835616438,1590,1533,57,1572,3719,197,197,3916,197,210,0
phi-4-multimodal-instruct,phi-4-multimodal-instruct,pope,Sphere-Traj-LSTM,proxy_anchor,Diag-vMF,test,test,pooled,1.0,20260507,,evaluated,,passed,,0.2603871560979119,0.1802755442798805,0.37540923458538056,0.8793444799212644,0.8265892043824261,0.9288618764464281,0.2734211319205393,0.14035087719298245,0.5753424657534246,1590,1533,57,1572,3719,197,197,3916,197,210,0
phi-4-multimodal-instruct,phi-4-multimodal-instruct,dash-b,Sphere-Traj-LSTM,proxy_anchor,Diag-Classifier,test,test,pooled,1.0,20260507,,evaluated,,passed,,0.7362357852454282,0.6787804129436414,0.7924791198279899,0.7633513289036544,0.7214519181929606,0.8037471998576391,0.7161992450198917,0.0,0.5892857142857143,439,224,215,305,3719,197,197,3916,197,4,0
phi-4-multimodal-instruct,phi-4-multimodal-instruct,dash-b,Sphere-Traj-LSTM,proxy_anchor,Diag-kNN-tuned,test,test,pooled,1.0,20260507,32,evaluated,,passed,,0.6536518423695324,0.5875586436137569,0.7172800080692473,0.6607558139534884,0.6085734342283268,0.7132453615636974,0.6549396333567126,0.08837209302325581,0.8660714285714286,439,224,215,305,3719,197,197,3916,197,4,0
phi-4-multimodal-instruct,phi-4-multimodal-instruct,dash-b,Sphere-Traj-LSTM,proxy_anchor,Diag-vMF,test,test,pooled,1.0,20260507,,evaluated,,passed,,0.6140564171462335,0.5477212388287072,0.6768856183465833,0.5571843853820597,0.5008057310281773,0.6126670251788053,0.6152380341678904,0.08837209302325581,0.9776785714285714,439,224,215,305,3719,197,197,3916,197,4,0
phi-4-multimodal-instruct,phi-4-multimodal-instruct,repope,Sphere-Traj-LSTM,proxy_anchor,Diag-Classifier,test,test,pooled,1.0,20260508,,evaluated,,passed,,0.36247868667632666,0.23709891609538805,0.48544898105837864,0.7780987575223668,0.6898256548310566,0.8562084630424357,0.31193708538544823,0.25862068965517243,0.9236894492368944,1565,1507,58,1496,3719,197,197,3916,197,75,0
phi-4-multimodal-instruct,phi-4-multimodal-instruct,repope,Sphere-Traj-LSTM,proxy_anchor,Diag-kNN-tuned,test,test,pooled,1.0,20260508,32,evaluated,,passed,,0.4123439792555091,0.28131231955839076,0.5431492865658555,0.9259776216735692,0.8995812451154269,0.9481452145214522,0.4195807316292017,0.25862068965517243,0.2402123424021234,1565,1507,58,1496,3719,197,197,3916,197,75,0
phi-4-multimodal-instruct,phi-4-multimodal-instruct,repope,Sphere-Traj-LSTM,proxy_anchor,Diag-vMF,test,test,pooled,1.0,20260508,,evaluated,,passed,,0.4113659387711429,0.27747867908442575,0.5380373250573323,0.8985309932956548,0.8443269821764365,0.9434039380057897,0.41855394738531765,0.25862068965517243,0.42667551426675515,1565,1507,58,1496,3719,197,197,3916,197,75,0
phi-4-multimodal-instruct,phi-4-multimodal-instruct,pope,Sphere-Traj-LSTM,proxy_anchor,Diag-Classifier,test,test,pooled,1.0,20260508,,evaluated,,passed,,0.25629120472407785,0.1616751975555704,0.35206210694643286,0.8116924731921127,0.7446367784864082,0.8703525947343637,0.21663764245714,0.0,0.7912589693411611,1590,1533,57,1572,3719,197,197,3916,197,210,0
phi-4-multimodal-instruct,phi-4-multimodal-instruct,pope,Sphere-Traj-LSTM,proxy_anchor,Diag-kNN-tuned,test,test,pooled,1.0,20260508,32,evaluated,,passed,,0.2533619260796565,0.1735202553973855,0.3545386181206673,0.9183346494089104,0.8943918896478428,0.9385585720617113,0.26559846390893205,0.12280701754385964,0.23026744944553162,1590,1533,57,1572,3719,197,197,3916,197,210,0
phi-4-multimodal-instruct,phi-4-multimodal-instruct,pope,Sphere-Traj-LSTM,proxy_anchor,Diag-vMF,test,test,pooled,1.0,20260508,,evaluated,,passed,,0.23823829705029861,0.16107905342881795,0.33474954300128285,0.8881793524908161,0.8339972580960523,0.9281432333646479,0.25000801117595994,0.12280701754385964,0.39204174820613175,1590,1533,57,1572,3719,197,197,3916,197,210,0
phi-4-multimodal-instruct,phi-4-multimodal-instruct,dash-b,Sphere-Traj-LSTM,proxy_anchor,Diag-Classifier,test,test,pooled,1.0,20260508,,evaluated,,passed,,0.7292092415629843,0.6640133407051325,0.7858595411941011,0.746688122923588,0.6974970933751544,0.791277322953386,0.7196598288477162,0.0,0.6741071428571429,439,224,215,305,3719,197,197,3916,197,4,0
phi-4-multimodal-instruct,phi-4-multimodal-instruct,dash-b,Sphere-Traj-LSTM,proxy_anchor,Diag-kNN-tuned,test,test,pooled,1.0,20260508,32,evaluated,,passed,,0.6624453505949081,0.5937221417411531,0.7234331655152878,0.6621470099667774,0.6073135459883074,0.7138818039186965,0.6637245138712753,0.09302325581395349,0.9196428571428571,439,224,215,305,3719,197,197,3916,197,4,0
phi-4-multimodal-instruct,phi-4-multimodal-instruct,dash-b,Sphere-Traj-LSTM,proxy_anchor,Diag-vMF,test,test,pooled,1.0,20260508,,evaluated,,passed,,0.6354955999380039,0.5703764657416526,0.6939711101563736,0.5815822259136212,0.5237006531677175,0.6322299641633381,0.636583168120298,0.09767441860465116,0.96875,439,224,215,305,3719,197,197,3916,197,4,0
phi-4-multimodal-instruct,phi-4-multimodal-instruct,repope,Sphere-Traj-LSTM,proxy_anchor,Diag-Classifier,test,test,pooled,0.5,20260506,,evaluated,,passed,,0.35223501319540684,0.22907937064868927,0.4822192157298778,0.8465322746722193,0.7776934389479326,0.9100496295603788,0.35812985369392797,0.22413793103448276,0.6828135368281354,1565,1507,58,1496,3719,197,98,3817,98,75,0
phi-4-multimodal-instruct,phi-4-multimodal-instruct,repope,Sphere-Traj-LSTM,proxy_anchor,Diag-kNN-tuned,test,test,pooled,0.5,20260506,8,evaluated,,passed,,0.37067783963852075,0.2525202873550448,0.48804336394663655,0.9069972313113516,0.879243649667958,0.931333517823832,0.3767261362369121,0.25862068965517243,0.29263437292634376,1565,1507,58,1496,3719,197,98,3817,98,75,0
phi-4-multimodal-instruct,phi-4-multimodal-instruct,repope,Sphere-Traj-LSTM,proxy_anchor,Diag-vMF,test,test,pooled,0.5,20260506,,evaluated,,passed,,0.3861656438046078,0.26371250122489287,0.5123019558838026,0.9019861336750338,0.8491709162783099,0.9438033397531175,0.39210809458418977,0.22413793103448276,0.2780358327803583,1565,1507,58,1496,3719,197,98,3817,98,75,0
phi-4-multimodal-instruct,phi-4-multimodal-instruct,pope,Sphere-Traj-LSTM,proxy_anchor,Diag-Classifier,test,test,pooled,0.5,20260506,,evaluated,,passed,,0.22626856338114035,0.14874275062657588,0.3380137619483262,0.8553919044185807,0.792256521666806,0.9051752704558351,0.23981239133207174,0.12280701754385964,0.547945205479452,1590,1533,57,1572,3719,197,98,3817,98,210,0
phi-4-multimodal-instruct,phi-4-multimodal-instruct,pope,Sphere-Traj-LSTM,proxy_anchor,Diag-kNN-tuned,test,test,pooled,0.5,20260506,8,evaluated,,passed,,0.19983778997390111,0.1256074814116273,0.30458080162939727,0.8799967956420732,0.8484693030233538,0.9093042422804567,0.213659168801892,0.12280701754385964,0.3333333333333333,1590,1533,57,1572,3719,197,98,3817,98,210,0
phi-4-multimodal-instruct,phi-4-multimodal-instruct,pope,Sphere-Traj-LSTM,proxy_anchor,Diag-vMF,test,test,pooled,0.5,20260506,,evaluated,,passed,,0.24767757998595125,0.1678020898441372,0.355234198453934,0.8865771735274258,0.8297479779990194,0.9307538818501192,0.2615517141142727,0.14035087719298245,0.36921069797782124,1590,1533,57,1572,3719,197,98,3817,98,210,0
phi-4-multimodal-instruct,phi-4-multimodal-instruct,dash-b,Sphere-Traj-LSTM,proxy_anchor,Diag-Classifier,test,test,pooled,0.5,20260506,,evaluated,,passed,,0.7271052795989292,0.6648932130440627,0.7878599296687168,0.7620016611295681,0.7150311140681702,0.8072807470854143,0.7282305803204514,0.07906976744186046,0.6696428571428571,439,224,215,305,3719,197,98,3817,98,4,0
phi-4-multimodal-instruct,phi-4-multimodal-instruct,dash-b,Sphere-Traj-LSTM,proxy_anchor,Diag-kNN-tuned,test,test,pooled,0.5,20260506,8,evaluated,,passed,,0.5341017680554386,0.47102015042791945,0.6055418116666509,0.540406976744186,0.4891525658007671,0.5967875036233564,0.5380764858759772,0.04186046511627907,0.8571428571428571,439,224,215,305,3719,197,98,3817,98,4,0
phi-4-multimodal-instruct,phi-4-multimodal-instruct,dash-b,Sphere-Traj-LSTM,proxy_anchor,Diag-vMF,test,test,pooled,0.5,20260506,,evaluated,,passed,,0.5447271406155673,0.48330562350271683,0.6169594709770468,0.5518480066445183,0.49727067269212477,0.6014599242434857,0.5487983803959205,0.023255813953488372,0.96875,439,224,215,305,3719,197,98,3817,98,4,0
phi-4-multimodal-instruct,phi-4-multimodal-instruct,repope,Sphere-Traj-LSTM,proxy_anchor,Diag-Classifier,test,test,pooled,0.5,20260507,,evaluated,,passed,,0.30098402741059,0.1892741496247493,0.428701771529631,0.6609157266091573,0.5612226062300854,0.7632283408005627,0.26375926048720566,0.2413793103448276,0.9416058394160584,1565,1507,58,1496,3719,197,98,3817,98,75,0
phi-4-multimodal-instruct,phi-4-multimodal-instruct,repope,Sphere-Traj-LSTM,proxy_anchor,Diag-kNN-tuned,test,test,pooled,0.5,20260507,8,evaluated,,passed,,0.2912147157386645,0.1944611250729583,0.43653507525267793,0.887284625769398,0.8520246823644828,0.9207232945037823,0.305900165332012,0.25862068965517243,0.45852687458526875,1565,1507,58,1496,3719,197,98,3817,98,75,0
phi-4-multimodal-instruct,phi-4-multimodal-instruct,repope,Sphere-Traj-LSTM,proxy_anchor,Diag-vMF,test,test,pooled,0.5,20260507,,evaluated,,passed,,0.32118882617662814,0.20293666553388576,0.45895435081551517,0.8220717113241653,0.7522016542301835,0.885133029285113,0.3297501871353111,0.2413793103448276,0.794293297942933,1565,1507,58,1496,3719,197,98,3817,98,75,0
phi-4-multimodal-instruct,phi-4-multimodal-instruct,pope,Sphere-Traj-LSTM,proxy_anchor,Diag-Classifier,test,test,pooled,0.5,20260507,,evaluated,,passed,,0.2274037058533615,0.13691624967894458,0.33728150965786347,0.667484922351541,0.569093027860244,0.7635065041855578,0.189727174481802,0.12280701754385964,0.9432485322896281,1590,1533,57,1572,3719,197,98,3817,98,210,0
phi-4-multimodal-instruct,phi-4-multimodal-instruct,pope,Sphere-Traj-LSTM,proxy_anchor,Diag-kNN-tuned,test,test,pooled,0.5,20260507,8,evaluated,,passed,,0.2829304939541643,0.17947589130731284,0.39823884161809936,0.8823542875453474,0.8547613101253162,0.9125214224212255,0.28964648681800576,0.14035087719298245,0.3105022831050228,1590,1533,57,1572,3719,197,98,3817,98,210,0
phi-4-multimodal-instruct,phi-4-multimodal-instruct,pope,Sphere-Traj-LSTM,proxy_anchor,Diag-vMF,test,test,pooled,0.5,20260507,,evaluated,,passed,,0.2019168935398588,0.13050463451161937,0.2998668614281101,0.8307870131950882,0.7724546274694389,0.8861202815546037,0.21323866927276514,0.15789473684210525,0.7136333985649054,1590,1533,57,1572,3719,197,98,3817,98,210,0
phi-4-multimodal-instruct,phi-4-multimodal-instruct,dash-b,Sphere-Traj-LSTM,proxy_anchor,Diag-Classifier,test,test,pooled,0.5,20260507,,evaluated,,passed,,0.6551891563448027,0.5881765556427093,0.7199592456323268,0.6407288205980066,0.5863291762384314,0.6911714474802136,0.6562019913945032,0.10232558139534884,0.9285714285714286,439,224,215,305,3719,197,98,3817,98,4,0
phi-4-multimodal-instruct,phi-4-multimodal-instruct,dash-b,Sphere-Traj-LSTM,proxy_anchor,Diag-kNN-tuned,test,test,pooled,0.5,20260507,8,evaluated,,passed,,0.6237302937120767,0.5564219962242524,0.6918952792960475,0.6255813953488372,0.5733582441902202,0.674887620312414,0.6250786890672506,0.09302325581395349,0.8258928571428571,439,224,215,305,3719,197,98,3817,98,4,0
phi-4-multimodal-instruct,phi-4-multimodal-instruct,dash-b,Sphere-Traj-LSTM,proxy_anchor,Diag-vMF,test,test,pooled,0.5,20260507,,evaluated,,passed,,0.5828414918763769,0.5172934364119135,0.6488042472427229,0.5305024916943522,0.4751594146254513,0.5875150799652301,0.5841122487167079,0.10232558139534884,0.9508928571428571,439,224,215,305,3719,197,98,3817,98,4,0
phi-4-multimodal-instruct,phi-4-multimodal-instruct,repope,Sphere-Traj-LSTM,proxy_anchor,Diag-Classifier,test,test,pooled,0.5,20260508,,evaluated,,passed,,0.36378518486865796,0.23804092767189766,0.4803958271633893,0.9174370180536805,0.890512616232476,0.9415517243216437,0.341296809265268,0.29310344827586204,0.1930988719309887,1565,1507,58,1496,3719,197,98,3817,98,75,0
phi-4-multimodal-instruct,phi-4-multimodal-instruct,repope,Sphere-Traj-LSTM,proxy_anchor,Diag-kNN-tuned,test,test,pooled,0.5,20260508,32,evaluated,,passed,,0.36963087021361385,0.24081977295003346,0.48480518165516495,0.9015513809120655,0.8685987699601903,0.9294314494088084,0.3750026656613825,0.3275862068965517,0.2435301924353019,1565,1507,58,1496,3719,197,98,3817,98,75,0
phi-4-multimodal-instruct,phi-4-multimodal-instruct,repope,Sphere-Traj-LSTM,proxy_anchor,Diag-vMF,test,test,pooled,0.5,20260508,,evaluated,,passed,,0.3681597766079722,0.2395013396888539,0.486644786612948,0.8672631169484932,0.8076960927061523,0.9183697827023872,0.3735688277236399,0.3275862068965517,0.504313205043132,1565,1507,58,1496,3719,197,98,3817,98,75,0
phi-4-multimodal-instruct,phi-4-multimodal-instruct,pope,Sphere-Traj-LSTM,proxy_anchor,Diag-Classifier,test,test,pooled,0.5,20260508,,evaluated,,passed,,0.2736719078020989,0.1754066896793959,0.37895676387400035,0.9024845218068,0.8733041538770043,0.925811820731633,0.24494419993703598,0.12280701754385964,0.21526418786692758,1590,1533,57,1572,3719,197,98,3817,98,210,0
phi-4-multimodal-instruct,phi-4-multimodal-instruct,pope,Sphere-Traj-LSTM,proxy_anchor,Diag-kNN-tuned,test,test,pooled,0.5,20260508,32,evaluated,,passed,,0.2172381141956879,0.13969180340298384,0.31310722394633883,0.8929172245682699,0.8592433668106317,0.9191839005311631,0.22894553989080305,0.12280701754385964,0.20808871493803,1590,1533,57,1572,3719,197,98,3817,98,210,0
phi-4-multimodal-instruct,phi-4-multimodal-instruct,pope,Sphere-Traj-LSTM,proxy_anchor,Diag-vMF,test,test,pooled,0.5,20260508,,evaluated,,passed,,0.21509479445784635,0.1343422021133165,0.3181778308245498,0.8314736613222554,0.7674770294458932,0.885518537417066,0.22671711120669266,0.12280701754385964,0.5714285714285714,1590,1533,57,1572,3719,197,98,3817,98,210,0
phi-4-multimodal-instruct,phi-4-multimodal-instruct,dash-b,Sphere-Traj-LSTM,proxy_anchor,Diag-Classifier,test,test,pooled,0.5,20260508,,evaluated,,passed,,0.6327380811757644,0.5565099075983637,0.7018048542567447,0.6648878737541528,0.6099063713875653,0.714335935038524,0.6282230779563397,0.0,0.7232142857142857,439,224,215,305,3719,197,98,3817,98,4,0
phi-4-multimodal-instruct,phi-4-multimodal-instruct,dash-b,Sphere-Traj-LSTM,proxy_anchor,Diag-kNN-tuned,test,test,pooled,0.5,20260508,32,evaluated,,passed,,0.5939927697237712,0.5199136368761461,0.6631201717040193,0.6201204318936877,0.5658406737996471,0.6719694979012221,0.5962902407877919,0.04186046511627907,0.8482142857142857,439,224,215,305,3719,197,98,3817,98,4,0
phi-4-multimodal-instruct,phi-4-multimodal-instruct,dash-b,Sphere-Traj-LSTM,proxy_anchor,Diag-vMF,test,test,pooled,0.5,20260508,,evaluated,,passed,,0.5249943327155997,0.45549671643695433,0.5952920805360199,0.46962209302325586,0.41475185111019525,0.5207430607451489,0.5272816133738456,0.04186046511627907,0.9598214285714286,439,224,215,305,3719,197,98,3817,98,4,0
phi-4-multimodal-instruct,phi-4-multimodal-instruct,repope,Sphere-Traj-LSTM,proxy_anchor,Diag-Classifier,test,test,pooled,0.25,20260506,,evaluated,,passed,,0.3647956040349131,0.2453996610577529,0.49043913221771973,0.9223165457748895,0.8963050856811723,0.9474073587610883,0.37193090754350716,0.25862068965517243,0.26741871267418715,1565,1507,58,1496,3719,197,49,3768,49,75,0
phi-4-multimodal-instruct,phi-4-multimodal-instruct,repope,Sphere-Traj-LSTM,proxy_anchor,Diag-kNN-tuned,test,test,pooled,0.25,20260506,8,evaluated,,passed,,0.27705941024234165,0.16140728394647347,0.40125731587526775,0.8089147198132851,0.7586029650280238,0.8594486480643635,0.2832895624793584,0.22413793103448276,0.6848042468480424,1565,1507,58,1496,3719,197,49,3768,49,75,0
phi-4-multimodal-instruct,phi-4-multimodal-instruct,repope,Sphere-Traj-LSTM,proxy_anchor,Diag-vMF,test,test,pooled,0.25,20260506,,evaluated,,passed,,0.42233849405043167,0.28634792413972376,0.5577172935310728,0.8840926252202366,0.8310599268704965,0.9335514663164136,0.42887964263491607,0.3103448275862069,0.46051758460517583,1565,1507,58,1496,3719,197,49,3768,49,75,0
phi-4-multimodal-instruct,phi-4-multimodal-instruct,pope,Sphere-Traj-LSTM,proxy_anchor,Diag-Classifier,test,test,pooled,0.25,20260506,,evaluated,,passed,,0.24231132719875978,0.166725963240423,0.35252467316709396,0.917384786166329,0.8906573362028646,0.9400006780587896,0.25821521868079234,0.10526315789473684,0.23809523809523808,1590,1533,57,1572,3719,197,49,3768,49,210,0
phi-4-multimodal-instruct,phi-4-multimodal-instruct,pope,Sphere-Traj-LSTM,proxy_anchor,Diag-kNN-tuned,test,test,pooled,0.25,20260506,8,evaluated,,passed,,0.08553428030572566,0.0540173486467653,0.13561951738062844,0.7234753550543025,0.6655901572618136,0.7806447877023827,0.09274063279874456,0.07017543859649122,0.7795172863666014,1590,1533,57,1572,3719,197,49,3768,49,210,0
phi-4-multimodal-instruct,phi-4-multimodal-instruct,pope,Sphere-Traj-LSTM,proxy_anchor,Diag-vMF,test,test,pooled,0.25,20260506,,evaluated,,passed,,0.2377265102381366,0.1589606974250873,0.35399949390702606,0.8756480241700142,0.8214561015110845,0.9193468928516347,0.2525056397048186,0.15789473684210525,0.4090019569471624,1590,1533,57,1572,3719,197,49,3768,49,210,0
phi-4-multimodal-instruct,phi-4-multimodal-instruct,dash-b,Sphere-Traj-LSTM,proxy_anchor,Diag-Classifier,test,test,pooled,0.25,20260506,,evaluated,,passed,,0.770717546278732,0.7124898258919045,0.8234022521101048,0.7805855481727576,0.7365618671758819,0.8202449805152895,0.7714668095263996,0.19534883720930232,0.6294642857142857,439,224,215,305,3719,197,49,3768,49,4,0
phi-4-multimodal-instruct,phi-4-multimodal-instruct,dash-b,Sphere-Traj-LSTM,proxy_anchor,Diag-kNN-tuned,test,test,pooled,0.25,20260506,8,evaluated,,passed,,0.5411343321164686,0.4684201714482803,0.6100986383665584,0.5153239202657807,0.45857639752134804,0.5709298413008014,0.5448380908540316,0.05581395348837209,0.9598214285714286,439,224,215,305,3719,197,49,3768,49,4,0
phi-4-multimodal-instruct,phi-4-multimodal-instruct,dash-b,Sphere-Traj-LSTM,proxy_anchor,Diag-vMF,test,test,pooled,0.25,20260506,,evaluated,,passed,,0.5814723092412033,0.5126660199981135,0.6556375537075692,0.6208679401993356,0.5670135342046355,0.6740844770298343,0.5851379707475413,0.004651162790697674,0.9375,439,224,215,305,3719,197,49,3768,49,4,0
phi-4-multimodal-instruct,phi-4-multimodal-instruct,repope,Sphere-Traj-LSTM,proxy_anchor,Diag-Classifier,test,test,pooled,0.25,20260507,,evaluated,,passed,,0.2342637793384774,0.13196162073413126,0.3462834876988564,0.6456764981809029,0.5654269328927581,0.7306825044298265,0.2401310002925972,0.1724137931034483,0.8248175182481752,1565,1507,58,1496,3719,197,49,3768,49,75,0
phi-4-multimodal-instruct,phi-4-multimodal-instruct,repope,Sphere-Traj-LSTM,proxy_anchor,Diag-kNN-tuned,test,test,pooled,0.25,20260507,32,evaluated,,passed,,0.30233397835294995,0.1963535668806212,0.42194963261941676,0.8854884104066083,0.8469581917277511,0.916269729712047,0.3095379032692555,0.1724137931034483,0.35633709356337095,1565,1507,58,1496,3719,197,49,3768,49,75,0
phi-4-multimodal-instruct,phi-4-multimodal-instruct,repope,Sphere-Traj-LSTM,proxy_anchor,Diag-vMF,test,test,pooled,0.25,20260507,,evaluated,,passed,,0.28024593815694177,0.17216017068376305,0.40063005469101015,0.8176212159348328,0.7477331966931783,0.8737128846078094,0.28734541066890595,0.1724137931034483,0.8712674187126742,1565,1507,58,1496,3719,197,49,3768,49,75,0
phi-4-multimodal-instruct,phi-4-multimodal-instruct,pope,Sphere-Traj-LSTM,proxy_anchor,Diag-Classifier,test,test,pooled,0.25,20260507,,evaluated,,passed,,0.14799551770173192,0.08347219652136255,0.24482488833980012,0.6413236287064693,0.5607526225411864,0.7253665799951529,0.1509319204527567,0.10526315789473684,0.8140900195694716,1590,1533,57,1572,3719,197,49,3768,49,210,0
phi-4-multimodal-instruct,phi-4-multimodal-instruct,pope,Sphere-Traj-LSTM,proxy_anchor,Diag-kNN-tuned,test,test,pooled,0.25,20260507,32,evaluated,,passed,,0.20174343353096263,0.13373318624942948,0.2980081757878174,0.8836589189869651,0.8499898172186552,0.9177894614878177,0.21464661914920763,0.15789473684210525,0.25244618395303325,1590,1533,57,1572,3719,197,49,3768,49,210,0
phi-4-multimodal-instruct,phi-4-multimodal-instruct,pope,Sphere-Traj-LSTM,proxy_anchor,Diag-vMF,test,test,pooled,0.25,20260507,,evaluated,,passed,,0.181065973725106,0.11268130907557442,0.27646250022818786,0.8137238072349824,0.7566200876701575,0.867804840782298,0.19364385687495875,0.15789473684210525,0.6418786692759295,1590,1533,57,1572,3719,197,49,3768,49,210,0
phi-4-multimodal-instruct,phi-4-multimodal-instruct,dash-b,Sphere-Traj-LSTM,proxy_anchor,Diag-Classifier,test,test,pooled,0.25,20260507,,evaluated,,passed,,0.7161068894674902,0.6529630116261933,0.7780366831265473,0.7327865448504984,0.6846347495369522,0.776594158493774,0.7172047251504345,0.09767441860465116,0.8214285714285714,439,224,215,305,3719,197,49,3768,49,4,0
phi-4-multimodal-instruct,phi-4-multimodal-instruct,dash-b,Sphere-Traj-LSTM,proxy_anchor,Diag-kNN-tuned,test,test,pooled,0.25,20260507,32,evaluated,,passed,,0.6978663510936451,0.6336418880265479,0.7628784586847244,0.7220722591362126,0.6720519980658102,0.768613617487164,0.6990241513822845,0.09302325581395349,0.8169642857142857,439,224,215,305,3719,197,49,3768,49,4,0
phi-4-multimodal-instruct,phi-4-multimodal-instruct,dash-b,Sphere-Traj-LSTM,proxy_anchor,Diag-vMF,test,test,pooled,0.25,20260507,,evaluated,,passed,,0.6097273945862789,0.54197444537545,0.6798571546467367,0.5597799003322259,0.5032212579087578,0.6149337820062831,0.6109538628558615,0.09302325581395349,0.9598214285714286,439,224,215,305,3719,197,49,3768,49,4,0
phi-4-multimodal-instruct,phi-4-multimodal-instruct,repope,Sphere-Traj-LSTM,proxy_anchor,Diag-Classifier,test,test,pooled,0.25,20260508,,evaluated,,passed,,0.39206133905766544,0.25833849829597577,0.5203582412166678,0.782886758346109,0.7020678865159998,0.8570857282684815,0.3970320889174367,0.3103448275862069,0.8427339084273391,1565,1507,58,1496,3719,197,49,3768,49,75,0
phi-4-multimodal-instruct,phi-4-multimodal-instruct,repope,Sphere-Traj-LSTM,proxy_anchor,Diag-kNN-tuned,test,test,pooled,0.25,20260508,16,evaluated,,passed,,0.16034290408640267,0.08486293921429681,0.24969579740711928,0.7431984074319842,0.6941753697115003,0.7915347226203351,0.16325383755120754,0.08620689655172414,0.5348374253483743,1565,1507,58,1496,3719,197,49,3768,49,75,0
phi-4-multimodal-instruct,phi-4-multimodal-instruct,repope,Sphere-Traj-LSTM,proxy_anchor,Diag-vMF,test,test,pooled,0.25,20260508,,evaluated,,passed,,0.44107080361378626,0.3050287289531704,0.5664140399020765,0.913552845342425,0.8661897099549323,0.9490643161470982,0.4474918111124427,0.3275862068965517,0.21366954213669542,1565,1507,58,1496,3719,197,49,3768,49,75,0
phi-4-multimodal-instruct,phi-4-multimodal-instruct,pope,Sphere-Traj-LSTM,proxy_anchor,Diag-Classifier,test,test,pooled,0.25,20260508,,evaluated,,passed,,0.21501078477728175,0.1255021864491049,0.3238265698112794,0.7906409860267106,0.714506160383238,0.8546480461242465,0.22604237181826572,0.19298245614035087,0.7906066536203522,1590,1533,57,1572,3719,197,49,3768,49,210,0
phi-4-multimodal-instruct,phi-4-multimodal-instruct,pope,Sphere-Traj-LSTM,proxy_anchor,Diag-kNN-tuned,test,test,pooled,0.25,20260508,16,evaluated,,passed,,0.05694651394835154,0.039601945003532715,0.08519432488970162,0.6837298726267724,0.640320287813323,0.732170603824329,0.06090820834842335,0.03508771929824561,0.5903457273320287,1590,1533,57,1572,3719,197,49,3768,49,210,0
phi-4-multimodal-instruct,phi-4-multimodal-instruct,pope,Sphere-Traj-LSTM,proxy_anchor,Diag-vMF,test,test,pooled,0.25,20260508,,evaluated,,passed,,0.2644175888483815,0.17621049445420398,0.36544743666555785,0.9051395612318467,0.853599475668606,0.9421298893397816,0.27545254797230995,0.19298245614035087,0.18590998043052837,1590,1533,57,1572,3719,197,49,3768,49,210,0
phi-4-multimodal-instruct,phi-4-multimodal-instruct,dash-b,Sphere-Traj-LSTM,proxy_anchor,Diag-Classifier,test,test,pooled,0.25,20260508,,evaluated,,passed,,0.7489109282195466,0.6817391490168702,0.7990895360334045,0.764264950166113,0.720135591087838,0.8082281703277745,0.7497854749061803,0.13488372093023257,0.71875,439,224,215,305,3719,197,49,3768,49,4,0
phi-4-multimodal-instruct,phi-4-multimodal-instruct,dash-b,Sphere-Traj-LSTM,proxy_anchor,Diag-kNN-tuned,test,test,pooled,0.25,20260508,16,evaluated,,passed,,0.4020243697996042,0.3526899808783402,0.4585348216931481,0.36654900332225915,0.31946199805022224,0.42095126869677496,0.40590988949196505,0.004651162790697674,0.9866071428571429,439,224,215,305,3719,197,49,3768,49,4,0
phi-4-multimodal-instruct,phi-4-multimodal-instruct,dash-b,Sphere-Traj-LSTM,proxy_anchor,Diag-vMF,test,test,pooled,0.25,20260508,,evaluated,,passed,,0.5176499889736444,0.45628958970123135,0.5796237381730475,0.5912998338870432,0.5346713126690245,0.6446433243756452,0.5201001438520182,0.0,0.9196428571428571,439,224,215,305,3719,197,49,3768,49,4,0
phi-4-multimodal-instruct,phi-4-multimodal-instruct,repope,Sphere-Traj-LSTM,proxy_anchor,Diag-kNN-tuned,test,test,pooled,0.1,20260506,,skipped,ratio 0.1 would leave fewer than 20 hard negatives (19),skipped,ratio 0.1 would leave fewer than 20 hard negatives (19),nan,nan,nan,nan,nan,nan,nan,nan,nan,0,0,0,0,3719,197,0,3719,0,0,0
phi-4-multimodal-instruct,phi-4-multimodal-instruct,repope,Sphere-Traj-LSTM,proxy_anchor,Diag-Classifier,test,test,pooled,0.1,20260506,,skipped,ratio 0.1 would leave fewer than 20 hard negatives (19),skipped,ratio 0.1 would leave fewer than 20 hard negatives (19),nan,nan,nan,nan,nan,nan,nan,nan,nan,0,0,0,0,3719,197,0,3719,0,0,0
phi-4-multimodal-instruct,phi-4-multimodal-instruct,repope,Sphere-Traj-LSTM,proxy_anchor,Diag-vMF,test,test,pooled,0.1,20260506,,skipped,ratio 0.1 would leave fewer than 20 hard negatives (19),skipped,ratio 0.1 would leave fewer than 20 hard negatives (19),nan,nan,nan,nan,nan,nan,nan,nan,nan,0,0,0,0,3719,197,0,3719,0,0,0
phi-4-multimodal-instruct,phi-4-multimodal-instruct,pope,Sphere-Traj-LSTM,proxy_anchor,Diag-kNN-tuned,test,test,pooled,0.1,20260506,,skipped,ratio 0.1 would leave fewer than 20 hard negatives (19),skipped,ratio 0.1 would leave fewer than 20 hard negatives (19),nan,nan,nan,nan,nan,nan,nan,nan,nan,0,0,0,0,3719,197,0,3719,0,0,0
phi-4-multimodal-instruct,phi-4-multimodal-instruct,pope,Sphere-Traj-LSTM,proxy_anchor,Diag-Classifier,test,test,pooled,0.1,20260506,,skipped,ratio 0.1 would leave fewer than 20 hard negatives (19),skipped,ratio 0.1 would leave fewer than 20 hard negatives (19),nan,nan,nan,nan,nan,nan,nan,nan,nan,0,0,0,0,3719,197,0,3719,0,0,0
phi-4-multimodal-instruct,phi-4-multimodal-instruct,pope,Sphere-Traj-LSTM,proxy_anchor,Diag-vMF,test,test,pooled,0.1,20260506,,skipped,ratio 0.1 would leave fewer than 20 hard negatives (19),skipped,ratio 0.1 would leave fewer than 20 hard negatives (19),nan,nan,nan,nan,nan,nan,nan,nan,nan,0,0,0,0,3719,197,0,3719,0,0,0
phi-4-multimodal-instruct,phi-4-multimodal-instruct,dash-b,Sphere-Traj-LSTM,proxy_anchor,Diag-kNN-tuned,test,test,pooled,0.1,20260506,,skipped,ratio 0.1 would leave fewer than 20 hard negatives (19),skipped,ratio 0.1 would leave fewer than 20 hard negatives (19),nan,nan,nan,nan,nan,nan,nan,nan,nan,0,0,0,0,3719,197,0,3719,0,0,0
phi-4-multimodal-instruct,phi-4-multimodal-instruct,dash-b,Sphere-Traj-LSTM,proxy_anchor,Diag-Classifier,test,test,pooled,0.1,20260506,,skipped,ratio 0.1 would leave fewer than 20 hard negatives (19),skipped,ratio 0.1 would leave fewer than 20 hard negatives (19),nan,nan,nan,nan,nan,nan,nan,nan,nan,0,0,0,0,3719,197,0,3719,0,0,0
phi-4-multimodal-instruct,phi-4-multimodal-instruct,dash-b,Sphere-Traj-LSTM,proxy_anchor,Diag-vMF,test,test,pooled,0.1,20260506,,skipped,ratio 0.1 would leave fewer than 20 hard negatives (19),skipped,ratio 0.1 would leave fewer than 20 hard negatives (19),nan,nan,nan,nan,nan,nan,nan,nan,nan,0,0,0,0,3719,197,0,3719,0,0,0
phi-4-multimodal-instruct,phi-4-multimodal-instruct,repope,Sphere-Traj-LSTM,proxy_anchor,Diag-kNN-tuned,test,test,pooled,0.1,20260507,,skipped,ratio 0.1 would leave fewer than 20 hard negatives (19),skipped,ratio 0.1 would leave fewer than 20 hard negatives (19),nan,nan,nan,nan,nan,nan,nan,nan,nan,0,0,0,0,3719,197,0,3719,0,0,0
phi-4-multimodal-instruct,phi-4-multimodal-instruct,repope,Sphere-Traj-LSTM,proxy_anchor,Diag-Classifier,test,test,pooled,0.1,20260507,,skipped,ratio 0.1 would leave fewer than 20 hard negatives (19),skipped,ratio 0.1 would leave fewer than 20 hard negatives (19),nan,nan,nan,nan,nan,nan,nan,nan,nan,0,0,0,0,3719,197,0,3719,0,0,0
phi-4-multimodal-instruct,phi-4-multimodal-instruct,repope,Sphere-Traj-LSTM,proxy_anchor,Diag-vMF,test,test,pooled,0.1,20260507,,skipped,ratio 0.1 would leave fewer than 20 hard negatives (19),skipped,ratio 0.1 would leave fewer than 20 hard negatives (19),nan,nan,nan,nan,nan,nan,nan,nan,nan,0,0,0,0,3719,197,0,3719,0,0,0
phi-4-multimodal-instruct,phi-4-multimodal-instruct,pope,Sphere-Traj-LSTM,proxy_anchor,Diag-kNN-tuned,test,test,pooled,0.1,20260507,,skipped,ratio 0.1 would leave fewer than 20 hard negatives (19),skipped,ratio 0.1 would leave fewer than 20 hard negatives (19),nan,nan,nan,nan,nan,nan,nan,nan,nan,0,0,0,0,3719,197,0,3719,0,0,0
phi-4-multimodal-instruct,phi-4-multimodal-instruct,pope,Sphere-Traj-LSTM,proxy_anchor,Diag-Classifier,test,test,pooled,0.1,20260507,,skipped,ratio 0.1 would leave fewer than 20 hard negatives (19),skipped,ratio 0.1 would leave fewer than 20 hard negatives (19),nan,nan,nan,nan,nan,nan,nan,nan,nan,0,0,0,0,3719,197,0,3719,0,0,0
phi-4-multimodal-instruct,phi-4-multimodal-instruct,pope,Sphere-Traj-LSTM,proxy_anchor,Diag-vMF,test,test,pooled,0.1,20260507,,skipped,ratio 0.1 would leave fewer than 20 hard negatives (19),skipped,ratio 0.1 would leave fewer than 20 hard negatives (19),nan,nan,nan,nan,nan,nan,nan,nan,nan,0,0,0,0,3719,197,0,3719,0,0,0
phi-4-multimodal-instruct,phi-4-multimodal-instruct,dash-b,Sphere-Traj-LSTM,proxy_anchor,Diag-kNN-tuned,test,test,pooled,0.1,20260507,,skipped,ratio 0.1 would leave fewer than 20 hard negatives (19),skipped,ratio 0.1 would leave fewer than 20 hard negatives (19),nan,nan,nan,nan,nan,nan,nan,nan,nan,0,0,0,0,3719,197,0,3719,0,0,0
phi-4-multimodal-instruct,phi-4-multimodal-instruct,dash-b,Sphere-Traj-LSTM,proxy_anchor,Diag-Classifier,test,test,pooled,0.1,20260507,,skipped,ratio 0.1 would leave fewer than 20 hard negatives (19),skipped,ratio 0.1 would leave fewer than 20 hard negatives (19),nan,nan,nan,nan,nan,nan,nan,nan,nan,0,0,0,0,3719,197,0,3719,0,0,0
phi-4-multimodal-instruct,phi-4-multimodal-instruct,dash-b,Sphere-Traj-LSTM,proxy_anchor,Diag-vMF,test,test,pooled,0.1,20260507,,skipped,ratio 0.1 would leave fewer than 20 hard negatives (19),skipped,ratio 0.1 would leave fewer than 20 hard negatives (19),nan,nan,nan,nan,nan,nan,nan,nan,nan,0,0,0,0,3719,197,0,3719,0,0,0
phi-4-multimodal-instruct,phi-4-multimodal-instruct,repope,Sphere-Traj-LSTM,proxy_anchor,Diag-kNN-tuned,test,test,pooled,0.1,20260508,,skipped,ratio 0.1 would leave fewer than 20 hard negatives (19),skipped,ratio 0.1 would leave fewer than 20 hard negatives (19),nan,nan,nan,nan,nan,nan,nan,nan,nan,0,0,0,0,3719,197,0,3719,0,0,0
phi-4-multimodal-instruct,phi-4-multimodal-instruct,repope,Sphere-Traj-LSTM,proxy_anchor,Diag-Classifier,test,test,pooled,0.1,20260508,,skipped,ratio 0.1 would leave fewer than 20 hard negatives (19),skipped,ratio 0.1 would leave fewer than 20 hard negatives (19),nan,nan,nan,nan,nan,nan,nan,nan,nan,0,0,0,0,3719,197,0,3719,0,0,0
phi-4-multimodal-instruct,phi-4-multimodal-instruct,repope,Sphere-Traj-LSTM,proxy_anchor,Diag-vMF,test,test,pooled,0.1,20260508,,skipped,ratio 0.1 would leave fewer than 20 hard negatives (19),skipped,ratio 0.1 would leave fewer than 20 hard negatives (19),nan,nan,nan,nan,nan,nan,nan,nan,nan,0,0,0,0,3719,197,0,3719,0,0,0
phi-4-multimodal-instruct,phi-4-multimodal-instruct,pope,Sphere-Traj-LSTM,proxy_anchor,Diag-kNN-tuned,test,test,pooled,0.1,20260508,,skipped,ratio 0.1 would leave fewer than 20 hard negatives (19),skipped,ratio 0.1 would leave fewer than 20 hard negatives (19),nan,nan,nan,nan,nan,nan,nan,nan,nan,0,0,0,0,3719,197,0,3719,0,0,0
phi-4-multimodal-instruct,phi-4-multimodal-instruct,pope,Sphere-Traj-LSTM,proxy_anchor,Diag-Classifier,test,test,pooled,0.1,20260508,,skipped,ratio 0.1 would leave fewer than 20 hard negatives (19),skipped,ratio 0.1 would leave fewer than 20 hard negatives (19),nan,nan,nan,nan,nan,nan,nan,nan,nan,0,0,0,0,3719,197,0,3719,0,0,0
phi-4-multimodal-instruct,phi-4-multimodal-instruct,pope,Sphere-Traj-LSTM,proxy_anchor,Diag-vMF,test,test,pooled,0.1,20260508,,skipped,ratio 0.1 would leave fewer than 20 hard negatives (19),skipped,ratio 0.1 would leave fewer than 20 hard negatives (19),nan,nan,nan,nan,nan,nan,nan,nan,nan,0,0,0,0,3719,197,0,3719,0,0,0
phi-4-multimodal-instruct,phi-4-multimodal-instruct,dash-b,Sphere-Traj-LSTM,proxy_anchor,Diag-kNN-tuned,test,test,pooled,0.1,20260508,,skipped,ratio 0.1 would leave fewer than 20 hard negatives (19),skipped,ratio 0.1 would leave fewer than 20 hard negatives (19),nan,nan,nan,nan,nan,nan,nan,nan,nan,0,0,0,0,3719,197,0,3719,0,0,0
phi-4-multimodal-instruct,phi-4-multimodal-instruct,dash-b,Sphere-Traj-LSTM,proxy_anchor,Diag-Classifier,test,test,pooled,0.1,20260508,,skipped,ratio 0.1 would leave fewer than 20 hard negatives (19),skipped,ratio 0.1 would leave fewer than 20 hard negatives (19),nan,nan,nan,nan,nan,nan,nan,nan,nan,0,0,0,0,3719,197,0,3719,0,0,0
phi-4-multimodal-instruct,phi-4-multimodal-instruct,dash-b,Sphere-Traj-LSTM,proxy_anchor,Diag-vMF,test,test,pooled,0.1,20260508,,skipped,ratio 0.1 would leave fewer than 20 hard negatives (19),skipped,ratio 0.1 would leave fewer than 20 hard negatives (19),nan,nan,nan,nan,nan,nan,nan,nan,nan,0,0,0,0,3719,197,0,3719,0,0,0
phi-3.5-vision-instruct,phi-3.5-vision-instruct,repope,Sphere-Traj-LSTM,proxy_anchor,Diag-Classifier,test,test,pooled,1.0,20260506,,evaluated,,passed,,0.45699851795386376,0.33083038277473276,0.5816290788154548,0.859299077486444,0.7894274763180782,0.919983900458263,0.43373696407841456,0.3275862068965517,0.7256637168141593,1527,1469,58,1475,3648,116,116,3764,116,113,0
phi-3.5-vision-instruct,phi-3.5-vision-instruct,repope,Sphere-Traj-LSTM,proxy_anchor,Diag-kNN-tuned,test,test,pooled,1.0,20260506,16,evaluated,,passed,,0.4445867775713527,0.31710350758983047,0.5700840366262027,0.9333348982418254,0.912079811479473,0.953714614544403,0.45833134578524315,0.3103448275862069,0.21443158611300203,1527,1469,58,1475,3648,116,116,3764,116,113,0
phi-3.5-vision-instruct,phi-3.5-vision-instruct,repope,Sphere-Traj-LSTM,proxy_anchor,Diag-vMF,test,test,pooled,1.0,20260506,,evaluated,,passed,,0.47248451438129146,0.34528022763323757,0.5982106642450875,0.9346376845613953,0.8981021332602606,0.9637802892223656,0.4871773588282253,0.3103448275862069,0.3567052416609939,1527,1469,58,1475,3648,116,116,3764,116,113,0
phi-3.5-vision-instruct,phi-3.5-vision-instruct,pope,Sphere-Traj-LSTM,proxy_anchor,Diag-Classifier,test,test,pooled,1.0,20260506,,evaluated,,passed,,0.24722717521425794,0.14393677525193685,0.36492816120919086,0.7811054222441551,0.6861285143332706,0.8711467849782596,0.20438652757933912,0.13953488372093023,0.9051724137931034,1551,1508,43,1545,3648,116,116,3764,116,249,0
phi-3.5-vision-instruct,phi-3.5-vision-instruct,pope,Sphere-Traj-LSTM,proxy_anchor,Diag-kNN-tuned,test,test,pooled,1.0,20260506,16,evaluated,,passed,,0.2100089339424926,0.11718438126447392,0.3257180073571429,0.9000832767873665,0.8668642689012531,0.9305281830573562,0.2211733334507601,0.16279069767441862,0.35610079575596815,1551,1508,43,1545,3648,116,116,3764,116,249,0
phi-3.5-vision-instruct,phi-3.5-vision-instruct,pope,Sphere-Traj-LSTM,proxy_anchor,Diag-vMF,test,test,pooled,1.0,20260506,,evaluated,,passed,,0.22585422852296072,0.12868570574472982,0.3493196470852182,0.852769724261304,0.7833033162136612,0.9165282156933057,0.23726193367402926,0.13953488372093023,0.7022546419098143,1551,1508,43,1545,3648,116,116,3764,116,249,0
phi-3.5-vision-instruct,phi-3.5-vision-instruct,dash-b,Sphere-Traj-LSTM,proxy_anchor,Diag-Classifier,test,test,pooled,1.0,20260506,,evaluated,,passed,,0.6782581036891975,0.6059138283915512,0.7519662922598196,0.782891001986943,0.7345353030109381,0.825885453894214,0.6429838340745555,0.0,0.7380073800738007,427,271,156,334,3648,116,116,3764,116,16,0
phi-3.5-vision-instruct,phi-3.5-vision-instruct,dash-b,Sphere-Traj-LSTM,proxy_anchor,Diag-kNN-tuned,test,test,pooled,1.0,20260506,16,evaluated,,passed,,0.5793862839891684,0.4925990967779728,0.6651270934368193,0.6763411864887878,0.6208810930437889,0.7278537881029973,0.5826186774375476,0.0641025641025641,0.8671586715867159,427,271,156,334,3648,116,116,3764,116,16,0
phi-3.5-vision-instruct,phi-3.5-vision-instruct,dash-b,Sphere-Traj-LSTM,proxy_anchor,Diag-vMF,test,test,pooled,1.0,20260506,,evaluated,,passed,,0.5325513833158144,0.45005324538097474,0.6164532183115355,0.5974311666193585,0.5395004920207077,0.6600795487493143,0.5357918123862044,0.0641025641025641,0.940959409594096,427,271,156,334,3648,116,116,3764,116,16,0
phi-3.5-vision-instruct,phi-3.5-vision-instruct,repope,Sphere-Traj-LSTM,proxy_anchor,Diag-Classifier,test,test,pooled,1.0,20260507,,evaluated,,passed,,0.4758419602003785,0.34256120638047544,0.6027239435771262,0.8609304945893289,0.7926705110944968,0.9205924057957654,0.47363000185041193,0.3103448275862069,0.7964601769911505,1527,1469,58,1475,3648,116,116,3764,116,113,0
phi-3.5-vision-instruct,phi-3.5-vision-instruct,repope,Sphere-Traj-LSTM,proxy_anchor,Diag-kNN-tuned,test,test,pooled,1.0,20260507,32,evaluated,,passed,,0.5112961480660667,0.36973131733930314,0.6448805960488636,0.946362761437525,0.9199938354304449,0.9681801883984479,0.5265331232354984,0.3103448275862069,0.2920353982300885,1527,1469,58,1475,3648,116,116,3764,116,113,0
phi-3.5-vision-instruct,phi-3.5-vision-instruct,repope,Sphere-Traj-LSTM,proxy_anchor,Diag-vMF,test,test,pooled,1.0,20260507,,evaluated,,passed,,0.5130665618714245,0.3777032007338199,0.6401690511727883,0.9454003427149598,0.9084767149924011,0.9726747260998101,0.5282747249816867,0.3103448275862069,0.18788291354663036,1527,1469,58,1475,3648,116,116,3764,116,113,0
phi-3.5-vision-instruct,phi-3.5-vision-instruct,pope,Sphere-Traj-LSTM,proxy_anchor,Diag-Classifier,test,test,pooled,1.0,20260507,,evaluated,,passed,,0.20597949456741402,0.11851294040984833,0.3206153282794089,0.7746514712232435,0.675469534323701,0.8655173425951722,0.19505162100240092,0.13953488372093023,0.8806366047745358,1551,1508,43,1545,3648,116,116,3764,116,249,0
phi-3.5-vision-instruct,phi-3.5-vision-instruct,pope,Sphere-Traj-LSTM,proxy_anchor,Diag-kNN-tuned,test,test,pooled,1.0,20260507,32,evaluated,,passed,,0.1905401045862603,0.11252663118610715,0.296079713366275,0.897523286657208,0.8621319595377103,0.9304920307767829,0.19923025496870114,0.11627906976744186,0.34748010610079577,1551,1508,43,1545,3648,116,116,3764,116,249,0
phi-3.5-vision-instruct,phi-3.5-vision-instruct,pope,Sphere-Traj-LSTM,proxy_anchor,Diag-vMF,test,test,pooled,1.0,20260507,,evaluated,,passed,,0.2338989740603602,0.14175052626003984,0.34980067666693776,0.881484794275492,0.8250641533974779,0.9324931326167369,0.24370255142299727,0.13953488372093023,0.583554376657825,1551,1508,43,1545,3648,116,116,3764,116,249,0
phi-3.5-vision-instruct,phi-3.5-vision-instruct,dash-b,Sphere-Traj-LSTM,proxy_anchor,Diag-Classifier,test,test,pooled,1.0,20260507,,evaluated,,passed,,0.6494668579269705,0.5680704327001096,0.7213854312123607,0.7778526823729776,0.7309680403078248,0.8224737531028895,0.6323204477008636,0.0,0.7195571955719557,427,271,156,334,3648,116,116,3764,116,16,0
phi-3.5-vision-instruct,phi-3.5-vision-instruct,dash-b,Sphere-Traj-LSTM,proxy_anchor,Diag-kNN-tuned,test,test,pooled,1.0,20260507,32,evaluated,,passed,,0.4249881694463522,0.3510088731292148,0.5054086943439214,0.5024836786829407,0.4418056141705846,0.5607702962470638,0.42845370790328136,0.057692307692307696,0.933579335793358,427,271,156,334,3648,116,116,3764,116,16,0
phi-3.5-vision-instruct,phi-3.5-vision-instruct,dash-b,Sphere-Traj-LSTM,proxy_anchor,Diag-vMF,test,test,pooled,1.0,20260507,,evaluated,,passed,,0.4464709442304733,0.37701472544782033,0.5232060749210871,0.5891758917589176,0.5312802419354838,0.6458091929151841,0.45023050331514447,0.03205128205128205,0.940959409594096,427,271,156,334,3648,116,116,3764,116,16,0
phi-3.5-vision-instruct,phi-3.5-vision-instruct,repope,Sphere-Traj-LSTM,proxy_anchor,Diag-Classifier,test,test,pooled,1.0,20260508,,evaluated,,passed,,0.40830625811918037,0.2650863880739027,0.5414251439327789,0.7054353184197555,0.6019296065091118,0.8059242637472545,0.40876782252544097,0.3793103448275862,0.9870660313138189,1527,1469,58,1475,3648,116,116,3764,116,113,0
phi-3.5-vision-instruct,phi-3.5-vision-instruct,repope,Sphere-Traj-LSTM,proxy_anchor,Diag-kNN-tuned,test,test,pooled,1.0,20260508,32,evaluated,,passed,,0.47768547846382653,0.3378258709338828,0.5998654132828274,0.9422431398323983,0.9228358966799918,0.9609356205605558,0.4864867958453504,0.3793103448275862,0.19605173587474473,1527,1469,58,1475,3648,116,116,3764,116,113,0
phi-3.5-vision-instruct,phi-3.5-vision-instruct,repope,Sphere-Traj-LSTM,proxy_anchor,Diag-vMF,test,test,pooled,1.0,20260508,,evaluated,,passed,,0.47879994081234845,0.3450327613219858,0.6051940589132582,0.945247764136992,0.9171965993448082,0.9657264926044611,0.4878823646806804,0.3793103448275862,0.14908100748808714,1527,1469,58,1475,3648,116,116,3764,116,113,0
phi-3.5-vision-instruct,phi-3.5-vision-instruct,pope,Sphere-Traj-LSTM,proxy_anchor,Diag-Classifier,test,test,pooled,1.0,20260508,,evaluated,,passed,,0.19680508584612105,0.1015244948858293,0.30830100106809666,0.716303744371106,0.5990730657035965,0.8213607514890364,0.18960310234450922,0.18604651162790697,0.9343501326259946,1551,1508,43,1545,3648,116,116,3764,116,249,0
phi-3.5-vision-instruct,phi-3.5-vision-instruct,pope,Sphere-Traj-LSTM,proxy_anchor,Diag-kNN-tuned,test,test,pooled,1.0,20260508,32,evaluated,,passed,,0.2196326455857064,0.1367340412531333,0.3262044448777713,0.9233082474862748,0.895830546986116,0.9466873500956693,0.23291659880367505,0.18604651162790697,0.26061007957559684,1551,1508,43,1545,3648,116,116,3764,116,249,0
phi-3.5-vision-instruct,phi-3.5-vision-instruct,pope,Sphere-Traj-LSTM,proxy_anchor,Diag-vMF,test,test,pooled,1.0,20260508,,evaluated,,passed,,0.20951803401125746,0.12700790805097417,0.315263596019649,0.8641971500832768,0.7863386908207625,0.9232310535604829,0.22238715050429284,0.18604651162790697,0.6259946949602122,1551,1508,43,1545,3648,116,116,3764,116,249,0
phi-3.5-vision-instruct,phi-3.5-vision-instruct,dash-b,Sphere-Traj-LSTM,proxy_anchor,Diag-Classifier,test,test,pooled,1.0,20260508,,evaluated,,passed,,0.6103262806110213,0.523119335843174,0.687646799391853,0.7090429558141735,0.6530026840255234,0.7622714936142918,0.6036522403008202,0.0,0.9003690036900369,427,271,156,334,3648,116,116,3764,116,16,0
phi-3.5-vision-instruct,phi-3.5-vision-instruct,dash-b,Sphere-Traj-LSTM,proxy_anchor,Diag-kNN-tuned,test,test,pooled,1.0,20260508,32,evaluated,,passed,,0.5896441375216308,0.5033412415198985,0.6671477299196101,0.7001845018450185,0.6500130931722199,0.7482177783280093,0.5916630498861284,0.057692307692307696,0.8856088560885609,427,271,156,334,3648,116,116,3764,116,16,0
phi-3.5-vision-instruct,phi-3.5-vision-instruct,dash-b,Sphere-Traj-LSTM,proxy_anchor,Diag-vMF,test,test,pooled,1.0,20260508,,evaluated,,passed,,0.5599945361821308,0.47113879686583965,0.6412140648584621,0.6230012300123001,0.5622608294224581,0.6826674215478616,0.5620491113177832,0.057692307692307696,0.977859778597786,427,271,156,334,3648,116,116,3764,116,16,0
phi-3.5-vision-instruct,phi-3.5-vision-instruct,repope,Sphere-Traj-LSTM,proxy_anchor,Diag-Classifier,test,test,pooled,0.5,20260506,,evaluated,,passed,,0.37714121145341756,0.24958223351917425,0.5073232318502118,0.6405131334945189,0.5259503793345236,0.7473395875962171,0.3640638276641104,0.3275862068965517,0.9979577944179714,1527,1469,58,1475,3648,116,58,3706,58,113,0
phi-3.5-vision-instruct,phi-3.5-vision-instruct,repope,Sphere-Traj-LSTM,proxy_anchor,Diag-kNN-tuned,test,test,pooled,0.5,20260506,32,evaluated,,passed,,0.44253770335914405,0.31818894198987785,0.5586722240114957,0.9292152766366987,0.9046464453827654,0.9503831280618509,0.4489546145961736,0.3275862068965517,0.224642614023145,1527,1469,58,1475,3648,116,58,3706,58,113,0
phi-3.5-vision-instruct,phi-3.5-vision-instruct,repope,Sphere-Traj-LSTM,proxy_anchor,Diag-vMF,test,test,pooled,0.5,20260506,,evaluated,,passed,,0.46305369239174676,0.337682103961407,0.5809909875042533,0.9381117814135818,0.9125070925889892,0.9590449070931081,0.47013144048456235,0.3275862068965517,0.1531654186521443,1527,1469,58,1475,3648,116,58,3706,58,113,0
phi-3.5-vision-instruct,phi-3.5-vision-instruct,pope,Sphere-Traj-LSTM,proxy_anchor,Diag-Classifier,test,test,pooled,0.5,20260506,,evaluated,,passed,,0.15621624749999252,0.07699056226552597,0.2662127935174595,0.604820800690889,0.47399926133300513,0.7317130054694417,0.14380915381751805,0.046511627906976744,0.9721485411140584,1551,1508,43,1545,3648,116,58,3706,58,249,0
phi-3.5-vision-instruct,phi-3.5-vision-instruct,pope,Sphere-Traj-LSTM,proxy_anchor,Diag-kNN-tuned,test,test,pooled,0.5,20260506,32,evaluated,,passed,,0.15510282746008458,0.09800222964972255,0.23026911507807107,0.8979550922213312,0.8606486761976422,0.9293872365237521,0.16272415580726168,0.06976744186046512,0.24336870026525198,1551,1508,43,1545,3648,116,58,3706,58,249,0
phi-3.5-vision-instruct,phi-3.5-vision-instruct,pope,Sphere-Traj-LSTM,proxy_anchor,Diag-vMF,test,test,pooled,0.5,20260506,,evaluated,,passed,,0.18499051724353613,0.11510633801904191,0.28723555654578364,0.8773055332798717,0.8143681786300225,0.9292450859022423,0.19552192389137008,0.046511627906976744,0.5722811671087533,1551,1508,43,1545,3648,116,58,3706,58,249,0
phi-3.5-vision-instruct,phi-3.5-vision-instruct,dash-b,Sphere-Traj-LSTM,proxy_anchor,Diag-Classifier,test,test,pooled,0.5,20260506,,evaluated,,passed,,0.5608886517566558,0.4760091292374777,0.6462280147348937,0.6541536569211847,0.5943117014165281,0.7106642670783503,0.5574356021328557,0.0,0.8892988929889298,427,271,156,334,3648,116,58,3706,58,16,0
phi-3.5-vision-instruct,phi-3.5-vision-instruct,dash-b,Sphere-Traj-LSTM,proxy_anchor,Diag-kNN-tuned,test,test,pooled,0.5,20260506,32,evaluated,,passed,,0.6013708564147072,0.514786359416998,0.6901300769981417,0.7214495221875294,0.6672488158302797,0.7728335269205678,0.6039170765082023,0.02564102564102564,0.8154981549815498,427,271,156,334,3648,116,58,3706,58,16,0
phi-3.5-vision-instruct,phi-3.5-vision-instruct,dash-b,Sphere-Traj-LSTM,proxy_anchor,Diag-vMF,test,test,pooled,0.5,20260506,,evaluated,,passed,,0.525961761246985,0.4430566498536713,0.6100803110154366,0.612238622386224,0.5508681778079747,0.6691903839845562,0.5285723784598969,0.02564102564102564,0.9446494464944649,427,271,156,334,3648,116,58,3706,58,16,0
phi-3.5-vision-instruct,phi-3.5-vision-instruct,repope,Sphere-Traj-LSTM,proxy_anchor,Diag-Classifier,test,test,pooled,0.5,20260507,,evaluated,,passed,,0.34790372256102337,0.21493822524289796,0.48026064969098037,0.7958498626792798,0.7261823756933959,0.8535648424572415,0.3473020182730567,0.27586206896551724,0.7705922396187883,1527,1469,58,1475,3648,116,58,3706,58,113,0
phi-3.5-vision-instruct,phi-3.5-vision-instruct,repope,Sphere-Traj-LSTM,proxy_anchor,Diag-kNN-tuned,test,test,pooled,0.5,20260507,32,evaluated,,passed,,0.42240596236362116,0.29448153402636756,0.5465149691647524,0.9234407643013074,0.8926659498674916,0.9484449110671936,0.42977282442846365,0.25862068965517243,0.30292716133424097,1527,1469,58,1475,3648,116,58,3706,58,113,0
phi-3.5-vision-instruct,phi-3.5-vision-instruct,repope,Sphere-Traj-LSTM,proxy_anchor,Diag-vMF,test,test,pooled,0.5,20260507,,evaluated,,passed,,0.41963962556391887,0.29021848104364967,0.5419614279799874,0.9110701626722377,0.8735134568265046,0.9441656546152805,0.42684825318299163,0.27586206896551724,0.5064669843430906,1527,1469,58,1475,3648,116,58,3706,58,113,0
phi-3.5-vision-instruct,phi-3.5-vision-instruct,pope,Sphere-Traj-LSTM,proxy_anchor,Diag-Classifier,test,test,pooled,0.5,20260507,,evaluated,,passed,,0.20060010672669307,0.10847097235231824,0.32511240949128384,0.8169452840663747,0.7497129040908013,0.884663919184471,0.2013902338585935,0.13953488372093023,0.7659151193633952,1551,1508,43,1545,3648,116,58,3706,58,249,0
phi-3.5-vision-instruct,phi-3.5-vision-instruct,pope,Sphere-Traj-LSTM,proxy_anchor,Diag-kNN-tuned,test,test,pooled,0.5,20260507,32,evaluated,,passed,,0.2212781906162528,0.12568855354703024,0.3418241877702728,0.8916168034050953,0.8544179864717047,0.9285324728986183,0.23146270557312135,0.16279069767441862,0.3574270557029178,1551,1508,43,1545,3648,116,58,3706,58,249,0
phi-3.5-vision-instruct,phi-3.5-vision-instruct,pope,Sphere-Traj-LSTM,proxy_anchor,Diag-vMF,test,test,pooled,0.5,20260507,,evaluated,,passed,,0.25302920048022587,0.14866917004902308,0.3812943538680625,0.896813891801863,0.8435718914720387,0.9421717277820729,0.26388277266197263,0.13953488372093023,0.623342175066313,1551,1508,43,1545,3648,116,58,3706,58,249,0
phi-3.5-vision-instruct,phi-3.5-vision-instruct,dash-b,Sphere-Traj-LSTM,proxy_anchor,Diag-Classifier,test,test,pooled,0.5,20260507,,evaluated,,passed,,0.5855259630207887,0.5042804816481086,0.6653778440252024,0.7530750307503075,0.7046794635650852,0.7965716816859101,0.5865406530883627,0.03205128205128205,0.6420664206642066,427,271,156,334,3648,116,58,3706,58,16,0
phi-3.5-vision-instruct,phi-3.5-vision-instruct,dash-b,Sphere-Traj-LSTM,proxy_anchor,Diag-kNN-tuned,test,test,pooled,0.5,20260507,32,evaluated,,passed,,0.4187655884625112,0.3489350575742234,0.4863181454762841,0.5772305799981077,0.522205772944588,0.6338696003336158,0.42194445778172773,0.03205128205128205,0.922509225092251,427,271,156,334,3648,116,58,3706,58,16,0
phi-3.5-vision-instruct,phi-3.5-vision-instruct,dash-b,Sphere-Traj-LSTM,proxy_anchor,Diag-vMF,test,test,pooled,0.5,20260507,,evaluated,,passed,,0.4357094021154593,0.36725682765524525,0.5073805769719753,0.5894360866685591,0.5327664142760977,0.643953972071362,0.4390665057198297,0.03205128205128205,0.948339483394834,427,271,156,334,3648,116,58,3706,58,16,0
phi-3.5-vision-instruct,phi-3.5-vision-instruct,repope,Sphere-Traj-LSTM,proxy_anchor,Diag-Classifier,test,test,pooled,0.5,20260508,,evaluated,,passed,,0.3951091689454203,0.2655907720870314,0.5142907777550276,0.7152355578507547,0.6184837709053429,0.8051849208908928,0.3929590149368932,0.29310344827586204,0.9040163376446563,1527,1469,58,1475,3648,116,58,3706,58,113,0
phi-3.5-vision-instruct,phi-3.5-vision-instruct,repope,Sphere-Traj-LSTM,proxy_anchor,Diag-kNN-tuned,test,test,pooled,0.5,20260508,32,evaluated,,passed,,0.4858545138424978,0.3541285008793342,0.6005579412084373,0.9459871833994506,0.925921065675818,0.9639224613442202,0.4933548132187411,0.29310344827586204,0.1756296800544588,1527,1469,58,1475,3648,116,58,3706,58,113,0
phi-3.5-vision-instruct,phi-3.5-vision-instruct,repope,Sphere-Traj-LSTM,proxy_anchor,Diag-vMF,test,test,pooled,0.5,20260508,,evaluated,,passed,,0.48504673501438644,0.3577370563621112,0.5984613643713138,0.9413159315509024,0.9078866783023916,0.9643719129499932,0.4922651388114234,0.29310344827586204,0.15112321307011573,1527,1469,58,1475,3648,116,58,3706,58,113,0
phi-3.5-vision-instruct,phi-3.5-vision-instruct,pope,Sphere-Traj-LSTM,proxy_anchor,Diag-Classifier,test,test,pooled,0.5,20260508,,evaluated,,passed,,0.17382069445219275,0.08567971165138352,0.28007407377402443,0.6527126642403306,0.5403208508613616,0.759214372029878,0.15587493251348242,0.09302325581395349,0.899867374005305,1551,1508,43,1545,3648,116,58,3706,58,249,0
phi-3.5-vision-instruct,phi-3.5-vision-instruct,pope,Sphere-Traj-LSTM,proxy_anchor,Diag-kNN-tuned,test,test,pooled,0.5,20260508,32,evaluated,,passed,,0.18337750092949812,0.11616603039827274,0.27322220202332853,0.9106008265992228,0.8803129414872304,0.9376727342301838,0.195479238095574,0.09302325581395349,0.21750663129973474,1551,1508,43,1545,3648,116,58,3706,58,249,0
phi-3.5-vision-instruct,phi-3.5-vision-instruct,pope,Sphere-Traj-LSTM,proxy_anchor,Diag-vMF,test,test,pooled,0.5,20260508,,evaluated,,passed,,0.1800053834206612,0.11208663898524605,0.26860156404387026,0.8776756523348344,0.8129820012369997,0.9280997777446112,0.1921165168161617,0.09302325581395349,0.6087533156498673,1551,1508,43,1545,3648,116,58,3706,58,249,0
phi-3.5-vision-instruct,phi-3.5-vision-instruct,dash-b,Sphere-Traj-LSTM,proxy_anchor,Diag-Classifier,test,test,pooled,0.5,20260508,,evaluated,,passed,,0.6282857221075648,0.5442491374464566,0.7053761824772623,0.7319164537799224,0.681357869526908,0.7841524990951041,0.612134285288974,0.0,0.9188191881918819,427,271,156,334,3648,116,58,3706,58,16,0
phi-3.5-vision-instruct,phi-3.5-vision-instruct,dash-b,Sphere-Traj-LSTM,proxy_anchor,Diag-kNN-tuned,test,test,pooled,0.5,20260508,32,evaluated,,passed,,0.5829619042073272,0.49047058044970954,0.6686343890384499,0.6977717854101618,0.6453412942116691,0.7495302472656542,0.5862762236849693,0.05128205128205128,0.9372693726937269,427,271,156,334,3648,116,58,3706,58,16,0
phi-3.5-vision-instruct,phi-3.5-vision-instruct,dash-b,Sphere-Traj-LSTM,proxy_anchor,Diag-vMF,test,test,pooled,0.5,20260508,,evaluated,,passed,,0.5238112079716638,0.4339219808862462,0.6102171740190055,0.6105828365975967,0.5531287691097674,0.6681333779552392,0.5271336825257757,0.05128205128205128,0.966789667896679,427,271,156,334,3648,116,58,3706,58,16,0
phi-3.5-vision-instruct,phi-3.5-vision-instruct,repope,Sphere-Traj-LSTM,proxy_anchor,Diag-Classifier,test,test,pooled,0.25,20260506,,evaluated,,passed,,0.31720352789650197,0.1918115283642022,0.4438264821580338,0.5958193469636862,0.49485274467353535,0.6991631565752394,0.3235892116487344,0.25862068965517243,0.9557522123893806,1527,1469,58,1475,3648,116,29,3677,29,113,0
phi-3.5-vision-instruct,phi-3.5-vision-instruct,repope,Sphere-Traj-LSTM,proxy_anchor,Diag-kNN-tuned,test,test,pooled,0.25,20260506,32,evaluated,,passed,,0.3412103294093244,0.2212093286352013,0.4597518914371767,0.8837116499612685,0.8505148777931038,0.9133359489961023,0.3480093187513094,0.25862068965517243,0.3287950987066031,1527,1469,58,1475,3648,116,29,3677,29,113,0
phi-3.5-vision-instruct,phi-3.5-vision-instruct,repope,Sphere-Traj-LSTM,proxy_anchor,Diag-vMF,test,test,pooled,0.25,20260506,,evaluated,,passed,,0.36857871373661416,0.24017315871932407,0.49461617491243803,0.8297809910565479,0.7566619411079708,0.9012609000596501,0.37587327758096606,0.25862068965517243,0.8686181075561606,1527,1469,58,1475,3648,116,29,3677,29,113,0
phi-3.5-vision-instruct,phi-3.5-vision-instruct,pope,Sphere-Traj-LSTM,proxy_anchor,Diag-Classifier,test,test,pooled,0.25,20260506,,evaluated,,passed,,0.13804334100828516,0.06024194600313812,0.2570003818533807,0.5491487261735858,0.44007899804010736,0.6682541862735817,0.14711872490398825,0.13953488372093023,0.9131299734748011,1551,1508,43,1545,3648,116,29,3677,29,249,0
phi-3.5-vision-instruct,phi-3.5-vision-instruct,pope,Sphere-Traj-LSTM,proxy_anchor,Diag-kNN-tuned,test,test,pooled,0.25,20260506,32,evaluated,,passed,,0.16809195395229842,0.09039505795396914,0.28559696614998603,0.8625470359632348,0.824860466795347,0.8988776626849159,0.17775600122755944,0.13953488372093023,0.3209549071618037,1551,1508,43,1545,3648,116,29,3677,29,249,0
phi-3.5-vision-instruct,phi-3.5-vision-instruct,pope,Sphere-Traj-LSTM,proxy_anchor,Diag-vMF,test,test,pooled,0.25,20260506,,evaluated,,passed,,0.1926296784773478,0.1114867591033367,0.31464687963521887,0.8659552155943494,0.7996890724507336,0.9202621520908671,0.2028909412916785,0.13953488372093023,0.6677718832891246,1551,1508,43,1545,3648,116,29,3677,29,249,0
phi-3.5-vision-instruct,phi-3.5-vision-instruct,dash-b,Sphere-Traj-LSTM,proxy_anchor,Diag-Classifier,test,test,pooled,0.25,20260506,,evaluated,,passed,,0.5106950881942037,0.4286853904297431,0.595322649053883,0.6279922414608762,0.5717268818311093,0.6828882074541509,0.514441459439912,0.04487179487179487,0.9704797047970479,427,271,156,334,3648,116,29,3677,29,16,0
phi-3.5-vision-instruct,phi-3.5-vision-instruct,dash-b,Sphere-Traj-LSTM,proxy_anchor,Diag-kNN-tuned,test,test,pooled,0.25,20260506,32,evaluated,,passed,,0.45873503145979483,0.38354164157887016,0.5435967898241825,0.5749124798940297,0.5185822640170471,0.6312947350754066,0.46249042779127325,0.04487179487179487,0.9003690036900369,427,271,156,334,3648,116,29,3677,29,16,0
phi-3.5-vision-instruct,phi-3.5-vision-instruct,dash-b,Sphere-Traj-LSTM,proxy_anchor,Diag-vMF,test,test,pooled,0.25,20260506,,evaluated,,passed,,0.44393039392576716,0.36648728387455803,0.5277753933694749,0.5577869240230864,0.49981989370316815,0.614410636995026,0.44768908549145114,0.04487179487179487,0.8671586715867159,427,271,156,334,3648,116,29,3677,29,16,0
phi-3.5-vision-instruct,phi-3.5-vision-instruct,repope,Sphere-Traj-LSTM,proxy_anchor,Diag-Classifier,test,test,pooled,0.25,20260507,,evaluated,,passed,,0.1961147968282147,0.10716762397746289,0.3251303261678741,0.4709983333724561,0.3649609744062191,0.5764298143831332,0.22579146246537762,0.29310344827586204,0.9714091218515998,1527,1469,58,1475,3648,116,29,3677,29,113,0
phi-3.5-vision-instruct,phi-3.5-vision-instruct,repope,Sphere-Traj-LSTM,proxy_anchor,Diag-kNN-tuned,test,test,pooled,0.25,20260507,32,evaluated,,passed,,0.3058532960877634,0.20865819943149663,0.4371837133410518,0.9034529705875449,0.8746049349564387,0.9305430242272347,0.33759834361822744,0.29310344827586204,0.3682777399591559,1527,1469,58,1475,3648,116,29,3677,29,113,0
phi-3.5-vision-instruct,phi-3.5-vision-instruct,repope,Sphere-Traj-LSTM,proxy_anchor,Diag-vMF,test,test,pooled,0.25,20260507,,evaluated,,passed,,0.31329896319995887,0.21208633962129517,0.44974381139679287,0.8567756625431328,0.7939111321979658,0.9126844432642128,0.34517176540094396,0.29310344827586204,0.866575901974132,1527,1469,58,1475,3648,116,29,3677,29,113,0
phi-3.5-vision-instruct,phi-3.5-vision-instruct,pope,Sphere-Traj-LSTM,proxy_anchor,Diag-Classifier,test,test,pooled,0.25,20260507,,evaluated,,passed,,0.041365307562718834,0.019292842948775233,0.08346056290685117,0.37642650052433535,0.27958723957989007,0.47527586524212456,0.046513103307716686,0.023255813953488372,0.9456233421750663,1551,1508,43,1545,3648,116,29,3677,29,249,0
phi-3.5-vision-instruct,phi-3.5-vision-instruct,pope,Sphere-Traj-LSTM,proxy_anchor,Diag-kNN-tuned,test,test,pooled,0.25,20260507,32,evaluated,,passed,,0.1278957518520137,0.08590865958699188,0.1921553273296326,0.8771667386342606,0.8411547104790562,0.9136642319610446,0.13565374842606412,0.023255813953488372,0.3753315649867374,1551,1508,43,1545,3648,116,29,3677,29,249,0
phi-3.5-vision-instruct,phi-3.5-vision-instruct,pope,Sphere-Traj-LSTM,proxy_anchor,Diag-vMF,test,test,pooled,0.25,20260507,,evaluated,,passed,,0.11981983037527968,0.07734847307671054,0.1865045251094628,0.7796095243970143,0.6932831586059769,0.8671321278677144,0.1275652701810194,0.023255813953488372,0.9376657824933687,1551,1508,43,1545,3648,116,29,3677,29,249,0
phi-3.5-vision-instruct,phi-3.5-vision-instruct,dash-b,Sphere-Traj-LSTM,proxy_anchor,Diag-Classifier,test,test,pooled,0.25,20260507,,evaluated,,passed,,0.5419069667336307,0.4614192037281091,0.6279237344603253,0.6223389156968493,0.5646859846250161,0.6835963960586697,0.5417590887461091,0.057692307692307696,0.9114391143911439,427,271,156,334,3648,116,29,3677,29,16,0
phi-3.5-vision-instruct,phi-3.5-vision-instruct,dash-b,Sphere-Traj-LSTM,proxy_anchor,Diag-kNN-tuned,test,test,pooled,0.25,20260507,32,evaluated,,passed,,0.5799476852392959,0.49922260622725834,0.661764042799017,0.6813558520200588,0.6274576686156705,0.7383972968206011,0.5827864964450656,0.057692307692307696,0.933579335793358,427,271,156,334,3648,116,29,3677,29,16,0
phi-3.5-vision-instruct,phi-3.5-vision-instruct,dash-b,Sphere-Traj-LSTM,proxy_anchor,Diag-vMF,test,test,pooled,0.25,20260507,,evaluated,,passed,,0.4937308887008748,0.41714610587800094,0.5725619120372291,0.552322830920617,0.49395227069566067,0.6144588402745019,0.4966048683874611,0.057692307692307696,0.948339483394834,427,271,156,334,3648,116,29,3677,29,16,0
phi-3.5-vision-instruct,phi-3.5-vision-instruct,repope,Sphere-Traj-LSTM,proxy_anchor,Diag-Classifier,test,test,pooled,0.25,20260508,,evaluated,,passed,,0.2550393729191958,0.14664099867728772,0.375788990877313,0.5409145325227107,0.4416633016787775,0.6390849406407818,0.25772285213113305,0.1896551724137931,0.9625595643294759,1527,1469,58,1475,3648,116,29,3677,29,113,0
phi-3.5-vision-instruct,phi-3.5-vision-instruct,repope,Sphere-Traj-LSTM,proxy_anchor,Diag-kNN-tuned,test,test,pooled,0.25,20260508,32,evaluated,,passed,,0.3305299191917875,0.22356635484930337,0.44627555390770135,0.8911058425858548,0.8635110373839883,0.9150662966566623,0.3345374121350627,0.1896551724137931,0.2920353982300885,1527,1469,58,1475,3648,116,29,3677,29,113,0
phi-3.5-vision-instruct,phi-3.5-vision-instruct,repope,Sphere-Traj-LSTM,proxy_anchor,Diag-vMF,test,test,pooled,0.25,20260508,,evaluated,,passed,,0.3416431018567064,0.2337298481777575,0.4607308520986276,0.8662003239360577,0.8168398630294237,0.9104990244730421,0.3462053327062569,0.1896551724137931,0.6119809394145678,1527,1469,58,1475,3648,116,29,3677,29,113,0
phi-3.5-vision-instruct,phi-3.5-vision-instruct,pope,Sphere-Traj-LSTM,proxy_anchor,Diag-Classifier,test,test,pooled,0.25,20260508,,evaluated,,passed,,0.10453988163907844,0.03906308004483239,0.21107030848200223,0.4969465177965579,0.39129859564747316,0.6038409414063935,0.09539581899428783,0.11627906976744186,0.9602122015915119,1551,1508,43,1545,3648,116,29,3677,29,249,0
phi-3.5-vision-instruct,phi-3.5-vision-instruct,pope,Sphere-Traj-LSTM,proxy_anchor,Diag-kNN-tuned,test,test,pooled,0.25,20260508,32,evaluated,,passed,,0.13374037421628898,0.07915740087873346,0.23365280545740502,0.8730491641478009,0.8425073583860971,0.9005356523415946,0.14431690308584366,0.11627906976744186,0.3057029177718833,1551,1508,43,1545,3648,116,29,3677,29,249,0
phi-3.5-vision-instruct,phi-3.5-vision-instruct,pope,Sphere-Traj-LSTM,proxy_anchor,Diag-vMF,test,test,pooled,0.25,20260508,,evaluated,,passed,,0.13261656244854578,0.07357222696055517,0.2389899442773338,0.813814693726482,0.7429302069298165,0.8731465387360023,0.14333932876110508,0.11627906976744186,0.7102122015915119,1551,1508,43,1545,3648,116,29,3677,29,249,0
phi-3.5-vision-instruct,phi-3.5-vision-instruct,dash-b,Sphere-Traj-LSTM,proxy_anchor,Diag-Classifier,test,test,pooled,0.25,20260508,,evaluated,,passed,,0.5880715933119955,0.4982978943486891,0.6741650696133206,0.6965299460686913,0.6431092230655449,0.750528342890609,0.5882481745648508,0.057692307692307696,0.8634686346863468,427,271,156,334,3648,116,29,3677,29,16,0
phi-3.5-vision-instruct,phi-3.5-vision-instruct,dash-b,Sphere-Traj-LSTM,proxy_anchor,Diag-kNN-tuned,test,test,pooled,0.25,20260508,32,evaluated,,passed,,0.5900067133339943,0.50132739988805,0.6766266709535004,0.7037562683319141,0.6490487058181272,0.7544872450207787,0.5933840064610967,0.0641025641025641,0.9114391143911439,427,271,156,334,3648,116,29,3677,29,16,0
phi-3.5-vision-instruct,phi-3.5-vision-instruct,dash-b,Sphere-Traj-LSTM,proxy_anchor,Diag-vMF,test,test,pooled,0.25,20260508,,evaluated,,passed,,0.5642442456286241,0.47698692457264474,0.6515990159552133,0.6600908316775475,0.6020911209780279,0.7174393223152098,0.5676334826120467,0.057692307692307696,0.9003690036900369,427,271,156,334,3648,116,29,3677,29,16,0
phi-3.5-vision-instruct,phi-3.5-vision-instruct,repope,Sphere-Traj-LSTM,proxy_anchor,Diag-kNN-tuned,test,test,pooled,0.1,20260506,,skipped,ratio 0.1 would leave fewer than 20 hard negatives (11),skipped,ratio 0.1 would leave fewer than 20 hard negatives (11),nan,nan,nan,nan,nan,nan,nan,nan,nan,0,0,0,0,3648,116,0,3648,0,0,0
phi-3.5-vision-instruct,phi-3.5-vision-instruct,repope,Sphere-Traj-LSTM,proxy_anchor,Diag-Classifier,test,test,pooled,0.1,20260506,,skipped,ratio 0.1 would leave fewer than 20 hard negatives (11),skipped,ratio 0.1 would leave fewer than 20 hard negatives (11),nan,nan,nan,nan,nan,nan,nan,nan,nan,0,0,0,0,3648,116,0,3648,0,0,0
phi-3.5-vision-instruct,phi-3.5-vision-instruct,repope,Sphere-Traj-LSTM,proxy_anchor,Diag-vMF,test,test,pooled,0.1,20260506,,skipped,ratio 0.1 would leave fewer than 20 hard negatives (11),skipped,ratio 0.1 would leave fewer than 20 hard negatives (11),nan,nan,nan,nan,nan,nan,nan,nan,nan,0,0,0,0,3648,116,0,3648,0,0,0
phi-3.5-vision-instruct,phi-3.5-vision-instruct,pope,Sphere-Traj-LSTM,proxy_anchor,Diag-kNN-tuned,test,test,pooled,0.1,20260506,,skipped,ratio 0.1 would leave fewer than 20 hard negatives (11),skipped,ratio 0.1 would leave fewer than 20 hard negatives (11),nan,nan,nan,nan,nan,nan,nan,nan,nan,0,0,0,0,3648,116,0,3648,0,0,0
phi-3.5-vision-instruct,phi-3.5-vision-instruct,pope,Sphere-Traj-LSTM,proxy_anchor,Diag-Classifier,test,test,pooled,0.1,20260506,,skipped,ratio 0.1 would leave fewer than 20 hard negatives (11),skipped,ratio 0.1 would leave fewer than 20 hard negatives (11),nan,nan,nan,nan,nan,nan,nan,nan,nan,0,0,0,0,3648,116,0,3648,0,0,0
phi-3.5-vision-instruct,phi-3.5-vision-instruct,pope,Sphere-Traj-LSTM,proxy_anchor,Diag-vMF,test,test,pooled,0.1,20260506,,skipped,ratio 0.1 would leave fewer than 20 hard negatives (11),skipped,ratio 0.1 would leave fewer than 20 hard negatives (11),nan,nan,nan,nan,nan,nan,nan,nan,nan,0,0,0,0,3648,116,0,3648,0,0,0
phi-3.5-vision-instruct,phi-3.5-vision-instruct,dash-b,Sphere-Traj-LSTM,proxy_anchor,Diag-kNN-tuned,test,test,pooled,0.1,20260506,,skipped,ratio 0.1 would leave fewer than 20 hard negatives (11),skipped,ratio 0.1 would leave fewer than 20 hard negatives (11),nan,nan,nan,nan,nan,nan,nan,nan,nan,0,0,0,0,3648,116,0,3648,0,0,0
phi-3.5-vision-instruct,phi-3.5-vision-instruct,dash-b,Sphere-Traj-LSTM,proxy_anchor,Diag-Classifier,test,test,pooled,0.1,20260506,,skipped,ratio 0.1 would leave fewer than 20 hard negatives (11),skipped,ratio 0.1 would leave fewer than 20 hard negatives (11),nan,nan,nan,nan,nan,nan,nan,nan,nan,0,0,0,0,3648,116,0,3648,0,0,0
phi-3.5-vision-instruct,phi-3.5-vision-instruct,dash-b,Sphere-Traj-LSTM,proxy_anchor,Diag-vMF,test,test,pooled,0.1,20260506,,skipped,ratio 0.1 would leave fewer than 20 hard negatives (11),skipped,ratio 0.1 would leave fewer than 20 hard negatives (11),nan,nan,nan,nan,nan,nan,nan,nan,nan,0,0,0,0,3648,116,0,3648,0,0,0
phi-3.5-vision-instruct,phi-3.5-vision-instruct,repope,Sphere-Traj-LSTM,proxy_anchor,Diag-kNN-tuned,test,test,pooled,0.1,20260507,,skipped,ratio 0.1 would leave fewer than 20 hard negatives (11),skipped,ratio 0.1 would leave fewer than 20 hard negatives (11),nan,nan,nan,nan,nan,nan,nan,nan,nan,0,0,0,0,3648,116,0,3648,0,0,0
phi-3.5-vision-instruct,phi-3.5-vision-instruct,repope,Sphere-Traj-LSTM,proxy_anchor,Diag-Classifier,test,test,pooled,0.1,20260507,,skipped,ratio 0.1 would leave fewer than 20 hard negatives (11),skipped,ratio 0.1 would leave fewer than 20 hard negatives (11),nan,nan,nan,nan,nan,nan,nan,nan,nan,0,0,0,0,3648,116,0,3648,0,0,0
phi-3.5-vision-instruct,phi-3.5-vision-instruct,repope,Sphere-Traj-LSTM,proxy_anchor,Diag-vMF,test,test,pooled,0.1,20260507,,skipped,ratio 0.1 would leave fewer than 20 hard negatives (11),skipped,ratio 0.1 would leave fewer than 20 hard negatives (11),nan,nan,nan,nan,nan,nan,nan,nan,nan,0,0,0,0,3648,116,0,3648,0,0,0
phi-3.5-vision-instruct,phi-3.5-vision-instruct,pope,Sphere-Traj-LSTM,proxy_anchor,Diag-kNN-tuned,test,test,pooled,0.1,20260507,,skipped,ratio 0.1 would leave fewer than 20 hard negatives (11),skipped,ratio 0.1 would leave fewer than 20 hard negatives (11),nan,nan,nan,nan,nan,nan,nan,nan,nan,0,0,0,0,3648,116,0,3648,0,0,0
phi-3.5-vision-instruct,phi-3.5-vision-instruct,pope,Sphere-Traj-LSTM,proxy_anchor,Diag-Classifier,test,test,pooled,0.1,20260507,,skipped,ratio 0.1 would leave fewer than 20 hard negatives (11),skipped,ratio 0.1 would leave fewer than 20 hard negatives (11),nan,nan,nan,nan,nan,nan,nan,nan,nan,0,0,0,0,3648,116,0,3648,0,0,0
phi-3.5-vision-instruct,phi-3.5-vision-instruct,pope,Sphere-Traj-LSTM,proxy_anchor,Diag-vMF,test,test,pooled,0.1,20260507,,skipped,ratio 0.1 would leave fewer than 20 hard negatives (11),skipped,ratio 0.1 would leave fewer than 20 hard negatives (11),nan,nan,nan,nan,nan,nan,nan,nan,nan,0,0,0,0,3648,116,0,3648,0,0,0
phi-3.5-vision-instruct,phi-3.5-vision-instruct,dash-b,Sphere-Traj-LSTM,proxy_anchor,Diag-kNN-tuned,test,test,pooled,0.1,20260507,,skipped,ratio 0.1 would leave fewer than 20 hard negatives (11),skipped,ratio 0.1 would leave fewer than 20 hard negatives (11),nan,nan,nan,nan,nan,nan,nan,nan,nan,0,0,0,0,3648,116,0,3648,0,0,0
phi-3.5-vision-instruct,phi-3.5-vision-instruct,dash-b,Sphere-Traj-LSTM,proxy_anchor,Diag-Classifier,test,test,pooled,0.1,20260507,,skipped,ratio 0.1 would leave fewer than 20 hard negatives (11),skipped,ratio 0.1 would leave fewer than 20 hard negatives (11),nan,nan,nan,nan,nan,nan,nan,nan,nan,0,0,0,0,3648,116,0,3648,0,0,0
phi-3.5-vision-instruct,phi-3.5-vision-instruct,dash-b,Sphere-Traj-LSTM,proxy_anchor,Diag-vMF,test,test,pooled,0.1,20260507,,skipped,ratio 0.1 would leave fewer than 20 hard negatives (11),skipped,ratio 0.1 would leave fewer than 20 hard negatives (11),nan,nan,nan,nan,nan,nan,nan,nan,nan,0,0,0,0,3648,116,0,3648,0,0,0
phi-3.5-vision-instruct,phi-3.5-vision-instruct,repope,Sphere-Traj-LSTM,proxy_anchor,Diag-kNN-tuned,test,test,pooled,0.1,20260508,,skipped,ratio 0.1 would leave fewer than 20 hard negatives (11),skipped,ratio 0.1 would leave fewer than 20 hard negatives (11),nan,nan,nan,nan,nan,nan,nan,nan,nan,0,0,0,0,3648,116,0,3648,0,0,0
phi-3.5-vision-instruct,phi-3.5-vision-instruct,repope,Sphere-Traj-LSTM,proxy_anchor,Diag-Classifier,test,test,pooled,0.1,20260508,,skipped,ratio 0.1 would leave fewer than 20 hard negatives (11),skipped,ratio 0.1 would leave fewer than 20 hard negatives (11),nan,nan,nan,nan,nan,nan,nan,nan,nan,0,0,0,0,3648,116,0,3648,0,0,0
phi-3.5-vision-instruct,phi-3.5-vision-instruct,repope,Sphere-Traj-LSTM,proxy_anchor,Diag-vMF,test,test,pooled,0.1,20260508,,skipped,ratio 0.1 would leave fewer than 20 hard negatives (11),skipped,ratio 0.1 would leave fewer than 20 hard negatives (11),nan,nan,nan,nan,nan,nan,nan,nan,nan,0,0,0,0,3648,116,0,3648,0,0,0
phi-3.5-vision-instruct,phi-3.5-vision-instruct,pope,Sphere-Traj-LSTM,proxy_anchor,Diag-kNN-tuned,test,test,pooled,0.1,20260508,,skipped,ratio 0.1 would leave fewer than 20 hard negatives (11),skipped,ratio 0.1 would leave fewer than 20 hard negatives (11),nan,nan,nan,nan,nan,nan,nan,nan,nan,0,0,0,0,3648,116,0,3648,0,0,0
phi-3.5-vision-instruct,phi-3.5-vision-instruct,pope,Sphere-Traj-LSTM,proxy_anchor,Diag-Classifier,test,test,pooled,0.1,20260508,,skipped,ratio 0.1 would leave fewer than 20 hard negatives (11),skipped,ratio 0.1 would leave fewer than 20 hard negatives (11),nan,nan,nan,nan,nan,nan,nan,nan,nan,0,0,0,0,3648,116,0,3648,0,0,0
phi-3.5-vision-instruct,phi-3.5-vision-instruct,pope,Sphere-Traj-LSTM,proxy_anchor,Diag-vMF,test,test,pooled,0.1,20260508,,skipped,ratio 0.1 would leave fewer than 20 hard negatives (11),skipped,ratio 0.1 would leave fewer than 20 hard negatives (11),nan,nan,nan,nan,nan,nan,nan,nan,nan,0,0,0,0,3648,116,0,3648,0,0,0
phi-3.5-vision-instruct,phi-3.5-vision-instruct,dash-b,Sphere-Traj-LSTM,proxy_anchor,Diag-kNN-tuned,test,test,pooled,0.1,20260508,,skipped,ratio 0.1 would leave fewer than 20 hard negatives (11),skipped,ratio 0.1 would leave fewer than 20 hard negatives (11),nan,nan,nan,nan,nan,nan,nan,nan,nan,0,0,0,0,3648,116,0,3648,0,0,0
phi-3.5-vision-instruct,phi-3.5-vision-instruct,dash-b,Sphere-Traj-LSTM,proxy_anchor,Diag-Classifier,test,test,pooled,0.1,20260508,,skipped,ratio 0.1 would leave fewer than 20 hard negatives (11),skipped,ratio 0.1 would leave fewer than 20 hard negatives (11),nan,nan,nan,nan,nan,nan,nan,nan,nan,0,0,0,0,3648,116,0,3648,0,0,0
phi-3.5-vision-instruct,phi-3.5-vision-instruct,dash-b,Sphere-Traj-LSTM,proxy_anchor,Diag-vMF,test,test,pooled,0.1,20260508,,skipped,ratio 0.1 would leave fewer than 20 hard negatives (11),skipped,ratio 0.1 would leave fewer than 20 hard negatives (11),nan,nan,nan,nan,nan,nan,nan,nan,nan,0,0,0,0,3648,116,0,3648,0,0,0
gemma-3-4b-it,gemma-3-4b-it,repope,Sphere-Traj-LSTM,proxy_anchor,Diag-Classifier,test,test,pooled,1.0,20260506,,evaluated,,passed,,0.6135969587016996,0.5370403417331006,0.692498530341342,0.942415691672402,0.9286369283171972,0.9553775253233161,0.5992956509286281,0.23333333333333334,0.17894012388162422,1603,1453,150,1438,3507,407,407,3914,407,37,0
gemma-3-4b-it,gemma-3-4b-it,repope,Sphere-Traj-LSTM,proxy_anchor,Diag-kNN-tuned,test,test,pooled,1.0,20260506,32,evaluated,,passed,,0.4915926280313784,0.4116006255164367,0.5744999351044296,0.8980087175957789,0.8783146385271667,0.9174679837763652,0.4944286944684135,0.24666666666666667,0.3496214728148658,1603,1453,150,1438,3507,407,407,3914,407,37,0
gemma-3-4b-it,gemma-3-4b-it,repope,Sphere-Traj-LSTM,proxy_anchor,Diag-vMF,test,test,pooled,1.0,20260506,,evaluated,,passed,,0.6091530321367825,0.5300808584210608,0.6915839963432876,0.9289103005276439,0.9040743732996027,0.9510212600980912,0.6119572304124505,0.24666666666666667,0.18513420509291123,1603,1453,150,1438,3507,407,407,3914,407,37,0
gemma-3-4b-it,gemma-3-4b-it,pope,Sphere-Traj-LSTM,proxy_anchor,Diag-Classifier,test,test,pooled,1.0,20260506,,evaluated,,passed,,0.4875383450767402,0.4151444350137541,0.5620353071548253,0.920853291509474,0.9053540822256347,0.9348741889876346,0.4547490854337677,0.0,0.22864651773981604,1677,1522,155,1538,3507,407,407,3914,407,123,0
gemma-3-4b-it,gemma-3-4b-it,pope,Sphere-Traj-LSTM,proxy_anchor,Diag-kNN-tuned,test,test,pooled,1.0,20260506,32,evaluated,,passed,,0.29047755667750197,0.23680356697660426,0.3517725185936716,0.8357254885337629,0.8076897274788215,0.8619765097607902,0.2944499506636356,0.03225806451612903,0.5315374507227333,1677,1522,155,1538,3507,407,407,3914,407,123,0
gemma-3-4b-it,gemma-3-4b-it,pope,Sphere-Traj-LSTM,proxy_anchor,Diag-vMF,test,test,pooled,1.0,20260506,,evaluated,,passed,,0.4414465115359639,0.3665626277576478,0.5234447401837088,0.8924886609300157,0.8647974648429411,0.9174554843642013,0.44600930054073556,0.09032258064516129,0.5663600525624178,1677,1522,155,1538,3507,407,407,3914,407,123,0
gemma-3-4b-it,gemma-3-4b-it,dash-b,Sphere-Traj-LSTM,proxy_anchor,Diag-Classifier,test,test,pooled,1.0,20260506,,evaluated,,passed,,0.787883029519326,0.7312800908021199,0.8388722393683647,0.8340940018842249,0.7945072177819188,0.8688549173457261,0.7507456097051274,0.0,0.4206008583690987,438,233,205,305,3507,407,407,3914,407,5,0
gemma-3-4b-it,gemma-3-4b-it,dash-b,Sphere-Traj-LSTM,proxy_anchor,Diag-kNN-tuned,test,test,pooled,1.0,20260506,32,evaluated,,passed,,0.4568755547290282,0.4041243491304176,0.5150061157811339,0.5433267036533027,0.48789354246125827,0.5992284999106026,0.45915638253801605,0.004878048780487805,0.8540772532188842,438,233,205,305,3507,407,407,3914,407,5,0
gemma-3-4b-it,gemma-3-4b-it,dash-b,Sphere-Traj-LSTM,proxy_anchor,Diag-vMF,test,test,pooled,1.0,20260506,,evaluated,,passed,,0.48295674339412664,0.4295386199637902,0.5394892302818266,0.5990578875745839,0.5456281817723099,0.6545256707747428,0.485177877587352,0.0,0.8154506437768241,438,233,205,305,3507,407,407,3914,407,5,0
gemma-3-4b-it,gemma-3-4b-it,repope,Sphere-Traj-LSTM,proxy_anchor,Diag-Classifier,test,test,pooled,1.0,20260507,,evaluated,,passed,,0.6105662016650657,0.5316908927897398,0.6933869785175549,0.9291672401927047,0.9071374559950118,0.9487357441714297,0.5835496002795049,0.22666666666666666,0.1913282863041982,1603,1453,150,1438,3507,407,407,3914,407,37,0
gemma-3-4b-it,gemma-3-4b-it,repope,Sphere-Traj-LSTM,proxy_anchor,Diag-kNN-tuned,test,test,pooled,1.0,20260507,32,evaluated,,passed,,0.526343341754469,0.44737906058499005,0.6055725527364103,0.9096535902729985,0.8930944511177494,0.9266676331310201,0.5291304228771736,0.23333333333333334,0.23743977976600136,1603,1453,150,1438,3507,407,407,3914,407,37,0
gemma-3-4b-it,gemma-3-4b-it,repope,Sphere-Traj-LSTM,proxy_anchor,Diag-vMF,test,test,pooled,1.0,20260507,,evaluated,,passed,,0.6335786736467915,0.5515727405753917,0.7174378918011372,0.9458132599220004,0.9328423810823191,0.9585808483975659,0.6362542752833347,0.26666666666666666,0.18719889883000687,1603,1453,150,1438,3507,407,407,3914,407,37,0
gemma-3-4b-it,gemma-3-4b-it,pope,Sphere-Traj-LSTM,proxy_anchor,Diag-Classifier,test,test,pooled,1.0,20260507,,evaluated,,passed,,0.49917619593651236,0.42406025352236043,0.5744678889971497,0.9209253528888135,0.9067020789522747,0.9356893138285293,0.45901367218351385,0.0,0.21287779237844942,1677,1522,155,1538,3507,407,407,3914,407,123,0
gemma-3-4b-it,gemma-3-4b-it,pope,Sphere-Traj-LSTM,proxy_anchor,Diag-kNN-tuned,test,test,pooled,1.0,20260507,32,evaluated,,passed,,0.32036632413997057,0.26011510502016305,0.38793260489352915,0.8595269382391589,0.8377581688169137,0.8817102647873952,0.32473095759370796,0.04516129032258064,0.39816031537450725,1677,1522,155,1538,3507,407,407,3914,407,123,0
gemma-3-4b-it,gemma-3-4b-it,pope,Sphere-Traj-LSTM,proxy_anchor,Diag-vMF,test,test,pooled,1.0,20260507,,evaluated,,passed,,0.4493343764761026,0.37262430044093087,0.5329303764134304,0.9001737950913484,0.8764374750638907,0.9228077016953707,0.45408032496428896,0.07096774193548387,0.43101182654402104,1677,1522,155,1538,3507,407,407,3914,407,123,0
gemma-3-4b-it,gemma-3-4b-it,dash-b,Sphere-Traj-LSTM,proxy_anchor,Diag-Classifier,test,test,pooled,1.0,20260507,,evaluated,,passed,,0.78444981022556,0.7313278893997769,0.8348242762364823,0.8389929864963885,0.8022408744282108,0.8735763580228845,0.7532803287667715,0.0,0.40772532188841204,438,233,205,305,3507,407,407,3914,407,5,0
gemma-3-4b-it,gemma-3-4b-it,dash-b,Sphere-Traj-LSTM,proxy_anchor,Diag-kNN-tuned,test,test,pooled,1.0,20260507,32,evaluated,,passed,,0.48008101640594386,0.4249856330517904,0.5369878518705701,0.5682403433476394,0.5143751564671097,0.6236796217756865,0.48201419641841836,0.01951219512195122,0.8154506437768241,438,233,205,305,3507,407,407,3914,407,5,0
gemma-3-4b-it,gemma-3-4b-it,dash-b,Sphere-Traj-LSTM,proxy_anchor,Diag-vMF,test,test,pooled,1.0,20260507,,evaluated,,passed,,0.48302943266824094,0.4297300723014354,0.538558462336896,0.6011514707421753,0.5455818125386633,0.6564243461691285,0.485316107622426,0.0,0.8025751072961373,438,233,205,305,3507,407,407,3914,407,5,0
gemma-3-4b-it,gemma-3-4b-it,repope,Sphere-Traj-LSTM,proxy_anchor,Diag-Classifier,test,test,pooled,1.0,20260508,,evaluated,,passed,,0.585102500878443,0.5083564718087826,0.6669686591542486,0.9443863271392521,0.9320828580925964,0.9555435928405625,0.5735203630684585,0.23333333333333334,0.18926359256710254,1603,1453,150,1438,3507,407,407,3914,407,37,0
gemma-3-4b-it,gemma-3-4b-it,repope,Sphere-Traj-LSTM,proxy_anchor,Diag-kNN-tuned,test,test,pooled,1.0,20260508,32,evaluated,,passed,,0.4257156853544536,0.35612760170699786,0.5058955318841043,0.8776600137646249,0.856156623011159,0.8984934702606205,0.42929039650190143,0.18,0.3943565037852719,1603,1453,150,1438,3507,407,407,3914,407,37,0
gemma-3-4b-it,gemma-3-4b-it,repope,Sphere-Traj-LSTM,proxy_anchor,Diag-vMF,test,test,pooled,1.0,20260508,,evaluated,,passed,,0.5683286134544923,0.49248173459314454,0.6531738565238376,0.9320073411332874,0.9159257032567744,0.9472774353246772,0.5719017240314762,0.18,0.28355127322780455,1603,1453,150,1438,3507,407,407,3914,407,37,0
gemma-3-4b-it,gemma-3-4b-it,pope,Sphere-Traj-LSTM,proxy_anchor,Diag-Classifier,test,test,pooled,1.0,20260508,,evaluated,,passed,,0.4685184370370371,0.3982448903521245,0.5402198627951894,0.9217794921792208,0.9068660353034007,0.9351884827673509,0.4478422311467885,0.0,0.21419185282522996,1677,1522,155,1538,3507,407,407,3914,407,123,0
gemma-3-4b-it,gemma-3-4b-it,pope,Sphere-Traj-LSTM,proxy_anchor,Diag-kNN-tuned,test,test,pooled,1.0,20260508,32,evaluated,,passed,,0.24209460771877467,0.19424554242066505,0.29343929278216924,0.8145521597219278,0.7886175455965772,0.8384861126673602,0.2457583385464766,0.08387096774193549,0.48291721419185285,1677,1522,155,1538,3507,407,407,3914,407,123,0
gemma-3-4b-it,gemma-3-4b-it,pope,Sphere-Traj-LSTM,proxy_anchor,Diag-vMF,test,test,pooled,1.0,20260508,,evaluated,,passed,,0.4037947080405937,0.3321424494083308,0.47832985046782417,0.8676105294391929,0.8389721964273311,0.8915931176809367,0.4082033328152255,0.08387096774193549,0.5091984231274639,1677,1522,155,1538,3507,407,407,3914,407,123,0
gemma-3-4b-it,gemma-3-4b-it,dash-b,Sphere-Traj-LSTM,proxy_anchor,Diag-Classifier,test,test,pooled,1.0,20260508,,evaluated,,passed,,0.7939550996684602,0.7352475055691957,0.850558024019831,0.850455354338951,0.8154710306597333,0.8849923986626681,0.7681995734295488,0.0,0.37339055793991416,438,233,205,305,3507,407,407,3914,407,5,0
gemma-3-4b-it,gemma-3-4b-it,dash-b,Sphere-Traj-LSTM,proxy_anchor,Diag-kNN-tuned,test,test,pooled,1.0,20260508,32,evaluated,,passed,,0.4966851181961615,0.4420897938916977,0.559727847365984,0.6189050560033497,0.571566724528801,0.6758441736275683,0.4992506534354587,0.0,0.8154506437768241,438,233,205,305,3507,407,407,3914,407,5,0
gemma-3-4b-it,gemma-3-4b-it,dash-b,Sphere-Traj-LSTM,proxy_anchor,Diag-vMF,test,test,pooled,1.0,20260508,,evaluated,,passed,,0.5354142353258418,0.4767078648119666,0.6036086107783034,0.6667434313828116,0.619365143368502,0.7217144028477831,0.5379593424649199,0.0,0.7811158798283262,438,233,205,305,3507,407,407,3914,407,5,0
gemma-3-4b-it,gemma-3-4b-it,repope,Sphere-Traj-LSTM,proxy_anchor,Diag-Classifier,test,test,pooled,0.5,20260506,,evaluated,,passed,,0.6334618622160211,0.553955334541935,0.7119944114660203,0.9460977288368891,0.933308228151116,0.9583801702589047,0.6320580257197634,0.31333333333333335,0.1899518238128011,1603,1453,150,1438,3507,407,203,3710,203,37,0
gemma-3-4b-it,gemma-3-4b-it,repope,Sphere-Traj-LSTM,proxy_anchor,Diag-kNN-tuned,test,test,pooled,0.5,20260506,32,evaluated,,passed,,0.5267333173833945,0.4401675354496845,0.6082639472029503,0.8920991052993805,0.870230156776848,0.91394447091119,0.5297504358691723,0.2866666666666667,0.3441156228492774,1603,1453,150,1438,3507,407,203,3710,203,37,0
gemma-3-4b-it,gemma-3-4b-it,repope,Sphere-Traj-LSTM,proxy_anchor,Diag-vMF,test,test,pooled,0.5,20260506,,evaluated,,passed,,0.6336209705396364,0.5512381393288943,0.7146293348798708,0.9311264051387933,0.9109110957611939,0.9499668778932298,0.6364339287940767,0.36,0.34480385409497594,1603,1453,150,1438,3507,407,203,3710,203,37,0
gemma-3-4b-it,gemma-3-4b-it,pope,Sphere-Traj-LSTM,proxy_anchor,Diag-Classifier,test,test,pooled,0.5,20260506,,evaluated,,passed,,0.44565743784397216,0.3768212220555959,0.5260419104950723,0.9200118689330676,0.9048227633343546,0.9347360879321517,0.4359489302845535,0.0967741935483871,0.22798948751642575,1677,1522,155,1538,3507,407,203,3710,203,123,0
gemma-3-4b-it,gemma-3-4b-it,pope,Sphere-Traj-LSTM,proxy_anchor,Diag-kNN-tuned,test,test,pooled,0.5,20260506,32,evaluated,,passed,,0.29001638414485814,0.23391385215827543,0.3561039368386936,0.823165614005341,0.7981297393730314,0.8493517266651436,0.29411058403910434,0.07741935483870968,0.43495400788436267,1677,1522,155,1538,3507,407,203,3710,203,123,0
gemma-3-4b-it,gemma-3-4b-it,pope,Sphere-Traj-LSTM,proxy_anchor,Diag-vMF,test,test,pooled,0.5,20260506,,evaluated,,passed,,0.41820953573545905,0.3494225596624806,0.4979430909386741,0.8735746683057097,0.8435135353031566,0.9020292646208921,0.422565964808334,0.08387096774193549,0.5400788436268068,1677,1522,155,1538,3507,407,203,3710,203,123,0
gemma-3-4b-it,gemma-3-4b-it,dash-b,Sphere-Traj-LSTM,proxy_anchor,Diag-Classifier,test,test,pooled,0.5,20260506,,evaluated,,passed,,0.7909123962840652,0.7290356289212894,0.8463709033288664,0.8504030147597613,0.8107803369248318,0.8860025480541502,0.7705461462281876,0.0,0.38626609442060084,438,233,205,305,3507,407,203,3710,203,5,0
gemma-3-4b-it,gemma-3-4b-it,dash-b,Sphere-Traj-LSTM,proxy_anchor,Diag-kNN-tuned,test,test,pooled,0.5,20260506,32,evaluated,,passed,,0.5096303738256309,0.4515652543752142,0.5731206346378478,0.626337276248299,0.572932151202249,0.6804919741808222,0.5120181749133601,0.004878048780487805,0.8369098712446352,438,233,205,305,3507,407,203,3710,203,5,0
gemma-3-4b-it,gemma-3-4b-it,dash-b,Sphere-Traj-LSTM,proxy_anchor,Diag-vMF,test,test,pooled,0.5,20260506,,evaluated,,passed,,0.5411972098076132,0.48027654627778293,0.6093242669885472,0.6581388045640112,0.6079887910574766,0.7110425079795364,0.543889894130964,0.0,0.8369098712446352,438,233,205,305,3507,407,203,3710,203,5,0
gemma-3-4b-it,gemma-3-4b-it,repope,Sphere-Traj-LSTM,proxy_anchor,Diag-Classifier,test,test,pooled,0.5,20260507,,evaluated,,passed,,0.5740510156051475,0.49516206213530667,0.6511123102760423,0.9263431979811882,0.9043241326576951,0.9458673699789705,0.5432735976218048,0.0,0.19958706125258086,1603,1453,150,1438,3507,407,203,3710,203,37,0
gemma-3-4b-it,gemma-3-4b-it,repope,Sphere-Traj-LSTM,proxy_anchor,Diag-kNN-tuned,test,test,pooled,0.5,20260507,32,evaluated,,passed,,0.4914842685289438,0.418808617263843,0.56610270338429,0.886368433126864,0.8669102833929458,0.9064499528455874,0.49343323401526507,0.2,0.2993805918788713,1603,1453,150,1438,3507,407,203,3710,203,37,0
gemma-3-4b-it,gemma-3-4b-it,repope,Sphere-Traj-LSTM,proxy_anchor,Diag-vMF,test,test,pooled,0.5,20260507,,evaluated,,passed,,0.6026776164934454,0.5261354988882765,0.6775328077021361,0.9286258316127552,0.910061729708659,0.9455145246091622,0.604673271426919,0.21333333333333335,0.16792842395044735,1603,1453,150,1438,3507,407,203,3710,203,37,0
gemma-3-4b-it,gemma-3-4b-it,pope,Sphere-Traj-LSTM,proxy_anchor,Diag-Classifier,test,test,pooled,0.5,20260507,,evaluated,,passed,,0.4576429997185837,0.38338443141497286,0.5349667253713933,0.9052795557627908,0.8854595547481332,0.9248414238524163,0.41483762149350467,0.0,0.21944809461235218,1677,1522,155,1538,3507,407,203,3710,203,123,0
gemma-3-4b-it,gemma-3-4b-it,pope,Sphere-Traj-LSTM,proxy_anchor,Diag-kNN-tuned,test,test,pooled,0.5,20260507,32,evaluated,,passed,,0.2772944006370145,0.2230063082052778,0.3380932574955884,0.8372557331185622,0.8129998900148484,0.8626249473458196,0.2813843979690256,0.03870967741935484,0.4099868593955322,1677,1522,155,1538,3507,407,203,3710,203,123,0
gemma-3-4b-it,gemma-3-4b-it,pope,Sphere-Traj-LSTM,proxy_anchor,Diag-vMF,test,test,pooled,0.5,20260507,,evaluated,,passed,,0.4006940555605781,0.32689203868373184,0.4855834572128033,0.8683014708999194,0.8382543762289648,0.8956992661011661,0.4054135532288692,0.1032258064516129,0.5939553219448095,1677,1522,155,1538,3507,407,203,3710,203,123,0
gemma-3-4b-it,gemma-3-4b-it,dash-b,Sphere-Traj-LSTM,proxy_anchor,Diag-Classifier,test,test,pooled,0.5,20260507,,evaluated,,passed,,0.8088688280257867,0.7646985297593553,0.8523318337927128,0.8368051920862556,0.8016146634864398,0.8712690056100207,0.7503913327623604,0.0,0.4206008583690987,438,233,205,305,3507,407,203,3710,203,5,0
gemma-3-4b-it,gemma-3-4b-it,dash-b,Sphere-Traj-LSTM,proxy_anchor,Diag-kNN-tuned,test,test,pooled,0.5,20260507,32,evaluated,,passed,,0.48128372763065597,0.42671971712418294,0.5371596595710068,0.5767193551763844,0.5231036379369702,0.6327723797391539,0.48335336735529544,0.01951219512195122,0.7510729613733905,438,233,205,305,3507,407,203,3710,203,5,0
gemma-3-4b-it,gemma-3-4b-it,dash-b,Sphere-Traj-LSTM,proxy_anchor,Diag-vMF,test,test,pooled,0.5,20260507,,evaluated,,passed,,0.48453088069256073,0.4320179150577203,0.5407535228422411,0.597843609337381,0.5440300620467452,0.6514579837190132,0.487052648039207,0.0,0.8884120171673819,438,233,205,305,3507,407,203,3710,203,5,0
gemma-3-4b-it,gemma-3-4b-it,repope,Sphere-Traj-LSTM,proxy_anchor,Diag-Classifier,test,test,pooled,0.5,20260508,,evaluated,,passed,,0.5676560434857472,0.49285629264795244,0.6443510901556594,0.8744643266804313,0.8376899326842134,0.9047794227129711,0.5150739692670735,0.0,0.653819683413627,1603,1453,150,1438,3507,407,203,3710,203,37,0
gemma-3-4b-it,gemma-3-4b-it,repope,Sphere-Traj-LSTM,proxy_anchor,Diag-kNN-tuned,test,test,pooled,0.5,20260508,32,evaluated,,passed,,0.5276682985482851,0.44846766426617896,0.6102340671047011,0.9083505391144759,0.889702291104812,0.9259609662027309,0.5310595001395724,0.22666666666666666,0.3131452167928424,1603,1453,150,1438,3507,407,203,3710,203,37,0
gemma-3-4b-it,gemma-3-4b-it,repope,Sphere-Traj-LSTM,proxy_anchor,Diag-vMF,test,test,pooled,0.5,20260508,,evaluated,,passed,,0.5940865923262071,0.5175126826708742,0.6762507865119142,0.945726083964212,0.9337081578764187,0.9562788278141576,0.5975461708932558,0.23333333333333334,0.1858224363386098,1603,1453,150,1438,3507,407,203,3710,203,37,0
gemma-3-4b-it,gemma-3-4b-it,pope,Sphere-Traj-LSTM,proxy_anchor,Diag-Classifier,test,test,pooled,0.5,20260508,,evaluated,,passed,,0.46942072052687034,0.4007600187578566,0.5338199806738108,0.8479759230214914,0.8118491988971168,0.8785989490753079,0.3992415270028626,0.0,0.6208935611038108,1677,1522,155,1538,3507,407,203,3710,203,123,0
gemma-3-4b-it,gemma-3-4b-it,pope,Sphere-Traj-LSTM,proxy_anchor,Diag-kNN-tuned,test,test,pooled,0.5,20260508,32,evaluated,,passed,,0.34556873408011957,0.28359141149296024,0.41760332410843315,0.8606036200245856,0.8362020748626506,0.8829473389118299,0.34975772387647436,0.06451612903225806,0.4185282522996058,1677,1522,155,1538,3507,407,203,3710,203,123,0
gemma-3-4b-it,gemma-3-4b-it,pope,Sphere-Traj-LSTM,proxy_anchor,Diag-vMF,test,test,pooled,0.5,20260508,,evaluated,,passed,,0.4206279531539716,0.35330415333081,0.49543988844807946,0.899381119918613,0.8749337474901736,0.920028331575366,0.4249353914491107,0.06451612903225806,0.26018396846254926,1677,1522,155,1538,3507,407,203,3710,203,123,0
gemma-3-4b-it,gemma-3-4b-it,dash-b,Sphere-Traj-LSTM,proxy_anchor,Diag-Classifier,test,test,pooled,0.5,20260508,,evaluated,,passed,,0.7318275828023583,0.6710859268393604,0.7902509121519361,0.7786768554380823,0.7370425703319123,0.8206088170998238,0.6972976671267248,0.0,0.5278969957081545,438,233,205,305,3507,407,203,3710,203,5,0
gemma-3-4b-it,gemma-3-4b-it,dash-b,Sphere-Traj-LSTM,proxy_anchor,Diag-kNN-tuned,test,test,pooled,0.5,20260508,32,evaluated,,passed,,0.4506907487497991,0.3970315468451079,0.5125163473868594,0.5324819428451795,0.48187045391825056,0.5907618815249799,0.4534152081919123,0.00975609756097561,0.759656652360515,438,233,205,305,3507,407,203,3710,203,5,0
gemma-3-4b-it,gemma-3-4b-it,dash-b,Sphere-Traj-LSTM,proxy_anchor,Diag-vMF,test,test,pooled,0.5,20260508,,evaluated,,passed,,0.4419319273998152,0.38943942994367375,0.5002221513342924,0.5148330367423846,0.46669340212069044,0.5735274089807995,0.44436688824782455,0.0,0.9527896995708155,438,233,205,305,3507,407,203,3710,203,5,0
gemma-3-4b-it,gemma-3-4b-it,repope,Sphere-Traj-LSTM,proxy_anchor,Diag-Classifier,test,test,pooled,0.25,20260506,,evaluated,,passed,,0.5776326793899078,0.5035480968416678,0.6659980639152404,0.9449116769901355,0.9334863455486514,0.9566631288195665,0.5644546912597843,0.19333333333333333,0.1596696490020647,1603,1453,150,1438,3507,407,101,3608,101,37,0
gemma-3-4b-it,gemma-3-4b-it,repope,Sphere-Traj-LSTM,proxy_anchor,Diag-kNN-tuned,test,test,pooled,0.25,20260506,16,evaluated,,passed,,0.5938453847656577,0.5215940664408252,0.671135098802341,0.9373204863500804,0.9237978824572385,0.9503857655372576,0.5960346699855696,0.26,0.1672401927047488,1603,1453,150,1438,3507,407,101,3608,101,37,0
gemma-3-4b-it,gemma-3-4b-it,repope,Sphere-Traj-LSTM,proxy_anchor,Diag-vMF,test,test,pooled,0.25,20260506,,evaluated,,passed,,0.5547520903491595,0.4803210875178229,0.6415959663711014,0.9199770589584767,0.9008603322402774,0.9405773931831276,0.5577061630169695,0.19333333333333333,0.2278045423262216,1603,1453,150,1438,3507,407,101,3608,101,37,0
gemma-3-4b-it,gemma-3-4b-it,pope,Sphere-Traj-LSTM,proxy_anchor,Diag-Classifier,test,test,pooled,0.25,20260506,,evaluated,,passed,,0.4493830268741903,0.37720471335560557,0.5292039121327187,0.9176084099868593,0.9017491337579925,0.9322670918533907,0.42543196709278625,0.0,0.2187910643889619,1677,1522,155,1538,3507,407,101,3608,101,123,0
gemma-3-4b-it,gemma-3-4b-it,pope,Sphere-Traj-LSTM,proxy_anchor,Diag-kNN-tuned,test,test,pooled,0.25,20260506,16,evaluated,,passed,,0.359144722074748,0.29481012307236293,0.430579997016641,0.8893010046204062,0.8702967034856833,0.9062583677503759,0.3635994109891563,0.07096774193548387,0.30814717477003944,1677,1522,155,1538,3507,407,101,3608,101,123,0
gemma-3-4b-it,gemma-3-4b-it,pope,Sphere-Traj-LSTM,proxy_anchor,Diag-vMF,test,test,pooled,0.25,20260506,,evaluated,,passed,,0.3842806059258588,0.31407873062642694,0.46525927389492777,0.8502903649696919,0.8119554712195705,0.8831628702951376,0.388923409590703,0.05161290322580645,0.6754270696452037,1677,1522,155,1538,3507,407,101,3608,101,123,0
gemma-3-4b-it,gemma-3-4b-it,dash-b,Sphere-Traj-LSTM,proxy_anchor,Diag-Classifier,test,test,pooled,0.25,20260506,,evaluated,,passed,,0.7560486253866432,0.6848920575739544,0.8240376587813779,0.8383544436302731,0.7951650379758463,0.873528377919042,0.7558978575932191,0.024390243902439025,0.45493562231759654,438,233,205,305,3507,407,101,3608,101,5,0
gemma-3-4b-it,gemma-3-4b-it,dash-b,Sphere-Traj-LSTM,proxy_anchor,Diag-kNN-tuned,test,test,pooled,0.25,20260506,16,evaluated,,passed,,0.518005316595079,0.4592206802874597,0.5863964405611303,0.6262325970899194,0.5699547457616723,0.6817277574166418,0.5222337584087731,0.01951219512195122,0.648068669527897,438,233,205,305,3507,407,101,3608,101,5,0
gemma-3-4b-it,gemma-3-4b-it,dash-b,Sphere-Traj-LSTM,proxy_anchor,Diag-vMF,test,test,pooled,0.25,20260506,,evaluated,,passed,,0.4784135783935766,0.42497567255146435,0.5414446210184487,0.5719355176384383,0.5158530607988321,0.6257836394692909,0.4825197190930672,0.01951219512195122,0.8412017167381974,438,233,205,305,3507,407,101,3608,101,5,0
gemma-3-4b-it,gemma-3-4b-it,repope,Sphere-Traj-LSTM,proxy_anchor,Diag-Classifier,test,test,pooled,0.25,20260507,,evaluated,,passed,,0.5900108585472555,0.5132938451431222,0.6731755318747646,0.8761321403991742,0.8454337317737016,0.910329405005954,0.5623894996851022,0.3466666666666667,0.5712319339298004,1603,1453,150,1438,3507,407,101,3608,101,37,0
gemma-3-4b-it,gemma-3-4b-it,repope,Sphere-Traj-LSTM,proxy_anchor,Diag-kNN-tuned,test,test,pooled,0.25,20260507,1,evaluated,,passed,,0.5209144365952647,0.4413884240714748,0.6032534223092415,0.9185455379674238,0.9024353026462515,0.9338047838770671,0.5249541660671682,0.17333333333333334,0.25946317962835513,1603,1453,150,1438,3507,407,101,3608,101,37,0
gemma-3-4b-it,gemma-3-4b-it,repope,Sphere-Traj-LSTM,proxy_anchor,Diag-vMF,test,test,pooled,0.25,20260507,,evaluated,,passed,,0.650582463325155,0.5771824259336855,0.7302004061634987,0.9507180545996788,0.937872847533974,0.9629348170087144,0.6529792786804934,0.30666666666666664,0.13282863041982107,1603,1453,150,1438,3507,407,101,3608,101,37,0
gemma-3-4b-it,gemma-3-4b-it,pope,Sphere-Traj-LSTM,proxy_anchor,Diag-Classifier,test,test,pooled,0.25,20260507,,evaluated,,passed,,0.4744436913045325,0.39375403591568237,0.5507648223904518,0.8460048323513203,0.8113258864924635,0.877367084678205,0.42599388419534345,0.0,0.6077529566360053,1677,1522,155,1538,3507,407,101,3608,101,123,0
gemma-3-4b-it,gemma-3-4b-it,pope,Sphere-Traj-LSTM,proxy_anchor,Diag-kNN-tuned,test,test,pooled,0.25,20260507,1,evaluated,,passed,,0.34950437148725255,0.28564071915695366,0.4230076830518641,0.8704378788521046,0.8483957244455247,0.8934687943622606,0.3544373895169955,0.07096774193548387,0.39750328515111694,1677,1522,155,1538,3507,407,101,3608,101,123,0
gemma-3-4b-it,gemma-3-4b-it,pope,Sphere-Traj-LSTM,proxy_anchor,Diag-vMF,test,test,pooled,0.25,20260507,,evaluated,,passed,,0.46107987714360915,0.3839363625510764,0.5417835421448481,0.9032088508329447,0.8786978421987258,0.9271162099308838,0.46552089948673925,0.09032258064516129,0.37253613666228647,1677,1522,155,1538,3507,407,101,3608,101,123,0
gemma-3-4b-it,gemma-3-4b-it,dash-b,Sphere-Traj-LSTM,proxy_anchor,Diag-Classifier,test,test,pooled,0.25,20260507,,evaluated,,passed,,0.7532951288325126,0.6908801706646168,0.8131413962140737,0.8144247880247043,0.7751264954290362,0.8505865922346101,0.7489420037215936,0.0,0.630901287553648,438,233,205,305,3507,407,101,3608,101,5,0
gemma-3-4b-it,gemma-3-4b-it,dash-b,Sphere-Traj-LSTM,proxy_anchor,Diag-kNN-tuned,test,test,pooled,0.25,20260507,1,evaluated,,passed,,0.559621193437116,0.5009639082568436,0.6230403396235605,0.7072123940123521,0.6584078756440103,0.7581115487647737,0.563006936164965,0.0,0.5836909871244635,438,233,205,305,3507,407,101,3608,101,5,0
gemma-3-4b-it,gemma-3-4b-it,dash-b,Sphere-Traj-LSTM,proxy_anchor,Diag-vMF,test,test,pooled,0.25,20260507,,evaluated,,passed,,0.5717206211007827,0.5082099285258734,0.6346999271884203,0.6889354129592797,0.63934001155081,0.7371385046113307,0.574660495504586,0.004878048780487805,0.7553648068669528,438,233,205,305,3507,407,101,3608,101,5,0
gemma-3-4b-it,gemma-3-4b-it,repope,Sphere-Traj-LSTM,proxy_anchor,Diag-Classifier,test,test,pooled,0.25,20260508,,evaluated,,passed,,0.6429416978868795,0.5679196586397921,0.7148974641891155,0.9422711631108052,0.9290185542428184,0.9546192955138311,0.6447201906613198,0.36,0.1858224363386098,1603,1453,150,1438,3507,407,101,3608,101,37,0
gemma-3-4b-it,gemma-3-4b-it,repope,Sphere-Traj-LSTM,proxy_anchor,Diag-kNN-tuned,test,test,pooled,0.25,20260508,32,evaluated,,passed,,0.5261355804338366,0.4547697772091766,0.5947844698710536,0.9024638678596009,0.8843429919287951,0.918967300390321,0.52807588482472,0.24,0.282863041982106,1603,1453,150,1438,3507,407,101,3608,101,37,0
gemma-3-4b-it,gemma-3-4b-it,repope,Sphere-Traj-LSTM,proxy_anchor,Diag-vMF,test,test,pooled,0.25,20260508,,evaluated,,passed,,0.6281314093656554,0.5567373079621848,0.6981360525310747,0.9285937141546227,0.909896252121843,0.9452165497725842,0.6299574693538349,0.3333333333333333,0.23468685478320717,1603,1453,150,1438,3507,407,101,3608,101,37,0
gemma-3-4b-it,gemma-3-4b-it,pope,Sphere-Traj-LSTM,proxy_anchor,Diag-Classifier,test,test,pooled,0.25,20260508,,evaluated,,passed,,0.4641695107227715,0.38988183800856013,0.5424307959018829,0.9180916451189012,0.89988105984123,0.9330886092041699,0.4532919113099847,0.07741935483870968,0.22076215505913271,1677,1522,155,1538,3507,407,101,3608,101,123,0
gemma-3-4b-it,gemma-3-4b-it,pope,Sphere-Traj-LSTM,proxy_anchor,Diag-kNN-tuned,test,test,pooled,0.25,20260508,32,evaluated,,passed,,0.2957296737929843,0.24115450394431587,0.34950724485311163,0.8517188758424823,0.829064199771275,0.8714132574738657,0.29863938050457045,0.04516129032258064,0.36530880420499345,1677,1522,155,1538,3507,407,101,3608,101,123,0
gemma-3-4b-it,gemma-3-4b-it,pope,Sphere-Traj-LSTM,proxy_anchor,Diag-vMF,test,test,pooled,0.25,20260508,,evaluated,,passed,,0.4333821362889143,0.35938131802363826,0.5059165050937355,0.8645881904115977,0.8309974747852482,0.8949566194413672,0.43688773623816035,0.07096774193548387,0.6340341655716163,1677,1522,155,1538,3507,407,101,3608,101,123,0
gemma-3-4b-it,gemma-3-4b-it,dash-b,Sphere-Traj-LSTM,proxy_anchor,Diag-Classifier,test,test,pooled,0.25,20260508,,evaluated,,passed,,0.7591550960446767,0.6913850855010645,0.8301070344884894,0.8470428137757773,0.8115053809811733,0.8836796143892706,0.7602548449692392,0.014634146341463415,0.4592274678111588,438,233,205,305,3507,407,101,3608,101,5,0
gemma-3-4b-it,gemma-3-4b-it,dash-b,Sphere-Traj-LSTM,proxy_anchor,Diag-kNN-tuned,test,test,pooled,0.25,20260508,32,evaluated,,passed,,0.4853997334326858,0.4297328102777702,0.5459057825763308,0.6111378624515859,0.558146769910401,0.6702856914111018,0.4880555455482143,0.0,0.6738197424892703,438,233,205,305,3507,407,101,3608,101,5,0
gemma-3-4b-it,gemma-3-4b-it,dash-b,Sphere-Traj-LSTM,proxy_anchor,Diag-vMF,test,test,pooled,0.25,20260508,,evaluated,,passed,,0.5144555178888142,0.4567237694581712,0.5799933843880627,0.6485501936564431,0.6016238106631208,0.708321583202846,0.5168456489404064,0.0,0.7381974248927039,438,233,205,305,3507,407,101,3608,101,5,0
gemma-3-4b-it,gemma-3-4b-it,repope,Sphere-Traj-LSTM,proxy_anchor,Diag-Classifier,test,test,pooled,0.1,20260506,,evaluated,,passed,,0.6367175849782524,0.5608810401305896,0.7115383707669928,0.9475934847442073,0.9356819233741476,0.9594566919093862,0.6388787398980245,0.26666666666666666,0.18857536132140398,1603,1453,150,1438,3507,407,40,3547,40,37,0
gemma-3-4b-it,gemma-3-4b-it,repope,Sphere-Traj-LSTM,proxy_anchor,Diag-kNN-tuned,test,test,pooled,0.1,20260506,32,evaluated,,passed,,0.5634801245254718,0.48674816001488397,0.6423590779844865,0.9091993576508374,0.890507462003813,0.9268363545911936,0.5654721286723682,0.2866666666666667,0.2973158981417756,1603,1453,150,1438,3507,407,40,3547,40,37,0
gemma-3-4b-it,gemma-3-4b-it,repope,Sphere-Traj-LSTM,proxy_anchor,Diag-vMF,test,test,pooled,0.1,20260506,,evaluated,,passed,,0.6549585919966028,0.5816304449557008,0.7304026774471156,0.9457490250057352,0.9315455858866538,0.9595005351248556,0.6569174367322622,0.2866666666666667,0.24569855471438404,1603,1453,150,1438,3507,407,40,3547,40,37,0
gemma-3-4b-it,gemma-3-4b-it,pope,Sphere-Traj-LSTM,proxy_anchor,Diag-Classifier,test,test,pooled,0.1,20260506,,evaluated,,passed,,0.46622573170925397,0.39269376974232784,0.5524472481412879,0.9180874062142342,0.9008410894324675,0.9334941354629216,0.46806002540447167,0.15483870967741936,0.24244415243101183,1677,1522,155,1538,3507,407,40,3547,40,123,0
gemma-3-4b-it,gemma-3-4b-it,pope,Sphere-Traj-LSTM,proxy_anchor,Diag-kNN-tuned,test,test,pooled,0.1,20260506,32,evaluated,,passed,,0.3359135684608192,0.2739688816401073,0.40774450929911227,0.8563265652155483,0.8339955211998803,0.8782715680308512,0.34069945851270034,0.12903225806451613,0.3915900131406045,1677,1522,155,1538,3507,407,40,3547,40,123,0
gemma-3-4b-it,gemma-3-4b-it,pope,Sphere-Traj-LSTM,proxy_anchor,Diag-vMF,test,test,pooled,0.1,20260506,,evaluated,,passed,,0.4646521306126552,0.386620100965504,0.551473476244414,0.8837565173159256,0.8532979737054717,0.9105190796098916,0.46950828996186467,0.1935483870967742,0.4704336399474376,1677,1522,155,1538,3507,407,40,3547,40,123,0
gemma-3-4b-it,gemma-3-4b-it,dash-b,Sphere-Traj-LSTM,proxy_anchor,Diag-Classifier,test,test,pooled,0.1,20260506,,evaluated,,passed,,0.749375643385462,0.678534128682658,0.8227166954320613,0.8403642834711609,0.8007500441324681,0.8772364366868984,0.7468967942710539,0.0,0.5107296137339056,438,233,205,305,3507,407,40,3547,40,5,0
gemma-3-4b-it,gemma-3-4b-it,dash-b,Sphere-Traj-LSTM,proxy_anchor,Diag-kNN-tuned,test,test,pooled,0.1,20260506,32,evaluated,,passed,,0.5217025163534004,0.46332906968840487,0.5860481730684581,0.6578038312571968,0.6024022295321638,0.712858590501661,0.5245257547511326,0.0,0.6824034334763949,438,233,205,305,3507,407,40,3547,40,5,0
gemma-3-4b-it,gemma-3-4b-it,dash-b,Sphere-Traj-LSTM,proxy_anchor,Diag-vMF,test,test,pooled,0.1,20260506,,evaluated,,passed,,0.5729854680219322,0.5099893552367859,0.6443472558943207,0.6959907882340626,0.646188745359226,0.7465940237146298,0.5758623357978851,0.0,0.7939914163090128,438,233,205,305,3507,407,40,3547,40,5,0
gemma-3-4b-it,gemma-3-4b-it,repope,Sphere-Traj-LSTM,proxy_anchor,Diag-Classifier,test,test,pooled,0.1,20260507,,evaluated,,passed,,0.583519684695176,0.5102681710294515,0.6642195667236112,0.9352626749254416,0.9215676715790857,0.9488884496419927,0.5361915625631992,0.0,0.21472814865794906,1603,1453,150,1438,3507,407,40,3547,40,37,0
gemma-3-4b-it,gemma-3-4b-it,repope,Sphere-Traj-LSTM,proxy_anchor,Diag-kNN-tuned,test,test,pooled,0.1,20260507,8,evaluated,,passed,,0.5727461896114244,0.48843602221709387,0.6612965256462561,0.9220142234457445,0.9054187257253783,0.9380691072435546,0.5755338810604756,0.3,0.24501032346868548,1603,1453,150,1438,3507,407,40,3547,40,37,0
gemma-3-4b-it,gemma-3-4b-it,repope,Sphere-Traj-LSTM,proxy_anchor,Diag-vMF,test,test,pooled,0.1,20260507,,evaluated,,passed,,0.5704423749749903,0.4917508249627563,0.6581475310972047,0.9121036935076853,0.8895043848843481,0.9357382977969757,0.5734520949415464,0.23333333333333334,0.45354439091534754,1603,1453,150,1438,3507,407,40,3547,40,37,0
gemma-3-4b-it,gemma-3-4b-it,pope,Sphere-Traj-LSTM,proxy_anchor,Diag-Classifier,test,test,pooled,0.1,20260507,,evaluated,,passed,,0.4428718005889994,0.3758780135742394,0.5151800888492983,0.8980691789241659,0.8799406637769625,0.9166191728879168,0.38082305829550234,0.0,0.27463863337713534,1677,1522,155,1538,3507,407,40,3547,40,123,0
gemma-3-4b-it,gemma-3-4b-it,pope,Sphere-Traj-LSTM,proxy_anchor,Diag-kNN-tuned,test,test,pooled,0.1,20260507,8,evaluated,,passed,,0.35580246421688244,0.2923914073239536,0.4319681843643028,0.8762155059132719,0.8545191639106345,0.8978963114555407,0.3604903156705156,0.07096774193548387,0.385676741130092,1677,1522,155,1538,3507,407,40,3547,40,123,0
gemma-3-4b-it,gemma-3-4b-it,pope,Sphere-Traj-LSTM,proxy_anchor,Diag-vMF,test,test,pooled,0.1,20260507,,evaluated,,passed,,0.36213551488035844,0.2927325422527444,0.4429042110042113,0.8333008350642195,0.7932938724718919,0.867763793299016,0.36678978753400504,0.06451612903225806,0.7049934296977661,1677,1522,155,1538,3507,407,40,3547,40,123,0
gemma-3-4b-it,gemma-3-4b-it,dash-b,Sphere-Traj-LSTM,proxy_anchor,Diag-Classifier,test,test,pooled,0.1,20260507,,evaluated,,passed,,0.6874977414808774,0.6236950630791539,0.7498336910308094,0.747587145399351,0.7045140543164249,0.7917054515384097,0.6756327159669654,0.0,0.6781115879828327,438,233,205,305,3507,407,40,3547,40,5,0
gemma-3-4b-it,gemma-3-4b-it,dash-b,Sphere-Traj-LSTM,proxy_anchor,Diag-kNN-tuned,test,test,pooled,0.1,20260507,8,evaluated,,passed,,0.5322136472232581,0.469435477814732,0.6006263373982929,0.6296870093164452,0.5803723182855823,0.6814566893909427,0.5364286454959428,0.02926829268292683,0.703862660944206,438,233,205,305,3507,407,40,3547,40,5,0
gemma-3-4b-it,gemma-3-4b-it,dash-b,Sphere-Traj-LSTM,proxy_anchor,Diag-vMF,test,test,pooled,0.1,20260507,,evaluated,,passed,,0.47748493774414513,0.4162571364632079,0.5412420541300542,0.5154401758609861,0.46275229919365996,0.5713086113878522,0.48170548234521554,0.02926829268292683,0.9184549356223176,438,233,205,305,3507,407,40,3547,40,5,0
gemma-3-4b-it,gemma-3-4b-it,repope,Sphere-Traj-LSTM,proxy_anchor,Diag-Classifier,test,test,pooled,0.1,20260508,,evaluated,,passed,,0.6619796330186548,0.592805824341502,0.7283681640567811,0.9486212434044505,0.937076837632391,0.9600450218669673,0.6638720331063739,0.25333333333333335,0.16379903647625602,1603,1453,150,1438,3507,407,40,3547,40,37,0
gemma-3-4b-it,gemma-3-4b-it,repope,Sphere-Traj-LSTM,proxy_anchor,Diag-kNN-tuned,test,test,pooled,0.1,20260508,32,evaluated,,passed,,0.54488561485583,0.46777050783375307,0.6177566217352467,0.8994081211286993,0.879952545237959,0.91755170609906,0.5466628085545104,0.30666666666666664,0.2842395044735031,1603,1453,150,1438,3507,407,40,3547,40,37,0
gemma-3-4b-it,gemma-3-4b-it,repope,Sphere-Traj-LSTM,proxy_anchor,Diag-vMF,test,test,pooled,0.1,20260508,,evaluated,,passed,,0.685899351475914,0.6145523014333564,0.749795652694532,0.9434365680201882,0.9278609040978888,0.9579747104240351,0.6875347913678113,0.31333333333333335,0.2140399174122505,1603,1453,150,1438,3507,407,40,3547,40,37,0
gemma-3-4b-it,gemma-3-4b-it,pope,Sphere-Traj-LSTM,proxy_anchor,Diag-Classifier,test,test,pooled,0.1,20260508,,evaluated,,passed,,0.5578149757289996,0.48434682189736455,0.628167095237058,0.9230808359120004,0.9062040027120248,0.9372496415479881,0.5597500078245544,0.23870967741935484,0.2325886990801577,1677,1522,155,1538,3507,407,40,3547,40,123,0
gemma-3-4b-it,gemma-3-4b-it,pope,Sphere-Traj-LSTM,proxy_anchor,Diag-kNN-tuned,test,test,pooled,0.1,20260508,32,evaluated,,passed,,0.37404312359259245,0.30121955020015373,0.4384389470020828,0.8365817472765038,0.8097636529044238,0.860406049874646,0.3760275652616657,0.1935483870967742,0.41655716162943496,1677,1522,155,1538,3507,407,40,3547,40,123,0
gemma-3-4b-it,gemma-3-4b-it,pope,Sphere-Traj-LSTM,proxy_anchor,Diag-vMF,test,test,pooled,0.1,20260508,,evaluated,,passed,,0.5314293348455116,0.4469134554258607,0.6033238653346914,0.877843245305413,0.847794033137409,0.9032075766978522,0.5333972310487302,0.2645161290322581,0.5538764783180026,1677,1522,155,1538,3507,407,40,3547,40,123,0
gemma-3-4b-it,gemma-3-4b-it,dash-b,Sphere-Traj-LSTM,proxy_anchor,Diag-Classifier,test,test,pooled,0.1,20260508,,evaluated,,passed,,0.7771919343510636,0.709419449568546,0.8488700270317302,0.8554380822778184,0.820816614551092,0.8909414337568543,0.7793004317974968,0.014634146341463415,0.40772532188841204,438,233,205,305,3507,407,40,3547,40,5,0
gemma-3-4b-it,gemma-3-4b-it,dash-b,Sphere-Traj-LSTM,proxy_anchor,Diag-kNN-tuned,test,test,pooled,0.1,20260508,32,evaluated,,passed,,0.5966183920909568,0.534680790367626,0.6728873681293815,0.7290484664503297,0.6832622834071234,0.7813980156192877,0.5995608948433573,0.0,0.6094420600858369,438,233,205,305,3507,407,40,3547,40,5,0
gemma-3-4b-it,gemma-3-4b-it,dash-b,Sphere-Traj-LSTM,proxy_anchor,Diag-vMF,test,test,pooled,0.1,20260508,,evaluated,,passed,,0.6480178736221062,0.5783576531105428,0.7256205459228656,0.7363550717052234,0.6900553262419205,0.7852780573555375,0.6511686418072817,0.0,0.8755364806866953,438,233,205,305,3507,407,40,3547,40,5,0
molmo-7b-d-0924,molmo-7b-d-0924,repope,Sphere-Traj-LSTM,proxy_anchor,Diag-Classifier,test,test,pooled,1.0,20260506,,evaluated,,passed,,0.358591991978136,0.25825649870515527,0.46597543262588764,0.8733537073419195,0.8244286094020127,0.9157518055755688,0.34507912879564845,0.16666666666666666,0.5566470203012442,1599,1527,72,1513,3786,202,202,3988,202,41,0
molmo-7b-d-0924,molmo-7b-d-0924,repope,Sphere-Traj-LSTM,proxy_anchor,Diag-kNN-tuned,test,test,pooled,1.0,20260506,32,evaluated,,passed,,0.35223350326002767,0.2551894382675652,0.4553981391667769,0.927071963908899,0.9074965404991256,0.9454482557619884,0.35769891828508715,0.1388888888888889,0.23772102161100198,1599,1527,72,1513,3786,202,202,3988,202,41,0
molmo-7b-d-0924,molmo-7b-d-0924,repope,Sphere-Traj-LSTM,proxy_anchor,Diag-vMF,test,test,pooled,1.0,20260506,,evaluated,,passed,,0.35703933157256185,0.2592924206459699,0.4593239901299691,0.906434184675835,0.8700598065558951,0.9367872785563633,0.3624326653058941,0.125,0.435494433529797,1599,1527,72,1513,3786,202,202,3988,202,41,0
molmo-7b-d-0924,molmo-7b-d-0924,pope,Sphere-Traj-LSTM,proxy_anchor,Diag-Classifier,test,test,pooled,1.0,20260506,,evaluated,,passed,,0.2757590968529867,0.20319688453572993,0.3547462492623269,0.8640432811000491,0.8176952635592791,0.9036984581262328,0.2609163827353337,0.0,0.6896112173358827,1656,1569,87,1624,3786,202,202,3988,202,144,0
molmo-7b-d-0924,molmo-7b-d-0924,pope,Sphere-Traj-LSTM,proxy_anchor,Diag-kNN-tuned,test,test,pooled,1.0,20260506,32,evaluated,,passed,,0.21012778004065383,0.15751483888030926,0.27338059312325286,0.8852552691149645,0.8603376029889958,0.9072591417074642,0.21605054784669528,0.04597701149425287,0.30911408540471635,1656,1569,87,1624,3786,202,202,3988,202,144,0
molmo-7b-d-0924,molmo-7b-d-0924,pope,Sphere-Traj-LSTM,proxy_anchor,Diag-vMF,test,test,pooled,1.0,20260506,,evaluated,,passed,,0.2337986347190898,0.17336292654056315,0.3098399204902892,0.8500655663245495,0.8001309027267407,0.8929986030751143,0.24042664057747568,0.04597701149425287,0.7291268323773104,1656,1569,87,1624,3786,202,202,3988,202,144,0
molmo-7b-d-0924,molmo-7b-d-0924,dash-b,Sphere-Traj-LSTM,proxy_anchor,Diag-Classifier,test,test,pooled,1.0,20260506,,evaluated,,passed,,0.5592287128121413,0.4783464089233202,0.6475488746292213,0.6869981751824817,0.6289555127259152,0.7423990406071381,0.5620495130535162,0.05,0.9817518248175182,434,274,160,346,3786,202,202,3988,202,9,0
molmo-7b-d-0924,molmo-7b-d-0924,dash-b,Sphere-Traj-LSTM,proxy_anchor,Diag-kNN-tuned,test,test,pooled,1.0,20260506,32,evaluated,,passed,,0.4995246627259473,0.4198828641349895,0.5806102929509156,0.6400319343065694,0.5853200740847117,0.693088653886466,0.5021213527531043,0.0375,0.8540145985401459,434,274,160,346,3786,202,202,3988,202,9,0
molmo-7b-d-0924,molmo-7b-d-0924,dash-b,Sphere-Traj-LSTM,proxy_anchor,Diag-vMF,test,test,pooled,1.0,20260506,,evaluated,,passed,,0.5206872462460268,0.43770685484965205,0.6061439931100372,0.6185218978102189,0.5614516500115164,0.6727403859479383,0.5230256645112237,0.05625,0.9525547445255474,434,274,160,346,3786,202,202,3988,202,9,0
molmo-7b-d-0924,molmo-7b-d-0924,repope,Sphere-Traj-LSTM,proxy_anchor,Diag-Classifier,test,test,pooled,1.0,20260507,,evaluated,,passed,,0.3929128727691088,0.2742815548556261,0.5108134088421884,0.8652586771447283,0.8111402798323735,0.9067300287475919,0.3572648384947873,0.2638888888888889,0.5304518664047151,1599,1527,72,1513,3786,202,202,3988,202,41,0
molmo-7b-d-0924,molmo-7b-d-0924,repope,Sphere-Traj-LSTM,proxy_anchor,Diag-kNN-tuned,test,test,pooled,1.0,20260507,8,evaluated,,passed,,0.3236320830197647,0.22889195790134412,0.43476555879817536,0.9143382085425308,0.8892782397458656,0.9352246622494862,0.3407063006375712,0.16666666666666666,0.2599869024230517,1599,1527,72,1513,3786,202,202,3988,202,41,0
molmo-7b-d-0924,molmo-7b-d-0924,repope,Sphere-Traj-LSTM,proxy_anchor,Diag-vMF,test,test,pooled,1.0,20260507,,evaluated,,passed,,0.4280799450081555,0.31279779564919896,0.5440443393133616,0.93011896965728,0.9009754993623685,0.9532533127948033,0.43431669310880544,0.25,0.32481990831696134,1599,1527,72,1513,3786,202,202,3988,202,41,0
molmo-7b-d-0924,molmo-7b-d-0924,pope,Sphere-Traj-LSTM,proxy_anchor,Diag-Classifier,test,test,pooled,1.0,20260507,,evaluated,,passed,,0.32337673112232496,0.24621459970558585,0.4064134762468236,0.8417946858310807,0.7901813076135403,0.8863233786316296,0.26970916687631424,0.0,0.7138304652644997,1656,1569,87,1624,3786,202,202,3988,202,144,0
molmo-7b-d-0924,molmo-7b-d-0924,pope,Sphere-Traj-LSTM,proxy_anchor,Diag-kNN-tuned,test,test,pooled,1.0,20260507,8,evaluated,,passed,,0.23235357544484664,0.17673923166096367,0.29892411447272915,0.8872698768525235,0.8609504903321555,0.9102892664156688,0.23849184978543883,0.034482758620689655,0.34735500318674317,1656,1569,87,1624,3786,202,202,3988,202,144,0
molmo-7b-d-0924,molmo-7b-d-0924,pope,Sphere-Traj-LSTM,proxy_anchor,Diag-vMF,test,test,pooled,1.0,20260507,,evaluated,,passed,,0.28659937620062476,0.21208652932650326,0.3716369701318842,0.8658857314491257,0.8200885604375469,0.9050114726694998,0.2925299842615585,0.08045977011494253,0.6188655194391333,1656,1569,87,1624,3786,202,202,3988,202,144,0
molmo-7b-d-0924,molmo-7b-d-0924,dash-b,Sphere-Traj-LSTM,proxy_anchor,Diag-Classifier,test,test,pooled,1.0,20260507,,evaluated,,passed,,0.5551969217070725,0.476212650548904,0.6423261521014583,0.72764598540146,0.6790778608417654,0.7737468683992939,0.5552934822503189,0.03125,0.6970802919708029,434,274,160,346,3786,202,202,3988,202,9,0
molmo-7b-d-0924,molmo-7b-d-0924,dash-b,Sphere-Traj-LSTM,proxy_anchor,Diag-kNN-tuned,test,test,pooled,1.0,20260507,8,evaluated,,passed,,0.4744488546126922,0.3991097940962233,0.5504894588758592,0.6411268248175183,0.5868872094355642,0.6945171359774055,0.47783354644378967,0.01875,0.8467153284671532,434,274,160,346,3786,202,202,3988,202,9,0
molmo-7b-d-0924,molmo-7b-d-0924,dash-b,Sphere-Traj-LSTM,proxy_anchor,Diag-vMF,test,test,pooled,1.0,20260507,,evaluated,,passed,,0.4833789323183641,0.4073289014094855,0.5657777197741655,0.611838503649635,0.5585019655192505,0.6701901595998692,0.4865939896934781,0.025,0.9343065693430657,434,274,160,346,3786,202,202,3988,202,9,0
molmo-7b-d-0924,molmo-7b-d-0924,repope,Sphere-Traj-LSTM,proxy_anchor,Diag-Classifier,test,test,pooled,1.0,20260508,,evaluated,,passed,,0.4202360617367805,0.3122878885761255,0.5375607932825328,0.9442397948046277,0.9283507109642901,0.9580689085835771,0.4129648394202167,0.2361111111111111,0.16830386378519974,1599,1527,72,1513,3786,202,202,3988,202,41,0
molmo-7b-d-0924,molmo-7b-d-0924,repope,Sphere-Traj-LSTM,proxy_anchor,Diag-kNN-tuned,test,test,pooled,1.0,20260508,32,evaluated,,passed,,0.21248645689245169,0.12393007788255672,0.3131869760300389,0.7290711635014189,0.6752233257770778,0.7840710294121389,0.21677230170361034,0.18055555555555555,0.696136214800262,1599,1527,72,1513,3786,202,202,3988,202,41,0
molmo-7b-d-0924,molmo-7b-d-0924,repope,Sphere-Traj-LSTM,proxy_anchor,Diag-vMF,test,test,pooled,1.0,20260508,,evaluated,,passed,,0.2709203885895411,0.17518580401146872,0.3761268532290211,0.8513334060976496,0.8132562163633638,0.884428767283311,0.27605996979192987,0.1527777777777778,0.4361493123772102,1599,1527,72,1513,3786,202,202,3988,202,41,0
molmo-7b-d-0924,molmo-7b-d-0924,pope,Sphere-Traj-LSTM,proxy_anchor,Diag-Classifier,test,test,pooled,1.0,20260508,,evaluated,,passed,,0.2886653015606298,0.22125469250845065,0.36957137054800276,0.9141960249957877,0.8886072549163709,0.935909962448821,0.2839845985602664,0.04597701149425287,0.21159974506054813,1656,1569,87,1624,3786,202,202,3988,202,144,0
molmo-7b-d-0924,molmo-7b-d-0924,pope,Sphere-Traj-LSTM,proxy_anchor,Diag-kNN-tuned,test,test,pooled,1.0,20260508,32,evaluated,,passed,,0.05862904849308684,0.045638339679730834,0.08967022361719668,0.5740826208947789,0.5275771102776093,0.6262270315798075,0.06263861281277586,0.011494252873563218,0.7558954748247291,1656,1569,87,1624,3786,202,202,3988,202,144,0
molmo-7b-d-0924,molmo-7b-d-0924,pope,Sphere-Traj-LSTM,proxy_anchor,Diag-vMF,test,test,pooled,1.0,20260508,,evaluated,,passed,,0.10720708773515272,0.07897147563929804,0.14557268503269338,0.7502985282374746,0.7093977845474388,0.7869423396450559,0.1092937228809319,0.011494252873563218,0.5296367112810707,1656,1569,87,1624,3786,202,202,3988,202,144,0
molmo-7b-d-0924,molmo-7b-d-0924,dash-b,Sphere-Traj-LSTM,proxy_anchor,Diag-Classifier,test,test,pooled,1.0,20260508,,evaluated,,passed,,0.5389350178708154,0.46399524896958966,0.6240911719061863,0.7200501824817518,0.6726044240231995,0.768926209384167,0.544286317354082,0.0125,0.7299270072992701,434,274,160,346,3786,202,202,3988,202,9,0
molmo-7b-d-0924,molmo-7b-d-0924,dash-b,Sphere-Traj-LSTM,proxy_anchor,Diag-kNN-tuned,test,test,pooled,1.0,20260508,32,evaluated,,passed,,0.36892076782579686,0.31689566269239383,0.42993914282320833,0.5483348540145986,0.4920077684406587,0.6005659930059913,0.37178966319504325,0.0,0.9014598540145985,434,274,160,346,3786,202,202,3988,202,9,0
molmo-7b-d-0924,molmo-7b-d-0924,dash-b,Sphere-Traj-LSTM,proxy_anchor,Diag-vMF,test,test,pooled,1.0,20260508,,evaluated,,passed,,0.38501863046555596,0.32989720651128285,0.4457882872240774,0.5674498175182482,0.5116996997305702,0.6228154647398257,0.38812455943783397,0.0,0.9197080291970803,434,274,160,346,3786,202,202,3988,202,9,0
molmo-7b-d-0924,molmo-7b-d-0924,repope,Sphere-Traj-LSTM,proxy_anchor,Diag-Classifier,test,test,pooled,0.5,20260506,,evaluated,,passed,,0.3505894737420961,0.24559268344521748,0.4625855631502321,0.8176526231536054,0.7622499849670002,0.8718577076104321,0.32547408804164507,0.2916666666666667,0.685003274394237,1599,1527,72,1513,3786,202,101,3887,101,41,0
molmo-7b-d-0924,molmo-7b-d-0924,repope,Sphere-Traj-LSTM,proxy_anchor,Diag-kNN-tuned,test,test,pooled,0.5,20260506,4,evaluated,,passed,,0.3636374508243873,0.26343169138121847,0.48210303713063946,0.9274994542676271,0.9098889777963902,0.9453550827422017,0.3729368964387658,0.2361111111111111,0.20235756385068762,1599,1527,72,1513,3786,202,101,3887,101,41,0
molmo-7b-d-0924,molmo-7b-d-0924,repope,Sphere-Traj-LSTM,proxy_anchor,Diag-vMF,test,test,pooled,0.5,20260506,,evaluated,,passed,,0.4053676560526853,0.29585626283423233,0.5174622053271485,0.9242978243469403,0.8946726503933542,0.9512063366732074,0.4119778254158653,0.2916666666666667,0.366732154551408,1599,1527,72,1513,3786,202,101,3887,101,41,0
molmo-7b-d-0924,molmo-7b-d-0924,pope,Sphere-Traj-LSTM,proxy_anchor,Diag-Classifier,test,test,pooled,0.5,20260506,,evaluated,,passed,,0.2720997458721181,0.18809817831702821,0.3573878174688789,0.7984806194735647,0.7368008506786597,0.8470684448153675,0.2513852824727437,0.09195402298850575,0.7182919056724028,1656,1569,87,1624,3786,202,101,3887,101,144,0
molmo-7b-d-0924,molmo-7b-d-0924,pope,Sphere-Traj-LSTM,proxy_anchor,Diag-kNN-tuned,test,test,pooled,0.5,20260506,4,evaluated,,passed,,0.22883148314608764,0.16283073502776002,0.3096442449107928,0.8701200706211586,0.8431412703567499,0.8944550323950422,0.23522767267963549,0.06896551724137931,0.35882727852135116,1656,1569,87,1624,3786,202,101,3887,101,144,0
molmo-7b-d-0924,molmo-7b-d-0924,pope,Sphere-Traj-LSTM,proxy_anchor,Diag-vMF,test,test,pooled,0.5,20260506,,evaluated,,passed,,0.28203951439004515,0.20666635087595317,0.36442241817171916,0.8681640696541468,0.8183599999726909,0.9083787213500686,0.28830754935787906,0.09195402298850575,0.662842574888464,1656,1569,87,1624,3786,202,101,3887,101,144,0
molmo-7b-d-0924,molmo-7b-d-0924,dash-b,Sphere-Traj-LSTM,proxy_anchor,Diag-Classifier,test,test,pooled,0.5,20260506,,evaluated,,passed,,0.5096719922936084,0.43459101253433413,0.5994182042189672,0.6826186131386863,0.6293537871564435,0.7347397068370642,0.5150940844514259,0.03125,0.8795620437956204,434,274,160,346,3786,202,101,3887,101,9,0
molmo-7b-d-0924,molmo-7b-d-0924,dash-b,Sphere-Traj-LSTM,proxy_anchor,Diag-kNN-tuned,test,test,pooled,0.5,20260506,4,evaluated,,passed,,0.4611149690847526,0.3900514344606194,0.5477101450611761,0.6188640510948904,0.5660543752475358,0.6702215767478544,0.46656099011171076,0.0125,0.8357664233576643,434,274,160,346,3786,202,101,3887,101,9,0
molmo-7b-d-0924,molmo-7b-d-0924,dash-b,Sphere-Traj-LSTM,proxy_anchor,Diag-vMF,test,test,pooled,0.5,20260506,,evaluated,,passed,,0.44476318197750025,0.3750302651291234,0.5314262017647234,0.5899863138686131,0.5306574948552895,0.6467319516002131,0.45020424799665426,0.025,0.8686131386861314,434,274,160,346,3786,202,101,3887,101,9,0
molmo-7b-d-0924,molmo-7b-d-0924,repope,Sphere-Traj-LSTM,proxy_anchor,Diag-Classifier,test,test,pooled,0.5,20260507,,evaluated,,passed,,0.44984165740300386,0.33333521557065526,0.5713130649650443,0.9413701520774214,0.9212366979542069,0.9580256797017878,0.45555471918534973,0.16666666666666666,0.18009168303863785,1599,1527,72,1513,3786,202,101,3887,101,41,0
molmo-7b-d-0924,molmo-7b-d-0924,repope,Sphere-Traj-LSTM,proxy_anchor,Diag-kNN-tuned,test,test,pooled,0.5,20260507,1,evaluated,,passed,,0.04307358828947867,0.03144242583978225,0.05983619782522417,0.488103034271993,0.425345124307612,0.5538471828956976,0.04530478101792953,0.0,0.9449901768172888,1599,1527,72,1513,3786,202,101,3887,101,41,0
molmo-7b-d-0924,molmo-7b-d-0924,repope,Sphere-Traj-LSTM,proxy_anchor,Diag-vMF,test,test,pooled,0.5,20260507,,evaluated,,passed,,0.10508452291686535,0.07951485999955811,0.1337643599132482,0.8137506366877683,0.7844001197208568,0.8396251954949372,0.1079670024338513,0.0,0.366732154551408,1599,1527,72,1513,3786,202,101,3887,101,41,0
molmo-7b-d-0924,molmo-7b-d-0924,pope,Sphere-Traj-LSTM,proxy_anchor,Diag-Classifier,test,test,pooled,0.5,20260507,,evaluated,,passed,,0.3585329838737423,0.27747922347130444,0.45535281365150815,0.9248880976974866,0.9029574228726807,0.9437717944963365,0.3653187733294125,0.14942528735632185,0.28808158062460165,1656,1569,87,1624,3786,202,101,3887,101,144,0
molmo-7b-d-0924,molmo-7b-d-0924,pope,Sphere-Traj-LSTM,proxy_anchor,Diag-kNN-tuned,test,test,pooled,0.5,20260507,1,evaluated,,passed,,0.04618436630259211,0.03529993669123614,0.06002050330550158,0.4596235980161608,0.4013327210707687,0.5141291084865467,0.04772769540211757,0.0,0.9343530911408541,1656,1569,87,1624,3786,202,101,3887,101,144,0
molmo-7b-d-0924,molmo-7b-d-0924,pope,Sphere-Traj-LSTM,proxy_anchor,Diag-vMF,test,test,pooled,0.5,20260507,,evaluated,,passed,,0.09131615241482641,0.0711537029418737,0.11220695115007524,0.7464890881519087,0.7150892101868157,0.7766195068763178,0.09282308366544902,0.0,0.4716379859783301,1656,1569,87,1624,3786,202,101,3887,101,144,0
molmo-7b-d-0924,molmo-7b-d-0924,dash-b,Sphere-Traj-LSTM,proxy_anchor,Diag-Classifier,test,test,pooled,0.5,20260507,,evaluated,,passed,,0.5642855259559142,0.48282304727481146,0.6425901712786128,0.721852189781022,0.672676556524159,0.7723519792327455,0.5672102704447907,0.05625,0.8321167883211679,434,274,160,346,3786,202,101,3887,101,9,0
molmo-7b-d-0924,molmo-7b-d-0924,dash-b,Sphere-Traj-LSTM,proxy_anchor,Diag-kNN-tuned,test,test,pooled,0.5,20260507,1,evaluated,,passed,,0.35558887695447233,0.30209882269564947,0.41265548788533063,0.5243613138686132,0.46914723782673434,0.5776875801088812,0.3587774567204487,0.0,0.916058394160584,434,274,160,346,3786,202,101,3887,101,9,0
molmo-7b-d-0924,molmo-7b-d-0924,dash-b,Sphere-Traj-LSTM,proxy_anchor,Diag-vMF,test,test,pooled,0.5,20260507,,evaluated,,passed,,0.4220288588392542,0.3652346936801534,0.48761070521498273,0.6179630474452555,0.5652718367739702,0.6688084685394485,0.425380370810402,0.0,0.9379562043795621,434,274,160,346,3786,202,101,3887,101,9,0
molmo-7b-d-0924,molmo-7b-d-0924,repope,Sphere-Traj-LSTM,proxy_anchor,Diag-Classifier,test,test,pooled,0.5,20260508,,evaluated,,passed,,0.4101637893536189,0.2942909929855388,0.5386893021307102,0.8579731499672559,0.8073523377612399,0.9036000475056098,0.40298377134674845,0.3333333333333333,0.5618860510805501,1599,1527,72,1513,3786,202,101,3887,101,41,0
molmo-7b-d-0924,molmo-7b-d-0924,repope,Sphere-Traj-LSTM,proxy_anchor,Diag-kNN-tuned,test,test,pooled,0.5,20260508,32,evaluated,,passed,,0.3344737991458404,0.22800727259329,0.4437853573231804,0.8986120206650658,0.8715801526292865,0.9232795710162821,0.3412736071917706,0.2222222222222222,0.35821872953503603,1599,1527,72,1513,3786,202,101,3887,101,41,0
molmo-7b-d-0924,molmo-7b-d-0924,repope,Sphere-Traj-LSTM,proxy_anchor,Diag-vMF,test,test,pooled,0.5,20260508,,evaluated,,passed,,0.4668673741908014,0.34973332441079813,0.5884246273703694,0.9257622062140727,0.8986247857878733,0.9497203062930615,0.47381127979262566,0.3611111111111111,0.3143418467583497,1599,1527,72,1513,3786,202,101,3887,101,41,0
molmo-7b-d-0924,molmo-7b-d-0924,pope,Sphere-Traj-LSTM,proxy_anchor,Diag-Classifier,test,test,pooled,0.5,20260508,,evaluated,,passed,,0.3531732027298034,0.26352134247148284,0.4589193908548616,0.8662190574566127,0.8180726916078606,0.9087950916170691,0.34607605134412617,0.19540229885057472,0.6405353728489483,1656,1569,87,1624,3786,202,101,3887,101,144,0
molmo-7b-d-0924,molmo-7b-d-0924,pope,Sphere-Traj-LSTM,proxy_anchor,Diag-kNN-tuned,test,test,pooled,0.5,20260508,32,evaluated,,passed,,0.2639802701234068,0.1853431228008889,0.3533951243439976,0.8655853717500714,0.8338651166905315,0.8958546369884377,0.26919843998445686,0.14942528735632185,0.3964308476736775,1656,1569,87,1624,3786,202,101,3887,101,144,0
molmo-7b-d-0924,molmo-7b-d-0924,pope,Sphere-Traj-LSTM,proxy_anchor,Diag-vMF,test,test,pooled,0.5,20260508,,evaluated,,passed,,0.37645169349991536,0.27974545019372377,0.48417491791571027,0.8894310015164502,0.8475172828097066,0.9261046348814742,0.3823686744258017,0.13793103448275862,0.5666029318036966,1656,1569,87,1624,3786,202,101,3887,101,144,0
molmo-7b-d-0924,molmo-7b-d-0924,dash-b,Sphere-Traj-LSTM,proxy_anchor,Diag-Classifier,test,test,pooled,0.5,20260508,,evaluated,,passed,,0.5477427015468742,0.4691413447992115,0.6259865384336721,0.6857892335766422,0.6344111714062629,0.7397874791229399,0.5505079091497327,0.03125,0.9817518248175182,434,274,160,346,3786,202,101,3887,101,9,0
molmo-7b-d-0924,molmo-7b-d-0924,dash-b,Sphere-Traj-LSTM,proxy_anchor,Diag-kNN-tuned,test,test,pooled,0.5,20260508,32,evaluated,,passed,,0.4612470198635725,0.39678870227554547,0.5370325228679143,0.6610857664233576,0.6122328802295804,0.7097021721414708,0.4665534490469391,0.00625,0.781021897810219,434,274,160,346,3786,202,101,3887,101,9,0
molmo-7b-d-0924,molmo-7b-d-0924,dash-b,Sphere-Traj-LSTM,proxy_anchor,Diag-vMF,test,test,pooled,0.5,20260508,,evaluated,,passed,,0.4673988737298914,0.3981728333481966,0.5387591180229798,0.6350136861313869,0.582887866823593,0.6876854818919517,0.47126894177367457,0.025,0.8357664233576643,434,274,160,346,3786,202,101,3887,101,9,0
molmo-7b-d-0924,molmo-7b-d-0924,repope,Sphere-Traj-LSTM,proxy_anchor,Diag-Classifier,test,test,pooled,0.25,20260506,,evaluated,,passed,,0.20827484572495086,0.12710383246210752,0.313208304396469,0.600901367969148,0.5132283259233217,0.6881907797952183,0.19919193014187325,0.16666666666666666,0.9639816633922724,1599,1527,72,1513,3786,202,50,3836,50,41,0
molmo-7b-d-0924,molmo-7b-d-0924,repope,Sphere-Traj-LSTM,proxy_anchor,Diag-kNN-tuned,test,test,pooled,0.25,20260506,16,evaluated,,passed,,0.32213983565001597,0.23679079721478022,0.43415004667990686,0.9358946372698829,0.9220328966850733,0.9501614285526715,0.3300837606373326,0.16666666666666666,0.18140144073346431,1599,1527,72,1513,3786,202,50,3836,50,41,0
molmo-7b-d-0924,molmo-7b-d-0924,repope,Sphere-Traj-LSTM,proxy_anchor,Diag-vMF,test,test,pooled,0.25,20260506,,evaluated,,passed,,0.34579339352431276,0.2634879892866709,0.4510565114808325,0.9259714036236628,0.8918871308182156,0.9552069480277511,0.3540340376636203,0.16666666666666666,0.15258677144728225,1599,1527,72,1513,3786,202,50,3836,50,41,0
molmo-7b-d-0924,molmo-7b-d-0924,pope,Sphere-Traj-LSTM,proxy_anchor,Diag-Classifier,test,test,pooled,0.25,20260506,,evaluated,,passed,,0.18852575710173541,0.12556116145767726,0.262127754965764,0.6296271876808568,0.5555430305807558,0.7024045950922331,0.17000614760203334,0.06896551724137931,0.9687699171446782,1656,1569,87,1624,3786,202,50,3836,50,144,0
molmo-7b-d-0924,molmo-7b-d-0924,pope,Sphere-Traj-LSTM,proxy_anchor,Diag-kNN-tuned,test,test,pooled,0.25,20260506,16,evaluated,,passed,,0.30523205996332803,0.2346192800090029,0.39296067980537575,0.9220529951722672,0.8984483279114392,0.9418032123208177,0.3131219193122146,0.08045977011494253,0.212874442319949,1656,1569,87,1624,3786,202,50,3836,50,144,0
molmo-7b-d-0924,molmo-7b-d-0924,pope,Sphere-Traj-LSTM,proxy_anchor,Diag-vMF,test,test,pooled,0.25,20260506,,evaluated,,passed,,0.3069146004377596,0.23672791462831044,0.39248850617003206,0.9052621554105038,0.8595458766027827,0.938308816621195,0.3127568062910102,0.08045977011494253,0.1478648820905035,1656,1569,87,1624,3786,202,50,3836,50,144,0
molmo-7b-d-0924,molmo-7b-d-0924,dash-b,Sphere-Traj-LSTM,proxy_anchor,Diag-Classifier,test,test,pooled,0.25,20260506,,evaluated,,passed,,0.3761748130608368,0.31731997001581674,0.44037376556485786,0.4169708029197081,0.3638378486840189,0.47356922958326775,0.3783353558210467,0.06875,0.9562043795620438,434,274,160,346,3786,202,50,3836,50,9,0
molmo-7b-d-0924,molmo-7b-d-0924,dash-b,Sphere-Traj-LSTM,proxy_anchor,Diag-kNN-tuned,test,test,pooled,0.25,20260506,16,evaluated,,passed,,0.603837619225136,0.5290356077313805,0.6861463825539078,0.7453467153284672,0.7002185886316249,0.7892966980241631,0.6060401087340532,0.05625,0.708029197080292,434,274,160,346,3786,202,50,3836,50,9,0
molmo-7b-d-0924,molmo-7b-d-0924,dash-b,Sphere-Traj-LSTM,proxy_anchor,Diag-vMF,test,test,pooled,0.25,20260506,,evaluated,,passed,,0.5543710572462738,0.47434135734180305,0.6417854247171878,0.6547901459854014,0.5973501534755338,0.7135958801122694,0.5565836362373154,0.05625,0.9124087591240876,434,274,160,346,3786,202,50,3836,50,9,0
molmo-7b-d-0924,molmo-7b-d-0924,repope,Sphere-Traj-LSTM,proxy_anchor,Diag-Classifier,test,test,pooled,0.25,20260507,,evaluated,,passed,,0.41159845960380476,0.30251084831406017,0.5277671934837069,0.9366950447500546,0.9099350496831314,0.9591163156406454,0.4192916899148814,0.16666666666666666,0.2364112639161755,1599,1527,72,1513,3786,202,50,3836,50,41,0
molmo-7b-d-0924,molmo-7b-d-0924,repope,Sphere-Traj-LSTM,proxy_anchor,Diag-kNN-tuned,test,test,pooled,0.25,20260507,8,evaluated,,passed,,0.2451290381172679,0.16864784172402614,0.34569641339372187,0.8551080550098232,0.8186639375185549,0.8932999049982863,0.254435116488489,0.2222222222222222,0.44597249508840864,1599,1527,72,1513,3786,202,50,3836,50,41,0
molmo-7b-d-0924,molmo-7b-d-0924,repope,Sphere-Traj-LSTM,proxy_anchor,Diag-vMF,test,test,pooled,0.25,20260507,,evaluated,,passed,,0.39359798125682727,0.290741333595382,0.5041769468709298,0.9222877101069635,0.8866320111612573,0.9513594056473791,0.4011637782101036,0.09722222222222222,0.3379174852652259,1599,1527,72,1513,3786,202,50,3836,50,41,0
molmo-7b-d-0924,molmo-7b-d-0924,pope,Sphere-Traj-LSTM,proxy_anchor,Diag-Classifier,test,test,pooled,0.25,20260507,,evaluated,,passed,,0.3700813078379391,0.28950490335822865,0.4650069070205632,0.9365874742679648,0.9141015681592118,0.9556901822457378,0.37676026629239,0.05747126436781609,0.12746972594008923,1656,1569,87,1624,3786,202,50,3836,50,144,0
molmo-7b-d-0924,molmo-7b-d-0924,pope,Sphere-Traj-LSTM,proxy_anchor,Diag-kNN-tuned,test,test,pooled,0.25,20260507,8,evaluated,,passed,,0.17127404396962903,0.11753740220530888,0.2362086531474878,0.797799315765954,0.75832002473538,0.8392731169467897,0.17567641745115556,0.06896551724137931,0.5978330146590185,1656,1569,87,1624,3786,202,50,3836,50,144,0
molmo-7b-d-0924,molmo-7b-d-0924,pope,Sphere-Traj-LSTM,proxy_anchor,Diag-vMF,test,test,pooled,0.25,20260507,,evaluated,,passed,,0.3376797041711143,0.2589182660039164,0.42514691829433854,0.9190127689501331,0.888741447937582,0.9441573491854778,0.34416875063708713,0.05747126436781609,0.21032504780114722,1656,1569,87,1624,3786,202,50,3836,50,144,0
molmo-7b-d-0924,molmo-7b-d-0924,dash-b,Sphere-Traj-LSTM,proxy_anchor,Diag-Classifier,test,test,pooled,0.25,20260507,,evaluated,,passed,,0.557707665550207,0.47685315619253654,0.6404453058635717,0.7024178832116789,0.6524643405175288,0.7553099612704823,0.5600919139452865,0.06875,0.7299270072992701,434,274,160,346,3786,202,50,3836,50,9,0
molmo-7b-d-0924,molmo-7b-d-0924,dash-b,Sphere-Traj-LSTM,proxy_anchor,Diag-kNN-tuned,test,test,pooled,0.25,20260507,8,evaluated,,passed,,0.36912733780334006,0.3142548281731377,0.43257712366351636,0.5179060218978102,0.46456656382763306,0.573701885039592,0.37375038132697735,0.00625,0.8905109489051095,434,274,160,346,3786,202,50,3836,50,9,0
molmo-7b-d-0924,molmo-7b-d-0924,dash-b,Sphere-Traj-LSTM,proxy_anchor,Diag-vMF,test,test,pooled,0.25,20260507,,evaluated,,passed,,0.3984251159905776,0.3399591096529679,0.4740341817347217,0.5484032846715329,0.4922384247630471,0.6056541869727896,0.4030352622738157,0.00625,0.927007299270073,434,274,160,346,3786,202,50,3836,50,9,0
molmo-7b-d-0924,molmo-7b-d-0924,repope,Sphere-Traj-LSTM,proxy_anchor,Diag-Classifier,test,test,pooled,0.25,20260508,,evaluated,,passed,,0.419730258231813,0.2953549819742435,0.5407539203149906,0.6453876518955104,0.5448761452989301,0.7344871572484597,0.4063016888386608,0.3055555555555556,0.977079240340537,1599,1527,72,1513,3786,202,50,3836,50,41,0
molmo-7b-d-0924,molmo-7b-d-0924,repope,Sphere-Traj-LSTM,proxy_anchor,Diag-kNN-tuned,test,test,pooled,0.25,20260508,32,evaluated,,passed,,0.47261124446117264,0.35758117709189835,0.5809138875303832,0.9486102015571565,0.9324807753461898,0.9614365494355603,0.47831574691523315,0.2777777777777778,0.18860510805500982,1599,1527,72,1513,3786,202,50,3836,50,41,0
molmo-7b-d-0924,molmo-7b-d-0924,repope,Sphere-Traj-LSTM,proxy_anchor,Diag-vMF,test,test,pooled,0.25,20260508,,evaluated,,passed,,0.5209802423629337,0.3982987243609482,0.6410918168830843,0.9372316815833515,0.9062224762899725,0.9621003151811391,0.5268003867369467,0.2638888888888889,0.2337917485265226,1599,1527,72,1513,3786,202,50,3836,50,41,0
molmo-7b-d-0924,molmo-7b-d-0924,pope,Sphere-Traj-LSTM,proxy_anchor,Diag-Classifier,test,test,pooled,0.25,20260508,,evaluated,,passed,,0.39541284916128117,0.2911074533859689,0.5042021636636151,0.6656556998747281,0.5835161714602775,0.7479382147845948,0.3729073377465995,0.3333333333333333,0.9700446144040791,1656,1569,87,1624,3786,202,50,3836,50,144,0
molmo-7b-d-0924,molmo-7b-d-0924,pope,Sphere-Traj-LSTM,proxy_anchor,Diag-kNN-tuned,test,test,pooled,0.25,20260508,32,evaluated,,passed,,0.4657850248192422,0.3599953825165111,0.57672200827787,0.9338183043596111,0.9109625926623132,0.9532675156694318,0.470645403196698,0.28735632183908044,0.26832377310388783,1656,1569,87,1624,3786,202,50,3836,50,144,0
molmo-7b-d-0924,molmo-7b-d-0924,pope,Sphere-Traj-LSTM,proxy_anchor,Diag-vMF,test,test,pooled,0.25,20260508,,evaluated,,passed,,0.44796048552037726,0.34311194307135023,0.5605308511370649,0.9036944242983671,0.8570455647874321,0.9431205717144214,0.45296556319008113,0.2988505747126437,0.5646908859145953,1656,1569,87,1624,3786,202,50,3836,50,144,0
molmo-7b-d-0924,molmo-7b-d-0924,dash-b,Sphere-Traj-LSTM,proxy_anchor,Diag-Classifier,test,test,pooled,0.25,20260508,,evaluated,,passed,,0.31855316666846367,0.26516253696641523,0.37339738962051244,0.37050638686131376,0.31613947437753576,0.4230886372828732,0.3220294757879157,0.01875,0.9890510948905109,434,274,160,346,3786,202,50,3836,50,9,0
molmo-7b-d-0924,molmo-7b-d-0924,dash-b,Sphere-Traj-LSTM,proxy_anchor,Diag-kNN-tuned,test,test,pooled,0.25,20260508,32,evaluated,,passed,,0.48327141296767745,0.4132118907519812,0.5577705023102055,0.6563412408759125,0.6039081946844206,0.7073244289723291,0.48717667852689295,0.01875,0.8795620437956204,434,274,160,346,3786,202,50,3836,50,9,0
molmo-7b-d-0924,molmo-7b-d-0924,dash-b,Sphere-Traj-LSTM,proxy_anchor,Diag-vMF,test,test,pooled,0.25,20260508,,evaluated,,passed,,0.4376934647330514,0.36817050745637264,0.5136664891347485,0.561154197080292,0.5030735526423097,0.6170190284157244,0.4415743525004028,0.01875,0.9379562043795621,434,274,160,346,3786,202,50,3836,50,9,0
molmo-7b-d-0924,molmo-7b-d-0924,repope,Sphere-Traj-LSTM,proxy_anchor,Diag-Classifier,test,test,pooled,0.1,20260506,,evaluated,,passed,,0.4359912219880351,0.338015331564634,0.5549649177531663,0.9381503310776396,0.9184956699655679,0.9558321333941627,0.43073388814422947,0.2638888888888889,0.1997380484610347,1599,1527,72,1513,3786,202,20,3806,20,41,0
molmo-7b-d-0924,molmo-7b-d-0924,repope,Sphere-Traj-LSTM,proxy_anchor,Diag-kNN-tuned,test,test,pooled,0.1,20260506,16,evaluated,,passed,,0.4191590170193234,0.32085005944779016,0.5353315683660106,0.9456723422833443,0.9299984124677843,0.960868634108578,0.4291966196605549,0.25,0.18271119842829076,1599,1527,72,1513,3786,202,20,3806,20,41,0
molmo-7b-d-0924,molmo-7b-d-0924,repope,Sphere-Traj-LSTM,proxy_anchor,Diag-vMF,test,test,pooled,0.1,20260506,,evaluated,,passed,,0.4497359357507908,0.3424749033820349,0.5651854260887652,0.9134832278250746,0.8694308139228796,0.9515381276459824,0.45674950791073776,0.25,0.426981008513425,1599,1527,72,1513,3786,202,20,3806,20,41,0
molmo-7b-d-0924,molmo-7b-d-0924,pope,Sphere-Traj-LSTM,proxy_anchor,Diag-Classifier,test,test,pooled,0.1,20260506,,evaluated,,passed,,0.4368148668923294,0.34484020340386146,0.5439746530224513,0.9424554771689999,0.9256917877169618,0.957968139281284,0.4286736844809291,0.12643678160919541,0.24346717654557043,1656,1569,87,1624,3786,202,20,3806,20,144,0
molmo-7b-d-0924,molmo-7b-d-0924,pope,Sphere-Traj-LSTM,proxy_anchor,Diag-kNN-tuned,test,test,pooled,0.1,20260506,16,evaluated,,passed,,0.4028669394832331,0.3136711276243568,0.5084724225505349,0.9397009589532831,0.923343130111009,0.9545493596535055,0.41072135866000925,0.14942528735632185,0.2198852772466539,1656,1569,87,1624,3786,202,20,3806,20,144,0
molmo-7b-d-0924,molmo-7b-d-0924,pope,Sphere-Traj-LSTM,proxy_anchor,Diag-vMF,test,test,pooled,0.1,20260506,,evaluated,,passed,,0.4280049331637045,0.33271013771383956,0.53699180949073,0.9202654886705786,0.8804355868509186,0.9490497493055275,0.4359378536829705,0.14942528735632185,0.30210325047801145,1656,1569,87,1624,3786,202,20,3806,20,144,0
molmo-7b-d-0924,molmo-7b-d-0924,dash-b,Sphere-Traj-LSTM,proxy_anchor,Diag-Classifier,test,test,pooled,0.1,20260506,,evaluated,,passed,,0.5886503500619691,0.5095162808532935,0.6714342501517937,0.7289005474452555,0.6779689106059296,0.7745171115970301,0.5919771314378768,0.05,0.7591240875912408,434,274,160,346,3786,202,20,3806,20,9,0
molmo-7b-d-0924,molmo-7b-d-0924,dash-b,Sphere-Traj-LSTM,proxy_anchor,Diag-kNN-tuned,test,test,pooled,0.1,20260506,16,evaluated,,passed,,0.5030598291296551,0.4328700404359461,0.5928985403560324,0.6633439781021897,0.6083011766289408,0.7177832644883184,0.5084868741659122,0.0125,0.8686131386861314,434,274,160,346,3786,202,20,3806,20,9,0
molmo-7b-d-0924,molmo-7b-d-0924,dash-b,Sphere-Traj-LSTM,proxy_anchor,Diag-vMF,test,test,pooled,0.1,20260506,,evaluated,,passed,,0.46801717328495845,0.3982993501489736,0.559579870498072,0.5856523722627737,0.5314044810522246,0.6444168439783085,0.47341993375726305,0.0125,0.9854014598540146,434,274,160,346,3786,202,20,3806,20,9,0
molmo-7b-d-0924,molmo-7b-d-0924,repope,Sphere-Traj-LSTM,proxy_anchor,Diag-Classifier,test,test,pooled,0.1,20260507,,evaluated,,passed,,0.4676626762946011,0.34138775480186556,0.5782614151387128,0.8502055591937714,0.7876773114444751,0.9048790283352711,0.4713339012530927,0.3333333333333333,0.702030124426981,1599,1527,72,1513,3786,202,20,3806,20,41,0
molmo-7b-d-0924,molmo-7b-d-0924,repope,Sphere-Traj-LSTM,proxy_anchor,Diag-kNN-tuned,test,test,pooled,0.1,20260507,2,evaluated,,passed,,0.33847055490233036,0.23698970794512883,0.43527817078233605,0.8761915156807102,0.8438492124508896,0.9029455856596438,0.34128533317126597,0.19444444444444445,0.39161755075311067,1599,1527,72,1513,3786,202,20,3806,20,41,0
molmo-7b-d-0924,molmo-7b-d-0924,repope,Sphere-Traj-LSTM,proxy_anchor,Diag-vMF,test,test,pooled,0.1,20260507,,evaluated,,passed,,0.4390566335605192,0.31583328389631554,0.5586769952008801,0.9134741322855271,0.8756206756121657,0.944074257864729,0.44508646027914894,0.2777777777777778,0.5114603798297315,1599,1527,72,1513,3786,202,20,3806,20,41,0
molmo-7b-d-0924,molmo-7b-d-0924,pope,Sphere-Traj-LSTM,proxy_anchor,Diag-Classifier,test,test,pooled,0.1,20260507,,evaluated,,passed,,0.3655601409939325,0.2753317392091313,0.471337936042156,0.8872039442356578,0.8416922048662155,0.9258832104652375,0.37390085956603397,0.1724137931034483,0.6003824091778203,1656,1569,87,1624,3786,202,20,3806,20,144,0
molmo-7b-d-0924,molmo-7b-d-0924,pope,Sphere-Traj-LSTM,proxy_anchor,Diag-kNN-tuned,test,test,pooled,0.1,20260507,2,evaluated,,passed,,0.15997460439678565,0.11862053425692101,0.2159521080299181,0.8368680541819593,0.805325249971424,0.8634211476803492,0.1679882274021293,0.034482758620689655,0.4047163798597833,1656,1569,87,1624,3786,202,20,3806,20,144,0
molmo-7b-d-0924,molmo-7b-d-0924,pope,Sphere-Traj-LSTM,proxy_anchor,Diag-vMF,test,test,pooled,0.1,20260507,,evaluated,,passed,,0.3351619620748178,0.25925555947705264,0.4316010521379787,0.8957385551965891,0.8555337458612825,0.9313172435220174,0.34355782871641233,0.14942528735632185,0.5060548119821542,1656,1569,87,1624,3786,202,20,3806,20,144,0
molmo-7b-d-0924,molmo-7b-d-0924,dash-b,Sphere-Traj-LSTM,proxy_anchor,Diag-Classifier,test,test,pooled,0.1,20260507,,evaluated,,passed,,0.5010054428083525,0.424061389952765,0.5789356950857952,0.6478558394160584,0.5949396238725756,0.704332676445438,0.5048204298213192,0.025,0.8613138686131386,434,274,160,346,3786,202,20,3806,20,9,0
molmo-7b-d-0924,molmo-7b-d-0924,dash-b,Sphere-Traj-LSTM,proxy_anchor,Diag-kNN-tuned,test,test,pooled,0.1,20260507,2,evaluated,,passed,,0.43152453825412856,0.3680465236945415,0.5001583735085489,0.6325045620437957,0.5758052406946464,0.6782268889583111,0.4350568926899338,0.01875,0.7335766423357665,434,274,160,346,3786,202,20,3806,20,9,0
molmo-7b-d-0924,molmo-7b-d-0924,dash-b,Sphere-Traj-LSTM,proxy_anchor,Diag-vMF,test,test,pooled,0.1,20260507,,evaluated,,passed,,0.426279723496223,0.36518390745431634,0.5020859044483452,0.579676094890511,0.5224796506822571,0.6385120822927949,0.42996898739471046,0.00625,0.9343065693430657,434,274,160,346,3786,202,20,3806,20,9,0
molmo-7b-d-0924,molmo-7b-d-0924,repope,Sphere-Traj-LSTM,proxy_anchor,Diag-Classifier,test,test,pooled,0.1,20260508,,evaluated,,passed,,0.22409441221439114,0.1403442838399736,0.3332197899080507,0.7200893181983555,0.6479400412795501,0.7842424787462511,0.22817341937118424,0.125,0.8362802881466929,1599,1527,72,1513,3786,202,20,3806,20,41,0
molmo-7b-d-0924,molmo-7b-d-0924,repope,Sphere-Traj-LSTM,proxy_anchor,Diag-kNN-tuned,test,test,pooled,0.1,20260508,32,evaluated,,passed,,0.34161716939121173,0.24750210590065422,0.45061119831902413,0.9259895947027578,0.9023981214033092,0.9466014270762562,0.35372303100501046,0.1388888888888889,0.2920759659462999,1599,1527,72,1513,3786,202,20,3806,20,41,0
molmo-7b-d-0924,molmo-7b-d-0924,repope,Sphere-Traj-LSTM,proxy_anchor,Diag-vMF,test,test,pooled,0.1,20260508,,evaluated,,passed,,0.3753937645208414,0.2796676832050045,0.4863183660402005,0.9306283198719347,0.9035134650329415,0.9530622091235509,0.3876356831222256,0.1388888888888889,0.366732154551408,1599,1527,72,1513,3786,202,20,3806,20,41,0
molmo-7b-d-0924,molmo-7b-d-0924,pope,Sphere-Traj-LSTM,proxy_anchor,Diag-Classifier,test,test,pooled,0.1,20260508,,evaluated,,passed,,0.1623541030541492,0.10460371659442902,0.24445823573279699,0.7026622125521051,0.6342229215680415,0.7627021116889682,0.16362459767642717,0.08045977011494253,0.8820905035054175,1656,1569,87,1624,3786,202,20,3806,20,144,0
molmo-7b-d-0924,molmo-7b-d-0924,pope,Sphere-Traj-LSTM,proxy_anchor,Diag-kNN-tuned,test,test,pooled,0.1,20260508,32,evaluated,,passed,,0.27651849224463476,0.20332056571964677,0.37647020810603693,0.8859585503615306,0.8581974192408794,0.9122657648821061,0.2840834319379351,0.08045977011494253,0.397068196303378,1656,1569,87,1624,3786,202,20,3806,20,144,0
molmo-7b-d-0924,molmo-7b-d-0924,pope,Sphere-Traj-LSTM,proxy_anchor,Diag-vMF,test,test,pooled,0.1,20260508,,evaluated,,passed,,0.2678132587625159,0.19695923657206968,0.3595692654310415,0.8596587620784891,0.8096753063824002,0.9017815366672607,0.27563757853769566,0.09195402298850575,0.6003824091778203,1656,1569,87,1624,3786,202,20,3806,20,144,0
molmo-7b-d-0924,molmo-7b-d-0924,dash-b,Sphere-Traj-LSTM,proxy_anchor,Diag-Classifier,test,test,pooled,0.1,20260508,,evaluated,,passed,,0.468812053277498,0.39935516669922083,0.5545485817282582,0.5957116788321167,0.5377917293142332,0.6530376839447439,0.4742154780704339,0.0125,0.8321167883211679,434,274,160,346,3786,202,20,3806,20,9,0
molmo-7b-d-0924,molmo-7b-d-0924,dash-b,Sphere-Traj-LSTM,proxy_anchor,Diag-kNN-tuned,test,test,pooled,0.1,20260508,32,evaluated,,passed,,0.41157957437500353,0.3489849118122838,0.4881759193581358,0.565419708029197,0.5115442208771892,0.6165583826852561,0.41648249464963194,0.0125,0.9197080291970803,434,274,160,346,3786,202,20,3806,20,9,0
molmo-7b-d-0924,molmo-7b-d-0924,dash-b,Sphere-Traj-LSTM,proxy_anchor,Diag-vMF,test,test,pooled,0.1,20260508,,evaluated,,passed,,0.4159299459184206,0.34928781968557376,0.4939925287636633,0.5388458029197081,0.48102859791045544,0.5990891576920317,0.42085309793782355,0.0125,0.9452554744525548,434,274,160,346,3786,202,20,3806,20,9,0
minicpm-v-4_5,minicpm-v-4_5,repope,Sphere-Traj-LSTM,proxy_anchor,Diag-Classifier,test,test,pooled,1.0,20260506,,evaluated,,passed,,0.3894128553479125,0.24781465159990912,0.5445239076009665,0.7494775703538591,0.6321358258952059,0.8626757162740623,0.3088156838461701,0.3783783783783784,0.9085051546391752,1589,1552,37,1530,3835,104,104,3939,104,51,0
minicpm-v-4_5,minicpm-v-4_5,repope,Sphere-Traj-LSTM,proxy_anchor,Diag-kNN-tuned,test,test,pooled,1.0,20260506,16,evaluated,,passed,,0.404712422297329,0.2567714344382136,0.5449411394748453,0.9608874338255782,0.9449031452638765,0.9753083817846815,0.4141939062505704,0.16216216216216217,0.14239690721649484,1589,1552,37,1530,3835,104,104,3939,104,51,0
minicpm-v-4_5,minicpm-v-4_5,repope,Sphere-Traj-LSTM,proxy_anchor,Diag-vMF,test,test,pooled,1.0,20260506,,evaluated,,passed,,0.4745064439439615,0.31447293373046226,0.6310475931003707,0.9425675675675675,0.9048473986224318,0.9705984287268131,0.4827656151615506,0.3783783783783784,0.35695876288659795,1589,1552,37,1530,3835,104,104,3939,104,51,0
minicpm-v-4_5,minicpm-v-4_5,pope,Sphere-Traj-LSTM,proxy_anchor,Diag-Classifier,test,test,pooled,1.0,20260506,,evaluated,,passed,,0.3079299530008452,0.18383946283405694,0.4415121635429421,0.7575374235715792,0.6588056039500371,0.8497288969910443,0.2051730003056701,0.0,0.8323845667299178,1620,1581,39,1587,3835,104,104,3939,104,180,0
minicpm-v-4_5,minicpm-v-4_5,pope,Sphere-Traj-LSTM,proxy_anchor,Diag-kNN-tuned,test,test,pooled,1.0,20260506,16,evaluated,,passed,,0.2080667505401678,0.11777509517528885,0.3189934562118549,0.9271476994437147,0.9054077422015551,0.948540195545899,0.21465535880262923,0.05128205128205128,0.20999367488931056,1620,1581,39,1587,3835,104,104,3939,104,180,0
minicpm-v-4_5,minicpm-v-4_5,pope,Sphere-Traj-LSTM,proxy_anchor,Diag-vMF,test,test,pooled,1.0,20260506,,evaluated,,passed,,0.37617352044232527,0.22527785018812263,0.5217272561973073,0.8990415024570622,0.8170622189072796,0.9602837803320562,0.3820294554677032,0.3333333333333333,0.8368121442125237,1620,1581,39,1587,3835,104,104,3939,104,180,0
minicpm-v-4_5,minicpm-v-4_5,dash-b,Sphere-Traj-LSTM,proxy_anchor,Diag-Classifier,test,test,pooled,1.0,20260506,,evaluated,,passed,,0.24703033176765082,0.19265180838459892,0.3145708922085779,0.39296875,0.3267092952023806,0.4526385449264826,0.24847286508463035,0.026785714285714284,0.95625,432,320,112,391,3835,104,104,3939,104,11,0
minicpm-v-4_5,minicpm-v-4_5,dash-b,Sphere-Traj-LSTM,proxy_anchor,Diag-kNN-tuned,test,test,pooled,1.0,20260506,16,evaluated,,passed,,0.4927067001224509,0.4130851774901995,0.5881504788816391,0.8015904017857143,0.7605137682226848,0.8400198308695594,0.49934602435911773,0.017857142857142856,0.60625,432,320,112,391,3835,104,104,3939,104,11,0
minicpm-v-4_5,minicpm-v-4_5,dash-b,Sphere-Traj-LSTM,proxy_anchor,Diag-vMF,test,test,pooled,1.0,20260506,,evaluated,,passed,,0.4260965488636591,0.34878689006120356,0.5182783758419903,0.6810267857142859,0.6162138228551138,0.7358455555615402,0.4326672434482673,0.017857142857142856,0.971875,432,320,112,391,3835,104,104,3939,104,11,0
minicpm-v-4_5,minicpm-v-4_5,repope,Sphere-Traj-LSTM,proxy_anchor,Diag-Classifier,test,test,pooled,1.0,20260507,,evaluated,,passed,,0.43285731322702836,0.2664131332251467,0.5908963137095711,0.9160455558651436,0.8620753633161323,0.9590082259890261,0.399269650037186,0.3783783783783784,0.5322164948453608,1589,1552,37,1530,3835,104,104,3939,104,51,0
minicpm-v-4_5,minicpm-v-4_5,repope,Sphere-Traj-LSTM,proxy_anchor,Diag-kNN-tuned,test,test,pooled,1.0,20260507,16,evaluated,,passed,,0.39476011794800014,0.23149916537529494,0.5511798884058388,0.9129283923098357,0.884148833877037,0.9387094799258003,0.4013218825874371,0.3783783783783784,0.24742268041237114,1589,1552,37,1530,3835,104,104,3939,104,51,0
minicpm-v-4_5,minicpm-v-4_5,repope,Sphere-Traj-LSTM,proxy_anchor,Diag-vMF,test,test,pooled,1.0,20260507,,evaluated,,passed,,0.48448981464810287,0.31691899590346073,0.6289416520225554,0.9646837559208693,0.9490613246091397,0.977702585857494,0.4929618219027657,0.3783783783783784,0.13659793814432988,1589,1552,37,1530,3835,104,104,3939,104,51,0
minicpm-v-4_5,minicpm-v-4_5,pope,Sphere-Traj-LSTM,proxy_anchor,Diag-Classifier,test,test,pooled,1.0,20260507,,evaluated,,passed,,0.39231194246236234,0.24901126406109947,0.5558160491491954,0.886196662287744,0.8041297986480885,0.9520931938676213,0.3439896624795433,0.3333333333333333,0.8760278304870335,1620,1581,39,1587,3835,104,104,3939,104,180,0
minicpm-v-4_5,minicpm-v-4_5,pope,Sphere-Traj-LSTM,proxy_anchor,Diag-kNN-tuned,test,test,pooled,1.0,20260507,16,evaluated,,passed,,0.24630519796005515,0.12674789166507364,0.3818211128998365,0.8645615400833617,0.8261535631393789,0.9034335284765387,0.25097978727573916,0.1794871794871795,0.31752055660974066,1620,1581,39,1587,3835,104,104,3939,104,180,0
minicpm-v-4_5,minicpm-v-4_5,pope,Sphere-Traj-LSTM,proxy_anchor,Diag-vMF,test,test,pooled,1.0,20260507,,evaluated,,passed,,0.4333337934037197,0.2858973554944611,0.581957467153341,0.9269368624207333,0.8788915081547892,0.9653111979979826,0.4379864456523554,0.3333333333333333,0.5148640101201771,1620,1581,39,1587,3835,104,104,3939,104,180,0
minicpm-v-4_5,minicpm-v-4_5,dash-b,Sphere-Traj-LSTM,proxy_anchor,Diag-Classifier,test,test,pooled,1.0,20260507,,evaluated,,passed,,0.5351929674220421,0.44627386570762,0.6390767034159106,0.8097377232142857,0.7646281666269431,0.8509052399827058,0.5416455395673282,0.07142857142857142,0.709375,432,320,112,391,3835,104,104,3939,104,11,0
minicpm-v-4_5,minicpm-v-4_5,dash-b,Sphere-Traj-LSTM,proxy_anchor,Diag-kNN-tuned,test,test,pooled,1.0,20260507,16,evaluated,,passed,,0.30722860436371896,0.246233725586372,0.3824440457254854,0.5964564732142857,0.5429206319423959,0.6518222764866639,0.31271866285528815,0.008928571428571428,0.725,432,320,112,391,3835,104,104,3939,104,11,0
minicpm-v-4_5,minicpm-v-4_5,dash-b,Sphere-Traj-LSTM,proxy_anchor,Diag-vMF,test,test,pooled,1.0,20260507,,evaluated,,passed,,0.4631284540980267,0.3774295043922644,0.5632658307046936,0.72421875,0.6616710400472082,0.778048028128044,0.4696051481498995,0.07142857142857142,0.946875,432,320,112,391,3835,104,104,3939,104,11,0
minicpm-v-4_5,minicpm-v-4_5,repope,Sphere-Traj-LSTM,proxy_anchor,Diag-Classifier,test,test,pooled,1.0,20260508,,evaluated,,passed,,0.40213049435795567,0.23237635074151436,0.5644421033093073,0.8003448035664531,0.6919723147127373,0.8936970545077842,0.3769475895020195,0.40540540540540543,0.9400773195876289,1589,1552,37,1530,3835,104,104,3939,104,51,0
minicpm-v-4_5,minicpm-v-4_5,repope,Sphere-Traj-LSTM,proxy_anchor,Diag-kNN-tuned,test,test,pooled,1.0,20260508,32,evaluated,,passed,,0.44918848457213717,0.2807792552770278,0.600614564127451,0.9419058233491223,0.9177342540100063,0.9623044407826138,0.4582821141593504,0.40540540540540543,0.16559278350515463,1589,1552,37,1530,3835,104,104,3939,104,51,0
minicpm-v-4_5,minicpm-v-4_5,repope,Sphere-Traj-LSTM,proxy_anchor,Diag-vMF,test,test,pooled,1.0,20260508,,evaluated,,passed,,0.4768033508945813,0.30867621102100434,0.627451921793417,0.9585190860964058,0.9406061484420751,0.9740028740000649,0.48582940836111815,0.40540540540540543,0.15786082474226804,1589,1552,37,1530,3835,104,104,3939,104,51,0
minicpm-v-4_5,minicpm-v-4_5,pope,Sphere-Traj-LSTM,proxy_anchor,Diag-Classifier,test,test,pooled,1.0,20260508,,evaluated,,passed,,0.32796172077792396,0.1860423575789009,0.4744635481633406,0.8182503770739066,0.7213659107595758,0.8975069503200209,0.28293901833765817,0.28205128205128205,0.9816571790006325,1620,1581,39,1587,3835,104,104,3939,104,180,0
minicpm-v-4_5,minicpm-v-4_5,pope,Sphere-Traj-LSTM,proxy_anchor,Diag-kNN-tuned,test,test,pooled,1.0,20260508,32,evaluated,,passed,,0.2847063712533503,0.15555395600688013,0.4196006214847269,0.8970304416224719,0.8611531156739489,0.9303451789932388,0.29058481474937015,0.20512820512820512,0.2726122707147375,1620,1581,39,1587,3835,104,104,3939,104,180,0
minicpm-v-4_5,minicpm-v-4_5,pope,Sphere-Traj-LSTM,proxy_anchor,Diag-vMF,test,test,pooled,1.0,20260508,,evaluated,,passed,,0.3723384932981467,0.22145214438837624,0.5110191205973409,0.9089994972347913,0.8429115752493087,0.9600179013992866,0.37821712842645805,0.28205128205128205,0.7058823529411765,1620,1581,39,1587,3835,104,104,3939,104,180,0
minicpm-v-4_5,minicpm-v-4_5,dash-b,Sphere-Traj-LSTM,proxy_anchor,Diag-Classifier,test,test,pooled,1.0,20260508,,evaluated,,passed,,0.38750321474761273,0.3023913756415171,0.48377787552445883,0.6674944196428572,0.6087972562274547,0.7247134969579637,0.3947666195048365,0.03571428571428571,0.83125,432,320,112,391,3835,104,104,3939,104,11,0
minicpm-v-4_5,minicpm-v-4_5,dash-b,Sphere-Traj-LSTM,proxy_anchor,Diag-kNN-tuned,test,test,pooled,1.0,20260508,32,evaluated,,passed,,0.45619200421810446,0.3656411989717368,0.5544978057702837,0.7400111607142856,0.6842945387563425,0.7951464611282587,0.46351899100099647,0.03571428571428571,0.784375,432,320,112,391,3835,104,104,3939,104,11,0
minicpm-v-4_5,minicpm-v-4_5,dash-b,Sphere-Traj-LSTM,proxy_anchor,Diag-vMF,test,test,pooled,1.0,20260508,,evaluated,,passed,,0.428764477845965,0.33842589239066484,0.5301029508103584,0.7092912946428572,0.6505734561027136,0.7638997801674843,0.4360772836087,0.03571428571428571,0.790625,432,320,112,391,3835,104,104,3939,104,11,0
minicpm-v-4_5,minicpm-v-4_5,repope,Sphere-Traj-LSTM,proxy_anchor,Diag-Classifier,test,test,pooled,0.5,20260506,,evaluated,,passed,,0.41197336778154836,0.2808113978056758,0.5581292335776525,0.9589892727779326,0.9430785550965995,0.9738632824684154,0.3269575125329565,0.32432432432432434,0.13144329896907217,1589,1552,37,1530,3835,104,52,3887,52,51,0
minicpm-v-4_5,minicpm-v-4_5,repope,Sphere-Traj-LSTM,proxy_anchor,Diag-kNN-tuned,test,test,pooled,0.5,20260506,32,evaluated,,passed,,0.35705805283801867,0.21104759030784434,0.5173478619492567,0.9574568124825856,0.9418516166176837,0.9726306226781188,0.3725334522421985,0.32432432432432434,0.12242268041237113,1589,1552,37,1530,3835,104,52,3887,52,51,0
minicpm-v-4_5,minicpm-v-4_5,repope,Sphere-Traj-LSTM,proxy_anchor,Diag-vMF,test,test,pooled,0.5,20260506,,evaluated,,passed,,0.37054462543405087,0.22680356438682148,0.5324903357174443,0.9573174979102814,0.9413285072406277,0.9728454982232924,0.3856633344869988,0.32432432432432434,0.1134020618556701,1589,1552,37,1530,3835,104,52,3887,52,51,0
minicpm-v-4_5,minicpm-v-4_5,pope,Sphere-Traj-LSTM,proxy_anchor,Diag-Classifier,test,test,pooled,0.5,20260506,,evaluated,,passed,,0.3020422147349862,0.19584015121821344,0.41468133435982807,0.937332749476962,0.913639522233965,0.9573727505345014,0.21016412501096085,0.0,0.24035420619860848,1620,1581,39,1587,3835,104,52,3887,52,180,0
minicpm-v-4_5,minicpm-v-4_5,pope,Sphere-Traj-LSTM,proxy_anchor,Diag-kNN-tuned,test,test,pooled,0.5,20260506,32,evaluated,,passed,,0.24074650435048478,0.12771018261667155,0.3638182337764611,0.9158111549003389,0.8927760167298084,0.9382297880947582,0.2463878318129284,0.10256410256410256,0.18975332068311196,1620,1581,39,1587,3835,104,52,3887,52,180,0
minicpm-v-4_5,minicpm-v-4_5,pope,Sphere-Traj-LSTM,proxy_anchor,Diag-vMF,test,test,pooled,0.5,20260506,,evaluated,,passed,,0.2689288351972581,0.15527494065183015,0.39559472884607066,0.881817739502749,0.7847832767244624,0.9481338916259964,0.2748669551362506,0.10256410256410256,0.9354838709677419,1620,1581,39,1587,3835,104,52,3887,52,180,0
minicpm-v-4_5,minicpm-v-4_5,dash-b,Sphere-Traj-LSTM,proxy_anchor,Diag-Classifier,test,test,pooled,0.5,20260506,,evaluated,,passed,,0.4234531626603285,0.3390466907993303,0.5216205012954168,0.6813895089285715,0.6231738232167144,0.7355412201438534,0.4307343390549348,0.03571428571428571,0.83125,432,320,112,391,3835,104,52,3887,52,11,0
minicpm-v-4_5,minicpm-v-4_5,dash-b,Sphere-Traj-LSTM,proxy_anchor,Diag-kNN-tuned,test,test,pooled,0.5,20260506,32,evaluated,,passed,,0.49754362510572464,0.41089392095636157,0.6020881951491418,0.7831473214285715,0.7357267611567512,0.8282770645022005,0.5048251310100508,0.03571428571428571,0.740625,432,320,112,391,3835,104,52,3887,52,11,0
minicpm-v-4_5,minicpm-v-4_5,dash-b,Sphere-Traj-LSTM,proxy_anchor,Diag-vMF,test,test,pooled,0.5,20260506,,evaluated,,passed,,0.4208151170802278,0.3360913634242449,0.5208866645583623,0.6456194196428572,0.5819860204936036,0.708054944352904,0.4280043318677569,0.03571428571428571,0.96875,432,320,112,391,3835,104,52,3887,52,11,0
minicpm-v-4_5,minicpm-v-4_5,repope,Sphere-Traj-LSTM,proxy_anchor,Diag-Classifier,test,test,pooled,0.5,20260507,,evaluated,,passed,,0.3637614487843633,0.22126999263380226,0.5080643615876846,0.9605565617163555,0.9463997371251816,0.9740326752768813,0.31728058180495844,0.2702702702702703,0.11275773195876289,1589,1552,37,1530,3835,104,52,3887,52,51,0
minicpm-v-4_5,minicpm-v-4_5,repope,Sphere-Traj-LSTM,proxy_anchor,Diag-kNN-tuned,test,test,pooled,0.5,20260507,32,evaluated,,passed,,0.29405610004853855,0.15309947293616524,0.44050636821387884,0.9331115909724157,0.9070911248520516,0.9557992426100925,0.30688637011144637,0.2702702702702703,0.22036082474226804,1589,1552,37,1530,3835,104,52,3887,52,51,0
minicpm-v-4_5,minicpm-v-4_5,repope,Sphere-Traj-LSTM,proxy_anchor,Diag-vMF,test,test,pooled,0.5,20260507,,evaluated,,passed,,0.3451918964116023,0.19949332456289162,0.4886328829934929,0.9603824185009752,0.9457738729973957,0.9742705127293246,0.358855058172248,0.2702702702702703,0.11211340206185567,1589,1552,37,1530,3835,104,52,3887,52,51,0
minicpm-v-4_5,minicpm-v-4_5,pope,Sphere-Traj-LSTM,proxy_anchor,Diag-Classifier,test,test,pooled,0.5,20260507,,evaluated,,passed,,0.28742212076259915,0.18314554410273645,0.40769258800433683,0.8812825378290274,0.7904591895868457,0.9542352696039238,0.22385116384499645,0.0,0.9728020240354206,1620,1581,39,1587,3835,104,52,3887,52,180,0
minicpm-v-4_5,minicpm-v-4_5,pope,Sphere-Traj-LSTM,proxy_anchor,Diag-kNN-tuned,test,test,pooled,0.5,20260507,32,evaluated,,passed,,0.16014646561919488,0.07897566887156923,0.26811966428629636,0.8756710293712191,0.8433369416976338,0.9053124122258539,0.16547623231704328,0.15384615384615385,0.28969006957621757,1620,1581,39,1587,3835,104,52,3887,52,180,0
minicpm-v-4_5,minicpm-v-4_5,pope,Sphere-Traj-LSTM,proxy_anchor,Diag-vMF,test,test,pooled,0.5,20260507,,evaluated,,passed,,0.2618533444195614,0.1506773947517009,0.40169016339690344,0.8937381404174574,0.8181099742667796,0.9549658188253359,0.2702179658421615,0.1794871794871795,0.8115117014547755,1620,1581,39,1587,3835,104,52,3887,52,180,0
minicpm-v-4_5,minicpm-v-4_5,dash-b,Sphere-Traj-LSTM,proxy_anchor,Diag-Classifier,test,test,pooled,0.5,20260507,,evaluated,,passed,,0.4946904182839775,0.42111142004441293,0.5896659230068753,0.8301897321428572,0.7955512910833674,0.8670007590249116,0.4996290861229015,0.0,0.425,432,320,112,391,3835,104,52,3887,52,11,0
minicpm-v-4_5,minicpm-v-4_5,dash-b,Sphere-Traj-LSTM,proxy_anchor,Diag-kNN-tuned,test,test,pooled,0.5,20260507,32,evaluated,,passed,,0.44450156348220216,0.3747506283580959,0.5360374783941724,0.7756138392857144,0.7339975004970603,0.816313892397121,0.449441828160775,0.0,0.61875,432,320,112,391,3835,104,52,3887,52,11,0
minicpm-v-4_5,minicpm-v-4_5,dash-b,Sphere-Traj-LSTM,proxy_anchor,Diag-vMF,test,test,pooled,0.5,20260507,,evaluated,,passed,,0.39353164848404154,0.32229435820730645,0.4789032041510705,0.6819754464285713,0.6239974689941454,0.737487013252195,0.39846882265281675,0.0,0.9375,432,320,112,391,3835,104,52,3887,52,11,0
minicpm-v-4_5,minicpm-v-4_5,repope,Sphere-Traj-LSTM,proxy_anchor,Diag-Classifier,test,test,pooled,0.5,20260508,,evaluated,,passed,,0.3489781716126919,0.20956919646218986,0.5121838672712342,0.960312761214823,0.943838285864768,0.9745584985951007,0.36542724703579815,0.2702702702702703,0.1327319587628866,1589,1552,37,1530,3835,104,52,3887,52,51,0
minicpm-v-4_5,minicpm-v-4_5,repope,Sphere-Traj-LSTM,proxy_anchor,Diag-kNN-tuned,test,test,pooled,0.5,20260508,2,evaluated,,passed,,0.06881617081924535,0.043330821305954316,0.11000316933005626,0.825734884368905,0.7821387926399852,0.8640069629369234,0.0802041082959485,0.08108108108108109,0.4497422680412371,1589,1552,37,1530,3835,104,52,3887,52,51,0
minicpm-v-4_5,minicpm-v-4_5,repope,Sphere-Traj-LSTM,proxy_anchor,Diag-vMF,test,test,pooled,0.5,20260508,,evaluated,,passed,,0.36777815211422027,0.22723203477038995,0.5347476987677883,0.964979799387016,0.9501841041719927,0.9777176824171688,0.3844407598083998,0.35135135135135137,0.1134020618556701,1589,1552,37,1530,3835,104,52,3887,52,51,0
minicpm-v-4_5,minicpm-v-4_5,pope,Sphere-Traj-LSTM,proxy_anchor,Diag-Classifier,test,test,pooled,0.5,20260508,,evaluated,,passed,,0.26892587374251303,0.15999149970345658,0.4029208324958405,0.9199792406623526,0.8675979642370831,0.9625824466987281,0.28091878779983326,0.2564102564102564,0.5762175838077166,1620,1581,39,1587,3835,104,52,3887,52,180,0
minicpm-v-4_5,minicpm-v-4_5,pope,Sphere-Traj-LSTM,proxy_anchor,Diag-kNN-tuned,test,test,pooled,0.5,20260508,2,evaluated,,passed,,0.040177256408520885,0.027111506039784967,0.05860654558385685,0.7150618725571287,0.6591828288071003,0.7670099730912753,0.04387363522278826,0.0,0.5869702719797596,1620,1581,39,1587,3835,104,52,3887,52,180,0
minicpm-v-4_5,minicpm-v-4_5,pope,Sphere-Traj-LSTM,proxy_anchor,Diag-vMF,test,test,pooled,0.5,20260508,,evaluated,,passed,,0.273267455965777,0.16809436120001767,0.40299548427645643,0.9496910426701697,0.9304145319049837,0.9667007653083785,0.285476387214317,0.1794871794871795,0.2049335863377609,1620,1581,39,1587,3835,104,52,3887,52,180,0
minicpm-v-4_5,minicpm-v-4_5,dash-b,Sphere-Traj-LSTM,proxy_anchor,Diag-Classifier,test,test,pooled,0.5,20260508,,evaluated,,passed,,0.5597858788558037,0.46339491066058053,0.657331242474835,0.829994419642857,0.7902875630087757,0.8694175474692531,0.5647839434360592,0.05357142857142857,0.60625,432,320,112,391,3835,104,52,3887,52,11,0
minicpm-v-4_5,minicpm-v-4_5,dash-b,Sphere-Traj-LSTM,proxy_anchor,Diag-kNN-tuned,test,test,pooled,0.5,20260508,2,evaluated,,passed,,0.5257071991370302,0.4244132326154628,0.6271489409059963,0.7827566964285714,0.7345215923766512,0.829092246706204,0.5304355940244172,0.08035714285714286,0.590625,432,320,112,391,3835,104,52,3887,52,11,0
minicpm-v-4_5,minicpm-v-4_5,dash-b,Sphere-Traj-LSTM,proxy_anchor,Diag-vMF,test,test,pooled,0.5,20260508,,evaluated,,passed,,0.4795180751978437,0.3843271928946693,0.5789495044768211,0.7239955357142858,0.6668698977332301,0.7784357079715095,0.4845103492944248,0.044642857142857144,0.909375,432,320,112,391,3835,104,52,3887,52,11,0
minicpm-v-4_5,minicpm-v-4_5,repope,Sphere-Traj-LSTM,proxy_anchor,Diag-Classifier,test,test,pooled,0.25,20260506,,evaluated,,passed,,0.3721467089002144,0.22819845947621173,0.5396700913479555,0.9618800501532461,0.9456092046385581,0.9765680838370456,0.39329587099508856,0.2972972972972973,0.1481958762886598,1589,1552,37,1530,3835,104,26,3861,26,51,0
minicpm-v-4_5,minicpm-v-4_5,repope,Sphere-Traj-LSTM,proxy_anchor,Diag-kNN-tuned,test,test,pooled,0.25,20260506,32,evaluated,,passed,,0.19701293503436615,0.10148914588024946,0.3370265078100575,0.9053357481192532,0.8813881938846154,0.9313500865658872,0.21417368040371276,0.24324324324324326,0.22938144329896906,1589,1552,37,1530,3835,104,26,3861,26,51,0
minicpm-v-4_5,minicpm-v-4_5,repope,Sphere-Traj-LSTM,proxy_anchor,Diag-vMF,test,test,pooled,0.25,20260506,,evaluated,,passed,,0.3055435701148842,0.18501886251943497,0.4433859196306519,0.957630955697966,0.9440083209501707,0.9716879233149082,0.322578433145897,0.24324324324324326,0.12564432989690721,1589,1552,37,1530,3835,104,26,3861,26,51,0
minicpm-v-4_5,minicpm-v-4_5,pope,Sphere-Traj-LSTM,proxy_anchor,Diag-Classifier,test,test,pooled,0.25,20260506,,evaluated,,passed,,0.21174706816903646,0.13209639877952045,0.3224919680181536,0.9299210172075447,0.9006606768801264,0.9546621495414505,0.2210879887999305,0.05128205128205128,0.3143580012650221,1620,1581,39,1587,3835,104,26,3861,26,180,0
minicpm-v-4_5,minicpm-v-4_5,pope,Sphere-Traj-LSTM,proxy_anchor,Diag-kNN-tuned,test,test,pooled,0.25,20260506,32,evaluated,,passed,,0.07105148264601027,0.045443469248689264,0.12199383597946721,0.8208047486984869,0.779851217155774,0.8585237400386355,0.07904937241974315,0.05128205128205128,0.349146110056926,1620,1581,39,1587,3835,104,26,3861,26,180,0
minicpm-v-4_5,minicpm-v-4_5,pope,Sphere-Traj-LSTM,proxy_anchor,Diag-vMF,test,test,pooled,0.25,20260506,,evaluated,,passed,,0.15534640270657918,0.10228002428032089,0.24397819242377403,0.9132162376944161,0.8790974152151355,0.9409717006029356,0.167397025466668,0.05128205128205128,0.3548387096774194,1620,1581,39,1587,3835,104,26,3861,26,180,0
minicpm-v-4_5,minicpm-v-4_5,dash-b,Sphere-Traj-LSTM,proxy_anchor,Diag-Classifier,test,test,pooled,0.25,20260506,,evaluated,,passed,,0.4710202303701141,0.38055334570250837,0.5669285658658691,0.7333426339285715,0.6835341427330681,0.7802827887625443,0.47479752215833787,0.044642857142857144,0.584375,432,320,112,391,3835,104,26,3861,26,11,0
minicpm-v-4_5,minicpm-v-4_5,dash-b,Sphere-Traj-LSTM,proxy_anchor,Diag-kNN-tuned,test,test,pooled,0.25,20260506,32,evaluated,,passed,,0.30183871509278604,0.24816637484533752,0.3675355305421702,0.616015625,0.5605417212787782,0.6682390623076646,0.30698898010752795,0.008928571428571428,0.746875,432,320,112,391,3835,104,26,3861,26,11,0
minicpm-v-4_5,minicpm-v-4_5,dash-b,Sphere-Traj-LSTM,proxy_anchor,Diag-vMF,test,test,pooled,0.25,20260506,,evaluated,,passed,,0.37714025054065137,0.30269405966434565,0.4681772525653503,0.6527622767857142,0.5878908794272952,0.7108039961030813,0.38401538060387,0.008928571428571428,0.971875,432,320,112,391,3835,104,26,3861,26,11,0
minicpm-v-4_5,minicpm-v-4_5,repope,Sphere-Traj-LSTM,proxy_anchor,Diag-Classifier,test,test,pooled,0.25,20260507,,evaluated,,passed,,0.4122413983248409,0.24610799695422503,0.5905050345770929,0.9365944552800224,0.8874811459301719,0.9763437515961318,0.43190095542954837,0.35135135135135137,0.5154639175257731,1589,1552,37,1530,3835,104,26,3861,26,51,0
minicpm-v-4_5,minicpm-v-4_5,repope,Sphere-Traj-LSTM,proxy_anchor,Diag-kNN-tuned,test,test,pooled,0.25,20260507,32,evaluated,,passed,,0.39043532212352255,0.231371008434341,0.5665054037487535,0.9567079966564502,0.9357795956017788,0.9749617208056645,0.4077820370769953,0.35135135135135137,0.1875,1589,1552,37,1530,3835,104,26,3861,26,51,0
minicpm-v-4_5,minicpm-v-4_5,repope,Sphere-Traj-LSTM,proxy_anchor,Diag-vMF,test,test,pooled,0.25,20260507,,evaluated,,passed,,0.4347434306265497,0.27381935066368135,0.6098158735786748,0.9735998885483421,0.9629106403481439,0.9831164628013368,0.4522769372035581,0.32432432432432434,0.09020618556701031,1589,1552,37,1530,3835,104,26,3861,26,51,0
minicpm-v-4_5,minicpm-v-4_5,pope,Sphere-Traj-LSTM,proxy_anchor,Diag-Classifier,test,test,pooled,0.25,20260507,,evaluated,,passed,,0.2420300787253142,0.15370809354370682,0.3611159406880719,0.9069884364002012,0.8393039512013403,0.9643078386061877,0.250588641364731,0.05128205128205128,0.7343453510436433,1620,1581,39,1587,3835,104,26,3861,26,180,0
minicpm-v-4_5,minicpm-v-4_5,pope,Sphere-Traj-LSTM,proxy_anchor,Diag-kNN-tuned,test,test,pooled,0.25,20260507,32,evaluated,,passed,,0.17863019431639965,0.10376152038275895,0.2798015416290941,0.9202873870805559,0.8987240174528903,0.9406400966993838,0.1862611149193948,0.05128205128205128,0.2030360531309298,1620,1581,39,1587,3835,104,26,3861,26,180,0
minicpm-v-4_5,minicpm-v-4_5,pope,Sphere-Traj-LSTM,proxy_anchor,Diag-vMF,test,test,pooled,0.25,20260507,,evaluated,,passed,,0.2447141614531356,0.15175642498423203,0.3656819710185348,0.9199468041972785,0.8697983965474456,0.9618816997605971,0.25395049264140707,0.10256410256410256,0.5433270082226439,1620,1581,39,1587,3835,104,26,3861,26,180,0
minicpm-v-4_5,minicpm-v-4_5,dash-b,Sphere-Traj-LSTM,proxy_anchor,Diag-Classifier,test,test,pooled,0.25,20260507,,evaluated,,passed,,0.30608559965098453,0.24583727422280277,0.38488352047767477,0.5518415178571429,0.49071448338845564,0.6105436977254454,0.3113942675270964,0.008928571428571428,0.884375,432,320,112,391,3835,104,26,3861,26,11,0
minicpm-v-4_5,minicpm-v-4_5,dash-b,Sphere-Traj-LSTM,proxy_anchor,Diag-kNN-tuned,test,test,pooled,0.25,20260507,32,evaluated,,passed,,0.36728013891207023,0.3029059463454009,0.4451058312324902,0.6823381696428572,0.6272246867427914,0.7302764794525185,0.3726225809884211,0.0,0.753125,432,320,112,391,3835,104,26,3861,26,11,0
minicpm-v-4_5,minicpm-v-4_5,dash-b,Sphere-Traj-LSTM,proxy_anchor,Diag-vMF,test,test,pooled,0.25,20260507,,evaluated,,passed,,0.38338197921055717,0.31032490182891287,0.4737718942152344,0.6224051339285714,0.5538320955293432,0.6836017043466031,0.3888657593682564,0.0,0.99375,432,320,112,391,3835,104,26,3861,26,11,0
minicpm-v-4_5,minicpm-v-4_5,repope,Sphere-Traj-LSTM,proxy_anchor,Diag-Classifier,test,test,pooled,0.25,20260508,,evaluated,,passed,,0.4938689925452586,0.31581176396456834,0.6607404139929266,0.9706742825299527,0.959330301838775,0.9814256770947881,0.5078354102729179,0.43243243243243246,0.09858247422680412,1589,1552,37,1530,3835,104,26,3861,26,51,0
minicpm-v-4_5,minicpm-v-4_5,repope,Sphere-Traj-LSTM,proxy_anchor,Diag-kNN-tuned,test,test,pooled,0.25,20260508,32,evaluated,,passed,,0.2291089566098182,0.1043075799750619,0.3722320743923442,0.7754771524101421,0.7183135196392844,0.8272198187726391,0.23693958314701374,0.24324324324324326,0.49355670103092786,1589,1552,37,1530,3835,104,26,3861,26,51,0
minicpm-v-4_5,minicpm-v-4_5,repope,Sphere-Traj-LSTM,proxy_anchor,Diag-vMF,test,test,pooled,0.25,20260508,,evaluated,,passed,,0.45754190305559983,0.29539364895897385,0.6141311456325137,0.9695249373084425,0.9572808325076178,0.9796815983611511,0.4704282756937013,0.3783783783783784,0.0779639175257732,1589,1552,37,1530,3835,104,26,3861,26,51,0
minicpm-v-4_5,minicpm-v-4_5,pope,Sphere-Traj-LSTM,proxy_anchor,Diag-Classifier,test,test,pooled,0.25,20260508,,evaluated,,passed,,0.35067738031477486,0.21616699048922916,0.5026692788478723,0.9392140644512561,0.9051668623677767,0.9686901879979579,0.3623862703417042,0.358974358974359,0.38393421884882983,1620,1581,39,1587,3835,104,26,3861,26,180,0
minicpm-v-4_5,minicpm-v-4_5,pope,Sphere-Traj-LSTM,proxy_anchor,Diag-kNN-tuned,test,test,pooled,0.25,20260508,32,evaluated,,passed,,0.03224312917223178,0.02045750929267933,0.051228918549968465,0.6208177232845165,0.5549225615151178,0.6876389358632238,0.03542563566347196,0.0,0.6502213788741303,1620,1581,39,1587,3835,104,26,3861,26,180,0
minicpm-v-4_5,minicpm-v-4_5,pope,Sphere-Traj-LSTM,proxy_anchor,Diag-vMF,test,test,pooled,0.25,20260508,,evaluated,,passed,,0.2626847013814516,0.15396312941155924,0.42468199168252996,0.928331630418917,0.8954519973619314,0.9564515013185947,0.28102184392978075,0.20512820512820512,0.3687539531941809,1620,1581,39,1587,3835,104,26,3861,26,180,0
minicpm-v-4_5,minicpm-v-4_5,dash-b,Sphere-Traj-LSTM,proxy_anchor,Diag-Classifier,test,test,pooled,0.25,20260508,,evaluated,,passed,,0.5193962488224242,0.42818738641818815,0.6149539350454134,0.7780970982142856,0.7294309490425367,0.8237301117859309,0.5229574292680559,0.0625,0.671875,432,320,112,391,3835,104,26,3861,26,11,0
minicpm-v-4_5,minicpm-v-4_5,dash-b,Sphere-Traj-LSTM,proxy_anchor,Diag-kNN-tuned,test,test,pooled,0.25,20260508,32,evaluated,,passed,,0.2230394553235847,0.18259944440387932,0.26528609049499796,0.4693080357142857,0.4152603188387502,0.5278663972458639,0.22619083849328056,0.0,0.753125,432,320,112,391,3835,104,26,3861,26,11,0
minicpm-v-4_5,minicpm-v-4_5,dash-b,Sphere-Traj-LSTM,proxy_anchor,Diag-vMF,test,test,pooled,0.25,20260508,,evaluated,,passed,,0.39886579168185043,0.32025842363705354,0.48792361559995023,0.6989118303571428,0.6402158056390143,0.7557386239464529,0.4041298457906084,0.0,0.896875,432,320,112,391,3835,104,26,3861,26,11,0
minicpm-v-4_5,minicpm-v-4_5,repope,Sphere-Traj-LSTM,proxy_anchor,Diag-kNN-tuned,test,test,pooled,0.1,20260506,,skipped,ratio 0.1 would leave fewer than 20 hard negatives (10),skipped,ratio 0.1 would leave fewer than 20 hard negatives (10),nan,nan,nan,nan,nan,nan,nan,nan,nan,0,0,0,0,3835,104,0,3835,0,0,0
minicpm-v-4_5,minicpm-v-4_5,repope,Sphere-Traj-LSTM,proxy_anchor,Diag-Classifier,test,test,pooled,0.1,20260506,,skipped,ratio 0.1 would leave fewer than 20 hard negatives (10),skipped,ratio 0.1 would leave fewer than 20 hard negatives (10),nan,nan,nan,nan,nan,nan,nan,nan,nan,0,0,0,0,3835,104,0,3835,0,0,0
minicpm-v-4_5,minicpm-v-4_5,repope,Sphere-Traj-LSTM,proxy_anchor,Diag-vMF,test,test,pooled,0.1,20260506,,skipped,ratio 0.1 would leave fewer than 20 hard negatives (10),skipped,ratio 0.1 would leave fewer than 20 hard negatives (10),nan,nan,nan,nan,nan,nan,nan,nan,nan,0,0,0,0,3835,104,0,3835,0,0,0
minicpm-v-4_5,minicpm-v-4_5,pope,Sphere-Traj-LSTM,proxy_anchor,Diag-kNN-tuned,test,test,pooled,0.1,20260506,,skipped,ratio 0.1 would leave fewer than 20 hard negatives (10),skipped,ratio 0.1 would leave fewer than 20 hard negatives (10),nan,nan,nan,nan,nan,nan,nan,nan,nan,0,0,0,0,3835,104,0,3835,0,0,0
minicpm-v-4_5,minicpm-v-4_5,pope,Sphere-Traj-LSTM,proxy_anchor,Diag-Classifier,test,test,pooled,0.1,20260506,,skipped,ratio 0.1 would leave fewer than 20 hard negatives (10),skipped,ratio 0.1 would leave fewer than 20 hard negatives (10),nan,nan,nan,nan,nan,nan,nan,nan,nan,0,0,0,0,3835,104,0,3835,0,0,0
minicpm-v-4_5,minicpm-v-4_5,pope,Sphere-Traj-LSTM,proxy_anchor,Diag-vMF,test,test,pooled,0.1,20260506,,skipped,ratio 0.1 would leave fewer than 20 hard negatives (10),skipped,ratio 0.1 would leave fewer than 20 hard negatives (10),nan,nan,nan,nan,nan,nan,nan,nan,nan,0,0,0,0,3835,104,0,3835,0,0,0
minicpm-v-4_5,minicpm-v-4_5,dash-b,Sphere-Traj-LSTM,proxy_anchor,Diag-kNN-tuned,test,test,pooled,0.1,20260506,,skipped,ratio 0.1 would leave fewer than 20 hard negatives (10),skipped,ratio 0.1 would leave fewer than 20 hard negatives (10),nan,nan,nan,nan,nan,nan,nan,nan,nan,0,0,0,0,3835,104,0,3835,0,0,0
minicpm-v-4_5,minicpm-v-4_5,dash-b,Sphere-Traj-LSTM,proxy_anchor,Diag-Classifier,test,test,pooled,0.1,20260506,,skipped,ratio 0.1 would leave fewer than 20 hard negatives (10),skipped,ratio 0.1 would leave fewer than 20 hard negatives (10),nan,nan,nan,nan,nan,nan,nan,nan,nan,0,0,0,0,3835,104,0,3835,0,0,0
minicpm-v-4_5,minicpm-v-4_5,dash-b,Sphere-Traj-LSTM,proxy_anchor,Diag-vMF,test,test,pooled,0.1,20260506,,skipped,ratio 0.1 would leave fewer than 20 hard negatives (10),skipped,ratio 0.1 would leave fewer than 20 hard negatives (10),nan,nan,nan,nan,nan,nan,nan,nan,nan,0,0,0,0,3835,104,0,3835,0,0,0
minicpm-v-4_5,minicpm-v-4_5,repope,Sphere-Traj-LSTM,proxy_anchor,Diag-kNN-tuned,test,test,pooled,0.1,20260507,,skipped,ratio 0.1 would leave fewer than 20 hard negatives (10),skipped,ratio 0.1 would leave fewer than 20 hard negatives (10),nan,nan,nan,nan,nan,nan,nan,nan,nan,0,0,0,0,3835,104,0,3835,0,0,0
minicpm-v-4_5,minicpm-v-4_5,repope,Sphere-Traj-LSTM,proxy_anchor,Diag-Classifier,test,test,pooled,0.1,20260507,,skipped,ratio 0.1 would leave fewer than 20 hard negatives (10),skipped,ratio 0.1 would leave fewer than 20 hard negatives (10),nan,nan,nan,nan,nan,nan,nan,nan,nan,0,0,0,0,3835,104,0,3835,0,0,0
minicpm-v-4_5,minicpm-v-4_5,repope,Sphere-Traj-LSTM,proxy_anchor,Diag-vMF,test,test,pooled,0.1,20260507,,skipped,ratio 0.1 would leave fewer than 20 hard negatives (10),skipped,ratio 0.1 would leave fewer than 20 hard negatives (10),nan,nan,nan,nan,nan,nan,nan,nan,nan,0,0,0,0,3835,104,0,3835,0,0,0
minicpm-v-4_5,minicpm-v-4_5,pope,Sphere-Traj-LSTM,proxy_anchor,Diag-kNN-tuned,test,test,pooled,0.1,20260507,,skipped,ratio 0.1 would leave fewer than 20 hard negatives (10),skipped,ratio 0.1 would leave fewer than 20 hard negatives (10),nan,nan,nan,nan,nan,nan,nan,nan,nan,0,0,0,0,3835,104,0,3835,0,0,0
minicpm-v-4_5,minicpm-v-4_5,pope,Sphere-Traj-LSTM,proxy_anchor,Diag-Classifier,test,test,pooled,0.1,20260507,,skipped,ratio 0.1 would leave fewer than 20 hard negatives (10),skipped,ratio 0.1 would leave fewer than 20 hard negatives (10),nan,nan,nan,nan,nan,nan,nan,nan,nan,0,0,0,0,3835,104,0,3835,0,0,0
minicpm-v-4_5,minicpm-v-4_5,pope,Sphere-Traj-LSTM,proxy_anchor,Diag-vMF,test,test,pooled,0.1,20260507,,skipped,ratio 0.1 would leave fewer than 20 hard negatives (10),skipped,ratio 0.1 would leave fewer than 20 hard negatives (10),nan,nan,nan,nan,nan,nan,nan,nan,nan,0,0,0,0,3835,104,0,3835,0,0,0
minicpm-v-4_5,minicpm-v-4_5,dash-b,Sphere-Traj-LSTM,proxy_anchor,Diag-kNN-tuned,test,test,pooled,0.1,20260507,,skipped,ratio 0.1 would leave fewer than 20 hard negatives (10),skipped,ratio 0.1 would leave fewer than 20 hard negatives (10),nan,nan,nan,nan,nan,nan,nan,nan,nan,0,0,0,0,3835,104,0,3835,0,0,0
minicpm-v-4_5,minicpm-v-4_5,dash-b,Sphere-Traj-LSTM,proxy_anchor,Diag-Classifier,test,test,pooled,0.1,20260507,,skipped,ratio 0.1 would leave fewer than 20 hard negatives (10),skipped,ratio 0.1 would leave fewer than 20 hard negatives (10),nan,nan,nan,nan,nan,nan,nan,nan,nan,0,0,0,0,3835,104,0,3835,0,0,0
minicpm-v-4_5,minicpm-v-4_5,dash-b,Sphere-Traj-LSTM,proxy_anchor,Diag-vMF,test,test,pooled,0.1,20260507,,skipped,ratio 0.1 would leave fewer than 20 hard negatives (10),skipped,ratio 0.1 would leave fewer than 20 hard negatives (10),nan,nan,nan,nan,nan,nan,nan,nan,nan,0,0,0,0,3835,104,0,3835,0,0,0
minicpm-v-4_5,minicpm-v-4_5,repope,Sphere-Traj-LSTM,proxy_anchor,Diag-kNN-tuned,test,test,pooled,0.1,20260508,,skipped,ratio 0.1 would leave fewer than 20 hard negatives (10),skipped,ratio 0.1 would leave fewer than 20 hard negatives (10),nan,nan,nan,nan,nan,nan,nan,nan,nan,0,0,0,0,3835,104,0,3835,0,0,0
minicpm-v-4_5,minicpm-v-4_5,repope,Sphere-Traj-LSTM,proxy_anchor,Diag-Classifier,test,test,pooled,0.1,20260508,,skipped,ratio 0.1 would leave fewer than 20 hard negatives (10),skipped,ratio 0.1 would leave fewer than 20 hard negatives (10),nan,nan,nan,nan,nan,nan,nan,nan,nan,0,0,0,0,3835,104,0,3835,0,0,0
minicpm-v-4_5,minicpm-v-4_5,repope,Sphere-Traj-LSTM,proxy_anchor,Diag-vMF,test,test,pooled,0.1,20260508,,skipped,ratio 0.1 would leave fewer than 20 hard negatives (10),skipped,ratio 0.1 would leave fewer than 20 hard negatives (10),nan,nan,nan,nan,nan,nan,nan,nan,nan,0,0,0,0,3835,104,0,3835,0,0,0
minicpm-v-4_5,minicpm-v-4_5,pope,Sphere-Traj-LSTM,proxy_anchor,Diag-kNN-tuned,test,test,pooled,0.1,20260508,,skipped,ratio 0.1 would leave fewer than 20 hard negatives (10),skipped,ratio 0.1 would leave fewer than 20 hard negatives (10),nan,nan,nan,nan,nan,nan,nan,nan,nan,0,0,0,0,3835,104,0,3835,0,0,0
minicpm-v-4_5,minicpm-v-4_5,pope,Sphere-Traj-LSTM,proxy_anchor,Diag-Classifier,test,test,pooled,0.1,20260508,,skipped,ratio 0.1 would leave fewer than 20 hard negatives (10),skipped,ratio 0.1 would leave fewer than 20 hard negatives (10),nan,nan,nan,nan,nan,nan,nan,nan,nan,0,0,0,0,3835,104,0,3835,0,0,0
minicpm-v-4_5,minicpm-v-4_5,pope,Sphere-Traj-LSTM,proxy_anchor,Diag-vMF,test,test,pooled,0.1,20260508,,skipped,ratio 0.1 would leave fewer than 20 hard negatives (10),skipped,ratio 0.1 would leave fewer than 20 hard negatives (10),nan,nan,nan,nan,nan,nan,nan,nan,nan,0,0,0,0,3835,104,0,3835,0,0,0
minicpm-v-4_5,minicpm-v-4_5,dash-b,Sphere-Traj-LSTM,proxy_anchor,Diag-kNN-tuned,test,test,pooled,0.1,20260508,,skipped,ratio 0.1 would leave fewer than 20 hard negatives (10),skipped,ratio 0.1 would leave fewer than 20 hard negatives (10),nan,nan,nan,nan,nan,nan,nan,nan,nan,0,0,0,0,3835,104,0,3835,0,0,0
minicpm-v-4_5,minicpm-v-4_5,dash-b,Sphere-Traj-LSTM,proxy_anchor,Diag-Classifier,test,test,pooled,0.1,20260508,,skipped,ratio 0.1 would leave fewer than 20 hard negatives (10),skipped,ratio 0.1 would leave fewer than 20 hard negatives (10),nan,nan,nan,nan,nan,nan,nan,nan,nan,0,0,0,0,3835,104,0,3835,0,0,0
minicpm-v-4_5,minicpm-v-4_5,dash-b,Sphere-Traj-LSTM,proxy_anchor,Diag-vMF,test,test,pooled,0.1,20260508,,skipped,ratio 0.1 would leave fewer than 20 hard negatives (10),skipped,ratio 0.1 would leave fewer than 20 hard negatives (10),nan,nan,nan,nan,nan,nan,nan,nan,nan,0,0,0,0,3835,104,0,3835,0,0,0
llava-v1.5-7b,llava-v1.5-7b,repope,Sphere-Traj-LSTM,proxy_anchor,Diag-Classifier,test,test,pooled,1.0,20260506,,evaluated,,passed,,0.5500691951527157,0.4508763647958222,0.6432307258315817,0.9443889238232124,0.9292087244924054,0.9569223258280417,0.5555860759408989,0.2231404958677686,0.1922554347826087,1593,1472,121,1461,3633,302,302,3935,302,47,0
llava-v1.5-7b,llava-v1.5-7b,repope,Sphere-Traj-LSTM,proxy_anchor,Diag-kNN-tuned,test,test,pooled,1.0,20260506,32,evaluated,,passed,,0.24057842230177984,0.16579060369195087,0.32259532123609835,0.5847893460294646,0.5238301082272278,0.6426396601030665,0.24677385402956453,0.15702479338842976,0.9463315217391305,1593,1472,121,1461,3633,302,302,3935,302,47,0
llava-v1.5-7b,llava-v1.5-7b,repope,Sphere-Traj-LSTM,proxy_anchor,Diag-vMF,test,test,pooled,1.0,20260506,,evaluated,,passed,,0.1817459030775512,0.14791430074275178,0.2179670371015471,0.8229597107438016,0.7961187182388204,0.8474410824564379,0.18534430148146208,0.0,0.3960597826086957,1593,1472,121,1461,3633,302,302,3935,302,47,0
llava-v1.5-7b,llava-v1.5-7b,pope,Sphere-Traj-LSTM,proxy_anchor,Diag-Classifier,test,test,pooled,1.0,20260506,,evaluated,,passed,,0.42896248045581803,0.34428253459893593,0.5262208790720629,0.935779264536003,0.9205064450682156,0.9509299142202344,0.4337878793414144,0.1792452830188679,0.19579081632653061,1674,1568,106,1562,3633,302,302,3935,302,126,0
llava-v1.5-7b,llava-v1.5-7b,pope,Sphere-Traj-LSTM,proxy_anchor,Diag-kNN-tuned,test,test,pooled,1.0,20260506,32,evaluated,,passed,,0.08495991305286697,0.052420205369728065,0.13276272611685358,0.398494657296881,0.31876571624269967,0.4668674746382332,0.08848792084954885,0.04716981132075472,0.9872448979591837,1674,1568,106,1562,3633,302,302,3935,302,126,0
llava-v1.5-7b,llava-v1.5-7b,pope,Sphere-Traj-LSTM,proxy_anchor,Diag-vMF,test,test,pooled,1.0,20260506,,evaluated,,passed,,0.11871047480552162,0.09589028981881775,0.14253003427983724,0.7711903157489411,0.7419906359538547,0.7985067400473004,0.12050373452972576,0.0,0.47130102040816324,1674,1568,106,1562,3633,302,302,3935,302,126,0
llava-v1.5-7b,llava-v1.5-7b,dash-b,Sphere-Traj-LSTM,proxy_anchor,Diag-Classifier,test,test,pooled,1.0,20260506,,evaluated,,passed,,0.7794796830924001,0.7244317933251622,0.8359039454020336,0.7648944310027503,0.7208422230811747,0.8074082721425908,0.7823481683110699,0.00411522633744856,0.7587939698492462,442,199,243,281,3633,302,302,3935,302,1,0
llava-v1.5-7b,llava-v1.5-7b,dash-b,Sphere-Traj-LSTM,proxy_anchor,Diag-kNN-tuned,test,test,pooled,1.0,20260506,32,evaluated,,passed,,0.5647834610221645,0.5053320269126909,0.6300359297605413,0.5197179312198854,0.46661774223109337,0.5695571079556864,0.5679552539894693,0.0,0.9346733668341709,442,199,243,281,3633,302,302,3935,302,1,0
llava-v1.5-7b,llava-v1.5-7b,dash-b,Sphere-Traj-LSTM,proxy_anchor,Diag-vMF,test,test,pooled,1.0,20260506,,evaluated,,passed,,0.6637387234591314,0.6043414956978286,0.7273252871523386,0.6733254751121863,0.6214178668873442,0.7215950649243918,0.6667561540535072,0.0,0.8040201005025126,442,199,243,281,3633,302,302,3935,302,1,0
llava-v1.5-7b,llava-v1.5-7b,repope,Sphere-Traj-LSTM,proxy_anchor,Diag-Classifier,test,test,pooled,1.0,20260507,,evaluated,,passed,,0.5189098543428621,0.4231401156565664,0.6166985461333708,0.9401724757455984,0.9231926091921003,0.9550391242764054,0.5239908460293484,0.18181818181818182,0.23845108695652173,1593,1472,121,1461,3633,302,302,3935,302,47,0
llava-v1.5-7b,llava-v1.5-7b,repope,Sphere-Traj-LSTM,proxy_anchor,Diag-kNN-tuned,test,test,pooled,1.0,20260507,32,evaluated,,passed,,0.21308760069132793,0.15584105867967682,0.2921354905673557,0.5759072942867409,0.5069774338048455,0.6499969040096416,0.22195475083468508,0.03305785123966942,0.9680706521739131,1593,1472,121,1461,3633,302,302,3935,302,47,0
llava-v1.5-7b,llava-v1.5-7b,repope,Sphere-Traj-LSTM,proxy_anchor,Diag-vMF,test,test,pooled,1.0,20260507,,evaluated,,passed,,0.20095325880285078,0.16500878761528723,0.2440627908081084,0.8402915019762847,0.8151629216599625,0.8664813616927639,0.20488038006225043,0.0,0.4470108695652174,1593,1472,121,1461,3633,302,302,3935,302,47,0
llava-v1.5-7b,llava-v1.5-7b,pope,Sphere-Traj-LSTM,proxy_anchor,Diag-Classifier,test,test,pooled,1.0,20260507,,evaluated,,passed,,0.3486771395605717,0.2777324668575459,0.43232763387490314,0.9245884674624567,0.9075054981411003,0.9396122208345267,0.3541507952269461,0.10377358490566038,0.2002551020408163,1674,1568,106,1562,3633,302,302,3935,302,126,0
llava-v1.5-7b,llava-v1.5-7b,pope,Sphere-Traj-LSTM,proxy_anchor,Diag-kNN-tuned,test,test,pooled,1.0,20260507,32,evaluated,,passed,,0.08065000570724731,0.056189867766164026,0.11934590916141652,0.4637081247593377,0.3901633454400821,0.5372294558837143,0.08441067584320135,0.009433962264150943,0.9866071428571429,1674,1568,106,1562,3633,302,302,3935,302,126,0
llava-v1.5-7b,llava-v1.5-7b,pope,Sphere-Traj-LSTM,proxy_anchor,Diag-vMF,test,test,pooled,1.0,20260507,,evaluated,,passed,,0.13465290799286114,0.10876553855039381,0.16185883135171908,0.8002623219098961,0.7741994174194672,0.8255248926209872,0.1366281080709129,0.0,0.4330357142857143,1674,1568,106,1562,3633,302,302,3935,302,126,0
llava-v1.5-7b,llava-v1.5-7b,dash-b,Sphere-Traj-LSTM,proxy_anchor,Diag-Classifier,test,test,pooled,1.0,20260507,,evaluated,,passed,,0.7603695453769257,0.6957929999313439,0.8239445293490334,0.7451661600181979,0.6973078994343282,0.7890726467901398,0.7633197434818604,0.00411522633744856,0.7989949748743719,442,199,243,281,3633,302,302,3935,302,1,0
llava-v1.5-7b,llava-v1.5-7b,dash-b,Sphere-Traj-LSTM,proxy_anchor,Diag-kNN-tuned,test,test,pooled,1.0,20260507,32,evaluated,,passed,,0.6322337478204901,0.5637000569349805,0.7084607558242527,0.5768554707694853,0.520614204588237,0.6315726466943451,0.6350630464651229,0.0,0.914572864321608,442,199,243,281,3633,302,302,3935,302,1,0
llava-v1.5-7b,llava-v1.5-7b,dash-b,Sphere-Traj-LSTM,proxy_anchor,Diag-vMF,test,test,pooled,1.0,20260507,,evaluated,,passed,,0.6910799928901843,0.6241360192872571,0.7616877363017711,0.6895382261099737,0.6377993039234378,0.7424110862594696,0.6938986853400793,0.0,0.8793969849246231,442,199,243,281,3633,302,302,3935,302,1,0
llava-v1.5-7b,llava-v1.5-7b,repope,Sphere-Traj-LSTM,proxy_anchor,Diag-Classifier,test,test,pooled,1.0,20260508,,evaluated,,passed,,0.5338829748005413,0.4444437646315192,0.6208436904374715,0.9395212001437298,0.9254413845794123,0.9513879168450257,0.5379015080174517,0.23140495867768596,0.17866847826086957,1593,1472,121,1461,3633,302,302,3935,302,47,0
llava-v1.5-7b,llava-v1.5-7b,repope,Sphere-Traj-LSTM,proxy_anchor,Diag-kNN-tuned,test,test,pooled,1.0,20260508,32,evaluated,,passed,,0.221090166528844,0.15566097028827966,0.29110089369728154,0.5916108965145526,0.5412401560964006,0.640680094863919,0.2228848776269563,0.1487603305785124,0.7520380434782609,1593,1472,121,1461,3633,302,302,3935,302,47,0
llava-v1.5-7b,llava-v1.5-7b,repope,Sphere-Traj-LSTM,proxy_anchor,Diag-vMF,test,test,pooled,1.0,20260508,,evaluated,,passed,,0.4685738754939488,0.37598625520521095,0.5545615258752207,0.8850161696011498,0.8554084984230469,0.9113913827853382,0.4719320306616869,0.2231404958677686,0.4544836956521739,1593,1472,121,1461,3633,302,302,3935,302,47,0
llava-v1.5-7b,llava-v1.5-7b,pope,Sphere-Traj-LSTM,proxy_anchor,Diag-Classifier,test,test,pooled,1.0,20260508,,evaluated,,passed,,0.39800589732221126,0.31120529046236584,0.48853987104235796,0.9224285232961109,0.9056415278111234,0.9382001746454933,0.4026667243505989,0.1509433962264151,0.22066326530612246,1674,1568,106,1562,3633,302,302,3935,302,126,0
llava-v1.5-7b,llava-v1.5-7b,pope,Sphere-Traj-LSTM,proxy_anchor,Diag-kNN-tuned,test,test,pooled,1.0,20260508,32,evaluated,,passed,,0.08527468094220444,0.05276547707636686,0.1325853282399681,0.48587913939160565,0.439156372249798,0.5386142815322759,0.08722636357925657,0.03773584905660377,0.7997448979591837,1674,1568,106,1562,3633,302,302,3935,302,126,0
llava-v1.5-7b,llava-v1.5-7b,pope,Sphere-Traj-LSTM,proxy_anchor,Diag-vMF,test,test,pooled,1.0,20260508,,evaluated,,passed,,0.18767073956117472,0.13814549707052556,0.25383094672169204,0.8026629283788986,0.7681645602414551,0.8344319994782488,0.19173504340915615,0.04716981132075472,0.4700255102040816,1674,1568,106,1562,3633,302,302,3935,302,126,0
llava-v1.5-7b,llava-v1.5-7b,dash-b,Sphere-Traj-LSTM,proxy_anchor,Diag-Classifier,test,test,pooled,1.0,20260508,,evaluated,,passed,,0.7297113156087134,0.6658178969743507,0.7977096762377043,0.7192547097628058,0.6694517124160457,0.7672538727174323,0.7325011597403066,0.0,0.8291457286432161,442,199,243,281,3633,302,302,3935,302,1,0
llava-v1.5-7b,llava-v1.5-7b,dash-b,Sphere-Traj-LSTM,proxy_anchor,Diag-kNN-tuned,test,test,pooled,1.0,20260508,32,evaluated,,passed,,0.5568239957041341,0.4992416644519876,0.6254959252573196,0.5475112186446637,0.48910494225516743,0.6018085240500375,0.5595832797455664,0.0,0.8944723618090452,442,199,243,281,3633,302,302,3935,302,1,0
llava-v1.5-7b,llava-v1.5-7b,dash-b,Sphere-Traj-LSTM,proxy_anchor,Diag-vMF,test,test,pooled,1.0,20260508,,evaluated,,passed,,0.6238109599461543,0.5557799535128063,0.6909738517881198,0.6308497218603305,0.5801214651438593,0.68304530632733,0.6264284204982752,0.0,0.8592964824120602,442,199,243,281,3633,302,302,3935,302,1,0
llava-v1.5-7b,llava-v1.5-7b,repope,Sphere-Traj-LSTM,proxy_anchor,Diag-Classifier,test,test,pooled,0.5,20260506,,evaluated,,passed,,0.509683524782379,0.41910742076911417,0.6041205729903382,0.9340948392022996,0.9174395284332463,0.9489030309253081,0.49691036176746267,0.24793388429752067,0.21603260869565216,1593,1472,121,1461,3633,302,151,3784,151,47,0
llava-v1.5-7b,llava-v1.5-7b,repope,Sphere-Traj-LSTM,proxy_anchor,Diag-kNN-tuned,test,test,pooled,0.5,20260506,32,evaluated,,passed,,0.4688048232332789,0.3704859014142053,0.5635793610679116,0.8937185591088752,0.8694224676795849,0.9189658078725074,0.4736098968367566,0.24793388429752067,0.35665760869565216,1593,1472,121,1461,3633,302,151,3784,151,47,0
llava-v1.5-7b,llava-v1.5-7b,repope,Sphere-Traj-LSTM,proxy_anchor,Diag-vMF,test,test,pooled,0.5,20260506,,evaluated,,passed,,0.505976747412435,0.4100265521039911,0.6032746125166123,0.9153229428674093,0.8911700215788436,0.9368563541187772,0.5109176528364173,0.24793388429752067,0.35733695652173914,1593,1472,121,1461,3633,302,151,3784,151,47,0
llava-v1.5-7b,llava-v1.5-7b,pope,Sphere-Traj-LSTM,proxy_anchor,Diag-Classifier,test,test,pooled,0.5,20260506,,evaluated,,passed,,0.3146795146251837,0.25007777366779466,0.3970268331778316,0.9071795581440123,0.8863841257847013,0.9275739499060336,0.3012086103053782,0.04716981132075472,0.2755102040816326,1674,1568,106,1562,3633,302,151,3784,151,126,0
llava-v1.5-7b,llava-v1.5-7b,pope,Sphere-Traj-LSTM,proxy_anchor,Diag-kNN-tuned,test,test,pooled,0.5,20260506,32,evaluated,,passed,,0.2477890944811964,0.180454840898623,0.32454663367167974,0.8332270408163265,0.8001616626760427,0.8644057351696441,0.25216121525289253,0.04716981132075472,0.3909438775510204,1674,1568,106,1562,3633,302,151,3784,151,126,0
llava-v1.5-7b,llava-v1.5-7b,pope,Sphere-Traj-LSTM,proxy_anchor,Diag-vMF,test,test,pooled,0.5,20260506,,evaluated,,passed,,0.290144057068962,0.22254765990534003,0.37414024900143167,0.8679666442048518,0.8352416980860571,0.8982041707335219,0.29468704746621766,0.04716981132075472,0.46683673469387754,1674,1568,106,1562,3633,302,151,3784,151,126,0
llava-v1.5-7b,llava-v1.5-7b,dash-b,Sphere-Traj-LSTM,proxy_anchor,Diag-Classifier,test,test,pooled,0.5,20260506,,evaluated,,passed,,0.7180934680057371,0.6569913563198143,0.7798663174052592,0.7051099116984096,0.6566703503247103,0.7516640028963594,0.7211387793329883,0.0411522633744856,0.8592964824120602,442,199,243,281,3633,302,151,3784,151,1,0
llava-v1.5-7b,llava-v1.5-7b,dash-b,Sphere-Traj-LSTM,proxy_anchor,Diag-kNN-tuned,test,test,pooled,0.5,20260506,32,evaluated,,passed,,0.6718476502349027,0.6098795826405713,0.7359548515270549,0.6546518601236637,0.6007386548782051,0.7022276347224259,0.6750730136313523,0.0411522633744856,0.7738693467336684,442,199,243,281,3633,302,151,3784,151,1,0
llava-v1.5-7b,llava-v1.5-7b,dash-b,Sphere-Traj-LSTM,proxy_anchor,Diag-vMF,test,test,pooled,0.5,20260506,,evaluated,,passed,,0.6759238420370783,0.6158846602304651,0.7385781679210576,0.647238248857456,0.5965465567654769,0.6963551973071979,0.6791146871195037,0.0411522633744856,0.9045226130653267,442,199,243,281,3633,302,151,3784,151,1,0
llava-v1.5-7b,llava-v1.5-7b,repope,Sphere-Traj-LSTM,proxy_anchor,Diag-Classifier,test,test,pooled,0.5,20260507,,evaluated,,passed,,0.4627949675555254,0.3783231485769242,0.5611294164466664,0.9351250898311174,0.9198373333047659,0.9495433976951545,0.46941543344317177,0.0743801652892562,0.25203804347826086,1593,1472,121,1461,3633,302,151,3784,151,47,0
llava-v1.5-7b,llava-v1.5-7b,repope,Sphere-Traj-LSTM,proxy_anchor,Diag-kNN-tuned,test,test,pooled,0.5,20260507,32,evaluated,,passed,,0.17299065102197125,0.12945216281136832,0.2342261527970276,0.6305302281710384,0.5736663100654871,0.6916178192774539,0.1782407648377874,0.05785123966942149,0.9130434782608695,1593,1472,121,1461,3633,302,151,3784,151,47,0
llava-v1.5-7b,llava-v1.5-7b,repope,Sphere-Traj-LSTM,proxy_anchor,Diag-vMF,test,test,pooled,0.5,20260507,,evaluated,,passed,,0.18039374171281952,0.14894998758288228,0.21743371101105397,0.8249107303269853,0.8015537144287722,0.8494671096009226,0.18338347891100656,0.0,0.37907608695652173,1593,1472,121,1461,3633,302,151,3784,151,47,0
llava-v1.5-7b,llava-v1.5-7b,pope,Sphere-Traj-LSTM,proxy_anchor,Diag-Classifier,test,test,pooled,0.5,20260507,,evaluated,,passed,,0.3839467757644138,0.303539906732336,0.4854369518121071,0.928806074316519,0.9122469547178179,0.9439622383604799,0.3898901024645306,0.09433962264150944,0.1868622448979592,1674,1568,106,1562,3633,302,151,3784,151,126,0
llava-v1.5-7b,llava-v1.5-7b,pope,Sphere-Traj-LSTM,proxy_anchor,Diag-kNN-tuned,test,test,pooled,0.5,20260507,32,evaluated,,passed,,0.07015818199161274,0.051333821321745805,0.09893183609176162,0.48018747593376976,0.42356874543648737,0.5354541913898617,0.07272846714405123,0.018867924528301886,0.9183673469387755,1674,1568,106,1562,3633,302,151,3784,151,126,0
llava-v1.5-7b,llava-v1.5-7b,pope,Sphere-Traj-LSTM,proxy_anchor,Diag-vMF,test,test,pooled,0.5,20260507,,evaluated,,passed,,0.1350146711274507,0.10915828006376392,0.16231124207886843,0.8027922843665768,0.779194585155556,0.8266150012848826,0.1369568982978044,0.0,0.40688775510204084,1674,1568,106,1562,3633,302,151,3784,151,126,0
llava-v1.5-7b,llava-v1.5-7b,dash-b,Sphere-Traj-LSTM,proxy_anchor,Diag-Classifier,test,test,pooled,0.5,20260507,,evaluated,,passed,,0.7456090370099127,0.6758007485554922,0.8069299437535461,0.7320760179498315,0.6841748212168428,0.7793933020741268,0.7469332370573684,0.024691358024691357,0.7939698492462312,442,199,243,281,3633,302,151,3784,151,1,0
llava-v1.5-7b,llava-v1.5-7b,dash-b,Sphere-Traj-LSTM,proxy_anchor,Diag-kNN-tuned,test,test,pooled,0.5,20260507,32,evaluated,,passed,,0.5798767831419889,0.5092331813743108,0.6495392512601754,0.5396736770271109,0.4786926853436396,0.5937399499608853,0.5824953343316781,0.00411522633744856,0.9246231155778895,442,199,243,281,3633,302,151,3784,151,1,0
llava-v1.5-7b,llava-v1.5-7b,dash-b,Sphere-Traj-LSTM,proxy_anchor,Diag-vMF,test,test,pooled,0.5,20260507,,evaluated,,passed,,0.6924007813965491,0.6188369080542396,0.7646029168477713,0.6855780962425295,0.6318077522765717,0.7343138592637221,0.6957717867110199,0.00411522633744856,0.9246231155778895,442,199,243,281,3633,302,151,3784,151,1,0
llava-v1.5-7b,llava-v1.5-7b,repope,Sphere-Traj-LSTM,proxy_anchor,Diag-Classifier,test,test,pooled,0.5,20260508,,evaluated,,passed,,0.43887599009949646,0.3546538289124417,0.5254541766186039,0.9269785303629177,0.9107153437455469,0.941023831410618,0.4344931034217552,0.08264462809917356,0.20108695652173914,1593,1472,121,1461,3633,302,151,3784,151,47,0
llava-v1.5-7b,llava-v1.5-7b,repope,Sphere-Traj-LSTM,proxy_anchor,Diag-kNN-tuned,test,test,pooled,0.5,20260508,32,evaluated,,passed,,0.3408339447056635,0.25499295169315744,0.42884752732361203,0.8146278745957599,0.773395177515068,0.8468410495717232,0.3454734977160951,0.12396694214876033,0.501358695652174,1593,1472,121,1461,3633,302,151,3784,151,47,0
llava-v1.5-7b,llava-v1.5-7b,repope,Sphere-Traj-LSTM,proxy_anchor,Diag-vMF,test,test,pooled,0.5,20260508,,evaluated,,passed,,0.425192303078308,0.33486280577637284,0.5161610114903239,0.8963798059647863,0.8675093098105071,0.9196553257502782,0.43025684986419727,0.12396694214876033,0.3892663043478261,1593,1472,121,1461,3633,302,151,3784,151,47,0
llava-v1.5-7b,llava-v1.5-7b,pope,Sphere-Traj-LSTM,proxy_anchor,Diag-Classifier,test,test,pooled,0.5,20260508,,evaluated,,passed,,0.29768041227784603,0.23160520302558898,0.37606220069605295,0.9013946380438967,0.8817729355350472,0.9196187753476861,0.2885364916867387,0.0660377358490566,0.24298469387755103,1674,1568,106,1562,3633,302,151,3784,151,126,0
llava-v1.5-7b,llava-v1.5-7b,pope,Sphere-Traj-LSTM,proxy_anchor,Diag-kNN-tuned,test,test,pooled,0.5,20260508,32,evaluated,,passed,,0.16768009446929938,0.12014918512908121,0.227796821862572,0.7391762129380054,0.6947306130456518,0.7809235055866839,0.17344852160190272,0.04716981132075472,0.6823979591836735,1674,1568,106,1562,3633,302,151,3784,151,126,0
llava-v1.5-7b,llava-v1.5-7b,pope,Sphere-Traj-LSTM,proxy_anchor,Diag-vMF,test,test,pooled,0.5,20260508,,evaluated,,passed,,0.23299487495733692,0.18142597761867937,0.30285280266364517,0.847095206006931,0.8107342729462074,0.8776024445188179,0.2393597574862013,0.05660377358490566,0.4604591836734694,1674,1568,106,1562,3633,302,151,3784,151,126,0
llava-v1.5-7b,llava-v1.5-7b,dash-b,Sphere-Traj-LSTM,proxy_anchor,Diag-Classifier,test,test,pooled,0.5,20260508,,evaluated,,passed,,0.7742539264821471,0.7174336349901388,0.8287580827164859,0.7350952292325825,0.6884317770649072,0.7824905686711185,0.7750312874579666,0.07818930041152264,0.8341708542713567,442,199,243,281,3633,302,151,3784,151,1,0
llava-v1.5-7b,llava-v1.5-7b,dash-b,Sphere-Traj-LSTM,proxy_anchor,Diag-kNN-tuned,test,test,pooled,0.5,20260508,32,evaluated,,passed,,0.7484055584999627,0.6899074315722179,0.8050199115206824,0.6968587794941787,0.6490385047395479,0.7477169006852634,0.7492903109424132,0.06995884773662552,0.9246231155778895,442,199,243,281,3633,302,151,3784,151,1,0
llava-v1.5-7b,llava-v1.5-7b,dash-b,Sphere-Traj-LSTM,proxy_anchor,Diag-vMF,test,test,pooled,0.5,20260508,,evaluated,,passed,,0.7481533882010154,0.6882432896381769,0.8066229400170221,0.7023595342969993,0.6552136917977326,0.7506235744702845,0.7490970673429173,0.06995884773662552,0.8492462311557789,442,199,243,281,3633,302,151,3784,151,1,0
llava-v1.5-7b,llava-v1.5-7b,repope,Sphere-Traj-LSTM,proxy_anchor,Diag-Classifier,test,test,pooled,0.25,20260506,,evaluated,,passed,,0.547713718376535,0.44802561922569323,0.6448185428689696,0.9405654868846569,0.9256974399017983,0.9539195013368031,0.5537035052193362,0.2809917355371901,0.20516304347826086,1593,1472,121,1461,3633,302,75,3708,75,47,0
llava-v1.5-7b,llava-v1.5-7b,repope,Sphere-Traj-LSTM,proxy_anchor,Diag-kNN-tuned,test,test,pooled,0.25,20260506,32,evaluated,,passed,,0.2567490137001468,0.18832583578650963,0.34354826478420275,0.7092054437657205,0.6617657633917813,0.7544014484796661,0.26431500935781005,0.17355371900826447,0.6902173913043478,1593,1472,121,1461,3633,302,75,3708,75,47,0
llava-v1.5-7b,llava-v1.5-7b,repope,Sphere-Traj-LSTM,proxy_anchor,Diag-vMF,test,test,pooled,0.25,20260506,,evaluated,,passed,,0.2634855247309143,0.20534781111622807,0.3299119323645973,0.8565621631333094,0.8289133258063351,0.8809028376001792,0.27000970706208466,0.03305785123966942,0.38179347826086957,1593,1472,121,1461,3633,302,75,3708,75,47,0
llava-v1.5-7b,llava-v1.5-7b,pope,Sphere-Traj-LSTM,proxy_anchor,Diag-Classifier,test,test,pooled,0.25,20260506,,evaluated,,passed,,0.403819979552132,0.31953892769825404,0.5073744416228584,0.9285232961108972,0.9132357853919442,0.9439924698509422,0.41044006654215964,0.16037735849056603,0.22448979591836735,1674,1568,106,1562,3633,302,75,3708,75,126,0
llava-v1.5-7b,llava-v1.5-7b,pope,Sphere-Traj-LSTM,proxy_anchor,Diag-kNN-tuned,test,test,pooled,0.25,20260506,32,evaluated,,passed,,0.12664338169891648,0.08598097156686613,0.1872904058469428,0.5790395167500964,0.5192744549095827,0.6402093891286158,0.1318198859765345,0.07547169811320754,0.8858418367346939,1674,1568,106,1562,3633,302,75,3708,75,126,0
llava-v1.5-7b,llava-v1.5-7b,pope,Sphere-Traj-LSTM,proxy_anchor,Diag-vMF,test,test,pooled,0.25,20260506,,evaluated,,passed,,0.1496406433911179,0.11855066778092414,0.18419228828634035,0.8140883711975356,0.7864136590197109,0.8412574640329541,0.15259064401246988,0.0,0.45408163265306123,1674,1568,106,1562,3633,302,75,3708,75,126,0
llava-v1.5-7b,llava-v1.5-7b,dash-b,Sphere-Traj-LSTM,proxy_anchor,Diag-Classifier,test,test,pooled,0.25,20260506,,evaluated,,passed,,0.7657038278217722,0.7100497751685168,0.8191452065280758,0.757429120913208,0.7149341626141916,0.8034513221206325,0.7669660925413914,0.0205761316872428,0.7035175879396985,442,199,243,281,3633,302,75,3708,75,1,0
llava-v1.5-7b,llava-v1.5-7b,dash-b,Sphere-Traj-LSTM,proxy_anchor,Diag-kNN-tuned,test,test,pooled,0.25,20260506,32,evaluated,,passed,,0.5914682907275014,0.5283620094989455,0.6556477787168746,0.5330562276402588,0.47918970046354903,0.5878320754806209,0.5945054126349707,0.0,0.8994974874371859,442,199,243,281,3633,302,75,3708,75,1,0
llava-v1.5-7b,llava-v1.5-7b,dash-b,Sphere-Traj-LSTM,proxy_anchor,Diag-vMF,test,test,pooled,0.25,20260506,,evaluated,,passed,,0.6769972386676762,0.6162592533570516,0.7405524707757287,0.6752279918109063,0.6276737602462069,0.7247067023076609,0.6799452305476159,0.0,0.8492462311557789,442,199,243,281,3633,302,75,3708,75,1,0
llava-v1.5-7b,llava-v1.5-7b,repope,Sphere-Traj-LSTM,proxy_anchor,Diag-Classifier,test,test,pooled,0.25,20260507,,evaluated,,passed,,0.5621893566073491,0.46551063173519824,0.652941799421695,0.9333930335968379,0.9154884611504546,0.95099918830393,0.5554193848815312,0.2809917355371901,0.24796195652173914,1593,1472,121,1461,3633,302,75,3708,75,47,0
llava-v1.5-7b,llava-v1.5-7b,repope,Sphere-Traj-LSTM,proxy_anchor,Diag-kNN-tuned,test,test,pooled,0.25,20260507,32,evaluated,,passed,,0.5693451849850069,0.4741023526578492,0.6527245212338902,0.9353384387351779,0.9182445060223752,0.9507893024370374,0.5727067438497303,0.2644628099173554,0.2561141304347826,1593,1472,121,1461,3633,302,75,3708,75,47,0
llava-v1.5-7b,llava-v1.5-7b,repope,Sphere-Traj-LSTM,proxy_anchor,Diag-vMF,test,test,pooled,0.25,20260507,,evaluated,,passed,,0.5603841965373167,0.46297483428488667,0.647942418896203,0.9190621631333094,0.8935566233089509,0.9425465214102189,0.5636438873833602,0.2644628099173554,0.36820652173913043,1593,1472,121,1461,3633,302,75,3708,75,47,0
llava-v1.5-7b,llava-v1.5-7b,pope,Sphere-Traj-LSTM,proxy_anchor,Diag-Classifier,test,test,pooled,0.25,20260507,,evaluated,,passed,,0.5029298050120986,0.3986069840660944,0.6048449118539649,0.9335350885637275,0.9130568935101974,0.951071196561796,0.4872845304763503,0.27358490566037735,0.29017857142857145,1674,1568,106,1562,3633,302,75,3708,75,126,0
llava-v1.5-7b,llava-v1.5-7b,pope,Sphere-Traj-LSTM,proxy_anchor,Diag-kNN-tuned,test,test,pooled,0.25,20260507,32,evaluated,,passed,,0.4152032917339795,0.324109526329229,0.5169069540588237,0.9007207835964575,0.8757105806937886,0.9234559531758245,0.4232074530904224,0.2358490566037736,0.37563775510204084,1674,1568,106,1562,3633,302,75,3708,75,126,0
llava-v1.5-7b,llava-v1.5-7b,pope,Sphere-Traj-LSTM,proxy_anchor,Diag-vMF,test,test,pooled,0.25,20260507,,evaluated,,passed,,0.45881541214682126,0.3633437815430744,0.5605701861888119,0.9097817192914902,0.8766874041878551,0.9382481464535839,0.46694185897562734,0.2358490566037736,0.5102040816326531,1674,1568,106,1562,3633,302,75,3708,75,126,0
llava-v1.5-7b,llava-v1.5-7b,dash-b,Sphere-Traj-LSTM,proxy_anchor,Diag-Classifier,test,test,pooled,0.25,20260507,,evaluated,,passed,,0.8358498506554506,0.7820746155089807,0.8840065825658967,0.8158281117521766,0.7749839221833055,0.8555086194911109,0.836580546910715,0.13168724279835392,0.5879396984924623,442,199,243,281,3633,302,75,3708,75,1,0
llava-v1.5-7b,llava-v1.5-7b,dash-b,Sphere-Traj-LSTM,proxy_anchor,Diag-kNN-tuned,test,test,pooled,0.25,20260507,32,evaluated,,passed,,0.8178947873588897,0.7626547647837751,0.8661313675044717,0.7815414521165498,0.7363056360939696,0.8227778659578114,0.8187231169036285,0.13580246913580246,0.8542713567839196,442,199,243,281,3633,302,75,3708,75,1,0
llava-v1.5-7b,llava-v1.5-7b,dash-b,Sphere-Traj-LSTM,proxy_anchor,Diag-vMF,test,test,pooled,0.25,20260507,,evaluated,,passed,,0.7926806407826634,0.7377056000760213,0.8426453087582402,0.7315176706578159,0.6829157518707768,0.7788737837320688,0.7935403284152949,0.13580246913580246,0.9547738693467337,442,199,243,281,3633,302,75,3708,75,1,0
llava-v1.5-7b,llava-v1.5-7b,repope,Sphere-Traj-LSTM,proxy_anchor,Diag-Classifier,test,test,pooled,0.25,20260508,,evaluated,,passed,,0.4420427527906425,0.3499395485608033,0.5298945808345703,0.8156581252245778,0.7744965739563494,0.8523654012417978,0.4339547174062343,0.2809917355371901,0.5896739130434783,1593,1472,121,1461,3633,302,75,3708,75,47,0
llava-v1.5-7b,llava-v1.5-7b,repope,Sphere-Traj-LSTM,proxy_anchor,Diag-kNN-tuned,test,test,pooled,0.25,20260508,32,evaluated,,passed,,0.45352077642166266,0.36134069054023654,0.543938781789195,0.8841403162055337,0.8570256450007254,0.9087080251846832,0.45870999492893316,0.24793388429752067,0.44904891304347827,1593,1472,121,1461,3633,302,75,3708,75,47,0
llava-v1.5-7b,llava-v1.5-7b,repope,Sphere-Traj-LSTM,proxy_anchor,Diag-vMF,test,test,pooled,0.25,20260508,,evaluated,,passed,,0.5024887403296981,0.40760234200888024,0.594412918079835,0.9138070427596119,0.8902632833254227,0.9337066774290628,0.5076295470278546,0.30578512396694213,0.328125,1593,1472,121,1461,3633,302,75,3708,75,47,0
llava-v1.5-7b,llava-v1.5-7b,pope,Sphere-Traj-LSTM,proxy_anchor,Diag-Classifier,test,test,pooled,0.25,20260508,,evaluated,,passed,,0.37337164203583195,0.2766832540099795,0.4708199612531496,0.8279384867154409,0.7817294808779961,0.8641966555742393,0.3561420990896099,0.2358490566037736,0.6052295918367347,1674,1568,106,1562,3633,302,75,3708,75,126,0
llava-v1.5-7b,llava-v1.5-7b,pope,Sphere-Traj-LSTM,proxy_anchor,Diag-kNN-tuned,test,test,pooled,0.25,20260508,32,evaluated,,passed,,0.3185954777249237,0.23566765005467596,0.41443988233781387,0.8515594917212169,0.8177539086078636,0.8800074979337421,0.3266357709436544,0.24528301886792453,0.5389030612244898,1674,1568,106,1562,3633,302,75,3708,75,126,0
llava-v1.5-7b,llava-v1.5-7b,pope,Sphere-Traj-LSTM,proxy_anchor,Diag-vMF,test,test,pooled,0.25,20260508,,evaluated,,passed,,0.35115946693605626,0.2663964482441177,0.4491945251768832,0.8766846361185984,0.8405482633881329,0.9067813424306375,0.3592749067327495,0.24528301886792453,0.5554846938775511,1674,1568,106,1562,3633,302,75,3708,75,126,0
llava-v1.5-7b,llava-v1.5-7b,dash-b,Sphere-Traj-LSTM,proxy_anchor,Diag-Classifier,test,test,pooled,0.25,20260508,,evaluated,,passed,,0.7426408006450749,0.6767786186507525,0.8026253107386176,0.6955559691461423,0.6456756213599982,0.7477660625241123,0.7437369724812662,0.037037037037037035,0.9296482412060302,442,199,243,281,3633,302,75,3708,75,1,0
llava-v1.5-7b,llava-v1.5-7b,dash-b,Sphere-Traj-LSTM,proxy_anchor,Diag-kNN-tuned,test,test,pooled,0.25,20260508,32,evaluated,,passed,,0.7077555311719161,0.6421881679462792,0.7711935114094892,0.6769857518042891,0.6266265524093394,0.7264686931802886,0.7090962341666951,0.037037037037037035,0.9045226130653267,442,199,243,281,3633,302,75,3708,75,1,0
llava-v1.5-7b,llava-v1.5-7b,dash-b,Sphere-Traj-LSTM,proxy_anchor,Diag-vMF,test,test,pooled,0.25,20260508,,evaluated,,passed,,0.6987180357124794,0.632885634030862,0.7610845533893069,0.6449738403953926,0.5931361487764618,0.6993465557795698,0.6999583130388539,0.037037037037037035,0.9447236180904522,442,199,243,281,3633,302,75,3708,75,1,0
llava-v1.5-7b,llava-v1.5-7b,repope,Sphere-Traj-LSTM,proxy_anchor,Diag-Classifier,test,test,pooled,0.1,20260506,,evaluated,,passed,,0.49879529323419103,0.40861629485926565,0.5815655689267322,0.9344850431189364,0.9205798643880747,0.9463838115103437,0.5021712350585963,0.17355371900826447,0.14266304347826086,1593,1472,121,1461,3633,302,30,3663,30,47,0
llava-v1.5-7b,llava-v1.5-7b,repope,Sphere-Traj-LSTM,proxy_anchor,Diag-kNN-tuned,test,test,pooled,0.1,20260506,32,evaluated,,passed,,0.4141419198297619,0.3267141014255551,0.4961908000450132,0.8800024703557312,0.8553169734151329,0.9026811281658539,0.4175069346065461,0.18181818181818182,0.33491847826086957,1593,1472,121,1461,3633,302,30,3663,30,47,0
llava-v1.5-7b,llava-v1.5-7b,repope,Sphere-Traj-LSTM,proxy_anchor,Diag-vMF,test,test,pooled,0.1,20260506,,evaluated,,passed,,0.4485300631327085,0.36003152858120385,0.5319461159155606,0.8877223320158103,0.8629892124152673,0.9091794856450389,0.45116080421566623,0.21487603305785125,0.3029891304347826,1593,1472,121,1461,3633,302,30,3663,30,47,0
llava-v1.5-7b,llava-v1.5-7b,pope,Sphere-Traj-LSTM,proxy_anchor,Diag-Classifier,test,test,pooled,0.1,20260506,,evaluated,,passed,,0.3381073966239094,0.27019470875121154,0.4294187483635635,0.9211229303041971,0.9054406638810892,0.9364102062359771,0.34696786780484357,0.12264150943396226,0.1875,1674,1568,106,1562,3633,302,30,3663,30,126,0
llava-v1.5-7b,llava-v1.5-7b,pope,Sphere-Traj-LSTM,proxy_anchor,Diag-kNN-tuned,test,test,pooled,0.1,20260506,32,evaluated,,passed,,0.1991234843272535,0.1439093418512296,0.2683075794370262,0.8037639584135541,0.7677845079207111,0.8368988448837978,0.20732333154117172,0.10377358490566038,0.5567602040816326,1674,1568,106,1562,3633,302,30,3663,30,126,0
llava-v1.5-7b,llava-v1.5-7b,pope,Sphere-Traj-LSTM,proxy_anchor,Diag-vMF,test,test,pooled,0.1,20260506,,evaluated,,passed,,0.252496175415994,0.1850701224370638,0.33622526021627225,0.8527838611859839,0.8237684360366616,0.8800664805047175,0.2618204755546016,0.14150943396226415,0.4604591836734694,1674,1568,106,1562,3633,302,30,3663,30,126,0
llava-v1.5-7b,llava-v1.5-7b,dash-b,Sphere-Traj-LSTM,proxy_anchor,Diag-Classifier,test,test,pooled,0.1,20260506,,evaluated,,passed,,0.7783803559788354,0.7230353675456066,0.8299952091675517,0.7767024422524142,0.7339211618257262,0.8197531299224101,0.7793497772339062,0.06172839506172839,0.6180904522613065,442,199,243,281,3633,302,30,3663,30,1,0
llava-v1.5-7b,llava-v1.5-7b,dash-b,Sphere-Traj-LSTM,proxy_anchor,Diag-kNN-tuned,test,test,pooled,0.1,20260506,32,evaluated,,passed,,0.6089624383990656,0.549681682390564,0.6778340536759894,0.6416237566432987,0.5881179650597208,0.6934773399090058,0.6123248856655008,0.0,0.7788944723618091,442,199,243,281,3633,302,30,3663,30,1,0
llava-v1.5-7b,llava-v1.5-7b,dash-b,Sphere-Traj-LSTM,proxy_anchor,Diag-vMF,test,test,pooled,0.1,20260506,,evaluated,,passed,,0.6903130885429486,0.6269771764681817,0.7561834444135468,0.6726327108795005,0.6255451333207985,0.723475067726732,0.6935679367475173,0.024691358024691357,0.8844221105527639,442,199,243,281,3633,302,30,3663,30,1,0
llava-v1.5-7b,llava-v1.5-7b,repope,Sphere-Traj-LSTM,proxy_anchor,Diag-Classifier,test,test,pooled,0.1,20260507,,evaluated,,passed,,0.5780124595288595,0.49072503832623837,0.6657174934885571,0.936399568810636,0.9209806439017776,0.9513983877048214,0.5816553363569488,0.30578512396694213,0.19904891304347827,1593,1472,121,1461,3633,302,30,3663,30,47,0
llava-v1.5-7b,llava-v1.5-7b,repope,Sphere-Traj-LSTM,proxy_anchor,Diag-kNN-tuned,test,test,pooled,0.1,20260507,32,evaluated,,passed,,0.47052196708593746,0.37881826928372364,0.5576518062979073,0.8463158012935681,0.8121510428858997,0.8794191230746392,0.47394595568165454,0.24793388429752067,0.5027173913043478,1593,1472,121,1461,3633,302,30,3663,30,47,0
llava-v1.5-7b,llava-v1.5-7b,repope,Sphere-Traj-LSTM,proxy_anchor,Diag-vMF,test,test,pooled,0.1,20260507,,evaluated,,passed,,0.5667762478706446,0.4782054411376316,0.6526203273840498,0.9232898401006109,0.8950936927704901,0.9480793185192955,0.5704786695731512,0.2727272727272727,0.27445652173913043,1593,1472,121,1461,3633,302,30,3663,30,47,0
llava-v1.5-7b,llava-v1.5-7b,pope,Sphere-Traj-LSTM,proxy_anchor,Diag-Classifier,test,test,pooled,0.1,20260507,,evaluated,,passed,,0.36082323937471317,0.28440229533101763,0.4577281464247401,0.9182710820177127,0.9000259979148053,0.936674229997577,0.3683324442248998,0.14150943396226415,0.23533163265306123,1674,1568,106,1562,3633,302,30,3663,30,126,0
llava-v1.5-7b,llava-v1.5-7b,pope,Sphere-Traj-LSTM,proxy_anchor,Diag-kNN-tuned,test,test,pooled,0.1,20260507,32,evaluated,,passed,,0.22183332298637784,0.15689687245650605,0.3036376155776327,0.7843966596072391,0.7473431453178252,0.8210730996493641,0.22865082994126734,0.11320754716981132,0.49936224489795916,1674,1568,106,1562,3633,302,30,3663,30,126,0
llava-v1.5-7b,llava-v1.5-7b,pope,Sphere-Traj-LSTM,proxy_anchor,Diag-vMF,test,test,pooled,0.1,20260507,,evaluated,,passed,,0.34158287899803474,0.2623217490380774,0.43347480524016196,0.8914252021563343,0.8580567482792701,0.920304698942495,0.34885580148329437,0.1509433962264151,0.36415816326530615,1674,1568,106,1562,3633,302,30,3663,30,126,0
llava-v1.5-7b,llava-v1.5-7b,dash-b,Sphere-Traj-LSTM,proxy_anchor,Diag-Classifier,test,test,pooled,0.1,20260507,,evaluated,,passed,,0.8198944316818315,0.7669887671452392,0.8663954200668927,0.7874764770353826,0.744407233563943,0.8292950205086026,0.8204477559304958,0.13991769547325103,0.7537688442211056,442,199,243,281,3633,302,30,3663,30,1,0
llava-v1.5-7b,llava-v1.5-7b,dash-b,Sphere-Traj-LSTM,proxy_anchor,Diag-kNN-tuned,test,test,pooled,0.1,20260507,32,evaluated,,passed,,0.7785808296137814,0.7214355692782893,0.8254055510208442,0.7140434683706599,0.6636668075273933,0.7607421842879535,0.7791742416178128,0.12757201646090535,0.9296482412060302,442,199,243,281,3633,302,30,3663,30,1,0
llava-v1.5-7b,llava-v1.5-7b,dash-b,Sphere-Traj-LSTM,proxy_anchor,Diag-vMF,test,test,pooled,0.1,20260507,,evaluated,,passed,,0.7939254055951734,0.737608702536033,0.8414080985942163,0.7495915792956551,0.7006173345988351,0.7950388296954144,0.7945374458988423,0.12345679012345678,0.8693467336683417,442,199,243,281,3633,302,30,3663,30,1,0
llava-v1.5-7b,llava-v1.5-7b,repope,Sphere-Traj-LSTM,proxy_anchor,Diag-Classifier,test,test,pooled,0.1,20260508,,evaluated,,passed,,0.4987234204497663,0.40395742823970676,0.5915894377095513,0.9389541412145166,0.923930982862476,0.9520542047249756,0.5052648900648848,0.14049586776859505,0.21603260869565216,1593,1472,121,1461,3633,302,30,3663,30,47,0
llava-v1.5-7b,llava-v1.5-7b,repope,Sphere-Traj-LSTM,proxy_anchor,Diag-kNN-tuned,test,test,pooled,0.1,20260508,16,evaluated,,passed,,0.06788398101838808,0.05179479423343569,0.09496229848581118,0.3980416816385196,0.34355732832861124,0.45715755153001947,0.07119644142692996,0.03305785123966942,0.9796195652173914,1593,1472,121,1461,3633,302,30,3663,30,47,0
llava-v1.5-7b,llava-v1.5-7b,repope,Sphere-Traj-LSTM,proxy_anchor,Diag-vMF,test,test,pooled,0.1,20260508,,evaluated,,passed,,0.15600467594849934,0.12883613904710314,0.1858017832252935,0.7994127290693497,0.7756433928520947,0.8196364695000871,0.1585395043553213,0.0,0.37771739130434784,1593,1472,121,1461,3633,302,30,3663,30,47,0
llava-v1.5-7b,llava-v1.5-7b,pope,Sphere-Traj-LSTM,proxy_anchor,Diag-Classifier,test,test,pooled,0.1,20260508,,evaluated,,passed,,0.39621603387981164,0.3160164209382798,0.48677351369587313,0.9325002406623026,0.918304789086231,0.946966947215972,0.4020262673669489,0.07547169811320754,0.17793367346938777,1674,1568,106,1562,3633,302,30,3663,30,126,0
llava-v1.5-7b,llava-v1.5-7b,pope,Sphere-Traj-LSTM,proxy_anchor,Diag-kNN-tuned,test,test,pooled,0.1,20260508,16,evaluated,,passed,,0.03950025600868521,0.03212674432015418,0.0480668129870007,0.2593677801309203,0.21703825245744668,0.30417254939819666,0.04040773991872887,0.0,0.9700255102040817,1674,1568,106,1562,3633,302,30,3663,30,126,0
llava-v1.5-7b,llava-v1.5-7b,pope,Sphere-Traj-LSTM,proxy_anchor,Diag-vMF,test,test,pooled,0.1,20260508,,evaluated,,passed,,0.12177409782890183,0.09990287679631736,0.145935444888553,0.7800647381594148,0.7550421156964201,0.804125291616234,0.12350815505698161,0.0,0.3705357142857143,1674,1568,106,1562,3633,302,30,3663,30,126,0
llava-v1.5-7b,llava-v1.5-7b,dash-b,Sphere-Traj-LSTM,proxy_anchor,Diag-Classifier,test,test,pooled,0.1,20260508,,evaluated,,passed,,0.7516534534702557,0.6852706753677361,0.8201416967188564,0.762371528424013,0.7174483633228131,0.8081011211594256,0.7548660144205444,0.00411522633744856,0.7185929648241206,442,199,243,281,3633,302,30,3663,30,1,0
llava-v1.5-7b,llava-v1.5-7b,dash-b,Sphere-Traj-LSTM,proxy_anchor,Diag-kNN-tuned,test,test,pooled,0.1,20260508,16,evaluated,,passed,,0.5366160603776249,0.471425085439413,0.6034367889106869,0.4630353413156316,0.40268265793054353,0.51776721748961,0.5397819597231778,0.0,0.9246231155778895,442,199,243,281,3633,302,30,3663,30,1,0
llava-v1.5-7b,llava-v1.5-7b,dash-b,Sphere-Traj-LSTM,proxy_anchor,Diag-vMF,test,test,pooled,0.1,20260508,,evaluated,,passed,,0.6837888371535298,0.613978381890627,0.7559894063002919,0.6929296689207355,0.6454342336208452,0.7437199751521872,0.6867353763933378,0.0,0.8894472361809045,442,199,243,281,3633,302,30,3663,30,1,0
qwen2.5-vl-7b,qwen2.5-vl-7b,repope,Sphere-Traj-LSTM,proxy_anchor,Diag-Classifier,test,test,pooled,1.0,20260506,,evaluated,,passed,,0.19084089945943505,0.0781145566341099,0.33417138418342673,0.9155528732925106,0.8624881123652673,0.9589540442527469,0.15140277911501343,0.13636363636363635,0.35038860103626945,1566,1544,22,1531,3794,101,101,3895,101,74,0
qwen2.5-vl-7b,qwen2.5-vl-7b,repope,Sphere-Traj-LSTM,proxy_anchor,Diag-kNN-tuned,test,test,pooled,1.0,20260506,32,evaluated,,passed,,0.17038582351757267,0.04244057462321861,0.33326128315691106,0.8657560056523788,0.8117658726582189,0.9169596563175962,0.1794531061894988,0.13636363636363635,0.3180051813471503,1566,1544,22,1531,3794,101,101,3895,101,74,0
qwen2.5-vl-7b,qwen2.5-vl-7b,repope,Sphere-Traj-LSTM,proxy_anchor,Diag-vMF,test,test,pooled,1.0,20260506,,evaluated,,passed,,0.20011814240174905,0.06738331783219098,0.35294312400566846,0.8585433349034386,0.7418208822910837,0.9550105802687516,0.20976941418853418,0.13636363636363635,0.7512953367875648,1566,1544,22,1531,3794,101,101,3895,101,74,0
qwen2.5-vl-7b,qwen2.5-vl-7b,pope,Sphere-Traj-LSTM,proxy_anchor,Diag-Classifier,test,test,pooled,1.0,20260506,,evaluated,,passed,,0.1931904012615242,0.08058807789757146,0.3317180632415986,0.9086043533930858,0.8619944548256433,0.9463026368048284,0.1426215535097815,0.16,0.33418693982074266,1587,1562,25,1588,3794,101,101,3895,101,213,0
qwen2.5-vl-7b,qwen2.5-vl-7b,pope,Sphere-Traj-LSTM,proxy_anchor,Diag-kNN-tuned,test,test,pooled,1.0,20260506,32,evaluated,,passed,,0.13329164112646524,0.02663012174490767,0.27785041495175156,0.79854033290653,0.7323928249772197,0.860768315351421,0.13783594082406306,0.16,0.4801536491677337,1587,1562,25,1588,3794,101,101,3895,101,213,0
qwen2.5-vl-7b,qwen2.5-vl-7b,pope,Sphere-Traj-LSTM,proxy_anchor,Diag-vMF,test,test,pooled,1.0,20260506,,evaluated,,passed,,0.1797871836417156,0.058017684198308835,0.3320363206109237,0.8379513444302176,0.730901683208183,0.9260563832859621,0.1866155538811642,0.16,0.7682458386683739,1587,1562,25,1588,3794,101,101,3895,101,213,0
qwen2.5-vl-7b,qwen2.5-vl-7b,dash-b,Sphere-Traj-LSTM,proxy_anchor,Diag-Classifier,test,test,pooled,1.0,20260506,,evaluated,,passed,,0.47336348342101664,0.3760680964062079,0.5805389608472963,0.7318955460500733,0.6724891537489196,0.789113655768511,0.47798258460000903,0.0297029702970297,0.7009063444108762,432,331,101,384,3794,101,101,3895,101,11,0
qwen2.5-vl-7b,qwen2.5-vl-7b,dash-b,Sphere-Traj-LSTM,proxy_anchor,Diag-kNN-tuned,test,test,pooled,1.0,20260506,32,evaluated,,passed,,0.25333343646119444,0.1956316004120899,0.32524879103558735,0.5058478657533427,0.44516573724827846,0.5656811727257611,0.2570431753060999,0.019801980198019802,0.8368580060422961,432,331,101,384,3794,101,101,3895,101,11,0
qwen2.5-vl-7b,qwen2.5-vl-7b,dash-b,Sphere-Traj-LSTM,proxy_anchor,Diag-vMF,test,test,pooled,1.0,20260506,,evaluated,,passed,,0.2851190607331805,0.22548976830063827,0.3633511312145746,0.5867308785259191,0.5221176349605896,0.6516049986280035,0.29212531164605793,0.019801980198019802,0.9003021148036254,432,331,101,384,3794,101,101,3895,101,11,0
qwen2.5-vl-7b,qwen2.5-vl-7b,repope,Sphere-Traj-LSTM,proxy_anchor,Diag-Classifier,test,test,pooled,1.0,20260507,,evaluated,,passed,,0.1410538022134883,0.04371948176107888,0.2782537280135073,0.6346708666980688,0.4782980128903686,0.7957920124355867,0.09410255757114049,0.13636363636363635,0.9449481865284974,1566,1544,22,1531,3794,101,101,3895,101,74,0
qwen2.5-vl-7b,qwen2.5-vl-7b,repope,Sphere-Traj-LSTM,proxy_anchor,Diag-kNN-tuned,test,test,pooled,1.0,20260507,4,evaluated,,passed,,0.2424138229506531,0.09523154849365054,0.41701188100007525,0.9443299576071597,0.9206706851568444,0.9659325742186546,0.2665868856813565,0.2727272727272727,0.1016839378238342,1566,1544,22,1531,3794,101,101,3895,101,74,0
qwen2.5-vl-7b,qwen2.5-vl-7b,repope,Sphere-Traj-LSTM,proxy_anchor,Diag-vMF,test,test,pooled,1.0,20260507,,evaluated,,passed,,0.19209362996329873,0.06222108402125206,0.3526426723026381,0.8379357041921809,0.7183034656499594,0.9406423298064166,0.20144881039958978,0.13636363636363635,0.772020725388601,1566,1544,22,1531,3794,101,101,3895,101,74,0
qwen2.5-vl-7b,qwen2.5-vl-7b,pope,Sphere-Traj-LSTM,proxy_anchor,Diag-Classifier,test,test,pooled,1.0,20260507,,evaluated,,passed,,0.1458428886304887,0.05255586900213582,0.2790615639910233,0.5861203585147248,0.4165816587351101,0.7489839198109016,0.08541676555880612,0.0,0.998719590268886,1587,1562,25,1588,3794,101,101,3895,101,213,0
qwen2.5-vl-7b,qwen2.5-vl-7b,pope,Sphere-Traj-LSTM,proxy_anchor,Diag-kNN-tuned,test,test,pooled,1.0,20260507,4,evaluated,,passed,,0.19145255577159717,0.06920521274761472,0.3440125142245117,0.8743405889884763,0.8006835332073582,0.9339373412352645,0.19938718780538753,0.16,0.5160051216389244,1587,1562,25,1588,3794,101,101,3895,101,213,0
qwen2.5-vl-7b,qwen2.5-vl-7b,pope,Sphere-Traj-LSTM,proxy_anchor,Diag-vMF,test,test,pooled,1.0,20260507,,evaluated,,passed,,0.1771471113360057,0.05561642082244683,0.32608785712734334,0.7893982074263763,0.6590414689139362,0.9050255316016332,0.18411367016601474,0.16,0.8572343149807938,1587,1562,25,1588,3794,101,101,3895,101,213,0
qwen2.5-vl-7b,qwen2.5-vl-7b,dash-b,Sphere-Traj-LSTM,proxy_anchor,Diag-Classifier,test,test,pooled,1.0,20260507,,evaluated,,passed,,0.2724154317034175,0.20599126806849472,0.349028463088226,0.4926266040501331,0.4271969228457239,0.5595577681250563,0.27597381468888926,0.0297029702970297,0.9154078549848943,432,331,101,384,3794,101,101,3895,101,11,0
qwen2.5-vl-7b,qwen2.5-vl-7b,dash-b,Sphere-Traj-LSTM,proxy_anchor,Diag-kNN-tuned,test,test,pooled,1.0,20260507,4,evaluated,,passed,,0.4149225558093245,0.32573441225573296,0.5137449054486872,0.7110466333642429,0.6530421032757481,0.7665257663476263,0.41911806772119087,0.0297029702970297,0.7583081570996979,432,331,101,384,3794,101,101,3895,101,11,0
qwen2.5-vl-7b,qwen2.5-vl-7b,dash-b,Sphere-Traj-LSTM,proxy_anchor,Diag-vMF,test,test,pooled,1.0,20260507,,evaluated,,passed,,0.3758034755533446,0.288690830850902,0.4716351296863498,0.5914420747210674,0.5211622535870618,0.6628082956827309,0.3798409265108286,0.0297029702970297,0.9788519637462235,432,331,101,384,3794,101,101,3895,101,11,0
qwen2.5-vl-7b,qwen2.5-vl-7b,repope,Sphere-Traj-LSTM,proxy_anchor,Diag-Classifier,test,test,pooled,1.0,20260508,,evaluated,,passed,,0.19705363229438574,0.06476425775357966,0.3566057690884553,0.8277202072538861,0.6999330252001885,0.9486242213298578,0.20758593263010724,0.13636363636363635,0.8613989637305699,1566,1544,22,1531,3794,101,101,3895,101,74,0
qwen2.5-vl-7b,qwen2.5-vl-7b,repope,Sphere-Traj-LSTM,proxy_anchor,Diag-kNN-tuned,test,test,pooled,1.0,20260508,32,evaluated,,passed,,0.04099685127950098,0.0149211664388016,0.11177476460628102,0.71938294865756,0.6470201331068808,0.7880322829297438,0.06169055068310117,0.09090909090909091,0.5187823834196891,1566,1544,22,1531,3794,101,101,3895,101,74,0
qwen2.5-vl-7b,qwen2.5-vl-7b,repope,Sphere-Traj-LSTM,proxy_anchor,Diag-vMF,test,test,pooled,1.0,20260508,,evaluated,,passed,,0.1255218096032477,0.06394712939427101,0.2446463917788832,0.8556288271314179,0.7397043683773737,0.9600460524360332,0.15355067162339245,0.13636363636363635,0.7869170984455959,1566,1544,22,1531,3794,101,101,3895,101,74,0
qwen2.5-vl-7b,qwen2.5-vl-7b,pope,Sphere-Traj-LSTM,proxy_anchor,Diag-Classifier,test,test,pooled,1.0,20260508,,evaluated,,passed,,0.19108430633892534,0.06122164049342843,0.3567196568125973,0.8000256081946222,0.6785827971680756,0.9094953777371786,0.19955188240420785,0.2,0.8028169014084507,1587,1562,25,1588,3794,101,101,3895,101,213,0
qwen2.5-vl-7b,qwen2.5-vl-7b,pope,Sphere-Traj-LSTM,proxy_anchor,Diag-kNN-tuned,test,test,pooled,1.0,20260508,32,evaluated,,passed,,0.029673647377764716,0.014561880002616396,0.06745669892253203,0.6695774647887325,0.5933495518565941,0.7496840915222731,0.037922574288087124,0.08,0.6011523687580026,1587,1562,25,1588,3794,101,101,3895,101,213,0
qwen2.5-vl-7b,qwen2.5-vl-7b,pope,Sphere-Traj-LSTM,proxy_anchor,Diag-vMF,test,test,pooled,1.0,20260508,,evaluated,,passed,,0.12495792516247961,0.05725979216337021,0.23135543847387463,0.8522151088348271,0.7483460381844235,0.9430009081728565,0.143055040047635,0.2,0.7906530089628682,1587,1562,25,1588,3794,101,101,3895,101,213,0
qwen2.5-vl-7b,qwen2.5-vl-7b,dash-b,Sphere-Traj-LSTM,proxy_anchor,Diag-Classifier,test,test,pooled,1.0,20260508,,evaluated,,passed,,0.48195410719315646,0.37312402154743135,0.5828481162528246,0.7149950644611289,0.6512724158896102,0.769111070444086,0.485898849171636,0.04950495049504951,0.7794561933534743,432,331,101,384,3794,101,101,3895,101,11,0
qwen2.5-vl-7b,qwen2.5-vl-7b,dash-b,Sphere-Traj-LSTM,proxy_anchor,Diag-kNN-tuned,test,test,pooled,1.0,20260508,32,evaluated,,passed,,0.19633677929894003,0.1584500273252511,0.2395013089302582,0.4480571924261913,0.38929670145800505,0.5052730929510827,0.1994895120961897,0.0,0.8398791540785498,432,331,101,384,3794,101,101,3895,101,11,0
qwen2.5-vl-7b,qwen2.5-vl-7b,dash-b,Sphere-Traj-LSTM,proxy_anchor,Diag-vMF,test,test,pooled,1.0,20260508,,evaluated,,passed,,0.2564693159744612,0.20073419650131658,0.3146369671912855,0.565852053483294,0.4997750190143778,0.6270307833135413,0.2596889504111115,0.0,0.9244712990936556,432,331,101,384,3794,101,101,3895,101,11,0
qwen2.5-vl-7b,qwen2.5-vl-7b,repope,Sphere-Traj-LSTM,proxy_anchor,Diag-Classifier,test,test,pooled,0.5,20260506,,evaluated,,passed,,0.16012831036827502,0.03572723177787393,0.3261645184671437,0.6867051342439943,0.5542475359147435,0.825375939849624,0.11681919763224421,0.22727272727272727,0.9216321243523317,1566,1544,22,1531,3794,101,50,3844,50,74,0
qwen2.5-vl-7b,qwen2.5-vl-7b,repope,Sphere-Traj-LSTM,proxy_anchor,Diag-kNN-tuned,test,test,pooled,0.5,20260506,32,evaluated,,passed,,0.20240266300821527,0.05997684690345188,0.3741112926790078,0.9085315591144607,0.8671662505299681,0.9471712044857274,0.21420070154641732,0.22727272727272727,0.26878238341968913,1566,1544,22,1531,3794,101,50,3844,50,74,0
qwen2.5-vl-7b,qwen2.5-vl-7b,repope,Sphere-Traj-LSTM,proxy_anchor,Diag-vMF,test,test,pooled,0.5,20260506,,evaluated,,passed,,0.21956642839802942,0.07207289925803893,0.39485815093466575,0.8656088082901554,0.7582541624858986,0.9556446367848006,0.23240925838303703,0.22727272727272727,0.6955958549222798,1566,1544,22,1531,3794,101,50,3844,50,74,0
qwen2.5-vl-7b,qwen2.5-vl-7b,pope,Sphere-Traj-LSTM,proxy_anchor,Diag-Classifier,test,test,pooled,0.5,20260506,,evaluated,,passed,,0.14985373087080806,0.04981900019323807,0.3023452622472927,0.6441741357234316,0.49748276437228955,0.77806002596937,0.10702502869375367,0.2,0.9615877080665813,1587,1562,25,1588,3794,101,50,3844,50,213,0
qwen2.5-vl-7b,qwen2.5-vl-7b,pope,Sphere-Traj-LSTM,proxy_anchor,Diag-kNN-tuned,test,test,pooled,0.5,20260506,32,evaluated,,passed,,0.0986426190613127,0.04651809327290615,0.20559855026564902,0.8776440460947503,0.8237060684823675,0.9225094252503493,0.12103487580185097,0.12,0.3879641485275288,1587,1562,25,1588,3794,101,50,3844,50,213,0
qwen2.5-vl-7b,qwen2.5-vl-7b,pope,Sphere-Traj-LSTM,proxy_anchor,Diag-vMF,test,test,pooled,0.5,20260506,,evaluated,,passed,,0.1317818113968589,0.05979641104408013,0.25635968523088976,0.806427656850192,0.6733242118065096,0.916114390555201,0.15674355784629487,0.24,0.8425096030729834,1587,1562,25,1588,3794,101,50,3844,50,213,0
qwen2.5-vl-7b,qwen2.5-vl-7b,dash-b,Sphere-Traj-LSTM,proxy_anchor,Diag-Classifier,test,test,pooled,0.5,20260506,,evaluated,,passed,,0.471130925472199,0.37491674607864756,0.5812844562233331,0.7257784690855793,0.6655824983984974,0.7863243984731556,0.47392755225458555,0.0891089108910891,0.8066465256797583,432,331,101,384,3794,101,50,3844,50,11,0
qwen2.5-vl-7b,qwen2.5-vl-7b,dash-b,Sphere-Traj-LSTM,proxy_anchor,Diag-kNN-tuned,test,test,pooled,0.5,20260506,32,evaluated,,passed,,0.3529092077546273,0.26800425793106875,0.4562327280698933,0.6114683975950466,0.5479596494948965,0.6736533794228855,0.3604294257861268,0.0891089108910891,0.8036253776435045,432,331,101,384,3794,101,50,3844,50,11,0
qwen2.5-vl-7b,qwen2.5-vl-7b,dash-b,Sphere-Traj-LSTM,proxy_anchor,Diag-vMF,test,test,pooled,0.5,20260506,,evaluated,,passed,,0.38703401126515175,0.3014040066168751,0.4982427618234747,0.6370733750112172,0.5734138948461764,0.7014641386295525,0.39464015808448816,0.0891089108910891,0.945619335347432,432,331,101,384,3794,101,50,3844,50,11,0
qwen2.5-vl-7b,qwen2.5-vl-7b,repope,Sphere-Traj-LSTM,proxy_anchor,Diag-Classifier,test,test,pooled,0.5,20260507,,evaluated,,passed,,0.15255911162348404,0.07631856594396025,0.27409499160118855,0.9269312293923693,0.8863454358704556,0.9612668818662068,0.1834725241799143,0.18181818181818182,0.26360103626943004,1566,1544,22,1531,3794,101,50,3844,50,74,0
qwen2.5-vl-7b,qwen2.5-vl-7b,repope,Sphere-Traj-LSTM,proxy_anchor,Diag-kNN-tuned,test,test,pooled,0.5,20260507,32,evaluated,,passed,,0.07158411606908292,0.02964464396576185,0.15131896612983492,0.7749646726330663,0.659792304521903,0.8734646342218115,0.08818109012027396,0.18181818181818182,0.7862694300518135,1566,1544,22,1531,3794,101,50,3844,50,74,0
qwen2.5-vl-7b,qwen2.5-vl-7b,repope,Sphere-Traj-LSTM,proxy_anchor,Diag-vMF,test,test,pooled,0.5,20260507,,evaluated,,passed,,0.10634503772023211,0.05054532192332752,0.19114805177888114,0.8402614225153084,0.7417162260525452,0.9249545592412064,0.12507199320596013,0.18181818181818182,0.6224093264248705,1566,1544,22,1531,3794,101,50,3844,50,74,0
qwen2.5-vl-7b,qwen2.5-vl-7b,pope,Sphere-Traj-LSTM,proxy_anchor,Diag-Classifier,test,test,pooled,0.5,20260507,,evaluated,,passed,,0.11969359219785228,0.05713487928735979,0.2114844144106633,0.893495518565941,0.836940679424705,0.9428217487311318,0.13769945660178448,0.12,0.4142125480153649,1587,1562,25,1588,3794,101,50,3844,50,213,0
qwen2.5-vl-7b,qwen2.5-vl-7b,pope,Sphere-Traj-LSTM,proxy_anchor,Diag-kNN-tuned,test,test,pooled,0.5,20260507,32,evaluated,,passed,,0.05338146487888388,0.023478032937339532,0.10972284104996696,0.7690396927016645,0.6960022142997697,0.8402100855328215,0.06390217456047312,0.08,0.5563380281690141,1587,1562,25,1588,3794,101,50,3844,50,213,0
qwen2.5-vl-7b,qwen2.5-vl-7b,pope,Sphere-Traj-LSTM,proxy_anchor,Diag-vMF,test,test,pooled,0.5,20260507,,evaluated,,passed,,0.07587257573793656,0.03173989179943109,0.14565250824136167,0.7701664532650447,0.6608374394953586,0.8728767327075446,0.0866690102506242,0.08,0.8169014084507042,1587,1562,25,1588,3794,101,50,3844,50,213,0
qwen2.5-vl-7b,qwen2.5-vl-7b,dash-b,Sphere-Traj-LSTM,proxy_anchor,Diag-Classifier,test,test,pooled,0.5,20260507,,evaluated,,passed,,0.4657101680958701,0.3686340687416201,0.5705564071433559,0.7276779037420358,0.6708997392521975,0.7810385591224834,0.4710200705717418,0.04950495049504951,0.7250755287009063,432,331,101,384,3794,101,50,3844,50,11,0
qwen2.5-vl-7b,qwen2.5-vl-7b,dash-b,Sphere-Traj-LSTM,proxy_anchor,Diag-kNN-tuned,test,test,pooled,0.5,20260507,32,evaluated,,passed,,0.2823657681540622,0.21522710994564637,0.36005320627892645,0.5576560677215758,0.4933512577075083,0.6168607810361615,0.28732351646409937,0.019801980198019802,0.8549848942598187,432,331,101,384,3794,101,50,3844,50,11,0
qwen2.5-vl-7b,qwen2.5-vl-7b,dash-b,Sphere-Traj-LSTM,proxy_anchor,Diag-vMF,test,test,pooled,0.5,20260507,,evaluated,,passed,,0.3118254485019603,0.23895976683432626,0.3947183867295815,0.5873141694834135,0.5189892288921266,0.6527441502258916,0.31683948428447667,0.019801980198019802,0.9214501510574018,432,331,101,384,3794,101,50,3844,50,11,0
qwen2.5-vl-7b,qwen2.5-vl-7b,repope,Sphere-Traj-LSTM,proxy_anchor,Diag-Classifier,test,test,pooled,0.5,20260508,,evaluated,,passed,,0.19649691148843745,0.07256022536771041,0.3663685403171725,0.7796013895430993,0.6362521134588182,0.902828451731784,0.17175932327879417,0.13636363636363635,0.8063471502590673,1566,1544,22,1531,3794,101,50,3844,50,74,0
qwen2.5-vl-7b,qwen2.5-vl-7b,repope,Sphere-Traj-LSTM,proxy_anchor,Diag-kNN-tuned,test,test,pooled,0.5,20260508,16,evaluated,,passed,,0.12172995789202556,0.04726870557957634,0.25844169103579373,0.8435586434291097,0.7648281707505008,0.9119066628319155,0.15126566123269197,0.18181818181818182,0.5472797927461139,1566,1544,22,1531,3794,101,50,3844,50,74,0
qwen2.5-vl-7b,qwen2.5-vl-7b,repope,Sphere-Traj-LSTM,proxy_anchor,Diag-vMF,test,test,pooled,0.5,20260508,,evaluated,,passed,,0.13623052570036434,0.06555923921773349,0.2638646206880702,0.8691709844559585,0.7668003413254246,0.9607327000175856,0.16552315495688227,0.13636363636363635,0.689119170984456,1566,1544,22,1531,3794,101,50,3844,50,74,0
qwen2.5-vl-7b,qwen2.5-vl-7b,pope,Sphere-Traj-LSTM,proxy_anchor,Diag-Classifier,test,test,pooled,0.5,20260508,,evaluated,,passed,,0.17331216323611803,0.06097723093585577,0.33098633556456997,0.7536747759282971,0.621826693132452,0.8727728745936838,0.140082604650763,0.16,0.9014084507042254,1587,1562,25,1588,3794,101,50,3844,50,213,0
qwen2.5-vl-7b,qwen2.5-vl-7b,pope,Sphere-Traj-LSTM,proxy_anchor,Diag-kNN-tuned,test,test,pooled,0.5,20260508,16,evaluated,,passed,,0.11486407457396614,0.04733983997330939,0.2434059965778749,0.852291933418694,0.7976003321250177,0.9085012397672142,0.1390618572176807,0.28,0.4199743918053777,1587,1562,25,1588,3794,101,50,3844,50,213,0
qwen2.5-vl-7b,qwen2.5-vl-7b,pope,Sphere-Traj-LSTM,proxy_anchor,Diag-vMF,test,test,pooled,0.5,20260508,,evaluated,,passed,,0.12144088692843837,0.05728657218818698,0.23985869206982047,0.8715749039692702,0.8014586927680335,0.9358777972722048,0.14493325476496755,0.16,0.5313700384122919,1587,1562,25,1588,3794,101,50,3844,50,213,0
qwen2.5-vl-7b,qwen2.5-vl-7b,dash-b,Sphere-Traj-LSTM,proxy_anchor,Diag-Classifier,test,test,pooled,0.5,20260508,,evaluated,,passed,,0.4956150143873597,0.39035556798968984,0.5975105470089045,0.7295623822200952,0.6672762028583922,0.7834889718466708,0.49946975498593693,0.06930693069306931,0.7009063444108762,432,331,101,384,3794,101,50,3844,50,11,0
qwen2.5-vl-7b,qwen2.5-vl-7b,dash-b,Sphere-Traj-LSTM,proxy_anchor,Diag-kNN-tuned,test,test,pooled,0.5,20260508,16,evaluated,,passed,,0.326270191426206,0.2461942239908786,0.40716852914595275,0.5760222547934553,0.5143109114271793,0.6324024812668334,0.32967550576331167,0.0594059405940594,0.8761329305135952,432,331,101,384,3794,101,50,3844,50,11,0
qwen2.5-vl-7b,qwen2.5-vl-7b,dash-b,Sphere-Traj-LSTM,proxy_anchor,Diag-vMF,test,test,pooled,0.5,20260508,,evaluated,,passed,,0.37485381194817513,0.28767419034945213,0.46374755511354254,0.6324369597080552,0.5683848069889259,0.693872031671191,0.3786127550756986,0.04950495049504951,0.918429003021148,432,331,101,384,3794,101,50,3844,50,11,0
qwen2.5-vl-7b,qwen2.5-vl-7b,repope,Sphere-Traj-LSTM,proxy_anchor,Diag-Classifier,test,test,pooled,0.25,20260506,,evaluated,,passed,,0.05170364633205665,0.01520129061378612,0.12652143441528999,0.5012658973151201,0.3218096447947053,0.6624377460759646,0.06898420811115394,0.09090909090909091,0.9786269430051814,1566,1544,22,1531,3794,101,25,3819,25,74,0
qwen2.5-vl-7b,qwen2.5-vl-7b,repope,Sphere-Traj-LSTM,proxy_anchor,Diag-kNN-tuned,test,test,pooled,0.25,20260506,16,evaluated,,passed,,0.10245934298173626,0.05402154555937124,0.18580183157217514,0.9192769665567594,0.8847949660159686,0.9483667224993662,0.12298887636830741,0.09090909090909091,0.172279792746114,1566,1544,22,1531,3794,101,25,3819,25,74,0
qwen2.5-vl-7b,qwen2.5-vl-7b,repope,Sphere-Traj-LSTM,proxy_anchor,Diag-vMF,test,test,pooled,0.25,20260506,,evaluated,,passed,,0.11875535374305907,0.06024191003444285,0.20837975248013327,0.8181523787093736,0.6833041571431665,0.9320706379478112,0.13988363107744134,0.09090909090909091,0.8354922279792746,1566,1544,22,1531,3794,101,25,3819,25,74,0
qwen2.5-vl-7b,qwen2.5-vl-7b,pope,Sphere-Traj-LSTM,proxy_anchor,Diag-Classifier,test,test,pooled,0.25,20260506,,evaluated,,passed,,0.11862226076646341,0.03572599680623799,0.26649298046482467,0.5454673495518566,0.37563228214808414,0.7122268096706548,0.11675011539580232,0.24,0.9852752880921894,1587,1562,25,1588,3794,101,25,3819,25,213,0
qwen2.5-vl-7b,qwen2.5-vl-7b,pope,Sphere-Traj-LSTM,proxy_anchor,Diag-kNN-tuned,test,test,pooled,0.25,20260506,16,evaluated,,passed,,0.13358910594250487,0.06372444667110946,0.2524287821094775,0.8779513444302176,0.8132069124527084,0.9381308347841318,0.15294361913204224,0.2,0.4910371318822023,1587,1562,25,1588,3794,101,25,3819,25,213,0
qwen2.5-vl-7b,qwen2.5-vl-7b,pope,Sphere-Traj-LSTM,proxy_anchor,Diag-vMF,test,test,pooled,0.25,20260506,,evaluated,,passed,,0.1453083540134184,0.06853427403776671,0.2708293282798027,0.8224583866837388,0.6945281875899283,0.9403251453239398,0.16493520705793635,0.24,0.8245838668373879,1587,1562,25,1588,3794,101,25,3819,25,213,0
qwen2.5-vl-7b,qwen2.5-vl-7b,dash-b,Sphere-Traj-LSTM,proxy_anchor,Diag-Classifier,test,test,pooled,0.25,20260506,,evaluated,,passed,,0.4157970186272093,0.31606689359013224,0.5137398492887546,0.5602584427627052,0.4818924650642784,0.6364409926182643,0.41411493610986044,0.1188118811881188,0.9818731117824774,432,331,101,384,3794,101,25,3819,25,11,0
qwen2.5-vl-7b,qwen2.5-vl-7b,dash-b,Sphere-Traj-LSTM,proxy_anchor,Diag-kNN-tuned,test,test,pooled,0.25,20260506,16,evaluated,,passed,,0.5001627638448358,0.39670348494152025,0.6091929556219224,0.746283389668272,0.6874336026280392,0.8017555285843274,0.5047145920627574,0.12871287128712872,0.8549848942598187,432,331,101,384,3794,101,25,3819,25,11,0
qwen2.5-vl-7b,qwen2.5-vl-7b,dash-b,Sphere-Traj-LSTM,proxy_anchor,Diag-vMF,test,test,pooled,0.25,20260506,,evaluated,,passed,,0.47916154068188355,0.3784073484541096,0.5821323549853453,0.7024318746074003,0.6381701942568261,0.7636567832651779,0.48368233078361195,0.1188118811881188,0.9003021148036254,432,331,101,384,3794,101,25,3819,25,11,0
qwen2.5-vl-7b,qwen2.5-vl-7b,repope,Sphere-Traj-LSTM,proxy_anchor,Diag-Classifier,test,test,pooled,0.25,20260507,,evaluated,,passed,,0.1191885808770426,0.02973958066903291,0.2717574500351918,0.6748999057936882,0.5481306653445868,0.8004428826590371,0.09305660525671264,0.13636363636363635,0.7117875647668394,1566,1544,22,1531,3794,101,25,3819,25,74,0
qwen2.5-vl-7b,qwen2.5-vl-7b,repope,Sphere-Traj-LSTM,proxy_anchor,Diag-kNN-tuned,test,test,pooled,0.25,20260507,32,evaluated,,passed,,0.20554874471044746,0.07546986167897347,0.3722109657815993,0.9402378709373529,0.9157380875870224,0.9618642851707306,0.2165475415072926,0.13636363636363635,0.13860103626943004,1566,1544,22,1531,3794,101,25,3819,25,74,0
qwen2.5-vl-7b,qwen2.5-vl-7b,repope,Sphere-Traj-LSTM,proxy_anchor,Diag-vMF,test,test,pooled,0.25,20260507,,evaluated,,passed,,0.22969606643483914,0.08942712254546972,0.41198194998180043,0.9033502119642016,0.8107497472915679,0.9697986608517472,0.2429816547059073,0.13636363636363635,0.6107512953367875,1566,1544,22,1531,3794,101,25,3819,25,74,0
qwen2.5-vl-7b,qwen2.5-vl-7b,pope,Sphere-Traj-LSTM,proxy_anchor,Diag-Classifier,test,test,pooled,0.25,20260507,,evaluated,,passed,,0.07285722574677868,0.013941241313313773,0.1679610354821209,0.5499871959026889,0.4268599776031546,0.6778659063993862,0.041761480249862655,0.08,0.882842509603073,1587,1562,25,1588,3794,101,25,3819,25,213,0
qwen2.5-vl-7b,qwen2.5-vl-7b,pope,Sphere-Traj-LSTM,proxy_anchor,Diag-kNN-tuned,test,test,pooled,0.25,20260507,32,evaluated,,passed,,0.08680117507841939,0.044585952087903655,0.17845238446330414,0.8839948783610756,0.8352745790781275,0.9253827470260315,0.10734270296404512,0.08,0.38412291933418696,1587,1562,25,1588,3794,101,25,3819,25,213,0
qwen2.5-vl-7b,qwen2.5-vl-7b,pope,Sphere-Traj-LSTM,proxy_anchor,Diag-vMF,test,test,pooled,0.25,20260507,,evaluated,,passed,,0.08518513684776363,0.036569778063157594,0.18011607314076694,0.7104737516005122,0.5533408856647003,0.853013883495883,0.10617163337914338,0.08,0.9353393085787451,1587,1562,25,1588,3794,101,25,3819,25,213,0
qwen2.5-vl-7b,qwen2.5-vl-7b,dash-b,Sphere-Traj-LSTM,proxy_anchor,Diag-Classifier,test,test,pooled,0.25,20260507,,evaluated,,passed,,0.2130097584775157,0.16488318267463292,0.26562393963306996,0.4493135114115641,0.38924403624952775,0.5082505155182732,0.2166776593521629,0.009900990099009901,0.8398791540785498,432,331,101,384,3794,101,25,3819,25,11,0
qwen2.5-vl-7b,qwen2.5-vl-7b,dash-b,Sphere-Traj-LSTM,proxy_anchor,Diag-kNN-tuned,test,test,pooled,0.25,20260507,32,evaluated,,passed,,0.25816996790987573,0.19892089463236068,0.3257736345391267,0.5382728605186803,0.47522582859753276,0.5974727367945551,0.2627835628590331,0.039603960396039604,0.7341389728096677,432,331,101,384,3794,101,25,3819,25,11,0
qwen2.5-vl-7b,qwen2.5-vl-7b,dash-b,Sphere-Traj-LSTM,proxy_anchor,Diag-vMF,test,test,pooled,0.25,20260507,,evaluated,,passed,,0.21103245120137337,0.16170179187825406,0.2670519740138794,0.4282552122281715,0.363589088177287,0.4929925262641546,0.21478211215118406,0.009900990099009901,0.9909365558912386,432,331,101,384,3794,101,25,3819,25,11,0
qwen2.5-vl-7b,qwen2.5-vl-7b,repope,Sphere-Traj-LSTM,proxy_anchor,Diag-Classifier,test,test,pooled,0.25,20260508,,evaluated,,passed,,0.16805551292493498,0.05827160408080345,0.3249276881291597,0.8588966085727744,0.7756321251919575,0.9336828610384054,0.15230786984320532,0.13636363636363635,0.44559585492227977,1566,1544,22,1531,3794,101,25,3819,25,74,0
qwen2.5-vl-7b,qwen2.5-vl-7b,repope,Sphere-Traj-LSTM,proxy_anchor,Diag-kNN-tuned,test,test,pooled,0.25,20260508,8,evaluated,,passed,,0.11455915008219052,0.0604353328753422,0.21457629611476278,0.9218087611869995,0.8836729892189522,0.9546253793830503,0.14216052470782523,0.09090909090909091,0.26878238341968913,1566,1544,22,1531,3794,101,25,3819,25,74,0
qwen2.5-vl-7b,qwen2.5-vl-7b,repope,Sphere-Traj-LSTM,proxy_anchor,Diag-vMF,test,test,pooled,0.25,20260508,,evaluated,,passed,,0.11714062469904796,0.05689457789926108,0.22380984914019483,0.9047927461139897,0.8403403000621629,0.9511249381997031,0.14578896139637532,0.13636363636363635,0.33419689119170987,1566,1544,22,1531,3794,101,25,3819,25,74,0
qwen2.5-vl-7b,qwen2.5-vl-7b,pope,Sphere-Traj-LSTM,proxy_anchor,Diag-Classifier,test,test,pooled,0.25,20260508,,evaluated,,passed,,0.1407410711181645,0.04779626893249455,0.28290950556643435,0.7970550576184379,0.6903260383354989,0.8968590251083944,0.12303884233085853,0.16,0.763764404609475,1587,1562,25,1588,3794,101,25,3819,25,213,0
qwen2.5-vl-7b,qwen2.5-vl-7b,pope,Sphere-Traj-LSTM,proxy_anchor,Diag-kNN-tuned,test,test,pooled,0.25,20260508,8,evaluated,,passed,,0.11103274873174285,0.0560557891624028,0.22215548367316326,0.8918565941101152,0.8356539366055958,0.9410913654095151,0.13399884196280756,0.08,0.44302176696542894,1587,1562,25,1588,3794,101,25,3819,25,213,0
qwen2.5-vl-7b,qwen2.5-vl-7b,pope,Sphere-Traj-LSTM,proxy_anchor,Diag-vMF,test,test,pooled,0.25,20260508,,evaluated,,passed,,0.0929899428605564,0.0398779479611325,0.2025786771809376,0.747426376440461,0.6167390995602338,0.8718471455865016,0.11509100980789848,0.16,0.8450704225352113,1587,1562,25,1588,3794,101,25,3819,25,213,0
qwen2.5-vl-7b,qwen2.5-vl-7b,dash-b,Sphere-Traj-LSTM,proxy_anchor,Diag-Classifier,test,test,pooled,0.25,20260508,,evaluated,,passed,,0.3722327617197682,0.2826056632929137,0.46550052013372506,0.6022553917023123,0.5274926135970376,0.6739749841451781,0.3768420737285119,0.0297029702970297,0.9909365558912386,432,331,101,384,3794,101,25,3819,25,11,0
qwen2.5-vl-7b,qwen2.5-vl-7b,dash-b,Sphere-Traj-LSTM,proxy_anchor,Diag-kNN-tuned,test,test,pooled,0.25,20260508,8,evaluated,,passed,,0.4613117743412485,0.36042344422823375,0.5631935004843148,0.7253447399120577,0.6694309694621394,0.7782659327787338,0.4664938167476365,0.06930693069306931,0.7492447129909365,432,331,101,384,3794,101,25,3819,25,11,0
qwen2.5-vl-7b,qwen2.5-vl-7b,dash-b,Sphere-Traj-LSTM,proxy_anchor,Diag-vMF,test,test,pooled,0.25,20260508,,evaluated,,passed,,0.4005414074407729,0.30465805504086174,0.49619484922805507,0.6691244653166223,0.6064387729079419,0.7209270093633093,0.4058438402920019,0.06930693069306931,0.8368580060422961,432,331,101,384,3794,101,25,3819,25,11,0
qwen2.5-vl-7b,qwen2.5-vl-7b,repope,Sphere-Traj-LSTM,proxy_anchor,Diag-kNN-tuned,test,test,pooled,0.1,20260506,,skipped,ratio 0.1 would leave fewer than 20 hard negatives (10),skipped,ratio 0.1 would leave fewer than 20 hard negatives (10),nan,nan,nan,nan,nan,nan,nan,nan,nan,0,0,0,0,3794,101,0,3794,0,0,0
qwen2.5-vl-7b,qwen2.5-vl-7b,repope,Sphere-Traj-LSTM,proxy_anchor,Diag-Classifier,test,test,pooled,0.1,20260506,,skipped,ratio 0.1 would leave fewer than 20 hard negatives (10),skipped,ratio 0.1 would leave fewer than 20 hard negatives (10),nan,nan,nan,nan,nan,nan,nan,nan,nan,0,0,0,0,3794,101,0,3794,0,0,0
qwen2.5-vl-7b,qwen2.5-vl-7b,repope,Sphere-Traj-LSTM,proxy_anchor,Diag-vMF,test,test,pooled,0.1,20260506,,skipped,ratio 0.1 would leave fewer than 20 hard negatives (10),skipped,ratio 0.1 would leave fewer than 20 hard negatives (10),nan,nan,nan,nan,nan,nan,nan,nan,nan,0,0,0,0,3794,101,0,3794,0,0,0
qwen2.5-vl-7b,qwen2.5-vl-7b,pope,Sphere-Traj-LSTM,proxy_anchor,Diag-kNN-tuned,test,test,pooled,0.1,20260506,,skipped,ratio 0.1 would leave fewer than 20 hard negatives (10),skipped,ratio 0.1 would leave fewer than 20 hard negatives (10),nan,nan,nan,nan,nan,nan,nan,nan,nan,0,0,0,0,3794,101,0,3794,0,0,0
qwen2.5-vl-7b,qwen2.5-vl-7b,pope,Sphere-Traj-LSTM,proxy_anchor,Diag-Classifier,test,test,pooled,0.1,20260506,,skipped,ratio 0.1 would leave fewer than 20 hard negatives (10),skipped,ratio 0.1 would leave fewer than 20 hard negatives (10),nan,nan,nan,nan,nan,nan,nan,nan,nan,0,0,0,0,3794,101,0,3794,0,0,0
qwen2.5-vl-7b,qwen2.5-vl-7b,pope,Sphere-Traj-LSTM,proxy_anchor,Diag-vMF,test,test,pooled,0.1,20260506,,skipped,ratio 0.1 would leave fewer than 20 hard negatives (10),skipped,ratio 0.1 would leave fewer than 20 hard negatives (10),nan,nan,nan,nan,nan,nan,nan,nan,nan,0,0,0,0,3794,101,0,3794,0,0,0
qwen2.5-vl-7b,qwen2.5-vl-7b,dash-b,Sphere-Traj-LSTM,proxy_anchor,Diag-kNN-tuned,test,test,pooled,0.1,20260506,,skipped,ratio 0.1 would leave fewer than 20 hard negatives (10),skipped,ratio 0.1 would leave fewer than 20 hard negatives (10),nan,nan,nan,nan,nan,nan,nan,nan,nan,0,0,0,0,3794,101,0,3794,0,0,0
qwen2.5-vl-7b,qwen2.5-vl-7b,dash-b,Sphere-Traj-LSTM,proxy_anchor,Diag-Classifier,test,test,pooled,0.1,20260506,,skipped,ratio 0.1 would leave fewer than 20 hard negatives (10),skipped,ratio 0.1 would leave fewer than 20 hard negatives (10),nan,nan,nan,nan,nan,nan,nan,nan,nan,0,0,0,0,3794,101,0,3794,0,0,0
qwen2.5-vl-7b,qwen2.5-vl-7b,dash-b,Sphere-Traj-LSTM,proxy_anchor,Diag-vMF,test,test,pooled,0.1,20260506,,skipped,ratio 0.1 would leave fewer than 20 hard negatives (10),skipped,ratio 0.1 would leave fewer than 20 hard negatives (10),nan,nan,nan,nan,nan,nan,nan,nan,nan,0,0,0,0,3794,101,0,3794,0,0,0
qwen2.5-vl-7b,qwen2.5-vl-7b,repope,Sphere-Traj-LSTM,proxy_anchor,Diag-kNN-tuned,test,test,pooled,0.1,20260507,,skipped,ratio 0.1 would leave fewer than 20 hard negatives (10),skipped,ratio 0.1 would leave fewer than 20 hard negatives (10),nan,nan,nan,nan,nan,nan,nan,nan,nan,0,0,0,0,3794,101,0,3794,0,0,0
qwen2.5-vl-7b,qwen2.5-vl-7b,repope,Sphere-Traj-LSTM,proxy_anchor,Diag-Classifier,test,test,pooled,0.1,20260507,,skipped,ratio 0.1 would leave fewer than 20 hard negatives (10),skipped,ratio 0.1 would leave fewer than 20 hard negatives (10),nan,nan,nan,nan,nan,nan,nan,nan,nan,0,0,0,0,3794,101,0,3794,0,0,0
qwen2.5-vl-7b,qwen2.5-vl-7b,repope,Sphere-Traj-LSTM,proxy_anchor,Diag-vMF,test,test,pooled,0.1,20260507,,skipped,ratio 0.1 would leave fewer than 20 hard negatives (10),skipped,ratio 0.1 would leave fewer than 20 hard negatives (10),nan,nan,nan,nan,nan,nan,nan,nan,nan,0,0,0,0,3794,101,0,3794,0,0,0
qwen2.5-vl-7b,qwen2.5-vl-7b,pope,Sphere-Traj-LSTM,proxy_anchor,Diag-kNN-tuned,test,test,pooled,0.1,20260507,,skipped,ratio 0.1 would leave fewer than 20 hard negatives (10),skipped,ratio 0.1 would leave fewer than 20 hard negatives (10),nan,nan,nan,nan,nan,nan,nan,nan,nan,0,0,0,0,3794,101,0,3794,0,0,0
qwen2.5-vl-7b,qwen2.5-vl-7b,pope,Sphere-Traj-LSTM,proxy_anchor,Diag-Classifier,test,test,pooled,0.1,20260507,,skipped,ratio 0.1 would leave fewer than 20 hard negatives (10),skipped,ratio 0.1 would leave fewer than 20 hard negatives (10),nan,nan,nan,nan,nan,nan,nan,nan,nan,0,0,0,0,3794,101,0,3794,0,0,0
qwen2.5-vl-7b,qwen2.5-vl-7b,pope,Sphere-Traj-LSTM,proxy_anchor,Diag-vMF,test,test,pooled,0.1,20260507,,skipped,ratio 0.1 would leave fewer than 20 hard negatives (10),skipped,ratio 0.1 would leave fewer than 20 hard negatives (10),nan,nan,nan,nan,nan,nan,nan,nan,nan,0,0,0,0,3794,101,0,3794,0,0,0
qwen2.5-vl-7b,qwen2.5-vl-7b,dash-b,Sphere-Traj-LSTM,proxy_anchor,Diag-kNN-tuned,test,test,pooled,0.1,20260507,,skipped,ratio 0.1 would leave fewer than 20 hard negatives (10),skipped,ratio 0.1 would leave fewer than 20 hard negatives (10),nan,nan,nan,nan,nan,nan,nan,nan,nan,0,0,0,0,3794,101,0,3794,0,0,0
qwen2.5-vl-7b,qwen2.5-vl-7b,dash-b,Sphere-Traj-LSTM,proxy_anchor,Diag-Classifier,test,test,pooled,0.1,20260507,,skipped,ratio 0.1 would leave fewer than 20 hard negatives (10),skipped,ratio 0.1 would leave fewer than 20 hard negatives (10),nan,nan,nan,nan,nan,nan,nan,nan,nan,0,0,0,0,3794,101,0,3794,0,0,0
qwen2.5-vl-7b,qwen2.5-vl-7b,dash-b,Sphere-Traj-LSTM,proxy_anchor,Diag-vMF,test,test,pooled,0.1,20260507,,skipped,ratio 0.1 would leave fewer than 20 hard negatives (10),skipped,ratio 0.1 would leave fewer than 20 hard negatives (10),nan,nan,nan,nan,nan,nan,nan,nan,nan,0,0,0,0,3794,101,0,3794,0,0,0
qwen2.5-vl-7b,qwen2.5-vl-7b,repope,Sphere-Traj-LSTM,proxy_anchor,Diag-kNN-tuned,test,test,pooled,0.1,20260508,,skipped,ratio 0.1 would leave fewer than 20 hard negatives (10),skipped,ratio 0.1 would leave fewer than 20 hard negatives (10),nan,nan,nan,nan,nan,nan,nan,nan,nan,0,0,0,0,3794,101,0,3794,0,0,0
qwen2.5-vl-7b,qwen2.5-vl-7b,repope,Sphere-Traj-LSTM,proxy_anchor,Diag-Classifier,test,test,pooled,0.1,20260508,,skipped,ratio 0.1 would leave fewer than 20 hard negatives (10),skipped,ratio 0.1 would leave fewer than 20 hard negatives (10),nan,nan,nan,nan,nan,nan,nan,nan,nan,0,0,0,0,3794,101,0,3794,0,0,0
qwen2.5-vl-7b,qwen2.5-vl-7b,repope,Sphere-Traj-LSTM,proxy_anchor,Diag-vMF,test,test,pooled,0.1,20260508,,skipped,ratio 0.1 would leave fewer than 20 hard negatives (10),skipped,ratio 0.1 would leave fewer than 20 hard negatives (10),nan,nan,nan,nan,nan,nan,nan,nan,nan,0,0,0,0,3794,101,0,3794,0,0,0
qwen2.5-vl-7b,qwen2.5-vl-7b,pope,Sphere-Traj-LSTM,proxy_anchor,Diag-kNN-tuned,test,test,pooled,0.1,20260508,,skipped,ratio 0.1 would leave fewer than 20 hard negatives (10),skipped,ratio 0.1 would leave fewer than 20 hard negatives (10),nan,nan,nan,nan,nan,nan,nan,nan,nan,0,0,0,0,3794,101,0,3794,0,0,0
qwen2.5-vl-7b,qwen2.5-vl-7b,pope,Sphere-Traj-LSTM,proxy_anchor,Diag-Classifier,test,test,pooled,0.1,20260508,,skipped,ratio 0.1 would leave fewer than 20 hard negatives (10),skipped,ratio 0.1 would leave fewer than 20 hard negatives (10),nan,nan,nan,nan,nan,nan,nan,nan,nan,0,0,0,0,3794,101,0,3794,0,0,0
qwen2.5-vl-7b,qwen2.5-vl-7b,pope,Sphere-Traj-LSTM,proxy_anchor,Diag-vMF,test,test,pooled,0.1,20260508,,skipped,ratio 0.1 would leave fewer than 20 hard negatives (10),skipped,ratio 0.1 would leave fewer than 20 hard negatives (10),nan,nan,nan,nan,nan,nan,nan,nan,nan,0,0,0,0,3794,101,0,3794,0,0,0
qwen2.5-vl-7b,qwen2.5-vl-7b,dash-b,Sphere-Traj-LSTM,proxy_anchor,Diag-kNN-tuned,test,test,pooled,0.1,20260508,,skipped,ratio 0.1 would leave fewer than 20 hard negatives (10),skipped,ratio 0.1 would leave fewer than 20 hard negatives (10),nan,nan,nan,nan,nan,nan,nan,nan,nan,0,0,0,0,3794,101,0,3794,0,0,0
qwen2.5-vl-7b,qwen2.5-vl-7b,dash-b,Sphere-Traj-LSTM,proxy_anchor,Diag-Classifier,test,test,pooled,0.1,20260508,,skipped,ratio 0.1 would leave fewer than 20 hard negatives (10),skipped,ratio 0.1 would leave fewer than 20 hard negatives (10),nan,nan,nan,nan,nan,nan,nan,nan,nan,0,0,0,0,3794,101,0,3794,0,0,0
qwen2.5-vl-7b,qwen2.5-vl-7b,dash-b,Sphere-Traj-LSTM,proxy_anchor,Diag-vMF,test,test,pooled,0.1,20260508,,skipped,ratio 0.1 would leave fewer than 20 hard negatives (10),skipped,ratio 0.1 would leave fewer than 20 hard negatives (10),nan,nan,nan,nan,nan,nan,nan,nan,nan,0,0,0,0,3794,101,0,3794,0,0,0
