epoch,loss,model_alias,objective,negative_budget_ratio,negative_budget_seed
1.0,12.723451626868188,llava-onevision-qwen2-7b-ov-hf,proxy_anchor,1.0,20260506
2.0,11.78475499255205,llava-onevision-qwen2-7b-ov-hf,proxy_anchor,1.0,20260506
3.0,11.178526983546899,llava-onevision-qwen2-7b-ov-hf,proxy_anchor,1.0,20260506
4.0,10.564477562694218,llava-onevision-qwen2-7b-ov-hf,proxy_anchor,1.0,20260506
5.0,10.040813870887497,llava-onevision-qwen2-7b-ov-hf,proxy_anchor,1.0,20260506
6.0,9.389099250419768,llava-onevision-qwen2-7b-ov-hf,proxy_anchor,1.0,20260506
7.0,10.686089121583906,llava-onevision-qwen2-7b-ov-hf,proxy_anchor,1.0,20260506
8.0,10.111656609724703,llava-onevision-qwen2-7b-ov-hf,proxy_anchor,1.0,20260506
9.0,8.53100765096664,llava-onevision-qwen2-7b-ov-hf,proxy_anchor,1.0,20260506
10.0,11.62705299782831,llava-onevision-qwen2-7b-ov-hf,proxy_anchor,1.0,20260506
11.0,10.481856176577597,llava-onevision-qwen2-7b-ov-hf,proxy_anchor,1.0,20260506
12.0,8.35302177948905,llava-onevision-qwen2-7b-ov-hf,proxy_anchor,1.0,20260506
13.0,7.161228858623058,llava-onevision-qwen2-7b-ov-hf,proxy_anchor,1.0,20260506
14.0,8.431016515646794,llava-onevision-qwen2-7b-ov-hf,proxy_anchor,1.0,20260506
15.0,7.423826523975112,llava-onevision-qwen2-7b-ov-hf,proxy_anchor,1.0,20260506
16.0,5.26360881151465,llava-onevision-qwen2-7b-ov-hf,proxy_anchor,1.0,20260506
17.0,5.020157477021728,llava-onevision-qwen2-7b-ov-hf,proxy_anchor,1.0,20260506
18.0,4.837936383820517,llava-onevision-qwen2-7b-ov-hf,proxy_anchor,1.0,20260506
19.0,4.616311562988927,llava-onevision-qwen2-7b-ov-hf,proxy_anchor,1.0,20260506
20.0,5.241741632790807,llava-onevision-qwen2-7b-ov-hf,proxy_anchor,1.0,20260506
1.0,12.255526163931668,llava-onevision-qwen2-7b-ov-hf,proxy_anchor,1.0,20260507
2.0,11.689109392893823,llava-onevision-qwen2-7b-ov-hf,proxy_anchor,1.0,20260507
3.0,11.29206240684492,llava-onevision-qwen2-7b-ov-hf,proxy_anchor,1.0,20260507
4.0,10.78568354267763,llava-onevision-qwen2-7b-ov-hf,proxy_anchor,1.0,20260507
5.0,10.277336310091501,llava-onevision-qwen2-7b-ov-hf,proxy_anchor,1.0,20260507
6.0,9.575847135566399,llava-onevision-qwen2-7b-ov-hf,proxy_anchor,1.0,20260507
7.0,9.100921089539327,llava-onevision-qwen2-7b-ov-hf,proxy_anchor,1.0,20260507
8.0,8.744400819102633,llava-onevision-qwen2-7b-ov-hf,proxy_anchor,1.0,20260507
9.0,8.275613252115742,llava-onevision-qwen2-7b-ov-hf,proxy_anchor,1.0,20260507
10.0,6.709854728417263,llava-onevision-qwen2-7b-ov-hf,proxy_anchor,1.0,20260507
11.0,9.482315597111498,llava-onevision-qwen2-7b-ov-hf,proxy_anchor,1.0,20260507
12.0,9.068542012877742,llava-onevision-qwen2-7b-ov-hf,proxy_anchor,1.0,20260507
13.0,6.176332476224025,llava-onevision-qwen2-7b-ov-hf,proxy_anchor,1.0,20260507
14.0,10.770144289910599,llava-onevision-qwen2-7b-ov-hf,proxy_anchor,1.0,20260507
15.0,8.060935007237992,llava-onevision-qwen2-7b-ov-hf,proxy_anchor,1.0,20260507
16.0,5.1747107819206795,llava-onevision-qwen2-7b-ov-hf,proxy_anchor,1.0,20260507
17.0,11.347258674200821,llava-onevision-qwen2-7b-ov-hf,proxy_anchor,1.0,20260507
18.0,9.494615455383439,llava-onevision-qwen2-7b-ov-hf,proxy_anchor,1.0,20260507
19.0,7.633518535284514,llava-onevision-qwen2-7b-ov-hf,proxy_anchor,1.0,20260507
20.0,3.4769203819651593,llava-onevision-qwen2-7b-ov-hf,proxy_anchor,1.0,20260507
1.0,12.364083191874766,llava-onevision-qwen2-7b-ov-hf,proxy_anchor,1.0,20260508
2.0,11.711824390456528,llava-onevision-qwen2-7b-ov-hf,proxy_anchor,1.0,20260508
3.0,11.140445195766997,llava-onevision-qwen2-7b-ov-hf,proxy_anchor,1.0,20260508
4.0,10.66266236585023,llava-onevision-qwen2-7b-ov-hf,proxy_anchor,1.0,20260508
5.0,9.840910740806486,llava-onevision-qwen2-7b-ov-hf,proxy_anchor,1.0,20260508
6.0,10.261323033517508,llava-onevision-qwen2-7b-ov-hf,proxy_anchor,1.0,20260508
7.0,9.4481297312621,llava-onevision-qwen2-7b-ov-hf,proxy_anchor,1.0,20260508
8.0,8.239097913906814,llava-onevision-qwen2-7b-ov-hf,proxy_anchor,1.0,20260508
9.0,7.925002612985972,llava-onevision-qwen2-7b-ov-hf,proxy_anchor,1.0,20260508
10.0,8.746178913404647,llava-onevision-qwen2-7b-ov-hf,proxy_anchor,1.0,20260508
11.0,6.395387853912069,llava-onevision-qwen2-7b-ov-hf,proxy_anchor,1.0,20260508
12.0,13.709210355706313,llava-onevision-qwen2-7b-ov-hf,proxy_anchor,1.0,20260508
13.0,8.3945740367387,llava-onevision-qwen2-7b-ov-hf,proxy_anchor,1.0,20260508
14.0,7.0599707231447155,llava-onevision-qwen2-7b-ov-hf,proxy_anchor,1.0,20260508
15.0,5.342052893779254,llava-onevision-qwen2-7b-ov-hf,proxy_anchor,1.0,20260508
16.0,3.9010534465418027,llava-onevision-qwen2-7b-ov-hf,proxy_anchor,1.0,20260508
17.0,6.581826608747177,llava-onevision-qwen2-7b-ov-hf,proxy_anchor,1.0,20260508
18.0,4.689882767887927,llava-onevision-qwen2-7b-ov-hf,proxy_anchor,1.0,20260508
19.0,1.851328228791935,llava-onevision-qwen2-7b-ov-hf,proxy_anchor,1.0,20260508
20.0,11.140107030923767,llava-onevision-qwen2-7b-ov-hf,proxy_anchor,1.0,20260508
1.0,11.158172104433216,llava-onevision-qwen2-7b-ov-hf,proxy_anchor,0.5,20260506
2.0,11.21528766755261,llava-onevision-qwen2-7b-ov-hf,proxy_anchor,0.5,20260506
3.0,10.965619050558258,llava-onevision-qwen2-7b-ov-hf,proxy_anchor,0.5,20260506
4.0,10.479700700739357,llava-onevision-qwen2-7b-ov-hf,proxy_anchor,0.5,20260506
5.0,9.94378503342887,llava-onevision-qwen2-7b-ov-hf,proxy_anchor,0.5,20260506
6.0,9.31148242632711,llava-onevision-qwen2-7b-ov-hf,proxy_anchor,0.5,20260506
7.0,9.034861997724619,llava-onevision-qwen2-7b-ov-hf,proxy_anchor,0.5,20260506
8.0,9.498509615766642,llava-onevision-qwen2-7b-ov-hf,proxy_anchor,0.5,20260506
9.0,8.934655032116348,llava-onevision-qwen2-7b-ov-hf,proxy_anchor,0.5,20260506
10.0,9.770507718647888,llava-onevision-qwen2-7b-ov-hf,proxy_anchor,0.5,20260506
11.0,11.517983654106292,llava-onevision-qwen2-7b-ov-hf,proxy_anchor,0.5,20260506
12.0,7.079516398851716,llava-onevision-qwen2-7b-ov-hf,proxy_anchor,0.5,20260506
13.0,9.85501303689899,llava-onevision-qwen2-7b-ov-hf,proxy_anchor,0.5,20260506
14.0,6.374515409635304,llava-onevision-qwen2-7b-ov-hf,proxy_anchor,0.5,20260506
15.0,4.895791272855405,llava-onevision-qwen2-7b-ov-hf,proxy_anchor,0.5,20260506
16.0,4.3399974640243055,llava-onevision-qwen2-7b-ov-hf,proxy_anchor,0.5,20260506
17.0,5.961756093541806,llava-onevision-qwen2-7b-ov-hf,proxy_anchor,0.5,20260506
18.0,8.413362517394411,llava-onevision-qwen2-7b-ov-hf,proxy_anchor,0.5,20260506
19.0,6.268425186006672,llava-onevision-qwen2-7b-ov-hf,proxy_anchor,0.5,20260506
20.0,3.5765181282883187,llava-onevision-qwen2-7b-ov-hf,proxy_anchor,0.5,20260506
1.0,12.171758887341303,llava-onevision-qwen2-7b-ov-hf,proxy_anchor,0.5,20260507
2.0,11.539774942618036,llava-onevision-qwen2-7b-ov-hf,proxy_anchor,0.5,20260507
3.0,10.606813840900307,llava-onevision-qwen2-7b-ov-hf,proxy_anchor,0.5,20260507
4.0,10.205983527558452,llava-onevision-qwen2-7b-ov-hf,proxy_anchor,0.5,20260507
5.0,10.428970400215356,llava-onevision-qwen2-7b-ov-hf,proxy_anchor,0.5,20260507
6.0,9.757775577015293,llava-onevision-qwen2-7b-ov-hf,proxy_anchor,0.5,20260507
7.0,9.431512809911794,llava-onevision-qwen2-7b-ov-hf,proxy_anchor,0.5,20260507
8.0,10.190311281574743,llava-onevision-qwen2-7b-ov-hf,proxy_anchor,0.5,20260507
9.0,9.038889918554629,llava-onevision-qwen2-7b-ov-hf,proxy_anchor,0.5,20260507
10.0,8.751328847763906,llava-onevision-qwen2-7b-ov-hf,proxy_anchor,0.5,20260507
11.0,7.4944934683662385,llava-onevision-qwen2-7b-ov-hf,proxy_anchor,0.5,20260507
12.0,10.452363098785854,llava-onevision-qwen2-7b-ov-hf,proxy_anchor,0.5,20260507
13.0,8.757352959370381,llava-onevision-qwen2-7b-ov-hf,proxy_anchor,0.5,20260507
14.0,9.4686710715966,llava-onevision-qwen2-7b-ov-hf,proxy_anchor,0.5,20260507
15.0,8.24890140983644,llava-onevision-qwen2-7b-ov-hf,proxy_anchor,0.5,20260507
16.0,7.844395022096541,llava-onevision-qwen2-7b-ov-hf,proxy_anchor,0.5,20260507
1.0,12.20831871521528,llava-onevision-qwen2-7b-ov-hf,proxy_anchor,0.5,20260508
2.0,11.096543912824028,llava-onevision-qwen2-7b-ov-hf,proxy_anchor,0.5,20260508
3.0,10.680197910795696,llava-onevision-qwen2-7b-ov-hf,proxy_anchor,0.5,20260508
4.0,10.081570271404507,llava-onevision-qwen2-7b-ov-hf,proxy_anchor,0.5,20260508
5.0,9.640118583540376,llava-onevision-qwen2-7b-ov-hf,proxy_anchor,0.5,20260508
6.0,9.273281029955905,llava-onevision-qwen2-7b-ov-hf,proxy_anchor,0.5,20260508
7.0,9.912059615783848,llava-onevision-qwen2-7b-ov-hf,proxy_anchor,0.5,20260508
8.0,8.116394086656419,llava-onevision-qwen2-7b-ov-hf,proxy_anchor,0.5,20260508
9.0,8.171374006677077,llava-onevision-qwen2-7b-ov-hf,proxy_anchor,0.5,20260508
10.0,8.74503226074911,llava-onevision-qwen2-7b-ov-hf,proxy_anchor,0.5,20260508
11.0,8.435453141968352,llava-onevision-qwen2-7b-ov-hf,proxy_anchor,0.5,20260508
12.0,6.205176688291549,llava-onevision-qwen2-7b-ov-hf,proxy_anchor,0.5,20260508
13.0,9.796452419138273,llava-onevision-qwen2-7b-ov-hf,proxy_anchor,0.5,20260508
14.0,7.524184321819483,llava-onevision-qwen2-7b-ov-hf,proxy_anchor,0.5,20260508
15.0,7.007883749394341,llava-onevision-qwen2-7b-ov-hf,proxy_anchor,0.5,20260508
16.0,7.825144689062324,llava-onevision-qwen2-7b-ov-hf,proxy_anchor,0.5,20260508
17.0,6.601382263130802,llava-onevision-qwen2-7b-ov-hf,proxy_anchor,0.5,20260508
1.0,11.317461123292626,llava-onevision-qwen2-7b-ov-hf,proxy_anchor,0.25,20260506
2.0,9.99459006257966,llava-onevision-qwen2-7b-ov-hf,proxy_anchor,0.25,20260506
3.0,9.629859481266003,llava-onevision-qwen2-7b-ov-hf,proxy_anchor,0.25,20260506
4.0,10.012540527730447,llava-onevision-qwen2-7b-ov-hf,proxy_anchor,0.25,20260506
5.0,9.351093117137086,llava-onevision-qwen2-7b-ov-hf,proxy_anchor,0.25,20260506
6.0,9.50044640158078,llava-onevision-qwen2-7b-ov-hf,proxy_anchor,0.25,20260506
7.0,10.114807582684564,llava-onevision-qwen2-7b-ov-hf,proxy_anchor,0.25,20260506
8.0,9.518124595612003,llava-onevision-qwen2-7b-ov-hf,proxy_anchor,0.25,20260506
9.0,9.274253701066243,llava-onevision-qwen2-7b-ov-hf,proxy_anchor,0.25,20260506
10.0,9.666092132270444,llava-onevision-qwen2-7b-ov-hf,proxy_anchor,0.25,20260506
11.0,8.949326415193891,llava-onevision-qwen2-7b-ov-hf,proxy_anchor,0.25,20260506
12.0,8.220590741004875,llava-onevision-qwen2-7b-ov-hf,proxy_anchor,0.25,20260506
13.0,8.2384289896146,llava-onevision-qwen2-7b-ov-hf,proxy_anchor,0.25,20260506
14.0,9.110979390754729,llava-onevision-qwen2-7b-ov-hf,proxy_anchor,0.25,20260506
15.0,8.164016463573446,llava-onevision-qwen2-7b-ov-hf,proxy_anchor,0.25,20260506
16.0,7.636660060007657,llava-onevision-qwen2-7b-ov-hf,proxy_anchor,0.25,20260506
17.0,12.378554468103117,llava-onevision-qwen2-7b-ov-hf,proxy_anchor,0.25,20260506
18.0,8.548502283809041,llava-onevision-qwen2-7b-ov-hf,proxy_anchor,0.25,20260506
19.0,6.817420493047429,llava-onevision-qwen2-7b-ov-hf,proxy_anchor,0.25,20260506
20.0,8.175544063468905,llava-onevision-qwen2-7b-ov-hf,proxy_anchor,0.25,20260506
1.0,11.984358219573872,llava-onevision-qwen2-7b-ov-hf,proxy_anchor,0.25,20260507
2.0,9.540268384365262,llava-onevision-qwen2-7b-ov-hf,proxy_anchor,0.25,20260507
3.0,9.574806046325598,llava-onevision-qwen2-7b-ov-hf,proxy_anchor,0.25,20260507
4.0,9.764672036623505,llava-onevision-qwen2-7b-ov-hf,proxy_anchor,0.25,20260507
5.0,10.108110939096905,llava-onevision-qwen2-7b-ov-hf,proxy_anchor,0.25,20260507
6.0,9.32056900090508,llava-onevision-qwen2-7b-ov-hf,proxy_anchor,0.25,20260507
7.0,9.478891172919559,llava-onevision-qwen2-7b-ov-hf,proxy_anchor,0.25,20260507
8.0,8.24976821755882,llava-onevision-qwen2-7b-ov-hf,proxy_anchor,0.25,20260507
9.0,8.073055427386244,llava-onevision-qwen2-7b-ov-hf,proxy_anchor,0.25,20260507
10.0,11.627295297154598,llava-onevision-qwen2-7b-ov-hf,proxy_anchor,0.25,20260507
11.0,9.11193294838776,llava-onevision-qwen2-7b-ov-hf,proxy_anchor,0.25,20260507
12.0,8.57003212468335,llava-onevision-qwen2-7b-ov-hf,proxy_anchor,0.25,20260507
13.0,9.282284414795964,llava-onevision-qwen2-7b-ov-hf,proxy_anchor,0.25,20260507
14.0,8.308870253218894,llava-onevision-qwen2-7b-ov-hf,proxy_anchor,0.25,20260507
1.0,10.393710439846995,llava-onevision-qwen2-7b-ov-hf,proxy_anchor,0.25,20260508
2.0,9.642811756816126,llava-onevision-qwen2-7b-ov-hf,proxy_anchor,0.25,20260508
3.0,10.85940504542672,llava-onevision-qwen2-7b-ov-hf,proxy_anchor,0.25,20260508
4.0,9.651705085630098,llava-onevision-qwen2-7b-ov-hf,proxy_anchor,0.25,20260508
5.0,9.629503046908303,llava-onevision-qwen2-7b-ov-hf,proxy_anchor,0.25,20260508
6.0,9.322660192273093,llava-onevision-qwen2-7b-ov-hf,proxy_anchor,0.25,20260508
7.0,9.0619623067461,llava-onevision-qwen2-7b-ov-hf,proxy_anchor,0.25,20260508
8.0,8.004870175390488,llava-onevision-qwen2-7b-ov-hf,proxy_anchor,0.25,20260508
9.0,7.262116524363662,llava-onevision-qwen2-7b-ov-hf,proxy_anchor,0.25,20260508
10.0,6.654354057263921,llava-onevision-qwen2-7b-ov-hf,proxy_anchor,0.25,20260508
11.0,6.3090777788354595,llava-onevision-qwen2-7b-ov-hf,proxy_anchor,0.25,20260508
12.0,6.222283372467175,llava-onevision-qwen2-7b-ov-hf,proxy_anchor,0.25,20260508
13.0,7.9178294755705325,llava-onevision-qwen2-7b-ov-hf,proxy_anchor,0.25,20260508
14.0,5.042339865417268,llava-onevision-qwen2-7b-ov-hf,proxy_anchor,0.25,20260508
15.0,8.102802660542617,llava-onevision-qwen2-7b-ov-hf,proxy_anchor,0.25,20260508
16.0,5.331160468922387,llava-onevision-qwen2-7b-ov-hf,proxy_anchor,0.25,20260508
17.0,2.8736435458071856,llava-onevision-qwen2-7b-ov-hf,proxy_anchor,0.25,20260508
18.0,4.429887124232491,llava-onevision-qwen2-7b-ov-hf,proxy_anchor,0.25,20260508
19.0,2.216834277044751,llava-onevision-qwen2-7b-ov-hf,proxy_anchor,0.25,20260508
20.0,0.43716532039700057,llava-onevision-qwen2-7b-ov-hf,proxy_anchor,0.25,20260508
1.0,12.791494127014774,qwen3-vl-8b,proxy_anchor,1.0,20260506
2.0,12.15896128553841,qwen3-vl-8b,proxy_anchor,1.0,20260506
3.0,11.750990220649758,qwen3-vl-8b,proxy_anchor,1.0,20260506
4.0,11.743878809291514,qwen3-vl-8b,proxy_anchor,1.0,20260506
5.0,11.16149415442692,qwen3-vl-8b,proxy_anchor,1.0,20260506
6.0,11.376521993282452,qwen3-vl-8b,proxy_anchor,1.0,20260506
7.0,10.962434408293298,qwen3-vl-8b,proxy_anchor,1.0,20260506
8.0,10.723705914751369,qwen3-vl-8b,proxy_anchor,1.0,20260506
9.0,10.465106703408399,qwen3-vl-8b,proxy_anchor,1.0,20260506
10.0,10.565755739643347,qwen3-vl-8b,proxy_anchor,1.0,20260506
11.0,9.831193268359007,qwen3-vl-8b,proxy_anchor,1.0,20260506
12.0,10.532384211094536,qwen3-vl-8b,proxy_anchor,1.0,20260506
13.0,10.166358558137214,qwen3-vl-8b,proxy_anchor,1.0,20260506
14.0,10.250704064680704,qwen3-vl-8b,proxy_anchor,1.0,20260506
15.0,9.22755487288662,qwen3-vl-8b,proxy_anchor,1.0,20260506
16.0,9.214180025263648,qwen3-vl-8b,proxy_anchor,1.0,20260506
17.0,8.77904822431018,qwen3-vl-8b,proxy_anchor,1.0,20260506
18.0,10.180183954095122,qwen3-vl-8b,proxy_anchor,1.0,20260506
19.0,9.17788908972812,qwen3-vl-8b,proxy_anchor,1.0,20260506
20.0,12.24797812131182,qwen3-vl-8b,proxy_anchor,1.0,20260506
1.0,12.69547156329131,qwen3-vl-8b,proxy_anchor,1.0,20260507
2.0,12.187257862570299,qwen3-vl-8b,proxy_anchor,1.0,20260507
3.0,11.96430981314961,qwen3-vl-8b,proxy_anchor,1.0,20260507
4.0,11.67807713609245,qwen3-vl-8b,proxy_anchor,1.0,20260507
5.0,11.70392377556269,qwen3-vl-8b,proxy_anchor,1.0,20260507
6.0,11.262090969085694,qwen3-vl-8b,proxy_anchor,1.0,20260507
7.0,12.047532185118403,qwen3-vl-8b,proxy_anchor,1.0,20260507
8.0,10.992847505885752,qwen3-vl-8b,proxy_anchor,1.0,20260507
9.0,10.363203933370773,qwen3-vl-8b,proxy_anchor,1.0,20260507
10.0,10.025635138468527,qwen3-vl-8b,proxy_anchor,1.0,20260507
11.0,9.950588320248091,qwen3-vl-8b,proxy_anchor,1.0,20260507
12.0,9.882255252282224,qwen3-vl-8b,proxy_anchor,1.0,20260507
13.0,10.884600831036591,qwen3-vl-8b,proxy_anchor,1.0,20260507
14.0,9.512192939873318,qwen3-vl-8b,proxy_anchor,1.0,20260507
15.0,10.121503822288322,qwen3-vl-8b,proxy_anchor,1.0,20260507
16.0,9.464050893448105,qwen3-vl-8b,proxy_anchor,1.0,20260507
17.0,9.494723769528182,qwen3-vl-8b,proxy_anchor,1.0,20260507
18.0,8.575009096806971,qwen3-vl-8b,proxy_anchor,1.0,20260507
19.0,8.380372048862016,qwen3-vl-8b,proxy_anchor,1.0,20260507
20.0,8.254735859914042,qwen3-vl-8b,proxy_anchor,1.0,20260507
1.0,12.585865116598619,qwen3-vl-8b,proxy_anchor,1.0,20260508
2.0,12.145967648376772,qwen3-vl-8b,proxy_anchor,1.0,20260508
3.0,11.70480522462471,qwen3-vl-8b,proxy_anchor,1.0,20260508
4.0,11.372839600836212,qwen3-vl-8b,proxy_anchor,1.0,20260508
5.0,11.520552670656137,qwen3-vl-8b,proxy_anchor,1.0,20260508
6.0,11.306940561802543,qwen3-vl-8b,proxy_anchor,1.0,20260508
7.0,10.66204947850213,qwen3-vl-8b,proxy_anchor,1.0,20260508
8.0,10.309096118792816,qwen3-vl-8b,proxy_anchor,1.0,20260508
9.0,10.437658435495655,qwen3-vl-8b,proxy_anchor,1.0,20260508
10.0,9.121082602074399,qwen3-vl-8b,proxy_anchor,1.0,20260508
11.0,11.791569358020572,qwen3-vl-8b,proxy_anchor,1.0,20260508
12.0,10.70754445138289,qwen3-vl-8b,proxy_anchor,1.0,20260508
13.0,9.351075682328574,qwen3-vl-8b,proxy_anchor,1.0,20260508
14.0,10.210860802540228,qwen3-vl-8b,proxy_anchor,1.0,20260508
15.0,9.61110374124805,qwen3-vl-8b,proxy_anchor,1.0,20260508
1.0,12.34157069556767,qwen3-vl-8b,proxy_anchor,0.5,20260506
2.0,11.50891586691447,qwen3-vl-8b,proxy_anchor,0.5,20260506
3.0,11.313974909224305,qwen3-vl-8b,proxy_anchor,0.5,20260506
4.0,10.751286809694106,qwen3-vl-8b,proxy_anchor,0.5,20260506
5.0,12.315692214260846,qwen3-vl-8b,proxy_anchor,0.5,20260506
6.0,10.943719440906689,qwen3-vl-8b,proxy_anchor,0.5,20260506
7.0,11.417310727450392,qwen3-vl-8b,proxy_anchor,0.5,20260506
8.0,10.532031636952864,qwen3-vl-8b,proxy_anchor,0.5,20260506
9.0,10.389058714285033,qwen3-vl-8b,proxy_anchor,0.5,20260506
10.0,9.814271370733053,qwen3-vl-8b,proxy_anchor,0.5,20260506
11.0,11.849686464000287,qwen3-vl-8b,proxy_anchor,0.5,20260506
12.0,10.53522893878224,qwen3-vl-8b,proxy_anchor,0.5,20260506
13.0,10.83778603806388,qwen3-vl-8b,proxy_anchor,0.5,20260506
14.0,10.638292159877519,qwen3-vl-8b,proxy_anchor,0.5,20260506
15.0,9.888826747204979,qwen3-vl-8b,proxy_anchor,0.5,20260506
1.0,12.02045322003061,qwen3-vl-8b,proxy_anchor,0.5,20260507
2.0,11.5292368131007,qwen3-vl-8b,proxy_anchor,0.5,20260507
3.0,12.113512395588524,qwen3-vl-8b,proxy_anchor,0.5,20260507
4.0,11.28667321782827,qwen3-vl-8b,proxy_anchor,0.5,20260507
5.0,11.512683870366466,qwen3-vl-8b,proxy_anchor,0.5,20260507
6.0,11.184713120822789,qwen3-vl-8b,proxy_anchor,0.5,20260507
7.0,11.154510080936753,qwen3-vl-8b,proxy_anchor,0.5,20260507
8.0,11.33990805056061,qwen3-vl-8b,proxy_anchor,0.5,20260507
9.0,10.909072178834762,qwen3-vl-8b,proxy_anchor,0.5,20260507
10.0,10.742765362013047,qwen3-vl-8b,proxy_anchor,0.5,20260507
11.0,10.43641598366614,qwen3-vl-8b,proxy_anchor,0.5,20260507
12.0,11.416692134536023,qwen3-vl-8b,proxy_anchor,0.5,20260507
13.0,11.220648336704262,qwen3-vl-8b,proxy_anchor,0.5,20260507
14.0,10.724946084698123,qwen3-vl-8b,proxy_anchor,0.5,20260507
15.0,10.019583503813225,qwen3-vl-8b,proxy_anchor,0.5,20260507
16.0,10.946387749188245,qwen3-vl-8b,proxy_anchor,0.5,20260507
17.0,10.592592292252997,qwen3-vl-8b,proxy_anchor,0.5,20260507
18.0,9.794612669112501,qwen3-vl-8b,proxy_anchor,0.5,20260507
19.0,9.115068791093767,qwen3-vl-8b,proxy_anchor,0.5,20260507
20.0,14.614317273212409,qwen3-vl-8b,proxy_anchor,0.5,20260507
1.0,11.821205756013153,qwen3-vl-8b,proxy_anchor,0.5,20260508
2.0,11.267828586899524,qwen3-vl-8b,proxy_anchor,0.5,20260508
3.0,11.050809762316318,qwen3-vl-8b,proxy_anchor,0.5,20260508
4.0,10.485600226713647,qwen3-vl-8b,proxy_anchor,0.5,20260508
5.0,10.567084651218547,qwen3-vl-8b,proxy_anchor,0.5,20260508
6.0,10.076168075968843,qwen3-vl-8b,proxy_anchor,0.5,20260508
7.0,9.88200167708818,qwen3-vl-8b,proxy_anchor,0.5,20260508
8.0,10.002977637539654,qwen3-vl-8b,proxy_anchor,0.5,20260508
9.0,9.384254355694969,qwen3-vl-8b,proxy_anchor,0.5,20260508
10.0,9.6946390727707,qwen3-vl-8b,proxy_anchor,0.5,20260508
11.0,9.375698998233865,qwen3-vl-8b,proxy_anchor,0.5,20260508
12.0,8.846361835879222,qwen3-vl-8b,proxy_anchor,0.5,20260508
13.0,7.795722001876674,qwen3-vl-8b,proxy_anchor,0.5,20260508
14.0,10.651253181316525,qwen3-vl-8b,proxy_anchor,0.5,20260508
15.0,8.891946303036669,qwen3-vl-8b,proxy_anchor,0.5,20260508
16.0,10.450280641261978,qwen3-vl-8b,proxy_anchor,0.5,20260508
17.0,10.419069936388082,qwen3-vl-8b,proxy_anchor,0.5,20260508
18.0,8.207229809839378,qwen3-vl-8b,proxy_anchor,0.5,20260508
1.0,11.810714416820643,qwen3-vl-8b,proxy_anchor,0.25,20260506
2.0,10.402002941258349,qwen3-vl-8b,proxy_anchor,0.25,20260506
3.0,10.254488884876848,qwen3-vl-8b,proxy_anchor,0.25,20260506
4.0,10.226382580951638,qwen3-vl-8b,proxy_anchor,0.25,20260506
5.0,10.209031451472237,qwen3-vl-8b,proxy_anchor,0.25,20260506
6.0,10.26263268326748,qwen3-vl-8b,proxy_anchor,0.25,20260506
7.0,9.469598358878832,qwen3-vl-8b,proxy_anchor,0.25,20260506
8.0,9.813658444573363,qwen3-vl-8b,proxy_anchor,0.25,20260506
9.0,9.320810700799123,qwen3-vl-8b,proxy_anchor,0.25,20260506
10.0,9.161294840187313,qwen3-vl-8b,proxy_anchor,0.25,20260506
11.0,9.319751996649444,qwen3-vl-8b,proxy_anchor,0.25,20260506
12.0,8.582566077214896,qwen3-vl-8b,proxy_anchor,0.25,20260506
13.0,9.252198521188955,qwen3-vl-8b,proxy_anchor,0.25,20260506
14.0,9.217285883259636,qwen3-vl-8b,proxy_anchor,0.25,20260506
15.0,9.189394965590006,qwen3-vl-8b,proxy_anchor,0.25,20260506
16.0,9.905889610088607,qwen3-vl-8b,proxy_anchor,0.25,20260506
17.0,7.884301565630051,qwen3-vl-8b,proxy_anchor,0.25,20260506
18.0,8.41525583806654,qwen3-vl-8b,proxy_anchor,0.25,20260506
19.0,8.459131527854174,qwen3-vl-8b,proxy_anchor,0.25,20260506
20.0,7.459692602833132,qwen3-vl-8b,proxy_anchor,0.25,20260506
1.0,11.408324626671197,qwen3-vl-8b,proxy_anchor,0.25,20260507
2.0,11.056467134839956,qwen3-vl-8b,proxy_anchor,0.25,20260507
3.0,11.265640463183194,qwen3-vl-8b,proxy_anchor,0.25,20260507
4.0,11.016064391707781,qwen3-vl-8b,proxy_anchor,0.25,20260507
5.0,8.785408630727423,qwen3-vl-8b,proxy_anchor,0.25,20260507
6.0,10.087927717957152,qwen3-vl-8b,proxy_anchor,0.25,20260507
7.0,10.204993898223952,qwen3-vl-8b,proxy_anchor,0.25,20260507
8.0,9.68815954466465,qwen3-vl-8b,proxy_anchor,0.25,20260507
9.0,9.854311345582978,qwen3-vl-8b,proxy_anchor,0.25,20260507
10.0,9.880329385368887,qwen3-vl-8b,proxy_anchor,0.25,20260507
1.0,11.305466293608147,qwen3-vl-8b,proxy_anchor,0.25,20260508
2.0,10.542754398211335,qwen3-vl-8b,proxy_anchor,0.25,20260508
3.0,10.908844770145466,qwen3-vl-8b,proxy_anchor,0.25,20260508
4.0,10.473581161657393,qwen3-vl-8b,proxy_anchor,0.25,20260508
5.0,10.098924234486269,qwen3-vl-8b,proxy_anchor,0.25,20260508
6.0,10.255557106514948,qwen3-vl-8b,proxy_anchor,0.25,20260508
7.0,10.897642638934482,qwen3-vl-8b,proxy_anchor,0.25,20260508
8.0,10.196456640200969,qwen3-vl-8b,proxy_anchor,0.25,20260508
9.0,9.565126362153762,qwen3-vl-8b,proxy_anchor,0.25,20260508
10.0,9.706392553474968,qwen3-vl-8b,proxy_anchor,0.25,20260508
11.0,8.9327696345125,qwen3-vl-8b,proxy_anchor,0.25,20260508
12.0,11.580800065705983,qwen3-vl-8b,proxy_anchor,0.25,20260508
13.0,10.693400429268854,qwen3-vl-8b,proxy_anchor,0.25,20260508
14.0,8.584291335054179,qwen3-vl-8b,proxy_anchor,0.25,20260508
15.0,9.772726241825898,qwen3-vl-8b,proxy_anchor,0.25,20260508
16.0,9.708947133448808,qwen3-vl-8b,proxy_anchor,0.25,20260508
17.0,8.533238488649172,qwen3-vl-8b,proxy_anchor,0.25,20260508
18.0,9.304092568069402,qwen3-vl-8b,proxy_anchor,0.25,20260508
19.0,8.80593496163583,qwen3-vl-8b,proxy_anchor,0.25,20260508
20.0,8.17699283902733,qwen3-vl-8b,proxy_anchor,0.25,20260508
1.0,13.679083166898875,internvl3.5-8b,proxy_anchor,1.0,20260506
2.0,13.101260304421489,internvl3.5-8b,proxy_anchor,1.0,20260506
3.0,12.820173697789038,internvl3.5-8b,proxy_anchor,1.0,20260506
4.0,12.10554849425922,internvl3.5-8b,proxy_anchor,1.0,20260506
5.0,12.324645181423188,internvl3.5-8b,proxy_anchor,1.0,20260506
6.0,11.540464470628995,internvl3.5-8b,proxy_anchor,1.0,20260506
7.0,11.996369472325247,internvl3.5-8b,proxy_anchor,1.0,20260506
8.0,11.394622365663146,internvl3.5-8b,proxy_anchor,1.0,20260506
9.0,11.720818563724206,internvl3.5-8b,proxy_anchor,1.0,20260506
10.0,11.108249074307682,internvl3.5-8b,proxy_anchor,1.0,20260506
11.0,11.130996685693596,internvl3.5-8b,proxy_anchor,1.0,20260506
12.0,9.935119926265726,internvl3.5-8b,proxy_anchor,1.0,20260506
13.0,10.82479436100783,internvl3.5-8b,proxy_anchor,1.0,20260506
14.0,9.867645426983586,internvl3.5-8b,proxy_anchor,1.0,20260506
15.0,10.501228099823942,internvl3.5-8b,proxy_anchor,1.0,20260506
16.0,10.138990655685232,internvl3.5-8b,proxy_anchor,1.0,20260506
17.0,8.340335748243438,internvl3.5-8b,proxy_anchor,1.0,20260506
18.0,13.007389651286488,internvl3.5-8b,proxy_anchor,1.0,20260506
19.0,9.765880982848094,internvl3.5-8b,proxy_anchor,1.0,20260506
20.0,8.270847985721467,internvl3.5-8b,proxy_anchor,1.0,20260506
1.0,13.658685122997092,internvl3.5-8b,proxy_anchor,1.0,20260507
2.0,13.013131554897868,internvl3.5-8b,proxy_anchor,1.0,20260507
3.0,12.612427559267084,internvl3.5-8b,proxy_anchor,1.0,20260507
4.0,12.294920723794032,internvl3.5-8b,proxy_anchor,1.0,20260507
5.0,11.820857599801695,internvl3.5-8b,proxy_anchor,1.0,20260507
6.0,11.342048282524171,internvl3.5-8b,proxy_anchor,1.0,20260507
7.0,11.093522249546066,internvl3.5-8b,proxy_anchor,1.0,20260507
8.0,12.147899007242643,internvl3.5-8b,proxy_anchor,1.0,20260507
9.0,11.555955303213851,internvl3.5-8b,proxy_anchor,1.0,20260507
10.0,10.564814616653832,internvl3.5-8b,proxy_anchor,1.0,20260507
11.0,10.107028408470617,internvl3.5-8b,proxy_anchor,1.0,20260507
12.0,11.464221962369688,internvl3.5-8b,proxy_anchor,1.0,20260507
13.0,10.731721953571624,internvl3.5-8b,proxy_anchor,1.0,20260507
14.0,9.967194541849969,internvl3.5-8b,proxy_anchor,1.0,20260507
15.0,12.332036582882585,internvl3.5-8b,proxy_anchor,1.0,20260507
16.0,11.007221721770946,internvl3.5-8b,proxy_anchor,1.0,20260507
17.0,8.907950973133143,internvl3.5-8b,proxy_anchor,1.0,20260507
18.0,13.192930675148816,internvl3.5-8b,proxy_anchor,1.0,20260507
19.0,11.101861640563904,internvl3.5-8b,proxy_anchor,1.0,20260507
20.0,8.677093501375383,internvl3.5-8b,proxy_anchor,1.0,20260507
1.0,13.726326823736057,internvl3.5-8b,proxy_anchor,1.0,20260508
2.0,13.150665877214076,internvl3.5-8b,proxy_anchor,1.0,20260508
3.0,12.6920850291697,internvl3.5-8b,proxy_anchor,1.0,20260508
4.0,12.48274555149659,internvl3.5-8b,proxy_anchor,1.0,20260508
5.0,11.781700263133116,internvl3.5-8b,proxy_anchor,1.0,20260508
6.0,11.629937070456215,internvl3.5-8b,proxy_anchor,1.0,20260508
7.0,11.657613189761458,internvl3.5-8b,proxy_anchor,1.0,20260508
8.0,11.173403602341443,internvl3.5-8b,proxy_anchor,1.0,20260508
9.0,10.5251001491608,internvl3.5-8b,proxy_anchor,1.0,20260508
10.0,10.718709546839415,internvl3.5-8b,proxy_anchor,1.0,20260508
11.0,9.890125697569456,internvl3.5-8b,proxy_anchor,1.0,20260508
12.0,11.704833364640095,internvl3.5-8b,proxy_anchor,1.0,20260508
13.0,10.672983074211832,internvl3.5-8b,proxy_anchor,1.0,20260508
14.0,10.55710915969286,internvl3.5-8b,proxy_anchor,1.0,20260508
15.0,13.12041725436227,internvl3.5-8b,proxy_anchor,1.0,20260508
16.0,11.348348313586248,internvl3.5-8b,proxy_anchor,1.0,20260508
1.0,13.18272187453809,internvl3.5-8b,proxy_anchor,0.5,20260506
2.0,13.091559782928822,internvl3.5-8b,proxy_anchor,0.5,20260506
3.0,12.657326754808118,internvl3.5-8b,proxy_anchor,0.5,20260506
4.0,12.419688530387731,internvl3.5-8b,proxy_anchor,0.5,20260506
5.0,12.13980356527331,internvl3.5-8b,proxy_anchor,0.5,20260506
6.0,12.423494116424127,internvl3.5-8b,proxy_anchor,0.5,20260506
7.0,11.85738331559096,internvl3.5-8b,proxy_anchor,0.5,20260506
8.0,11.516261767354079,internvl3.5-8b,proxy_anchor,0.5,20260506
9.0,11.02805115451788,internvl3.5-8b,proxy_anchor,0.5,20260506
10.0,10.871120946250018,internvl3.5-8b,proxy_anchor,0.5,20260506
11.0,10.804261947325871,internvl3.5-8b,proxy_anchor,0.5,20260506
12.0,11.347137256735818,internvl3.5-8b,proxy_anchor,0.5,20260506
13.0,10.312547416489615,internvl3.5-8b,proxy_anchor,0.5,20260506
14.0,9.94772817530268,internvl3.5-8b,proxy_anchor,0.5,20260506
15.0,10.533049117331363,internvl3.5-8b,proxy_anchor,0.5,20260506
16.0,9.256506338033146,internvl3.5-8b,proxy_anchor,0.5,20260506
17.0,9.797276659739742,internvl3.5-8b,proxy_anchor,0.5,20260506
18.0,10.010347523757126,internvl3.5-8b,proxy_anchor,0.5,20260506
19.0,8.441692421923634,internvl3.5-8b,proxy_anchor,0.5,20260506
20.0,8.383179798286605,internvl3.5-8b,proxy_anchor,0.5,20260506
1.0,12.947672201652576,internvl3.5-8b,proxy_anchor,0.5,20260507
2.0,12.713728166952787,internvl3.5-8b,proxy_anchor,0.5,20260507
3.0,12.685811496798774,internvl3.5-8b,proxy_anchor,0.5,20260507
4.0,12.155818910463044,internvl3.5-8b,proxy_anchor,0.5,20260507
5.0,12.387445788611725,internvl3.5-8b,proxy_anchor,0.5,20260507
6.0,11.76427093866109,internvl3.5-8b,proxy_anchor,0.5,20260507
7.0,11.584887423521488,internvl3.5-8b,proxy_anchor,0.5,20260507
8.0,11.129492127787405,internvl3.5-8b,proxy_anchor,0.5,20260507
9.0,10.727959253624524,internvl3.5-8b,proxy_anchor,0.5,20260507
10.0,10.999981483913485,internvl3.5-8b,proxy_anchor,0.5,20260507
11.0,10.772617507135113,internvl3.5-8b,proxy_anchor,0.5,20260507
12.0,11.166217160810938,internvl3.5-8b,proxy_anchor,0.5,20260507
13.0,9.814529506355177,internvl3.5-8b,proxy_anchor,0.5,20260507
14.0,11.545371857281644,internvl3.5-8b,proxy_anchor,0.5,20260507
15.0,9.986017351286224,internvl3.5-8b,proxy_anchor,0.5,20260507
16.0,9.390421879461172,internvl3.5-8b,proxy_anchor,0.5,20260507
17.0,9.240291575225791,internvl3.5-8b,proxy_anchor,0.5,20260507
18.0,7.840320037505837,internvl3.5-8b,proxy_anchor,0.5,20260507
19.0,8.80659382500593,internvl3.5-8b,proxy_anchor,0.5,20260507
20.0,6.910543753412995,internvl3.5-8b,proxy_anchor,0.5,20260507
1.0,13.195679650300534,internvl3.5-8b,proxy_anchor,0.5,20260508
2.0,12.544511405184846,internvl3.5-8b,proxy_anchor,0.5,20260508
3.0,12.346259096893272,internvl3.5-8b,proxy_anchor,0.5,20260508
4.0,11.976066200483354,internvl3.5-8b,proxy_anchor,0.5,20260508
5.0,12.165135140560885,internvl3.5-8b,proxy_anchor,0.5,20260508
6.0,11.694343615010053,internvl3.5-8b,proxy_anchor,0.5,20260508
7.0,13.110596138755533,internvl3.5-8b,proxy_anchor,0.5,20260508
8.0,11.606968028918583,internvl3.5-8b,proxy_anchor,0.5,20260508
9.0,11.71870007039967,internvl3.5-8b,proxy_anchor,0.5,20260508
10.0,11.582571251241232,internvl3.5-8b,proxy_anchor,0.5,20260508
11.0,10.75008951121746,internvl3.5-8b,proxy_anchor,0.5,20260508
12.0,10.801816999033228,internvl3.5-8b,proxy_anchor,0.5,20260508
13.0,10.36805526207829,internvl3.5-8b,proxy_anchor,0.5,20260508
14.0,9.702782422173069,internvl3.5-8b,proxy_anchor,0.5,20260508
15.0,9.92876909978948,internvl3.5-8b,proxy_anchor,0.5,20260508
16.0,9.80491843562848,internvl3.5-8b,proxy_anchor,0.5,20260508
17.0,9.162854793247554,internvl3.5-8b,proxy_anchor,0.5,20260508
18.0,8.499225084223383,internvl3.5-8b,proxy_anchor,0.5,20260508
19.0,9.134820764894473,internvl3.5-8b,proxy_anchor,0.5,20260508
20.0,7.949632542970726,internvl3.5-8b,proxy_anchor,0.5,20260508
1.0,12.644781175289705,internvl3.5-8b,proxy_anchor,0.25,20260506
2.0,12.12178811529562,internvl3.5-8b,proxy_anchor,0.25,20260506
3.0,11.773900523904079,internvl3.5-8b,proxy_anchor,0.25,20260506
4.0,11.61124701521401,internvl3.5-8b,proxy_anchor,0.25,20260506
5.0,11.269177197715672,internvl3.5-8b,proxy_anchor,0.25,20260506
6.0,11.142942694718792,internvl3.5-8b,proxy_anchor,0.25,20260506
7.0,10.42781131886792,internvl3.5-8b,proxy_anchor,0.25,20260506
8.0,11.384184358610437,internvl3.5-8b,proxy_anchor,0.25,20260506
9.0,10.145459649043326,internvl3.5-8b,proxy_anchor,0.25,20260506
10.0,9.549472838379828,internvl3.5-8b,proxy_anchor,0.25,20260506
11.0,11.01096454738529,internvl3.5-8b,proxy_anchor,0.25,20260506
12.0,11.156941664607114,internvl3.5-8b,proxy_anchor,0.25,20260506
13.0,9.517532773834706,internvl3.5-8b,proxy_anchor,0.25,20260506
14.0,8.36830140069139,internvl3.5-8b,proxy_anchor,0.25,20260506
15.0,8.149646042578114,internvl3.5-8b,proxy_anchor,0.25,20260506
16.0,8.161148159157387,internvl3.5-8b,proxy_anchor,0.25,20260506
17.0,7.312420147892531,internvl3.5-8b,proxy_anchor,0.25,20260506
18.0,6.6727915959822806,internvl3.5-8b,proxy_anchor,0.25,20260506
19.0,7.039554734062132,internvl3.5-8b,proxy_anchor,0.25,20260506
20.0,8.913652286221497,internvl3.5-8b,proxy_anchor,0.25,20260506
1.0,12.493987035208479,internvl3.5-8b,proxy_anchor,0.25,20260507
2.0,11.652149147415464,internvl3.5-8b,proxy_anchor,0.25,20260507
3.0,11.291379874554897,internvl3.5-8b,proxy_anchor,0.25,20260507
4.0,10.996001015588156,internvl3.5-8b,proxy_anchor,0.25,20260507
5.0,10.955096738187605,internvl3.5-8b,proxy_anchor,0.25,20260507
6.0,10.14368894865881,internvl3.5-8b,proxy_anchor,0.25,20260507
7.0,9.89235009659779,internvl3.5-8b,proxy_anchor,0.25,20260507
8.0,10.319062230193744,internvl3.5-8b,proxy_anchor,0.25,20260507
9.0,9.32554771043587,internvl3.5-8b,proxy_anchor,0.25,20260507
10.0,9.139264860448618,internvl3.5-8b,proxy_anchor,0.25,20260507
11.0,8.928008694228339,internvl3.5-8b,proxy_anchor,0.25,20260507
12.0,8.738290803660341,internvl3.5-8b,proxy_anchor,0.25,20260507
13.0,11.628225472480302,internvl3.5-8b,proxy_anchor,0.25,20260507
14.0,9.72380825814855,internvl3.5-8b,proxy_anchor,0.25,20260507
15.0,7.29102068898032,internvl3.5-8b,proxy_anchor,0.25,20260507
16.0,6.359918847360528,internvl3.5-8b,proxy_anchor,0.25,20260507
17.0,12.376071227742528,internvl3.5-8b,proxy_anchor,0.25,20260507
18.0,10.032029552121374,internvl3.5-8b,proxy_anchor,0.25,20260507
19.0,7.842869838394436,internvl3.5-8b,proxy_anchor,0.25,20260507
20.0,6.274614603518809,internvl3.5-8b,proxy_anchor,0.25,20260507
1.0,12.438831826761218,internvl3.5-8b,proxy_anchor,0.25,20260508
2.0,11.744412950400104,internvl3.5-8b,proxy_anchor,0.25,20260508
3.0,11.510611541946004,internvl3.5-8b,proxy_anchor,0.25,20260508
4.0,11.293935323790453,internvl3.5-8b,proxy_anchor,0.25,20260508
5.0,11.35927505079072,internvl3.5-8b,proxy_anchor,0.25,20260508
6.0,10.944032719313924,internvl3.5-8b,proxy_anchor,0.25,20260508
7.0,10.377549527465966,internvl3.5-8b,proxy_anchor,0.25,20260508
8.0,10.974408693846364,internvl3.5-8b,proxy_anchor,0.25,20260508
9.0,10.24967285208769,internvl3.5-8b,proxy_anchor,0.25,20260508
10.0,9.89602472720905,internvl3.5-8b,proxy_anchor,0.25,20260508
11.0,8.873360531842042,internvl3.5-8b,proxy_anchor,0.25,20260508
12.0,8.50719418069942,internvl3.5-8b,proxy_anchor,0.25,20260508
13.0,8.80503281923334,internvl3.5-8b,proxy_anchor,0.25,20260508
14.0,6.951358784308723,internvl3.5-8b,proxy_anchor,0.25,20260508
15.0,8.163198154440373,internvl3.5-8b,proxy_anchor,0.25,20260508
16.0,6.385809325906755,internvl3.5-8b,proxy_anchor,0.25,20260508
17.0,8.836185589144714,internvl3.5-8b,proxy_anchor,0.25,20260508
18.0,9.220696866401832,internvl3.5-8b,proxy_anchor,0.25,20260508
19.0,7.378848639183459,internvl3.5-8b,proxy_anchor,0.25,20260508
20.0,6.682295524793104,internvl3.5-8b,proxy_anchor,0.25,20260508
1.0,11.782686519315495,internvl3.5-8b,proxy_anchor,0.1,20260506
2.0,11.101255564377208,internvl3.5-8b,proxy_anchor,0.1,20260506
3.0,10.841171348645531,internvl3.5-8b,proxy_anchor,0.1,20260506
4.0,10.539484169506233,internvl3.5-8b,proxy_anchor,0.1,20260506
5.0,10.54455125728816,internvl3.5-8b,proxy_anchor,0.1,20260506
6.0,10.271720910814985,internvl3.5-8b,proxy_anchor,0.1,20260506
7.0,9.680923682662522,internvl3.5-8b,proxy_anchor,0.1,20260506
8.0,9.553105854194223,internvl3.5-8b,proxy_anchor,0.1,20260506
9.0,9.597595686046956,internvl3.5-8b,proxy_anchor,0.1,20260506
10.0,9.135384999591734,internvl3.5-8b,proxy_anchor,0.1,20260506
11.0,8.597320052658064,internvl3.5-8b,proxy_anchor,0.1,20260506
12.0,9.202408015151796,internvl3.5-8b,proxy_anchor,0.1,20260506
13.0,8.287415710350881,internvl3.5-8b,proxy_anchor,0.1,20260506
14.0,7.378403422911877,internvl3.5-8b,proxy_anchor,0.1,20260506
15.0,6.3102130439176465,internvl3.5-8b,proxy_anchor,0.1,20260506
16.0,8.124242937782526,internvl3.5-8b,proxy_anchor,0.1,20260506
17.0,7.483205074142308,internvl3.5-8b,proxy_anchor,0.1,20260506
18.0,7.839996767095285,internvl3.5-8b,proxy_anchor,0.1,20260506
19.0,5.821996059504794,internvl3.5-8b,proxy_anchor,0.1,20260506
20.0,8.989447456425422,internvl3.5-8b,proxy_anchor,0.1,20260506
1.0,12.29842671928037,internvl3.5-8b,proxy_anchor,0.1,20260507
2.0,11.34204885808533,internvl3.5-8b,proxy_anchor,0.1,20260507
3.0,10.661254236444623,internvl3.5-8b,proxy_anchor,0.1,20260507
4.0,9.951603025934238,internvl3.5-8b,proxy_anchor,0.1,20260507
5.0,9.712107764919129,internvl3.5-8b,proxy_anchor,0.1,20260507
6.0,9.943065410910052,internvl3.5-8b,proxy_anchor,0.1,20260507
7.0,10.019361422474223,internvl3.5-8b,proxy_anchor,0.1,20260507
8.0,9.087831160179654,internvl3.5-8b,proxy_anchor,0.1,20260507
9.0,8.727782372373259,internvl3.5-8b,proxy_anchor,0.1,20260507
10.0,7.593000844777206,internvl3.5-8b,proxy_anchor,0.1,20260507
11.0,7.6008838544470665,internvl3.5-8b,proxy_anchor,0.1,20260507
12.0,6.5060791093475965,internvl3.5-8b,proxy_anchor,0.1,20260507
13.0,5.71302824604268,internvl3.5-8b,proxy_anchor,0.1,20260507
14.0,5.713940280336571,internvl3.5-8b,proxy_anchor,0.1,20260507
15.0,7.3553486816609075,internvl3.5-8b,proxy_anchor,0.1,20260507
16.0,8.373605482304262,internvl3.5-8b,proxy_anchor,0.1,20260507
17.0,6.560538586945334,internvl3.5-8b,proxy_anchor,0.1,20260507
18.0,4.465712141145569,internvl3.5-8b,proxy_anchor,0.1,20260507
19.0,3.5932245915225445,internvl3.5-8b,proxy_anchor,0.1,20260507
20.0,2.36934045783047,internvl3.5-8b,proxy_anchor,0.1,20260507
1.0,11.883810563707199,internvl3.5-8b,proxy_anchor,0.1,20260508
2.0,11.999759635146784,internvl3.5-8b,proxy_anchor,0.1,20260508
3.0,9.569969169051255,internvl3.5-8b,proxy_anchor,0.1,20260508
4.0,10.208251386656798,internvl3.5-8b,proxy_anchor,0.1,20260508
5.0,10.308921652116785,internvl3.5-8b,proxy_anchor,0.1,20260508
6.0,9.501984516864944,internvl3.5-8b,proxy_anchor,0.1,20260508
7.0,10.08578906381937,internvl3.5-8b,proxy_anchor,0.1,20260508
8.0,8.70748426168997,internvl3.5-8b,proxy_anchor,0.1,20260508
9.0,9.016031089069763,internvl3.5-8b,proxy_anchor,0.1,20260508
10.0,8.340685890517353,internvl3.5-8b,proxy_anchor,0.1,20260508
11.0,7.219679514908509,internvl3.5-8b,proxy_anchor,0.1,20260508
12.0,7.838953097063796,internvl3.5-8b,proxy_anchor,0.1,20260508
13.0,5.679195188682138,internvl3.5-8b,proxy_anchor,0.1,20260508
14.0,11.495493580926201,internvl3.5-8b,proxy_anchor,0.1,20260508
15.0,7.9029767613149735,internvl3.5-8b,proxy_anchor,0.1,20260508
16.0,7.01725623687023,internvl3.5-8b,proxy_anchor,0.1,20260508
17.0,6.029038802637578,internvl3.5-8b,proxy_anchor,0.1,20260508
18.0,4.024557038661489,internvl3.5-8b,proxy_anchor,0.1,20260508
19.0,6.2274577416615635,internvl3.5-8b,proxy_anchor,0.1,20260508
20.0,5.078969080389251,internvl3.5-8b,proxy_anchor,0.1,20260508
1.0,12.242631607530523,minicpm-v-2_6,proxy_anchor,1.0,20260506
2.0,12.280583088823374,minicpm-v-2_6,proxy_anchor,1.0,20260506
3.0,11.929358846419085,minicpm-v-2_6,proxy_anchor,1.0,20260506
4.0,11.564491570737847,minicpm-v-2_6,proxy_anchor,1.0,20260506
5.0,11.424999478446992,minicpm-v-2_6,proxy_anchor,1.0,20260506
6.0,11.404430458654506,minicpm-v-2_6,proxy_anchor,1.0,20260506
7.0,10.985927692587445,minicpm-v-2_6,proxy_anchor,1.0,20260506
8.0,11.197386800995506,minicpm-v-2_6,proxy_anchor,1.0,20260506
9.0,11.021896748127284,minicpm-v-2_6,proxy_anchor,1.0,20260506
10.0,10.692878323471893,minicpm-v-2_6,proxy_anchor,1.0,20260506
11.0,10.595333128054607,minicpm-v-2_6,proxy_anchor,1.0,20260506
12.0,10.46215743543696,minicpm-v-2_6,proxy_anchor,1.0,20260506
13.0,9.590350978107374,minicpm-v-2_6,proxy_anchor,1.0,20260506
14.0,11.097198458628041,minicpm-v-2_6,proxy_anchor,1.0,20260506
15.0,10.655851661911644,minicpm-v-2_6,proxy_anchor,1.0,20260506
16.0,9.198206058676313,minicpm-v-2_6,proxy_anchor,1.0,20260506
17.0,9.047854657984374,minicpm-v-2_6,proxy_anchor,1.0,20260506
18.0,9.028257815175037,minicpm-v-2_6,proxy_anchor,1.0,20260506
19.0,9.913880982030477,minicpm-v-2_6,proxy_anchor,1.0,20260506
20.0,9.02567319355565,minicpm-v-2_6,proxy_anchor,1.0,20260506
1.0,12.317690402145702,minicpm-v-2_6,proxy_anchor,1.0,20260507
2.0,12.202248019301544,minicpm-v-2_6,proxy_anchor,1.0,20260507
3.0,11.69724830849042,minicpm-v-2_6,proxy_anchor,1.0,20260507
4.0,11.547357618561424,minicpm-v-2_6,proxy_anchor,1.0,20260507
5.0,11.219490575592548,minicpm-v-2_6,proxy_anchor,1.0,20260507
6.0,11.647914162315274,minicpm-v-2_6,proxy_anchor,1.0,20260507
7.0,11.541337879861539,minicpm-v-2_6,proxy_anchor,1.0,20260507
8.0,10.999878867533196,minicpm-v-2_6,proxy_anchor,1.0,20260507
9.0,10.882245582169022,minicpm-v-2_6,proxy_anchor,1.0,20260507
10.0,10.64726955762048,minicpm-v-2_6,proxy_anchor,1.0,20260507
11.0,10.163114031320786,minicpm-v-2_6,proxy_anchor,1.0,20260507
12.0,10.869632165956299,minicpm-v-2_6,proxy_anchor,1.0,20260507
13.0,10.789866055690402,minicpm-v-2_6,proxy_anchor,1.0,20260507
14.0,9.862998864462762,minicpm-v-2_6,proxy_anchor,1.0,20260507
15.0,10.993789126764195,minicpm-v-2_6,proxy_anchor,1.0,20260507
16.0,10.541153403238637,minicpm-v-2_6,proxy_anchor,1.0,20260507
17.0,9.209406563849864,minicpm-v-2_6,proxy_anchor,1.0,20260507
18.0,10.540805392369196,minicpm-v-2_6,proxy_anchor,1.0,20260507
19.0,9.287356653648787,minicpm-v-2_6,proxy_anchor,1.0,20260507
20.0,7.850961807852464,minicpm-v-2_6,proxy_anchor,1.0,20260507
1.0,12.202464099741576,minicpm-v-2_6,proxy_anchor,1.0,20260508
2.0,11.734384366585505,minicpm-v-2_6,proxy_anchor,1.0,20260508
3.0,12.052693299732763,minicpm-v-2_6,proxy_anchor,1.0,20260508
4.0,11.70011097959463,minicpm-v-2_6,proxy_anchor,1.0,20260508
5.0,11.141795348329662,minicpm-v-2_6,proxy_anchor,1.0,20260508
6.0,11.456420664965364,minicpm-v-2_6,proxy_anchor,1.0,20260508
7.0,11.214788500204126,minicpm-v-2_6,proxy_anchor,1.0,20260508
8.0,10.88892330866137,minicpm-v-2_6,proxy_anchor,1.0,20260508
9.0,10.503859250871967,minicpm-v-2_6,proxy_anchor,1.0,20260508
10.0,10.364922946914103,minicpm-v-2_6,proxy_anchor,1.0,20260508
11.0,9.1697394135582,minicpm-v-2_6,proxy_anchor,1.0,20260508
12.0,8.849707968502123,minicpm-v-2_6,proxy_anchor,1.0,20260508
13.0,8.272695680716968,minicpm-v-2_6,proxy_anchor,1.0,20260508
14.0,9.432562566891745,minicpm-v-2_6,proxy_anchor,1.0,20260508
15.0,8.13132664067062,minicpm-v-2_6,proxy_anchor,1.0,20260508
16.0,9.272633849337883,minicpm-v-2_6,proxy_anchor,1.0,20260508
17.0,9.093100528252075,minicpm-v-2_6,proxy_anchor,1.0,20260508
18.0,5.561108349730481,minicpm-v-2_6,proxy_anchor,1.0,20260508
19.0,15.373384038937042,minicpm-v-2_6,proxy_anchor,1.0,20260508
20.0,12.178015418350697,minicpm-v-2_6,proxy_anchor,1.0,20260508
1.0,11.78950920744762,minicpm-v-2_6,proxy_anchor,0.5,20260506
2.0,11.31740991924294,minicpm-v-2_6,proxy_anchor,0.5,20260506
3.0,11.056650973465958,minicpm-v-2_6,proxy_anchor,0.5,20260506
4.0,11.146482773546902,minicpm-v-2_6,proxy_anchor,0.5,20260506
5.0,10.926910560336003,minicpm-v-2_6,proxy_anchor,0.5,20260506
6.0,10.341910128323537,minicpm-v-2_6,proxy_anchor,0.5,20260506
7.0,10.515060808673594,minicpm-v-2_6,proxy_anchor,0.5,20260506
8.0,10.04832962723898,minicpm-v-2_6,proxy_anchor,0.5,20260506
9.0,10.366214200385711,minicpm-v-2_6,proxy_anchor,0.5,20260506
10.0,9.265205011427778,minicpm-v-2_6,proxy_anchor,0.5,20260506
11.0,8.898197196064755,minicpm-v-2_6,proxy_anchor,0.5,20260506
12.0,9.150142596702656,minicpm-v-2_6,proxy_anchor,0.5,20260506
13.0,7.886138071928884,minicpm-v-2_6,proxy_anchor,0.5,20260506
14.0,10.543969828127816,minicpm-v-2_6,proxy_anchor,0.5,20260506
15.0,9.912274596576172,minicpm-v-2_6,proxy_anchor,0.5,20260506
16.0,8.61301248178542,minicpm-v-2_6,proxy_anchor,0.5,20260506
17.0,9.692743185431203,minicpm-v-2_6,proxy_anchor,0.5,20260506
18.0,9.11328052224853,minicpm-v-2_6,proxy_anchor,0.5,20260506
1.0,11.590885586208767,minicpm-v-2_6,proxy_anchor,0.5,20260507
2.0,10.153430087011564,minicpm-v-2_6,proxy_anchor,0.5,20260507
3.0,9.724975547887993,minicpm-v-2_6,proxy_anchor,0.5,20260507
4.0,11.782935160510945,minicpm-v-2_6,proxy_anchor,0.5,20260507
5.0,10.48481337779223,minicpm-v-2_6,proxy_anchor,0.5,20260507
6.0,10.721294231134891,minicpm-v-2_6,proxy_anchor,0.5,20260507
7.0,10.423005761840308,minicpm-v-2_6,proxy_anchor,0.5,20260507
8.0,10.212370246711266,minicpm-v-2_6,proxy_anchor,0.5,20260507
1.0,11.840958073454082,minicpm-v-2_6,proxy_anchor,0.5,20260508
2.0,11.470209907435772,minicpm-v-2_6,proxy_anchor,0.5,20260508
3.0,11.172247332846844,minicpm-v-2_6,proxy_anchor,0.5,20260508
4.0,11.03408122112666,minicpm-v-2_6,proxy_anchor,0.5,20260508
5.0,10.502177384414512,minicpm-v-2_6,proxy_anchor,0.5,20260508
6.0,10.772812373483205,minicpm-v-2_6,proxy_anchor,0.5,20260508
7.0,10.454537191730875,minicpm-v-2_6,proxy_anchor,0.5,20260508
8.0,9.817483566092244,minicpm-v-2_6,proxy_anchor,0.5,20260508
9.0,9.848101453961066,minicpm-v-2_6,proxy_anchor,0.5,20260508
10.0,9.798763663014027,minicpm-v-2_6,proxy_anchor,0.5,20260508
11.0,10.057344344676915,minicpm-v-2_6,proxy_anchor,0.5,20260508
12.0,7.9950328203117325,minicpm-v-2_6,proxy_anchor,0.5,20260508
13.0,8.140579800435832,minicpm-v-2_6,proxy_anchor,0.5,20260508
14.0,7.836182766240598,minicpm-v-2_6,proxy_anchor,0.5,20260508
15.0,6.956206038812922,minicpm-v-2_6,proxy_anchor,0.5,20260508
16.0,9.5795630548985,minicpm-v-2_6,proxy_anchor,0.5,20260508
17.0,7.736279211704086,minicpm-v-2_6,proxy_anchor,0.5,20260508
18.0,8.87477655230828,minicpm-v-2_6,proxy_anchor,0.5,20260508
19.0,4.997740956472401,minicpm-v-2_6,proxy_anchor,0.5,20260508
20.0,7.758626860892498,minicpm-v-2_6,proxy_anchor,0.5,20260508
1.0,11.7719224883583,minicpm-v-2_6,proxy_anchor,0.25,20260506
2.0,10.854932286591122,minicpm-v-2_6,proxy_anchor,0.25,20260506
3.0,9.099293452545263,minicpm-v-2_6,proxy_anchor,0.25,20260506
4.0,8.817328113964411,minicpm-v-2_6,proxy_anchor,0.25,20260506
5.0,9.343423549945538,minicpm-v-2_6,proxy_anchor,0.25,20260506
6.0,9.693240290572446,minicpm-v-2_6,proxy_anchor,0.25,20260506
7.0,11.020773774077695,minicpm-v-2_6,proxy_anchor,0.25,20260506
8.0,8.577471025625696,minicpm-v-2_6,proxy_anchor,0.25,20260506
9.0,9.337882935309938,minicpm-v-2_6,proxy_anchor,0.25,20260506
10.0,9.01794602421237,minicpm-v-2_6,proxy_anchor,0.25,20260506
11.0,8.889135524520633,minicpm-v-2_6,proxy_anchor,0.25,20260506
12.0,7.570959724509427,minicpm-v-2_6,proxy_anchor,0.25,20260506
13.0,8.875485803103674,minicpm-v-2_6,proxy_anchor,0.25,20260506
14.0,7.7787293272350055,minicpm-v-2_6,proxy_anchor,0.25,20260506
15.0,9.019279936216654,minicpm-v-2_6,proxy_anchor,0.25,20260506
16.0,8.383173532305076,minicpm-v-2_6,proxy_anchor,0.25,20260506
17.0,9.100477345248544,minicpm-v-2_6,proxy_anchor,0.25,20260506
1.0,10.77678234232992,minicpm-v-2_6,proxy_anchor,0.25,20260507
2.0,11.503598700584677,minicpm-v-2_6,proxy_anchor,0.25,20260507
3.0,7.964332793610616,minicpm-v-2_6,proxy_anchor,0.25,20260507
4.0,10.888667716618206,minicpm-v-2_6,proxy_anchor,0.25,20260507
5.0,8.009637515085139,minicpm-v-2_6,proxy_anchor,0.25,20260507
6.0,9.749340941707503,minicpm-v-2_6,proxy_anchor,0.25,20260507
7.0,9.29092547916135,minicpm-v-2_6,proxy_anchor,0.25,20260507
8.0,8.92968956713179,minicpm-v-2_6,proxy_anchor,0.25,20260507
1.0,10.148883938157363,minicpm-v-2_6,proxy_anchor,0.25,20260508
2.0,9.546056052279296,minicpm-v-2_6,proxy_anchor,0.25,20260508
3.0,9.547192848896955,minicpm-v-2_6,proxy_anchor,0.25,20260508
4.0,8.894423698851382,minicpm-v-2_6,proxy_anchor,0.25,20260508
5.0,9.216029168180219,minicpm-v-2_6,proxy_anchor,0.25,20260508
6.0,9.446008463177213,minicpm-v-2_6,proxy_anchor,0.25,20260508
7.0,9.943253565387304,minicpm-v-2_6,proxy_anchor,0.25,20260508
8.0,8.169549369209056,minicpm-v-2_6,proxy_anchor,0.25,20260508
9.0,8.828772015265091,minicpm-v-2_6,proxy_anchor,0.25,20260508
10.0,8.041299006961545,minicpm-v-2_6,proxy_anchor,0.25,20260508
11.0,7.197300720013859,minicpm-v-2_6,proxy_anchor,0.25,20260508
12.0,8.134616619920077,minicpm-v-2_6,proxy_anchor,0.25,20260508
13.0,7.901635436288172,minicpm-v-2_6,proxy_anchor,0.25,20260508
14.0,7.931578243494788,minicpm-v-2_6,proxy_anchor,0.25,20260508
15.0,10.918372225585552,minicpm-v-2_6,proxy_anchor,0.25,20260508
16.0,8.98822110018313,minicpm-v-2_6,proxy_anchor,0.25,20260508
1.0,13.630741559542143,gemma-3-12b-it,proxy_anchor,1.0,20260506
2.0,13.089585075551028,gemma-3-12b-it,proxy_anchor,1.0,20260506
3.0,12.747970418033438,gemma-3-12b-it,proxy_anchor,1.0,20260506
4.0,12.606783776261688,gemma-3-12b-it,proxy_anchor,1.0,20260506
5.0,12.091458567546923,gemma-3-12b-it,proxy_anchor,1.0,20260506
6.0,12.432806087894736,gemma-3-12b-it,proxy_anchor,1.0,20260506
7.0,12.568428695951052,gemma-3-12b-it,proxy_anchor,1.0,20260506
8.0,11.832534114939294,gemma-3-12b-it,proxy_anchor,1.0,20260506
9.0,11.04772194142675,gemma-3-12b-it,proxy_anchor,1.0,20260506
10.0,11.683394314117201,gemma-3-12b-it,proxy_anchor,1.0,20260506
11.0,10.778711200060108,gemma-3-12b-it,proxy_anchor,1.0,20260506
12.0,10.393272558128851,gemma-3-12b-it,proxy_anchor,1.0,20260506
13.0,9.687908362718968,gemma-3-12b-it,proxy_anchor,1.0,20260506
14.0,9.902096293330972,gemma-3-12b-it,proxy_anchor,1.0,20260506
15.0,13.57699870104284,gemma-3-12b-it,proxy_anchor,1.0,20260506
16.0,11.960357964248619,gemma-3-12b-it,proxy_anchor,1.0,20260506
17.0,10.939001527846669,gemma-3-12b-it,proxy_anchor,1.0,20260506
18.0,9.2897640274301,gemma-3-12b-it,proxy_anchor,1.0,20260506
19.0,15.359093211055582,gemma-3-12b-it,proxy_anchor,1.0,20260506
20.0,11.09386498847758,gemma-3-12b-it,proxy_anchor,1.0,20260506
1.0,13.693345390174064,gemma-3-12b-it,proxy_anchor,1.0,20260507
2.0,13.199934726866601,gemma-3-12b-it,proxy_anchor,1.0,20260507
3.0,12.909203007689907,gemma-3-12b-it,proxy_anchor,1.0,20260507
4.0,12.543412088688562,gemma-3-12b-it,proxy_anchor,1.0,20260507
5.0,12.167138965121461,gemma-3-12b-it,proxy_anchor,1.0,20260507
6.0,11.98100845918037,gemma-3-12b-it,proxy_anchor,1.0,20260507
7.0,11.998227225889089,gemma-3-12b-it,proxy_anchor,1.0,20260507
8.0,11.338977294929547,gemma-3-12b-it,proxy_anchor,1.0,20260507
9.0,11.118508515854227,gemma-3-12b-it,proxy_anchor,1.0,20260507
10.0,11.258617777989821,gemma-3-12b-it,proxy_anchor,1.0,20260507
11.0,10.68996948809885,gemma-3-12b-it,proxy_anchor,1.0,20260507
12.0,9.767259475991857,gemma-3-12b-it,proxy_anchor,1.0,20260507
13.0,10.317429111494139,gemma-3-12b-it,proxy_anchor,1.0,20260507
14.0,10.252776532391318,gemma-3-12b-it,proxy_anchor,1.0,20260507
15.0,8.851668135852536,gemma-3-12b-it,proxy_anchor,1.0,20260507
16.0,8.69623124125976,gemma-3-12b-it,proxy_anchor,1.0,20260507
17.0,7.794192199553599,gemma-3-12b-it,proxy_anchor,1.0,20260507
18.0,10.932391905556857,gemma-3-12b-it,proxy_anchor,1.0,20260507
19.0,9.116489950288415,gemma-3-12b-it,proxy_anchor,1.0,20260507
20.0,7.271368055981329,gemma-3-12b-it,proxy_anchor,1.0,20260507
1.0,13.590290371648866,gemma-3-12b-it,proxy_anchor,1.0,20260508
2.0,13.063283411086415,gemma-3-12b-it,proxy_anchor,1.0,20260508
3.0,12.632313938821722,gemma-3-12b-it,proxy_anchor,1.0,20260508
4.0,12.38464418855248,gemma-3-12b-it,proxy_anchor,1.0,20260508
5.0,11.992496280468787,gemma-3-12b-it,proxy_anchor,1.0,20260508
6.0,12.09946263573648,gemma-3-12b-it,proxy_anchor,1.0,20260508
7.0,11.81733496576293,gemma-3-12b-it,proxy_anchor,1.0,20260508
8.0,10.774105475259343,gemma-3-12b-it,proxy_anchor,1.0,20260508
9.0,11.441913094575709,gemma-3-12b-it,proxy_anchor,1.0,20260508
10.0,10.888395311845613,gemma-3-12b-it,proxy_anchor,1.0,20260508
11.0,10.097443778650314,gemma-3-12b-it,proxy_anchor,1.0,20260508
12.0,11.504834308883183,gemma-3-12b-it,proxy_anchor,1.0,20260508
13.0,10.378767686731676,gemma-3-12b-it,proxy_anchor,1.0,20260508
14.0,8.836829171581087,gemma-3-12b-it,proxy_anchor,1.0,20260508
15.0,12.52315497937785,gemma-3-12b-it,proxy_anchor,1.0,20260508
16.0,9.871804835030396,gemma-3-12b-it,proxy_anchor,1.0,20260508
17.0,7.559138788057369,gemma-3-12b-it,proxy_anchor,1.0,20260508
18.0,14.735449036741569,gemma-3-12b-it,proxy_anchor,1.0,20260508
19.0,11.435507035483182,gemma-3-12b-it,proxy_anchor,1.0,20260508
20.0,10.119143673497387,gemma-3-12b-it,proxy_anchor,1.0,20260508
1.0,13.148308843382168,gemma-3-12b-it,proxy_anchor,0.5,20260506
2.0,12.535315821116981,gemma-3-12b-it,proxy_anchor,0.5,20260506
3.0,12.278964939092102,gemma-3-12b-it,proxy_anchor,0.5,20260506
4.0,11.70447894523185,gemma-3-12b-it,proxy_anchor,0.5,20260506
5.0,11.444716880869263,gemma-3-12b-it,proxy_anchor,0.5,20260506
6.0,11.194651053277937,gemma-3-12b-it,proxy_anchor,0.5,20260506
7.0,11.150362488948016,gemma-3-12b-it,proxy_anchor,0.5,20260506
8.0,10.707349092805211,gemma-3-12b-it,proxy_anchor,0.5,20260506
9.0,10.091349559317864,gemma-3-12b-it,proxy_anchor,0.5,20260506
10.0,10.176772888913098,gemma-3-12b-it,proxy_anchor,0.5,20260506
11.0,8.97305679827889,gemma-3-12b-it,proxy_anchor,0.5,20260506
12.0,8.888706287571475,gemma-3-12b-it,proxy_anchor,0.5,20260506
13.0,7.185696221411149,gemma-3-12b-it,proxy_anchor,0.5,20260506
14.0,11.38326878136056,gemma-3-12b-it,proxy_anchor,0.5,20260506
15.0,10.513271551144868,gemma-3-12b-it,proxy_anchor,0.5,20260506
16.0,8.863359251186983,gemma-3-12b-it,proxy_anchor,0.5,20260506
17.0,7.918948095253264,gemma-3-12b-it,proxy_anchor,0.5,20260506
18.0,7.8007532066557985,gemma-3-12b-it,proxy_anchor,0.5,20260506
1.0,13.244132542958456,gemma-3-12b-it,proxy_anchor,0.5,20260507
2.0,12.539227400294655,gemma-3-12b-it,proxy_anchor,0.5,20260507
3.0,12.35821886531227,gemma-3-12b-it,proxy_anchor,0.5,20260507
4.0,12.137327422183823,gemma-3-12b-it,proxy_anchor,0.5,20260507
5.0,11.732648374296597,gemma-3-12b-it,proxy_anchor,0.5,20260507
6.0,11.469316671505709,gemma-3-12b-it,proxy_anchor,0.5,20260507
7.0,11.22555305612673,gemma-3-12b-it,proxy_anchor,0.5,20260507
8.0,10.625900507669842,gemma-3-12b-it,proxy_anchor,0.5,20260507
9.0,10.081946449229125,gemma-3-12b-it,proxy_anchor,0.5,20260507
10.0,9.467421492922353,gemma-3-12b-it,proxy_anchor,0.5,20260507
11.0,10.088826249415181,gemma-3-12b-it,proxy_anchor,0.5,20260507
12.0,9.3708667471431,gemma-3-12b-it,proxy_anchor,0.5,20260507
13.0,7.564927734891732,gemma-3-12b-it,proxy_anchor,0.5,20260507
14.0,21.78831153555537,gemma-3-12b-it,proxy_anchor,0.5,20260507
15.0,14.369693348037295,gemma-3-12b-it,proxy_anchor,0.5,20260507
16.0,12.911050787389991,gemma-3-12b-it,proxy_anchor,0.5,20260507
17.0,10.459695339329532,gemma-3-12b-it,proxy_anchor,0.5,20260507
18.0,8.74502150217692,gemma-3-12b-it,proxy_anchor,0.5,20260507
1.0,13.061195211929787,gemma-3-12b-it,proxy_anchor,0.5,20260508
2.0,12.462633996687405,gemma-3-12b-it,proxy_anchor,0.5,20260508
3.0,12.212475154820982,gemma-3-12b-it,proxy_anchor,0.5,20260508
4.0,12.11490960874722,gemma-3-12b-it,proxy_anchor,0.5,20260508
5.0,11.661010213043902,gemma-3-12b-it,proxy_anchor,0.5,20260508
6.0,11.186853457953667,gemma-3-12b-it,proxy_anchor,0.5,20260508
7.0,11.302380884026151,gemma-3-12b-it,proxy_anchor,0.5,20260508
8.0,10.520833210736157,gemma-3-12b-it,proxy_anchor,0.5,20260508
9.0,13.102828906541802,gemma-3-12b-it,proxy_anchor,0.5,20260508
10.0,11.257755051064459,gemma-3-12b-it,proxy_anchor,0.5,20260508
11.0,9.90285862090578,gemma-3-12b-it,proxy_anchor,0.5,20260508
12.0,9.081358101326789,gemma-3-12b-it,proxy_anchor,0.5,20260508
13.0,8.9041280574216,gemma-3-12b-it,proxy_anchor,0.5,20260508
14.0,8.418558096157444,gemma-3-12b-it,proxy_anchor,0.5,20260508
15.0,10.581271824323798,gemma-3-12b-it,proxy_anchor,0.5,20260508
16.0,9.123238573416296,gemma-3-12b-it,proxy_anchor,0.5,20260508
17.0,7.1355983536556895,gemma-3-12b-it,proxy_anchor,0.5,20260508
18.0,11.871151406134901,gemma-3-12b-it,proxy_anchor,0.5,20260508
19.0,9.075985248155328,gemma-3-12b-it,proxy_anchor,0.5,20260508
20.0,7.368019896832753,gemma-3-12b-it,proxy_anchor,0.5,20260508
1.0,12.446941879806248,gemma-3-12b-it,proxy_anchor,0.25,20260506
2.0,11.673895284887806,gemma-3-12b-it,proxy_anchor,0.25,20260506
3.0,11.12873209744537,gemma-3-12b-it,proxy_anchor,0.25,20260506
4.0,11.04188686891083,gemma-3-12b-it,proxy_anchor,0.25,20260506
5.0,10.50490593434553,gemma-3-12b-it,proxy_anchor,0.25,20260506
6.0,10.714988946588875,gemma-3-12b-it,proxy_anchor,0.25,20260506
7.0,10.859308469422563,gemma-3-12b-it,proxy_anchor,0.25,20260506
8.0,10.841662785367713,gemma-3-12b-it,proxy_anchor,0.25,20260506
9.0,9.244592119546887,gemma-3-12b-it,proxy_anchor,0.25,20260506
10.0,8.670889398054074,gemma-3-12b-it,proxy_anchor,0.25,20260506
11.0,10.532478507928882,gemma-3-12b-it,proxy_anchor,0.25,20260506
12.0,8.798894182910487,gemma-3-12b-it,proxy_anchor,0.25,20260506
13.0,7.112187575303521,gemma-3-12b-it,proxy_anchor,0.25,20260506
14.0,8.405357201850684,gemma-3-12b-it,proxy_anchor,0.25,20260506
15.0,11.030285875664998,gemma-3-12b-it,proxy_anchor,0.25,20260506
16.0,8.855374797832512,gemma-3-12b-it,proxy_anchor,0.25,20260506
17.0,6.118433011030021,gemma-3-12b-it,proxy_anchor,0.25,20260506
18.0,9.097869670987292,gemma-3-12b-it,proxy_anchor,0.25,20260506
19.0,5.935007381126443,gemma-3-12b-it,proxy_anchor,0.25,20260506
20.0,3.859224731996747,gemma-3-12b-it,proxy_anchor,0.25,20260506
1.0,12.113214919462202,gemma-3-12b-it,proxy_anchor,0.25,20260507
2.0,11.766602060188195,gemma-3-12b-it,proxy_anchor,0.25,20260507
3.0,11.614544949267007,gemma-3-12b-it,proxy_anchor,0.25,20260507
4.0,11.529089468168607,gemma-3-12b-it,proxy_anchor,0.25,20260507
5.0,11.154367157069997,gemma-3-12b-it,proxy_anchor,0.25,20260507
6.0,11.904981729403712,gemma-3-12b-it,proxy_anchor,0.25,20260507
7.0,10.869716322138585,gemma-3-12b-it,proxy_anchor,0.25,20260507
8.0,10.40813369912572,gemma-3-12b-it,proxy_anchor,0.25,20260507
9.0,11.056151296767291,gemma-3-12b-it,proxy_anchor,0.25,20260507
10.0,10.200975824360249,gemma-3-12b-it,proxy_anchor,0.25,20260507
11.0,9.788257505177604,gemma-3-12b-it,proxy_anchor,0.25,20260507
12.0,8.339967768841932,gemma-3-12b-it,proxy_anchor,0.25,20260507
13.0,11.38279303972693,gemma-3-12b-it,proxy_anchor,0.25,20260507
14.0,10.64868154966235,gemma-3-12b-it,proxy_anchor,0.25,20260507
15.0,9.939915617556805,gemma-3-12b-it,proxy_anchor,0.25,20260507
16.0,8.156324939149167,gemma-3-12b-it,proxy_anchor,0.25,20260507
17.0,9.105583947549983,gemma-3-12b-it,proxy_anchor,0.25,20260507
18.0,9.492665195699661,gemma-3-12b-it,proxy_anchor,0.25,20260507
19.0,8.463446674727455,gemma-3-12b-it,proxy_anchor,0.25,20260507
20.0,6.245087970505324,gemma-3-12b-it,proxy_anchor,0.25,20260507
1.0,12.65835659384695,gemma-3-12b-it,proxy_anchor,0.25,20260508
2.0,11.83339278650401,gemma-3-12b-it,proxy_anchor,0.25,20260508
3.0,11.547460427535757,gemma-3-12b-it,proxy_anchor,0.25,20260508
4.0,11.790598517983753,gemma-3-12b-it,proxy_anchor,0.25,20260508
5.0,11.130200617754515,gemma-3-12b-it,proxy_anchor,0.25,20260508
6.0,10.809134752055146,gemma-3-12b-it,proxy_anchor,0.25,20260508
7.0,10.433701287139534,gemma-3-12b-it,proxy_anchor,0.25,20260508
8.0,9.572147515863302,gemma-3-12b-it,proxy_anchor,0.25,20260508
9.0,11.47504444805186,gemma-3-12b-it,proxy_anchor,0.25,20260508
10.0,9.924699379857625,gemma-3-12b-it,proxy_anchor,0.25,20260508
11.0,8.331954552978074,gemma-3-12b-it,proxy_anchor,0.25,20260508
12.0,9.369857867580517,gemma-3-12b-it,proxy_anchor,0.25,20260508
13.0,8.003751308418225,gemma-3-12b-it,proxy_anchor,0.25,20260508
14.0,7.629107590222104,gemma-3-12b-it,proxy_anchor,0.25,20260508
15.0,8.899050890731498,gemma-3-12b-it,proxy_anchor,0.25,20260508
16.0,7.747026155126261,gemma-3-12b-it,proxy_anchor,0.25,20260508
17.0,6.568703455949748,gemma-3-12b-it,proxy_anchor,0.25,20260508
18.0,5.341576079978224,gemma-3-12b-it,proxy_anchor,0.25,20260508
19.0,12.030531547668366,gemma-3-12b-it,proxy_anchor,0.25,20260508
20.0,8.326908381853835,gemma-3-12b-it,proxy_anchor,0.25,20260508
1.0,11.508170060355408,gemma-3-12b-it,proxy_anchor,0.1,20260506
2.0,10.877289256598589,gemma-3-12b-it,proxy_anchor,0.1,20260506
3.0,10.962209012876466,gemma-3-12b-it,proxy_anchor,0.1,20260506
4.0,10.314129002137376,gemma-3-12b-it,proxy_anchor,0.1,20260506
5.0,10.108053876826428,gemma-3-12b-it,proxy_anchor,0.1,20260506
6.0,9.574987924413985,gemma-3-12b-it,proxy_anchor,0.1,20260506
7.0,9.920203970536402,gemma-3-12b-it,proxy_anchor,0.1,20260506
8.0,9.880601910606378,gemma-3-12b-it,proxy_anchor,0.1,20260506
9.0,9.004994994841299,gemma-3-12b-it,proxy_anchor,0.1,20260506
10.0,8.81156693178492,gemma-3-12b-it,proxy_anchor,0.1,20260506
11.0,8.186657445266277,gemma-3-12b-it,proxy_anchor,0.1,20260506
12.0,9.87219663574898,gemma-3-12b-it,proxy_anchor,0.1,20260506
13.0,9.388875033361359,gemma-3-12b-it,proxy_anchor,0.1,20260506
14.0,8.381733889042586,gemma-3-12b-it,proxy_anchor,0.1,20260506
15.0,8.432846775478703,gemma-3-12b-it,proxy_anchor,0.1,20260506
16.0,7.443262470547778,gemma-3-12b-it,proxy_anchor,0.1,20260506
17.0,6.891432340689242,gemma-3-12b-it,proxy_anchor,0.1,20260506
18.0,6.309110017379899,gemma-3-12b-it,proxy_anchor,0.1,20260506
19.0,8.014259233594107,gemma-3-12b-it,proxy_anchor,0.1,20260506
20.0,7.516759413750181,gemma-3-12b-it,proxy_anchor,0.1,20260506
1.0,12.25273434237081,gemma-3-12b-it,proxy_anchor,0.1,20260507
2.0,11.108098886805548,gemma-3-12b-it,proxy_anchor,0.1,20260507
3.0,10.623405813275523,gemma-3-12b-it,proxy_anchor,0.1,20260507
4.0,10.242788467088893,gemma-3-12b-it,proxy_anchor,0.1,20260507
5.0,10.569813227951942,gemma-3-12b-it,proxy_anchor,0.1,20260507
6.0,10.63516021262704,gemma-3-12b-it,proxy_anchor,0.1,20260507
7.0,10.717380943616673,gemma-3-12b-it,proxy_anchor,0.1,20260507
8.0,10.690790280380567,gemma-3-12b-it,proxy_anchor,0.1,20260507
9.0,10.27885602080938,gemma-3-12b-it,proxy_anchor,0.1,20260507
1.0,11.487625418833465,gemma-3-12b-it,proxy_anchor,0.1,20260508
2.0,10.715159056581276,gemma-3-12b-it,proxy_anchor,0.1,20260508
3.0,11.389316157339676,gemma-3-12b-it,proxy_anchor,0.1,20260508
4.0,10.372604672600398,gemma-3-12b-it,proxy_anchor,0.1,20260508
5.0,10.514623900083242,gemma-3-12b-it,proxy_anchor,0.1,20260508
6.0,9.591669757376128,gemma-3-12b-it,proxy_anchor,0.1,20260508
7.0,9.593451849395546,gemma-3-12b-it,proxy_anchor,0.1,20260508
8.0,9.784387960391681,gemma-3-12b-it,proxy_anchor,0.1,20260508
9.0,8.590354417527667,gemma-3-12b-it,proxy_anchor,0.1,20260508
10.0,9.00449035821252,gemma-3-12b-it,proxy_anchor,0.1,20260508
11.0,8.02461779134164,gemma-3-12b-it,proxy_anchor,0.1,20260508
12.0,7.195145491859195,gemma-3-12b-it,proxy_anchor,0.1,20260508
13.0,9.314820987392368,gemma-3-12b-it,proxy_anchor,0.1,20260508
14.0,7.226903406562224,gemma-3-12b-it,proxy_anchor,0.1,20260508
15.0,5.7738464368732645,gemma-3-12b-it,proxy_anchor,0.1,20260508
16.0,7.629208241893832,gemma-3-12b-it,proxy_anchor,0.1,20260508
17.0,6.902061116745144,gemma-3-12b-it,proxy_anchor,0.1,20260508
18.0,4.362537996128968,gemma-3-12b-it,proxy_anchor,0.1,20260508
19.0,8.91922005630221,gemma-3-12b-it,proxy_anchor,0.1,20260508
20.0,8.065631714649758,gemma-3-12b-it,proxy_anchor,0.1,20260508
1.0,12.533689762995794,gemma-4-12b-it,proxy_anchor,1.0,20260506
2.0,11.840457065288836,gemma-4-12b-it,proxy_anchor,1.0,20260506
3.0,11.404885617386936,gemma-4-12b-it,proxy_anchor,1.0,20260506
4.0,11.591210048254517,gemma-4-12b-it,proxy_anchor,1.0,20260506
5.0,11.518022084315884,gemma-4-12b-it,proxy_anchor,1.0,20260506
6.0,10.912827870040434,gemma-4-12b-it,proxy_anchor,1.0,20260506
7.0,10.383657828621242,gemma-4-12b-it,proxy_anchor,1.0,20260506
8.0,11.976173326881435,gemma-4-12b-it,proxy_anchor,1.0,20260506
9.0,11.25453146803738,gemma-4-12b-it,proxy_anchor,1.0,20260506
10.0,10.604604446768361,gemma-4-12b-it,proxy_anchor,1.0,20260506
11.0,8.77502847626855,gemma-4-12b-it,proxy_anchor,1.0,20260506
12.0,10.554850277214943,gemma-4-12b-it,proxy_anchor,1.0,20260506
13.0,8.50507030997388,gemma-4-12b-it,proxy_anchor,1.0,20260506
14.0,6.799586213153342,gemma-4-12b-it,proxy_anchor,1.0,20260506
15.0,13.18318556718603,gemma-4-12b-it,proxy_anchor,1.0,20260506
16.0,10.23670633309661,gemma-4-12b-it,proxy_anchor,1.0,20260506
17.0,10.213318137101904,gemma-4-12b-it,proxy_anchor,1.0,20260506
18.0,8.710017021842624,gemma-4-12b-it,proxy_anchor,1.0,20260506
19.0,6.290230766666374,gemma-4-12b-it,proxy_anchor,1.0,20260506
20.0,11.333056433942406,gemma-4-12b-it,proxy_anchor,1.0,20260506
1.0,12.657342291356727,gemma-4-12b-it,proxy_anchor,1.0,20260507
2.0,11.992378333739214,gemma-4-12b-it,proxy_anchor,1.0,20260507
3.0,11.571550780076247,gemma-4-12b-it,proxy_anchor,1.0,20260507
4.0,11.199424202705307,gemma-4-12b-it,proxy_anchor,1.0,20260507
5.0,10.699684548776684,gemma-4-12b-it,proxy_anchor,1.0,20260507
6.0,10.547704230981527,gemma-4-12b-it,proxy_anchor,1.0,20260507
7.0,10.47878089062745,gemma-4-12b-it,proxy_anchor,1.0,20260507
8.0,9.891901810751312,gemma-4-12b-it,proxy_anchor,1.0,20260507
9.0,9.658115541336928,gemma-4-12b-it,proxy_anchor,1.0,20260507
10.0,10.820055603741801,gemma-4-12b-it,proxy_anchor,1.0,20260507
11.0,9.891410427029715,gemma-4-12b-it,proxy_anchor,1.0,20260507
12.0,8.623259464633904,gemma-4-12b-it,proxy_anchor,1.0,20260507
13.0,13.228563891126958,gemma-4-12b-it,proxy_anchor,1.0,20260507
14.0,11.1236981305789,gemma-4-12b-it,proxy_anchor,1.0,20260507
15.0,9.600443882128866,gemma-4-12b-it,proxy_anchor,1.0,20260507
16.0,7.724154512539356,gemma-4-12b-it,proxy_anchor,1.0,20260507
17.0,6.962766159657252,gemma-4-12b-it,proxy_anchor,1.0,20260507
18.0,6.018621199426045,gemma-4-12b-it,proxy_anchor,1.0,20260507
19.0,4.48861177374288,gemma-4-12b-it,proxy_anchor,1.0,20260507
20.0,12.040909183463922,gemma-4-12b-it,proxy_anchor,1.0,20260507
1.0,12.547971410336702,gemma-4-12b-it,proxy_anchor,1.0,20260508
2.0,11.773678565902454,gemma-4-12b-it,proxy_anchor,1.0,20260508
3.0,11.675481250852247,gemma-4-12b-it,proxy_anchor,1.0,20260508
4.0,11.631625387261943,gemma-4-12b-it,proxy_anchor,1.0,20260508
5.0,11.699560705076491,gemma-4-12b-it,proxy_anchor,1.0,20260508
6.0,11.49854298786176,gemma-4-12b-it,proxy_anchor,1.0,20260508
7.0,10.8036745269163,gemma-4-12b-it,proxy_anchor,1.0,20260508
8.0,10.537341674115746,gemma-4-12b-it,proxy_anchor,1.0,20260508
9.0,10.037032118449641,gemma-4-12b-it,proxy_anchor,1.0,20260508
10.0,9.037791810306818,gemma-4-12b-it,proxy_anchor,1.0,20260508
11.0,9.199391326776714,gemma-4-12b-it,proxy_anchor,1.0,20260508
12.0,8.187218508513077,gemma-4-12b-it,proxy_anchor,1.0,20260508
13.0,7.99199713863258,gemma-4-12b-it,proxy_anchor,1.0,20260508
14.0,12.013163944231627,gemma-4-12b-it,proxy_anchor,1.0,20260508
15.0,10.390887805849413,gemma-4-12b-it,proxy_anchor,1.0,20260508
16.0,9.563100758683323,gemma-4-12b-it,proxy_anchor,1.0,20260508
17.0,7.0273365888308525,gemma-4-12b-it,proxy_anchor,1.0,20260508
18.0,5.7364398835096075,gemma-4-12b-it,proxy_anchor,1.0,20260508
19.0,4.231961963806663,gemma-4-12b-it,proxy_anchor,1.0,20260508
20.0,7.897314246123451,gemma-4-12b-it,proxy_anchor,1.0,20260508
1.0,12.79223954056952,gemma-4-12b-it,proxy_anchor,0.5,20260506
2.0,11.485178205272167,gemma-4-12b-it,proxy_anchor,0.5,20260506
3.0,11.33543709244899,gemma-4-12b-it,proxy_anchor,0.5,20260506
4.0,11.131272913718078,gemma-4-12b-it,proxy_anchor,0.5,20260506
5.0,10.684372595631649,gemma-4-12b-it,proxy_anchor,0.5,20260506
6.0,10.960459082411946,gemma-4-12b-it,proxy_anchor,0.5,20260506
7.0,10.5383630105174,gemma-4-12b-it,proxy_anchor,0.5,20260506
8.0,9.95354093612248,gemma-4-12b-it,proxy_anchor,0.5,20260506
9.0,10.999112384556273,gemma-4-12b-it,proxy_anchor,0.5,20260506
10.0,10.58799180797502,gemma-4-12b-it,proxy_anchor,0.5,20260506
11.0,9.183388941508841,gemma-4-12b-it,proxy_anchor,0.5,20260506
12.0,10.218871919104503,gemma-4-12b-it,proxy_anchor,0.5,20260506
13.0,9.154189247791633,gemma-4-12b-it,proxy_anchor,0.5,20260506
14.0,9.5650833999087,gemma-4-12b-it,proxy_anchor,0.5,20260506
15.0,9.119257509748705,gemma-4-12b-it,proxy_anchor,0.5,20260506
16.0,8.413974304792443,gemma-4-12b-it,proxy_anchor,0.5,20260506
17.0,8.476160036864677,gemma-4-12b-it,proxy_anchor,0.5,20260506
18.0,9.118034047480771,gemma-4-12b-it,proxy_anchor,0.5,20260506
19.0,7.541726608224782,gemma-4-12b-it,proxy_anchor,0.5,20260506
20.0,7.009278143637078,gemma-4-12b-it,proxy_anchor,0.5,20260506
1.0,12.913553584822937,gemma-4-12b-it,proxy_anchor,0.5,20260507
2.0,11.590297196989853,gemma-4-12b-it,proxy_anchor,0.5,20260507
3.0,10.042197086909399,gemma-4-12b-it,proxy_anchor,0.5,20260507
4.0,10.695999683279537,gemma-4-12b-it,proxy_anchor,0.5,20260507
5.0,10.535057946747424,gemma-4-12b-it,proxy_anchor,0.5,20260507
6.0,10.311443139283217,gemma-4-12b-it,proxy_anchor,0.5,20260507
7.0,10.04571877918669,gemma-4-12b-it,proxy_anchor,0.5,20260507
8.0,10.20348592155926,gemma-4-12b-it,proxy_anchor,0.5,20260507
1.0,11.78274298383224,gemma-4-12b-it,proxy_anchor,0.5,20260508
2.0,11.893824884261209,gemma-4-12b-it,proxy_anchor,0.5,20260508
3.0,11.188251696542117,gemma-4-12b-it,proxy_anchor,0.5,20260508
4.0,10.785766851748866,gemma-4-12b-it,proxy_anchor,0.5,20260508
5.0,10.764330894258718,gemma-4-12b-it,proxy_anchor,0.5,20260508
6.0,10.345212008035851,gemma-4-12b-it,proxy_anchor,0.5,20260508
7.0,10.289249573630848,gemma-4-12b-it,proxy_anchor,0.5,20260508
8.0,9.830066016753676,gemma-4-12b-it,proxy_anchor,0.5,20260508
9.0,10.19453300826851,gemma-4-12b-it,proxy_anchor,0.5,20260508
10.0,9.722306017782174,gemma-4-12b-it,proxy_anchor,0.5,20260508
11.0,9.191634018248687,gemma-4-12b-it,proxy_anchor,0.5,20260508
12.0,8.275687144848847,gemma-4-12b-it,proxy_anchor,0.5,20260508
13.0,8.27802919414577,gemma-4-12b-it,proxy_anchor,0.5,20260508
14.0,11.000507746780942,gemma-4-12b-it,proxy_anchor,0.5,20260508
15.0,8.459985252003802,gemma-4-12b-it,proxy_anchor,0.5,20260508
16.0,10.022261363255808,gemma-4-12b-it,proxy_anchor,0.5,20260508
17.0,9.674790895976594,gemma-4-12b-it,proxy_anchor,0.5,20260508
1.0,12.048058928512946,qwen3.5-4b,proxy_anchor,1.0,20260506
2.0,11.133934509463426,qwen3.5-4b,proxy_anchor,1.0,20260506
3.0,11.281622801369767,qwen3.5-4b,proxy_anchor,1.0,20260506
4.0,10.401399984592345,qwen3.5-4b,proxy_anchor,1.0,20260506
5.0,9.861397502868156,qwen3.5-4b,proxy_anchor,1.0,20260506
6.0,9.509488338377418,qwen3.5-4b,proxy_anchor,1.0,20260506
7.0,11.597956168942336,qwen3.5-4b,proxy_anchor,1.0,20260506
8.0,10.45868009086547,qwen3.5-4b,proxy_anchor,1.0,20260506
9.0,8.609865514243522,qwen3.5-4b,proxy_anchor,1.0,20260506
10.0,9.429057900498552,qwen3.5-4b,proxy_anchor,1.0,20260506
11.0,7.0055318770369865,qwen3.5-4b,proxy_anchor,1.0,20260506
12.0,15.55171887467547,qwen3.5-4b,proxy_anchor,1.0,20260506
13.0,12.789210071408652,qwen3.5-4b,proxy_anchor,1.0,20260506
14.0,11.656560378346017,qwen3.5-4b,proxy_anchor,1.0,20260506
15.0,9.322232955839576,qwen3.5-4b,proxy_anchor,1.0,20260506
16.0,7.788460715999448,qwen3.5-4b,proxy_anchor,1.0,20260506
1.0,11.944113770151526,qwen3.5-4b,proxy_anchor,1.0,20260507
2.0,10.801124084286574,qwen3.5-4b,proxy_anchor,1.0,20260507
3.0,10.446491916005204,qwen3.5-4b,proxy_anchor,1.0,20260507
4.0,10.010528564453125,qwen3.5-4b,proxy_anchor,1.0,20260507
5.0,8.936096738024455,qwen3.5-4b,proxy_anchor,1.0,20260507
6.0,12.38830595869359,qwen3.5-4b,proxy_anchor,1.0,20260507
7.0,9.970008243390215,qwen3.5-4b,proxy_anchor,1.0,20260507
8.0,9.889623921091964,qwen3.5-4b,proxy_anchor,1.0,20260507
9.0,8.32472774071422,qwen3.5-4b,proxy_anchor,1.0,20260507
10.0,8.588972145948953,qwen3.5-4b,proxy_anchor,1.0,20260507
11.0,7.47319889456276,qwen3.5-4b,proxy_anchor,1.0,20260507
12.0,6.462954048218766,qwen3.5-4b,proxy_anchor,1.0,20260507
13.0,10.860135962323445,qwen3.5-4b,proxy_anchor,1.0,20260507
14.0,8.961172728034539,qwen3.5-4b,proxy_anchor,1.0,20260507
15.0,7.560653190302655,qwen3.5-4b,proxy_anchor,1.0,20260507
16.0,6.1264868015196265,qwen3.5-4b,proxy_anchor,1.0,20260507
17.0,15.783058492148795,qwen3.5-4b,proxy_anchor,1.0,20260507
18.0,9.315492525333312,qwen3.5-4b,proxy_anchor,1.0,20260507
19.0,5.916516167846153,qwen3.5-4b,proxy_anchor,1.0,20260507
20.0,11.725254872950112,qwen3.5-4b,proxy_anchor,1.0,20260507
1.0,12.019516619240365,qwen3.5-4b,proxy_anchor,1.0,20260508
2.0,10.954965754253108,qwen3.5-4b,proxy_anchor,1.0,20260508
3.0,10.366242866205976,qwen3.5-4b,proxy_anchor,1.0,20260508
4.0,10.336757396294818,qwen3.5-4b,proxy_anchor,1.0,20260508
5.0,10.084521138571143,qwen3.5-4b,proxy_anchor,1.0,20260508
6.0,9.815948300245331,qwen3.5-4b,proxy_anchor,1.0,20260508
7.0,9.707994352511275,qwen3.5-4b,proxy_anchor,1.0,20260508
8.0,9.637196881984307,qwen3.5-4b,proxy_anchor,1.0,20260508
9.0,8.394552021491819,qwen3.5-4b,proxy_anchor,1.0,20260508
10.0,8.197377668163641,qwen3.5-4b,proxy_anchor,1.0,20260508
11.0,6.902724359093643,qwen3.5-4b,proxy_anchor,1.0,20260508
12.0,6.594967480597457,qwen3.5-4b,proxy_anchor,1.0,20260508
13.0,7.3509520243823046,qwen3.5-4b,proxy_anchor,1.0,20260508
14.0,6.128634600498812,qwen3.5-4b,proxy_anchor,1.0,20260508
15.0,8.775052838209199,qwen3.5-4b,proxy_anchor,1.0,20260508
16.0,6.149732764174298,qwen3.5-4b,proxy_anchor,1.0,20260508
17.0,6.251467012777561,qwen3.5-4b,proxy_anchor,1.0,20260508
18.0,4.035665196131885,qwen3.5-4b,proxy_anchor,1.0,20260508
19.0,6.108422833729565,qwen3.5-4b,proxy_anchor,1.0,20260508
20.0,6.07657372466917,qwen3.5-4b,proxy_anchor,1.0,20260508
1.0,11.183431563159411,qwen3.5-4b,proxy_anchor,0.5,20260506
2.0,11.058471176645115,qwen3.5-4b,proxy_anchor,0.5,20260506
3.0,10.560446395100112,qwen3.5-4b,proxy_anchor,0.5,20260506
4.0,9.857837674552867,qwen3.5-4b,proxy_anchor,0.5,20260506
5.0,9.938006046005684,qwen3.5-4b,proxy_anchor,0.5,20260506
6.0,9.188261393712127,qwen3.5-4b,proxy_anchor,0.5,20260506
7.0,10.26983266496389,qwen3.5-4b,proxy_anchor,0.5,20260506
8.0,9.64286118063121,qwen3.5-4b,proxy_anchor,0.5,20260506
9.0,9.371894008634515,qwen3.5-4b,proxy_anchor,0.5,20260506
10.0,8.933332330579322,qwen3.5-4b,proxy_anchor,0.5,20260506
11.0,8.760534382503218,qwen3.5-4b,proxy_anchor,0.5,20260506
12.0,7.661875794101631,qwen3.5-4b,proxy_anchor,0.5,20260506
13.0,10.28855282328468,qwen3.5-4b,proxy_anchor,0.5,20260506
14.0,8.573719756200367,qwen3.5-4b,proxy_anchor,0.5,20260506
15.0,7.494677448615577,qwen3.5-4b,proxy_anchor,0.5,20260506
16.0,7.487725450371741,qwen3.5-4b,proxy_anchor,0.5,20260506
17.0,6.363711982123596,qwen3.5-4b,proxy_anchor,0.5,20260506
18.0,5.92432486503372,qwen3.5-4b,proxy_anchor,0.5,20260506
19.0,9.65142183641807,qwen3.5-4b,proxy_anchor,0.5,20260506
20.0,7.655631393301346,qwen3.5-4b,proxy_anchor,0.5,20260506
1.0,10.989941363586912,qwen3.5-4b,proxy_anchor,0.5,20260507
2.0,10.195966933712814,qwen3.5-4b,proxy_anchor,0.5,20260507
3.0,9.724778361974401,qwen3.5-4b,proxy_anchor,0.5,20260507
4.0,10.498415082432885,qwen3.5-4b,proxy_anchor,0.5,20260507
5.0,9.487710845978613,qwen3.5-4b,proxy_anchor,0.5,20260507
6.0,10.048775315227328,qwen3.5-4b,proxy_anchor,0.5,20260507
7.0,10.186346893134212,qwen3.5-4b,proxy_anchor,0.5,20260507
8.0,9.14272073259492,qwen3.5-4b,proxy_anchor,0.5,20260507
9.0,8.643328361041005,qwen3.5-4b,proxy_anchor,0.5,20260507
10.0,8.380840858068598,qwen3.5-4b,proxy_anchor,0.5,20260507
11.0,7.629596440805554,qwen3.5-4b,proxy_anchor,0.5,20260507
12.0,7.7150655000958,qwen3.5-4b,proxy_anchor,0.5,20260507
13.0,12.929247650906682,qwen3.5-4b,proxy_anchor,0.5,20260507
14.0,9.731749811353717,qwen3.5-4b,proxy_anchor,0.5,20260507
15.0,8.873518293003087,qwen3.5-4b,proxy_anchor,0.5,20260507
16.0,8.49880048784159,qwen3.5-4b,proxy_anchor,0.5,20260507
1.0,11.272226611099674,qwen3.5-4b,proxy_anchor,0.5,20260508
2.0,10.415309257487731,qwen3.5-4b,proxy_anchor,0.5,20260508
3.0,9.8170626385125,qwen3.5-4b,proxy_anchor,0.5,20260508
4.0,9.5822296421774,qwen3.5-4b,proxy_anchor,0.5,20260508
5.0,9.59451581223169,qwen3.5-4b,proxy_anchor,0.5,20260508
6.0,9.990709799280152,qwen3.5-4b,proxy_anchor,0.5,20260508
7.0,8.97658711968781,qwen3.5-4b,proxy_anchor,0.5,20260508
8.0,9.127771423851213,qwen3.5-4b,proxy_anchor,0.5,20260508
9.0,8.831259023120726,qwen3.5-4b,proxy_anchor,0.5,20260508
10.0,9.05667225105002,qwen3.5-4b,proxy_anchor,0.5,20260508
11.0,9.637245667550156,qwen3.5-4b,proxy_anchor,0.5,20260508
12.0,9.004795825383452,qwen3.5-4b,proxy_anchor,0.5,20260508
13.0,8.998072809051353,qwen3.5-4b,proxy_anchor,0.5,20260508
14.0,7.290800671609292,qwen3.5-4b,proxy_anchor,0.5,20260508
15.0,7.292007462843357,qwen3.5-4b,proxy_anchor,0.5,20260508
16.0,8.718087371704698,qwen3.5-4b,proxy_anchor,0.5,20260508
17.0,7.247328243441745,qwen3.5-4b,proxy_anchor,0.5,20260508
18.0,6.8370472056227705,qwen3.5-4b,proxy_anchor,0.5,20260508
19.0,8.066158264798878,qwen3.5-4b,proxy_anchor,0.5,20260508
20.0,6.859618133070779,qwen3.5-4b,proxy_anchor,0.5,20260508
1.0,10.283060486052593,qwen3.5-4b,proxy_anchor,0.25,20260506
2.0,9.362808411477195,qwen3.5-4b,proxy_anchor,0.25,20260506
3.0,11.77700157593979,qwen3.5-4b,proxy_anchor,0.25,20260506
4.0,8.182044213713215,qwen3.5-4b,proxy_anchor,0.25,20260506
5.0,8.405356979973396,qwen3.5-4b,proxy_anchor,0.25,20260506
6.0,7.912038579733219,qwen3.5-4b,proxy_anchor,0.25,20260506
7.0,9.71365206096328,qwen3.5-4b,proxy_anchor,0.25,20260506
8.0,8.105446358429441,qwen3.5-4b,proxy_anchor,0.25,20260506
9.0,8.69347505374931,qwen3.5-4b,proxy_anchor,0.25,20260506
10.0,7.413411735103262,qwen3.5-4b,proxy_anchor,0.25,20260506
11.0,8.450334058015992,qwen3.5-4b,proxy_anchor,0.25,20260506
12.0,8.549078349203926,qwen3.5-4b,proxy_anchor,0.25,20260506
13.0,8.46406600261701,qwen3.5-4b,proxy_anchor,0.25,20260506
14.0,8.322747825233474,qwen3.5-4b,proxy_anchor,0.25,20260506
15.0,7.363441547069659,qwen3.5-4b,proxy_anchor,0.25,20260506
16.0,7.063393965390435,qwen3.5-4b,proxy_anchor,0.25,20260506
17.0,7.328809452894089,qwen3.5-4b,proxy_anchor,0.25,20260506
18.0,6.850371200981827,qwen3.5-4b,proxy_anchor,0.25,20260506
19.0,10.345629224228114,qwen3.5-4b,proxy_anchor,0.25,20260506
20.0,7.010952077969512,qwen3.5-4b,proxy_anchor,0.25,20260506
1.0,9.747934122280098,qwen3.5-4b,proxy_anchor,0.25,20260507
2.0,9.388257618748247,qwen3.5-4b,proxy_anchor,0.25,20260507
3.0,8.539936972377554,qwen3.5-4b,proxy_anchor,0.25,20260507
4.0,9.446099461494661,qwen3.5-4b,proxy_anchor,0.25,20260507
5.0,8.777376680942952,qwen3.5-4b,proxy_anchor,0.25,20260507
6.0,9.245913367661709,qwen3.5-4b,proxy_anchor,0.25,20260507
7.0,8.551372230253016,qwen3.5-4b,proxy_anchor,0.25,20260507
8.0,9.308893790024674,qwen3.5-4b,proxy_anchor,0.25,20260507
1.0,10.239631107518017,qwen3.5-4b,proxy_anchor,0.25,20260508
2.0,8.400863731181378,qwen3.5-4b,proxy_anchor,0.25,20260508
3.0,8.676148767222614,qwen3.5-4b,proxy_anchor,0.25,20260508
4.0,8.034612825631388,qwen3.5-4b,proxy_anchor,0.25,20260508
5.0,8.333592810230268,qwen3.5-4b,proxy_anchor,0.25,20260508
6.0,9.703171466787657,qwen3.5-4b,proxy_anchor,0.25,20260508
7.0,7.704618948853481,qwen3.5-4b,proxy_anchor,0.25,20260508
8.0,7.731450662228478,qwen3.5-4b,proxy_anchor,0.25,20260508
9.0,6.028004684975804,qwen3.5-4b,proxy_anchor,0.25,20260508
10.0,5.8644801218147045,qwen3.5-4b,proxy_anchor,0.25,20260508
11.0,9.872554785330085,qwen3.5-4b,proxy_anchor,0.25,20260508
12.0,8.099281993233632,qwen3.5-4b,proxy_anchor,0.25,20260508
13.0,6.7275824314120385,qwen3.5-4b,proxy_anchor,0.25,20260508
14.0,5.203994560222679,qwen3.5-4b,proxy_anchor,0.25,20260508
15.0,4.9803523814188795,qwen3.5-4b,proxy_anchor,0.25,20260508
16.0,9.024229479936814,qwen3.5-4b,proxy_anchor,0.25,20260508
17.0,5.866608689649027,qwen3.5-4b,proxy_anchor,0.25,20260508
18.0,4.745760920272143,qwen3.5-4b,proxy_anchor,0.25,20260508
19.0,4.874720310593883,qwen3.5-4b,proxy_anchor,0.25,20260508
20.0,4.206796848749898,qwen3.5-4b,proxy_anchor,0.25,20260508
1.0,12.135291008926623,qwen3.5-9b,proxy_anchor,1.0,20260506
2.0,11.20897703273322,qwen3.5-9b,proxy_anchor,1.0,20260506
3.0,10.46249456040768,qwen3.5-9b,proxy_anchor,1.0,20260506
4.0,9.94512641593855,qwen3.5-9b,proxy_anchor,1.0,20260506
5.0,9.897301090333007,qwen3.5-9b,proxy_anchor,1.0,20260506
6.0,9.11051183630449,qwen3.5-9b,proxy_anchor,1.0,20260506
7.0,8.076206879306955,qwen3.5-9b,proxy_anchor,1.0,20260506
8.0,7.718217171976405,qwen3.5-9b,proxy_anchor,1.0,20260506
9.0,9.145069401810902,qwen3.5-9b,proxy_anchor,1.0,20260506
10.0,8.344155597519833,qwen3.5-9b,proxy_anchor,1.0,20260506
11.0,6.481836448463389,qwen3.5-9b,proxy_anchor,1.0,20260506
12.0,9.987781053425282,qwen3.5-9b,proxy_anchor,1.0,20260506
13.0,5.654591329516873,qwen3.5-9b,proxy_anchor,1.0,20260506
14.0,6.683560461066729,qwen3.5-9b,proxy_anchor,1.0,20260506
15.0,4.6416924829094315,qwen3.5-9b,proxy_anchor,1.0,20260506
16.0,2.718270672340259,qwen3.5-9b,proxy_anchor,1.0,20260506
17.0,11.975782655065851,qwen3.5-9b,proxy_anchor,1.0,20260506
18.0,6.553323609794965,qwen3.5-9b,proxy_anchor,1.0,20260506
19.0,3.743415640067625,qwen3.5-9b,proxy_anchor,1.0,20260506
20.0,3.4054123882868494,qwen3.5-9b,proxy_anchor,1.0,20260506
1.0,12.626069866856744,qwen3.5-9b,proxy_anchor,1.0,20260507
2.0,11.531165109869539,qwen3.5-9b,proxy_anchor,1.0,20260507
3.0,10.85216284692511,qwen3.5-9b,proxy_anchor,1.0,20260507
4.0,10.254922745197408,qwen3.5-9b,proxy_anchor,1.0,20260507
5.0,9.881428095184884,qwen3.5-9b,proxy_anchor,1.0,20260507
6.0,9.394876012208313,qwen3.5-9b,proxy_anchor,1.0,20260507
7.0,10.091767795683891,qwen3.5-9b,proxy_anchor,1.0,20260507
8.0,10.502843462368583,qwen3.5-9b,proxy_anchor,1.0,20260507
9.0,8.635482597303378,qwen3.5-9b,proxy_anchor,1.0,20260507
10.0,7.983219530916894,qwen3.5-9b,proxy_anchor,1.0,20260507
11.0,8.015161182559051,qwen3.5-9b,proxy_anchor,1.0,20260507
12.0,7.095858453839801,qwen3.5-9b,proxy_anchor,1.0,20260507
13.0,8.089382200844438,qwen3.5-9b,proxy_anchor,1.0,20260507
14.0,5.323363712114762,qwen3.5-9b,proxy_anchor,1.0,20260507
15.0,13.386644221031835,qwen3.5-9b,proxy_anchor,1.0,20260507
16.0,10.832676095526109,qwen3.5-9b,proxy_anchor,1.0,20260507
17.0,9.623549441094099,qwen3.5-9b,proxy_anchor,1.0,20260507
18.0,6.683199042587108,qwen3.5-9b,proxy_anchor,1.0,20260507
19.0,11.586934735578845,qwen3.5-9b,proxy_anchor,1.0,20260507
1.0,12.184435538453858,qwen3.5-9b,proxy_anchor,1.0,20260508
2.0,11.17579928014421,qwen3.5-9b,proxy_anchor,1.0,20260508
3.0,10.452943876165842,qwen3.5-9b,proxy_anchor,1.0,20260508
4.0,11.147885378851656,qwen3.5-9b,proxy_anchor,1.0,20260508
5.0,10.85943150347428,qwen3.5-9b,proxy_anchor,1.0,20260508
6.0,9.510365849824273,qwen3.5-9b,proxy_anchor,1.0,20260508
7.0,9.597285450741959,qwen3.5-9b,proxy_anchor,1.0,20260508
8.0,8.656663814286167,qwen3.5-9b,proxy_anchor,1.0,20260508
9.0,9.944068786590568,qwen3.5-9b,proxy_anchor,1.0,20260508
10.0,18.01715230333653,qwen3.5-9b,proxy_anchor,1.0,20260508
11.0,11.483052710647373,qwen3.5-9b,proxy_anchor,1.0,20260508
12.0,11.397599248177828,qwen3.5-9b,proxy_anchor,1.0,20260508
13.0,11.425539893846448,qwen3.5-9b,proxy_anchor,1.0,20260508
1.0,12.187070679144469,qwen3.5-9b,proxy_anchor,0.5,20260506
2.0,11.143020111192367,qwen3.5-9b,proxy_anchor,0.5,20260506
3.0,10.81825157980336,qwen3.5-9b,proxy_anchor,0.5,20260506
4.0,10.147856510574597,qwen3.5-9b,proxy_anchor,0.5,20260506
5.0,10.034604648839757,qwen3.5-9b,proxy_anchor,0.5,20260506
6.0,9.179650276944699,qwen3.5-9b,proxy_anchor,0.5,20260506
7.0,8.917832966325006,qwen3.5-9b,proxy_anchor,0.5,20260506
8.0,8.070173321612168,qwen3.5-9b,proxy_anchor,0.5,20260506
9.0,9.14583095906653,qwen3.5-9b,proxy_anchor,0.5,20260506
10.0,7.4400249508538865,qwen3.5-9b,proxy_anchor,0.5,20260506
11.0,9.279579740318171,qwen3.5-9b,proxy_anchor,0.5,20260506
12.0,7.797354715357935,qwen3.5-9b,proxy_anchor,0.5,20260506
13.0,5.35474226306623,qwen3.5-9b,proxy_anchor,0.5,20260506
14.0,8.310782549648584,qwen3.5-9b,proxy_anchor,0.5,20260506
15.0,4.541367083288945,qwen3.5-9b,proxy_anchor,0.5,20260506
16.0,5.574078654468755,qwen3.5-9b,proxy_anchor,0.5,20260506
17.0,6.754624471242267,qwen3.5-9b,proxy_anchor,0.5,20260506
18.0,5.119856398097154,qwen3.5-9b,proxy_anchor,0.5,20260506
19.0,3.09560233744675,qwen3.5-9b,proxy_anchor,0.5,20260506
20.0,2.9375959136917853,qwen3.5-9b,proxy_anchor,0.5,20260506
1.0,11.635775951731937,qwen3.5-9b,proxy_anchor,0.5,20260507
2.0,10.327341275188537,qwen3.5-9b,proxy_anchor,0.5,20260507
3.0,11.003340408077463,qwen3.5-9b,proxy_anchor,0.5,20260507
4.0,11.38738586429652,qwen3.5-9b,proxy_anchor,0.5,20260507
5.0,9.515885411634596,qwen3.5-9b,proxy_anchor,0.5,20260507
6.0,9.27372003920123,qwen3.5-9b,proxy_anchor,0.5,20260507
7.0,9.823678333586331,qwen3.5-9b,proxy_anchor,0.5,20260507
8.0,8.845919703179238,qwen3.5-9b,proxy_anchor,0.5,20260507
9.0,8.562378619178064,qwen3.5-9b,proxy_anchor,0.5,20260507
10.0,6.6948055926675405,qwen3.5-9b,proxy_anchor,0.5,20260507
11.0,11.053242534867765,qwen3.5-9b,proxy_anchor,0.5,20260507
12.0,9.340582223666736,qwen3.5-9b,proxy_anchor,0.5,20260507
13.0,6.811451703990431,qwen3.5-9b,proxy_anchor,0.5,20260507
14.0,10.747186231588966,qwen3.5-9b,proxy_anchor,0.5,20260507
15.0,10.002204426891728,qwen3.5-9b,proxy_anchor,0.5,20260507
1.0,11.678191609336663,qwen3.5-9b,proxy_anchor,0.5,20260508
2.0,11.27804752196956,qwen3.5-9b,proxy_anchor,0.5,20260508
3.0,10.424405020061089,qwen3.5-9b,proxy_anchor,0.5,20260508
4.0,9.555884641901846,qwen3.5-9b,proxy_anchor,0.5,20260508
5.0,9.382021989633685,qwen3.5-9b,proxy_anchor,0.5,20260508
6.0,8.372317648974244,qwen3.5-9b,proxy_anchor,0.5,20260508
7.0,8.73461383856353,qwen3.5-9b,proxy_anchor,0.5,20260508
8.0,10.814867597676242,qwen3.5-9b,proxy_anchor,0.5,20260508
9.0,9.132528106915897,qwen3.5-9b,proxy_anchor,0.5,20260508
10.0,7.69889201846433,qwen3.5-9b,proxy_anchor,0.5,20260508
11.0,8.80979334382706,qwen3.5-9b,proxy_anchor,0.5,20260508
12.0,7.27848770834963,qwen3.5-9b,proxy_anchor,0.5,20260508
13.0,7.38825387098292,qwen3.5-9b,proxy_anchor,0.5,20260508
14.0,7.146755027141987,qwen3.5-9b,proxy_anchor,0.5,20260508
15.0,5.404558069266867,qwen3.5-9b,proxy_anchor,0.5,20260508
16.0,7.747352022135216,qwen3.5-9b,proxy_anchor,0.5,20260508
17.0,5.475464841576774,qwen3.5-9b,proxy_anchor,0.5,20260508
18.0,4.33172319164922,qwen3.5-9b,proxy_anchor,0.5,20260508
19.0,5.699048215032894,qwen3.5-9b,proxy_anchor,0.5,20260508
20.0,6.807949063457446,qwen3.5-9b,proxy_anchor,0.5,20260508
1.0,11.40638125427172,qwen3.5-9b,proxy_anchor,0.25,20260506
2.0,9.54747108519915,qwen3.5-9b,proxy_anchor,0.25,20260506
3.0,9.179117119650448,qwen3.5-9b,proxy_anchor,0.25,20260506
4.0,9.6719011521967,qwen3.5-9b,proxy_anchor,0.25,20260506
5.0,8.903341118100656,qwen3.5-9b,proxy_anchor,0.25,20260506
6.0,9.254492434704666,qwen3.5-9b,proxy_anchor,0.25,20260506
7.0,8.886933118219178,qwen3.5-9b,proxy_anchor,0.25,20260506
8.0,8.807693620974714,qwen3.5-9b,proxy_anchor,0.25,20260506
9.0,8.235255206877271,qwen3.5-9b,proxy_anchor,0.25,20260506
10.0,6.565369049141433,qwen3.5-9b,proxy_anchor,0.25,20260506
11.0,8.672992379562404,qwen3.5-9b,proxy_anchor,0.25,20260506
12.0,6.496173679247906,qwen3.5-9b,proxy_anchor,0.25,20260506
13.0,10.116108180417632,qwen3.5-9b,proxy_anchor,0.25,20260506
14.0,6.758196186857884,qwen3.5-9b,proxy_anchor,0.25,20260506
15.0,5.537723884280462,qwen3.5-9b,proxy_anchor,0.25,20260506
16.0,15.464857928868057,qwen3.5-9b,proxy_anchor,0.25,20260506
17.0,10.41613023112931,qwen3.5-9b,proxy_anchor,0.25,20260506
18.0,8.721835598749424,qwen3.5-9b,proxy_anchor,0.25,20260506
19.0,9.561758294362654,qwen3.5-9b,proxy_anchor,0.25,20260506
20.0,9.781618168126766,qwen3.5-9b,proxy_anchor,0.25,20260506
1.0,10.25473399518437,qwen3.5-9b,proxy_anchor,0.25,20260507
2.0,10.51977297341522,qwen3.5-9b,proxy_anchor,0.25,20260507
3.0,9.41005784423961,qwen3.5-9b,proxy_anchor,0.25,20260507
4.0,10.280482621927746,qwen3.5-9b,proxy_anchor,0.25,20260507
5.0,7.758791384175553,qwen3.5-9b,proxy_anchor,0.25,20260507
6.0,8.68300078690829,qwen3.5-9b,proxy_anchor,0.25,20260507
7.0,8.769671552052682,qwen3.5-9b,proxy_anchor,0.25,20260507
8.0,6.997679655795021,qwen3.5-9b,proxy_anchor,0.25,20260507
9.0,8.424417232662828,qwen3.5-9b,proxy_anchor,0.25,20260507
10.0,7.4928990156182,qwen3.5-9b,proxy_anchor,0.25,20260507
11.0,6.372388587438699,qwen3.5-9b,proxy_anchor,0.25,20260507
12.0,6.993689329399345,qwen3.5-9b,proxy_anchor,0.25,20260507
13.0,7.612023130268689,qwen3.5-9b,proxy_anchor,0.25,20260507
14.0,7.285306991624187,qwen3.5-9b,proxy_anchor,0.25,20260507
15.0,5.582459230137784,qwen3.5-9b,proxy_anchor,0.25,20260507
16.0,7.0874504554372235,qwen3.5-9b,proxy_anchor,0.25,20260507
17.0,8.103675338273277,qwen3.5-9b,proxy_anchor,0.25,20260507
18.0,5.754234866964339,qwen3.5-9b,proxy_anchor,0.25,20260507
19.0,5.470059170257852,qwen3.5-9b,proxy_anchor,0.25,20260507
20.0,4.8333533297802465,qwen3.5-9b,proxy_anchor,0.25,20260507
1.0,11.677978672580343,qwen3.5-9b,proxy_anchor,0.25,20260508
2.0,10.329843816140592,qwen3.5-9b,proxy_anchor,0.25,20260508
3.0,9.982494029248123,qwen3.5-9b,proxy_anchor,0.25,20260508
4.0,9.198460681036918,qwen3.5-9b,proxy_anchor,0.25,20260508
5.0,9.152983306078138,qwen3.5-9b,proxy_anchor,0.25,20260508
6.0,9.705620179296972,qwen3.5-9b,proxy_anchor,0.25,20260508
7.0,7.883555829662086,qwen3.5-9b,proxy_anchor,0.25,20260508
8.0,7.8819459511317955,qwen3.5-9b,proxy_anchor,0.25,20260508
9.0,9.842855722557514,qwen3.5-9b,proxy_anchor,0.25,20260508
10.0,7.758767938479846,qwen3.5-9b,proxy_anchor,0.25,20260508
11.0,7.295062702903636,qwen3.5-9b,proxy_anchor,0.25,20260508
12.0,7.921290451018608,qwen3.5-9b,proxy_anchor,0.25,20260508
13.0,6.2681137254224115,qwen3.5-9b,proxy_anchor,0.25,20260508
14.0,9.155016665260048,qwen3.5-9b,proxy_anchor,0.25,20260508
15.0,7.9749952481853486,qwen3.5-9b,proxy_anchor,0.25,20260508
16.0,9.07770228964759,qwen3.5-9b,proxy_anchor,0.25,20260508
17.0,5.456802422269787,qwen3.5-9b,proxy_anchor,0.25,20260508
18.0,5.789582148677944,qwen3.5-9b,proxy_anchor,0.25,20260508
19.0,4.635057258354241,qwen3.5-9b,proxy_anchor,0.25,20260508
20.0,7.526255577505625,qwen3.5-9b,proxy_anchor,0.25,20260508
1.0,13.525981306907958,phi-4-multimodal-instruct,proxy_anchor,1.0,20260506
2.0,12.894052695448723,phi-4-multimodal-instruct,proxy_anchor,1.0,20260506
3.0,12.240901363516974,phi-4-multimodal-instruct,proxy_anchor,1.0,20260506
4.0,11.811774178837123,phi-4-multimodal-instruct,proxy_anchor,1.0,20260506
5.0,11.22304668562892,phi-4-multimodal-instruct,proxy_anchor,1.0,20260506
6.0,10.963083088945929,phi-4-multimodal-instruct,proxy_anchor,1.0,20260506
7.0,12.688899000282793,phi-4-multimodal-instruct,proxy_anchor,1.0,20260506
8.0,11.502852121339512,phi-4-multimodal-instruct,proxy_anchor,1.0,20260506
9.0,10.853304313566152,phi-4-multimodal-instruct,proxy_anchor,1.0,20260506
10.0,9.911360761118374,phi-4-multimodal-instruct,proxy_anchor,1.0,20260506
11.0,10.859898542359364,phi-4-multimodal-instruct,proxy_anchor,1.0,20260506
12.0,10.236911356266477,phi-4-multimodal-instruct,proxy_anchor,1.0,20260506
13.0,8.639461425765663,phi-4-multimodal-instruct,proxy_anchor,1.0,20260506
14.0,7.687554799743278,phi-4-multimodal-instruct,proxy_anchor,1.0,20260506
15.0,8.740880088981497,phi-4-multimodal-instruct,proxy_anchor,1.0,20260506
16.0,7.335572459968045,phi-4-multimodal-instruct,proxy_anchor,1.0,20260506
17.0,9.790156749709755,phi-4-multimodal-instruct,proxy_anchor,1.0,20260506
18.0,9.208197979931933,phi-4-multimodal-instruct,proxy_anchor,1.0,20260506
19.0,6.016127860826175,phi-4-multimodal-instruct,proxy_anchor,1.0,20260506
20.0,15.870979264272002,phi-4-multimodal-instruct,proxy_anchor,1.0,20260506
1.0,13.419802345221328,phi-4-multimodal-instruct,proxy_anchor,1.0,20260507
2.0,12.594303363920842,phi-4-multimodal-instruct,proxy_anchor,1.0,20260507
3.0,12.072148304550591,phi-4-multimodal-instruct,proxy_anchor,1.0,20260507
4.0,11.555659236654686,phi-4-multimodal-instruct,proxy_anchor,1.0,20260507
5.0,10.931895239482252,phi-4-multimodal-instruct,proxy_anchor,1.0,20260507
6.0,11.182102135179965,phi-4-multimodal-instruct,proxy_anchor,1.0,20260507
7.0,10.169344290284263,phi-4-multimodal-instruct,proxy_anchor,1.0,20260507
8.0,12.817783151145367,phi-4-multimodal-instruct,proxy_anchor,1.0,20260507
9.0,10.550209784288572,phi-4-multimodal-instruct,proxy_anchor,1.0,20260507
10.0,10.962724928227582,phi-4-multimodal-instruct,proxy_anchor,1.0,20260507
11.0,9.480279815330935,phi-4-multimodal-instruct,proxy_anchor,1.0,20260507
12.0,10.126497946671982,phi-4-multimodal-instruct,proxy_anchor,1.0,20260507
13.0,9.888037430253775,phi-4-multimodal-instruct,proxy_anchor,1.0,20260507
14.0,7.784503340599364,phi-4-multimodal-instruct,proxy_anchor,1.0,20260507
15.0,10.485495116299093,phi-4-multimodal-instruct,proxy_anchor,1.0,20260507
16.0,8.05890876401798,phi-4-multimodal-instruct,proxy_anchor,1.0,20260507
17.0,10.83912099832412,phi-4-multimodal-instruct,proxy_anchor,1.0,20260507
18.0,8.290830819672534,phi-4-multimodal-instruct,proxy_anchor,1.0,20260507
19.0,10.625440418781128,phi-4-multimodal-instruct,proxy_anchor,1.0,20260507
1.0,13.553288705258861,phi-4-multimodal-instruct,proxy_anchor,1.0,20260508
2.0,12.592360185773185,phi-4-multimodal-instruct,proxy_anchor,1.0,20260508
3.0,12.161803099424773,phi-4-multimodal-instruct,proxy_anchor,1.0,20260508
4.0,11.697981619128655,phi-4-multimodal-instruct,proxy_anchor,1.0,20260508
5.0,11.743552417384958,phi-4-multimodal-instruct,proxy_anchor,1.0,20260508
6.0,11.136538149022227,phi-4-multimodal-instruct,proxy_anchor,1.0,20260508
7.0,12.712664782452997,phi-4-multimodal-instruct,proxy_anchor,1.0,20260508
8.0,11.386169942090168,phi-4-multimodal-instruct,proxy_anchor,1.0,20260508
9.0,10.063740528153447,phi-4-multimodal-instruct,proxy_anchor,1.0,20260508
10.0,9.98802344913502,phi-4-multimodal-instruct,proxy_anchor,1.0,20260508
11.0,9.569249044034528,phi-4-multimodal-instruct,proxy_anchor,1.0,20260508
12.0,11.036662465096494,phi-4-multimodal-instruct,proxy_anchor,1.0,20260508
13.0,10.386356921678178,phi-4-multimodal-instruct,proxy_anchor,1.0,20260508
14.0,8.935237686285811,phi-4-multimodal-instruct,proxy_anchor,1.0,20260508
15.0,8.351777229659769,phi-4-multimodal-instruct,proxy_anchor,1.0,20260508
16.0,8.143927092936966,phi-4-multimodal-instruct,proxy_anchor,1.0,20260508
17.0,7.394736778017693,phi-4-multimodal-instruct,proxy_anchor,1.0,20260508
18.0,8.919970361399821,phi-4-multimodal-instruct,proxy_anchor,1.0,20260508
19.0,9.095640550716661,phi-4-multimodal-instruct,proxy_anchor,1.0,20260508
20.0,6.782254664720139,phi-4-multimodal-instruct,proxy_anchor,1.0,20260508
1.0,12.700034549544236,phi-4-multimodal-instruct,proxy_anchor,0.5,20260506
2.0,11.829427050519808,phi-4-multimodal-instruct,proxy_anchor,0.5,20260506
3.0,11.360955147896883,phi-4-multimodal-instruct,proxy_anchor,0.5,20260506
4.0,11.132265737552059,phi-4-multimodal-instruct,proxy_anchor,0.5,20260506
5.0,10.542202722411021,phi-4-multimodal-instruct,proxy_anchor,0.5,20260506
6.0,10.37528427065059,phi-4-multimodal-instruct,proxy_anchor,0.5,20260506
7.0,10.404426907006439,phi-4-multimodal-instruct,proxy_anchor,0.5,20260506
8.0,9.331689230459412,phi-4-multimodal-instruct,proxy_anchor,0.5,20260506
9.0,9.171091520445867,phi-4-multimodal-instruct,proxy_anchor,0.5,20260506
10.0,9.342584385121091,phi-4-multimodal-instruct,proxy_anchor,0.5,20260506
11.0,10.19095781894451,phi-4-multimodal-instruct,proxy_anchor,0.5,20260506
12.0,7.9574038715677355,phi-4-multimodal-instruct,proxy_anchor,0.5,20260506
13.0,14.335482467179652,phi-4-multimodal-instruct,proxy_anchor,0.5,20260506
14.0,10.29188558035319,phi-4-multimodal-instruct,proxy_anchor,0.5,20260506
15.0,7.429885230078134,phi-4-multimodal-instruct,proxy_anchor,0.5,20260506
16.0,14.59614733810165,phi-4-multimodal-instruct,proxy_anchor,0.5,20260506
17.0,11.261255517629294,phi-4-multimodal-instruct,proxy_anchor,0.5,20260506
18.0,9.614168590858466,phi-4-multimodal-instruct,proxy_anchor,0.5,20260506
19.0,7.7608472908046,phi-4-multimodal-instruct,proxy_anchor,0.5,20260506
20.0,8.75053556970442,phi-4-multimodal-instruct,proxy_anchor,0.5,20260506
1.0,12.857199221154548,phi-4-multimodal-instruct,proxy_anchor,0.5,20260507
2.0,11.885820079230813,phi-4-multimodal-instruct,proxy_anchor,0.5,20260507
3.0,11.563422278268568,phi-4-multimodal-instruct,proxy_anchor,0.5,20260507
4.0,11.499394144723325,phi-4-multimodal-instruct,proxy_anchor,0.5,20260507
5.0,12.463170206481198,phi-4-multimodal-instruct,proxy_anchor,0.5,20260507
6.0,11.067846989800302,phi-4-multimodal-instruct,proxy_anchor,0.5,20260507
7.0,10.867442773904418,phi-4-multimodal-instruct,proxy_anchor,0.5,20260507
8.0,10.284988641176732,phi-4-multimodal-instruct,proxy_anchor,0.5,20260507
9.0,9.952475231481467,phi-4-multimodal-instruct,proxy_anchor,0.5,20260507
10.0,8.777033597472952,phi-4-multimodal-instruct,proxy_anchor,0.5,20260507
11.0,7.6737338344183215,phi-4-multimodal-instruct,proxy_anchor,0.5,20260507
12.0,10.20324925686759,phi-4-multimodal-instruct,proxy_anchor,0.5,20260507
13.0,8.01299245088301,phi-4-multimodal-instruct,proxy_anchor,0.5,20260507
14.0,8.426175430553696,phi-4-multimodal-instruct,proxy_anchor,0.5,20260507
15.0,9.241967144017448,phi-4-multimodal-instruct,proxy_anchor,0.5,20260507
16.0,7.173089613550959,phi-4-multimodal-instruct,proxy_anchor,0.5,20260507
17.0,5.236612172535273,phi-4-multimodal-instruct,proxy_anchor,0.5,20260507
18.0,9.831401388714506,phi-4-multimodal-instruct,proxy_anchor,0.5,20260507
19.0,5.369066223662219,phi-4-multimodal-instruct,proxy_anchor,0.5,20260507
20.0,7.7756023308292,phi-4-multimodal-instruct,proxy_anchor,0.5,20260507
1.0,12.688402956432155,phi-4-multimodal-instruct,proxy_anchor,0.5,20260508
2.0,11.8788071268355,phi-4-multimodal-instruct,proxy_anchor,0.5,20260508
3.0,11.523150343341543,phi-4-multimodal-instruct,proxy_anchor,0.5,20260508
4.0,11.558785322857428,phi-4-multimodal-instruct,proxy_anchor,0.5,20260508
5.0,11.605063597069757,phi-4-multimodal-instruct,proxy_anchor,0.5,20260508
6.0,11.261290740367158,phi-4-multimodal-instruct,proxy_anchor,0.5,20260508
7.0,10.331152448986474,phi-4-multimodal-instruct,proxy_anchor,0.5,20260508
8.0,10.406785098988566,phi-4-multimodal-instruct,proxy_anchor,0.5,20260508
9.0,8.994876847830561,phi-4-multimodal-instruct,proxy_anchor,0.5,20260508
10.0,10.451343638815116,phi-4-multimodal-instruct,proxy_anchor,0.5,20260508
11.0,9.214417940539029,phi-4-multimodal-instruct,proxy_anchor,0.5,20260508
12.0,7.787628043531778,phi-4-multimodal-instruct,proxy_anchor,0.5,20260508
13.0,6.961333369534147,phi-4-multimodal-instruct,proxy_anchor,0.5,20260508
14.0,9.874588271539062,phi-4-multimodal-instruct,proxy_anchor,0.5,20260508
15.0,10.620541169064376,phi-4-multimodal-instruct,proxy_anchor,0.5,20260508
16.0,9.086093439117663,phi-4-multimodal-instruct,proxy_anchor,0.5,20260508
17.0,6.673275839573493,phi-4-multimodal-instruct,proxy_anchor,0.5,20260508
18.0,10.389256081844707,phi-4-multimodal-instruct,proxy_anchor,0.5,20260508
19.0,8.487870073580822,phi-4-multimodal-instruct,proxy_anchor,0.5,20260508
20.0,5.060459601032365,phi-4-multimodal-instruct,proxy_anchor,0.5,20260508
1.0,12.722319394413326,phi-4-multimodal-instruct,proxy_anchor,0.25,20260506
2.0,11.783219307091585,phi-4-multimodal-instruct,proxy_anchor,0.25,20260506
3.0,10.998225155403153,phi-4-multimodal-instruct,proxy_anchor,0.25,20260506
4.0,11.656323438996722,phi-4-multimodal-instruct,proxy_anchor,0.25,20260506
5.0,12.789407274525637,phi-4-multimodal-instruct,proxy_anchor,0.25,20260506
6.0,10.94184895229947,phi-4-multimodal-instruct,proxy_anchor,0.25,20260506
7.0,10.148034682952169,phi-4-multimodal-instruct,proxy_anchor,0.25,20260506
8.0,9.863553298253668,phi-4-multimodal-instruct,proxy_anchor,0.25,20260506
9.0,8.640828940491419,phi-4-multimodal-instruct,proxy_anchor,0.25,20260506
10.0,14.961664052019707,phi-4-multimodal-instruct,proxy_anchor,0.25,20260506
11.0,12.924935992862515,phi-4-multimodal-instruct,proxy_anchor,0.25,20260506
12.0,12.423842889741222,phi-4-multimodal-instruct,proxy_anchor,0.25,20260506
13.0,11.269225663187145,phi-4-multimodal-instruct,proxy_anchor,0.25,20260506
14.0,10.25008849125759,phi-4-multimodal-instruct,proxy_anchor,0.25,20260506
1.0,12.19219621225021,phi-4-multimodal-instruct,proxy_anchor,0.25,20260507
2.0,11.59620370885116,phi-4-multimodal-instruct,proxy_anchor,0.25,20260507
3.0,11.198415144740142,phi-4-multimodal-instruct,proxy_anchor,0.25,20260507
4.0,11.26847226250197,phi-4-multimodal-instruct,proxy_anchor,0.25,20260507
5.0,10.92156373771133,phi-4-multimodal-instruct,proxy_anchor,0.25,20260507
6.0,10.81385510843524,phi-4-multimodal-instruct,proxy_anchor,0.25,20260507
7.0,10.809311743248294,phi-4-multimodal-instruct,proxy_anchor,0.25,20260507
8.0,10.408925886619876,phi-4-multimodal-instruct,proxy_anchor,0.25,20260507
9.0,9.563942491122365,phi-4-multimodal-instruct,proxy_anchor,0.25,20260507
10.0,10.095236312558443,phi-4-multimodal-instruct,proxy_anchor,0.25,20260507
11.0,9.281744594533478,phi-4-multimodal-instruct,proxy_anchor,0.25,20260507
12.0,9.80663690951726,phi-4-multimodal-instruct,proxy_anchor,0.25,20260507
13.0,9.19937518498447,phi-4-multimodal-instruct,proxy_anchor,0.25,20260507
14.0,8.792150371899776,phi-4-multimodal-instruct,proxy_anchor,0.25,20260507
15.0,7.078136063431985,phi-4-multimodal-instruct,proxy_anchor,0.25,20260507
16.0,12.857508045852564,phi-4-multimodal-instruct,proxy_anchor,0.25,20260507
17.0,8.877530165791764,phi-4-multimodal-instruct,proxy_anchor,0.25,20260507
18.0,12.16194285253051,phi-4-multimodal-instruct,proxy_anchor,0.25,20260507
19.0,9.845985021813913,phi-4-multimodal-instruct,proxy_anchor,0.25,20260507
20.0,7.089610544233059,phi-4-multimodal-instruct,proxy_anchor,0.25,20260507
1.0,11.85566064709058,phi-4-multimodal-instruct,proxy_anchor,0.25,20260508
2.0,11.033059818729473,phi-4-multimodal-instruct,proxy_anchor,0.25,20260508
3.0,9.771853030866877,phi-4-multimodal-instruct,proxy_anchor,0.25,20260508
4.0,14.670371622543174,phi-4-multimodal-instruct,proxy_anchor,0.25,20260508
5.0,10.935025458123274,phi-4-multimodal-instruct,proxy_anchor,0.25,20260508
6.0,9.738920811128718,phi-4-multimodal-instruct,proxy_anchor,0.25,20260508
7.0,8.92202085345161,phi-4-multimodal-instruct,proxy_anchor,0.25,20260508
8.0,8.571243148447348,phi-4-multimodal-instruct,proxy_anchor,0.25,20260508
9.0,7.855071938468139,phi-4-multimodal-instruct,proxy_anchor,0.25,20260508
10.0,8.332716589520691,phi-4-multimodal-instruct,proxy_anchor,0.25,20260508
11.0,13.222463356714593,phi-4-multimodal-instruct,proxy_anchor,0.25,20260508
12.0,11.517392873257842,phi-4-multimodal-instruct,proxy_anchor,0.25,20260508
13.0,8.044090801490087,phi-4-multimodal-instruct,proxy_anchor,0.25,20260508
14.0,7.224495743996525,phi-4-multimodal-instruct,proxy_anchor,0.25,20260508
15.0,8.422999470097244,phi-4-multimodal-instruct,proxy_anchor,0.25,20260508
16.0,11.79938262485901,phi-4-multimodal-instruct,proxy_anchor,0.25,20260508
17.0,8.784992625885454,phi-4-multimodal-instruct,proxy_anchor,0.25,20260508
18.0,6.670003874792921,phi-4-multimodal-instruct,proxy_anchor,0.25,20260508
19.0,9.562252846493083,phi-4-multimodal-instruct,proxy_anchor,0.25,20260508
20.0,11.564946253588245,phi-4-multimodal-instruct,proxy_anchor,0.25,20260508
1.0,12.941947820462785,phi-3.5-vision-instruct,proxy_anchor,1.0,20260506
2.0,11.713706417874246,phi-3.5-vision-instruct,proxy_anchor,1.0,20260506
3.0,10.952182346145355,phi-3.5-vision-instruct,proxy_anchor,1.0,20260506
4.0,10.85463222864457,phi-3.5-vision-instruct,proxy_anchor,1.0,20260506
5.0,10.494195761766749,phi-3.5-vision-instruct,proxy_anchor,1.0,20260506
6.0,8.659281693660237,phi-3.5-vision-instruct,proxy_anchor,1.0,20260506
7.0,9.236398084257411,phi-3.5-vision-instruct,proxy_anchor,1.0,20260506
8.0,7.417531175137073,phi-3.5-vision-instruct,proxy_anchor,1.0,20260506
9.0,6.187798877071498,phi-3.5-vision-instruct,proxy_anchor,1.0,20260506
10.0,12.210097060573469,phi-3.5-vision-instruct,proxy_anchor,1.0,20260506
11.0,9.455202708715587,phi-3.5-vision-instruct,proxy_anchor,1.0,20260506
12.0,6.610576627358367,phi-3.5-vision-instruct,proxy_anchor,1.0,20260506
13.0,5.736471769026818,phi-3.5-vision-instruct,proxy_anchor,1.0,20260506
14.0,4.657385271743304,phi-3.5-vision-instruct,proxy_anchor,1.0,20260506
15.0,10.367575397146876,phi-3.5-vision-instruct,proxy_anchor,1.0,20260506
16.0,5.707649409834308,phi-3.5-vision-instruct,proxy_anchor,1.0,20260506
17.0,2.6742688460507122,phi-3.5-vision-instruct,proxy_anchor,1.0,20260506
18.0,6.018635566062299,phi-3.5-vision-instruct,proxy_anchor,1.0,20260506
19.0,5.578185973334642,phi-3.5-vision-instruct,proxy_anchor,1.0,20260506
20.0,2.7965483349638096,phi-3.5-vision-instruct,proxy_anchor,1.0,20260506
1.0,12.979110991410064,phi-3.5-vision-instruct,proxy_anchor,1.0,20260507
2.0,11.783178884848779,phi-3.5-vision-instruct,proxy_anchor,1.0,20260507
3.0,11.14098705166078,phi-3.5-vision-instruct,proxy_anchor,1.0,20260507
4.0,10.541421057187282,phi-3.5-vision-instruct,proxy_anchor,1.0,20260507
5.0,11.145409980311785,phi-3.5-vision-instruct,proxy_anchor,1.0,20260507
6.0,10.110248507906096,phi-3.5-vision-instruct,proxy_anchor,1.0,20260507
7.0,8.175973753366662,phi-3.5-vision-instruct,proxy_anchor,1.0,20260507
8.0,8.68490317220009,phi-3.5-vision-instruct,proxy_anchor,1.0,20260507
9.0,8.04065814509782,phi-3.5-vision-instruct,proxy_anchor,1.0,20260507
10.0,6.567350106842333,phi-3.5-vision-instruct,proxy_anchor,1.0,20260507
11.0,8.416945064232529,phi-3.5-vision-instruct,proxy_anchor,1.0,20260507
12.0,6.200966474227013,phi-3.5-vision-instruct,proxy_anchor,1.0,20260507
13.0,4.250388220190115,phi-3.5-vision-instruct,proxy_anchor,1.0,20260507
14.0,8.625206632137806,phi-3.5-vision-instruct,proxy_anchor,1.0,20260507
15.0,6.013634378674433,phi-3.5-vision-instruct,proxy_anchor,1.0,20260507
16.0,3.570548382879697,phi-3.5-vision-instruct,proxy_anchor,1.0,20260507
17.0,4.624664012101201,phi-3.5-vision-instruct,proxy_anchor,1.0,20260507
18.0,5.216861082314178,phi-3.5-vision-instruct,proxy_anchor,1.0,20260507
19.0,7.143676823687984,phi-3.5-vision-instruct,proxy_anchor,1.0,20260507
20.0,2.6237480394645147,phi-3.5-vision-instruct,proxy_anchor,1.0,20260507
1.0,13.007455686960412,phi-3.5-vision-instruct,proxy_anchor,1.0,20260508
2.0,11.8889347566935,phi-3.5-vision-instruct,proxy_anchor,1.0,20260508
3.0,11.00760339297093,phi-3.5-vision-instruct,proxy_anchor,1.0,20260508
4.0,9.798733969677267,phi-3.5-vision-instruct,proxy_anchor,1.0,20260508
5.0,9.646421523707327,phi-3.5-vision-instruct,proxy_anchor,1.0,20260508
6.0,8.284057971901646,phi-3.5-vision-instruct,proxy_anchor,1.0,20260508
7.0,7.688427539991649,phi-3.5-vision-instruct,proxy_anchor,1.0,20260508
8.0,7.271638740008493,phi-3.5-vision-instruct,proxy_anchor,1.0,20260508
9.0,7.358733638313447,phi-3.5-vision-instruct,proxy_anchor,1.0,20260508
10.0,9.1361095193342,phi-3.5-vision-instruct,proxy_anchor,1.0,20260508
11.0,6.597590586330888,phi-3.5-vision-instruct,proxy_anchor,1.0,20260508
12.0,4.663611044285782,phi-3.5-vision-instruct,proxy_anchor,1.0,20260508
13.0,2.9430408211747596,phi-3.5-vision-instruct,proxy_anchor,1.0,20260508
14.0,4.857126655411391,phi-3.5-vision-instruct,proxy_anchor,1.0,20260508
15.0,7.021067399400961,phi-3.5-vision-instruct,proxy_anchor,1.0,20260508
16.0,5.981874160381484,phi-3.5-vision-instruct,proxy_anchor,1.0,20260508
17.0,3.753280577320095,phi-3.5-vision-instruct,proxy_anchor,1.0,20260508
18.0,1.8066455769084402,phi-3.5-vision-instruct,proxy_anchor,1.0,20260508
19.0,2.0531720482327604,phi-3.5-vision-instruct,proxy_anchor,1.0,20260508
20.0,2.018316466222724,phi-3.5-vision-instruct,proxy_anchor,1.0,20260508
1.0,12.650519259865067,phi-3.5-vision-instruct,proxy_anchor,0.5,20260506
2.0,12.083834680556222,phi-3.5-vision-instruct,proxy_anchor,0.5,20260506
3.0,11.051757853673204,phi-3.5-vision-instruct,proxy_anchor,0.5,20260506
4.0,11.090107642439849,phi-3.5-vision-instruct,proxy_anchor,0.5,20260506
5.0,10.154359649209415,phi-3.5-vision-instruct,proxy_anchor,0.5,20260506
6.0,9.677780741173322,phi-3.5-vision-instruct,proxy_anchor,0.5,20260506
7.0,9.61110832983265,phi-3.5-vision-instruct,proxy_anchor,0.5,20260506
8.0,10.507600781213768,phi-3.5-vision-instruct,proxy_anchor,0.5,20260506
9.0,8.366530749840281,phi-3.5-vision-instruct,proxy_anchor,0.5,20260506
10.0,7.853095559255535,phi-3.5-vision-instruct,proxy_anchor,0.5,20260506
11.0,5.996249031647436,phi-3.5-vision-instruct,proxy_anchor,0.5,20260506
12.0,7.563958469366165,phi-3.5-vision-instruct,proxy_anchor,0.5,20260506
13.0,6.96745750264612,phi-3.5-vision-instruct,proxy_anchor,0.5,20260506
14.0,4.717793896979277,phi-3.5-vision-instruct,proxy_anchor,0.5,20260506
15.0,6.394856251965197,phi-3.5-vision-instruct,proxy_anchor,0.5,20260506
16.0,10.234092417499276,phi-3.5-vision-instruct,proxy_anchor,0.5,20260506
17.0,6.7352889552993895,phi-3.5-vision-instruct,proxy_anchor,0.5,20260506
18.0,2.788523437313563,phi-3.5-vision-instruct,proxy_anchor,0.5,20260506
19.0,3.149872122200772,phi-3.5-vision-instruct,proxy_anchor,0.5,20260506
20.0,3.066052145825742,phi-3.5-vision-instruct,proxy_anchor,0.5,20260506
1.0,12.387049777406135,phi-3.5-vision-instruct,proxy_anchor,0.5,20260507
2.0,11.040871569741048,phi-3.5-vision-instruct,proxy_anchor,0.5,20260507
3.0,11.579782647566736,phi-3.5-vision-instruct,proxy_anchor,0.5,20260507
4.0,10.737590371372246,phi-3.5-vision-instruct,proxy_anchor,0.5,20260507
5.0,10.450252504137742,phi-3.5-vision-instruct,proxy_anchor,0.5,20260507
6.0,9.920887134426424,phi-3.5-vision-instruct,proxy_anchor,0.5,20260507
7.0,8.242622612748864,phi-3.5-vision-instruct,proxy_anchor,0.5,20260507
8.0,8.936105770609279,phi-3.5-vision-instruct,proxy_anchor,0.5,20260507
9.0,7.985830891666319,phi-3.5-vision-instruct,proxy_anchor,0.5,20260507
10.0,6.116411002983098,phi-3.5-vision-instruct,proxy_anchor,0.5,20260507
11.0,8.119531899610212,phi-3.5-vision-instruct,proxy_anchor,0.5,20260507
12.0,9.446643816993742,phi-3.5-vision-instruct,proxy_anchor,0.5,20260507
13.0,7.986435754068851,phi-3.5-vision-instruct,proxy_anchor,0.5,20260507
14.0,7.007055455777559,phi-3.5-vision-instruct,proxy_anchor,0.5,20260507
15.0,7.248944577177473,phi-3.5-vision-instruct,proxy_anchor,0.5,20260507
1.0,12.390699448356484,phi-3.5-vision-instruct,proxy_anchor,0.5,20260508
2.0,11.673223418798308,phi-3.5-vision-instruct,proxy_anchor,0.5,20260508
3.0,11.224743087035671,phi-3.5-vision-instruct,proxy_anchor,0.5,20260508
4.0,10.69911396265416,phi-3.5-vision-instruct,proxy_anchor,0.5,20260508
5.0,9.624414912829577,phi-3.5-vision-instruct,proxy_anchor,0.5,20260508
6.0,9.037095191860868,phi-3.5-vision-instruct,proxy_anchor,0.5,20260508
7.0,9.331941983407726,phi-3.5-vision-instruct,proxy_anchor,0.5,20260508
8.0,9.132113389304955,phi-3.5-vision-instruct,proxy_anchor,0.5,20260508
9.0,7.418494437105001,phi-3.5-vision-instruct,proxy_anchor,0.5,20260508
10.0,8.016851559884472,phi-3.5-vision-instruct,proxy_anchor,0.5,20260508
11.0,5.610728383257269,phi-3.5-vision-instruct,proxy_anchor,0.5,20260508
12.0,4.49518856896752,phi-3.5-vision-instruct,proxy_anchor,0.5,20260508
13.0,5.935843310739566,phi-3.5-vision-instruct,proxy_anchor,0.5,20260508
14.0,3.815580211603956,phi-3.5-vision-instruct,proxy_anchor,0.5,20260508
15.0,4.584987329812675,phi-3.5-vision-instruct,proxy_anchor,0.5,20260508
16.0,2.7620214703143513,phi-3.5-vision-instruct,proxy_anchor,0.5,20260508
17.0,2.8477228928103044,phi-3.5-vision-instruct,proxy_anchor,0.5,20260508
18.0,7.880411440915696,phi-3.5-vision-instruct,proxy_anchor,0.5,20260508
19.0,4.998457095813443,phi-3.5-vision-instruct,proxy_anchor,0.5,20260508
20.0,0.6013584741257204,phi-3.5-vision-instruct,proxy_anchor,0.5,20260508
1.0,10.814034597362095,phi-3.5-vision-instruct,proxy_anchor,0.25,20260506
2.0,10.834022482549623,phi-3.5-vision-instruct,proxy_anchor,0.25,20260506
3.0,10.43649535481295,phi-3.5-vision-instruct,proxy_anchor,0.25,20260506
4.0,9.845843825289695,phi-3.5-vision-instruct,proxy_anchor,0.25,20260506
5.0,9.49955763348685,phi-3.5-vision-instruct,proxy_anchor,0.25,20260506
6.0,7.93571633646791,phi-3.5-vision-instruct,proxy_anchor,0.25,20260506
7.0,6.42809195488667,phi-3.5-vision-instruct,proxy_anchor,0.25,20260506
8.0,8.959961873018973,phi-3.5-vision-instruct,proxy_anchor,0.25,20260506
9.0,6.921133910763481,phi-3.5-vision-instruct,proxy_anchor,0.25,20260506
10.0,5.457860621415243,phi-3.5-vision-instruct,proxy_anchor,0.25,20260506
11.0,8.968885708287731,phi-3.5-vision-instruct,proxy_anchor,0.25,20260506
12.0,8.379097237481933,phi-3.5-vision-instruct,proxy_anchor,0.25,20260506
13.0,7.43115390423429,phi-3.5-vision-instruct,proxy_anchor,0.25,20260506
14.0,4.265691386119872,phi-3.5-vision-instruct,proxy_anchor,0.25,20260506
15.0,13.007163149014552,phi-3.5-vision-instruct,proxy_anchor,0.25,20260506
16.0,11.904872580718372,phi-3.5-vision-instruct,proxy_anchor,0.25,20260506
17.0,9.506936705498259,phi-3.5-vision-instruct,proxy_anchor,0.25,20260506
18.0,4.393466940695237,phi-3.5-vision-instruct,proxy_anchor,0.25,20260506
19.0,6.88452791091311,phi-3.5-vision-instruct,proxy_anchor,0.25,20260506
1.0,12.021928312339503,phi-3.5-vision-instruct,proxy_anchor,0.25,20260507
2.0,10.467036633184172,phi-3.5-vision-instruct,proxy_anchor,0.25,20260507
3.0,10.379541171449729,phi-3.5-vision-instruct,proxy_anchor,0.25,20260507
4.0,9.72741303140455,phi-3.5-vision-instruct,proxy_anchor,0.25,20260507
5.0,8.75627584836066,phi-3.5-vision-instruct,proxy_anchor,0.25,20260507
6.0,9.004056528271429,phi-3.5-vision-instruct,proxy_anchor,0.25,20260507
7.0,7.0318038975184205,phi-3.5-vision-instruct,proxy_anchor,0.25,20260507
8.0,5.912407154423535,phi-3.5-vision-instruct,proxy_anchor,0.25,20260507
9.0,3.996208907288279,phi-3.5-vision-instruct,proxy_anchor,0.25,20260507
10.0,2.224316297146105,phi-3.5-vision-instruct,proxy_anchor,0.25,20260507
11.0,3.29321401187865,phi-3.5-vision-instruct,proxy_anchor,0.25,20260507
12.0,2.592401074401088,phi-3.5-vision-instruct,proxy_anchor,0.25,20260507
13.0,0.8994193768773612,phi-3.5-vision-instruct,proxy_anchor,0.25,20260507
14.0,2.7621486770211514,phi-3.5-vision-instruct,proxy_anchor,0.25,20260507
15.0,4.0437524273752485,phi-3.5-vision-instruct,proxy_anchor,0.25,20260507
16.0,1.727697640924892,phi-3.5-vision-instruct,proxy_anchor,0.25,20260507
17.0,0.3257147271266151,phi-3.5-vision-instruct,proxy_anchor,0.25,20260507
18.0,0.024115700735833058,phi-3.5-vision-instruct,proxy_anchor,0.25,20260507
19.0,0.01942173034577816,phi-3.5-vision-instruct,proxy_anchor,0.25,20260507
20.0,0.02486819023959671,phi-3.5-vision-instruct,proxy_anchor,0.25,20260507
1.0,11.697740792190702,phi-3.5-vision-instruct,proxy_anchor,0.25,20260508
2.0,11.249623951978064,phi-3.5-vision-instruct,proxy_anchor,0.25,20260508
3.0,10.247949664541519,phi-3.5-vision-instruct,proxy_anchor,0.25,20260508
4.0,9.87700466283612,phi-3.5-vision-instruct,proxy_anchor,0.25,20260508
5.0,9.537061495109198,phi-3.5-vision-instruct,proxy_anchor,0.25,20260508
6.0,10.530878753288627,phi-3.5-vision-instruct,proxy_anchor,0.25,20260508
7.0,8.095567656043174,phi-3.5-vision-instruct,proxy_anchor,0.25,20260508
8.0,7.5659656211154305,phi-3.5-vision-instruct,proxy_anchor,0.25,20260508
9.0,6.802927068046879,phi-3.5-vision-instruct,proxy_anchor,0.25,20260508
10.0,4.589060921366849,phi-3.5-vision-instruct,proxy_anchor,0.25,20260508
11.0,4.666883949189365,phi-3.5-vision-instruct,proxy_anchor,0.25,20260508
12.0,5.323307704692112,phi-3.5-vision-instruct,proxy_anchor,0.25,20260508
13.0,7.525292828393381,phi-3.5-vision-instruct,proxy_anchor,0.25,20260508
14.0,4.794963779376487,phi-3.5-vision-instruct,proxy_anchor,0.25,20260508
15.0,1.266709318887802,phi-3.5-vision-instruct,proxy_anchor,0.25,20260508
16.0,2.176344504527979,phi-3.5-vision-instruct,proxy_anchor,0.25,20260508
17.0,8.162321789302124,phi-3.5-vision-instruct,proxy_anchor,0.25,20260508
18.0,9.577635059870227,phi-3.5-vision-instruct,proxy_anchor,0.25,20260508
19.0,5.720037960891883,phi-3.5-vision-instruct,proxy_anchor,0.25,20260508
20.0,2.956459101618779,phi-3.5-vision-instruct,proxy_anchor,0.25,20260508
1.0,13.925387372761035,gemma-3-4b-it,proxy_anchor,1.0,20260506
2.0,13.300425289233972,gemma-3-4b-it,proxy_anchor,1.0,20260506
3.0,12.94232225588651,gemma-3-4b-it,proxy_anchor,1.0,20260506
4.0,12.634039040664415,gemma-3-4b-it,proxy_anchor,1.0,20260506
5.0,12.35818570623851,gemma-3-4b-it,proxy_anchor,1.0,20260506
6.0,12.558891521038666,gemma-3-4b-it,proxy_anchor,1.0,20260506
7.0,12.210259775269927,gemma-3-4b-it,proxy_anchor,1.0,20260506
8.0,11.822527218790887,gemma-3-4b-it,proxy_anchor,1.0,20260506
9.0,11.6963874366616,gemma-3-4b-it,proxy_anchor,1.0,20260506
10.0,11.608502032748277,gemma-3-4b-it,proxy_anchor,1.0,20260506
11.0,11.56219838015206,gemma-3-4b-it,proxy_anchor,1.0,20260506
12.0,11.79059806964077,gemma-3-4b-it,proxy_anchor,1.0,20260506
13.0,10.752598091967567,gemma-3-4b-it,proxy_anchor,1.0,20260506
14.0,11.64002527871422,gemma-3-4b-it,proxy_anchor,1.0,20260506
15.0,10.977199055677053,gemma-3-4b-it,proxy_anchor,1.0,20260506
16.0,10.265557441165633,gemma-3-4b-it,proxy_anchor,1.0,20260506
17.0,11.231906521484811,gemma-3-4b-it,proxy_anchor,1.0,20260506
18.0,11.320087217468355,gemma-3-4b-it,proxy_anchor,1.0,20260506
19.0,10.175203290226877,gemma-3-4b-it,proxy_anchor,1.0,20260506
20.0,10.970254824974127,gemma-3-4b-it,proxy_anchor,1.0,20260506
1.0,13.921129315863109,gemma-3-4b-it,proxy_anchor,1.0,20260507
2.0,13.197135823444256,gemma-3-4b-it,proxy_anchor,1.0,20260507
3.0,12.903649254605426,gemma-3-4b-it,proxy_anchor,1.0,20260507
4.0,12.51262080894786,gemma-3-4b-it,proxy_anchor,1.0,20260507
5.0,12.311174025265124,gemma-3-4b-it,proxy_anchor,1.0,20260507
6.0,11.920953922145026,gemma-3-4b-it,proxy_anchor,1.0,20260507
7.0,12.869771501271165,gemma-3-4b-it,proxy_anchor,1.0,20260507
8.0,12.185279705844854,gemma-3-4b-it,proxy_anchor,1.0,20260507
9.0,11.789837610618035,gemma-3-4b-it,proxy_anchor,1.0,20260507
10.0,11.660472157419367,gemma-3-4b-it,proxy_anchor,1.0,20260507
11.0,11.12313199128554,gemma-3-4b-it,proxy_anchor,1.0,20260507
12.0,12.723044696119773,gemma-3-4b-it,proxy_anchor,1.0,20260507
13.0,11.374492540003757,gemma-3-4b-it,proxy_anchor,1.0,20260507
14.0,10.675052903048165,gemma-3-4b-it,proxy_anchor,1.0,20260507
15.0,11.30961410598482,gemma-3-4b-it,proxy_anchor,1.0,20260507
16.0,11.25845152831041,gemma-3-4b-it,proxy_anchor,1.0,20260507
17.0,10.931885348209386,gemma-3-4b-it,proxy_anchor,1.0,20260507
18.0,9.99622646618328,gemma-3-4b-it,proxy_anchor,1.0,20260507
19.0,11.265374541830882,gemma-3-4b-it,proxy_anchor,1.0,20260507
20.0,10.171695215091695,gemma-3-4b-it,proxy_anchor,1.0,20260507
1.0,13.787696367633178,gemma-3-4b-it,proxy_anchor,1.0,20260508
2.0,13.086215726319296,gemma-3-4b-it,proxy_anchor,1.0,20260508
3.0,12.95403477410973,gemma-3-4b-it,proxy_anchor,1.0,20260508
4.0,12.561618875592231,gemma-3-4b-it,proxy_anchor,1.0,20260508
5.0,12.356169071499645,gemma-3-4b-it,proxy_anchor,1.0,20260508
6.0,12.251918866309087,gemma-3-4b-it,proxy_anchor,1.0,20260508
7.0,11.903175556726705,gemma-3-4b-it,proxy_anchor,1.0,20260508
8.0,12.819332897632659,gemma-3-4b-it,proxy_anchor,1.0,20260508
9.0,12.194013866527872,gemma-3-4b-it,proxy_anchor,1.0,20260508
10.0,11.889152214486927,gemma-3-4b-it,proxy_anchor,1.0,20260508
11.0,11.418828673794005,gemma-3-4b-it,proxy_anchor,1.0,20260508
12.0,11.226380718077209,gemma-3-4b-it,proxy_anchor,1.0,20260508
13.0,10.954675525807579,gemma-3-4b-it,proxy_anchor,1.0,20260508
14.0,11.472939105806267,gemma-3-4b-it,proxy_anchor,1.0,20260508
15.0,10.76664221743631,gemma-3-4b-it,proxy_anchor,1.0,20260508
16.0,10.361956003312864,gemma-3-4b-it,proxy_anchor,1.0,20260508
17.0,11.580534985678257,gemma-3-4b-it,proxy_anchor,1.0,20260508
18.0,10.443972783973159,gemma-3-4b-it,proxy_anchor,1.0,20260508
19.0,11.595913086366338,gemma-3-4b-it,proxy_anchor,1.0,20260508
20.0,11.688798951201129,gemma-3-4b-it,proxy_anchor,1.0,20260508
1.0,13.458882055770998,gemma-3-4b-it,proxy_anchor,0.5,20260506
2.0,12.844676643433274,gemma-3-4b-it,proxy_anchor,0.5,20260506
3.0,12.490325685074387,gemma-3-4b-it,proxy_anchor,0.5,20260506
4.0,12.297564623233765,gemma-3-4b-it,proxy_anchor,0.5,20260506
5.0,11.837622483657055,gemma-3-4b-it,proxy_anchor,0.5,20260506
6.0,11.592658762147806,gemma-3-4b-it,proxy_anchor,0.5,20260506
7.0,11.445325751188951,gemma-3-4b-it,proxy_anchor,0.5,20260506
8.0,11.045391602014917,gemma-3-4b-it,proxy_anchor,0.5,20260506
9.0,11.685631793657082,gemma-3-4b-it,proxy_anchor,0.5,20260506
10.0,10.91478124448874,gemma-3-4b-it,proxy_anchor,0.5,20260506
11.0,10.960176807208203,gemma-3-4b-it,proxy_anchor,0.5,20260506
12.0,10.544328821701502,gemma-3-4b-it,proxy_anchor,0.5,20260506
13.0,10.097098423528543,gemma-3-4b-it,proxy_anchor,0.5,20260506
14.0,10.073692393238654,gemma-3-4b-it,proxy_anchor,0.5,20260506
15.0,10.144754190779118,gemma-3-4b-it,proxy_anchor,0.5,20260506
16.0,9.32133921188807,gemma-3-4b-it,proxy_anchor,0.5,20260506
17.0,10.662795487375593,gemma-3-4b-it,proxy_anchor,0.5,20260506
18.0,9.155907106013954,gemma-3-4b-it,proxy_anchor,0.5,20260506
19.0,9.430240992008837,gemma-3-4b-it,proxy_anchor,0.5,20260506
20.0,13.83075961192663,gemma-3-4b-it,proxy_anchor,0.5,20260506
1.0,13.511839972030764,gemma-3-4b-it,proxy_anchor,0.5,20260507
2.0,12.907254973768866,gemma-3-4b-it,proxy_anchor,0.5,20260507
3.0,12.656458142632744,gemma-3-4b-it,proxy_anchor,0.5,20260507
4.0,12.41260907823506,gemma-3-4b-it,proxy_anchor,0.5,20260507
5.0,12.281689284496872,gemma-3-4b-it,proxy_anchor,0.5,20260507
6.0,12.113390134415537,gemma-3-4b-it,proxy_anchor,0.5,20260507
7.0,11.99074674847955,gemma-3-4b-it,proxy_anchor,0.5,20260507
8.0,11.71065981574457,gemma-3-4b-it,proxy_anchor,0.5,20260507
9.0,11.29741321676825,gemma-3-4b-it,proxy_anchor,0.5,20260507
10.0,11.047422753511414,gemma-3-4b-it,proxy_anchor,0.5,20260507
11.0,11.468287044843894,gemma-3-4b-it,proxy_anchor,0.5,20260507
12.0,11.345904610420494,gemma-3-4b-it,proxy_anchor,0.5,20260507
13.0,10.545882986433744,gemma-3-4b-it,proxy_anchor,0.5,20260507
14.0,11.074872173196223,gemma-3-4b-it,proxy_anchor,0.5,20260507
15.0,10.94075784194823,gemma-3-4b-it,proxy_anchor,0.5,20260507
16.0,10.143234757271738,gemma-3-4b-it,proxy_anchor,0.5,20260507
17.0,9.924674517896298,gemma-3-4b-it,proxy_anchor,0.5,20260507
18.0,10.48606057128495,gemma-3-4b-it,proxy_anchor,0.5,20260507
19.0,9.378121890661852,gemma-3-4b-it,proxy_anchor,0.5,20260507
20.0,9.676138004395519,gemma-3-4b-it,proxy_anchor,0.5,20260507
1.0,13.27779161962216,gemma-3-4b-it,proxy_anchor,0.5,20260508
2.0,12.537313536877901,gemma-3-4b-it,proxy_anchor,0.5,20260508
3.0,12.289550950906348,gemma-3-4b-it,proxy_anchor,0.5,20260508
4.0,11.754082745040524,gemma-3-4b-it,proxy_anchor,0.5,20260508
5.0,12.04822128172512,gemma-3-4b-it,proxy_anchor,0.5,20260508
6.0,11.545453317852997,gemma-3-4b-it,proxy_anchor,0.5,20260508
7.0,11.370594151129298,gemma-3-4b-it,proxy_anchor,0.5,20260508
8.0,11.21441210158109,gemma-3-4b-it,proxy_anchor,0.5,20260508
9.0,10.904564399410772,gemma-3-4b-it,proxy_anchor,0.5,20260508
10.0,11.587654484442945,gemma-3-4b-it,proxy_anchor,0.5,20260508
11.0,11.007258123207606,gemma-3-4b-it,proxy_anchor,0.5,20260508
12.0,10.495564070030685,gemma-3-4b-it,proxy_anchor,0.5,20260508
13.0,10.352399760243706,gemma-3-4b-it,proxy_anchor,0.5,20260508
14.0,9.641688454311813,gemma-3-4b-it,proxy_anchor,0.5,20260508
15.0,9.248683908878954,gemma-3-4b-it,proxy_anchor,0.5,20260508
16.0,16.472732342414137,gemma-3-4b-it,proxy_anchor,0.5,20260508
17.0,11.953214820697301,gemma-3-4b-it,proxy_anchor,0.5,20260508
18.0,11.054370703273063,gemma-3-4b-it,proxy_anchor,0.5,20260508
19.0,9.36948051015643,gemma-3-4b-it,proxy_anchor,0.5,20260508
20.0,9.224691830555384,gemma-3-4b-it,proxy_anchor,0.5,20260508
1.0,12.986098264114819,gemma-3-4b-it,proxy_anchor,0.25,20260506
2.0,12.244165779481706,gemma-3-4b-it,proxy_anchor,0.25,20260506
3.0,12.164843709400118,gemma-3-4b-it,proxy_anchor,0.25,20260506
4.0,11.887953600703744,gemma-3-4b-it,proxy_anchor,0.25,20260506
5.0,11.634594872891242,gemma-3-4b-it,proxy_anchor,0.25,20260506
6.0,11.549240831260935,gemma-3-4b-it,proxy_anchor,0.25,20260506
7.0,11.051514881413157,gemma-3-4b-it,proxy_anchor,0.25,20260506
8.0,10.782805873655162,gemma-3-4b-it,proxy_anchor,0.25,20260506
9.0,11.797117868706815,gemma-3-4b-it,proxy_anchor,0.25,20260506
10.0,11.516830067941196,gemma-3-4b-it,proxy_anchor,0.25,20260506
11.0,11.128141942415427,gemma-3-4b-it,proxy_anchor,0.25,20260506
12.0,10.671925259270848,gemma-3-4b-it,proxy_anchor,0.25,20260506
13.0,10.004080376973967,gemma-3-4b-it,proxy_anchor,0.25,20260506
14.0,10.734282522931068,gemma-3-4b-it,proxy_anchor,0.25,20260506
15.0,10.806435242460466,gemma-3-4b-it,proxy_anchor,0.25,20260506
16.0,10.372489956688723,gemma-3-4b-it,proxy_anchor,0.25,20260506
17.0,9.948587988538383,gemma-3-4b-it,proxy_anchor,0.25,20260506
18.0,10.113973181950808,gemma-3-4b-it,proxy_anchor,0.25,20260506
19.0,9.73616634081314,gemma-3-4b-it,proxy_anchor,0.25,20260506
20.0,9.136659808143015,gemma-3-4b-it,proxy_anchor,0.25,20260506
1.0,12.651003045676289,gemma-3-4b-it,proxy_anchor,0.25,20260507
2.0,11.812382082717118,gemma-3-4b-it,proxy_anchor,0.25,20260507
3.0,11.562516381629555,gemma-3-4b-it,proxy_anchor,0.25,20260507
4.0,11.142711162567139,gemma-3-4b-it,proxy_anchor,0.25,20260507
5.0,11.1984748935488,gemma-3-4b-it,proxy_anchor,0.25,20260507
6.0,10.606055786762957,gemma-3-4b-it,proxy_anchor,0.25,20260507
7.0,10.315457184933242,gemma-3-4b-it,proxy_anchor,0.25,20260507
8.0,11.138143133429889,gemma-3-4b-it,proxy_anchor,0.25,20260507
9.0,10.243899085304953,gemma-3-4b-it,proxy_anchor,0.25,20260507
10.0,10.142225441805804,gemma-3-4b-it,proxy_anchor,0.25,20260507
11.0,10.6578054110914,gemma-3-4b-it,proxy_anchor,0.25,20260507
12.0,10.186564567083794,gemma-3-4b-it,proxy_anchor,0.25,20260507
13.0,9.309970699234178,gemma-3-4b-it,proxy_anchor,0.25,20260507
14.0,9.28901437010839,gemma-3-4b-it,proxy_anchor,0.25,20260507
15.0,9.384383683722723,gemma-3-4b-it,proxy_anchor,0.25,20260507
16.0,8.755197334712467,gemma-3-4b-it,proxy_anchor,0.25,20260507
17.0,10.547767864362628,gemma-3-4b-it,proxy_anchor,0.25,20260507
18.0,9.450159869014291,gemma-3-4b-it,proxy_anchor,0.25,20260507
19.0,8.440345334900986,gemma-3-4b-it,proxy_anchor,0.25,20260507
20.0,10.127578136926216,gemma-3-4b-it,proxy_anchor,0.25,20260507
1.0,12.765574844343435,gemma-3-4b-it,proxy_anchor,0.25,20260508
2.0,12.135952619649883,gemma-3-4b-it,proxy_anchor,0.25,20260508
3.0,11.70182730723379,gemma-3-4b-it,proxy_anchor,0.25,20260508
4.0,12.2283595850621,gemma-3-4b-it,proxy_anchor,0.25,20260508
5.0,12.01152134998939,gemma-3-4b-it,proxy_anchor,0.25,20260508
6.0,11.481515717347815,gemma-3-4b-it,proxy_anchor,0.25,20260508
7.0,11.568573843877754,gemma-3-4b-it,proxy_anchor,0.25,20260508
8.0,11.157346153470735,gemma-3-4b-it,proxy_anchor,0.25,20260508
9.0,10.988963891555887,gemma-3-4b-it,proxy_anchor,0.25,20260508
10.0,10.768935392806906,gemma-3-4b-it,proxy_anchor,0.25,20260508
11.0,10.315245702367136,gemma-3-4b-it,proxy_anchor,0.25,20260508
12.0,10.866037544284321,gemma-3-4b-it,proxy_anchor,0.25,20260508
13.0,11.328278334336376,gemma-3-4b-it,proxy_anchor,0.25,20260508
14.0,10.61298923640452,gemma-3-4b-it,proxy_anchor,0.25,20260508
15.0,11.033435021165733,gemma-3-4b-it,proxy_anchor,0.25,20260508
16.0,10.348372334651566,gemma-3-4b-it,proxy_anchor,0.25,20260508
1.0,11.979214178127808,gemma-3-4b-it,proxy_anchor,0.1,20260506
2.0,11.143376398799047,gemma-3-4b-it,proxy_anchor,0.1,20260506
3.0,10.778816462705798,gemma-3-4b-it,proxy_anchor,0.1,20260506
4.0,10.512400255291974,gemma-3-4b-it,proxy_anchor,0.1,20260506
5.0,10.32828860152497,gemma-3-4b-it,proxy_anchor,0.1,20260506
6.0,10.98139104071489,gemma-3-4b-it,proxy_anchor,0.1,20260506
7.0,10.229653972284808,gemma-3-4b-it,proxy_anchor,0.1,20260506
8.0,9.588219459002408,gemma-3-4b-it,proxy_anchor,0.1,20260506
9.0,9.480305267045757,gemma-3-4b-it,proxy_anchor,0.1,20260506
10.0,9.198574344709217,gemma-3-4b-it,proxy_anchor,0.1,20260506
11.0,10.562568220918804,gemma-3-4b-it,proxy_anchor,0.1,20260506
12.0,9.94745007776562,gemma-3-4b-it,proxy_anchor,0.1,20260506
13.0,8.93154739184147,gemma-3-4b-it,proxy_anchor,0.1,20260506
14.0,8.826739505744161,gemma-3-4b-it,proxy_anchor,0.1,20260506
15.0,7.723452063120349,gemma-3-4b-it,proxy_anchor,0.1,20260506
16.0,8.934167817306411,gemma-3-4b-it,proxy_anchor,0.1,20260506
17.0,7.707168030342251,gemma-3-4b-it,proxy_anchor,0.1,20260506
18.0,7.305875373820974,gemma-3-4b-it,proxy_anchor,0.1,20260506
19.0,10.501348612172052,gemma-3-4b-it,proxy_anchor,0.1,20260506
20.0,9.34236769115619,gemma-3-4b-it,proxy_anchor,0.1,20260506
1.0,11.783358892790861,gemma-3-4b-it,proxy_anchor,0.1,20260507
2.0,10.625779252741953,gemma-3-4b-it,proxy_anchor,0.1,20260507
3.0,10.815127072416294,gemma-3-4b-it,proxy_anchor,0.1,20260507
4.0,10.339574517550387,gemma-3-4b-it,proxy_anchor,0.1,20260507
5.0,9.872824690393706,gemma-3-4b-it,proxy_anchor,0.1,20260507
6.0,9.373551773628384,gemma-3-4b-it,proxy_anchor,0.1,20260507
7.0,8.872329077923638,gemma-3-4b-it,proxy_anchor,0.1,20260507
8.0,10.633224840597062,gemma-3-4b-it,proxy_anchor,0.1,20260507
9.0,10.361022414709435,gemma-3-4b-it,proxy_anchor,0.1,20260507
10.0,9.707689800966884,gemma-3-4b-it,proxy_anchor,0.1,20260507
11.0,8.328979130291353,gemma-3-4b-it,proxy_anchor,0.1,20260507
12.0,7.308431182540837,gemma-3-4b-it,proxy_anchor,0.1,20260507
13.0,6.980607690292242,gemma-3-4b-it,proxy_anchor,0.1,20260507
14.0,5.490778735969851,gemma-3-4b-it,proxy_anchor,0.1,20260507
15.0,9.286480159399238,gemma-3-4b-it,proxy_anchor,0.1,20260507
16.0,8.332474562830747,gemma-3-4b-it,proxy_anchor,0.1,20260507
17.0,6.690704324193696,gemma-3-4b-it,proxy_anchor,0.1,20260507
18.0,5.89541245414265,gemma-3-4b-it,proxy_anchor,0.1,20260507
19.0,6.481442767598443,gemma-3-4b-it,proxy_anchor,0.1,20260507
1.0,11.729691468328364,gemma-3-4b-it,proxy_anchor,0.1,20260508
2.0,11.12733931066891,gemma-3-4b-it,proxy_anchor,0.1,20260508
3.0,11.6073954996002,gemma-3-4b-it,proxy_anchor,0.1,20260508
4.0,11.017884570106439,gemma-3-4b-it,proxy_anchor,0.1,20260508
5.0,11.302831824813254,gemma-3-4b-it,proxy_anchor,0.1,20260508
6.0,10.536822153139289,gemma-3-4b-it,proxy_anchor,0.1,20260508
7.0,9.683965333724043,gemma-3-4b-it,proxy_anchor,0.1,20260508
8.0,10.512997604942267,gemma-3-4b-it,proxy_anchor,0.1,20260508
9.0,10.436858667868911,gemma-3-4b-it,proxy_anchor,0.1,20260508
10.0,9.858164783259463,gemma-3-4b-it,proxy_anchor,0.1,20260508
11.0,9.950142415974017,gemma-3-4b-it,proxy_anchor,0.1,20260508
12.0,10.119185154895767,gemma-3-4b-it,proxy_anchor,0.1,20260508
1.0,13.099369376210296,molmo-7b-d-0924,proxy_anchor,1.0,20260506
2.0,12.339148260286843,molmo-7b-d-0924,proxy_anchor,1.0,20260506
3.0,11.576487201625628,molmo-7b-d-0924,proxy_anchor,1.0,20260506
4.0,11.31648210010892,molmo-7b-d-0924,proxy_anchor,1.0,20260506
5.0,10.882753462107514,molmo-7b-d-0924,proxy_anchor,1.0,20260506
6.0,10.079790531453062,molmo-7b-d-0924,proxy_anchor,1.0,20260506
7.0,11.425483030206342,molmo-7b-d-0924,proxy_anchor,1.0,20260506
8.0,9.953340438567288,molmo-7b-d-0924,proxy_anchor,1.0,20260506
9.0,9.525024933465865,molmo-7b-d-0924,proxy_anchor,1.0,20260506
10.0,8.153258139534724,molmo-7b-d-0924,proxy_anchor,1.0,20260506
11.0,13.623285217055585,molmo-7b-d-0924,proxy_anchor,1.0,20260506
12.0,11.602291459185908,molmo-7b-d-0924,proxy_anchor,1.0,20260506
13.0,10.674703821853745,molmo-7b-d-0924,proxy_anchor,1.0,20260506
14.0,8.104472346387153,molmo-7b-d-0924,proxy_anchor,1.0,20260506
15.0,8.683931522885919,molmo-7b-d-0924,proxy_anchor,1.0,20260506
16.0,8.196780878179888,molmo-7b-d-0924,proxy_anchor,1.0,20260506
17.0,6.340766101806548,molmo-7b-d-0924,proxy_anchor,1.0,20260506
18.0,9.508009942149446,molmo-7b-d-0924,proxy_anchor,1.0,20260506
19.0,5.247452840164169,molmo-7b-d-0924,proxy_anchor,1.0,20260506
20.0,10.769847251945656,molmo-7b-d-0924,proxy_anchor,1.0,20260506
1.0,13.173188417103729,molmo-7b-d-0924,proxy_anchor,1.0,20260507
2.0,12.20656455029456,molmo-7b-d-0924,proxy_anchor,1.0,20260507
3.0,11.775799180225,molmo-7b-d-0924,proxy_anchor,1.0,20260507
4.0,11.090989033460856,molmo-7b-d-0924,proxy_anchor,1.0,20260507
5.0,10.453338926271307,molmo-7b-d-0924,proxy_anchor,1.0,20260507
6.0,10.853504951882625,molmo-7b-d-0924,proxy_anchor,1.0,20260507
7.0,9.701382717373617,molmo-7b-d-0924,proxy_anchor,1.0,20260507
8.0,10.178079268399069,molmo-7b-d-0924,proxy_anchor,1.0,20260507
9.0,10.259254539742274,molmo-7b-d-0924,proxy_anchor,1.0,20260507
10.0,8.740842317506566,molmo-7b-d-0924,proxy_anchor,1.0,20260507
11.0,8.84180204033732,molmo-7b-d-0924,proxy_anchor,1.0,20260507
12.0,9.433439470461403,molmo-7b-d-0924,proxy_anchor,1.0,20260507
13.0,7.52773237324048,molmo-7b-d-0924,proxy_anchor,1.0,20260507
14.0,7.183634514076899,molmo-7b-d-0924,proxy_anchor,1.0,20260507
15.0,6.245192226459652,molmo-7b-d-0924,proxy_anchor,1.0,20260507
16.0,5.573436585448331,molmo-7b-d-0924,proxy_anchor,1.0,20260507
17.0,10.394044766096078,molmo-7b-d-0924,proxy_anchor,1.0,20260507
18.0,8.074009468227834,molmo-7b-d-0924,proxy_anchor,1.0,20260507
19.0,6.111823500936464,molmo-7b-d-0924,proxy_anchor,1.0,20260507
20.0,6.629518903485511,molmo-7b-d-0924,proxy_anchor,1.0,20260507
1.0,12.83754949655791,molmo-7b-d-0924,proxy_anchor,1.0,20260508
2.0,12.167548354674008,molmo-7b-d-0924,proxy_anchor,1.0,20260508
3.0,11.569065141821339,molmo-7b-d-0924,proxy_anchor,1.0,20260508
4.0,11.091174013755746,molmo-7b-d-0924,proxy_anchor,1.0,20260508
5.0,11.478874874210645,molmo-7b-d-0924,proxy_anchor,1.0,20260508
6.0,11.182703331934892,molmo-7b-d-0924,proxy_anchor,1.0,20260508
7.0,11.504014696257045,molmo-7b-d-0924,proxy_anchor,1.0,20260508
8.0,10.77252280867566,molmo-7b-d-0924,proxy_anchor,1.0,20260508
9.0,9.391271065087352,molmo-7b-d-0924,proxy_anchor,1.0,20260508
10.0,9.577209509961463,molmo-7b-d-0924,proxy_anchor,1.0,20260508
11.0,8.11078335839504,molmo-7b-d-0924,proxy_anchor,1.0,20260508
12.0,11.023943322352922,molmo-7b-d-0924,proxy_anchor,1.0,20260508
13.0,10.167808592977112,molmo-7b-d-0924,proxy_anchor,1.0,20260508
14.0,8.754054222566074,molmo-7b-d-0924,proxy_anchor,1.0,20260508
15.0,10.662451123282567,molmo-7b-d-0924,proxy_anchor,1.0,20260508
16.0,10.547500781572928,molmo-7b-d-0924,proxy_anchor,1.0,20260508
1.0,12.720729792059801,molmo-7b-d-0924,proxy_anchor,0.5,20260506
2.0,12.004738749775692,molmo-7b-d-0924,proxy_anchor,0.5,20260506
3.0,11.485994182456144,molmo-7b-d-0924,proxy_anchor,0.5,20260506
4.0,10.953732860281562,molmo-7b-d-0924,proxy_anchor,0.5,20260506
5.0,10.607178316589858,molmo-7b-d-0924,proxy_anchor,0.5,20260506
6.0,10.732006839225186,molmo-7b-d-0924,proxy_anchor,0.5,20260506
7.0,9.539324723634556,molmo-7b-d-0924,proxy_anchor,0.5,20260506
8.0,10.416274131586475,molmo-7b-d-0924,proxy_anchor,0.5,20260506
9.0,9.292474606854768,molmo-7b-d-0924,proxy_anchor,0.5,20260506
10.0,8.907636244590655,molmo-7b-d-0924,proxy_anchor,0.5,20260506
11.0,12.141479636943828,molmo-7b-d-0924,proxy_anchor,0.5,20260506
12.0,9.32687258266501,molmo-7b-d-0924,proxy_anchor,0.5,20260506
13.0,7.558734074576152,molmo-7b-d-0924,proxy_anchor,0.5,20260506
14.0,8.315309680823898,molmo-7b-d-0924,proxy_anchor,0.5,20260506
15.0,7.352410557646048,molmo-7b-d-0924,proxy_anchor,0.5,20260506
16.0,7.050924821779542,molmo-7b-d-0924,proxy_anchor,0.5,20260506
17.0,7.817061176965867,molmo-7b-d-0924,proxy_anchor,0.5,20260506
18.0,6.581442083771443,molmo-7b-d-0924,proxy_anchor,0.5,20260506
19.0,4.85946891250787,molmo-7b-d-0924,proxy_anchor,0.5,20260506
20.0,6.456543029990629,molmo-7b-d-0924,proxy_anchor,0.5,20260506
1.0,12.455619841208334,molmo-7b-d-0924,proxy_anchor,0.5,20260507
2.0,12.492750401910302,molmo-7b-d-0924,proxy_anchor,0.5,20260507
3.0,11.813009190933546,molmo-7b-d-0924,proxy_anchor,0.5,20260507
4.0,11.25514242438691,molmo-7b-d-0924,proxy_anchor,0.5,20260507
5.0,10.774875223283937,molmo-7b-d-0924,proxy_anchor,0.5,20260507
6.0,10.081024979085214,molmo-7b-d-0924,proxy_anchor,0.5,20260507
7.0,13.256585312527557,molmo-7b-d-0924,proxy_anchor,0.5,20260507
8.0,10.931354216876667,molmo-7b-d-0924,proxy_anchor,0.5,20260507
9.0,9.520803156505062,molmo-7b-d-0924,proxy_anchor,0.5,20260507
10.0,8.733099195133422,molmo-7b-d-0924,proxy_anchor,0.5,20260507
11.0,10.615263035280833,molmo-7b-d-0924,proxy_anchor,0.5,20260507
12.0,8.686857310977913,molmo-7b-d-0924,proxy_anchor,0.5,20260507
13.0,9.36157831901568,molmo-7b-d-0924,proxy_anchor,0.5,20260507
14.0,20.394307505296258,molmo-7b-d-0924,proxy_anchor,0.5,20260507
15.0,12.622625283726329,molmo-7b-d-0924,proxy_anchor,0.5,20260507
16.0,11.764908545023989,molmo-7b-d-0924,proxy_anchor,0.5,20260507
17.0,11.153082828948637,molmo-7b-d-0924,proxy_anchor,0.5,20260507
1.0,12.372835499356453,molmo-7b-d-0924,proxy_anchor,0.5,20260508
2.0,11.422385184845215,molmo-7b-d-0924,proxy_anchor,0.5,20260508
3.0,11.007085972897093,molmo-7b-d-0924,proxy_anchor,0.5,20260508
4.0,10.865780883256162,molmo-7b-d-0924,proxy_anchor,0.5,20260508
5.0,10.339040631587935,molmo-7b-d-0924,proxy_anchor,0.5,20260508
6.0,10.0995495592318,molmo-7b-d-0924,proxy_anchor,0.5,20260508
7.0,9.876998649761061,molmo-7b-d-0924,proxy_anchor,0.5,20260508
8.0,10.434965785438493,molmo-7b-d-0924,proxy_anchor,0.5,20260508
9.0,10.730236668067816,molmo-7b-d-0924,proxy_anchor,0.5,20260508
10.0,8.691806347289795,molmo-7b-d-0924,proxy_anchor,0.5,20260508
11.0,9.331790424908284,molmo-7b-d-0924,proxy_anchor,0.5,20260508
12.0,8.026741707941422,molmo-7b-d-0924,proxy_anchor,0.5,20260508
13.0,11.198667922730246,molmo-7b-d-0924,proxy_anchor,0.5,20260508
14.0,8.946943845606599,molmo-7b-d-0924,proxy_anchor,0.5,20260508
15.0,7.7608866749722445,molmo-7b-d-0924,proxy_anchor,0.5,20260508
16.0,11.945006949815095,molmo-7b-d-0924,proxy_anchor,0.5,20260508
17.0,8.849989780276852,molmo-7b-d-0924,proxy_anchor,0.5,20260508
18.0,6.851782365847529,molmo-7b-d-0924,proxy_anchor,0.5,20260508
19.0,15.065168466609702,molmo-7b-d-0924,proxy_anchor,0.5,20260508
20.0,9.387818595698784,molmo-7b-d-0924,proxy_anchor,0.5,20260508
1.0,11.531855916330539,molmo-7b-d-0924,proxy_anchor,0.25,20260506
2.0,9.852910490304511,molmo-7b-d-0924,proxy_anchor,0.25,20260506
3.0,10.94337103389227,molmo-7b-d-0924,proxy_anchor,0.25,20260506
4.0,10.207592312809822,molmo-7b-d-0924,proxy_anchor,0.25,20260506
5.0,9.820796001939504,molmo-7b-d-0924,proxy_anchor,0.25,20260506
6.0,8.747088342811816,molmo-7b-d-0924,proxy_anchor,0.25,20260506
7.0,9.503621605563835,molmo-7b-d-0924,proxy_anchor,0.25,20260506
8.0,9.427959961239813,molmo-7b-d-0924,proxy_anchor,0.25,20260506
9.0,9.887515556327493,molmo-7b-d-0924,proxy_anchor,0.25,20260506
10.0,8.85883034357065,molmo-7b-d-0924,proxy_anchor,0.25,20260506
11.0,7.336882525614081,molmo-7b-d-0924,proxy_anchor,0.25,20260506
12.0,6.502906460210106,molmo-7b-d-0924,proxy_anchor,0.25,20260506
13.0,6.72454731059149,molmo-7b-d-0924,proxy_anchor,0.25,20260506
14.0,7.245665115658757,molmo-7b-d-0924,proxy_anchor,0.25,20260506
15.0,6.083545975192869,molmo-7b-d-0924,proxy_anchor,0.25,20260506
16.0,6.516644186564606,molmo-7b-d-0924,proxy_anchor,0.25,20260506
17.0,10.077594845585828,molmo-7b-d-0924,proxy_anchor,0.25,20260506
18.0,8.733748716408071,molmo-7b-d-0924,proxy_anchor,0.25,20260506
19.0,6.805451304621691,molmo-7b-d-0924,proxy_anchor,0.25,20260506
20.0,4.117616175610778,molmo-7b-d-0924,proxy_anchor,0.25,20260506
1.0,11.857500981240378,molmo-7b-d-0924,proxy_anchor,0.25,20260507
2.0,11.1061397240234,molmo-7b-d-0924,proxy_anchor,0.25,20260507
3.0,10.636391386125583,molmo-7b-d-0924,proxy_anchor,0.25,20260507
4.0,10.972091736460378,molmo-7b-d-0924,proxy_anchor,0.25,20260507
5.0,10.003083671593691,molmo-7b-d-0924,proxy_anchor,0.25,20260507
6.0,9.055915261707167,molmo-7b-d-0924,proxy_anchor,0.25,20260507
7.0,8.57524018590965,molmo-7b-d-0924,proxy_anchor,0.25,20260507
8.0,11.961466193572075,molmo-7b-d-0924,proxy_anchor,0.25,20260507
9.0,10.263422241051826,molmo-7b-d-0924,proxy_anchor,0.25,20260507
10.0,9.452286817731649,molmo-7b-d-0924,proxy_anchor,0.25,20260507
11.0,9.70598185820674,molmo-7b-d-0924,proxy_anchor,0.25,20260507
12.0,8.905182368066686,molmo-7b-d-0924,proxy_anchor,0.25,20260507
1.0,12.648984505312287,molmo-7b-d-0924,proxy_anchor,0.25,20260508
2.0,12.244102118037665,molmo-7b-d-0924,proxy_anchor,0.25,20260508
3.0,11.205708202405816,molmo-7b-d-0924,proxy_anchor,0.25,20260508
4.0,10.302893214976576,molmo-7b-d-0924,proxy_anchor,0.25,20260508
5.0,9.97411837493292,molmo-7b-d-0924,proxy_anchor,0.25,20260508
6.0,9.468971831209345,molmo-7b-d-0924,proxy_anchor,0.25,20260508
7.0,8.608834520246488,molmo-7b-d-0924,proxy_anchor,0.25,20260508
8.0,10.710297598455945,molmo-7b-d-0924,proxy_anchor,0.25,20260508
9.0,9.609003550317663,molmo-7b-d-0924,proxy_anchor,0.25,20260508
10.0,8.131201987719013,molmo-7b-d-0924,proxy_anchor,0.25,20260508
11.0,6.845960917388312,molmo-7b-d-0924,proxy_anchor,0.25,20260508
12.0,7.791210001526833,molmo-7b-d-0924,proxy_anchor,0.25,20260508
13.0,6.636865338394117,molmo-7b-d-0924,proxy_anchor,0.25,20260508
14.0,5.932991780628129,molmo-7b-d-0924,proxy_anchor,0.25,20260508
15.0,4.8488338776748545,molmo-7b-d-0924,proxy_anchor,0.25,20260508
16.0,7.303903206794429,molmo-7b-d-0924,proxy_anchor,0.25,20260508
17.0,6.538762055795806,molmo-7b-d-0924,proxy_anchor,0.25,20260508
18.0,5.499714059799879,molmo-7b-d-0924,proxy_anchor,0.25,20260508
19.0,3.5443024916867643,molmo-7b-d-0924,proxy_anchor,0.25,20260508
20.0,3.589207158471546,molmo-7b-d-0924,proxy_anchor,0.25,20260508
1.0,11.12714504493235,molmo-7b-d-0924,proxy_anchor,0.1,20260506
2.0,10.887414610768015,molmo-7b-d-0924,proxy_anchor,0.1,20260506
3.0,10.252048080492445,molmo-7b-d-0924,proxy_anchor,0.1,20260506
4.0,9.127474939704129,molmo-7b-d-0924,proxy_anchor,0.1,20260506
5.0,9.49005887023537,molmo-7b-d-0924,proxy_anchor,0.1,20260506
6.0,10.383438589945005,molmo-7b-d-0924,proxy_anchor,0.1,20260506
7.0,10.252247603893029,molmo-7b-d-0924,proxy_anchor,0.1,20260506
8.0,7.694600109795927,molmo-7b-d-0924,proxy_anchor,0.1,20260506
9.0,8.048609120433605,molmo-7b-d-0924,proxy_anchor,0.1,20260506
10.0,8.517759837542968,molmo-7b-d-0924,proxy_anchor,0.1,20260506
11.0,7.920793609498866,molmo-7b-d-0924,proxy_anchor,0.1,20260506
12.0,7.625712670342771,molmo-7b-d-0924,proxy_anchor,0.1,20260506
13.0,5.648409898445221,molmo-7b-d-0924,proxy_anchor,0.1,20260506
14.0,6.319613317659011,molmo-7b-d-0924,proxy_anchor,0.1,20260506
15.0,8.796999771001147,molmo-7b-d-0924,proxy_anchor,0.1,20260506
16.0,7.870883662513977,molmo-7b-d-0924,proxy_anchor,0.1,20260506
17.0,5.07442824911332,molmo-7b-d-0924,proxy_anchor,0.1,20260506
18.0,5.451836081598535,molmo-7b-d-0924,proxy_anchor,0.1,20260506
19.0,3.264421111711752,molmo-7b-d-0924,proxy_anchor,0.1,20260506
20.0,3.2049063217664195,molmo-7b-d-0924,proxy_anchor,0.1,20260506
1.0,12.197528946355838,molmo-7b-d-0924,proxy_anchor,0.1,20260507
2.0,11.50369406924145,molmo-7b-d-0924,proxy_anchor,0.1,20260507
3.0,8.754314873071952,molmo-7b-d-0924,proxy_anchor,0.1,20260507
4.0,8.39205038240566,molmo-7b-d-0924,proxy_anchor,0.1,20260507
5.0,10.418461449824067,molmo-7b-d-0924,proxy_anchor,0.1,20260507
6.0,8.88431817847556,molmo-7b-d-0924,proxy_anchor,0.1,20260507
7.0,8.32923660639143,molmo-7b-d-0924,proxy_anchor,0.1,20260507
8.0,7.77251431620002,molmo-7b-d-0924,proxy_anchor,0.1,20260507
9.0,8.700974280043019,molmo-7b-d-0924,proxy_anchor,0.1,20260507
10.0,9.105615886461717,molmo-7b-d-0924,proxy_anchor,0.1,20260507
11.0,6.8025218078605265,molmo-7b-d-0924,proxy_anchor,0.1,20260507
12.0,7.877221544479234,molmo-7b-d-0924,proxy_anchor,0.1,20260507
13.0,9.2132815016738,molmo-7b-d-0924,proxy_anchor,0.1,20260507
14.0,7.379804240861693,molmo-7b-d-0924,proxy_anchor,0.1,20260507
15.0,7.73703742566011,molmo-7b-d-0924,proxy_anchor,0.1,20260507
16.0,6.871144728728238,molmo-7b-d-0924,proxy_anchor,0.1,20260507
1.0,11.802153665268978,molmo-7b-d-0924,proxy_anchor,0.1,20260508
2.0,11.192482826024435,molmo-7b-d-0924,proxy_anchor,0.1,20260508
3.0,10.664436584451106,molmo-7b-d-0924,proxy_anchor,0.1,20260508
4.0,9.833437755743077,molmo-7b-d-0924,proxy_anchor,0.1,20260508
5.0,9.541857006295505,molmo-7b-d-0924,proxy_anchor,0.1,20260508
6.0,9.039643240050147,molmo-7b-d-0924,proxy_anchor,0.1,20260508
7.0,8.424332114062809,molmo-7b-d-0924,proxy_anchor,0.1,20260508
8.0,8.942824327375659,molmo-7b-d-0924,proxy_anchor,0.1,20260508
9.0,6.535322184820772,molmo-7b-d-0924,proxy_anchor,0.1,20260508
10.0,8.166641716448433,molmo-7b-d-0924,proxy_anchor,0.1,20260508
11.0,7.261144072271558,molmo-7b-d-0924,proxy_anchor,0.1,20260508
12.0,5.10329671489898,molmo-7b-d-0924,proxy_anchor,0.1,20260508
13.0,7.258921903604568,molmo-7b-d-0924,proxy_anchor,0.1,20260508
14.0,6.571210255324684,molmo-7b-d-0924,proxy_anchor,0.1,20260508
15.0,6.11446681274155,molmo-7b-d-0924,proxy_anchor,0.1,20260508
16.0,5.556044211277383,molmo-7b-d-0924,proxy_anchor,0.1,20260508
17.0,4.721311221209502,molmo-7b-d-0924,proxy_anchor,0.1,20260508
18.0,3.51892832355379,molmo-7b-d-0924,proxy_anchor,0.1,20260508
19.0,5.672948119706752,molmo-7b-d-0924,proxy_anchor,0.1,20260508
20.0,4.2930789823226405,molmo-7b-d-0924,proxy_anchor,0.1,20260508
1.0,12.394492816368194,minicpm-v-4_5,proxy_anchor,1.0,20260506
2.0,11.547936607781145,minicpm-v-4_5,proxy_anchor,1.0,20260506
3.0,11.038174523893241,minicpm-v-4_5,proxy_anchor,1.0,20260506
4.0,10.272220487490497,minicpm-v-4_5,proxy_anchor,1.0,20260506
5.0,9.7915010182317,minicpm-v-4_5,proxy_anchor,1.0,20260506
6.0,9.49408281669607,minicpm-v-4_5,proxy_anchor,1.0,20260506
7.0,8.620704246553924,minicpm-v-4_5,proxy_anchor,1.0,20260506
8.0,10.57370400483247,minicpm-v-4_5,proxy_anchor,1.0,20260506
9.0,9.899984214111583,minicpm-v-4_5,proxy_anchor,1.0,20260506
10.0,7.794714751779867,minicpm-v-4_5,proxy_anchor,1.0,20260506
11.0,11.843921314462486,minicpm-v-4_5,proxy_anchor,1.0,20260506
12.0,8.306155915973331,minicpm-v-4_5,proxy_anchor,1.0,20260506
13.0,7.838675978825945,minicpm-v-4_5,proxy_anchor,1.0,20260506
14.0,8.106591681049208,minicpm-v-4_5,proxy_anchor,1.0,20260506
15.0,6.842464007474113,minicpm-v-4_5,proxy_anchor,1.0,20260506
16.0,6.2028737725053045,minicpm-v-4_5,proxy_anchor,1.0,20260506
17.0,5.6924429476699965,minicpm-v-4_5,proxy_anchor,1.0,20260506
18.0,10.99933675437689,minicpm-v-4_5,proxy_anchor,1.0,20260506
19.0,7.673087323429198,minicpm-v-4_5,proxy_anchor,1.0,20260506
20.0,4.4295609969117065,minicpm-v-4_5,proxy_anchor,1.0,20260506
1.0,12.50500147292444,minicpm-v-4_5,proxy_anchor,1.0,20260507
2.0,11.569275560158708,minicpm-v-4_5,proxy_anchor,1.0,20260507
3.0,10.765919255859266,minicpm-v-4_5,proxy_anchor,1.0,20260507
4.0,10.796099339562886,minicpm-v-4_5,proxy_anchor,1.0,20260507
5.0,10.704416353952524,minicpm-v-4_5,proxy_anchor,1.0,20260507
6.0,10.073632945564079,minicpm-v-4_5,proxy_anchor,1.0,20260507
7.0,10.079126215428984,minicpm-v-4_5,proxy_anchor,1.0,20260507
8.0,9.374212681566226,minicpm-v-4_5,proxy_anchor,1.0,20260507
9.0,9.828932184469704,minicpm-v-4_5,proxy_anchor,1.0,20260507
10.0,9.316138511080522,minicpm-v-4_5,proxy_anchor,1.0,20260507
11.0,8.446215033743036,minicpm-v-4_5,proxy_anchor,1.0,20260507
12.0,8.85784055727271,minicpm-v-4_5,proxy_anchor,1.0,20260507
13.0,6.859522607914231,minicpm-v-4_5,proxy_anchor,1.0,20260507
14.0,11.930408601743917,minicpm-v-4_5,proxy_anchor,1.0,20260507
15.0,9.259672431359892,minicpm-v-4_5,proxy_anchor,1.0,20260507
16.0,7.3212325950055055,minicpm-v-4_5,proxy_anchor,1.0,20260507
17.0,9.271364294838015,minicpm-v-4_5,proxy_anchor,1.0,20260507
18.0,8.122450988829575,minicpm-v-4_5,proxy_anchor,1.0,20260507
1.0,12.324735081719396,minicpm-v-4_5,proxy_anchor,1.0,20260508
2.0,11.394347258405839,minicpm-v-4_5,proxy_anchor,1.0,20260508
3.0,10.818029788884756,minicpm-v-4_5,proxy_anchor,1.0,20260508
4.0,10.484154914653553,minicpm-v-4_5,proxy_anchor,1.0,20260508
5.0,10.192806051176312,minicpm-v-4_5,proxy_anchor,1.0,20260508
6.0,9.308473509076466,minicpm-v-4_5,proxy_anchor,1.0,20260508
7.0,8.782696806013538,minicpm-v-4_5,proxy_anchor,1.0,20260508
8.0,7.968195690846014,minicpm-v-4_5,proxy_anchor,1.0,20260508
9.0,11.37092450053052,minicpm-v-4_5,proxy_anchor,1.0,20260508
10.0,8.920103113552615,minicpm-v-4_5,proxy_anchor,1.0,20260508
11.0,7.613472820145432,minicpm-v-4_5,proxy_anchor,1.0,20260508
12.0,11.964785833472556,minicpm-v-4_5,proxy_anchor,1.0,20260508
13.0,9.470977528744708,minicpm-v-4_5,proxy_anchor,1.0,20260508
14.0,6.596077396016824,minicpm-v-4_5,proxy_anchor,1.0,20260508
15.0,6.0552164236583454,minicpm-v-4_5,proxy_anchor,1.0,20260508
16.0,11.599198819054175,minicpm-v-4_5,proxy_anchor,1.0,20260508
17.0,8.1465330228009,minicpm-v-4_5,proxy_anchor,1.0,20260508
18.0,5.750538325303701,minicpm-v-4_5,proxy_anchor,1.0,20260508
19.0,5.136029806870454,minicpm-v-4_5,proxy_anchor,1.0,20260508
20.0,7.2959403166101495,minicpm-v-4_5,proxy_anchor,1.0,20260508
1.0,11.658418097715622,minicpm-v-4_5,proxy_anchor,0.5,20260506
2.0,11.029156611025225,minicpm-v-4_5,proxy_anchor,0.5,20260506
3.0,10.260930310998994,minicpm-v-4_5,proxy_anchor,0.5,20260506
4.0,10.279027959452149,minicpm-v-4_5,proxy_anchor,0.5,20260506
5.0,11.645815869913575,minicpm-v-4_5,proxy_anchor,0.5,20260506
6.0,10.392132842635814,minicpm-v-4_5,proxy_anchor,0.5,20260506
7.0,10.193582452352537,minicpm-v-4_5,proxy_anchor,0.5,20260506
8.0,10.352360687618978,minicpm-v-4_5,proxy_anchor,0.5,20260506
9.0,9.49788520095095,minicpm-v-4_5,proxy_anchor,0.5,20260506
10.0,9.692844032413216,minicpm-v-4_5,proxy_anchor,0.5,20260506
11.0,8.920454967595447,minicpm-v-4_5,proxy_anchor,0.5,20260506
12.0,9.227283792812228,minicpm-v-4_5,proxy_anchor,0.5,20260506
13.0,7.8770381797700235,minicpm-v-4_5,proxy_anchor,0.5,20260506
14.0,7.987710970301293,minicpm-v-4_5,proxy_anchor,0.5,20260506
15.0,7.710561077484963,minicpm-v-4_5,proxy_anchor,0.5,20260506
16.0,10.938861430810723,minicpm-v-4_5,proxy_anchor,0.5,20260506
17.0,10.942476627113336,minicpm-v-4_5,proxy_anchor,0.5,20260506
18.0,8.942552894744892,minicpm-v-4_5,proxy_anchor,0.5,20260506
19.0,6.393372262754016,minicpm-v-4_5,proxy_anchor,0.5,20260506
20.0,6.342980725126706,minicpm-v-4_5,proxy_anchor,0.5,20260506
1.0,11.651299736448877,minicpm-v-4_5,proxy_anchor,0.5,20260507
2.0,10.805085331239889,minicpm-v-4_5,proxy_anchor,0.5,20260507
3.0,10.936527129522412,minicpm-v-4_5,proxy_anchor,0.5,20260507
4.0,10.817794217835178,minicpm-v-4_5,proxy_anchor,0.5,20260507
5.0,10.455908020388538,minicpm-v-4_5,proxy_anchor,0.5,20260507
6.0,10.189831245212345,minicpm-v-4_5,proxy_anchor,0.5,20260507
7.0,9.7866124709345,minicpm-v-4_5,proxy_anchor,0.5,20260507
8.0,9.446203389816736,minicpm-v-4_5,proxy_anchor,0.5,20260507
9.0,9.363061218050717,minicpm-v-4_5,proxy_anchor,0.5,20260507
10.0,8.173940334953071,minicpm-v-4_5,proxy_anchor,0.5,20260507
11.0,9.107238560615974,minicpm-v-4_5,proxy_anchor,0.5,20260507
12.0,7.603803611273995,minicpm-v-4_5,proxy_anchor,0.5,20260507
13.0,7.933585271350455,minicpm-v-4_5,proxy_anchor,0.5,20260507
14.0,6.895794456527078,minicpm-v-4_5,proxy_anchor,0.5,20260507
15.0,8.246404315316957,minicpm-v-4_5,proxy_anchor,0.5,20260507
16.0,5.795894442593373,minicpm-v-4_5,proxy_anchor,0.5,20260507
17.0,5.996962317931853,minicpm-v-4_5,proxy_anchor,0.5,20260507
18.0,11.174169494034178,minicpm-v-4_5,proxy_anchor,0.5,20260507
19.0,8.534269555540602,minicpm-v-4_5,proxy_anchor,0.5,20260507
20.0,6.090114926443497,minicpm-v-4_5,proxy_anchor,0.5,20260507
1.0,11.592020803225326,minicpm-v-4_5,proxy_anchor,0.5,20260508
2.0,11.3970264138432,minicpm-v-4_5,proxy_anchor,0.5,20260508
3.0,10.488132530783577,minicpm-v-4_5,proxy_anchor,0.5,20260508
4.0,10.52871887083375,minicpm-v-4_5,proxy_anchor,0.5,20260508
5.0,9.893423571634452,minicpm-v-4_5,proxy_anchor,0.5,20260508
6.0,10.13617565909725,minicpm-v-4_5,proxy_anchor,0.5,20260508
7.0,9.862154474839901,minicpm-v-4_5,proxy_anchor,0.5,20260508
8.0,9.426298894642958,minicpm-v-4_5,proxy_anchor,0.5,20260508
9.0,9.797289433686629,minicpm-v-4_5,proxy_anchor,0.5,20260508
10.0,8.364477168388161,minicpm-v-4_5,proxy_anchor,0.5,20260508
11.0,13.523437050396659,minicpm-v-4_5,proxy_anchor,0.5,20260508
12.0,9.631376028735625,minicpm-v-4_5,proxy_anchor,0.5,20260508
13.0,9.023640437821726,minicpm-v-4_5,proxy_anchor,0.5,20260508
14.0,7.773775601668445,minicpm-v-4_5,proxy_anchor,0.5,20260508
15.0,14.961651258858733,minicpm-v-4_5,proxy_anchor,0.5,20260508
16.0,11.597299536549711,minicpm-v-4_5,proxy_anchor,0.5,20260508
17.0,9.85037332774742,minicpm-v-4_5,proxy_anchor,0.5,20260508
18.0,8.053283731643603,minicpm-v-4_5,proxy_anchor,0.5,20260508
19.0,8.925402667058107,minicpm-v-4_5,proxy_anchor,0.5,20260508
1.0,10.901222045327122,minicpm-v-4_5,proxy_anchor,0.25,20260506
2.0,10.402765123129694,minicpm-v-4_5,proxy_anchor,0.25,20260506
3.0,7.765349840175586,minicpm-v-4_5,proxy_anchor,0.25,20260506
4.0,11.07729849090418,minicpm-v-4_5,proxy_anchor,0.25,20260506
5.0,8.601443382842156,minicpm-v-4_5,proxy_anchor,0.25,20260506
6.0,9.18514071962618,minicpm-v-4_5,proxy_anchor,0.25,20260506
7.0,8.887955364369567,minicpm-v-4_5,proxy_anchor,0.25,20260506
8.0,8.178821477517042,minicpm-v-4_5,proxy_anchor,0.25,20260506
1.0,11.126563101103812,minicpm-v-4_5,proxy_anchor,0.25,20260507
2.0,9.454152796302447,minicpm-v-4_5,proxy_anchor,0.25,20260507
3.0,13.937496592516233,minicpm-v-4_5,proxy_anchor,0.25,20260507
4.0,9.602072539029422,minicpm-v-4_5,proxy_anchor,0.25,20260507
5.0,9.443979214893293,minicpm-v-4_5,proxy_anchor,0.25,20260507
6.0,9.383298880496096,minicpm-v-4_5,proxy_anchor,0.25,20260507
7.0,10.490873802822817,minicpm-v-4_5,proxy_anchor,0.25,20260507
8.0,9.693597860269612,minicpm-v-4_5,proxy_anchor,0.25,20260507
9.0,8.334206777976233,minicpm-v-4_5,proxy_anchor,0.25,20260507
10.0,8.574655460224147,minicpm-v-4_5,proxy_anchor,0.25,20260507
11.0,8.032060679801848,minicpm-v-4_5,proxy_anchor,0.25,20260507
12.0,8.80395660265157,minicpm-v-4_5,proxy_anchor,0.25,20260507
13.0,8.009723639000391,minicpm-v-4_5,proxy_anchor,0.25,20260507
14.0,7.9736930612022165,minicpm-v-4_5,proxy_anchor,0.25,20260507
15.0,7.802992680282505,minicpm-v-4_5,proxy_anchor,0.25,20260507
16.0,6.909408372338419,minicpm-v-4_5,proxy_anchor,0.25,20260507
17.0,7.899953053717599,minicpm-v-4_5,proxy_anchor,0.25,20260507
18.0,6.161199498498063,minicpm-v-4_5,proxy_anchor,0.25,20260507
19.0,12.263866816923057,minicpm-v-4_5,proxy_anchor,0.25,20260507
20.0,8.201876501165131,minicpm-v-4_5,proxy_anchor,0.25,20260507
1.0,12.367202557482518,minicpm-v-4_5,proxy_anchor,0.25,20260508
2.0,9.365733243461348,minicpm-v-4_5,proxy_anchor,0.25,20260508
3.0,10.420409774933105,minicpm-v-4_5,proxy_anchor,0.25,20260508
4.0,9.699538200761765,minicpm-v-4_5,proxy_anchor,0.25,20260508
5.0,9.620328796502108,minicpm-v-4_5,proxy_anchor,0.25,20260508
6.0,11.147498071394384,minicpm-v-4_5,proxy_anchor,0.25,20260508
7.0,8.443690114983374,minicpm-v-4_5,proxy_anchor,0.25,20260508
8.0,9.251881743598188,minicpm-v-4_5,proxy_anchor,0.25,20260508
9.0,9.496763012124232,minicpm-v-4_5,proxy_anchor,0.25,20260508
10.0,8.597528609416548,minicpm-v-4_5,proxy_anchor,0.25,20260508
11.0,8.88601704603155,minicpm-v-4_5,proxy_anchor,0.25,20260508
12.0,8.776768726913986,minicpm-v-4_5,proxy_anchor,0.25,20260508
1.0,13.63506029945771,llava-v1.5-7b,proxy_anchor,1.0,20260506
2.0,12.985857982950561,llava-v1.5-7b,proxy_anchor,1.0,20260506
3.0,12.742400079458157,llava-v1.5-7b,proxy_anchor,1.0,20260506
4.0,12.345078419124308,llava-v1.5-7b,proxy_anchor,1.0,20260506
5.0,13.192974375103146,llava-v1.5-7b,proxy_anchor,1.0,20260506
6.0,12.346340194469485,llava-v1.5-7b,proxy_anchor,1.0,20260506
7.0,11.903567421027333,llava-v1.5-7b,proxy_anchor,1.0,20260506
8.0,11.564808458718442,llava-v1.5-7b,proxy_anchor,1.0,20260506
9.0,11.78134820058355,llava-v1.5-7b,proxy_anchor,1.0,20260506
10.0,11.223744846329453,llava-v1.5-7b,proxy_anchor,1.0,20260506
11.0,12.492301206091913,llava-v1.5-7b,proxy_anchor,1.0,20260506
12.0,12.862728656444041,llava-v1.5-7b,proxy_anchor,1.0,20260506
13.0,11.804598728553161,llava-v1.5-7b,proxy_anchor,1.0,20260506
14.0,11.27795521252643,llava-v1.5-7b,proxy_anchor,1.0,20260506
15.0,10.501600650365653,llava-v1.5-7b,proxy_anchor,1.0,20260506
16.0,14.085277374151246,llava-v1.5-7b,proxy_anchor,1.0,20260506
17.0,12.869597901049836,llava-v1.5-7b,proxy_anchor,1.0,20260506
18.0,11.258936537872275,llava-v1.5-7b,proxy_anchor,1.0,20260506
19.0,14.741170872999723,llava-v1.5-7b,proxy_anchor,1.0,20260506
20.0,12.973399870216921,llava-v1.5-7b,proxy_anchor,1.0,20260506
1.0,13.553213529574673,llava-v1.5-7b,proxy_anchor,1.0,20260507
2.0,13.016589446110222,llava-v1.5-7b,proxy_anchor,1.0,20260507
3.0,12.767349849056258,llava-v1.5-7b,proxy_anchor,1.0,20260507
4.0,12.490810229726788,llava-v1.5-7b,proxy_anchor,1.0,20260507
5.0,12.672190818641207,llava-v1.5-7b,proxy_anchor,1.0,20260507
6.0,12.608078636692925,llava-v1.5-7b,proxy_anchor,1.0,20260507
7.0,12.021842580405094,llava-v1.5-7b,proxy_anchor,1.0,20260507
8.0,12.222733838615756,llava-v1.5-7b,proxy_anchor,1.0,20260507
9.0,11.798242068018059,llava-v1.5-7b,proxy_anchor,1.0,20260507
10.0,11.35857551288726,llava-v1.5-7b,proxy_anchor,1.0,20260507
11.0,11.892647951409657,llava-v1.5-7b,proxy_anchor,1.0,20260507
12.0,11.801823318413586,llava-v1.5-7b,proxy_anchor,1.0,20260507
13.0,11.712494536306535,llava-v1.5-7b,proxy_anchor,1.0,20260507
14.0,11.984595070709267,llava-v1.5-7b,proxy_anchor,1.0,20260507
15.0,10.94528261642747,llava-v1.5-7b,proxy_anchor,1.0,20260507
16.0,11.335343574902003,llava-v1.5-7b,proxy_anchor,1.0,20260507
17.0,11.156100752029516,llava-v1.5-7b,proxy_anchor,1.0,20260507
18.0,10.27702294801666,llava-v1.5-7b,proxy_anchor,1.0,20260507
19.0,15.380003873638458,llava-v1.5-7b,proxy_anchor,1.0,20260507
20.0,12.795197172298213,llava-v1.5-7b,proxy_anchor,1.0,20260507
1.0,13.738806147254255,llava-v1.5-7b,proxy_anchor,1.0,20260508
2.0,12.976902840067805,llava-v1.5-7b,proxy_anchor,1.0,20260508
3.0,12.704417798237394,llava-v1.5-7b,proxy_anchor,1.0,20260508
4.0,12.560868046819937,llava-v1.5-7b,proxy_anchor,1.0,20260508
5.0,12.524322825798995,llava-v1.5-7b,proxy_anchor,1.0,20260508
6.0,12.205353621030854,llava-v1.5-7b,proxy_anchor,1.0,20260508
7.0,11.971899995476651,llava-v1.5-7b,proxy_anchor,1.0,20260508
8.0,11.792136865346828,llava-v1.5-7b,proxy_anchor,1.0,20260508
9.0,11.677444363973343,llava-v1.5-7b,proxy_anchor,1.0,20260508
10.0,12.037116506593502,llava-v1.5-7b,proxy_anchor,1.0,20260508
11.0,11.433251145107167,llava-v1.5-7b,proxy_anchor,1.0,20260508
12.0,12.448690585047954,llava-v1.5-7b,proxy_anchor,1.0,20260508
13.0,11.611331308842312,llava-v1.5-7b,proxy_anchor,1.0,20260508
14.0,15.680939854933316,llava-v1.5-7b,proxy_anchor,1.0,20260508
15.0,14.989348159266548,llava-v1.5-7b,proxy_anchor,1.0,20260508
16.0,13.79170742592333,llava-v1.5-7b,proxy_anchor,1.0,20260508
1.0,13.105505644897073,llava-v1.5-7b,proxy_anchor,0.5,20260506
2.0,12.442935881100547,llava-v1.5-7b,proxy_anchor,0.5,20260506
3.0,12.012054894993723,llava-v1.5-7b,proxy_anchor,0.5,20260506
4.0,11.70158322517766,llava-v1.5-7b,proxy_anchor,0.5,20260506
5.0,11.499496810784047,llava-v1.5-7b,proxy_anchor,0.5,20260506
6.0,11.745852809123711,llava-v1.5-7b,proxy_anchor,0.5,20260506
7.0,11.935038935558488,llava-v1.5-7b,proxy_anchor,0.5,20260506
8.0,11.56978109976706,llava-v1.5-7b,proxy_anchor,0.5,20260506
9.0,11.867475626584591,llava-v1.5-7b,proxy_anchor,0.5,20260506
10.0,10.718185213101087,llava-v1.5-7b,proxy_anchor,0.5,20260506
11.0,10.54683969187182,llava-v1.5-7b,proxy_anchor,0.5,20260506
12.0,9.726489218294494,llava-v1.5-7b,proxy_anchor,0.5,20260506
13.0,10.480412400550117,llava-v1.5-7b,proxy_anchor,0.5,20260506
14.0,10.464429383550083,llava-v1.5-7b,proxy_anchor,0.5,20260506
15.0,9.281152594165116,llava-v1.5-7b,proxy_anchor,0.5,20260506
16.0,18.572928281465494,llava-v1.5-7b,proxy_anchor,0.5,20260506
17.0,13.204596396480504,llava-v1.5-7b,proxy_anchor,0.5,20260506
18.0,10.170884846128823,llava-v1.5-7b,proxy_anchor,0.5,20260506
19.0,11.615384430512313,llava-v1.5-7b,proxy_anchor,0.5,20260506
20.0,11.20605715132667,llava-v1.5-7b,proxy_anchor,0.5,20260506
1.0,12.958792994944792,llava-v1.5-7b,proxy_anchor,0.5,20260507
2.0,12.386759380961573,llava-v1.5-7b,proxy_anchor,0.5,20260507
3.0,12.208241964747488,llava-v1.5-7b,proxy_anchor,0.5,20260507
4.0,11.875495930806778,llava-v1.5-7b,proxy_anchor,0.5,20260507
5.0,11.760683793598199,llava-v1.5-7b,proxy_anchor,0.5,20260507
6.0,11.677697909558802,llava-v1.5-7b,proxy_anchor,0.5,20260507
7.0,11.144964621384602,llava-v1.5-7b,proxy_anchor,0.5,20260507
8.0,10.781708287890316,llava-v1.5-7b,proxy_anchor,0.5,20260507
9.0,11.660272912797666,llava-v1.5-7b,proxy_anchor,0.5,20260507
10.0,11.297741738736756,llava-v1.5-7b,proxy_anchor,0.5,20260507
11.0,10.739131165357271,llava-v1.5-7b,proxy_anchor,0.5,20260507
12.0,10.568160909930949,llava-v1.5-7b,proxy_anchor,0.5,20260507
13.0,10.34026362074354,llava-v1.5-7b,proxy_anchor,0.5,20260507
14.0,10.591816140027682,llava-v1.5-7b,proxy_anchor,0.5,20260507
15.0,9.833208057895524,llava-v1.5-7b,proxy_anchor,0.5,20260507
16.0,10.06213764811671,llava-v1.5-7b,proxy_anchor,0.5,20260507
17.0,9.152600169433851,llava-v1.5-7b,proxy_anchor,0.5,20260507
18.0,14.928254075080597,llava-v1.5-7b,proxy_anchor,0.5,20260507
19.0,13.074693978210837,llava-v1.5-7b,proxy_anchor,0.5,20260507
20.0,13.310783152348396,llava-v1.5-7b,proxy_anchor,0.5,20260507
1.0,13.157087896641414,llava-v1.5-7b,proxy_anchor,0.5,20260508
2.0,12.558933495971164,llava-v1.5-7b,proxy_anchor,0.5,20260508
3.0,12.103866962247368,llava-v1.5-7b,proxy_anchor,0.5,20260508
4.0,11.923424815526724,llava-v1.5-7b,proxy_anchor,0.5,20260508
5.0,11.797396367498482,llava-v1.5-7b,proxy_anchor,0.5,20260508
6.0,11.769371532738587,llava-v1.5-7b,proxy_anchor,0.5,20260508
7.0,11.60451558982091,llava-v1.5-7b,proxy_anchor,0.5,20260508
8.0,10.948642139959032,llava-v1.5-7b,proxy_anchor,0.5,20260508
9.0,10.771892702856729,llava-v1.5-7b,proxy_anchor,0.5,20260508
10.0,11.286882152517048,llava-v1.5-7b,proxy_anchor,0.5,20260508
11.0,10.724171622358972,llava-v1.5-7b,proxy_anchor,0.5,20260508
12.0,10.572916099435432,llava-v1.5-7b,proxy_anchor,0.5,20260508
13.0,9.826592740750463,llava-v1.5-7b,proxy_anchor,0.5,20260508
14.0,10.14243725540774,llava-v1.5-7b,proxy_anchor,0.5,20260508
15.0,9.840972376172184,llava-v1.5-7b,proxy_anchor,0.5,20260508
16.0,9.222075714369405,llava-v1.5-7b,proxy_anchor,0.5,20260508
17.0,11.08642068826623,llava-v1.5-7b,proxy_anchor,0.5,20260508
18.0,9.974381912586301,llava-v1.5-7b,proxy_anchor,0.5,20260508
19.0,9.163749021405145,llava-v1.5-7b,proxy_anchor,0.5,20260508
20.0,13.072189062896793,llava-v1.5-7b,proxy_anchor,0.5,20260508
1.0,12.479658180327348,llava-v1.5-7b,proxy_anchor,0.25,20260506
2.0,11.470782569054004,llava-v1.5-7b,proxy_anchor,0.25,20260506
3.0,11.798704869538835,llava-v1.5-7b,proxy_anchor,0.25,20260506
4.0,11.410926006629886,llava-v1.5-7b,proxy_anchor,0.25,20260506
5.0,10.967808597939172,llava-v1.5-7b,proxy_anchor,0.25,20260506
6.0,11.891786449806848,llava-v1.5-7b,proxy_anchor,0.25,20260506
7.0,10.947202894422743,llava-v1.5-7b,proxy_anchor,0.25,20260506
8.0,9.86055485664705,llava-v1.5-7b,proxy_anchor,0.25,20260506
9.0,11.720381793337989,llava-v1.5-7b,proxy_anchor,0.25,20260506
10.0,10.916316543710785,llava-v1.5-7b,proxy_anchor,0.25,20260506
11.0,10.006369268752739,llava-v1.5-7b,proxy_anchor,0.25,20260506
12.0,11.858517597408357,llava-v1.5-7b,proxy_anchor,0.25,20260506
13.0,10.922355153928425,llava-v1.5-7b,proxy_anchor,0.25,20260506
1.0,12.373427776842828,llava-v1.5-7b,proxy_anchor,0.25,20260507
2.0,11.475988639082594,llava-v1.5-7b,proxy_anchor,0.25,20260507
3.0,11.334506106865316,llava-v1.5-7b,proxy_anchor,0.25,20260507
4.0,11.728186452015832,llava-v1.5-7b,proxy_anchor,0.25,20260507
5.0,11.048656867931577,llava-v1.5-7b,proxy_anchor,0.25,20260507
6.0,11.012375338820835,llava-v1.5-7b,proxy_anchor,0.25,20260507
7.0,10.442229967415654,llava-v1.5-7b,proxy_anchor,0.25,20260507
8.0,10.62173442110146,llava-v1.5-7b,proxy_anchor,0.25,20260507
9.0,10.455271987338925,llava-v1.5-7b,proxy_anchor,0.25,20260507
10.0,9.686287353211108,llava-v1.5-7b,proxy_anchor,0.25,20260507
11.0,9.629677281796354,llava-v1.5-7b,proxy_anchor,0.25,20260507
12.0,9.167738526127227,llava-v1.5-7b,proxy_anchor,0.25,20260507
13.0,9.247297747878452,llava-v1.5-7b,proxy_anchor,0.25,20260507
14.0,9.34726484230807,llava-v1.5-7b,proxy_anchor,0.25,20260507
15.0,8.810327335468774,llava-v1.5-7b,proxy_anchor,0.25,20260507
16.0,9.050003105254106,llava-v1.5-7b,proxy_anchor,0.25,20260507
17.0,8.174657128261002,llava-v1.5-7b,proxy_anchor,0.25,20260507
18.0,8.385914733623352,llava-v1.5-7b,proxy_anchor,0.25,20260507
19.0,8.64710442893842,llava-v1.5-7b,proxy_anchor,0.25,20260507
20.0,7.441126030239858,llava-v1.5-7b,proxy_anchor,0.25,20260507
1.0,12.54283188281836,llava-v1.5-7b,proxy_anchor,0.25,20260508
2.0,12.462547530634117,llava-v1.5-7b,proxy_anchor,0.25,20260508
3.0,11.683933730264313,llava-v1.5-7b,proxy_anchor,0.25,20260508
4.0,11.95733960058054,llava-v1.5-7b,proxy_anchor,0.25,20260508
5.0,11.315252197084561,llava-v1.5-7b,proxy_anchor,0.25,20260508
6.0,10.820755404047468,llava-v1.5-7b,proxy_anchor,0.25,20260508
7.0,10.681485664754495,llava-v1.5-7b,proxy_anchor,0.25,20260508
8.0,10.127510364001623,llava-v1.5-7b,proxy_anchor,0.25,20260508
9.0,10.134289676703295,llava-v1.5-7b,proxy_anchor,0.25,20260508
10.0,10.882118429823858,llava-v1.5-7b,proxy_anchor,0.25,20260508
11.0,9.928127494573335,llava-v1.5-7b,proxy_anchor,0.25,20260508
12.0,11.001449995442115,llava-v1.5-7b,proxy_anchor,0.25,20260508
13.0,10.360465178340514,llava-v1.5-7b,proxy_anchor,0.25,20260508
14.0,9.61354608443177,llava-v1.5-7b,proxy_anchor,0.25,20260508
15.0,8.695204184407684,llava-v1.5-7b,proxy_anchor,0.25,20260508
16.0,7.856310869111984,llava-v1.5-7b,proxy_anchor,0.25,20260508
17.0,7.970418527802732,llava-v1.5-7b,proxy_anchor,0.25,20260508
18.0,8.360555272272103,llava-v1.5-7b,proxy_anchor,0.25,20260508
19.0,7.812230113254782,llava-v1.5-7b,proxy_anchor,0.25,20260508
20.0,7.13990834410008,llava-v1.5-7b,proxy_anchor,0.25,20260508
1.0,13.05530720996362,llava-v1.5-7b,proxy_anchor,0.1,20260506
2.0,10.836761772453606,llava-v1.5-7b,proxy_anchor,0.1,20260506
3.0,11.50939266101734,llava-v1.5-7b,proxy_anchor,0.1,20260506
4.0,10.49765644443188,llava-v1.5-7b,proxy_anchor,0.1,20260506
5.0,10.788027428422117,llava-v1.5-7b,proxy_anchor,0.1,20260506
6.0,11.529282158787316,llava-v1.5-7b,proxy_anchor,0.1,20260506
7.0,10.101580043129344,llava-v1.5-7b,proxy_anchor,0.1,20260506
8.0,9.388386599066607,llava-v1.5-7b,proxy_anchor,0.1,20260506
9.0,9.767771288309142,llava-v1.5-7b,proxy_anchor,0.1,20260506
10.0,10.089748579395492,llava-v1.5-7b,proxy_anchor,0.1,20260506
11.0,11.572616787513944,llava-v1.5-7b,proxy_anchor,0.1,20260506
12.0,10.787687634367321,llava-v1.5-7b,proxy_anchor,0.1,20260506
13.0,11.172881558651389,llava-v1.5-7b,proxy_anchor,0.1,20260506
1.0,11.580561789143713,llava-v1.5-7b,proxy_anchor,0.1,20260507
2.0,10.653645939036792,llava-v1.5-7b,proxy_anchor,0.1,20260507
3.0,9.43230547164263,llava-v1.5-7b,proxy_anchor,0.1,20260507
4.0,10.304465465326958,llava-v1.5-7b,proxy_anchor,0.1,20260507
5.0,11.378401081711095,llava-v1.5-7b,proxy_anchor,0.1,20260507
6.0,10.16096392857257,llava-v1.5-7b,proxy_anchor,0.1,20260507
7.0,9.73410385396355,llava-v1.5-7b,proxy_anchor,0.1,20260507
8.0,9.07785030555877,llava-v1.5-7b,proxy_anchor,0.1,20260507
9.0,14.740941034911144,llava-v1.5-7b,proxy_anchor,0.1,20260507
10.0,10.530449606114127,llava-v1.5-7b,proxy_anchor,0.1,20260507
11.0,9.537075960730517,llava-v1.5-7b,proxy_anchor,0.1,20260507
12.0,8.321944927095148,llava-v1.5-7b,proxy_anchor,0.1,20260507
13.0,13.11396904366608,llava-v1.5-7b,proxy_anchor,0.1,20260507
14.0,11.166219175756872,llava-v1.5-7b,proxy_anchor,0.1,20260507
15.0,10.323215417382889,llava-v1.5-7b,proxy_anchor,0.1,20260507
16.0,9.222650301446688,llava-v1.5-7b,proxy_anchor,0.1,20260507
17.0,9.620996004240519,llava-v1.5-7b,proxy_anchor,0.1,20260507
1.0,11.541837999477695,llava-v1.5-7b,proxy_anchor,0.1,20260508
2.0,10.853477621742393,llava-v1.5-7b,proxy_anchor,0.1,20260508
3.0,13.263672343636028,llava-v1.5-7b,proxy_anchor,0.1,20260508
4.0,10.326497940128451,llava-v1.5-7b,proxy_anchor,0.1,20260508
5.0,11.00999835329631,llava-v1.5-7b,proxy_anchor,0.1,20260508
6.0,9.578912731861111,llava-v1.5-7b,proxy_anchor,0.1,20260508
7.0,9.260472106829452,llava-v1.5-7b,proxy_anchor,0.1,20260508
8.0,9.018534844278996,llava-v1.5-7b,proxy_anchor,0.1,20260508
9.0,10.406517664331117,llava-v1.5-7b,proxy_anchor,0.1,20260508
10.0,10.27339895429619,llava-v1.5-7b,proxy_anchor,0.1,20260508
11.0,10.776508771035633,llava-v1.5-7b,proxy_anchor,0.1,20260508
12.0,10.00807113618822,llava-v1.5-7b,proxy_anchor,0.1,20260508
13.0,9.502098213672769,llava-v1.5-7b,proxy_anchor,0.1,20260508
1.0,12.502528886709348,qwen2.5-vl-7b,proxy_anchor,1.0,20260506
2.0,11.409694981605618,qwen2.5-vl-7b,proxy_anchor,1.0,20260506
3.0,11.12634352988854,qwen2.5-vl-7b,proxy_anchor,1.0,20260506
4.0,10.85428351376574,qwen2.5-vl-7b,proxy_anchor,1.0,20260506
5.0,10.5265457055382,qwen2.5-vl-7b,proxy_anchor,1.0,20260506
6.0,10.527942494525837,qwen2.5-vl-7b,proxy_anchor,1.0,20260506
7.0,9.592865602348827,qwen2.5-vl-7b,proxy_anchor,1.0,20260506
8.0,10.221287042767154,qwen2.5-vl-7b,proxy_anchor,1.0,20260506
9.0,10.58555647638245,qwen2.5-vl-7b,proxy_anchor,1.0,20260506
10.0,8.595460969806483,qwen2.5-vl-7b,proxy_anchor,1.0,20260506
11.0,11.506877590541816,qwen2.5-vl-7b,proxy_anchor,1.0,20260506
12.0,8.621978798696103,qwen2.5-vl-7b,proxy_anchor,1.0,20260506
13.0,8.953377055203655,qwen2.5-vl-7b,proxy_anchor,1.0,20260506
14.0,6.594337506624792,qwen2.5-vl-7b,proxy_anchor,1.0,20260506
15.0,9.490034823852264,qwen2.5-vl-7b,proxy_anchor,1.0,20260506
16.0,6.947974898910033,qwen2.5-vl-7b,proxy_anchor,1.0,20260506
17.0,7.68921162136406,qwen2.5-vl-7b,proxy_anchor,1.0,20260506
18.0,11.749778568331482,qwen2.5-vl-7b,proxy_anchor,1.0,20260506
19.0,8.93588229621329,qwen2.5-vl-7b,proxy_anchor,1.0,20260506
1.0,12.771490954006131,qwen2.5-vl-7b,proxy_anchor,1.0,20260507
2.0,12.360676875867341,qwen2.5-vl-7b,proxy_anchor,1.0,20260507
3.0,11.321371224419297,qwen2.5-vl-7b,proxy_anchor,1.0,20260507
4.0,11.206967631475916,qwen2.5-vl-7b,proxy_anchor,1.0,20260507
5.0,11.19711164173327,qwen2.5-vl-7b,proxy_anchor,1.0,20260507
6.0,10.551209403492214,qwen2.5-vl-7b,proxy_anchor,1.0,20260507
7.0,9.922345078068,qwen2.5-vl-7b,proxy_anchor,1.0,20260507
8.0,9.308098850935812,qwen2.5-vl-7b,proxy_anchor,1.0,20260507
9.0,9.148589121729174,qwen2.5-vl-7b,proxy_anchor,1.0,20260507
10.0,8.304844779135786,qwen2.5-vl-7b,proxy_anchor,1.0,20260507
11.0,7.341623551840386,qwen2.5-vl-7b,proxy_anchor,1.0,20260507
12.0,8.747745620913621,qwen2.5-vl-7b,proxy_anchor,1.0,20260507
13.0,7.701054446841082,qwen2.5-vl-7b,proxy_anchor,1.0,20260507
14.0,7.813681755261794,qwen2.5-vl-7b,proxy_anchor,1.0,20260507
15.0,6.201802632009876,qwen2.5-vl-7b,proxy_anchor,1.0,20260507
16.0,8.598184505751565,qwen2.5-vl-7b,proxy_anchor,1.0,20260507
17.0,5.4174864084331915,qwen2.5-vl-7b,proxy_anchor,1.0,20260507
18.0,11.669763941636287,qwen2.5-vl-7b,proxy_anchor,1.0,20260507
19.0,11.819879267182062,qwen2.5-vl-7b,proxy_anchor,1.0,20260507
20.0,7.111783141808271,qwen2.5-vl-7b,proxy_anchor,1.0,20260507
1.0,12.635006628660856,qwen2.5-vl-7b,proxy_anchor,1.0,20260508
2.0,11.774030361493837,qwen2.5-vl-7b,proxy_anchor,1.0,20260508
3.0,11.214579413515612,qwen2.5-vl-7b,proxy_anchor,1.0,20260508
4.0,11.635279803343394,qwen2.5-vl-7b,proxy_anchor,1.0,20260508
5.0,10.752076695727444,qwen2.5-vl-7b,proxy_anchor,1.0,20260508
6.0,10.441276446233513,qwen2.5-vl-7b,proxy_anchor,1.0,20260508
7.0,9.696890657887685,qwen2.5-vl-7b,proxy_anchor,1.0,20260508
8.0,9.800504065355685,qwen2.5-vl-7b,proxy_anchor,1.0,20260508
9.0,10.696472919278028,qwen2.5-vl-7b,proxy_anchor,1.0,20260508
10.0,9.201252950783413,qwen2.5-vl-7b,proxy_anchor,1.0,20260508
11.0,8.77957350757829,qwen2.5-vl-7b,proxy_anchor,1.0,20260508
12.0,7.884472369413167,qwen2.5-vl-7b,proxy_anchor,1.0,20260508
13.0,6.066708586794421,qwen2.5-vl-7b,proxy_anchor,1.0,20260508
14.0,9.049500781366547,qwen2.5-vl-7b,proxy_anchor,1.0,20260508
15.0,8.511653070119287,qwen2.5-vl-7b,proxy_anchor,1.0,20260508
16.0,5.488069248138252,qwen2.5-vl-7b,proxy_anchor,1.0,20260508
17.0,8.693578490182585,qwen2.5-vl-7b,proxy_anchor,1.0,20260508
18.0,6.730326291685386,qwen2.5-vl-7b,proxy_anchor,1.0,20260508
19.0,4.308955114976347,qwen2.5-vl-7b,proxy_anchor,1.0,20260508
20.0,17.16579630071912,qwen2.5-vl-7b,proxy_anchor,1.0,20260508
1.0,11.937352242589803,qwen2.5-vl-7b,proxy_anchor,0.5,20260506
2.0,10.898620928689047,qwen2.5-vl-7b,proxy_anchor,0.5,20260506
3.0,11.406088007352354,qwen2.5-vl-7b,proxy_anchor,0.5,20260506
4.0,10.971337818206287,qwen2.5-vl-7b,proxy_anchor,0.5,20260506
5.0,10.724025776929587,qwen2.5-vl-7b,proxy_anchor,0.5,20260506
6.0,10.035228143218404,qwen2.5-vl-7b,proxy_anchor,0.5,20260506
7.0,9.658778547248284,qwen2.5-vl-7b,proxy_anchor,0.5,20260506
8.0,9.805269592634472,qwen2.5-vl-7b,proxy_anchor,0.5,20260506
9.0,8.86758577464103,qwen2.5-vl-7b,proxy_anchor,0.5,20260506
10.0,11.937662984528478,qwen2.5-vl-7b,proxy_anchor,0.5,20260506
11.0,9.655254572633805,qwen2.5-vl-7b,proxy_anchor,0.5,20260506
12.0,8.330867264728761,qwen2.5-vl-7b,proxy_anchor,0.5,20260506
13.0,7.408522972205185,qwen2.5-vl-7b,proxy_anchor,0.5,20260506
14.0,10.292140656901944,qwen2.5-vl-7b,proxy_anchor,0.5,20260506
15.0,8.839363199609267,qwen2.5-vl-7b,proxy_anchor,0.5,20260506
16.0,6.757447433723678,qwen2.5-vl-7b,proxy_anchor,0.5,20260506
17.0,12.746460977379662,qwen2.5-vl-7b,proxy_anchor,0.5,20260506
18.0,9.451991604716671,qwen2.5-vl-7b,proxy_anchor,0.5,20260506
19.0,7.767400424317139,qwen2.5-vl-7b,proxy_anchor,0.5,20260506
20.0,5.905321579942098,qwen2.5-vl-7b,proxy_anchor,0.5,20260506
1.0,11.905626142186255,qwen2.5-vl-7b,proxy_anchor,0.5,20260507
2.0,11.713610828729127,qwen2.5-vl-7b,proxy_anchor,0.5,20260507
3.0,10.672343275177367,qwen2.5-vl-7b,proxy_anchor,0.5,20260507
4.0,10.368109329930205,qwen2.5-vl-7b,proxy_anchor,0.5,20260507
5.0,10.847706479736596,qwen2.5-vl-7b,proxy_anchor,0.5,20260507
6.0,10.192127350899977,qwen2.5-vl-7b,proxy_anchor,0.5,20260507
7.0,10.000131925069752,qwen2.5-vl-7b,proxy_anchor,0.5,20260507
8.0,9.704955368272719,qwen2.5-vl-7b,proxy_anchor,0.5,20260507
9.0,10.113601983771984,qwen2.5-vl-7b,proxy_anchor,0.5,20260507
10.0,8.892124821515127,qwen2.5-vl-7b,proxy_anchor,0.5,20260507
11.0,8.724923516411438,qwen2.5-vl-7b,proxy_anchor,0.5,20260507
12.0,8.67168415159889,qwen2.5-vl-7b,proxy_anchor,0.5,20260507
13.0,9.393481018151565,qwen2.5-vl-7b,proxy_anchor,0.5,20260507
14.0,7.646992138548932,qwen2.5-vl-7b,proxy_anchor,0.5,20260507
15.0,8.164299977812547,qwen2.5-vl-7b,proxy_anchor,0.5,20260507
16.0,10.742664798117328,qwen2.5-vl-7b,proxy_anchor,0.5,20260507
17.0,8.043877693294363,qwen2.5-vl-7b,proxy_anchor,0.5,20260507
18.0,13.25570220232754,qwen2.5-vl-7b,proxy_anchor,0.5,20260507
19.0,12.133743249290816,qwen2.5-vl-7b,proxy_anchor,0.5,20260507
1.0,11.825253141286098,qwen2.5-vl-7b,proxy_anchor,0.5,20260508
2.0,11.353632885012988,qwen2.5-vl-7b,proxy_anchor,0.5,20260508
3.0,10.906308446044605,qwen2.5-vl-7b,proxy_anchor,0.5,20260508
4.0,10.312293016203485,qwen2.5-vl-7b,proxy_anchor,0.5,20260508
5.0,10.425524779090525,qwen2.5-vl-7b,proxy_anchor,0.5,20260508
6.0,10.041174065434102,qwen2.5-vl-7b,proxy_anchor,0.5,20260508
7.0,9.396854345519076,qwen2.5-vl-7b,proxy_anchor,0.5,20260508
8.0,9.717641819807294,qwen2.5-vl-7b,proxy_anchor,0.5,20260508
9.0,8.626340513010332,qwen2.5-vl-7b,proxy_anchor,0.5,20260508
10.0,11.647263815698217,qwen2.5-vl-7b,proxy_anchor,0.5,20260508
11.0,10.6610947472744,qwen2.5-vl-7b,proxy_anchor,0.5,20260508
12.0,8.663568770679626,qwen2.5-vl-7b,proxy_anchor,0.5,20260508
13.0,8.606908470458006,qwen2.5-vl-7b,proxy_anchor,0.5,20260508
14.0,9.1424666435984,qwen2.5-vl-7b,proxy_anchor,0.5,20260508
15.0,7.650916000589979,qwen2.5-vl-7b,proxy_anchor,0.5,20260508
16.0,11.005331488060653,qwen2.5-vl-7b,proxy_anchor,0.5,20260508
17.0,9.392685752722524,qwen2.5-vl-7b,proxy_anchor,0.5,20260508
18.0,7.184251109593916,qwen2.5-vl-7b,proxy_anchor,0.5,20260508
19.0,8.089363839083218,qwen2.5-vl-7b,proxy_anchor,0.5,20260508
20.0,9.053354248238056,qwen2.5-vl-7b,proxy_anchor,0.5,20260508
1.0,10.746401476903747,qwen2.5-vl-7b,proxy_anchor,0.25,20260506
2.0,11.692037940009723,qwen2.5-vl-7b,proxy_anchor,0.25,20260506
3.0,10.6744519134066,qwen2.5-vl-7b,proxy_anchor,0.25,20260506
4.0,9.033065897034362,qwen2.5-vl-7b,proxy_anchor,0.25,20260506
5.0,8.630955613948625,qwen2.5-vl-7b,proxy_anchor,0.25,20260506
6.0,7.860451066765557,qwen2.5-vl-7b,proxy_anchor,0.25,20260506
7.0,8.58206467280122,qwen2.5-vl-7b,proxy_anchor,0.25,20260506
8.0,7.8688079961840165,qwen2.5-vl-7b,proxy_anchor,0.25,20260506
9.0,7.092920086464353,qwen2.5-vl-7b,proxy_anchor,0.25,20260506
10.0,7.005561696262564,qwen2.5-vl-7b,proxy_anchor,0.25,20260506
11.0,8.748676222011849,qwen2.5-vl-7b,proxy_anchor,0.25,20260506
12.0,6.761937759221615,qwen2.5-vl-7b,proxy_anchor,0.25,20260506
13.0,6.314155889262889,qwen2.5-vl-7b,proxy_anchor,0.25,20260506
14.0,4.6855539747419455,qwen2.5-vl-7b,proxy_anchor,0.25,20260506
15.0,6.293978638410506,qwen2.5-vl-7b,proxy_anchor,0.25,20260506
16.0,4.787369937477202,qwen2.5-vl-7b,proxy_anchor,0.25,20260506
17.0,3.6288477414392246,qwen2.5-vl-7b,proxy_anchor,0.25,20260506
18.0,9.541435353928101,qwen2.5-vl-7b,proxy_anchor,0.25,20260506
19.0,8.344464721464929,qwen2.5-vl-7b,proxy_anchor,0.25,20260506
20.0,5.158104129160971,qwen2.5-vl-7b,proxy_anchor,0.25,20260506
1.0,12.18540246138931,qwen2.5-vl-7b,proxy_anchor,0.25,20260507
2.0,10.287422302038328,qwen2.5-vl-7b,proxy_anchor,0.25,20260507
3.0,9.159886002064562,qwen2.5-vl-7b,proxy_anchor,0.25,20260507
4.0,9.675131069362148,qwen2.5-vl-7b,proxy_anchor,0.25,20260507
5.0,9.18018135771011,qwen2.5-vl-7b,proxy_anchor,0.25,20260507
6.0,9.26954695578488,qwen2.5-vl-7b,proxy_anchor,0.25,20260507
7.0,8.633661482402186,qwen2.5-vl-7b,proxy_anchor,0.25,20260507
8.0,9.050261612367992,qwen2.5-vl-7b,proxy_anchor,0.25,20260507
9.0,8.658971837316704,qwen2.5-vl-7b,proxy_anchor,0.25,20260507
10.0,7.80652729033425,qwen2.5-vl-7b,proxy_anchor,0.25,20260507
11.0,8.110515201675483,qwen2.5-vl-7b,proxy_anchor,0.25,20260507
12.0,7.533467168176196,qwen2.5-vl-7b,proxy_anchor,0.25,20260507
13.0,7.224608158372278,qwen2.5-vl-7b,proxy_anchor,0.25,20260507
14.0,8.913269280700604,qwen2.5-vl-7b,proxy_anchor,0.25,20260507
15.0,8.496310100470515,qwen2.5-vl-7b,proxy_anchor,0.25,20260507
16.0,7.246710537303396,qwen2.5-vl-7b,proxy_anchor,0.25,20260507
17.0,6.871159665901082,qwen2.5-vl-7b,proxy_anchor,0.25,20260507
18.0,5.388906210996494,qwen2.5-vl-7b,proxy_anchor,0.25,20260507
19.0,7.598216694854073,qwen2.5-vl-7b,proxy_anchor,0.25,20260507
20.0,5.566188085575508,qwen2.5-vl-7b,proxy_anchor,0.25,20260507
1.0,10.8847297984101,qwen2.5-vl-7b,proxy_anchor,0.25,20260508
2.0,10.35241730917371,qwen2.5-vl-7b,proxy_anchor,0.25,20260508
3.0,10.145153997580586,qwen2.5-vl-7b,proxy_anchor,0.25,20260508
4.0,9.538161183876902,qwen2.5-vl-7b,proxy_anchor,0.25,20260508
5.0,9.716569410565324,qwen2.5-vl-7b,proxy_anchor,0.25,20260508
6.0,9.669467370651816,qwen2.5-vl-7b,proxy_anchor,0.25,20260508
7.0,9.560754642901104,qwen2.5-vl-7b,proxy_anchor,0.25,20260508
8.0,8.837445055573797,qwen2.5-vl-7b,proxy_anchor,0.25,20260508
9.0,7.048529088044547,qwen2.5-vl-7b,proxy_anchor,0.25,20260508
10.0,6.971878870584229,qwen2.5-vl-7b,proxy_anchor,0.25,20260508
11.0,7.816830776161659,qwen2.5-vl-7b,proxy_anchor,0.25,20260508
12.0,9.59243600185581,qwen2.5-vl-7b,proxy_anchor,0.25,20260508
13.0,9.520187302265033,qwen2.5-vl-7b,proxy_anchor,0.25,20260508
14.0,6.1032121829507116,qwen2.5-vl-7b,proxy_anchor,0.25,20260508
15.0,7.653281267196853,qwen2.5-vl-7b,proxy_anchor,0.25,20260508
16.0,5.912355210962767,qwen2.5-vl-7b,proxy_anchor,0.25,20260508
17.0,6.641560183422951,qwen2.5-vl-7b,proxy_anchor,0.25,20260508
18.0,6.889379829347805,qwen2.5-vl-7b,proxy_anchor,0.25,20260508
19.0,4.275708955006626,qwen2.5-vl-7b,proxy_anchor,0.25,20260508
20.0,4.096954983983186,qwen2.5-vl-7b,proxy_anchor,0.25,20260508
