model_name,dataset_family,variant,readout,eval_split,eval_scope,metric_status,failure_reason,pr_auc,pr_auc_ci_low,pr_auc_ci_high,roc_auc,roc_auc_ci_low,roc_auc_ci_high,average_precision,tpr_at_1pct_fpr,fpr_at_95pct_tpr,num_test,num_test_correct,num_test_hard_hallucination,num_bank_correct,num_encoder_train,num_encoder_train_hallucination,num_excluded_false_negative,num_excluded_parsed_none
llava-onevision-qwen2-7b-ov-hf,repope,Raw-Static,Diag-Classifier,test,pooled,passed,,0.39135852078291833,0.25570905605800526,0.5172680104464342,0.931699314156017,0.8983288010310496,0.9580864830237028,0.40066178721004714,0.2692307692307692,0.45285439384220655,1611,1559,52,1545,3971,138,29,0
llava-onevision-qwen2-7b-ov-hf,repope,Raw-Static,Diag-KNN,test,pooled,passed,,0.02386599497996868,0.017364335752689825,0.03134778853624634,0.3843440074998766,0.34161847375375887,0.4262405734197703,0.024960895383064584,0.0,0.7985888389993585,1611,1559,52,1545,3971,138,29,0
llava-onevision-qwen2-7b-ov-hf,repope,Sphere-Static,Diag-Classifier,test,pooled,passed,,0.36873493241075556,0.2378977188986696,0.508049496758113,0.9272215917501356,0.8896694501280722,0.9570173731580235,0.3845386634700516,0.2692307692307692,0.5189223861449648,1611,1559,52,1545,3971,138,29,0
llava-onevision-qwen2-7b-ov-hf,repope,Sphere-Static,Diag-KNN,test,pooled,passed,,0.03136406471729629,0.021970986358012642,0.04152214733638106,0.5344155523757833,0.47755207049950515,0.589861091818308,0.033212645443560375,0.0,0.6869788325849904,1611,1559,52,1545,3971,138,29,0
llava-onevision-qwen2-7b-ov-hf,repope,Raw-Traj-MeanPool,Diag-Classifier,test,pooled,passed,,0.485333606929982,0.3444100772203686,0.6141585060342027,0.9585039719741452,0.9427834729280179,0.9722211555359093,0.4945858676015569,0.3076923076923077,0.163566388710712,1611,1559,52,1545,3971,138,29,0
llava-onevision-qwen2-7b-ov-hf,repope,Raw-Traj-MeanPool,Diag-KNN,test,pooled,passed,,0.2731832076338659,0.18202572143234869,0.36944656878350945,0.9399393102087137,0.9241098361456568,0.9549114004988424,0.2825803337870196,0.057692307692307696,0.15586914688903142,1611,1559,52,1545,3971,138,29,0
llava-onevision-qwen2-7b-ov-hf,repope,Sphere-Traj-MeanPool,Diag-Classifier,test,pooled,passed,,0.4463741464009138,0.31176643282349775,0.5701442779814712,0.9461439778951004,0.9244349896464573,0.9650565159882871,0.4546837727191755,0.3076923076923077,0.16100064143681847,1611,1559,52,1545,3971,138,29,0
llava-onevision-qwen2-7b-ov-hf,repope,Sphere-Traj-MeanPool,Diag-KNN,test,pooled,passed,,0.2149117926577744,0.15335710735316005,0.2985212112807233,0.9299970395223762,0.9100014849549686,0.9499619446707851,0.22811011998958114,0.019230769230769232,0.23925593329057088,1611,1559,52,1545,3971,138,29,0
llava-onevision-qwen2-7b-ov-hf,repope,Raw-Traj-LSTM,Diag-Classifier,test,pooled,passed,,0.4388288846870008,0.30357488134892263,0.5666282829546594,0.9630187003503232,0.9510199915032682,0.9737407457317031,0.44886241522789916,0.2692307692307692,0.08466966003848621,1611,1559,52,1545,3971,138,29,0
llava-onevision-qwen2-7b-ov-hf,repope,Raw-Traj-LSTM,Diag-KNN,test,pooled,passed,,0.058955499685417745,0.04221028203726827,0.08133764548697744,0.7541940099669413,0.7184595233740103,0.7928182447236735,0.06264413779758843,0.0,0.4509300833867864,1611,1559,52,1545,3971,138,29,0
llava-onevision-qwen2-7b-ov-hf,repope,Sphere-Traj-LSTM,Diag-Classifier,test,pooled,passed,,0.48104174611372447,0.3481647899389055,0.617760702671561,0.9674100754921794,0.9565397717434793,0.9775783622723194,0.49232610788234593,0.4230769230769231,0.09878127004490057,1611,1559,52,1545,3971,138,29,0
llava-onevision-qwen2-7b-ov-hf,repope,Sphere-Traj-LSTM,Diag-KNN,test,pooled,passed,,0.11529092542368773,0.08233756184510314,0.15591510623264124,0.8806804164405191,0.85906731052695,0.9016947890248542,0.12238807021719372,0.0,0.2187299550994227,1611,1559,52,1545,3971,138,29,0
llava-onevision-qwen2-7b-ov-hf,pope,Raw-Static,Diag-Classifier,test,pooled,passed,,0.2702753127928528,0.17921122721643978,0.38552351299517573,0.9033673600037248,0.8591123419333918,0.941754678116634,0.2845239205722428,0.20754716981132076,0.6853793954349168,1674,1621,53,1653,4161,147,126,0
llava-onevision-qwen2-7b-ov-hf,pope,Raw-Static,Diag-KNN,test,pooled,passed,,0.02158430491148738,0.015686813364749506,0.027512145548471884,0.328949053111869,0.28337641788063195,0.3784285746632743,0.02227891754408999,0.0,0.8760024676125848,1674,1621,53,1653,4161,147,126,0
llava-onevision-qwen2-7b-ov-hf,pope,Sphere-Static,Diag-Classifier,test,pooled,passed,,0.2704461953139414,0.18030783783197848,0.3845709221792793,0.8944513635887468,0.8485370903388264,0.936135075743175,0.2838462634333582,0.24528301886792453,0.6415792720542874,1674,1621,53,1653,4161,147,126,0
llava-onevision-qwen2-7b-ov-hf,pope,Sphere-Static,Diag-KNN,test,pooled,passed,,0.024329858424868397,0.017608096384759,0.031727079669459715,0.41438431902040435,0.36065076741373275,0.4692763950144546,0.02523328029707254,0.0,0.7927205428747687,1674,1621,53,1653,4161,147,126,0
llava-onevision-qwen2-7b-ov-hf,pope,Raw-Traj-MeanPool,Diag-Classifier,test,pooled,passed,,0.27934342480272806,0.18067421088362615,0.4048365122131345,0.8997823379465273,0.8608956861845619,0.9366454802923012,0.29523968338420087,0.2830188679245283,0.5755706354102406,1674,1621,53,1653,4161,147,126,0
llava-onevision-qwen2-7b-ov-hf,pope,Raw-Traj-MeanPool,Diag-KNN,test,pooled,passed,,0.14920718897827315,0.10060584162171132,0.21448424354116025,0.8877585464365114,0.8589454443604145,0.9162037656777879,0.1568852896772756,0.03773584905660377,0.33559531153608885,1674,1621,53,1653,4161,147,126,0
llava-onevision-qwen2-7b-ov-hf,pope,Sphere-Traj-MeanPool,Diag-Classifier,test,pooled,passed,,0.2345239746842533,0.14864147397224695,0.34773094792438386,0.8622327238019858,0.8045469392024084,0.915472537802655,0.24797048078841397,0.20754716981132076,0.8130783466995681,1674,1621,53,1653,4161,147,126,0
llava-onevision-qwen2-7b-ov-hf,pope,Sphere-Traj-MeanPool,Diag-KNN,test,pooled,passed,,0.14589426572364775,0.10015411462146949,0.2056898850675766,0.8760141072945887,0.8410090299576769,0.9089287644316664,0.15359309966089793,0.018867924528301886,0.4392350400987045,1674,1621,53,1653,4161,147,126,0
llava-onevision-qwen2-7b-ov-hf,pope,Raw-Traj-LSTM,Diag-Classifier,test,pooled,passed,,0.35570369802009383,0.23362366599570217,0.4950777898465029,0.9403699090940836,0.9186785053318057,0.9612784646194245,0.3675238976442801,0.24528301886792453,0.3041332510795805,1674,1621,53,1653,4161,147,126,0
llava-onevision-qwen2-7b-ov-hf,pope,Raw-Traj-LSTM,Diag-KNN,test,pooled,passed,,0.03961549776199032,0.02695981653944077,0.06708582468344529,0.5769324782046954,0.5092210439193491,0.6488891789261205,0.04410841613790106,0.018867924528301886,0.904380012338063,1674,1621,53,1653,4161,147,126,0
llava-onevision-qwen2-7b-ov-hf,pope,Sphere-Traj-LSTM,Diag-Classifier,test,pooled,passed,,0.47863670763806193,0.332599057688124,0.6101652118202038,0.9450956199876619,0.9247235556639195,0.9646397997140496,0.4843453127925428,0.41509433962264153,0.25478099938309684,1674,1621,53,1653,4161,147,126,0
llava-onevision-qwen2-7b-ov-hf,pope,Sphere-Traj-LSTM,Diag-KNN,test,pooled,passed,,0.05517961504359903,0.03947621626610038,0.07151404824805571,0.7515975463550335,0.7194909944581281,0.7811086777480927,0.05732844464125564,0.0,0.38988278840222085,1674,1621,53,1653,4161,147,126,0
llava-onevision-qwen2-7b-ov-hf,dash-b,Raw-Static,Diag-Classifier,test,pooled,passed,,0.9887560263965236,0.9805483235145873,0.994296174517692,0.9899037232682969,0.982224118596632,0.9952718425968533,0.9887827005976246,0.845360824742268,0.049586776859504134,436,242,194,326,1315,507,7,0
llava-onevision-qwen2-7b-ov-hf,dash-b,Raw-Static,Diag-KNN,test,pooled,passed,,0.3732476665431278,0.32695007559864037,0.4249090410387457,0.4202521939166738,0.3670638817077588,0.4738813588238034,0.3756897565772246,0.0,0.8966942148760331,436,242,194,326,1315,507,7,0
llava-onevision-qwen2-7b-ov-hf,dash-b,Sphere-Static,Diag-Classifier,test,pooled,passed,,0.989200836277108,0.98111205437122,0.9945603968266477,0.990287126182159,0.9827418617848461,0.9953209047454125,0.9892263996970906,0.8556701030927835,0.05785123966942149,436,242,194,326,1315,507,7,0
llava-onevision-qwen2-7b-ov-hf,dash-b,Sphere-Static,Diag-KNN,test,pooled,passed,,0.4108749354400257,0.3581219147062159,0.46944175652906506,0.49235324188463836,0.4379014547631394,0.5459975082659346,0.4140769672136373,0.0,0.8801652892561983,436,242,194,326,1315,507,7,0
llava-onevision-qwen2-7b-ov-hf,dash-b,Raw-Traj-MeanPool,Diag-Classifier,test,pooled,passed,,0.9888582600535062,0.9809559291848201,0.994393007114089,0.9908409303910709,0.9847420873191691,0.9955124685132258,0.9888867160384573,0.7989690721649485,0.045454545454545456,436,242,194,326,1315,507,7,0
llava-onevision-qwen2-7b-ov-hf,dash-b,Raw-Traj-MeanPool,Diag-KNN,test,pooled,passed,,0.8729357785793705,0.8304626161030477,0.9073770005614881,0.8910283718156259,0.8593221997714157,0.9165954785055384,0.8733401793028823,0.3402061855670103,0.47107438016528924,436,242,194,326,1315,507,7,0
llava-onevision-qwen2-7b-ov-hf,dash-b,Sphere-Traj-MeanPool,Diag-Classifier,test,pooled,passed,,0.984483757008573,0.9736205982635618,0.9926008928233682,0.9874755048138366,0.979362702689298,0.9937592481614689,0.9845251749957106,0.7164948453608248,0.04132231404958678,436,242,194,326,1315,507,7,0
llava-onevision-qwen2-7b-ov-hf,dash-b,Sphere-Traj-MeanPool,Diag-KNN,test,pooled,passed,,0.8736827776473599,0.8339461590898817,0.906263817081602,0.8910496719775071,0.8600972778306047,0.9156748930710331,0.8740245905352204,0.37628865979381443,0.3884297520661157,436,242,194,326,1315,507,7,0
llava-onevision-qwen2-7b-ov-hf,dash-b,Raw-Traj-LSTM,Diag-Classifier,test,pooled,passed,,0.9889885982271266,0.98101256474128,0.994811921000684,0.9903936269915652,0.983401083086513,0.9957749280779155,0.989015640072705,0.8195876288659794,0.05371900826446281,436,242,194,326,1315,507,7,0
llava-onevision-qwen2-7b-ov-hf,dash-b,Raw-Traj-LSTM,Diag-KNN,test,pooled,passed,,0.9751735970259494,0.9576605008929058,0.9887624284390432,0.982150464343529,0.970857551072245,0.9912399106066827,0.9752519196256286,0.5721649484536082,0.06198347107438017,436,242,194,326,1315,507,7,0
llava-onevision-qwen2-7b-ov-hf,dash-b,Sphere-Traj-LSTM,Diag-Classifier,test,pooled,passed,,0.9737782179381195,0.959165161353431,0.9844632830665793,0.9772514271108461,0.965259287485008,0.9867997480598351,0.9738435726272829,0.7164948453608248,0.11983471074380166,436,242,194,326,1315,507,7,0
llava-onevision-qwen2-7b-ov-hf,dash-b,Sphere-Traj-LSTM,Diag-KNN,test,pooled,passed,,0.8469679481826525,0.7834342680205085,0.9161983102277514,0.9471542983726676,0.921407196697828,0.9690592209528147,0.8507661119313308,0.005154639175257732,0.09917355371900827,436,242,194,326,1315,507,7,0
glm-4.6v-flash,repope,Raw-Static,Diag-Classifier,test,pooled,failed,glm-4.6v-flash/repope has no primary closeout population,nan,nan,nan,nan,nan,nan,nan,nan,nan,0,0,0,0,0,0,0,0
glm-4.6v-flash,repope,Raw-Static,Diag-KNN,test,pooled,failed,glm-4.6v-flash/repope has no primary closeout population,nan,nan,nan,nan,nan,nan,nan,nan,nan,0,0,0,0,0,0,0,0
glm-4.6v-flash,repope,Sphere-Static,Diag-Classifier,test,pooled,failed,glm-4.6v-flash/repope has no primary closeout population,nan,nan,nan,nan,nan,nan,nan,nan,nan,0,0,0,0,0,0,0,0
glm-4.6v-flash,repope,Sphere-Static,Diag-KNN,test,pooled,failed,glm-4.6v-flash/repope has no primary closeout population,nan,nan,nan,nan,nan,nan,nan,nan,nan,0,0,0,0,0,0,0,0
glm-4.6v-flash,repope,Raw-Traj-MeanPool,Diag-Classifier,test,pooled,failed,glm-4.6v-flash/repope has no primary closeout population,nan,nan,nan,nan,nan,nan,nan,nan,nan,0,0,0,0,0,0,0,0
glm-4.6v-flash,repope,Raw-Traj-MeanPool,Diag-KNN,test,pooled,failed,glm-4.6v-flash/repope has no primary closeout population,nan,nan,nan,nan,nan,nan,nan,nan,nan,0,0,0,0,0,0,0,0
glm-4.6v-flash,repope,Sphere-Traj-MeanPool,Diag-Classifier,test,pooled,failed,glm-4.6v-flash/repope has no primary closeout population,nan,nan,nan,nan,nan,nan,nan,nan,nan,0,0,0,0,0,0,0,0
glm-4.6v-flash,repope,Sphere-Traj-MeanPool,Diag-KNN,test,pooled,failed,glm-4.6v-flash/repope has no primary closeout population,nan,nan,nan,nan,nan,nan,nan,nan,nan,0,0,0,0,0,0,0,0
glm-4.6v-flash,repope,Raw-Traj-LSTM,Diag-Classifier,test,pooled,failed,glm-4.6v-flash/repope has no primary closeout population,nan,nan,nan,nan,nan,nan,nan,nan,nan,0,0,0,0,0,0,0,0
glm-4.6v-flash,repope,Raw-Traj-LSTM,Diag-KNN,test,pooled,failed,glm-4.6v-flash/repope has no primary closeout population,nan,nan,nan,nan,nan,nan,nan,nan,nan,0,0,0,0,0,0,0,0
glm-4.6v-flash,repope,Sphere-Traj-LSTM,Diag-Classifier,test,pooled,failed,glm-4.6v-flash/repope has no primary closeout population,nan,nan,nan,nan,nan,nan,nan,nan,nan,0,0,0,0,0,0,0,0
glm-4.6v-flash,repope,Sphere-Traj-LSTM,Diag-KNN,test,pooled,failed,glm-4.6v-flash/repope has no primary closeout population,nan,nan,nan,nan,nan,nan,nan,nan,nan,0,0,0,0,0,0,0,0
glm-4.6v-flash,pope,Raw-Static,Diag-Classifier,test,pooled,failed,glm-4.6v-flash/pope has no primary closeout population,nan,nan,nan,nan,nan,nan,nan,nan,nan,0,0,0,0,0,0,0,0
glm-4.6v-flash,pope,Raw-Static,Diag-KNN,test,pooled,failed,glm-4.6v-flash/pope has no primary closeout population,nan,nan,nan,nan,nan,nan,nan,nan,nan,0,0,0,0,0,0,0,0
glm-4.6v-flash,pope,Sphere-Static,Diag-Classifier,test,pooled,failed,glm-4.6v-flash/pope has no primary closeout population,nan,nan,nan,nan,nan,nan,nan,nan,nan,0,0,0,0,0,0,0,0
glm-4.6v-flash,pope,Sphere-Static,Diag-KNN,test,pooled,failed,glm-4.6v-flash/pope has no primary closeout population,nan,nan,nan,nan,nan,nan,nan,nan,nan,0,0,0,0,0,0,0,0
glm-4.6v-flash,pope,Raw-Traj-MeanPool,Diag-Classifier,test,pooled,failed,glm-4.6v-flash/pope has no primary closeout population,nan,nan,nan,nan,nan,nan,nan,nan,nan,0,0,0,0,0,0,0,0
glm-4.6v-flash,pope,Raw-Traj-MeanPool,Diag-KNN,test,pooled,failed,glm-4.6v-flash/pope has no primary closeout population,nan,nan,nan,nan,nan,nan,nan,nan,nan,0,0,0,0,0,0,0,0
glm-4.6v-flash,pope,Sphere-Traj-MeanPool,Diag-Classifier,test,pooled,failed,glm-4.6v-flash/pope has no primary closeout population,nan,nan,nan,nan,nan,nan,nan,nan,nan,0,0,0,0,0,0,0,0
glm-4.6v-flash,pope,Sphere-Traj-MeanPool,Diag-KNN,test,pooled,failed,glm-4.6v-flash/pope has no primary closeout population,nan,nan,nan,nan,nan,nan,nan,nan,nan,0,0,0,0,0,0,0,0
glm-4.6v-flash,pope,Raw-Traj-LSTM,Diag-Classifier,test,pooled,failed,glm-4.6v-flash/pope has no primary closeout population,nan,nan,nan,nan,nan,nan,nan,nan,nan,0,0,0,0,0,0,0,0
glm-4.6v-flash,pope,Raw-Traj-LSTM,Diag-KNN,test,pooled,failed,glm-4.6v-flash/pope has no primary closeout population,nan,nan,nan,nan,nan,nan,nan,nan,nan,0,0,0,0,0,0,0,0
glm-4.6v-flash,pope,Sphere-Traj-LSTM,Diag-Classifier,test,pooled,failed,glm-4.6v-flash/pope has no primary closeout population,nan,nan,nan,nan,nan,nan,nan,nan,nan,0,0,0,0,0,0,0,0
glm-4.6v-flash,pope,Sphere-Traj-LSTM,Diag-KNN,test,pooled,failed,glm-4.6v-flash/pope has no primary closeout population,nan,nan,nan,nan,nan,nan,nan,nan,nan,0,0,0,0,0,0,0,0
glm-4.6v-flash,dash-b,Raw-Static,Diag-Classifier,test,pooled,failed,glm-4.6v-flash/dash-b has no primary closeout population,nan,nan,nan,nan,nan,nan,nan,nan,nan,0,0,0,0,0,0,0,0
glm-4.6v-flash,dash-b,Raw-Static,Diag-KNN,test,pooled,failed,glm-4.6v-flash/dash-b has no primary closeout population,nan,nan,nan,nan,nan,nan,nan,nan,nan,0,0,0,0,0,0,0,0
glm-4.6v-flash,dash-b,Sphere-Static,Diag-Classifier,test,pooled,failed,glm-4.6v-flash/dash-b has no primary closeout population,nan,nan,nan,nan,nan,nan,nan,nan,nan,0,0,0,0,0,0,0,0
glm-4.6v-flash,dash-b,Sphere-Static,Diag-KNN,test,pooled,failed,glm-4.6v-flash/dash-b has no primary closeout population,nan,nan,nan,nan,nan,nan,nan,nan,nan,0,0,0,0,0,0,0,0
glm-4.6v-flash,dash-b,Raw-Traj-MeanPool,Diag-Classifier,test,pooled,failed,glm-4.6v-flash/dash-b has no primary closeout population,nan,nan,nan,nan,nan,nan,nan,nan,nan,0,0,0,0,0,0,0,0
glm-4.6v-flash,dash-b,Raw-Traj-MeanPool,Diag-KNN,test,pooled,failed,glm-4.6v-flash/dash-b has no primary closeout population,nan,nan,nan,nan,nan,nan,nan,nan,nan,0,0,0,0,0,0,0,0
glm-4.6v-flash,dash-b,Sphere-Traj-MeanPool,Diag-Classifier,test,pooled,failed,glm-4.6v-flash/dash-b has no primary closeout population,nan,nan,nan,nan,nan,nan,nan,nan,nan,0,0,0,0,0,0,0,0
glm-4.6v-flash,dash-b,Sphere-Traj-MeanPool,Diag-KNN,test,pooled,failed,glm-4.6v-flash/dash-b has no primary closeout population,nan,nan,nan,nan,nan,nan,nan,nan,nan,0,0,0,0,0,0,0,0
glm-4.6v-flash,dash-b,Raw-Traj-LSTM,Diag-Classifier,test,pooled,failed,glm-4.6v-flash/dash-b has no primary closeout population,nan,nan,nan,nan,nan,nan,nan,nan,nan,0,0,0,0,0,0,0,0
glm-4.6v-flash,dash-b,Raw-Traj-LSTM,Diag-KNN,test,pooled,failed,glm-4.6v-flash/dash-b has no primary closeout population,nan,nan,nan,nan,nan,nan,nan,nan,nan,0,0,0,0,0,0,0,0
glm-4.6v-flash,dash-b,Sphere-Traj-LSTM,Diag-Classifier,test,pooled,failed,glm-4.6v-flash/dash-b has no primary closeout population,nan,nan,nan,nan,nan,nan,nan,nan,nan,0,0,0,0,0,0,0,0
glm-4.6v-flash,dash-b,Sphere-Traj-LSTM,Diag-KNN,test,pooled,failed,glm-4.6v-flash/dash-b has no primary closeout population,nan,nan,nan,nan,nan,nan,nan,nan,nan,0,0,0,0,0,0,0,0
qwen3-vl-8b,repope,Raw-Static,Diag-Classifier,test,pooled,passed,,0.6558896707267776,0.5015761010064872,0.7873170831377888,0.9563632715842975,0.9101158091681254,0.9856937758759137,0.6606776928016631,0.5789473684210527,0.1823379923761118,1612,1574,38,1542,3980,168,28,0
qwen3-vl-8b,repope,Raw-Static,Diag-KNN,test,pooled,passed,,0.021414860460061053,0.014115253174326535,0.030165673106495254,0.49082959941148935,0.40056652670097553,0.5777325711472419,0.02314988276345501,0.0,0.9371029224904701,1612,1574,38,1542,3980,168,28,0
qwen3-vl-8b,repope,Sphere-Static,Diag-Classifier,test,pooled,passed,,0.6200187074339365,0.46006750246309025,0.7561755460364367,0.9507623888182973,0.8987872328966805,0.9835627951038232,0.6258938096972976,0.5789473684210527,0.24015247776365947,1612,1574,38,1542,3980,168,28,0
qwen3-vl-8b,repope,Sphere-Static,Diag-KNN,test,pooled,passed,,0.05648553455804278,0.034999250631692715,0.08565300812306238,0.778890523640741,0.7141393606033014,0.8364295301776473,0.06140796994415699,0.0,0.5876747141041931,1612,1574,38,1542,3980,168,28,0
qwen3-vl-8b,repope,Raw-Traj-MeanPool,Diag-Classifier,test,pooled,passed,,0.5449409695123034,0.35958532981050867,0.7072410705022208,0.9548919949174078,0.900333914012354,0.9850721218621695,0.5560584890371162,0.5,0.12261753494282084,1612,1574,38,1542,3980,168,28,0
qwen3-vl-8b,repope,Raw-Traj-MeanPool,Diag-KNN,test,pooled,passed,,0.17141832616040747,0.1001300592209061,0.2541897740649857,0.922206246238213,0.9017525739479355,0.9403332036136006,0.18214171533978835,0.10526315789473684,0.144853875476493,1612,1574,38,1542,3980,168,28,0
qwen3-vl-8b,repope,Sphere-Traj-MeanPool,Diag-Classifier,test,pooled,passed,,0.44215633381434954,0.27653164353713655,0.6188567355318305,0.9441249247642614,0.8887779692771299,0.9788864668519933,0.46104478147777317,0.42105263157894735,0.247141041931385,1612,1574,38,1542,3980,168,28,0
qwen3-vl-8b,repope,Sphere-Traj-MeanPool,Diag-KNN,test,pooled,passed,,0.11062070686341541,0.07321535721501428,0.16965849688029022,0.8939176085066542,0.8659928625596846,0.9183251695229052,0.12121822535554043,0.07894736842105263,0.2674714104193138,1612,1574,38,1542,3980,168,28,0
qwen3-vl-8b,repope,Raw-Traj-LSTM,Diag-Classifier,test,pooled,passed,,0.5175408367393094,0.35839917893785633,0.6744323053636067,0.9751220490871397,0.9640569338422391,0.985230366250567,0.5287650491325141,0.47368421052631576,0.08576874205844981,1612,1574,38,1542,3980,168,28,0
qwen3-vl-8b,repope,Raw-Traj-LSTM,Diag-KNN,test,pooled,passed,,0.06091577317655153,0.04075720516928672,0.08397802734651195,0.8317060121714706,0.8011961085505508,0.8595288268846747,0.06589760334177507,0.0,0.30304955527318933,1612,1574,38,1542,3980,168,28,0
qwen3-vl-8b,repope,Sphere-Traj-LSTM,Diag-Classifier,test,pooled,passed,,0.5257941087428244,0.3707645686554601,0.6795595965147576,0.9759914398448472,0.9650864451887904,0.9857777169443463,0.5367624964294729,0.47368421052631576,0.1181702668360864,1612,1574,38,1542,3980,168,28,0
qwen3-vl-8b,repope,Sphere-Traj-LSTM,Diag-KNN,test,pooled,passed,,0.12285820382957138,0.08664920154201947,0.16584933637281024,0.9235939276399385,0.9082072253861082,0.9383244851577455,0.13013086890641787,0.0,0.12770012706480305,1612,1574,38,1542,3980,168,28,0
qwen3-vl-8b,pope,Raw-Static,Diag-Classifier,test,pooled,passed,,0.380871593000249,0.2577980837713452,0.5418626841229395,0.9372704870506379,0.9129630658623551,0.9596517868610636,0.399971188673164,0.36538461538461536,0.2022613065326633,1644,1592,52,1609,4194,173,156,0
qwen3-vl-8b,pope,Raw-Static,Diag-KNN,test,pooled,passed,,0.022643353625226566,0.016676541344286557,0.02954789639862684,0.3695762466177039,0.30877308375606993,0.4307104474327629,0.023567134414583822,0.0,0.9811557788944724,1644,1592,52,1609,4194,173,156,0
qwen3-vl-8b,pope,Sphere-Static,Diag-Classifier,test,pooled,passed,,0.36569630209725923,0.2402581419515765,0.5146113622438478,0.912652203324314,0.8669131081195164,0.9489718843513748,0.37757007481416316,0.25,0.3479899497487437,1644,1592,52,1609,4194,173,156,0
qwen3-vl-8b,pope,Sphere-Static,Diag-KNN,test,pooled,passed,,0.054529070486385715,0.038567034142167875,0.07561237607766666,0.7193419018167763,0.6622734381468839,0.7678845785015679,0.05749689771449473,0.0,0.7091708542713567,1644,1592,52,1609,4194,173,156,0
qwen3-vl-8b,pope,Raw-Traj-MeanPool,Diag-Classifier,test,pooled,passed,,0.42096461556869214,0.2800681019876672,0.5589501596233127,0.9123985311171241,0.8588440566493863,0.9533000173275513,0.4284030600695499,0.34615384615384615,0.4108040201005025,1644,1592,52,1609,4194,173,156,0
qwen3-vl-8b,pope,Raw-Traj-MeanPool,Diag-KNN,test,pooled,passed,,0.23945668888948202,0.1438578691153583,0.34459422176093507,0.9102604367993814,0.8833101219897143,0.9330828178699588,0.24627643586262749,0.07692307692307693,0.3297738693467337,1644,1592,52,1609,4194,173,156,0
qwen3-vl-8b,pope,Sphere-Traj-MeanPool,Diag-Classifier,test,pooled,passed,,0.42081957585286134,0.29375698989169047,0.5633591340607249,0.9122535755701584,0.857592254842808,0.9538200766800295,0.43057948364665694,0.36538461538461536,0.6224874371859297,1644,1592,52,1609,4194,173,156,0
qwen3-vl-8b,pope,Sphere-Traj-MeanPool,Diag-KNN,test,pooled,passed,,0.17777037684532876,0.10692286396097811,0.2730190586598666,0.8844945883262466,0.8506871794773784,0.9142812409616492,0.18519508642976779,0.11538461538461539,0.38756281407035176,1644,1592,52,1609,4194,173,156,0
qwen3-vl-8b,pope,Raw-Traj-LSTM,Diag-Classifier,test,pooled,passed,,0.34889421105579194,0.2571080165601084,0.4682327860688898,0.9655368187089293,0.9542631744040151,0.9761789864041213,0.3616317517269399,0.1346153846153846,0.146356783919598,1644,1592,52,1609,4194,173,156,0
qwen3-vl-8b,pope,Raw-Traj-LSTM,Diag-KNN,test,pooled,passed,,0.050906826756705284,0.03335949519202473,0.07530660946264398,0.6696946269810592,0.6093379740147479,0.7327799340855505,0.05404380103243291,0.0,0.7097989949748744,1644,1592,52,1609,4194,173,156,0
qwen3-vl-8b,pope,Sphere-Traj-LSTM,Diag-Classifier,test,pooled,passed,,0.4342575163800677,0.3145367079100865,0.5652715483481402,0.9674091611905682,0.9551562047832612,0.9786458153563379,0.4420369341986426,0.1346153846153846,0.15766331658291458,1644,1592,52,1609,4194,173,156,0
qwen3-vl-8b,pope,Sphere-Traj-LSTM,Diag-KNN,test,pooled,passed,,0.03310852436701849,0.024359551557160738,0.042478471359923914,0.5660272516428295,0.5274925642396173,0.6065688165744354,0.03493476120185073,0.0,0.539572864321608,1644,1592,52,1609,4194,173,156,0
qwen3-vl-8b,dash-b,Raw-Static,Diag-Classifier,test,pooled,passed,,0.9735048127395146,0.927090288301823,0.9985109740282246,0.9949336870026525,0.9881761244196519,0.99946964008157,0.9739571883108006,0.9741379310344828,0.009230769230769232,441,325,116,381,1310,357,2,0
qwen3-vl-8b,dash-b,Raw-Static,Diag-KNN,test,pooled,passed,,0.2324252945937895,0.1915116833812719,0.27564052901533115,0.48029177718832894,0.4260730812284859,0.5320362348906998,0.23606256345376558,0.0,0.8738461538461538,441,325,116,381,1310,357,2,0
qwen3-vl-8b,dash-b,Sphere-Static,Diag-Classifier,test,pooled,passed,,0.9796262938007031,0.9452977755010304,0.9985969076255148,0.9953580901856763,0.9892561220901231,0.9994102400265629,0.9798316128723686,0.9741379310344828,0.009230769230769232,441,325,116,381,1310,357,2,0
qwen3-vl-8b,dash-b,Sphere-Static,Diag-KNN,test,pooled,passed,,0.4675648418652439,0.39297193646163625,0.547483812882382,0.8193368700265252,0.7786830849316286,0.8553380181729711,0.4726614954307186,0.0,0.4,441,325,116,381,1310,357,2,0
qwen3-vl-8b,dash-b,Raw-Traj-MeanPool,Diag-Classifier,test,pooled,passed,,0.9823551914713908,0.9555466514627349,0.997867619806343,0.9953183023872679,0.989516709340757,0.9992082369002985,0.9823578214927216,0.9224137931034483,0.012307692307692308,441,325,116,381,1310,357,2,0
qwen3-vl-8b,dash-b,Raw-Traj-MeanPool,Diag-KNN,test,pooled,passed,,0.6713208510261266,0.5710195624050374,0.7644890649059433,0.8834748010610081,0.8487250071672299,0.9129469591809253,0.6756571707806396,0.11206896551724138,0.40615384615384614,441,325,116,381,1310,357,2,0
qwen3-vl-8b,dash-b,Sphere-Traj-MeanPool,Diag-Classifier,test,pooled,passed,,0.9886349808833218,0.973592858067818,0.9988220580404659,0.9962599469496021,0.9917508278635924,0.9995079113742124,0.9886923200566092,0.9568965517241379,0.009230769230769232,441,325,116,381,1310,357,2,0
qwen3-vl-8b,dash-b,Sphere-Traj-MeanPool,Diag-KNN,test,pooled,passed,,0.6644902958873053,0.5612781737925752,0.7620985939819679,0.8787002652519894,0.844715197534673,0.9094491252200269,0.6684809329693587,0.12931034482758622,0.36,441,325,116,381,1310,357,2,0
qwen3-vl-8b,dash-b,Raw-Traj-LSTM,Diag-Classifier,test,pooled,passed,,0.9587139332655017,0.921791674082488,0.9843545220958391,0.9880106100795756,0.9797502309775801,0.9947776621498956,0.9589768509716952,0.7241379310344828,0.052307692307692305,441,325,116,381,1310,357,2,0
qwen3-vl-8b,dash-b,Raw-Traj-LSTM,Diag-KNN,test,pooled,passed,,0.9192530125422209,0.8679921647625367,0.9601730355949816,0.9770291777188328,0.9643754349656594,0.988273600643493,0.9197438628092979,0.3793103448275862,0.05846153846153846,441,325,116,381,1310,357,2,0
qwen3-vl-8b,dash-b,Sphere-Traj-LSTM,Diag-Classifier,test,pooled,passed,,0.9655341498364138,0.9400749216895182,0.9827333701414597,0.9878249336870026,0.9799678402808012,0.9936085323902466,0.9656941072130193,0.7327586206896551,0.07076923076923076,441,325,116,381,1310,357,2,0
qwen3-vl-8b,dash-b,Sphere-Traj-LSTM,Diag-KNN,test,pooled,passed,,0.46533047881839484,0.3921694203007538,0.5437865257688683,0.8318037135278514,0.7907118243346573,0.8674762198167646,0.4690829718015686,0.0,0.24615384615384617,441,325,116,381,1310,357,2,0
internvl3.5-8b,repope,Raw-Static,Diag-Classifier,test,pooled,passed,,0.619711218338228,0.5310815110313248,0.6986614340300138,0.9538624763434077,0.9419423932589771,0.9640986891578681,0.6234307547650302,0.1347517730496454,0.19070080862533692,1625,1484,141,1496,4041,352,15,0
internvl3.5-8b,repope,Raw-Static,Diag-KNN,test,pooled,passed,,0.05352768318314499,0.045477010674015834,0.06277587185700972,0.24439888360000764,0.2117837394894244,0.2763548256642282,0.054407234845294535,0.0,0.977088948787062,1625,1484,141,1496,4041,352,15,0
internvl3.5-8b,repope,Sphere-Static,Diag-Classifier,test,pooled,passed,,0.6502495150923685,0.563995191159659,0.7269612356184689,0.9554348033874329,0.9432407484405625,0.9656196954305469,0.6535280836004866,0.24822695035460993,0.21900269541778974,1625,1484,141,1496,4041,352,15,0
internvl3.5-8b,repope,Sphere-Static,Diag-KNN,test,pooled,passed,,0.07013303079484977,0.05917972215413677,0.08394234133552747,0.4375991665232933,0.3955416808185214,0.4790840984081013,0.07145943468729461,0.0,0.9245283018867925,1625,1484,141,1496,4041,352,15,0
internvl3.5-8b,repope,Raw-Traj-MeanPool,Diag-Classifier,test,pooled,passed,,0.6028210144768806,0.5144670550069851,0.6849637496528193,0.9495708359618436,0.9330742089735249,0.9630299833245013,0.6072250071671206,0.16312056737588654,0.16913746630727763,1625,1484,141,1496,4041,352,15,0
internvl3.5-8b,repope,Raw-Traj-MeanPool,Diag-KNN,test,pooled,passed,,0.20296385462245514,0.16276150015451188,0.2520015333239873,0.7819244518361338,0.7479264977060142,0.8135709337265065,0.20951267953008437,0.05673758865248227,0.5154986522911051,1625,1484,141,1496,4041,352,15,0
internvl3.5-8b,repope,Sphere-Traj-MeanPool,Diag-Classifier,test,pooled,passed,,0.6000478005301766,0.514693301363506,0.6851346163242479,0.9470235705683318,0.9310431109421958,0.9605248640279516,0.6041679641818636,0.14893617021276595,0.1650943396226415,1625,1484,141,1496,4041,352,15,0
internvl3.5-8b,repope,Sphere-Traj-MeanPool,Diag-KNN,test,pooled,passed,,0.13248690766405366,0.10753460399314677,0.16517853477687985,0.6867580432413831,0.6506271390157805,0.7211021156625416,0.13743851324671144,0.03546099290780142,0.6212938005390836,1625,1484,141,1496,4041,352,15,0
internvl3.5-8b,repope,Raw-Traj-LSTM,Diag-Classifier,test,pooled,passed,,0.7295122537870561,0.654471479084538,0.7968261298742336,0.9713157844430426,0.9633400653437147,0.9783779951866026,0.73187856327921,0.3262411347517731,0.09501347708894879,1625,1484,141,1496,4041,352,15,0
internvl3.5-8b,repope,Raw-Traj-LSTM,Diag-KNN,test,pooled,passed,,0.3475873902892464,0.28920127827928616,0.42003098550667517,0.9114430999216225,0.8968136219447598,0.9253828204256197,0.35562363120481066,0.07801418439716312,0.14824797843665768,1625,1484,141,1496,4041,352,15,0
internvl3.5-8b,repope,Sphere-Traj-LSTM,Diag-Classifier,test,pooled,passed,,0.6605003801951004,0.5767104783499636,0.7420363726902266,0.9661447879031179,0.9576040751793918,0.9739933983351633,0.664504778563634,0.18439716312056736,0.0977088948787062,1625,1484,141,1496,4041,352,15,0
internvl3.5-8b,repope,Sphere-Traj-LSTM,Diag-KNN,test,pooled,passed,,0.1502853116659486,0.12892269767216807,0.17595994120371503,0.7659574468085106,0.743513382233781,0.7877677803683601,0.15302887012118094,0.0,0.3194070080862534,1625,1484,141,1496,4041,352,15,0
internvl3.5-8b,pope,Raw-Static,Diag-Classifier,test,pooled,passed,,0.5448479343540249,0.45401294332224135,0.624139454335244,0.9240400513573679,0.8999636475773999,0.9432932332403313,0.5479913977698105,0.15217391304347827,0.2982791586998088,1707,1569,138,1620,4326,346,93,0
internvl3.5-8b,pope,Raw-Static,Diag-KNN,test,pooled,passed,,0.048152233217057964,0.03990409830267767,0.0558104228693802,0.21107323967079553,0.18262743529695358,0.2420676875137526,0.048720473913526255,0.0,0.9834289356277884,1707,1569,138,1620,4326,346,93,0
internvl3.5-8b,pope,Sphere-Static,Diag-Classifier,test,pooled,passed,,0.5563623647383075,0.46861671182005676,0.6379364599026732,0.9219802144816693,0.896806513687046,0.9419987632537071,0.5593974219391281,0.2463768115942029,0.301465901848311,1707,1569,138,1620,4326,346,93,0
internvl3.5-8b,pope,Sphere-Static,Diag-KNN,test,pooled,passed,,0.058082984856159314,0.048341569325046824,0.06825604444144309,0.36515919860337515,0.3224720825906394,0.41138127343205755,0.058993175089846375,0.0,0.9623964308476737,1707,1569,138,1620,4326,346,93,0
internvl3.5-8b,pope,Raw-Traj-MeanPool,Diag-Classifier,test,pooled,passed,,0.5257930116867002,0.4406039810584922,0.6066917513368896,0.9168121484190983,0.892747933751529,0.936173575625197,0.5287561843641025,0.21739130434782608,0.3282345442957298,1707,1569,138,1620,4326,346,93,0
internvl3.5-8b,pope,Raw-Traj-MeanPool,Diag-KNN,test,pooled,passed,,0.16831398494065838,0.12922282099274182,0.21909927011343908,0.7345489141980954,0.6976268625170251,0.7701480937970903,0.17451086341762903,0.057971014492753624,0.5997450605481198,1707,1569,138,1620,4326,346,93,0
internvl3.5-8b,pope,Sphere-Traj-MeanPool,Diag-Classifier,test,pooled,passed,,0.5255624616296107,0.4387751499366166,0.6078343579201133,0.9305613286409695,0.9122986744100714,0.9466103428888668,0.5294270381372421,0.16666666666666666,0.2154238368387508,1707,1569,138,1620,4326,346,93,0
internvl3.5-8b,pope,Sphere-Traj-MeanPool,Diag-KNN,test,pooled,passed,,0.10900513610026161,0.08967286167246656,0.13255666335154329,0.6568062367796345,0.6218373314165576,0.6961472762596821,0.11146143944808397,0.007246376811594203,0.6934353091140854,1707,1569,138,1620,4326,346,93,0
internvl3.5-8b,pope,Raw-Traj-LSTM,Diag-Classifier,test,pooled,passed,,0.5969114712581602,0.5087302287024114,0.6938124388221779,0.956244631030565,0.9456738823351352,0.967808158165182,0.6035580343515611,0.2753623188405797,0.17590822179732313,1707,1569,138,1620,4326,346,93,0
internvl3.5-8b,pope,Raw-Traj-LSTM,Diag-KNN,test,pooled,passed,,0.1966536153374681,0.15078529062827495,0.2593527809910853,0.7913653116080583,0.7621556192790497,0.8146671068582929,0.20310573299225596,0.043478260869565216,0.3989802421924793,1707,1569,138,1620,4326,346,93,0
internvl3.5-8b,pope,Sphere-Traj-LSTM,Diag-Classifier,test,pooled,passed,,0.5881351907119768,0.5029608149329156,0.6786373086761849,0.9551685279094042,0.9444740634156027,0.9664285806608113,0.5930312814568386,0.2028985507246377,0.1752708731676227,1707,1569,138,1620,4326,346,93,0
internvl3.5-8b,pope,Sphere-Traj-LSTM,Diag-KNN,test,pooled,passed,,0.10193281791765622,0.08380798709265871,0.12040283146366518,0.655005034130481,0.6230568191488541,0.6849426834664947,0.10395272279389361,0.007246376811594203,0.5519439133205863,1707,1569,138,1620,4326,346,93,0
internvl3.5-8b,dash-b,Raw-Static,Diag-Classifier,test,pooled,passed,,0.9901377901459553,0.980761735919827,0.997525393281261,0.9927411562301147,0.985228709294133,0.9985216873558931,0.9901627176569243,0.9470198675496688,0.010676156583629894,432,281,151,361,1293,402,11,0
internvl3.5-8b,dash-b,Raw-Static,Diag-KNN,test,pooled,passed,,0.47232227828429973,0.399231611110416,0.5544593329820393,0.6245669439796375,0.5721588736889514,0.678266436758984,0.47459643006300933,0.08609271523178808,0.7829181494661922,432,281,151,361,1293,402,11,0
internvl3.5-8b,dash-b,Sphere-Static,Diag-Classifier,test,pooled,passed,,0.9908824568421215,0.9818204514855222,0.9977811853432074,0.9932832127453984,0.9861987090295735,0.9986401165614376,0.9909054726701864,0.9536423841059603,0.0071174377224199285,432,281,151,361,1293,402,11,0
internvl3.5-8b,dash-b,Sphere-Static,Diag-KNN,test,pooled,passed,,0.604858715884854,0.523054335658771,0.7009030910498274,0.8015366123824562,0.7595661797583736,0.8425872151466268,0.6103603233180117,0.026490066225165563,0.5587188612099644,432,281,151,361,1293,402,11,0
internvl3.5-8b,dash-b,Raw-Traj-MeanPool,Diag-Classifier,test,pooled,passed,,0.9899303861070995,0.9808465998711616,0.9970952914266481,0.9929061299521575,0.9858834622854314,0.9983032794125773,0.9899570968207225,0.8874172185430463,0.021352313167259787,432,281,151,361,1293,402,11,0
internvl3.5-8b,dash-b,Raw-Traj-MeanPool,Diag-KNN,test,pooled,passed,,0.7424328516119438,0.6629890917989896,0.8078528133760329,0.8536211731988403,0.8184099867427791,0.8883136881402149,0.7436615294044874,0.18543046357615894,0.42704626334519574,432,281,151,361,1293,402,11,0
internvl3.5-8b,dash-b,Sphere-Traj-MeanPool,Diag-Classifier,test,pooled,passed,,0.9874774330047931,0.9772051199186206,0.9954242517225237,0.9919634229690557,0.985239306429307,0.9973438566671977,0.9875140325471392,0.8940397350993378,0.03914590747330961,432,281,151,361,1293,402,11,0
internvl3.5-8b,dash-b,Sphere-Traj-MeanPool,Diag-KNN,test,pooled,passed,,0.7569109657333438,0.6806002330595899,0.8186202961745291,0.8568970799651199,0.8186624984086699,0.8898928892107496,0.757985567905967,0.18543046357615894,0.4199288256227758,432,281,151,361,1293,402,11,0
internvl3.5-8b,dash-b,Raw-Traj-LSTM,Diag-Classifier,test,pooled,passed,,0.9875075577010682,0.977489344770169,0.9958144199565334,0.9907143362164456,0.9813689676153529,0.9975120640775343,0.9875400060205544,0.8874172185430463,0.03202846975088968,432,281,151,361,1293,402,11,0
internvl3.5-8b,dash-b,Raw-Traj-LSTM,Diag-KNN,test,pooled,passed,,0.9652776364506491,0.9445726651162397,0.9810057930700483,0.9782470363649218,0.9663678897932405,0.9880819678457265,0.9653820230073065,0.6821192052980133,0.13523131672597866,432,281,151,361,1293,402,11,0
internvl3.5-8b,dash-b,Sphere-Traj-LSTM,Diag-Classifier,test,pooled,passed,,0.9813491224575096,0.9687001401292158,0.9925038714027664,0.9851759326907213,0.9737035390526367,0.9946009725816711,0.9813937451331991,0.9006622516556292,0.07829181494661921,432,281,151,361,1293,402,11,0
internvl3.5-8b,dash-b,Sphere-Traj-LSTM,Diag-KNN,test,pooled,passed,,0.9510200120115585,0.9178822932830848,0.9805448230638196,0.9728736065612407,0.9558867069548872,0.9884610134949092,0.9512353034613245,0.36423841059602646,0.07829181494661921,432,281,151,361,1293,402,11,0
minicpm-v-2_6,repope,Raw-Static,Diag-Classifier,test,pooled,passed,,0.26714038456600203,0.09925270609991375,0.4606127860325377,0.8603662524525834,0.7457826477116791,0.9507652803433444,0.2826478415438561,0.2727272727272727,0.7037279267495095,1551,1529,22,1529,3856,80,89,0
minicpm-v-2_6,repope,Raw-Static,Diag-KNN,test,pooled,passed,,0.008411612304768383,0.005021116180044654,0.012159783811774499,0.22207027766216778,0.1560669217772632,0.2936113801552567,0.009357532742562224,0.0,0.9829954218443427,1551,1529,22,1529,3856,80,89,0
minicpm-v-2_6,repope,Sphere-Static,Diag-Classifier,test,pooled,passed,,0.1538854048801691,0.061109665890204765,0.30002049465225705,0.8348593852190975,0.6967262667096014,0.9492714221267892,0.19268552739276995,0.2727272727272727,0.868541530412034,1551,1529,22,1529,3856,80,89,0
minicpm-v-2_6,repope,Sphere-Static,Diag-KNN,test,pooled,passed,,0.009160208556585767,0.005377976495350115,0.013301601335792968,0.3003745763719603,0.21072719919092991,0.3950129445446427,0.010305416097999773,0.0,0.9516023544800524,1551,1529,22,1529,3856,80,89,0
minicpm-v-2_6,repope,Raw-Traj-MeanPool,Diag-Classifier,test,pooled,passed,,0.16338784080132784,0.06485182853329688,0.3500612583432632,0.8644092990070753,0.7651861435331063,0.9442799344818177,0.20246781867456323,0.18181818181818182,0.6193590582079791,1551,1529,22,1529,3856,80,89,0
minicpm-v-2_6,repope,Raw-Traj-MeanPool,Diag-KNN,test,pooled,passed,,0.04712240095848585,0.02298098989986449,0.08370784567843205,0.8282299780010702,0.7664694408954598,0.8793999931290366,0.05828690614627924,0.0,0.2916939175931982,1551,1529,22,1529,3856,80,89,0
minicpm-v-2_6,repope,Sphere-Traj-MeanPool,Diag-Classifier,test,pooled,passed,,0.13496444451562678,0.06012824766073423,0.26215102522748784,0.8800166478387539,0.8007450499951642,0.9424722239849666,0.16361539717056797,0.18181818181818182,0.49836494440810986,1551,1529,22,1529,3856,80,89,0
minicpm-v-2_6,repope,Sphere-Traj-MeanPool,Diag-KNN,test,pooled,passed,,0.04053262392948294,0.019421422974285115,0.07085633090054838,0.7756109162256971,0.6849219122589095,0.8558113522091814,0.048705981888738765,0.0,0.5245258338783518,1551,1529,22,1529,3856,80,89,0
minicpm-v-2_6,repope,Raw-Traj-LSTM,Diag-Classifier,test,pooled,passed,,0.11594656408674342,0.062685082919767,0.18952183401811978,0.9425649562994233,0.9240566798134244,0.9600431235083479,0.13447201296625194,0.0,0.09483322432962721,1551,1529,22,1529,3856,80,89,0
minicpm-v-2_6,repope,Raw-Traj-LSTM,Diag-KNN,test,pooled,passed,,0.018135671958394706,0.010146796716687173,0.028600060493158823,0.6437957072358641,0.578701709178295,0.7159533242549271,0.021166100955615566,0.0,0.5421844342707652,1551,1529,22,1529,3856,80,89,0
minicpm-v-2_6,repope,Sphere-Traj-LSTM,Diag-Classifier,test,pooled,passed,,0.27624928176427205,0.10928819518366722,0.458364058191716,0.9474998513585825,0.9191716787979033,0.9714436904000568,0.2887738894243288,0.22727272727272727,0.17985611510791366,1551,1529,22,1529,3856,80,89,0
minicpm-v-2_6,repope,Sphere-Traj-LSTM,Diag-KNN,test,pooled,passed,,0.18761336198358788,0.04184333122584488,0.33374678374815153,0.8925025269040965,0.8655820983735618,0.9184153689796821,0.1919196974871432,0.13636363636363635,0.2092871157619359,1551,1529,22,1529,3856,80,89,0
minicpm-v-2_6,pope,Raw-Static,Diag-Classifier,test,pooled,passed,,0.06199798969350531,0.02998083784273419,0.11684160892044392,0.9359543436905517,0.90623300101212,0.9609549485545318,0.07000862016342284,0.0,0.2041851616994293,1590,1577,13,1582,3996,77,210,0
minicpm-v-2_6,pope,Raw-Static,Diag-KNN,test,pooled,passed,,0.004556316160134516,0.0023860961645329384,0.007332552186731592,0.17501585288522511,0.0851021043359993,0.27609579636670895,0.0050083870050166,0.0,0.9866835764109068,1590,1577,13,1582,3996,77,210,0
minicpm-v-2_6,pope,Sphere-Static,Diag-Classifier,test,pooled,passed,,0.060339271591518875,0.02922416298544328,0.10942875435960299,0.9349787815228525,0.9044638425754568,0.9610108628732409,0.06789390801208575,0.0,0.21559923906150918,1590,1577,13,1582,3996,77,210,0
minicpm-v-2_6,pope,Sphere-Static,Diag-KNN,test,pooled,passed,,0.004823287952858938,0.002489783042600043,0.007753322835796144,0.22311106775279257,0.12992112549161947,0.320229416046816,0.005302635339731248,0.0,0.9682942295497781,1590,1577,13,1582,3996,77,210,0
minicpm-v-2_6,pope,Raw-Traj-MeanPool,Diag-Classifier,test,pooled,passed,,0.05334250249012691,0.02357579430684948,0.1033080198281546,0.9180527779132726,0.8789192193348712,0.9512639103443717,0.060559043507530184,0.0,0.23081800887761572,1590,1577,13,1582,3996,77,210,0
minicpm-v-2_6,pope,Raw-Traj-MeanPool,Diag-KNN,test,pooled,passed,,0.021810976504124724,0.010505185612328844,0.043210742212321955,0.8050339007853275,0.7231097083911722,0.8754224757076468,0.02572236997740354,0.0,0.6074825618262524,1590,1577,13,1582,3996,77,210,0
minicpm-v-2_6,pope,Sphere-Traj-MeanPool,Diag-Classifier,test,pooled,passed,,0.05286680241284765,0.0233763902567341,0.09818284841543024,0.9212721330666798,0.8781585909373857,0.9541000797358609,0.06055719050745037,0.07692307692307693,0.2435003170577045,1590,1577,13,1582,3996,77,210,0
minicpm-v-2_6,pope,Sphere-Traj-MeanPool,Diag-KNN,test,pooled,passed,,0.023993567028355613,0.01003913864534604,0.04996164062321431,0.7914735866543096,0.6830510031881496,0.8804776985702646,0.02862789944755152,0.0,0.7526949904882688,1590,1577,13,1582,3996,77,210,0
minicpm-v-2_6,pope,Raw-Traj-LSTM,Diag-Classifier,test,pooled,passed,,0.08054241795902206,0.0386088094962567,0.1462019391946412,0.9496609921467245,0.9249722746211682,0.9712411187236337,0.09216368966306626,0.0,0.13443246670894102,1590,1577,13,1582,3996,77,210,0
minicpm-v-2_6,pope,Raw-Traj-LSTM,Diag-KNN,test,pooled,passed,,0.022867143922622155,0.0033295538325709907,0.10192201701425845,0.38661528705916787,0.21882364938361132,0.5656051964512041,0.033947157440257704,0.15384615384615385,0.9917564996829423,1590,1577,13,1582,3996,77,210,0
minicpm-v-2_6,pope,Sphere-Traj-LSTM,Diag-Classifier,test,pooled,passed,,0.11259903692731252,0.05523467384410454,0.20071789517178704,0.9658065460221452,0.9491183343379547,0.9806441418948714,0.12833246353407646,0.0,0.09004438807863031,1590,1577,13,1582,3996,77,210,0
minicpm-v-2_6,pope,Sphere-Traj-LSTM,Diag-KNN,test,pooled,passed,,0.007406216795278616,0.003876969669996901,0.011947751406840191,0.5036827471830643,0.41801585416936926,0.5901613408571692,0.00818138265706322,0.0,0.7203551046290425,1590,1577,13,1582,3996,77,210,0
minicpm-v-2_6,dash-b,Raw-Static,Diag-Classifier,test,pooled,passed,,0.9636803849985284,0.9317456040784274,0.9853029929520752,0.987217857588228,0.974305236221395,0.9956689552364156,0.9638708542969023,0.7777777777777778,0.046296296296296294,423,324,99,394,1277,286,20,0
minicpm-v-2_6,dash-b,Raw-Static,Diag-KNN,test,pooled,passed,,0.2583579471271165,0.20841235808392033,0.3256674785573817,0.5956166604314752,0.5390350565583486,0.6530872903768357,0.26461586393267544,0.010101010101010102,0.7530864197530864,423,324,99,394,1277,286,20,0
minicpm-v-2_6,dash-b,Sphere-Static,Diag-Classifier,test,pooled,passed,,0.9653807863789964,0.9357841212157713,0.9853691952291369,0.9867502182316997,0.9729663353918295,0.9955379948475348,0.9655504292462004,0.7777777777777778,0.043209876543209874,423,324,99,394,1277,286,20,0
minicpm-v-2_6,dash-b,Sphere-Static,Diag-KNN,test,pooled,passed,,0.3206455162547408,0.25333579042627014,0.41288060074491256,0.6514216236438458,0.5947001680431808,0.7093727240070946,0.3275274595358061,0.020202020202020204,0.7314814814814815,423,324,99,394,1277,286,20,0
minicpm-v-2_6,dash-b,Raw-Traj-MeanPool,Diag-Classifier,test,pooled,passed,,0.9671339964047553,0.9350110447366171,0.9890710332533845,0.9872802095024317,0.9750373390840905,0.9961791637717565,0.9672943701492446,0.8383838383838383,0.033950617283950615,423,324,99,394,1277,286,20,0
minicpm-v-2_6,dash-b,Raw-Traj-MeanPool,Diag-KNN,test,pooled,passed,,0.6157921793093898,0.5137351087258227,0.7239514316844528,0.8422808330215737,0.7994266705543464,0.880457645569586,0.6226403981933547,0.1919191919191919,0.5925925925925926,423,324,99,394,1277,286,20,0
minicpm-v-2_6,dash-b,Sphere-Traj-MeanPool,Diag-Classifier,test,pooled,passed,,0.9686842529567703,0.9409583074460716,0.9887387483440232,0.9890572390572391,0.9795781025041796,0.9961103365541418,0.9688407885455608,0.8080808080808081,0.06172839506172839,423,324,99,394,1277,286,20,0
minicpm-v-2_6,dash-b,Sphere-Traj-MeanPool,Diag-KNN,test,pooled,passed,,0.6089138618170408,0.5047338307060146,0.7252045835324368,0.8660057363761067,0.830662594722734,0.9007786832242187,0.6164163686343891,0.0707070707070707,0.3950617283950617,423,324,99,394,1277,286,20,0
minicpm-v-2_6,dash-b,Raw-Traj-LSTM,Diag-Classifier,test,pooled,passed,,0.9694688238762891,0.9469833508084712,0.9865623998663783,0.9897431101134804,0.9825293667600361,0.9955718223333213,0.9696169089370906,0.7878787878787878,0.06172839506172839,423,324,99,394,1277,286,20,0
minicpm-v-2_6,dash-b,Raw-Traj-LSTM,Diag-KNN,test,pooled,passed,,0.9626403623773621,0.9363495391558805,0.9805072827661974,0.9853784761192168,0.9753635659060317,0.9929289803091624,0.962794478223027,0.8383838383838383,0.11728395061728394,423,324,99,394,1277,286,20,0
minicpm-v-2_6,dash-b,Sphere-Traj-LSTM,Diag-Classifier,test,pooled,passed,,0.9494974234876598,0.909419236564917,0.9783267877265575,0.9857837635615414,0.9770089938193475,0.9935195978371265,0.949818792208093,0.7474747474747475,0.08333333333333333,423,324,99,394,1277,286,20,0
minicpm-v-2_6,dash-b,Sphere-Traj-LSTM,Diag-KNN,test,pooled,passed,,0.7609688032717501,0.6666038578377289,0.8657707225049187,0.9636488340192044,0.9457166084797728,0.9803942758584773,0.7661380359229208,0.0,0.08333333333333333,423,324,99,394,1277,286,20,0
gemma-3-12b-it,repope,Raw-Static,Diag-Classifier,test,pooled,passed,,0.7025365578358465,0.6279286586345035,0.7680783619341859,0.9407230392156863,0.9194483031277131,0.9581539701744236,0.7033722227587363,0.3588235294117647,0.24097222222222223,1610,1440,170,1443,3978,425,30,0
gemma-3-12b-it,repope,Raw-Static,Diag-KNN,test,pooled,passed,,0.4293946003418733,0.3567436291436098,0.5095635195027284,0.8519158496732026,0.8230822959846508,0.8806162724086604,0.4358340482339521,0.11176470588235295,0.5736111111111111,1610,1440,170,1443,3978,425,30,0
gemma-3-12b-it,repope,Sphere-Static,Diag-Classifier,test,pooled,passed,,0.7123270292772227,0.640442295976782,0.7784743298887072,0.9453880718954247,0.9276190433705973,0.9604934268132276,0.7130211463097563,0.40588235294117647,0.19652777777777777,1610,1440,170,1443,3978,425,30,0
gemma-3-12b-it,repope,Sphere-Static,Diag-KNN,test,pooled,passed,,0.2728739440295004,0.2262692188637833,0.32751472055161607,0.7972222222222223,0.7657406487087489,0.8274327412658365,0.2793223239767964,0.023529411764705882,0.6583333333333333,1610,1440,170,1443,3978,425,30,0
gemma-3-12b-it,repope,Raw-Traj-MeanPool,Diag-Classifier,test,pooled,passed,,0.6829976748713343,0.6148666809182327,0.7552879098251372,0.9346977124183007,0.9111780788007233,0.956827904447283,0.6845559020962912,0.2529411764705882,0.1326388888888889,1610,1440,170,1443,3978,425,30,0
gemma-3-12b-it,repope,Raw-Traj-MeanPool,Diag-KNN,test,pooled,passed,,0.3307822079373043,0.2767564062950348,0.3948795107738134,0.8480351307189543,0.8239149761871193,0.8714608787577572,0.3399581708205265,0.01764705882352941,0.5006944444444444,1610,1440,170,1443,3978,425,30,0
gemma-3-12b-it,repope,Sphere-Traj-MeanPool,Diag-Classifier,test,pooled,passed,,0.7026939532018047,0.6339050041041224,0.7715863394772795,0.9397120098039216,0.9180609063894704,0.959237902567871,0.7040672515223184,0.3235294117647059,0.17222222222222222,1610,1440,170,1443,3978,425,30,0
gemma-3-12b-it,repope,Sphere-Traj-MeanPool,Diag-KNN,test,pooled,passed,,0.33103377485954577,0.2788302987611456,0.3936800847926189,0.8569607843137255,0.8344628740621313,0.8793187800347577,0.3399784129588848,0.023529411764705882,0.4625,1610,1440,170,1443,3978,425,30,0
gemma-3-12b-it,repope,Raw-Traj-LSTM,Diag-Classifier,test,pooled,passed,,0.6770795669860022,0.6040182646245206,0.7511071168535599,0.964922385620915,0.9561873558378106,0.9729906394802926,0.6794616099599536,0.14705882352941177,0.10486111111111111,1610,1440,170,1443,3978,425,30,0
gemma-3-12b-it,repope,Raw-Traj-LSTM,Diag-KNN,test,pooled,passed,,0.44745845066783735,0.3802549844281548,0.5291129489479348,0.868937908496732,0.842927816488971,0.8928863500989143,0.4535563909306593,0.09411764705882353,0.49444444444444446,1610,1440,170,1443,3978,425,30,0
gemma-3-12b-it,repope,Sphere-Traj-LSTM,Diag-Classifier,test,pooled,passed,,0.724708480764702,0.6547328688430435,0.7911614087878029,0.9657679738562092,0.9578412265045977,0.9740466604060758,0.7264859879006438,0.27647058823529413,0.09652777777777778,1610,1440,170,1443,3978,425,30,0
gemma-3-12b-it,repope,Sphere-Traj-LSTM,Diag-KNN,test,pooled,passed,,0.35834453248183146,0.30660654590588166,0.41868736065301865,0.9005351307189543,0.8862899200631349,0.9155824029112085,0.36309015260743066,0.047058823529411764,0.1875,1610,1440,170,1443,3978,425,30,0
gemma-3-12b-it,pope,Raw-Static,Diag-Classifier,test,pooled,passed,,0.6544232212925586,0.5805314050300352,0.7307972089578919,0.9356983594670534,0.9150816739717824,0.9529859748186729,0.6491666618612989,0.22994652406417113,0.21491525423728813,1662,1475,187,1543,4179,459,138,0
gemma-3-12b-it,pope,Raw-Static,Diag-KNN,test,pooled,passed,,0.37255669598423713,0.31388921772096634,0.445438210430042,0.8130735067524699,0.7820620851523302,0.8466184596487542,0.3774813734867635,0.06417112299465241,0.7125423728813559,1662,1475,187,1543,4179,459,138,0
gemma-3-12b-it,pope,Sphere-Static,Diag-Classifier,test,pooled,passed,,0.6455408945557071,0.5711103229787757,0.7237986134566302,0.9351817275446388,0.9149228131748682,0.9520599880621242,0.641484502371591,0.24598930481283424,0.2488135593220339,1662,1475,187,1543,4179,459,138,0
gemma-3-12b-it,pope,Sphere-Static,Diag-KNN,test,pooled,passed,,0.2540380385770853,0.21453610832119022,0.30166856129995157,0.7690347140396991,0.7380436442923543,0.8015296623446564,0.25706042913380095,0.0106951871657754,0.6569491525423728,1662,1475,187,1543,4179,459,138,0
gemma-3-12b-it,pope,Raw-Traj-MeanPool,Diag-Classifier,test,pooled,passed,,0.6477213669273778,0.5749548360936623,0.7201242777099767,0.9348427444937913,0.9153656797419638,0.9515518793502442,0.6493680752598191,0.24598930481283424,0.2684745762711864,1662,1475,187,1543,4179,459,138,0
gemma-3-12b-it,pope,Raw-Traj-MeanPool,Diag-KNN,test,pooled,passed,,0.29689831032928937,0.2545047571588351,0.3490831491658888,0.8248055832502492,0.7996405858247143,0.8502014255727951,0.3001946639077542,0.0053475935828877,0.49966101694915255,1662,1475,187,1543,4179,459,138,0
gemma-3-12b-it,pope,Sphere-Traj-MeanPool,Diag-Classifier,test,pooled,passed,,0.6493742973206343,0.5769220691076452,0.7214144161008045,0.937242817003535,0.9184615427843867,0.9530566221175122,0.6493698395908136,0.20855614973262032,0.2223728813559322,1662,1475,187,1543,4179,459,138,0
gemma-3-12b-it,pope,Sphere-Traj-MeanPool,Diag-KNN,test,pooled,passed,,0.30691517186884204,0.2608778344356441,0.3613256673987775,0.8331442037523793,0.808064011234191,0.8586230103445587,0.31000893842836996,0.0053475935828877,0.4732203389830508,1662,1475,187,1543,4179,459,138,0
gemma-3-12b-it,pope,Raw-Traj-LSTM,Diag-Classifier,test,pooled,passed,,0.7042842715579816,0.6264886247300174,0.7769396172343773,0.9577540106951873,0.9481874220763219,0.9669829357789733,0.706950296587062,0.36363636363636365,0.13559322033898305,1662,1475,187,1543,4179,459,138,0
gemma-3-12b-it,pope,Raw-Traj-LSTM,Diag-KNN,test,pooled,passed,,0.14973485578521883,0.12316059994790803,0.1805429390967128,0.5847765793528505,0.5388758537665908,0.628386258753228,0.15178291960985052,0.0,0.9681355932203389,1662,1475,187,1543,4179,459,138,0
gemma-3-12b-it,pope,Sphere-Traj-LSTM,Diag-Classifier,test,pooled,passed,,0.7092090650612453,0.6434775426556417,0.7680167056506007,0.9556530408773679,0.9456931855741436,0.9652549000768872,0.7105799868203987,0.3422459893048128,0.14576271186440679,1662,1475,187,1543,4179,459,138,0
gemma-3-12b-it,pope,Sphere-Traj-LSTM,Diag-KNN,test,pooled,passed,,0.32591751479712794,0.27845441711150404,0.3827311874376609,0.8740904559050122,0.8562270797314612,0.8903535006250554,0.33314859460632473,0.0427807486631016,0.18847457627118644,1662,1475,187,1543,4179,459,138,0
gemma-3-12b-it,dash-b,Raw-Static,Diag-Classifier,test,pooled,passed,,0.9993853573442667,0.998452699986548,0.9999324960403645,0.99949609473419,0.9987621759380504,0.999937641280881,0.9993869001865097,0.9795918367346939,0.0,439,243,196,326,1310,504,4,0
gemma-3-12b-it,dash-b,Raw-Static,Diag-KNN,test,pooled,passed,,0.6423554813238835,0.57093964183513,0.7224925640981252,0.7627026119089612,0.7179611000545563,0.8037868309652543,0.646454149628424,0.04081632653061224,0.4897119341563786,439,243,196,326,1310,504,4,0
gemma-3-12b-it,dash-b,Sphere-Static,Diag-Classifier,test,pooled,passed,,0.9993588052811208,0.9984254528918558,0.9999222013693139,0.9994750986814479,0.9987661187948721,0.9999369567988683,0.9993604173255256,0.9744897959183674,0.0,439,243,196,326,1310,504,4,0
gemma-3-12b-it,dash-b,Sphere-Static,Diag-KNN,test,pooled,passed,,0.5652081745695766,0.5002980339696984,0.6370127718045897,0.7232090367011001,0.6746403172185705,0.7673447814469171,0.5688975511698864,0.0,0.48559670781893005,439,243,196,326,1310,504,4,0
gemma-3-12b-it,dash-b,Raw-Traj-MeanPool,Diag-Classifier,test,pooled,passed,,0.998174807117062,0.9961971193808946,0.9995249697038809,0.998509280255312,0.9968505920886874,0.9996191410249502,0.9981794118801396,0.9489795918367347,0.01646090534979424,439,243,196,326,1310,504,4,0
gemma-3-12b-it,dash-b,Raw-Traj-MeanPool,Diag-KNN,test,pooled,passed,,0.6148635134730442,0.5429609470547158,0.690382114882256,0.7535903250188964,0.7059645022199454,0.7932734006652012,0.6180498244301913,0.00510204081632653,0.49382716049382713,439,243,196,326,1310,504,4,0
gemma-3-12b-it,dash-b,Sphere-Traj-MeanPool,Diag-Classifier,test,pooled,passed,,0.9973800991791199,0.9939053262329174,0.9996021988973834,0.9979633828840179,0.995391036197648,0.9996451197025704,0.9973870703967904,0.9540816326530612,0.00823045267489712,439,243,196,326,1310,504,4,0
gemma-3-12b-it,dash-b,Sphere-Traj-MeanPool,Diag-KNN,test,pooled,passed,,0.633405193426203,0.5637685035808178,0.7101449580251445,0.7663139329805996,0.7225007556333152,0.8053270858590302,0.6371460664273698,0.0,0.4773662551440329,439,243,196,326,1310,504,4,0
gemma-3-12b-it,dash-b,Raw-Traj-LSTM,Diag-Classifier,test,pooled,passed,,0.9889337496078516,0.9809628560296629,0.9953453349331307,0.9912446460065507,0.9852219824775513,0.9961461521797664,0.9889629302390919,0.7653061224489796,0.05761316872427984,439,243,196,326,1310,504,4,0
gemma-3-12b-it,dash-b,Raw-Traj-LSTM,Diag-KNN,test,pooled,passed,,0.986625474484816,0.9777847128118109,0.9937509352975646,0.9888720920466951,0.9819800519418435,0.9946091075709701,0.9866592177401661,0.7857142857142857,0.06584362139917696,439,243,196,326,1310,504,4,0
gemma-3-12b-it,dash-b,Sphere-Traj-LSTM,Diag-Classifier,test,pooled,passed,,0.9795153447282919,0.9654359807172743,0.9903120907373469,0.9836650709666583,0.9736251009392665,0.9919263374703734,0.9795711447969965,0.7244897959183674,0.07818930041152264,439,243,196,326,1310,504,4,0
gemma-3-12b-it,dash-b,Sphere-Traj-LSTM,Diag-KNN,test,pooled,passed,,0.8598873750676658,0.7922776083579784,0.9276065320389602,0.9439825312841186,0.9197728406307594,0.9661029946962495,0.8618181088339519,0.025510204081632654,0.13991769547325103,439,243,196,326,1310,504,4,0
gemma-4-12b-it,repope,Raw-Static,Diag-Classifier,test,pooled,passed,,0.2044474379258107,0.11106615786645369,0.33090312711949854,0.9386514104778354,0.9005280068860222,0.9674323186165312,0.23113051386907396,0.20833333333333334,0.27374784110535405,1182,1158,24,1138,2990,64,44,414
gemma-4-12b-it,repope,Raw-Static,Diag-KNN,test,pooled,passed,,0.13688726065183904,0.0627633287249658,0.23836256954888824,0.8720495106505469,0.810658100441442,0.9251280036529895,0.16937639770358112,0.125,0.35578583765112265,1182,1158,24,1138,2990,64,44,414
gemma-4-12b-it,repope,Sphere-Static,Diag-Classifier,test,pooled,passed,,0.1869273008305352,0.1035032808165923,0.2965427182329847,0.9281807714450201,0.8777507997311023,0.9649544759997346,0.21149207345874307,0.041666666666666664,0.29015544041450775,1182,1158,24,1138,2990,64,44,414
gemma-4-12b-it,repope,Sphere-Static,Diag-KNN,test,pooled,passed,,0.14700523015894362,0.06526353897024226,0.2915842213080913,0.8707181922855498,0.809684415158754,0.9233287617554858,0.19342774739754706,0.125,0.3609671848013817,1182,1158,24,1138,2990,64,44,414
gemma-4-12b-it,repope,Raw-Traj-MeanPool,Diag-Classifier,test,pooled,passed,,0.18711348950078066,0.10758016463668782,0.28704698569880616,0.9427173287276914,0.9023092335317392,0.9701636919055444,0.2059906785433717,0.041666666666666664,0.2219343696027634,1182,1158,24,1138,2990,64,44,414
gemma-4-12b-it,repope,Raw-Traj-MeanPool,Diag-KNN,test,pooled,passed,,0.1046064964863666,0.053104662167158465,0.1769778032505671,0.8729490500863557,0.8142882936481509,0.9219127441341205,0.12290606591035017,0.0,0.3601036269430052,1182,1158,24,1138,2990,64,44,414
gemma-4-12b-it,repope,Sphere-Traj-MeanPool,Diag-Classifier,test,pooled,passed,,0.15895482639917594,0.08624906011467283,0.24743822863180087,0.9197610823258492,0.8551667026842324,0.9627692282495824,0.17557851173623337,0.08333333333333333,0.28411053540587217,1182,1158,24,1138,2990,64,44,414
gemma-4-12b-it,repope,Sphere-Traj-MeanPool,Diag-KNN,test,pooled,passed,,0.11661606746855391,0.05860455333087423,0.1996737512835248,0.8799294761082326,0.8227476570607365,0.9263750638879229,0.1406686136390296,0.125,0.344559585492228,1182,1158,24,1138,2990,64,44,414
gemma-4-12b-it,repope,Raw-Traj-LSTM,Diag-Classifier,test,pooled,passed,,0.3101120181250683,0.16263935305250393,0.47945414524019436,0.9659614277489925,0.9515685041922896,0.9781000035745311,0.335045923441304,0.2916666666666667,0.06476683937823834,1182,1158,24,1138,2990,64,44,414
gemma-4-12b-it,repope,Raw-Traj-LSTM,Diag-KNN,test,pooled,passed,,0.07689241847682748,0.046642271179949193,0.11308509380133738,0.885758491652274,0.8578186482262107,0.9130613267580032,0.0843491847265036,0.0,0.20984455958549222,1182,1158,24,1138,2990,64,44,414
gemma-4-12b-it,repope,Sphere-Traj-LSTM,Diag-Classifier,test,pooled,passed,,0.3127355124740792,0.1566718481006478,0.4801659825849101,0.9630469199769719,0.949354106702483,0.975106152792096,0.32754734945435443,0.25,0.06390328151986183,1182,1158,24,1138,2990,64,44,414
gemma-4-12b-it,repope,Sphere-Traj-LSTM,Diag-KNN,test,pooled,passed,,0.13775143264520923,0.07556763533714773,0.23301909988666966,0.925014392630973,0.8974166877519978,0.9489014586564849,0.1630227337824789,0.16666666666666666,0.21848013816925735,1182,1158,24,1138,2990,64,44,414
gemma-4-12b-it,pope,Raw-Static,Diag-Classifier,test,pooled,passed,,0.2211182170134709,0.11938270203499998,0.35292583079136247,0.8818110172024893,0.8092294056940923,0.9413691859382852,0.23877840447885457,0.22580645161290322,0.45071609098567816,1218,1187,31,1180,3096,84,117,465
gemma-4-12b-it,pope,Raw-Static,Diag-KNN,test,pooled,passed,,0.083203553586555,0.04512943283641825,0.13293694963361574,0.8194961545778189,0.763664408993202,0.873744747013935,0.09043415739717067,0.0,0.38331929233361417,1218,1187,31,1180,3096,84,117,465
gemma-4-12b-it,pope,Sphere-Static,Diag-Classifier,test,pooled,passed,,0.22168747609541928,0.12152685843702091,0.3525062438967107,0.8841481642525206,0.8110662305241176,0.9425056175675932,0.23894960898611126,0.16129032258064516,0.401010951979781,1218,1187,31,1180,3096,84,117,465
gemma-4-12b-it,pope,Sphere-Static,Diag-KNN,test,pooled,passed,,0.07464710494985038,0.04140171198335976,0.11868853042902096,0.8110443786178221,0.7577639406816892,0.8640788996752067,0.08069863475000585,0.0,0.4001684919966302,1218,1187,31,1180,3096,84,117,465
gemma-4-12b-it,pope,Raw-Traj-MeanPool,Diag-Classifier,test,pooled,passed,,0.19633814470263483,0.10094112379181988,0.31944278613289817,0.8287088621355002,0.7382674038924039,0.9070280107750812,0.21111949372223077,0.22580645161290322,0.7026116259477675,1218,1187,31,1180,3096,84,117,465
gemma-4-12b-it,pope,Raw-Traj-MeanPool,Diag-KNN,test,pooled,passed,,0.07645499291848405,0.04344122118360272,0.11596848545331472,0.8283012202081692,0.7760655149430536,0.8758085207626987,0.08228461989939315,0.0,0.34793597304128054,1218,1187,31,1180,3096,84,117,465
gemma-4-12b-it,pope,Sphere-Traj-MeanPool,Diag-Classifier,test,pooled,passed,,0.2156533278996683,0.0979569093301153,0.35275040464590424,0.8290893279343425,0.7416035214307226,0.9053158085640037,0.2284856096497557,0.22580645161290322,0.7304128053917439,1218,1187,31,1180,3096,84,117,465
gemma-4-12b-it,pope,Sphere-Traj-MeanPool,Diag-KNN,test,pooled,passed,,0.07831412694522133,0.04477005190353016,0.11882543281259492,0.8320515259396146,0.781114589775304,0.8784987606278102,0.08426496025135184,0.0,0.33951137320977254,1218,1187,31,1180,3096,84,117,465
gemma-4-12b-it,pope,Raw-Traj-LSTM,Diag-Classifier,test,pooled,passed,,0.23326442919656268,0.13134480043546665,0.3610855157631582,0.9430388346876104,0.9248238141184597,0.960382842795064,0.24633804647549173,0.0967741935483871,0.15838247683235046,1218,1187,31,1180,3096,84,117,465
gemma-4-12b-it,pope,Raw-Traj-LSTM,Diag-KNN,test,pooled,passed,,0.0714900528502679,0.04078269557506663,0.11149444395611545,0.7594640867462021,0.6592706100823804,0.8425346454375848,0.07934707244974958,0.0,0.8550968828980623,1218,1187,31,1180,3096,84,117,465
gemma-4-12b-it,pope,Sphere-Traj-LSTM,Diag-Classifier,test,pooled,passed,,0.2984306312712421,0.16799101151391307,0.44157162215268564,0.9499143951952604,0.9310040312055914,0.9671699250687016,0.31244410641226544,0.16129032258064516,0.15585509688289806,1218,1187,31,1180,3096,84,117,465
gemma-4-12b-it,pope,Sphere-Traj-LSTM,Diag-KNN,test,pooled,passed,,0.10798385203122725,0.06817849928673331,0.16406188842739414,0.8967578878712938,0.8685628533810357,0.9183919034812581,0.11876225069583363,0.03225806451612903,0.2072451558550969,1218,1187,31,1180,3096,84,117,465
gemma-4-12b-it,dash-b,Raw-Static,Diag-Classifier,test,pooled,passed,,0.9666728704690477,0.9402474648543573,0.985224132762846,0.9896431626542832,0.9828238769626936,0.9953114404101789,0.9668396130259425,0.7551020408163265,0.041916167664670656,432,334,98,397,1294,264,11,0
gemma-4-12b-it,dash-b,Raw-Static,Diag-KNN,test,pooled,passed,,0.34530010382942605,0.27076505614453406,0.4384652417697426,0.6948246364414028,0.6400622414422253,0.7470259284087569,0.3532302263940588,0.030612244897959183,0.6227544910179641,432,334,98,397,1294,264,11,0
gemma-4-12b-it,dash-b,Sphere-Static,Diag-Classifier,test,pooled,passed,,0.968177025839037,0.9434970595705521,0.9859116022398607,0.9903152877917634,0.9836764819689193,0.9957090178491395,0.9683388833796833,0.7755102040816326,0.04491017964071856,432,334,98,397,1294,264,11,0
gemma-4-12b-it,dash-b,Sphere-Static,Diag-KNN,test,pooled,passed,,0.2958148513411306,0.23280940579765932,0.367961274572872,0.6551692533300745,0.6003279059900992,0.7086337502391454,0.3009140034225077,0.0,0.6377245508982036,432,334,98,397,1294,264,11,0
gemma-4-12b-it,dash-b,Raw-Traj-MeanPool,Diag-Classifier,test,pooled,passed,,0.9801383528357005,0.9645361967446785,0.9924199274958748,0.9937370157643896,0.9887407127766019,0.9977283012046753,0.9802363445450297,0.8673469387755102,0.038922155688622756,432,334,98,397,1294,264,11,0
gemma-4-12b-it,dash-b,Raw-Traj-MeanPool,Diag-KNN,test,pooled,passed,,0.5424693481070123,0.44406362847944075,0.646567336088345,0.7943908102163022,0.7497072976086263,0.8408719237823686,0.5455988437193215,0.1326530612244898,0.5748502994011976,432,334,98,397,1294,264,11,0
gemma-4-12b-it,dash-b,Sphere-Traj-MeanPool,Diag-Classifier,test,pooled,passed,,0.9835177642526695,0.9696024778497286,0.9938542686775351,0.9948063057558352,0.9904285095248379,0.9982052763154807,0.9835986607649009,0.9081632653061225,0.02694610778443114,432,334,98,397,1294,264,11,0
gemma-4-12b-it,dash-b,Sphere-Traj-MeanPool,Diag-KNN,test,pooled,passed,,0.5435863280676142,0.43882893018172575,0.6520305480302551,0.7974153733349627,0.7512404684338294,0.8428423475038072,0.5470513872436362,0.11224489795918367,0.5898203592814372,432,334,98,397,1294,264,11,0
gemma-4-12b-it,dash-b,Raw-Traj-LSTM,Diag-Classifier,test,pooled,passed,,0.9452646102728901,0.9111200589840768,0.9725796367899344,0.9830746669925455,0.9734890840399358,0.9910302967708409,0.9455437732133407,0.6836734693877551,0.09281437125748503,432,334,98,397,1294,264,11,0
gemma-4-12b-it,dash-b,Raw-Traj-LSTM,Diag-KNN,test,pooled,passed,,0.9411930997524842,0.905850117401334,0.9713858822022889,0.9818220701454234,0.9718663155726609,0.9909161647011175,0.9415006851341554,0.5714285714285714,0.08982035928143713,432,334,98,397,1294,264,11,0
gemma-4-12b-it,dash-b,Sphere-Traj-LSTM,Diag-Classifier,test,pooled,passed,,0.9330254234933489,0.8889089752150426,0.9654368895521708,0.9795612855920811,0.9680210450785788,0.9891086486405417,0.9333940273881013,0.6836734693877551,0.08682634730538923,432,334,98,397,1294,264,11,0
gemma-4-12b-it,dash-b,Sphere-Traj-LSTM,Diag-KNN,test,pooled,passed,,0.7111539063924219,0.612785933739806,0.8326956090121762,0.9501405352560186,0.9279172366025032,0.970412630210908,0.7189416348202851,0.07142857142857142,0.08383233532934131,432,334,98,397,1294,264,11,0
qwen3.5-4b,repope,Raw-Static,Diag-Classifier,test,pooled,passed,,0.28696174205549596,0.16312775064867882,0.4378492159317994,0.9474792597319719,0.9142787596635387,0.9758060183681695,0.30423313296058807,0.2,0.30312699425654116,1597,1567,30,1548,3936,84,43,0
qwen3.5-4b,repope,Raw-Static,Diag-KNN,test,pooled,passed,,0.012808963855174169,0.008233254516819994,0.018011761907396662,0.32797277175069134,0.26972929936305734,0.38553363381700867,0.013734746415513163,0.0,0.9463943841735801,1597,1567,30,1548,3936,84,43,0
qwen3.5-4b,repope,Sphere-Static,Diag-Classifier,test,pooled,passed,,0.2832155524438416,0.16096075609635802,0.43219299734160166,0.9475856200808339,0.9145565735357879,0.9752283959858362,0.3003845463850166,0.2,0.2967453733248245,1597,1567,30,1548,3936,84,43,0
qwen3.5-4b,repope,Sphere-Static,Diag-KNN,test,pooled,passed,,0.017331857643757616,0.011108368866103021,0.02477149856922875,0.5094873431184854,0.4414904017942757,0.5717047943702399,0.018819335886605375,0.0,0.8679004467134652,1597,1567,30,1548,3936,84,43,0
qwen3.5-4b,repope,Raw-Traj-MeanPool,Diag-Classifier,test,pooled,passed,,0.2954098385604634,0.1595703996995049,0.44133523607549524,0.9507764305466923,0.9257381372797496,0.972997472224745,0.30990342790043857,0.1,0.2131461391193363,1597,1567,30,1548,3936,84,43,0
qwen3.5-4b,repope,Raw-Traj-MeanPool,Diag-KNN,test,pooled,passed,,0.0667352215964796,0.04235530484761377,0.10060945626368195,0.8683471601786853,0.8349082952146376,0.9009051446556157,0.07320513174476288,0.0,0.2935545628589662,1597,1567,30,1548,3936,84,43,0
qwen3.5-4b,repope,Sphere-Traj-MeanPool,Diag-Classifier,test,pooled,passed,,0.25826265052174946,0.15222579795157687,0.38870754772869487,0.9530950861518827,0.9286929847082727,0.974643623012132,0.27807744922880334,0.23333333333333334,0.2227185705169113,1597,1567,30,1548,3936,84,43,0
qwen3.5-4b,repope,Sphere-Traj-MeanPool,Diag-KNN,test,pooled,passed,,0.07177127530545307,0.04497507304395064,0.10553200852818907,0.864220378642842,0.8186843854132385,0.9054050740574061,0.07793775045349312,0.0,0.43139757498404596,1597,1567,30,1548,3936,84,43,0
qwen3.5-4b,repope,Raw-Traj-LSTM,Diag-Classifier,test,pooled,passed,,0.23992491816138978,0.1381434975409371,0.3690554662624188,0.9628376941076368,0.9499780891218509,0.9747979019132296,0.2528573242377507,0.13333333333333333,0.0982769623484365,1597,1567,30,1548,3936,84,43,0
qwen3.5-4b,repope,Raw-Traj-LSTM,Diag-KNN,test,pooled,passed,,0.07240062369868944,0.04750095260027623,0.1065059340240348,0.8885556264624548,0.8672899769958968,0.9103405406415601,0.07883973042103967,0.0,0.19591576260370133,1597,1567,30,1548,3936,84,43,0
qwen3.5-4b,repope,Sphere-Traj-LSTM,Diag-Classifier,test,pooled,passed,,0.24462085194954766,0.14132532925623034,0.3738211469744463,0.9640289300148904,0.9519944462350135,0.9759867300467688,0.25844541417193934,0.1,0.08806636885768986,1597,1567,30,1548,3936,84,43,0
qwen3.5-4b,repope,Sphere-Traj-LSTM,Diag-KNN,test,pooled,passed,,0.02831281668008232,0.01891770904202293,0.04019252791307874,0.7041267815358434,0.6656913266711334,0.7402719088524367,0.030450966116632425,0.0,0.4447989789406509,1597,1567,30,1548,3936,84,43,0
qwen3.5-4b,pope,Raw-Static,Diag-Classifier,test,pooled,passed,,0.3250866262251046,0.19094109074421767,0.46071514042068024,0.9344460570875666,0.9082691131730429,0.955980046344095,0.33285401686303207,0.15384615384615385,0.2962264150943396,1629,1590,39,1622,4107,97,171,0
qwen3.5-4b,pope,Raw-Static,Diag-KNN,test,pooled,passed,,0.01457537347555351,0.010312813913102563,0.01934458571396061,0.24799225931301402,0.19944825679769515,0.30522430707794557,0.015260474725342943,0.0,0.9616352201257862,1629,1590,39,1622,4107,97,171,0
qwen3.5-4b,pope,Sphere-Static,Diag-Classifier,test,pooled,passed,,0.3190620009969736,0.1897717662079571,0.4568114657571717,0.9297371391711013,0.9008501609133569,0.95326397768204,0.326712604858476,0.15384615384615385,0.2981132075471698,1629,1590,39,1622,4107,97,171,0
qwen3.5-4b,pope,Sphere-Static,Diag-KNN,test,pooled,passed,,0.01869947865098281,0.01326067954917348,0.02515022683124763,0.4259474278342203,0.36084577517592903,0.49550299802053693,0.019829131252538743,0.0,0.9157232704402516,1629,1590,39,1622,4107,97,171,0
qwen3.5-4b,pope,Raw-Traj-MeanPool,Diag-Classifier,test,pooled,passed,,0.2663188199490212,0.15534722871501555,0.41635230756334707,0.8924367037574584,0.8390504861411602,0.9364817435450753,0.2850041229316399,0.3333333333333333,0.5836477987421383,1629,1590,39,1622,4107,97,171,0
qwen3.5-4b,pope,Raw-Traj-MeanPool,Diag-KNN,test,pooled,passed,,0.0762846110322743,0.05064092496733416,0.11645332944694448,0.828850185453959,0.7830069425246923,0.8714851815113778,0.0840638580707998,0.0,0.45723270440251573,1629,1590,39,1622,4107,97,171,0
qwen3.5-4b,pope,Sphere-Traj-MeanPool,Diag-Classifier,test,pooled,passed,,0.2769061883388446,0.1494603879098749,0.42334412288589607,0.8597323012417353,0.7804703115118351,0.9220376928078068,0.28838072606852905,0.23076923076923078,0.8283018867924529,1629,1590,39,1622,4107,97,171,0
qwen3.5-4b,pope,Sphere-Traj-MeanPool,Diag-KNN,test,pooled,passed,,0.07868197469926042,0.05269575621472194,0.12141970136134252,0.8454765360425738,0.8080559807491335,0.8816290886596226,0.08471319414000311,0.05128205128205128,0.3635220125786163,1629,1590,39,1622,4107,97,171,0
qwen3.5-4b,pope,Raw-Traj-LSTM,Diag-Classifier,test,pooled,passed,,0.5368198004983862,0.39046829235040065,0.6790880377622363,0.9654571843251089,0.9514919881041061,0.9777739142779687,0.5415534507250679,0.48717948717948717,0.11823899371069183,1629,1590,39,1622,4107,97,171,0
qwen3.5-4b,pope,Raw-Traj-LSTM,Diag-KNN,test,pooled,passed,,0.056759276342865914,0.028912937098057822,0.0978407381066201,0.6401386873084987,0.5580569247022328,0.7259295100761742,0.06255788284173189,0.0,0.7477987421383647,1629,1590,39,1622,4107,97,171,0
qwen3.5-4b,pope,Sphere-Traj-LSTM,Diag-Classifier,test,pooled,passed,,0.5128180110443661,0.3545662270579656,0.6484759212180533,0.9660538622802775,0.9522391392513883,0.9773164490886046,0.517402564847559,0.3076923076923077,0.12075471698113208,1629,1590,39,1622,4107,97,171,0
qwen3.5-4b,pope,Sphere-Traj-LSTM,Diag-KNN,test,pooled,passed,,0.0924993830747058,0.06376871215417117,0.13133211452604682,0.8866311885179811,0.8643108377747363,0.9086451113760646,0.09942472603663868,0.0,0.2138364779874214,1629,1590,39,1622,4107,97,171,0
qwen3.5-4b,dash-b,Raw-Static,Diag-Classifier,test,pooled,passed,,0.9838907324714459,0.9706079556711423,0.9934788613335409,0.9924256951102589,0.9866646209307183,0.9968511308499968,0.9839502808835544,0.7,0.040268456375838924,438,298,140,361,1317,358,5,0
qwen3.5-4b,dash-b,Raw-Static,Diag-KNN,test,pooled,passed,,0.46365802671972267,0.3856579810186383,0.5520518657200209,0.6306567593480346,0.5691556484355691,0.6892280915393332,0.4685704498145965,0.0,0.9328859060402684,438,298,140,361,1317,358,5,0
qwen3.5-4b,dash-b,Sphere-Static,Diag-Classifier,test,pooled,passed,,0.9830695586885962,0.9693689716259583,0.9933324072275224,0.9921380632790029,0.9862766925820439,0.9968595697798988,0.9831332223662163,0.7,0.0436241610738255,438,298,140,361,1317,358,5,0
qwen3.5-4b,dash-b,Sphere-Static,Diag-KNN,test,pooled,passed,,0.5027944476234618,0.42218632359939584,0.5893302992489458,0.6895254074784276,0.6320174555943384,0.7448859102519544,0.5075450486563947,0.0,0.8758389261744967,438,298,140,361,1317,358,5,0
qwen3.5-4b,dash-b,Raw-Traj-MeanPool,Diag-Classifier,test,pooled,passed,,0.98702726767652,0.9761091754692907,0.9946516754347898,0.9931687440076702,0.9870080042631932,0.9972629963150178,0.9870699269645375,0.85,0.030201342281879196,438,298,140,361,1317,358,5,0
qwen3.5-4b,dash-b,Raw-Traj-MeanPool,Diag-KNN,test,pooled,passed,,0.7085985295122529,0.6208408349093695,0.7847995311192828,0.8570949185043145,0.8225076488156597,0.8898923526005643,0.7108033951733023,0.03571428571428571,0.4463087248322148,438,298,140,361,1317,358,5,0
qwen3.5-4b,dash-b,Sphere-Traj-MeanPool,Diag-Classifier,test,pooled,passed,,0.9863461607418824,0.9748844499143785,0.9938890592714331,0.9923777564717162,0.9861341180615927,0.9967990373236306,0.9863887322634881,0.8857142857142857,0.04697986577181208,438,298,140,361,1317,358,5,0
qwen3.5-4b,dash-b,Sphere-Traj-MeanPool,Diag-KNN,test,pooled,passed,,0.7162016321710943,0.6328619487821532,0.785330500624958,0.8563758389261745,0.8219571286066407,0.8889817632959779,0.717924011986316,0.15714285714285714,0.42953020134228187,438,298,140,361,1317,358,5,0
qwen3.5-4b,dash-b,Raw-Traj-LSTM,Diag-Classifier,test,pooled,passed,,0.9728678493058452,0.9559232855910468,0.9867012846053226,0.986960690316395,0.9793346272834188,0.9934810749221135,0.9729665491578321,0.7285714285714285,0.06375838926174497,438,298,140,361,1317,358,5,0
qwen3.5-4b,dash-b,Raw-Traj-LSTM,Diag-KNN,test,pooled,passed,,0.9825766236174627,0.9694910307438958,0.993751857610244,0.9920661553211889,0.9861547189124,0.9968902693653926,0.9826434724771377,0.8071428571428572,0.030201342281879196,438,298,140,361,1317,358,5,0
qwen3.5-4b,dash-b,Sphere-Traj-LSTM,Diag-Classifier,test,pooled,passed,,0.9594651085982885,0.9372851825992935,0.9779508378362187,0.9802013422818792,0.9699549538875428,0.9888006599728616,0.9596128288979089,0.6357142857142857,0.10067114093959731,438,298,140,361,1317,358,5,0
qwen3.5-4b,dash-b,Sphere-Traj-LSTM,Diag-KNN,test,pooled,passed,,0.650028489899962,0.5704068347901751,0.7400616257383541,0.8928811121764142,0.8599130457983168,0.9214342525076644,0.6553400350396932,0.02857142857142857,0.21140939597315436,438,298,140,361,1317,358,5,0
qwen3.5-9b,repope,Raw-Static,Diag-Classifier,test,pooled,passed,,0.18025167921174245,0.09595425667111308,0.32611795708791214,0.9043112513144058,0.8044835679473632,0.9732671711157845,0.19965673400645925,0.20833333333333334,0.6971608832807571,1609,1585,24,1554,3999,114,31,0
qwen3.5-9b,repope,Raw-Static,Diag-KNN,test,pooled,passed,,0.011536679227982287,0.006447958225731964,0.01891044142014416,0.36816508937960046,0.24231096484215017,0.5122833713856557,0.013250116235611072,0.0,0.9570977917981073,1609,1585,24,1554,3999,114,31,0
qwen3.5-9b,repope,Sphere-Static,Diag-Classifier,test,pooled,passed,,0.19089884035850554,0.10164474117379678,0.313747453766874,0.9005257623554153,0.7907667588692446,0.9759275604130206,0.20747283660541918,0.25,0.78801261829653,1609,1585,24,1554,3999,114,31,0
qwen3.5-9b,repope,Sphere-Static,Diag-KNN,test,pooled,passed,,0.02055628000804561,0.009588715336403032,0.04190528545407086,0.519689800210305,0.3828444952654555,0.6618564754527692,0.02580672935629947,0.0,0.9217665615141956,1609,1585,24,1554,3999,114,31,0
qwen3.5-9b,repope,Raw-Traj-MeanPool,Diag-Classifier,test,pooled,passed,,0.23562173781366377,0.12896437917699644,0.3853465076840624,0.9063354363827549,0.7980042400488847,0.9816427851746828,0.25596583931371525,0.3333333333333333,0.7129337539432177,1609,1585,24,1554,3999,114,31,0
qwen3.5-9b,repope,Raw-Traj-MeanPool,Diag-KNN,test,pooled,passed,,0.0636972079550373,0.031018631089571567,0.11890728661710888,0.851682439537329,0.7988053201506592,0.9060933831513028,0.07342520698349643,0.0,0.33690851735015775,1609,1585,24,1554,3999,114,31,0
qwen3.5-9b,repope,Sphere-Traj-MeanPool,Diag-Classifier,test,pooled,passed,,0.23070132295956847,0.12668871574297744,0.3857235200770215,0.9129600420609885,0.8156626045810768,0.9800562397541247,0.2512465402234079,0.20833333333333334,0.555205047318612,1609,1585,24,1554,3999,114,31,0
qwen3.5-9b,repope,Sphere-Traj-MeanPool,Diag-KNN,test,pooled,passed,,0.04505951889547791,0.02322006141481668,0.07512055995764062,0.8103575184016825,0.7370718644574895,0.8790821466345611,0.05017448588388147,0.0,0.4668769716088328,1609,1585,24,1554,3999,114,31,0
qwen3.5-9b,repope,Raw-Traj-LSTM,Diag-Classifier,test,pooled,passed,,0.32507656284098035,0.16641782363922233,0.49568796338446086,0.9758149316508937,0.9659246669225287,0.9850343887622808,0.34114436258042274,0.2916666666666667,0.05615141955835962,1609,1585,24,1554,3999,114,31,0
qwen3.5-9b,repope,Raw-Traj-LSTM,Diag-KNN,test,pooled,passed,,0.022549531730230152,0.013513413425632023,0.0332406886819624,0.7038906414300736,0.6595686434490352,0.7550175655764513,0.024362245458588724,0.0,0.45741324921135645,1609,1585,24,1554,3999,114,31,0
qwen3.5-9b,repope,Sphere-Traj-LSTM,Diag-Classifier,test,pooled,passed,,0.3113035124293091,0.18031386938993219,0.504504071249275,0.9785226077812829,0.9672323119508747,0.9880834559071775,0.3401462602020554,0.3333333333333333,0.06498422712933755,1609,1585,24,1554,3999,114,31,0
qwen3.5-9b,repope,Sphere-Traj-LSTM,Diag-KNN,test,pooled,passed,,0.038774699214276565,0.02396392650140014,0.05825340843885517,0.8325446898002102,0.8039361107698499,0.861095549782179,0.0417452770558184,0.0,0.23470031545741324,1609,1585,24,1554,3999,114,31,0
qwen3.5-9b,pope,Raw-Static,Diag-Classifier,test,pooled,passed,,0.37259894400621485,0.24433157867581928,0.5077806595593272,0.9279385045422781,0.8969913026813164,0.955481665024455,0.3791108634226776,0.28888888888888886,0.23144654088050315,1635,1590,45,1642,4206,126,165,0
qwen3.5-9b,pope,Raw-Static,Diag-KNN,test,pooled,passed,,0.016824963885728784,0.01194405779591585,0.02201841426581207,0.2614814814814815,0.18988027321093956,0.334544860721543,0.017460279383521852,0.0,0.9823899371069182,1635,1590,45,1642,4206,126,165,0
qwen3.5-9b,pope,Sphere-Static,Diag-Classifier,test,pooled,passed,,0.36946589014280584,0.23504668461619527,0.5065210980618395,0.9243885394828791,0.8887152750930618,0.95490720299495,0.37669427496601654,0.35555555555555557,0.26352201257861635,1635,1590,45,1642,4206,126,165,0
qwen3.5-9b,pope,Sphere-Static,Diag-KNN,test,pooled,passed,,0.021365141888596145,0.014960389390246418,0.029196390005404815,0.3988958770090846,0.3117056571629465,0.48798057118428456,0.022446582628825644,0.0,0.9679245283018868,1635,1590,45,1642,4206,126,165,0
qwen3.5-9b,pope,Raw-Traj-MeanPool,Diag-Classifier,test,pooled,passed,,0.29354162504752107,0.18993579102691677,0.4514494980726093,0.9153878406708595,0.8777362948068528,0.9493927469912775,0.30835171769530056,0.24444444444444444,0.2918238993710692,1635,1590,45,1642,4206,126,165,0
qwen3.5-9b,pope,Raw-Traj-MeanPool,Diag-KNN,test,pooled,passed,,0.06825464624395808,0.04714132811380968,0.09837241731748093,0.7990356394129978,0.7579604920892371,0.8436720590789368,0.07227669412772063,0.022222222222222223,0.45723270440251573,1635,1590,45,1642,4206,126,165,0
qwen3.5-9b,pope,Sphere-Traj-MeanPool,Diag-Classifier,test,pooled,passed,,0.2483790070670461,0.1520585671859522,0.3819905317149612,0.9132215234102027,0.8822380189573529,0.9409594380967279,0.263979496221429,0.24444444444444444,0.2641509433962264,1635,1590,45,1642,4206,126,165,0
qwen3.5-9b,pope,Sphere-Traj-MeanPool,Diag-KNN,test,pooled,passed,,0.056853957199089,0.03922519517409944,0.07915484922126591,0.7660796645702306,0.7204646222546317,0.8152670584449851,0.05974689272143813,0.0,0.4918238993710692,1635,1590,45,1642,4206,126,165,0
qwen3.5-9b,pope,Raw-Traj-LSTM,Diag-Classifier,test,pooled,passed,,0.4155795896942539,0.29179471192166245,0.5694427568986683,0.9726205450733753,0.9618942104302785,0.9823813641006228,0.43046480923458774,0.4222222222222222,0.09874213836477988,1635,1590,45,1642,4206,126,165,0
qwen3.5-9b,pope,Raw-Traj-LSTM,Diag-KNN,test,pooled,passed,,0.08666848405194091,0.05854583663286642,0.11940207880962557,0.8560726764500349,0.8279168468966138,0.8850070885368579,0.09111113665858525,0.0,0.26037735849056604,1635,1590,45,1642,4206,126,165,0
qwen3.5-9b,pope,Sphere-Traj-LSTM,Diag-Classifier,test,pooled,passed,,0.3838077762232608,0.2718044814984465,0.519025846091892,0.9710552061495458,0.9603640378095106,0.9809926255570206,0.3982630013284734,0.4222222222222222,0.09811320754716982,1635,1590,45,1642,4206,126,165,0
qwen3.5-9b,pope,Sphere-Traj-LSTM,Diag-KNN,test,pooled,passed,,0.13241786088823806,0.08510374548976934,0.2090365408259179,0.9015094339622642,0.8808143875478868,0.9215127289369149,0.14182849646691,0.06666666666666667,0.1761006289308176,1635,1590,45,1642,4206,126,165,0
qwen3.5-9b,dash-b,Raw-Static,Diag-Classifier,test,pooled,passed,,0.9823997809958898,0.9717174117049487,0.9910432224352472,0.9884731833910034,0.9816795224681054,0.9940518132081381,0.9824502066558591,0.7588235294117647,0.07720588235294118,442,272,170,349,1322,435,1,0
qwen3.5-9b,dash-b,Raw-Static,Diag-KNN,test,pooled,passed,,0.6840985408981671,0.6182494449469474,0.7464768970244308,0.7531790657439447,0.7068638587152567,0.7989953009552515,0.6852087496813271,0.12941176470588237,0.7794117647058824,442,272,170,349,1322,435,1,0
qwen3.5-9b,dash-b,Sphere-Static,Diag-Classifier,test,pooled,passed,,0.982361389653656,0.9715241350709938,0.9908881141296784,0.9885164359861591,0.9818225490490614,0.9941816182092873,0.9824122362332928,0.7529411764705882,0.06985294117647059,442,272,170,349,1322,435,1,0
qwen3.5-9b,dash-b,Sphere-Static,Diag-KNN,test,pooled,passed,,0.7386826693914677,0.6736720523408153,0.800330476235638,0.8177119377162628,0.7785123070223742,0.8561237500593144,0.7396685634483788,0.17058823529411765,0.6470588235294118,442,272,170,349,1322,435,1,0
qwen3.5-9b,dash-b,Raw-Traj-MeanPool,Diag-Classifier,test,pooled,passed,,0.9862368657820144,0.977089344125451,0.994145936093626,0.9910467128027681,0.9854649377491767,0.9962295871106092,0.9862768494552607,0.8058823529411765,0.04779411764705882,442,272,170,349,1322,435,1,0
qwen3.5-9b,dash-b,Raw-Traj-MeanPool,Diag-KNN,test,pooled,passed,,0.7648950675699899,0.6932548928180874,0.839558387135442,0.8799524221453286,0.8479376122376916,0.910657785892504,0.7664196869760181,0.06470588235294118,0.3014705882352941,442,272,170,349,1322,435,1,0
qwen3.5-9b,dash-b,Sphere-Traj-MeanPool,Diag-Classifier,test,pooled,passed,,0.9827433892558196,0.9708257954843819,0.9928700861430974,0.9886678200692042,0.9816602412746968,0.9951301924609686,0.9827941536745777,0.8117647058823529,0.058823529411764705,442,272,170,349,1322,435,1,0
qwen3.5-9b,dash-b,Sphere-Traj-MeanPool,Diag-KNN,test,pooled,passed,,0.7427770810740867,0.6681218031043579,0.8183012782010808,0.865333044982699,0.8338447210058656,0.8970057884633614,0.744687143509078,0.10588235294117647,0.3382352941176471,442,272,170,349,1322,435,1,0
qwen3.5-9b,dash-b,Raw-Traj-LSTM,Diag-Classifier,test,pooled,passed,,0.9891094854297005,0.9807112779999846,0.9952279725159827,0.9930147058823529,0.9880171809998797,0.9968351753758334,0.9891412944909732,0.8470588235294118,0.04044117647058824,442,272,170,349,1322,435,1,0
qwen3.5-9b,dash-b,Raw-Traj-LSTM,Diag-KNN,test,pooled,passed,,0.8059281623768197,0.7408973845831193,0.8657510885892022,0.8992214532871973,0.8689158045059762,0.9274514015387432,0.8068334685464422,0.1588235294117647,0.24632352941176472,442,272,170,349,1322,435,1,0
qwen3.5-9b,dash-b,Sphere-Traj-LSTM,Diag-Classifier,test,pooled,passed,,0.9812630679916922,0.9710577644049121,0.9903279652635015,0.986764705882353,0.9796033333184929,0.9932847213631323,0.9813126896749876,0.8352941176470589,0.11397058823529412,442,272,170,349,1322,435,1,0
qwen3.5-9b,dash-b,Sphere-Traj-LSTM,Diag-KNN,test,pooled,passed,,0.6860170301189665,0.6139218730877131,0.7648143876978406,0.8857698961937717,0.8528360544621578,0.9187377252753429,0.6907325612012469,0.0058823529411764705,0.23161764705882354,442,272,170,349,1322,435,1,0
phi-4-multimodal-instruct,repope,Raw-Static,Diag-Classifier,test,pooled,passed,,0.37172112571024973,0.24900285973438915,0.5047954388451806,0.9051438116376451,0.8627154564625151,0.940183931630254,0.37948511704281773,0.2413793103448276,0.2601194426011944,1565,1507,58,1496,3916,197,75,0
phi-4-multimodal-instruct,repope,Raw-Static,Diag-KNN,test,pooled,passed,,0.06659889561539786,0.042125032078273374,0.10376884923993303,0.6776880305699837,0.6176115018127272,0.7327415595525589,0.07227276903633048,0.034482758620689655,0.6058394160583942,1565,1507,58,1496,3916,197,75,0
phi-4-multimodal-instruct,repope,Sphere-Static,Diag-Classifier,test,pooled,passed,,0.3684771060838225,0.2514287245550377,0.5017417748996434,0.9022149509187013,0.8595775243225131,0.9381161227035234,0.37608087400439616,0.20689655172413793,0.2733908427339084,1565,1507,58,1496,3916,197,75,0
phi-4-multimodal-instruct,repope,Sphere-Static,Diag-KNN,test,pooled,passed,,0.17304783256962158,0.09054967169105807,0.26628104556484794,0.8183648719767522,0.777940360959871,0.854134091860952,0.18089238369416172,0.05172413793103448,0.45786330457863306,1565,1507,58,1496,3916,197,75,0
phi-4-multimodal-instruct,repope,Raw-Traj-MeanPool,Diag-Classifier,test,pooled,passed,,0.35919791184115624,0.23337904981076993,0.49491816482964773,0.8892066906162048,0.8483014552580652,0.9294436015355702,0.3681197966263547,0.3448275862068966,0.3297942932979429,1565,1507,58,1496,3916,197,75,0
phi-4-multimodal-instruct,repope,Raw-Traj-MeanPool,Diag-KNN,test,pooled,passed,,0.27460602925779615,0.16646593825468028,0.3892221370257738,0.8946754227398577,0.8619617524457901,0.9219474843323836,0.2823413173347092,0.1724137931034483,0.4306569343065693,1565,1507,58,1496,3916,197,75,0
phi-4-multimodal-instruct,repope,Sphere-Traj-MeanPool,Diag-Classifier,test,pooled,passed,,0.34220462274854374,0.21881582593108745,0.47606611571165075,0.8839210122874859,0.8438996086321066,0.9240560127448415,0.3513658402794863,0.2413793103448276,0.4804246848042468,1565,1507,58,1496,3916,197,75,0
phi-4-multimodal-instruct,repope,Sphere-Traj-MeanPool,Diag-KNN,test,pooled,passed,,0.21299732840787775,0.13351793026943415,0.3225959232859225,0.881015033292909,0.8437253812415655,0.9135267199925223,0.22818836642416712,0.15517241379310345,0.5228931652289317,1565,1507,58,1496,3916,197,75,0
phi-4-multimodal-instruct,repope,Raw-Traj-LSTM,Diag-Classifier,test,pooled,passed,,0.4615261649252802,0.32828482947980653,0.5950008874412955,0.9509187012333249,0.9333377684421333,0.9659213557633297,0.46913195034231664,0.3620689655172414,0.12076974120769741,1565,1507,58,1496,3916,197,75,0
phi-4-multimodal-instruct,repope,Raw-Traj-LSTM,Diag-KNN,test,pooled,passed,,0.11003462423253987,0.07990418896205131,0.1450143359431002,0.8453538658673317,0.8146289945202664,0.8730169856891913,0.11607132881541526,0.0,0.35567352355673526,1565,1507,58,1496,3916,197,75,0
phi-4-multimodal-instruct,repope,Sphere-Traj-LSTM,Diag-Classifier,test,pooled,passed,,0.41272466150352716,0.2856563163308935,0.5369903501744967,0.9290780953252638,0.9093183477649714,0.9478649428146918,0.41815843878198733,0.25862068965517243,0.19044459190444593,1565,1507,58,1496,3916,197,75,0
phi-4-multimodal-instruct,repope,Sphere-Traj-LSTM,Diag-KNN,test,pooled,passed,,0.18123557729355802,0.12925484248168964,0.2732981892062271,0.9065510376862,0.8865594007490637,0.9256363928847013,0.1920513430643931,0.10344827586206896,0.1678832116788321,1565,1507,58,1496,3916,197,75,0
phi-4-multimodal-instruct,pope,Raw-Static,Diag-Classifier,test,pooled,passed,,0.3911661386611193,0.26566947119569684,0.5147913319616351,0.9251210217324132,0.8968274724225392,0.9480023348181172,0.3974427229003991,0.21052631578947367,0.31376386170906717,1590,1533,57,1572,4101,156,210,0
phi-4-multimodal-instruct,pope,Raw-Static,Diag-KNN,test,pooled,passed,,0.04890264157678794,0.0330672861432435,0.07428392386978429,0.6308579668348955,0.5772807523074207,0.6867371831114985,0.05212061941064502,0.03508771929824561,0.644487932159165,1590,1533,57,1572,4101,156,210,0
phi-4-multimodal-instruct,pope,Sphere-Static,Diag-Classifier,test,pooled,passed,,0.392291421683005,0.26797936542803824,0.5151102061832554,0.9179569929389684,0.8838528451659136,0.9441655269289733,0.3985220759345588,0.3157894736842105,0.3776908023483366,1590,1533,57,1572,4101,156,210,0
phi-4-multimodal-instruct,pope,Sphere-Static,Diag-KNN,test,pooled,passed,,0.12187343447869652,0.06185989691129607,0.19354726914766618,0.7822982112816288,0.7375751257497155,0.8231898651470545,0.12598412797080344,0.05263157894736842,0.4931506849315068,1590,1533,57,1572,4101,156,210,0
phi-4-multimodal-instruct,pope,Raw-Traj-MeanPool,Diag-Classifier,test,pooled,passed,,0.40100775715159404,0.26090271594653647,0.5202522811212011,0.9006534601343541,0.8609318171771055,0.9345650825458758,0.4063818340095102,0.3157894736842105,0.46966731898238745,1590,1533,57,1572,4101,156,210,0
phi-4-multimodal-instruct,pope,Raw-Traj-MeanPool,Diag-KNN,test,pooled,passed,,0.1547371189627393,0.10656682141230309,0.2325427910935288,0.8778338540414965,0.8469642381880689,0.9054397185927116,0.1660411151662002,0.07017543859649122,0.30919765166340507,1590,1533,57,1572,4101,156,210,0
phi-4-multimodal-instruct,pope,Sphere-Traj-MeanPool,Diag-Classifier,test,pooled,passed,,0.3817881014045186,0.24886087592759396,0.5089174528784969,0.8879046932399491,0.8357388456409869,0.9305344217150388,0.38895040314419843,0.3157894736842105,0.5525114155251142,1590,1533,57,1572,4101,156,210,0
phi-4-multimodal-instruct,pope,Sphere-Traj-MeanPool,Diag-KNN,test,pooled,passed,,0.13407269865590768,0.08890326900976385,0.21292535523742953,0.8565134296929539,0.8258430420461397,0.885110345613996,0.14449124572258923,0.05263157894736842,0.3313763861709067,1590,1533,57,1572,4101,156,210,0
phi-4-multimodal-instruct,pope,Raw-Traj-LSTM,Diag-Classifier,test,pooled,passed,,0.4475277273522207,0.31795140486323753,0.582746503526684,0.9596708666643778,0.9436719971806236,0.9729564306097386,0.4568959411055085,0.2982456140350877,0.1532941943900848,1590,1533,57,1572,4101,156,210,0
phi-4-multimodal-instruct,pope,Raw-Traj-LSTM,Diag-KNN,test,pooled,passed,,0.15332944489364408,0.10444031320231902,0.2121309612728837,0.8947139538343576,0.8761505560164955,0.911848361170259,0.15792647602504334,0.017543859649122806,0.19960861056751467,1590,1533,57,1572,4101,156,210,0
phi-4-multimodal-instruct,pope,Sphere-Traj-LSTM,Diag-Classifier,test,pooled,passed,,0.4115071050529014,0.2889588653182633,0.5481509580066746,0.9476430803034985,0.9285742456976621,0.9638967951695541,0.4262972933241937,0.3157894736842105,0.16568819308545335,1590,1533,57,1572,4101,156,210,0
phi-4-multimodal-instruct,pope,Sphere-Traj-LSTM,Diag-KNN,test,pooled,passed,,0.11083177654359455,0.08400029688588073,0.14402209422086268,0.8673281376958378,0.846172293463184,0.8859058691398685,0.11479855668389338,0.0,0.22961513372472275,1590,1533,57,1572,4101,156,210,0
phi-4-multimodal-instruct,dash-b,Raw-Static,Diag-Classifier,test,pooled,passed,,0.9863204983074749,0.9771439254207289,0.9936448160983727,0.9866279069767443,0.978624648585596,0.993525138009589,0.9863528841830472,0.7023255813953488,0.05357142857142857,439,224,215,305,1307,540,4,0
phi-4-multimodal-instruct,dash-b,Raw-Static,Diag-KNN,test,pooled,passed,,0.5858905222279014,0.5205306293652201,0.6545560374259912,0.6463247508305647,0.5928231605685149,0.6959434365659282,0.5881515441149312,0.018604651162790697,0.8571428571428571,439,224,215,305,1307,540,4,0
phi-4-multimodal-instruct,dash-b,Sphere-Static,Diag-Classifier,test,pooled,passed,,0.9859673594638372,0.9766302832683869,0.9934916203970446,0.9865448504983388,0.9782299237521683,0.9934322814771493,0.9860012600610888,0.7348837209302326,0.05803571428571429,439,224,215,305,1307,540,4,0
phi-4-multimodal-instruct,dash-b,Sphere-Static,Diag-KNN,test,pooled,passed,,0.6807364005991546,0.6092016020100505,0.7502600489956943,0.7579318936877076,0.7119199032723366,0.8003860148525784,0.682777986333437,0.023255813953488372,0.5669642857142857,439,224,215,305,1307,540,4,0
phi-4-multimodal-instruct,dash-b,Raw-Traj-MeanPool,Diag-Classifier,test,pooled,passed,,0.9841975355046318,0.9733004992183487,0.9926061183319208,0.9850083056478405,0.9762550971304105,0.992677604138293,0.9842366497817552,0.7674418604651163,0.09821428571428571,439,224,215,305,1307,540,4,0
phi-4-multimodal-instruct,dash-b,Raw-Traj-MeanPool,Diag-KNN,test,pooled,passed,,0.7194846264920204,0.6523960946959078,0.7900604253594422,0.789576411960133,0.745599505360584,0.8307957823433078,0.7215002287412461,0.027906976744186046,0.5535714285714286,439,224,215,305,1307,540,4,0
phi-4-multimodal-instruct,dash-b,Sphere-Traj-MeanPool,Diag-Classifier,test,pooled,passed,,0.9862654627548517,0.9779976861749938,0.9932940052115244,0.9864202657807309,0.9784062048144808,0.993351567431096,0.9862971162651331,0.7813953488372093,0.11160714285714286,439,224,215,305,1307,540,4,0
phi-4-multimodal-instruct,dash-b,Sphere-Traj-MeanPool,Diag-KNN,test,pooled,passed,,0.7588107781846615,0.6959455258088979,0.8228736777678621,0.810984219269103,0.7686381646124256,0.8507700378925789,0.7600497380940217,0.06511627906976744,0.5178571428571429,439,224,215,305,1307,540,4,0
phi-4-multimodal-instruct,dash-b,Raw-Traj-LSTM,Diag-Classifier,test,pooled,passed,,0.9855653009420885,0.976722275138853,0.993021746859562,0.9840116279069767,0.973785401667058,0.9924886868435256,0.9855957991880977,0.8418604651162791,0.11160714285714286,439,224,215,305,1307,540,4,0
phi-4-multimodal-instruct,dash-b,Raw-Traj-LSTM,Diag-KNN,test,pooled,passed,,0.983789491147286,0.9738876406889082,0.9913122757383355,0.9829526578073089,0.9731584594499415,0.9907859149186438,0.9838247968340533,0.827906976744186,0.10714285714285714,439,224,215,305,1307,540,4,0
phi-4-multimodal-instruct,dash-b,Sphere-Traj-LSTM,Diag-Classifier,test,pooled,passed,,0.9661317658983798,0.9496091099367799,0.9802812923097113,0.9654069767441861,0.9500325333994689,0.9789511742455143,0.966211071795452,0.7162790697674418,0.22767857142857142,439,224,215,305,1307,540,4,0
phi-4-multimodal-instruct,dash-b,Sphere-Traj-LSTM,Diag-KNN,test,pooled,passed,,0.6278449654925424,0.5668374444477622,0.6953743128288555,0.7607142857142857,0.7114559357341624,0.8060694322081141,0.6302654201400203,0.009302325581395349,0.45982142857142855,439,224,215,305,1307,540,4,0
phi-3.5-vision-instruct,repope,Raw-Static,Diag-Classifier,test,pooled,passed,,0.48196435883198435,0.35093160517158994,0.6124308135815596,0.9207765075937184,0.8777240779133972,0.959553709212086,0.4904431224369378,0.3275862068965517,0.5139550714771953,1527,1469,58,1475,3764,116,113,0
phi-3.5-vision-instruct,repope,Raw-Static,Diag-KNN,test,pooled,passed,,0.0878991123331016,0.05968989633507812,0.13237121072654462,0.7514025492359334,0.6943715858997644,0.8080313851013249,0.09618693702107771,0.017241379310344827,0.5820285908781484,1527,1469,58,1475,3764,116,113,0
phi-3.5-vision-instruct,repope,Sphere-Static,Diag-Classifier,test,pooled,passed,,0.4744812239606645,0.3479589893699463,0.6026643672917059,0.9105772164972653,0.8591744432905268,0.9551764762728565,0.48235768928300865,0.27586206896551724,0.7440435670524166,1527,1469,58,1475,3764,116,113,0
phi-3.5-vision-instruct,repope,Sphere-Static,Diag-KNN,test,pooled,passed,,0.1507846614277259,0.09425561338925192,0.22323961295906647,0.8316940916879886,0.7903249301323824,0.8729107580622125,0.1606932704152209,0.017241379310344827,0.43907420013614706,1527,1469,58,1475,3764,116,113,0
phi-3.5-vision-instruct,repope,Raw-Traj-MeanPool,Diag-Classifier,test,pooled,passed,,0.48311244090586786,0.35520509396831246,0.6091456015887547,0.9161404661862398,0.8742959696280496,0.9545950481833064,0.4912923694802914,0.3275862068965517,0.5704560925799864,1527,1469,58,1475,3764,116,113,0
phi-3.5-vision-instruct,repope,Raw-Traj-MeanPool,Diag-KNN,test,pooled,passed,,0.3140778269228773,0.20359621168368755,0.4265173929118833,0.8906246332245722,0.8555521430190023,0.9202420504760761,0.32218532049922133,0.22413793103448276,0.39686861810755614,1527,1469,58,1475,3764,116,113,0
phi-3.5-vision-instruct,repope,Sphere-Traj-MeanPool,Diag-Classifier,test,pooled,passed,,0.4251022701056735,0.30132233998618546,0.5563607799581232,0.9210229806812047,0.8841916576073283,0.956480139851997,0.4339807497560527,0.2413793103448276,0.3682777399591559,1527,1469,58,1475,3764,116,113,0
phi-3.5-vision-instruct,repope,Sphere-Traj-MeanPool,Diag-KNN,test,pooled,passed,,0.3510942156516408,0.22756358796510187,0.46660373108049397,0.8816224971244806,0.8383601362658104,0.9201036854645688,0.3592382044841614,0.27586206896551724,0.5568413886997958,1527,1469,58,1475,3764,116,113,0
phi-3.5-vision-instruct,repope,Raw-Traj-LSTM,Diag-Classifier,test,pooled,passed,,0.5109794676944819,0.38689607029730494,0.6362237285917307,0.9628295110443417,0.9499088208224993,0.9753341273884133,0.5192382604988532,0.29310344827586204,0.14023144996596323,1527,1469,58,1475,3764,116,113,0
phi-3.5-vision-instruct,repope,Raw-Traj-LSTM,Diag-KNN,test,pooled,passed,,0.08401678717542158,0.060966096583575005,0.1093216970961715,0.8060961010304923,0.7782792269593831,0.8310228955932962,0.08862098710700744,0.0,0.28454731109598363,1527,1469,58,1475,3764,116,113,0
phi-3.5-vision-instruct,repope,Sphere-Traj-LSTM,Diag-Classifier,test,pooled,passed,,0.44480548378461837,0.3094266003746259,0.576608489403813,0.9523602732330227,0.9360536917575948,0.9670492510856458,0.45712629145805117,0.3620689655172414,0.17903335602450646,1527,1469,58,1475,3764,116,113,0
phi-3.5-vision-instruct,repope,Sphere-Traj-LSTM,Diag-KNN,test,pooled,passed,,0.09539507740237768,0.06921319766101412,0.12809789431140745,0.8271402079763386,0.800897136480183,0.8519290848757033,0.10193015550596089,0.0,0.2763784887678693,1527,1469,58,1475,3764,116,113,0
phi-3.5-vision-instruct,pope,Raw-Static,Diag-Classifier,test,pooled,passed,,0.20338834364658337,0.11940318689798071,0.3471495119909279,0.8287582505706002,0.7496020074391637,0.8992957326922405,0.21909988478192285,0.18604651162790697,0.7360742705570292,1551,1508,43,1545,3900,92,249,0
phi-3.5-vision-instruct,pope,Raw-Static,Diag-KNN,test,pooled,passed,,0.05221814798598791,0.033344144277879316,0.09380654133035096,0.7149003762877058,0.6499600549485645,0.7767746254462,0.05797245104046676,0.023255813953488372,0.756631299734748,1551,1508,43,1545,3900,92,249,0
phi-3.5-vision-instruct,pope,Sphere-Static,Diag-Classifier,test,pooled,passed,,0.2322816433658047,0.13074640647070906,0.3677375111169596,0.8333384738757633,0.7528395134098304,0.9033452384969469,0.24239357129563338,0.20930232558139536,0.7771883289124668,1551,1508,43,1545,3900,92,249,0
phi-3.5-vision-instruct,pope,Sphere-Static,Diag-KNN,test,pooled,passed,,0.1046248780089063,0.053349115915618445,0.1844673756382448,0.8157886620196162,0.7653824911063771,0.8593267653102917,0.10972956615673267,0.046511627906976744,0.5106100795755968,1551,1508,43,1545,3900,92,249,0
phi-3.5-vision-instruct,pope,Raw-Traj-MeanPool,Diag-Classifier,test,pooled,passed,,0.21344658868082078,0.11636535336548828,0.34146428799067047,0.8727869964838689,0.8237766750030233,0.9144916720548038,0.22359001067478187,0.18604651162790697,0.40915119363395225,1551,1508,43,1545,3900,92,249,0
phi-3.5-vision-instruct,pope,Raw-Traj-MeanPool,Diag-KNN,test,pooled,passed,,0.19827915297792909,0.10695510749223207,0.3109867604046184,0.884538276478934,0.8497813357591507,0.9194208148749929,0.20578538153264841,0.18604651162790697,0.3222811671087533,1551,1508,43,1545,3900,92,249,0
phi-3.5-vision-instruct,pope,Sphere-Traj-MeanPool,Diag-Classifier,test,pooled,passed,,0.18617002499024718,0.102162571639046,0.3021393192121533,0.8538646597989019,0.790012699029847,0.9084045828055803,0.19603339011637036,0.11627906976744186,0.4874005305039788,1551,1508,43,1545,3900,92,249,0
phi-3.5-vision-instruct,pope,Sphere-Traj-MeanPool,Diag-KNN,test,pooled,passed,,0.20549539456710397,0.11092845073832155,0.33037141672851916,0.8893498241934489,0.8569387375150427,0.9219463059885145,0.2155019737323137,0.23255813953488372,0.28580901856763924,1551,1508,43,1545,3900,92,249,0
phi-3.5-vision-instruct,pope,Raw-Traj-LSTM,Diag-Classifier,test,pooled,passed,,0.2947946944944193,0.18679446988456497,0.43404547415722033,0.9417062488433781,0.920080008620984,0.9609804893159944,0.3056556337157691,0.06976744186046512,0.15981432360742706,1551,1508,43,1545,3900,92,249,0
phi-3.5-vision-instruct,pope,Raw-Traj-LSTM,Diag-KNN,test,pooled,passed,,0.039072636225365755,0.02697132509530549,0.052733833023807124,0.6861390413916476,0.6400374046413656,0.7288560402971662,0.04073959935018365,0.0,0.4860742705570292,1551,1508,43,1545,3900,92,249,0
phi-3.5-vision-instruct,pope,Sphere-Traj-LSTM,Diag-Classifier,test,pooled,passed,,0.2415531949219401,0.1513082435157825,0.3831404115353849,0.9318672506322867,0.9111353723656859,0.9504064029314497,0.2570025403877174,0.18604651162790697,0.18501326259946949,1551,1508,43,1545,3900,92,249,0
phi-3.5-vision-instruct,pope,Sphere-Traj-LSTM,Diag-KNN,test,pooled,passed,,0.20803444098775217,0.1188504739608152,0.3224560871749863,0.9133612978841528,0.8904014520952663,0.9334799531687552,0.21514609383688302,0.09302325581395349,0.16976127320954906,1551,1508,43,1545,3900,92,249,0
phi-3.5-vision-instruct,dash-b,Raw-Static,Diag-Classifier,test,pooled,passed,,0.9733924094254544,0.9573895429077806,0.986390592537715,0.9822830920616898,0.9720558223289315,0.99120927486702,0.9734696368488958,0.7628205128205128,0.12915129151291513,427,271,156,334,1290,412,16,0
phi-3.5-vision-instruct,dash-b,Raw-Static,Diag-KNN,test,pooled,passed,,0.4549574275804197,0.38847378775704783,0.5330554611214655,0.6201390860062448,0.5669138115924511,0.672261381724541,0.4581446212736999,0.038461538461538464,0.8597785977859779,427,271,156,334,1290,412,16,0
phi-3.5-vision-instruct,dash-b,Sphere-Static,Diag-Classifier,test,pooled,passed,,0.973728306387009,0.9579828671563394,0.9865372516741819,0.9827561737155833,0.9724485916039418,0.991059792046965,0.9738058580175394,0.7692307692307693,0.11808118081180811,427,271,156,334,1290,412,16,0
phi-3.5-vision-instruct,dash-b,Sphere-Static,Diag-KNN,test,pooled,passed,,0.4846596986106696,0.413145408038603,0.5619460716000544,0.6631895165105497,0.6112649375095994,0.7135175417387764,0.48769728484220953,0.02564102564102564,0.8081180811808119,427,271,156,334,1290,412,16,0
phi-3.5-vision-instruct,dash-b,Raw-Traj-MeanPool,Diag-Classifier,test,pooled,passed,,0.9804298163657954,0.9673879492220582,0.990423452180863,0.9880783423218849,0.9806421513078136,0.9941692292917017,0.9804911760636714,0.8012820512820513,0.06273062730627306,427,271,156,334,1290,412,16,0
phi-3.5-vision-instruct,dash-b,Raw-Traj-MeanPool,Diag-KNN,test,pooled,passed,,0.6649106912714635,0.5873273348978,0.7425284507380973,0.7842038035764972,0.7364602524326618,0.8274147529479434,0.6666084479836171,0.10256410256410256,0.6420664206642066,427,271,156,334,1290,412,16,0
phi-3.5-vision-instruct,dash-b,Sphere-Traj-MeanPool,Diag-Classifier,test,pooled,passed,,0.9789921400683101,0.9639001489657881,0.9902349710531997,0.9872977575929606,0.9793484241808537,0.994134397212607,0.9790603622342064,0.7884615384615384,0.07011070110701106,427,271,156,334,1290,412,16,0
phi-3.5-vision-instruct,dash-b,Sphere-Traj-MeanPool,Diag-KNN,test,pooled,passed,,0.6973946199689952,0.6208024413492184,0.7682644484975187,0.802535717664869,0.7564942188513075,0.8437336160006207,0.6987408231941586,0.16666666666666666,0.5940959409594095,427,271,156,334,1290,412,16,0
phi-3.5-vision-instruct,dash-b,Raw-Traj-LSTM,Diag-Classifier,test,pooled,passed,,0.9773688503927009,0.962221087205468,0.989746620574592,0.9825432869713313,0.9701821205367792,0.992566503609218,0.9774271907772037,0.7756410256410257,0.07380073800738007,427,271,156,334,1290,412,16,0
phi-3.5-vision-instruct,dash-b,Raw-Traj-LSTM,Diag-KNN,test,pooled,passed,,0.9773958848264935,0.9621970799463696,0.9895571447010196,0.9809821175134827,0.9657824003075727,0.992370486770713,0.9774506801851112,0.8076923076923077,0.0959409594095941,427,271,156,334,1290,412,16,0
phi-3.5-vision-instruct,dash-b,Sphere-Traj-LSTM,Diag-Classifier,test,pooled,passed,,0.9728745336457579,0.9563815201134245,0.9862092987991238,0.9810294256788721,0.9686054886020372,0.9910441406388545,0.9729516984843959,0.7628205128205128,0.0996309963099631,427,271,156,334,1290,412,16,0
phi-3.5-vision-instruct,dash-b,Sphere-Traj-LSTM,Diag-KNN,test,pooled,passed,,0.9722571272133562,0.9557320711491483,0.9856032371788631,0.9804380736115054,0.9677015776160982,0.9904550762507565,0.9723356186279849,0.7628205128205128,0.12915129151291513,427,271,156,334,1290,412,16,0
gemma-3-4b-it,repope,Raw-Static,Diag-Classifier,test,pooled,passed,,0.6147472982409795,0.5396145479154504,0.6926390397229356,0.9281807754072035,0.9110447079968437,0.9455931406285846,0.6168089144911444,0.31333333333333335,0.3344803854094976,1603,1453,150,1438,3914,407,37,0
gemma-3-4b-it,repope,Raw-Static,Diag-KNN,test,pooled,passed,,0.5206992805044723,0.4422824836890035,0.6033340886627678,0.9162835512732278,0.8971079657944837,0.9333476492031746,0.5239386104744641,0.14,0.28630419821059877,1603,1453,150,1438,3914,407,37,0
gemma-3-4b-it,repope,Sphere-Static,Diag-Classifier,test,pooled,passed,,0.5986291466945147,0.5209780611216509,0.682252157202503,0.9294746501491168,0.9122746536317855,0.9463493972466146,0.6006785427128538,0.2733333333333333,0.24501032346868548,1603,1453,150,1438,3914,407,37,0
gemma-3-4b-it,repope,Sphere-Static,Diag-KNN,test,pooled,passed,,0.3754832657749276,0.3139515134161766,0.4523840911381373,0.8895847671484285,0.8665088875135664,0.9101573447396583,0.38415951171978824,0.06666666666666667,0.35925671025464556,1603,1453,150,1438,3914,407,37,0
gemma-3-4b-it,repope,Raw-Traj-MeanPool,Diag-Classifier,test,pooled,passed,,0.5792244694345926,0.4995869813582986,0.6709948643052707,0.930286763019041,0.913260251430714,0.9471682274651951,0.5823998617018274,0.26666666666666666,0.18306951135581556,1603,1453,150,1438,3914,407,37,0
gemma-3-4b-it,repope,Raw-Traj-MeanPool,Diag-KNN,test,pooled,passed,,0.37241585290481977,0.31011474327690386,0.4477367257026306,0.895439320945171,0.8750184831221465,0.9139276516008704,0.38098122754853947,0.08,0.3372333103922918,1603,1453,150,1438,3914,407,37,0
gemma-3-4b-it,repope,Sphere-Traj-MeanPool,Diag-Classifier,test,pooled,passed,,0.5653554709143289,0.4846695273511627,0.6519687339958593,0.9310323468685477,0.9163943605674999,0.9452265709848899,0.5677356891273797,0.17333333333333334,0.25602202339986235,1603,1453,150,1438,3914,407,37,0
gemma-3-4b-it,repope,Sphere-Traj-MeanPool,Diag-KNN,test,pooled,passed,,0.3896469768670598,0.32694535506915273,0.4686193220712158,0.9018123422803397,0.8827158326936331,0.9192805039966223,0.39897168503932573,0.08666666666666667,0.29662766689607706,1603,1453,150,1438,3914,407,37,0
gemma-3-4b-it,repope,Raw-Traj-LSTM,Diag-Classifier,test,pooled,passed,,0.6950446385098716,0.6237502390054862,0.7626637162690764,0.9593897682954806,0.949035473591714,0.9693321795226651,0.6970336721371618,0.31333333333333335,0.1307639366827254,1603,1453,150,1438,3914,407,37,0
gemma-3-4b-it,repope,Raw-Traj-LSTM,Diag-KNN,test,pooled,passed,,0.12800572527616688,0.10057784854614753,0.16040376695619676,0.5696811195228264,0.5127565468475892,0.6223495038365637,0.13079981340843377,0.0,0.9463179628355127,1603,1453,150,1438,3914,407,37,0
gemma-3-4b-it,repope,Sphere-Traj-LSTM,Diag-Classifier,test,pooled,passed,,0.6983846091725594,0.6261633709280804,0.7665583182104199,0.9596467079605414,0.9497056016773066,0.969554560255202,0.700110439719203,0.31333333333333335,0.1293874741913283,1603,1453,150,1438,3914,407,37,0
gemma-3-4b-it,repope,Sphere-Traj-LSTM,Diag-KNN,test,pooled,passed,,0.2350697837751907,0.20153879190859214,0.277530565264444,0.8509704060564349,0.832404947865576,0.8702226088775253,0.23921545062886118,0.006666666666666667,0.24707501720578115,1603,1453,150,1438,3914,407,37,0
gemma-3-4b-it,pope,Raw-Static,Diag-Classifier,test,pooled,passed,,0.5694397393688267,0.4847801891802297,0.6392489329488213,0.9201899029290831,0.9035665281176344,0.9363101235797856,0.5712263831510255,0.25161290322580643,0.28843626806833117,1677,1522,155,1538,4134,400,123,0
gemma-3-4b-it,pope,Raw-Static,Diag-KNN,test,pooled,passed,,0.3189071297104687,0.26275081309491344,0.38146855144894254,0.8617989911406893,0.8375457203531905,0.8854146095512039,0.3239056465293632,0.05161290322580645,0.4520367936925099,1677,1522,155,1538,4134,400,123,0
gemma-3-4b-it,pope,Sphere-Static,Diag-Classifier,test,pooled,passed,,0.5708993207462781,0.4885787491432076,0.6419289684951456,0.9215336357085329,0.9050363242871556,0.9370429300695969,0.5726388504613337,0.23870967741935484,0.2726675427069645,1677,1522,155,1538,4134,400,123,0
gemma-3-4b-it,pope,Sphere-Static,Diag-KNN,test,pooled,passed,,0.2733821670733521,0.2218072600015739,0.3328612965515613,0.8338815650036031,0.8076210910417254,0.8585543605889068,0.27792082626445774,0.05161290322580645,0.533508541392904,1677,1522,155,1538,4134,400,123,0
gemma-3-4b-it,pope,Raw-Traj-MeanPool,Diag-Classifier,test,pooled,passed,,0.5854336806682796,0.506608918431449,0.652843522906219,0.9213132126658472,0.9041459520281119,0.938078708145192,0.5870872566604344,0.25806451612903225,0.32063074901445465,1677,1522,155,1538,4134,400,123,0
gemma-3-4b-it,pope,Raw-Traj-MeanPool,Diag-KNN,test,pooled,passed,,0.28857139820328276,0.23389544704327148,0.35090039431505493,0.8516171421304735,0.8291929407692912,0.8730549021429219,0.2938442782317336,0.04516129032258064,0.43101182654402104,1677,1522,155,1538,4134,400,123,0
gemma-3-4b-it,pope,Sphere-Traj-MeanPool,Diag-Classifier,test,pooled,passed,,0.5346308189692295,0.44956336127807034,0.6085320043886685,0.9200796914077403,0.9019549998554359,0.935965115926415,0.5373476021258342,0.25161290322580643,0.25492772667542707,1677,1522,155,1538,4134,400,123,0
gemma-3-4b-it,pope,Sphere-Traj-MeanPool,Diag-KNN,test,pooled,passed,,0.29198229067939674,0.2386479189886306,0.3557150293209965,0.8558899580348438,0.8337393016815579,0.8766914744984856,0.2970508595005154,0.05806451612903226,0.4244415243101183,1677,1522,155,1538,4134,400,123,0
gemma-3-4b-it,pope,Raw-Traj-LSTM,Diag-Classifier,test,pooled,passed,,0.47178760564481753,0.39443076454552756,0.5465345966683504,0.9260395913695901,0.9105552378996975,0.9400130304028467,0.47648822290443116,0.16774193548387098,0.23061760840998685,1677,1522,155,1538,4134,400,123,0
gemma-3-4b-it,pope,Raw-Traj-LSTM,Diag-KNN,test,pooled,passed,,0.17019215499411455,0.13844665547075571,0.20897368064961752,0.6994743758212878,0.650939731694552,0.7464441951382481,0.1727904182341048,0.0,0.9388961892247043,1677,1522,155,1538,4134,400,123,0
gemma-3-4b-it,pope,Sphere-Traj-LSTM,Diag-Classifier,test,pooled,passed,,0.4994072666802955,0.4212636525014818,0.5767387829032323,0.930257301513289,0.9155922451958651,0.9438695923157095,0.5035330087204012,0.11612903225806452,0.19908015768725362,1677,1522,155,1538,4134,400,123,0
gemma-3-4b-it,pope,Sphere-Traj-LSTM,Diag-KNN,test,pooled,passed,,0.28390060537594536,0.23852312589641536,0.33463214562080035,0.8804671272943072,0.8633666653011839,0.8964108165733824,0.288113880742713,0.04516129032258064,0.2325886990801577,1677,1522,155,1538,4134,400,123,0
gemma-3-4b-it,dash-b,Raw-Static,Diag-Classifier,test,pooled,passed,,0.9989229107627404,0.9974166425484945,0.9998168217995268,0.999036951742908,0.9977775505007579,0.9998127586237626,0.9989254998374587,0.9853658536585366,0.008583690987124463,438,233,205,305,1320,537,5,0
gemma-3-4b-it,dash-b,Raw-Static,Diag-KNN,test,pooled,passed,,0.6733664294610945,0.6023808630118067,0.7476614208843978,0.7654140060713912,0.7195434784865452,0.8081265748614341,0.6772090385179458,0.03902439024390244,0.4892703862660944,438,233,205,305,1320,537,5,0
gemma-3-4b-it,dash-b,Sphere-Static,Diag-Classifier,test,pooled,passed,,0.9990287731001929,0.9977661424180055,0.9998233052569879,0.9991206950696115,0.9979494476062939,0.999832856613976,0.9990310785698153,0.9804878048780488,0.0,438,233,205,305,1320,537,5,0
gemma-3-4b-it,dash-b,Sphere-Static,Diag-KNN,test,pooled,passed,,0.7288800140358084,0.6562815409681159,0.7987997030885116,0.8090442792839946,0.7677207011450617,0.8459200528211394,0.7326822266132282,0.014634146341463415,0.45493562231759654,438,233,205,305,1320,537,5,0
gemma-3-4b-it,dash-b,Raw-Traj-MeanPool,Diag-Classifier,test,pooled,passed,,0.9991453994995518,0.9979936182270714,0.99987242754395,0.999246310059667,0.9982504723682597,0.9998747725672754,0.9991474801908938,0.975609756097561,0.004291845493562232,438,233,205,305,1320,537,5,0
gemma-3-4b-it,dash-b,Raw-Traj-MeanPool,Diag-KNN,test,pooled,passed,,0.7543563172169743,0.6832727054006613,0.829506034405848,0.8313828116821941,0.7925521812356054,0.8664923786581268,0.7576880967990467,0.004878048780487805,0.4592274678111588,438,233,205,305,1320,537,5,0
gemma-3-4b-it,dash-b,Sphere-Traj-MeanPool,Diag-Classifier,test,pooled,passed,,0.9988323328803852,0.9974326838809268,0.9997645774876448,0.9989532084162044,0.9977343862852012,0.9997899309296367,0.9988351309397273,0.9707317073170731,0.004291845493562232,438,233,205,305,1320,537,5,0
gemma-3-4b-it,dash-b,Sphere-Traj-MeanPool,Diag-KNN,test,pooled,passed,,0.7602449076207036,0.6872371896166057,0.8317527592906336,0.8330576782162671,0.7925822039521538,0.8679616322539118,0.7627719746694188,0.024390243902439025,0.4592274678111588,438,233,205,305,1320,537,5,0
gemma-3-4b-it,dash-b,Raw-Traj-LSTM,Diag-Classifier,test,pooled,passed,,0.9922375746695865,0.9844377082459628,0.9975521602042,0.9932795980320319,0.9870156997435593,0.9977259778026115,0.9922577148005332,0.8195121951219512,0.02145922746781116,438,233,205,305,1320,537,5,0
gemma-3-4b-it,dash-b,Raw-Traj-LSTM,Diag-KNN,test,pooled,passed,,0.8950228205330204,0.8391888411069309,0.9589485982209335,0.9576468125196274,0.9365148970117005,0.9782204424009109,0.8982373228341696,0.004878048780487805,0.12446351931330472,438,233,205,305,1320,537,5,0
gemma-3-4b-it,dash-b,Sphere-Traj-LSTM,Diag-Classifier,test,pooled,passed,,0.9649203403828326,0.9450685105957992,0.9803220199318348,0.9709410656338324,0.9581391515638149,0.9824146054615237,0.9650195747577329,0.5658536585365853,0.13733905579399142,438,233,205,305,1320,537,5,0
gemma-3-4b-it,dash-b,Sphere-Traj-LSTM,Diag-KNN,test,pooled,passed,,0.8904767867919682,0.8344248102441397,0.9397246903141429,0.9347848843295301,0.9106516376921606,0.957729680154838,0.8913683527128239,0.06829268292682927,0.18454935622317598,438,233,205,305,1320,537,5,0
molmo-7b-d-0924,repope,Raw-Static,Diag-Classifier,test,pooled,passed,,0.3523948061595739,0.2557116201962577,0.47056650046834886,0.9235701811831478,0.8994110983958892,0.9443085460232921,0.3644500507728798,0.20833333333333334,0.3300589390962672,1599,1527,72,1513,3988,202,41,0
molmo-7b-d-0924,repope,Raw-Static,Diag-KNN,test,pooled,passed,,0.04849522908641739,0.03772399316807085,0.06154874044614056,0.5791766717601688,0.5327641794905766,0.6273022613200254,0.050511197287797814,0.0,0.7459070072036673,1599,1527,72,1513,3988,202,41,0
molmo-7b-d-0924,repope,Sphere-Static,Diag-Classifier,test,pooled,passed,,0.3577138305908213,0.25987951969544737,0.480013599356025,0.9185676344320746,0.8921031619890267,0.9416428742356235,0.3691840521163618,0.2222222222222222,0.3601833660772757,1599,1527,72,1513,3988,202,41,0
molmo-7b-d-0924,repope,Sphere-Static,Diag-KNN,test,pooled,passed,,0.06201091108855064,0.047767651963893806,0.08021838705345086,0.6584624899949065,0.613070054566085,0.7048822814227346,0.0653883412068952,0.0,0.6797642436149313,1599,1527,72,1513,3988,202,41,0
molmo-7b-d-0924,repope,Raw-Traj-MeanPool,Diag-Classifier,test,pooled,passed,,0.37869552218329516,0.2796694156962647,0.49598566667354965,0.9289456450556648,0.9076100594320933,0.9502778724530359,0.38929676347249276,0.18055555555555555,0.2639161755075311,1599,1527,72,1513,3988,202,41,0
molmo-7b-d-0924,repope,Raw-Traj-MeanPool,Diag-KNN,test,pooled,passed,,0.112831683694041,0.08129248214046612,0.15967759281387198,0.7618151058720803,0.7187668043183507,0.810616320167601,0.12166681045339203,0.041666666666666664,0.5808775376555337,1599,1527,72,1513,3988,202,41,0
molmo-7b-d-0924,repope,Sphere-Traj-MeanPool,Diag-Classifier,test,pooled,passed,,0.37412699332628385,0.273992912251932,0.5007033267638423,0.9252983336971549,0.9006269494834799,0.9485347109305382,0.38512821038594097,0.25,0.3844138834315652,1599,1527,72,1513,3988,202,41,0
molmo-7b-d-0924,repope,Sphere-Traj-MeanPool,Diag-KNN,test,pooled,passed,,0.1050990965998035,0.07566527808113363,0.14538215048716419,0.7450156443280216,0.697193482241412,0.7972166317756763,0.1107153842978042,0.0,0.6155861165684349,1599,1527,72,1513,3988,202,41,0
molmo-7b-d-0924,repope,Raw-Traj-LSTM,Diag-Classifier,test,pooled,passed,,0.5040249433666727,0.3883431622634226,0.6312728297291395,0.9618714982172742,0.9493189991822328,0.9738401277916557,0.5133087841174966,0.5416666666666666,0.14014407334643092,1599,1527,72,1513,3988,202,41,0
molmo-7b-d-0924,repope,Raw-Traj-LSTM,Diag-KNN,test,pooled,passed,,0.12882322497509827,0.07217637328014972,0.20075003709553718,0.691588445026559,0.6446268060216275,0.7367244568046832,0.13489757984777806,0.08333333333333333,0.5225933202357563,1599,1527,72,1513,3988,202,41,0
molmo-7b-d-0924,repope,Sphere-Traj-LSTM,Diag-Classifier,test,pooled,passed,,0.4824144995562846,0.371287312407261,0.5984174855481774,0.9601797278614568,0.9494840371098218,0.9710430321387068,0.4904559129247296,0.3194444444444444,0.12901113294040603,1599,1527,72,1513,3988,202,41,0
molmo-7b-d-0924,repope,Sphere-Traj-LSTM,Diag-KNN,test,pooled,passed,,0.1384591494597641,0.1073476782051309,0.18063798440016743,0.8617932765771665,0.841166898736231,0.8829519931722261,0.14424587938629108,0.013888888888888888,0.23444662737393582,1599,1527,72,1513,3988,202,41,0
molmo-7b-d-0924,pope,Raw-Static,Diag-Classifier,test,pooled,passed,,0.39697645602347326,0.2933327114187864,0.5003473655169273,0.9137454854472062,0.8873252609696491,0.9376190290853726,0.40188417885186006,0.14942528735632185,0.3205863607393244,1656,1569,87,1624,4221,207,144,0
molmo-7b-d-0924,pope,Raw-Static,Diag-KNN,test,pooled,passed,,0.04528496381537913,0.035619774425359046,0.05519576339225009,0.4810956535753792,0.4416056784350216,0.5211432603093639,0.04612904182370037,0.0,0.7527087316762269,1656,1569,87,1624,4221,207,144,0
molmo-7b-d-0924,pope,Sphere-Static,Diag-Classifier,test,pooled,passed,,0.39806602311699457,0.29466983164250476,0.5048555956918973,0.910947012153579,0.8835567581970206,0.9359119617309781,0.40292632362765757,0.13793103448275862,0.35882727852135116,1656,1569,87,1624,4221,207,144,0
molmo-7b-d-0924,pope,Sphere-Static,Diag-KNN,test,pooled,passed,,0.05331533905442302,0.04200154705416861,0.06530065607932117,0.5621561430884303,0.5241978145205988,0.6006498873846425,0.05446061797575124,0.0,0.6755895474824729,1656,1569,87,1624,4221,207,144,0
molmo-7b-d-0924,pope,Raw-Traj-MeanPool,Diag-Classifier,test,pooled,passed,,0.44579262098982053,0.3458144326242191,0.5468284591832013,0.9139579349904398,0.8850155786358401,0.939809470695262,0.44975684676457645,0.19540229885057472,0.4474187380497132,1656,1569,87,1624,4221,207,144,0
molmo-7b-d-0924,pope,Raw-Traj-MeanPool,Diag-KNN,test,pooled,passed,,0.08437130802946032,0.06470923033590573,0.10571817113117073,0.7097133396335611,0.6719422352860731,0.7493336703136554,0.0863194606691697,0.0,0.6182281708094327,1656,1569,87,1624,4221,207,144,0
molmo-7b-d-0924,pope,Sphere-Traj-MeanPool,Diag-Classifier,test,pooled,passed,,0.43589087579420005,0.33113136474993227,0.5380056981192863,0.9127271928089493,0.8865164826213731,0.9368263568940671,0.43954611301356394,0.16091954022988506,0.3894200127469726,1656,1569,87,1624,4221,207,144,0
molmo-7b-d-0924,pope,Sphere-Traj-MeanPool,Diag-KNN,test,pooled,passed,,0.08005252093760422,0.06080718126495963,0.10303852249650809,0.6879262726826516,0.6477210536290414,0.7276705579768774,0.08231695686508038,0.0,0.5908221797323135,1656,1569,87,1624,4221,207,144,0
molmo-7b-d-0924,pope,Raw-Traj-LSTM,Diag-Classifier,test,pooled,passed,,0.450153467510969,0.35178438098635056,0.5540704483277588,0.9487483791565021,0.9341151392234385,0.9608001397362195,0.45517002856448957,0.1724137931034483,0.18164435946462715,1656,1569,87,1624,4221,207,144,0
molmo-7b-d-0924,pope,Raw-Traj-LSTM,Diag-KNN,test,pooled,passed,,0.17845703061441126,0.12375952276620567,0.23793334058725463,0.8243335311311839,0.7986884363820684,0.8507272756545475,0.18098636689154973,0.04597701149425287,0.38750796685787126,1656,1569,87,1624,4221,207,144,0
molmo-7b-d-0924,pope,Sphere-Traj-LSTM,Diag-Classifier,test,pooled,passed,,0.6630219882765874,0.56337338356621,0.7489739651917766,0.9570485630352448,0.9418627449450279,0.9699728378065838,0.6646353971185306,0.4942528735632184,0.20522625876354367,1656,1569,87,1624,4221,207,144,0
molmo-7b-d-0924,pope,Sphere-Traj-LSTM,Diag-KNN,test,pooled,passed,,0.09697518651113049,0.07468557284796111,0.12224248330636724,0.7645033442488444,0.7350995297966881,0.7923986982206718,0.0999286756060594,0.011494252873563218,0.37858508604206503,1656,1569,87,1624,4221,207,144,0
molmo-7b-d-0924,dash-b,Raw-Static,Diag-Classifier,test,pooled,passed,,0.9455429071036915,0.9145854128116498,0.9689937462643724,0.9666970802919709,0.9505842039604195,0.979653647283893,0.9457367385071085,0.53125,0.1678832116788321,434,274,160,346,1293,409,9,0
molmo-7b-d-0924,dash-b,Raw-Static,Diag-KNN,test,pooled,passed,,0.48458633582539157,0.4113270069612389,0.5663611423761121,0.620301094890511,0.5678928645698552,0.6732039491153444,0.48759822611704573,0.025,0.8357664233576643,434,274,160,346,1293,409,9,0
molmo-7b-d-0924,dash-b,Sphere-Static,Diag-Classifier,test,pooled,passed,,0.9458479266139594,0.9147463730148203,0.9701056746252665,0.9675638686131387,0.951590592167781,0.9802413800969211,0.9460474844827595,0.50625,0.16423357664233576,434,274,160,346,1293,409,9,0
molmo-7b-d-0924,dash-b,Sphere-Static,Diag-KNN,test,pooled,passed,,0.510209303078329,0.43171894786466203,0.5921977055627706,0.6489507299270073,0.5963158588368224,0.7001654779637295,0.5133379656039859,0.03125,0.8211678832116789,434,274,160,346,1293,409,9,0
molmo-7b-d-0924,dash-b,Raw-Traj-MeanPool,Diag-Classifier,test,pooled,passed,,0.9468259646306446,0.9188207449728715,0.969027384185471,0.9651687956204379,0.949018194892112,0.9789930098262092,0.9470023783371089,0.65,0.17153284671532848,434,274,160,346,1293,409,9,0
molmo-7b-d-0924,dash-b,Raw-Traj-MeanPool,Diag-KNN,test,pooled,passed,,0.6941425415257954,0.6139282379539248,0.7704130385802394,0.7969890510948905,0.7532104289344197,0.8380157861249516,0.6961964192504412,0.05,0.7408759124087592,434,274,160,346,1293,409,9,0
molmo-7b-d-0924,dash-b,Sphere-Traj-MeanPool,Diag-Classifier,test,pooled,passed,,0.9509363246114895,0.9238368876534483,0.9714736702760534,0.967198905109489,0.9510696599395021,0.9806215254059487,0.9510930916771096,0.65,0.17153284671532848,434,274,160,346,1293,409,9,0
molmo-7b-d-0924,dash-b,Sphere-Traj-MeanPool,Diag-KNN,test,pooled,passed,,0.6744137061659878,0.5996987456210995,0.7622736280892389,0.811838503649635,0.7703562673393908,0.8523492962367891,0.6793144004559619,0.01875,0.635036496350365,434,274,160,346,1293,409,9,0
molmo-7b-d-0924,dash-b,Raw-Traj-LSTM,Diag-Classifier,test,pooled,passed,,0.9070900148918032,0.8665217045172201,0.9409988834226551,0.9430656934306569,0.9207005566831357,0.9618512670505595,0.9074226461453607,0.3875,0.28832116788321166,434,274,160,346,1293,409,9,0
molmo-7b-d-0924,dash-b,Raw-Traj-LSTM,Diag-KNN,test,pooled,passed,,0.5222101760601134,0.4496743719427124,0.5898712973166637,0.4858804744525547,0.42476581494365645,0.5496495093932983,0.5234495664692249,0.18125,0.9854014598540146,434,274,160,346,1293,409,9,0
molmo-7b-d-0924,dash-b,Sphere-Traj-LSTM,Diag-Classifier,test,pooled,passed,,0.8885747649117414,0.8439684303306819,0.9275715308950582,0.9321624087591242,0.9094354251069559,0.9542128732624979,0.8889904430236018,0.31875,0.2956204379562044,434,274,160,346,1293,409,9,0
molmo-7b-d-0924,dash-b,Sphere-Traj-LSTM,Diag-KNN,test,pooled,passed,,0.42222976640273246,0.36618358119819516,0.49304354752727453,0.6531934306569342,0.602973212103404,0.7031144971959403,0.426624780244365,0.00625,0.572992700729927,434,274,160,346,1293,409,9,0
minicpm-v-4_5,repope,Raw-Static,Diag-Classifier,test,pooled,passed,,0.3919910965736916,0.24082921076992286,0.5526900203398812,0.92377751462803,0.8690028371095416,0.9650357351544895,0.40225441204762447,0.21621621621621623,0.529639175257732,1589,1552,37,1530,3939,104,51,0
minicpm-v-4_5,repope,Raw-Static,Diag-KNN,test,pooled,passed,,0.014332087789582039,0.009860237966878356,0.019149386062888244,0.24256408470325996,0.2021506710792425,0.2893075154672367,0.01513039823150729,0.0,0.9336340206185567,1589,1552,37,1530,3939,104,51,0
minicpm-v-4_5,repope,Sphere-Static,Diag-Classifier,test,pooled,passed,,0.39524970603744713,0.2473065587824787,0.5560995317653368,0.9244044302033994,0.8685219377027162,0.9672272958519735,0.40571657016032653,0.2702702702702703,0.5502577319587629,1589,1552,37,1530,3939,104,51,0
minicpm-v-4_5,repope,Sphere-Static,Diag-KNN,test,pooled,passed,,0.015096581867559508,0.010299687682539044,0.020330285031948857,0.29369253273892454,0.24260912905881368,0.34920320777789665,0.01599950183570175,0.0,0.9097938144329897,1589,1552,37,1530,3939,104,51,0
minicpm-v-4_5,repope,Raw-Traj-MeanPool,Diag-Classifier,test,pooled,passed,,0.4975571529850635,0.33893580916066696,0.6520484490545975,0.8535107272220674,0.7615196776154171,0.932402488183742,0.5005548332236981,0.3783783783783784,0.8865979381443299,1589,1552,37,1530,3939,104,51,0
minicpm-v-4_5,repope,Raw-Traj-MeanPool,Diag-KNN,test,pooled,passed,,0.15156894576697402,0.09420471071530212,0.26336226117767625,0.8896454444134856,0.8395946206044314,0.9303443911880107,0.17542780225243013,0.08108108108108109,0.41881443298969073,1589,1552,37,1530,3939,104,51,0
minicpm-v-4_5,repope,Sphere-Traj-MeanPool,Diag-Classifier,test,pooled,passed,,0.43208051972949013,0.2742746497941299,0.5843216163684813,0.9006512956255224,0.8462528202923925,0.9473611587370403,0.43843852473479256,0.32432432432432434,0.4375,1589,1552,37,1530,3939,104,51,0
minicpm-v-4_5,repope,Sphere-Traj-MeanPool,Diag-KNN,test,pooled,passed,,0.12741720161675024,0.08124133549232264,0.18670620586074338,0.8847346057397605,0.8297215263668106,0.9280516328331863,0.13745631482703258,0.0,0.5141752577319587,1589,1552,37,1530,3939,104,51,0
minicpm-v-4_5,repope,Raw-Traj-LSTM,Diag-Classifier,test,pooled,passed,,0.2544142807379832,0.16814307114004995,0.3538719204086472,0.9665470883254388,0.9565827702483464,0.9756011708256316,0.2706588642871489,0.0,0.06056701030927835,1589,1552,37,1530,3939,104,51,0
minicpm-v-4_5,repope,Raw-Traj-LSTM,Diag-KNN,test,pooled,passed,,0.032920419355034265,0.022824458455452345,0.04411641769125013,0.6724191975480636,0.6475084263520691,0.6980245767388517,0.03465198177314682,0.0,0.389819587628866,1589,1552,37,1530,3939,104,51,0
minicpm-v-4_5,repope,Sphere-Traj-LSTM,Diag-Classifier,test,pooled,passed,,0.398564866242765,0.2450256435050254,0.5552977124677435,0.9709877403176372,0.9605378952221736,0.9803808375205469,0.4100971722957306,0.35135135135135137,0.07667525773195877,1589,1552,37,1530,3939,104,51,0
minicpm-v-4_5,repope,Sphere-Traj-LSTM,Diag-KNN,test,pooled,passed,,0.06367322000431923,0.0437644158860153,0.08642676569624563,0.8403803287823907,0.8162973098662087,0.8620470600854717,0.06719584458112991,0.0,0.27835051546391754,1589,1552,37,1530,3939,104,51,0
minicpm-v-4_5,pope,Raw-Static,Diag-Classifier,test,pooled,passed,,0.3598419459558031,0.23228687671519438,0.5075518768760618,0.962422355211729,0.9471737823911167,0.9766293837264416,0.36906983817229455,0.1794871794871795,0.14484503478810878,1620,1581,39,1587,4101,115,180,0
minicpm-v-4_5,pope,Raw-Static,Diag-KNN,test,pooled,passed,,0.014176961673360224,0.009698837421075274,0.019071709265850074,0.21683776901993224,0.164730902916315,0.27869745690463704,0.014875632629000777,0.0,0.958886780518659,1620,1581,39,1587,4101,115,180,0
minicpm-v-4_5,pope,Sphere-Static,Diag-Classifier,test,pooled,passed,,0.3539273531461397,0.22873566617194951,0.4946341613534082,0.961562788887267,0.9449184655668555,0.9765629662906392,0.3631477959351536,0.1794871794871795,0.16951296647691336,1620,1581,39,1587,4101,115,180,0
minicpm-v-4_5,pope,Sphere-Static,Diag-KNN,test,pooled,passed,,0.014726173091157518,0.010170530183066757,0.019954414686224,0.2521772977180947,0.19327980682650978,0.3199394369552916,0.01555012736595935,0.0,0.958886780518659,1620,1581,39,1587,4101,115,180,0
minicpm-v-4_5,pope,Raw-Traj-MeanPool,Diag-Classifier,test,pooled,passed,,0.5030255650002917,0.3437455337954709,0.6465906008982106,0.946382523232618,0.9075699929162697,0.9766685000013556,0.5087097806025892,0.4358974358974359,0.31499051233396586,1620,1581,39,1587,4101,115,180,0
minicpm-v-4_5,pope,Raw-Traj-MeanPool,Diag-KNN,test,pooled,passed,,0.07849724343285805,0.04704315790188016,0.12432563966130608,0.8276974975267195,0.7753733417833034,0.8739087579460134,0.08597731135567734,0.05128205128205128,0.5294117647058824,1620,1581,39,1587,4101,115,180,0
minicpm-v-4_5,pope,Sphere-Traj-MeanPool,Diag-Classifier,test,pooled,passed,,0.4783040327781061,0.3214822536578515,0.619248686259888,0.955367424058126,0.9300791315384739,0.9776295706859535,0.484569195650185,0.38461538461538464,0.2511068943706515,1620,1581,39,1587,4101,115,180,0
minicpm-v-4_5,pope,Sphere-Traj-MeanPool,Diag-KNN,test,pooled,passed,,0.06902168952714358,0.04261964938163598,0.10725021917664034,0.8080734361569276,0.750192531444145,0.8596515679128269,0.0737963433751983,0.05128205128205128,0.640101201771031,1620,1581,39,1587,4101,115,180,0
minicpm-v-4_5,pope,Raw-Traj-LSTM,Diag-Classifier,test,pooled,passed,,0.41609123883744126,0.27313010130506005,0.5712969626684178,0.9690556123193694,0.9503305548585022,0.9825570061918014,0.42942978590010406,0.4358974358974359,0.16888045540796964,1620,1581,39,1587,4101,115,180,0
minicpm-v-4_5,pope,Raw-Traj-LSTM,Diag-KNN,test,pooled,passed,,0.11177706536339924,0.07492846041122174,0.15491598740852539,0.90955091714105,0.8889869407403488,0.9274460119237338,0.11686362797751462,0.0,0.18912080961416824,1620,1581,39,1587,4101,115,180,0
minicpm-v-4_5,pope,Sphere-Traj-LSTM,Diag-Classifier,test,pooled,passed,,0.3142897643829118,0.19247889933932727,0.44259869118688283,0.96062213140012,0.9457072510362551,0.9731501344469072,0.32542322637858667,0.1794871794871795,0.13725490196078433,1620,1581,39,1587,4101,115,180,0
minicpm-v-4_5,pope,Sphere-Traj-LSTM,Diag-KNN,test,pooled,passed,,0.05617618720192266,0.03756161176187077,0.07590909013819276,0.8159392789373814,0.7883455445505743,0.8427725703663971,0.059219271318103534,0.0,0.2934851359898798,1620,1581,39,1587,4101,115,180,0
minicpm-v-4_5,dash-b,Raw-Static,Diag-Classifier,test,pooled,passed,,0.9774780336825779,0.9609946834935909,0.98947918803124,0.9910714285714286,0.9848776585885808,0.9959742032014797,0.9775692659391277,0.8482142857142857,0.059375,432,320,112,391,1312,317,11,0
minicpm-v-4_5,dash-b,Raw-Static,Diag-KNN,test,pooled,passed,,0.3625006117597229,0.284566626822934,0.4546176365024166,0.5895089285714287,0.5308475226883812,0.6488906459454915,0.3660351988526276,0.05357142857142857,0.85,432,320,112,391,1312,317,11,0
minicpm-v-4_5,dash-b,Sphere-Static,Diag-Classifier,test,pooled,passed,,0.9778621852680707,0.9617723584682588,0.9900717885008159,0.9912109375000001,0.9850079753062266,0.9961060344709932,0.9779522679984154,0.8571428571428571,0.065625,432,320,112,391,1312,317,11,0
minicpm-v-4_5,dash-b,Sphere-Static,Diag-KNN,test,pooled,passed,,0.45908228142150664,0.3681358614274136,0.5615501465473938,0.6532924107142857,0.59384741904132,0.7104915839287419,0.46207135392113424,0.14285714285714285,0.85,432,320,112,391,1312,317,11,0
minicpm-v-4_5,dash-b,Raw-Traj-MeanPool,Diag-Classifier,test,pooled,passed,,0.979510685780628,0.9623449552230925,0.9916071859049594,0.9909598214285715,0.9834516757294062,0.9966899063094714,0.9795878409229007,0.8660714285714286,0.05,432,320,112,391,1312,317,11,0
minicpm-v-4_5,dash-b,Raw-Traj-MeanPool,Diag-KNN,test,pooled,passed,,0.5794479324567606,0.4860381585496359,0.6832599991452304,0.8068917410714286,0.7608792757878401,0.8488113267120589,0.586072408433673,0.13392857142857142,0.603125,432,320,112,391,1312,317,11,0
minicpm-v-4_5,dash-b,Sphere-Traj-MeanPool,Diag-Classifier,test,pooled,passed,,0.9815068583496576,0.965574127248194,0.9928934827786806,0.9918526785714286,0.984445486068165,0.99705907458391,0.9815762177960622,0.9017857142857143,0.040625,432,320,112,391,1312,317,11,0
minicpm-v-4_5,dash-b,Sphere-Traj-MeanPool,Diag-KNN,test,pooled,passed,,0.6519899045491436,0.554179834672576,0.7408222807514716,0.8490234375,0.810041253074672,0.884838467098181,0.6547077031733181,0.15178571428571427,0.540625,432,320,112,391,1312,317,11,0
minicpm-v-4_5,dash-b,Raw-Traj-LSTM,Diag-Classifier,test,pooled,passed,,0.9695245514060321,0.9469694565400426,0.9856760425808421,0.9888113839285714,0.9813036929309364,0.994597575318487,0.9696599401130572,0.7767857142857143,0.05625,432,320,112,391,1312,317,11,0
minicpm-v-4_5,dash-b,Raw-Traj-LSTM,Diag-KNN,test,pooled,passed,,0.9190969424579618,0.8693763318850631,0.96021052713446,0.9746372767857142,0.9614426952019525,0.9857768006128751,0.9196169319617291,0.5357142857142857,0.115625,432,320,112,391,1312,317,11,0
minicpm-v-4_5,dash-b,Sphere-Traj-LSTM,Diag-Classifier,test,pooled,passed,,0.9438167620915661,0.9116076971395893,0.9677974079714079,0.9783482142857143,0.9667874505769387,0.9876978592608964,0.9440582916235589,0.6607142857142857,0.10625,432,320,112,391,1312,317,11,0
minicpm-v-4_5,dash-b,Sphere-Traj-LSTM,Diag-KNN,test,pooled,passed,,0.7205401562623545,0.6292312761087748,0.826196050322794,0.9452008928571428,0.9213197093149298,0.9660521153422585,0.7265056880553756,0.017857142857142856,0.11875,432,320,112,391,1312,317,11,0
llava-v1.5-7b,repope,Raw-Static,Diag-Classifier,test,pooled,passed,,0.43377115344004996,0.34818539088366124,0.5247402856146726,0.9168051563061445,0.8983156651512472,0.9345279801491376,0.43836005720493004,0.08264462809917356,0.2669836956521739,1593,1472,121,1461,3935,302,47,0
llava-v1.5-7b,repope,Raw-Static,Diag-KNN,test,pooled,passed,,0.19904314882593957,0.15559239847066114,0.2532937089613128,0.8124943855551563,0.783366045813781,0.8395064298339809,0.2058267169247706,0.01652892561983471,0.45652173913043476,1593,1472,121,1461,3935,302,47,0
llava-v1.5-7b,repope,Sphere-Static,Diag-Classifier,test,pooled,passed,,0.43652586484278416,0.35008036036374,0.5266869566636193,0.9163054707150557,0.8981229977959254,0.9340488311307714,0.4410871884127755,0.09917355371900827,0.250679347826087,1593,1472,121,1461,3935,302,47,0
llava-v1.5-7b,repope,Sphere-Static,Diag-KNN,test,pooled,passed,,0.19129417842377489,0.1511166686446136,0.24291226868490587,0.8088786830758175,0.7797322382247476,0.8355127639319754,0.19880716451411196,0.03305785123966942,0.49116847826086957,1593,1472,121,1461,3935,302,47,0
llava-v1.5-7b,repope,Raw-Traj-MeanPool,Diag-Classifier,test,pooled,passed,,0.44025167594856873,0.3521500362424149,0.5330017915423808,0.9189161875673733,0.9001788335147102,0.935018048831893,0.4468720157816455,0.14049586776859505,0.266304347826087,1593,1472,121,1461,3935,302,47,0
llava-v1.5-7b,repope,Raw-Traj-MeanPool,Diag-KNN,test,pooled,passed,,0.3162687638956283,0.2446416746256598,0.3955527773895201,0.8749550844412505,0.8515860557804316,0.8964738831216147,0.32255661416008913,0.08264462809917356,0.3498641304347826,1593,1472,121,1461,3935,302,47,0
llava-v1.5-7b,repope,Sphere-Traj-MeanPool,Diag-Classifier,test,pooled,passed,,0.44159477287175586,0.35618672403671175,0.536210096836621,0.9201513654329859,0.8991470832716577,0.9381099763702033,0.4477587873514484,0.1487603305785124,0.2751358695652174,1593,1472,121,1461,3935,302,47,0
llava-v1.5-7b,repope,Sphere-Traj-MeanPool,Diag-KNN,test,pooled,passed,,0.2836132189745641,0.2171634592914485,0.35690156392767164,0.8573257276320518,0.8302120750832933,0.8812769491340305,0.28944303567018786,0.04132231404958678,0.36209239130434784,1593,1472,121,1461,3935,302,47,0
llava-v1.5-7b,repope,Raw-Traj-LSTM,Diag-Classifier,test,pooled,passed,,0.6495776322929576,0.5569389624390225,0.7282844777459605,0.9545791412145168,0.9405611752240306,0.9665842387062014,0.6519587667517138,0.3140495867768595,0.20584239130434784,1593,1472,121,1461,3935,302,47,0
llava-v1.5-7b,repope,Raw-Traj-LSTM,Diag-KNN,test,pooled,passed,,0.11057211178455939,0.08907119845206327,0.13649697727578028,0.6882186489399927,0.6529885615195622,0.7266200915939411,0.1139170508144014,0.008264462809917356,0.610733695652174,1593,1472,121,1461,3935,302,47,0
llava-v1.5-7b,repope,Sphere-Traj-LSTM,Diag-Classifier,test,pooled,passed,,0.5955756881284489,0.5025169478880729,0.6744679924846289,0.9477239040603664,0.9344885358502527,0.9591264724884611,0.5981590439833004,0.2066115702479339,0.15081521739130435,1593,1472,121,1461,3935,302,47,0
llava-v1.5-7b,repope,Sphere-Traj-LSTM,Diag-KNN,test,pooled,passed,,0.11060775010712298,0.09209309441420477,0.13163364684746037,0.706370149119655,0.6815482472359713,0.7312459387747661,0.11312729473445214,0.0,0.453125,1593,1472,121,1461,3935,302,47,0
llava-v1.5-7b,pope,Raw-Static,Diag-Classifier,test,pooled,passed,,0.4423596123007643,0.34543942424588486,0.5464968833118964,0.907387129380054,0.8820419677153833,0.9319363876977786,0.4460552753134337,0.2358490566037736,0.29846938775510207,1674,1568,106,1562,4173,280,126,0
llava-v1.5-7b,pope,Raw-Static,Diag-KNN,test,pooled,passed,,0.13084493646141823,0.10501042453140462,0.16816559871889272,0.7603063631112823,0.7240689878076051,0.7957275485745859,0.13543462571050885,0.009433962264150943,0.6058673469387755,1674,1568,106,1562,4173,280,126,0
llava-v1.5-7b,pope,Sphere-Static,Diag-Classifier,test,pooled,passed,,0.4489161604335719,0.3536432858860054,0.5529340755150521,0.909607239122064,0.8843307786118757,0.9336492938994899,0.4525246363157881,0.2358490566037736,0.2940051020408163,1674,1568,106,1562,4173,280,126,0
llava-v1.5-7b,pope,Sphere-Static,Diag-KNN,test,pooled,passed,,0.1251641401402704,0.10083719430699378,0.1572372840812213,0.7577673758182518,0.7231392191059903,0.7924274939932993,0.12865880330707477,0.009433962264150943,0.6045918367346939,1674,1568,106,1562,4173,280,126,0
llava-v1.5-7b,pope,Raw-Traj-MeanPool,Diag-Classifier,test,pooled,passed,,0.4495618204036542,0.3500022366071843,0.5482130898491515,0.9083076626877167,0.8845965519505549,0.931402923245415,0.45311171673137485,0.22641509433962265,0.2971938775510204,1674,1568,106,1562,4173,280,126,0
llava-v1.5-7b,pope,Raw-Traj-MeanPool,Diag-KNN,test,pooled,passed,,0.235342092438238,0.17846476037527353,0.30871643126227916,0.838882604928764,0.8113960544031185,0.8680559685122747,0.23933098609851067,0.05660377358490566,0.4375,1674,1568,106,1562,4173,280,126,0
llava-v1.5-7b,pope,Sphere-Traj-MeanPool,Diag-Classifier,test,pooled,passed,,0.4390694807819516,0.3492078579874134,0.536289283681292,0.9101366961879092,0.8882374800860213,0.9320542932386086,0.44230425535245255,0.19811320754716982,0.274234693877551,1674,1568,106,1562,4173,280,126,0
llava-v1.5-7b,pope,Sphere-Traj-MeanPool,Diag-KNN,test,pooled,passed,,0.242496239188297,0.18451657106799327,0.31988634844462976,0.8280467847516365,0.7979547235361218,0.8615012190646105,0.24618821117233158,0.07547169811320754,0.48278061224489793,1674,1568,106,1562,4173,280,126,0
llava-v1.5-7b,pope,Raw-Traj-LSTM,Diag-Classifier,test,pooled,passed,,0.6206224498672577,0.5316455311599939,0.7116595056980171,0.9591656237966885,0.9482205337226918,0.9698161068758686,0.6239509460398955,0.36792452830188677,0.14604591836734693,1674,1568,106,1562,4173,280,126,0
llava-v1.5-7b,pope,Raw-Traj-LSTM,Diag-KNN,test,pooled,passed,,0.06601028652237002,0.053340660663148805,0.08085964187793754,0.5730349922988063,0.5346031743590081,0.6122968411315871,0.06755160391128376,0.0,0.6256377551020408,1674,1568,106,1562,4173,280,126,0
llava-v1.5-7b,pope,Sphere-Traj-LSTM,Diag-Classifier,test,pooled,passed,,0.5913771382160142,0.5024711466073964,0.6880279532293561,0.9576735175202157,0.9463611719809647,0.9687181885973981,0.5948943210685682,0.36792452830188677,0.1524234693877551,1674,1568,106,1562,4173,280,126,0
llava-v1.5-7b,pope,Sphere-Traj-LSTM,Diag-KNN,test,pooled,passed,,0.11936439029188958,0.09816722069518748,0.14424227413556534,0.7797157778205622,0.7565312252809393,0.8037861960367967,0.12169314102549528,0.009433962264150943,0.33290816326530615,1674,1568,106,1562,4173,280,126,0
llava-v1.5-7b,dash-b,Raw-Static,Diag-Classifier,test,pooled,passed,,0.9864330080434017,0.9791766791905395,0.9923189064474265,0.9823603614781726,0.9741077014999081,0.990129390992008,0.9864597189316932,0.7695473251028807,0.11557788944723618,442,199,243,281,1327,619,1,0
llava-v1.5-7b,dash-b,Raw-Static,Diag-KNN,test,pooled,passed,,0.759981076886941,0.6938920497562235,0.8183845002460947,0.7787703951858056,0.729575732708182,0.822862773920583,0.7611909172149907,0.0411522633744856,0.5527638190954773,442,199,243,281,1327,619,1,0
llava-v1.5-7b,dash-b,Sphere-Static,Diag-Classifier,test,pooled,passed,,0.9865975837257421,0.9794919417112509,0.9924962828198677,0.9825257977128441,0.9741290118085101,0.9902714884238883,0.9866239137583632,0.7695473251028807,0.1306532663316583,442,199,243,281,1327,619,1,0
llava-v1.5-7b,dash-b,Sphere-Static,Diag-KNN,test,pooled,passed,,0.773418420635585,0.7068063138245108,0.831360713149241,0.7907438426701409,0.7414759375945313,0.8333062238205594,0.7746159647170667,0.037037037037037035,0.5778894472361809,442,199,243,281,1327,619,1,0
llava-v1.5-7b,dash-b,Raw-Traj-MeanPool,Diag-Classifier,test,pooled,passed,,0.9863541909583953,0.9789640310544871,0.9928757995005874,0.9826291953595137,0.9738514246866694,0.990663919704707,0.9863818912158363,0.7119341563786008,0.06532663316582915,442,199,243,281,1327,619,1,0
llava-v1.5-7b,dash-b,Raw-Traj-MeanPool,Diag-KNN,test,pooled,passed,,0.8528988974688005,0.8018168074388973,0.893973871084112,0.8441590669396364,0.8025721191746119,0.878178112224043,0.8534233518752993,0.12757201646090535,0.5125628140703518,442,199,243,281,1327,619,1,0
llava-v1.5-7b,dash-b,Sphere-Traj-MeanPool,Diag-Classifier,test,pooled,passed,,0.9858694970741888,0.9782662244885687,0.9925871108528187,0.9815331803048163,0.9719684638018619,0.9902831777680472,0.9858974767810321,0.720164609053498,0.11557788944723618,442,199,243,281,1327,619,1,0
llava-v1.5-7b,dash-b,Sphere-Traj-MeanPool,Diag-KNN,test,pooled,passed,,0.8580535386873132,0.8083102749793999,0.8983238666731646,0.8484397295117563,0.8091001082120997,0.8819328067320406,0.8585284164152037,0.09465020576131687,0.47738693467336685,442,199,243,281,1327,619,1,0
llava-v1.5-7b,dash-b,Raw-Traj-LSTM,Diag-Classifier,test,pooled,passed,,0.9607946177957144,0.9406139953286567,0.9777554895663938,0.9517753375933163,0.9313571401981181,0.9702794660330886,0.9608917889491085,0.411522633744856,0.23115577889447236,442,199,243,281,1327,619,1,0
llava-v1.5-7b,dash-b,Raw-Traj-LSTM,Diag-KNN,test,pooled,passed,,0.46854810921925694,0.42338221592898834,0.5249428372392136,0.4314783795520814,0.374985048169292,0.4876697053228049,0.4712200969317176,0.0,0.7386934673366834,442,199,243,281,1327,619,1,0
llava-v1.5-7b,dash-b,Sphere-Traj-LSTM,Diag-Classifier,test,pooled,passed,,0.8282888385240594,0.769682526946702,0.8830181924405768,0.8561118348946378,0.8150590588203912,0.8924668920365973,0.8291932666375428,0.04938271604938271,0.4120603015075377,442,199,243,281,1327,619,1,0
llava-v1.5-7b,dash-b,Sphere-Traj-LSTM,Diag-KNN,test,pooled,passed,,0.5094530187798716,0.4612376365852961,0.568151436496936,0.5223855905039602,0.4581989302589086,0.5856323213444801,0.5117270257491761,0.00411522633744856,0.6633165829145728,442,199,243,281,1327,619,1,0
qwen2.5-vl-7b,repope,Raw-Static,Diag-Classifier,test,pooled,passed,,0.16147008363555695,0.04140053520251579,0.3164616350990071,0.8370230805463967,0.746154613099768,0.9124261442546665,0.1682672666922826,0.13636363636363635,0.5680051813471503,1566,1544,22,1531,3895,101,74,0
qwen2.5-vl-7b,repope,Raw-Static,Diag-KNN,test,pooled,passed,,0.010497895023350988,0.00615435113619749,0.01615084477266916,0.3972562411681583,0.3053927573073757,0.494628343875979,0.011596968112382254,0.0,0.8575129533678757,1566,1544,22,1531,3895,101,74,0
qwen2.5-vl-7b,repope,Sphere-Static,Diag-Classifier,test,pooled,passed,,0.16185342933957275,0.042424450215831945,0.31659032606751586,0.8279557230334433,0.7233073019985526,0.9096606437603847,0.1686828796623612,0.13636363636363635,0.6062176165803109,1566,1544,22,1531,3895,101,74,0
qwen2.5-vl-7b,repope,Sphere-Static,Diag-KNN,test,pooled,passed,,0.014373897399900333,0.008144458618133078,0.024940480218926548,0.5378002826189354,0.44211101398601405,0.6315481375138382,0.016303210097234865,0.0,0.866580310880829,1566,1544,22,1531,3895,101,74,0
qwen2.5-vl-7b,repope,Raw-Traj-MeanPool,Diag-Classifier,test,pooled,passed,,0.15641754682811965,0.03770867953254934,0.3138564153235494,0.7932171455487518,0.670216162795604,0.9002218251058978,0.1622163486356937,0.13636363636363635,0.7726683937823834,1566,1544,22,1531,3895,101,74,0
qwen2.5-vl-7b,repope,Raw-Traj-MeanPool,Diag-KNN,test,pooled,passed,,0.047136197175543855,0.02412994707777915,0.09351435119631933,0.8113813000471031,0.7245873557099991,0.886159022822382,0.05455889394627636,0.045454545454545456,0.6308290155440415,1566,1544,22,1531,3895,101,74,0
qwen2.5-vl-7b,repope,Sphere-Traj-MeanPool,Diag-Classifier,test,pooled,passed,,0.1470358201917141,0.03281036677277006,0.3076446932150281,0.8377001884126236,0.7663169682775066,0.9024566061713264,0.1519942394882669,0.13636363636363635,0.4229274611398964,1566,1544,22,1531,3895,101,74,0
qwen2.5-vl-7b,repope,Sphere-Traj-MeanPool,Diag-KNN,test,pooled,passed,,0.0418771258689515,0.021813868718197023,0.0716411510004105,0.7884773904851625,0.685525564375509,0.8722286992658489,0.04697032594383867,0.0,0.727979274611399,1566,1544,22,1531,3895,101,74,0
qwen2.5-vl-7b,repope,Raw-Traj-LSTM,Diag-Classifier,test,pooled,passed,,0.24399424496133051,0.09519828720611304,0.4229810371999298,0.9484514837494112,0.9249851383484653,0.9695070888083651,0.2560774710312126,0.18181818181818182,0.16191709844559585,1566,1544,22,1531,3895,101,74,0
qwen2.5-vl-7b,repope,Raw-Traj-LSTM,Diag-KNN,test,pooled,passed,,0.16115627072766045,0.04850023227773222,0.31141648721321374,0.9129474799811588,0.8838251866714617,0.9390023206438772,0.16741524573184824,0.09090909090909091,0.18588082901554404,1566,1544,22,1531,3895,101,74,0
qwen2.5-vl-7b,repope,Sphere-Traj-LSTM,Diag-Classifier,test,pooled,passed,,0.18272681820532158,0.09290677651073667,0.3111275703640027,0.9545160150730099,0.9341405805649992,0.9725562850460706,0.2074685407744218,0.22727272727272727,0.11528497409326424,1566,1544,22,1531,3895,101,74,0
qwen2.5-vl-7b,repope,Sphere-Traj-LSTM,Diag-KNN,test,pooled,passed,,0.1316553181924224,0.04503387569706006,0.27918949772669016,0.9135657089024964,0.8884189464712721,0.9382369966615778,0.14142877338019277,0.09090909090909091,0.14183937823834197,1566,1544,22,1531,3895,101,74,0
qwen2.5-vl-7b,pope,Raw-Static,Diag-Classifier,test,pooled,passed,,0.143126549104104,0.05262104489198953,0.28559486537023215,0.8891933418693982,0.8405266388781388,0.934304705556301,0.15379686190057254,0.12,0.3553137003841229,1587,1562,25,1588,4056,79,213,0
qwen2.5-vl-7b,pope,Raw-Static,Diag-KNN,test,pooled,passed,,0.01083972854511759,0.006970896829171999,0.015753225309160634,0.34386683738796414,0.2636814709969692,0.4302147390674078,0.011699321265985854,0.0,0.9449423815620999,1587,1562,25,1588,4056,79,213,0
qwen2.5-vl-7b,pope,Sphere-Static,Diag-Classifier,test,pooled,passed,,0.13958750597950867,0.05120574905816,0.26970587818282055,0.8837131882202306,0.8284914634055677,0.9352122554983013,0.15013883076905166,0.12,0.4564660691421255,1587,1562,25,1588,4056,79,213,0
qwen2.5-vl-7b,pope,Sphere-Static,Diag-KNN,test,pooled,passed,,0.014973731593330899,0.009459193899284962,0.022804925082536915,0.5118309859154929,0.43969682185712455,0.5789115112979009,0.01645120606778508,0.0,0.8341869398207427,1587,1562,25,1588,4056,79,213,0
qwen2.5-vl-7b,pope,Raw-Traj-MeanPool,Diag-Classifier,test,pooled,passed,,0.07435846157846983,0.031213938267849517,0.1792170556419043,0.7814084507042254,0.6627435049003292,0.878030285897698,0.08715749146559362,0.08,0.7138284250960307,1587,1562,25,1588,4056,79,213,0
qwen2.5-vl-7b,pope,Raw-Traj-MeanPool,Diag-KNN,test,pooled,passed,,0.05752913648823602,0.03237224324814898,0.10053059448538282,0.8345454545454545,0.7604368457740612,0.8985652853326122,0.06489562551146355,0.04,0.529449423815621,1587,1562,25,1588,4056,79,213,0
qwen2.5-vl-7b,pope,Sphere-Traj-MeanPool,Diag-Classifier,test,pooled,passed,,0.05386854880559325,0.026270424188125804,0.09969308979332286,0.7666581306017926,0.6500655338720089,0.8583365112523526,0.06062322849572793,0.04,0.7816901408450704,1587,1562,25,1588,4056,79,213,0
qwen2.5-vl-7b,pope,Sphere-Traj-MeanPool,Diag-KNN,test,pooled,passed,,0.04582489687374448,0.026240052390898327,0.07734591217669474,0.800640204865557,0.7207049069915571,0.8702960267220358,0.05069048346160909,0.0,0.6370038412291933,1587,1562,25,1588,4056,79,213,0
qwen2.5-vl-7b,pope,Raw-Traj-LSTM,Diag-Classifier,test,pooled,passed,,0.19251477266738565,0.09612882065953302,0.35509416130314786,0.9359539052496799,0.9005985402663438,0.9669345387142811,0.2218895425629637,0.2,0.24583866837387963,1587,1562,25,1588,4056,79,213,0
qwen2.5-vl-7b,pope,Raw-Traj-LSTM,Diag-KNN,test,pooled,passed,,0.011218059736101373,0.006931322355019977,0.016658798994443776,0.36104993597951346,0.26216503693841375,0.46787659878818527,0.012295216267536827,0.0,0.8975672215108835,1587,1562,25,1588,4056,79,213,0
qwen2.5-vl-7b,pope,Sphere-Traj-LSTM,Diag-Classifier,test,pooled,passed,,0.1735639891783396,0.09063157406371522,0.296679830225455,0.9339052496798976,0.8972363543659635,0.9645070586165848,0.1924312650190323,0.28,0.25160051216389245,1587,1562,25,1588,4056,79,213,0
qwen2.5-vl-7b,pope,Sphere-Traj-LSTM,Diag-KNN,test,pooled,passed,,0.0307339489959136,0.019525345994144207,0.04427308256483467,0.7748783610755442,0.7365011705429937,0.8099658727853616,0.03309631455354585,0.0,0.3399487836107554,1587,1562,25,1588,4056,79,213,0
qwen2.5-vl-7b,dash-b,Raw-Static,Diag-Classifier,test,pooled,passed,,0.9651920740644124,0.9426610531465368,0.9833438173684689,0.9857018934521851,0.9754139323993911,0.9939041908994861,0.9653308593131176,0.801980198019802,0.08761329305135952,432,331,101,384,1293,318,11,0
qwen2.5-vl-7b,dash-b,Raw-Static,Diag-KNN,test,pooled,passed,,0.28201459438207316,0.22072112034892336,0.359325761156046,0.5959737967754479,0.5313142320260684,0.6589241190801104,0.2873266209020533,0.0,0.918429003021148,432,331,101,384,1293,318,11,0
qwen2.5-vl-7b,dash-b,Sphere-Static,Diag-Classifier,test,pooled,passed,,0.9642342167659746,0.9412514760427361,0.9828187899781349,0.9854925069546229,0.9754127008221906,0.9937707033072668,0.964378866425245,0.7920792079207921,0.0755287009063444,432,331,101,384,1293,318,11,0
qwen2.5-vl-7b,dash-b,Sphere-Static,Diag-KNN,test,pooled,passed,,0.3456232507790741,0.2758102831274764,0.441732530734603,0.686548413149472,0.6254697614424589,0.7406347361153376,0.3525157549761916,0.019801980198019802,0.7401812688821753,432,331,101,384,1293,318,11,0
qwen2.5-vl-7b,dash-b,Raw-Traj-MeanPool,Diag-Classifier,test,pooled,passed,,0.9747620996203097,0.9552964763673053,0.9891551780619312,0.9911758547455954,0.9839511838148912,0.9963586266173875,0.9748766082202879,0.7722772277227723,0.04833836858006042,432,331,101,384,1293,318,11,0
qwen2.5-vl-7b,dash-b,Raw-Traj-MeanPool,Diag-KNN,test,pooled,passed,,0.550244274423686,0.4444626120138312,0.650349372839078,0.8291107056324968,0.7852140597672059,0.8664355216069047,0.5539363121170285,0.07920792079207921,0.4652567975830816,432,331,101,384,1293,318,11,0
qwen2.5-vl-7b,dash-b,Sphere-Traj-MeanPool,Diag-Classifier,test,pooled,passed,,0.973539699818768,0.9516632343837356,0.9899556529957029,0.9917741018814872,0.985657676362088,0.9967207584420347,0.9736745841846,0.7821782178217822,0.03323262839879154,432,331,101,384,1293,318,11,0
qwen2.5-vl-7b,dash-b,Sphere-Traj-MeanPool,Diag-KNN,test,pooled,passed,,0.5261638884659943,0.42827648555955605,0.6299124371379237,0.8225299871376865,0.7802609963724959,0.8605901087340372,0.5307880844915501,0.0594059405940594,0.5287009063444109,432,331,101,384,1293,318,11,0
qwen2.5-vl-7b,dash-b,Raw-Traj-LSTM,Diag-Classifier,test,pooled,passed,,0.9703569892936044,0.9504505463598493,0.9869608638112042,0.9894110256947144,0.9822966286887855,0.9955136752880551,0.9704895573215333,0.8217821782178217,0.0513595166163142,432,331,101,384,1293,318,11,0
qwen2.5-vl-7b,dash-b,Raw-Traj-LSTM,Diag-KNN,test,pooled,passed,,0.9584863726472064,0.9302732436808293,0.9790869718301185,0.9859112799497471,0.9772425812133011,0.9931387637947923,0.9586804481770113,0.7128712871287128,0.054380664652567974,432,331,101,384,1293,318,11,0
qwen2.5-vl-7b,dash-b,Sphere-Traj-LSTM,Diag-Classifier,test,pooled,passed,,0.954818479503317,0.9275116998263142,0.9767290668666523,0.9843558373964285,0.9750982334302486,0.9924782081028422,0.9550301712534501,0.7128712871287128,0.09365558912386707,432,331,101,384,1293,318,11,0
qwen2.5-vl-7b,dash-b,Sphere-Traj-LSTM,Diag-KNN,test,pooled,passed,,0.9567825142066928,0.9298776403667461,0.978340355034984,0.9851335586730878,0.9764671075530804,0.9927028805599593,0.9569858875492714,0.7029702970297029,0.07854984894259819,432,331,101,384,1293,318,11,0
