model_alias,model_name,dataset_family,encoder_family,objective,method,readout,support_family,method_role,eval_split,metric_split,eval_scope,negative_budget_ratio,negative_budget_seed,selected_k,selected_K,selected_rho,selected_C,metric_status,failure_reason,pr_auc,pr_auc_ci_low,pr_auc_ci_high,roc_auc,roc_auc_ci_low,roc_auc_ci_high,average_precision,tpr_at_1pct_fpr,fpr_at_95pct_tpr,num_test,num_test_correct,num_test_hard_hallucination,num_bank_correct,training_dataset_family,num_encoder_train_correct,num_encoder_train_hard_hallucination_available,num_encoder_train_hard_hallucination_used,num_encoder_train,num_encoder_train_hard_hallucination,num_excluded_false_negative,num_excluded_parsed_none
llava-onevision-qwen2-7b-ov-hf,llava-onevision-qwen2-7b-ov-hf,repope,Sphere-Traj-LSTM,proxy_anchor,single_vmf,StageC-single_vmf,single_vmf,support_estimator,test,test,pooled,0.5,20260506,,,,,passed,,0.5148725911096345,0.384692054632682,0.6435318231470075,0.9616741500962156,0.9485025191449552,0.9740012853169031,0.5219204729884471,0.36538461538461536,0.12957023733162285,1611,1559,52,1545,repope,3833,138,69,3902,69,29,0
llava-onevision-qwen2-7b-ov-hf,llava-onevision-qwen2-7b-ov-hf,repope,Sphere-Traj-LSTM,proxy_anchor,mixture_vmf,StageC-mixture_vmf,mixture_vmf,support_estimator,test,test,pooled,0.5,20260506,,2,,,passed,,0.42924197183482676,0.3045837864345298,0.5524876962024091,0.9596634923767702,0.9467371152860026,0.9720137236118437,0.4382182581906329,0.15384615384615385,0.1276459268762027,1611,1559,52,1545,repope,3833,138,69,3902,69,29,0
llava-onevision-qwen2-7b-ov-hf,llava-onevision-qwen2-7b-ov-hf,repope,Sphere-Traj-LSTM,proxy_anchor,knn,StageC-knn,knn,support_estimator,test,test,pooled,0.5,20260506,16,,,,passed,,0.4889212027370718,0.36099352462528184,0.6186789137688311,0.9527557112547491,0.9385125772655474,0.9663052440577281,0.4954777070114367,0.36538461538461536,0.12636305323925592,1611,1559,52,1545,repope,3833,138,69,3902,69,29,0
llava-onevision-qwen2-7b-ov-hf,llava-onevision-qwen2-7b-ov-hf,repope,Sphere-Traj-LSTM,proxy_anchor,radius_ball,StageC-radius_ball,radius_ball,support_estimator,test,test,pooled,0.5,20260506,,,0.009274823873345717,,passed,,0.5102724353023766,0.4522841759339785,0.5625248005309396,0.9063872304731831,0.8917973914519697,0.9200511617450833,0.151035187631495,0.0,0.1725465041693393,1611,1559,52,1545,repope,3833,138,69,3902,69,29,0
llava-onevision-qwen2-7b-ov-hf,llava-onevision-qwen2-7b-ov-hf,repope,Sphere-Traj-LSTM,proxy_anchor,logistic,StageC-logistic,supervised_comparator,supervised_comparator,test,test,pooled,0.5,20260506,,,,0.1,passed,,0.4640213048650055,0.32759865356100504,0.5996565387531615,0.8556767158434895,0.7922198734586026,0.917019767519454,0.4706078382303231,0.36538461538461536,0.6286080821039127,1611,1559,52,1545,repope,3833,138,69,3902,69,29,0
llava-onevision-qwen2-7b-ov-hf,llava-onevision-qwen2-7b-ov-hf,pope,Sphere-Traj-LSTM,proxy_anchor,single_vmf,StageC-single_vmf,single_vmf,support_estimator,test,test,pooled,0.5,20260506,,,,,passed,,0.20593504375563712,0.12885453311832887,0.30461298231359607,0.8666790823274708,0.8129329563961023,0.9151305222558982,0.21385086358589925,0.11320754716981132,0.7495373226403454,1674,1621,53,1653,repope,3833,138,69,3902,69,126,0
llava-onevision-qwen2-7b-ov-hf,llava-onevision-qwen2-7b-ov-hf,pope,Sphere-Traj-LSTM,proxy_anchor,mixture_vmf,StageC-mixture_vmf,mixture_vmf,support_estimator,test,test,pooled,0.5,20260506,,2,,,passed,,0.05472774179406242,0.030280309313101394,0.08857327122171457,0.44062016225716716,0.32503206168783255,0.5575115146123142,0.058695893470968305,0.018867924528301886,0.9981492905613819,1674,1621,53,1653,repope,3833,138,69,3902,69,126,0
llava-onevision-qwen2-7b-ov-hf,llava-onevision-qwen2-7b-ov-hf,pope,Sphere-Traj-LSTM,proxy_anchor,knn,StageC-knn,knn,support_estimator,test,test,pooled,0.5,20260506,16,,,,passed,,0.19857259569639735,0.12663157395262428,0.2962836477157249,0.9046826440701639,0.8834499049223054,0.9256701951216229,0.20611370092395898,0.11320754716981132,0.25848241826033314,1674,1621,53,1653,repope,3833,138,69,3902,69,126,0
llava-onevision-qwen2-7b-ov-hf,llava-onevision-qwen2-7b-ov-hf,pope,Sphere-Traj-LSTM,proxy_anchor,radius_ball,StageC-radius_ball,radius_ball,support_estimator,test,test,pooled,0.5,20260506,,,0.009274823873345717,,passed,,0.5056829650868034,0.4573768586730113,0.5502773222455691,0.8868157321941964,0.8720506712630995,0.9020014354480413,0.12681035482612976,0.0,0.20851326341764342,1674,1621,53,1653,repope,3833,138,69,3902,69,126,0
llava-onevision-qwen2-7b-ov-hf,llava-onevision-qwen2-7b-ov-hf,pope,Sphere-Traj-LSTM,proxy_anchor,logistic,StageC-logistic,supervised_comparator,supervised_comparator,test,test,pooled,0.5,20260506,,,,0.1,passed,,0.18653901571342663,0.11236106812928782,0.281408623459959,0.7903576874279794,0.7076941520874869,0.8622489660357306,0.17777378146275336,0.11320754716981132,0.9814929056138186,1674,1621,53,1653,repope,3833,138,69,3902,69,126,0
llava-onevision-qwen2-7b-ov-hf,llava-onevision-qwen2-7b-ov-hf,dash-b,Sphere-Traj-LSTM,proxy_anchor,single_vmf,StageC-single_vmf,single_vmf,support_estimator,test,test,pooled,0.5,20260506,,,,,passed,,0.660863140566128,0.5912467006239052,0.7209968326670053,0.646587714066627,0.5914783910997004,0.6984996781665992,0.6621088659152456,0.08247422680412371,0.9380165289256198,436,242,194,326,repope,3833,138,69,3902,69,7,0
llava-onevision-qwen2-7b-ov-hf,llava-onevision-qwen2-7b-ov-hf,dash-b,Sphere-Traj-LSTM,proxy_anchor,mixture_vmf,StageC-mixture_vmf,mixture_vmf,support_estimator,test,test,pooled,0.5,20260506,,2,,,passed,,0.29711975613574193,0.26224285080103077,0.33527044365051945,0.20105222799693276,0.16282177555652688,0.23983809291999159,0.29876756100565527,0.0,0.9958677685950413,436,242,194,326,repope,3833,138,69,3902,69,7,0
llava-onevision-qwen2-7b-ov-hf,llava-onevision-qwen2-7b-ov-hf,dash-b,Sphere-Traj-LSTM,proxy_anchor,knn,StageC-knn,knn,support_estimator,test,test,pooled,0.5,20260506,16,,,,passed,,0.6953524662042776,0.6294738809176671,0.7551620406739895,0.7262290193405471,0.6823376980815747,0.7705117199904732,0.6965998971926582,0.08247422680412371,0.8347107438016529,436,242,194,326,repope,3833,138,69,3902,69,7,0
llava-onevision-qwen2-7b-ov-hf,llava-onevision-qwen2-7b-ov-hf,dash-b,Sphere-Traj-LSTM,proxy_anchor,radius_ball,StageC-radius_ball,radius_ball,support_estimator,test,test,pooled,0.5,20260506,,,0.009274823873345717,,passed,,0.7449187323089532,0.7047283924946576,0.7824182219776856,0.6962490414927153,0.6510760574032893,0.7373106078764099,0.5754557895690224,0.0,0.7603305785123967,436,242,194,326,repope,3833,138,69,3902,69,7,0
llava-onevision-qwen2-7b-ov-hf,llava-onevision-qwen2-7b-ov-hf,dash-b,Sphere-Traj-LSTM,proxy_anchor,logistic,StageC-logistic,supervised_comparator,supervised_comparator,test,test,pooled,0.5,20260506,,,,0.1,passed,,0.736648898671284,0.6725053394415162,0.7943724771140082,0.7879568884723525,0.7466672520447393,0.8277931251962054,0.7354402322761806,0.08247422680412371,0.7644628099173554,436,242,194,326,repope,3833,138,69,3902,69,7,0
llava-onevision-qwen2-7b-ov-hf,llava-onevision-qwen2-7b-ov-hf,repope,Sphere-Traj-LSTM,proxy_anchor,single_vmf,StageC-single_vmf,single_vmf,support_estimator,test,test,pooled,0.5,20260507,,,,,passed,,0.39930513660985417,0.2709975096263233,0.5330870290707365,0.9614644495978685,0.94938208097165,0.972055747865963,0.41362668641020434,0.21153846153846154,0.12123155869146889,1611,1559,52,1545,repope,3833,138,69,3902,69,29,0
llava-onevision-qwen2-7b-ov-hf,llava-onevision-qwen2-7b-ov-hf,repope,Sphere-Traj-LSTM,proxy_anchor,mixture_vmf,StageC-mixture_vmf,mixture_vmf,support_estimator,test,test,pooled,0.5,20260507,,2,,,passed,,0.016655315490510237,0.012088254381398664,0.021037647655061387,0.03833818522721666,0.027710218081039194,0.05019810149624076,0.01730424476447184,0.0,1.0,1611,1559,52,1545,repope,3833,138,69,3902,69,29,0
llava-onevision-qwen2-7b-ov-hf,llava-onevision-qwen2-7b-ov-hf,repope,Sphere-Traj-LSTM,proxy_anchor,knn,StageC-knn,knn,support_estimator,test,test,pooled,0.5,20260507,32,,,,passed,,0.40882967898384426,0.27554590149727676,0.5396634753397296,0.958010559036858,0.9449259937278978,0.9707962668907563,0.4216551168890805,0.21153846153846154,0.14239897370109045,1611,1559,52,1545,repope,3833,138,69,3902,69,29,0
llava-onevision-qwen2-7b-ov-hf,llava-onevision-qwen2-7b-ov-hf,repope,Sphere-Traj-LSTM,proxy_anchor,radius_ball,StageC-radius_ball,radius_ball,support_estimator,test,test,pooled,0.5,20260507,,,0.005555495945128048,,passed,,0.5369843527738265,0.5273664230229799,0.5463135348276131,0.7912123155869146,0.7787411689145793,0.8038937517941959,0.07396870554765292,0.0,0.41757536882617063,1611,1559,52,1545,repope,3833,138,69,3902,69,29,0
llava-onevision-qwen2-7b-ov-hf,llava-onevision-qwen2-7b-ov-hf,repope,Sphere-Traj-LSTM,proxy_anchor,logistic,StageC-logistic,supervised_comparator,supervised_comparator,test,test,pooled,0.5,20260507,,,,0.1,passed,,0.3900007718933297,0.2653242817547134,0.5196960003558778,0.9610388809394583,0.9488332743554138,0.9717041980119646,0.40173629569906766,0.21153846153846154,0.11802437459910199,1611,1559,52,1545,repope,3833,138,69,3902,69,29,0
llava-onevision-qwen2-7b-ov-hf,llava-onevision-qwen2-7b-ov-hf,pope,Sphere-Traj-LSTM,proxy_anchor,single_vmf,StageC-single_vmf,single_vmf,support_estimator,test,test,pooled,0.5,20260507,,,,,passed,,0.2149795866765723,0.13699490620990235,0.3147643376253336,0.9024478251254177,0.855826390954455,0.9358721556442937,0.22310962119116318,0.07547169811320754,0.6637877853177051,1674,1621,53,1653,repope,3833,138,69,3902,69,126,0
llava-onevision-qwen2-7b-ov-hf,llava-onevision-qwen2-7b-ov-hf,pope,Sphere-Traj-LSTM,proxy_anchor,mixture_vmf,StageC-mixture_vmf,mixture_vmf,support_estimator,test,test,pooled,0.5,20260507,,2,,,passed,,0.016769059997162262,0.01243131351736034,0.021729677622020677,0.07322523948645723,0.0562070750261502,0.0929780776085294,0.017247291834535626,0.0,0.9981492905613819,1674,1621,53,1653,repope,3833,138,69,3902,69,126,0
llava-onevision-qwen2-7b-ov-hf,llava-onevision-qwen2-7b-ov-hf,pope,Sphere-Traj-LSTM,proxy_anchor,knn,StageC-knn,knn,support_estimator,test,test,pooled,0.5,20260507,32,,,,passed,,0.1988671874324492,0.12513844696604695,0.29912502173197,0.9057069360865062,0.8778862935260311,0.9286157709900937,0.20676964645303947,0.07547169811320754,0.3775447254780999,1674,1621,53,1653,repope,3833,138,69,3902,69,126,0
llava-onevision-qwen2-7b-ov-hf,llava-onevision-qwen2-7b-ov-hf,pope,Sphere-Traj-LSTM,proxy_anchor,radius_ball,StageC-radius_ball,radius_ball,support_estimator,test,test,pooled,0.5,20260507,,,0.005555495945128048,,passed,,0.5340179717586649,0.5255750888124956,0.5438962209107197,0.7760641579272055,0.764067963767594,0.7872669287828558,0.06803594351732992,0.0,0.44787168414558914,1674,1621,53,1653,repope,3833,138,69,3902,69,126,0
llava-onevision-qwen2-7b-ov-hf,llava-onevision-qwen2-7b-ov-hf,pope,Sphere-Traj-LSTM,proxy_anchor,logistic,StageC-logistic,supervised_comparator,supervised_comparator,test,test,pooled,0.5,20260507,,,,0.1,passed,,0.2254437823490856,0.145531713223245,0.32389047740098054,0.9254361970830958,0.9057654976950199,0.9427630617795789,0.2164339575761714,0.07547169811320754,0.24429364589759409,1674,1621,53,1653,repope,3833,138,69,3902,69,126,0
llava-onevision-qwen2-7b-ov-hf,llava-onevision-qwen2-7b-ov-hf,dash-b,Sphere-Traj-LSTM,proxy_anchor,single_vmf,StageC-single_vmf,single_vmf,support_estimator,test,test,pooled,0.5,20260507,,,,,passed,,0.6795904732904038,0.6111874828525151,0.7445514465032343,0.6919783590355286,0.6412096667899932,0.7411576005758319,0.6818118109406329,0.12886597938144329,0.8925619834710744,436,242,194,326,repope,3833,138,69,3902,69,7,0
llava-onevision-qwen2-7b-ov-hf,llava-onevision-qwen2-7b-ov-hf,dash-b,Sphere-Traj-LSTM,proxy_anchor,mixture_vmf,StageC-mixture_vmf,mixture_vmf,support_estimator,test,test,pooled,0.5,20260507,,2,,,passed,,0.6795904732904038,0.6111874828525151,0.7445514465032343,0.6919783590355286,0.6412096667899932,0.7411576005758319,0.6818118109406329,0.12886597938144329,0.8925619834710744,436,242,194,326,repope,3833,138,69,3902,69,7,0
llava-onevision-qwen2-7b-ov-hf,llava-onevision-qwen2-7b-ov-hf,dash-b,Sphere-Traj-LSTM,proxy_anchor,knn,StageC-knn,knn,support_estimator,test,test,pooled,0.5,20260507,32,,,,passed,,0.7039084633140057,0.6359922372581381,0.769676446932619,0.7555167419272386,0.7118408239396079,0.800482342763763,0.7061528291969642,0.12886597938144329,0.8057851239669421,436,242,194,326,repope,3833,138,69,3902,69,7,0
llava-onevision-qwen2-7b-ov-hf,llava-onevision-qwen2-7b-ov-hf,dash-b,Sphere-Traj-LSTM,proxy_anchor,radius_ball,StageC-radius_ball,radius_ball,support_estimator,test,test,pooled,0.5,20260507,,,0.005555495945128048,,passed,,0.7357142934773355,0.7110293563889877,0.7601737342327206,0.5648057425236431,0.5416034920549746,0.5882433724811773,0.4794713782306385,0.0,0.8553719008264463,436,242,194,326,repope,3833,138,69,3902,69,7,0
llava-onevision-qwen2-7b-ov-hf,llava-onevision-qwen2-7b-ov-hf,dash-b,Sphere-Traj-LSTM,proxy_anchor,logistic,StageC-logistic,supervised_comparator,supervised_comparator,test,test,pooled,0.5,20260507,,,,0.1,passed,,0.7519206437811133,0.6850052256243827,0.8155588229623845,0.8146246911476527,0.7747495849798715,0.8532647191067655,0.7540713182930203,0.11855670103092783,0.5702479338842975,436,242,194,326,repope,3833,138,69,3902,69,7,0
llava-onevision-qwen2-7b-ov-hf,llava-onevision-qwen2-7b-ov-hf,repope,Sphere-Traj-LSTM,proxy_anchor,single_vmf,StageC-single_vmf,single_vmf,support_estimator,test,test,pooled,0.5,20260508,,,,,passed,,0.4179420968695417,0.2894748239449486,0.5449977831824045,0.9562096018157595,0.9407644539861179,0.968896570486962,0.42669796725726317,0.1346153846153846,0.14239897370109045,1611,1559,52,1545,repope,3833,138,69,3902,69,29,0
llava-onevision-qwen2-7b-ov-hf,llava-onevision-qwen2-7b-ov-hf,repope,Sphere-Traj-LSTM,proxy_anchor,mixture_vmf,StageC-mixture_vmf,mixture_vmf,support_estimator,test,test,pooled,0.5,20260508,,2,,,passed,,0.4179420968695417,0.2894748239449486,0.5449977831824045,0.9562096018157595,0.9407644539861179,0.968896570486962,0.42669796725726317,0.1346153846153846,0.14239897370109045,1611,1559,52,1545,repope,3833,138,69,3902,69,29,0
llava-onevision-qwen2-7b-ov-hf,llava-onevision-qwen2-7b-ov-hf,repope,Sphere-Traj-LSTM,proxy_anchor,knn,StageC-knn,knn,support_estimator,test,test,pooled,0.5,20260508,16,,,,passed,,0.4358939717914753,0.309433935011914,0.574339123439089,0.9595524744658805,0.9454778701644326,0.972546257946528,0.44521051246904686,0.1346153846153846,0.13470173187940987,1611,1559,52,1545,repope,3833,138,69,3902,69,29,0
llava-onevision-qwen2-7b-ov-hf,llava-onevision-qwen2-7b-ov-hf,repope,Sphere-Traj-LSTM,proxy_anchor,radius_ball,StageC-radius_ball,radius_ball,support_estimator,test,test,pooled,0.5,20260508,,,0.007315083619536806,,passed,,0.5394996901801434,0.5140708502282059,0.5589529752301414,0.8433722307198895,0.8289222497823224,0.857143562735668,0.09653037622750484,0.0,0.30468248877485565,1611,1559,52,1545,repope,3833,138,69,3902,69,29,0
llava-onevision-qwen2-7b-ov-hf,llava-onevision-qwen2-7b-ov-hf,repope,Sphere-Traj-LSTM,proxy_anchor,logistic,StageC-logistic,supervised_comparator,supervised_comparator,test,test,pooled,0.5,20260508,,,,0.1,passed,,0.4211403962072998,0.2932938681589151,0.5472833799354316,0.9581955888883407,0.9436395301187833,0.9699976736495631,0.42999582811362197,0.1346153846153846,0.12251443232841565,1611,1559,52,1545,repope,3833,138,69,3902,69,29,0
llava-onevision-qwen2-7b-ov-hf,llava-onevision-qwen2-7b-ov-hf,pope,Sphere-Traj-LSTM,proxy_anchor,single_vmf,StageC-single_vmf,single_vmf,support_estimator,test,test,pooled,0.5,20260508,,,,,passed,,0.17259105407993366,0.11585043270711698,0.2506007476773859,0.8802393118619999,0.8285352256048221,0.9212132200401548,0.18229357265733015,0.09433962264150944,0.6841455891425047,1674,1621,53,1653,repope,3833,138,69,3902,69,126,0
llava-onevision-qwen2-7b-ov-hf,llava-onevision-qwen2-7b-ov-hf,pope,Sphere-Traj-LSTM,proxy_anchor,mixture_vmf,StageC-mixture_vmf,mixture_vmf,support_estimator,test,test,pooled,0.5,20260508,,2,,,passed,,0.17259105407993366,0.11585043270711698,0.2506007476773859,0.8802393118619999,0.8285352256048221,0.9212132200401548,0.18229357265733015,0.09433962264150944,0.6841455891425047,1674,1621,53,1653,repope,3833,138,69,3902,69,126,0
llava-onevision-qwen2-7b-ov-hf,llava-onevision-qwen2-7b-ov-hf,pope,Sphere-Traj-LSTM,proxy_anchor,knn,StageC-knn,knn,support_estimator,test,test,pooled,0.5,20260508,16,,,,passed,,0.14656305122310787,0.0967940029229475,0.21675588425591227,0.8784468008334012,0.8486572538292715,0.9060605997876112,0.15576171807520642,0.09433962264150944,0.34855027760641577,1674,1621,53,1653,repope,3833,138,69,3902,69,126,0
llava-onevision-qwen2-7b-ov-hf,llava-onevision-qwen2-7b-ov-hf,pope,Sphere-Traj-LSTM,proxy_anchor,radius_ball,StageC-radius_ball,radius_ball,support_estimator,test,test,pooled,0.5,20260508,,,0.007315083619536806,,passed,,0.5344848990565055,0.509849491749195,0.551570214385758,0.8264814405270449,0.8117730387145489,0.8393846153846154,0.08631185627199446,0.0,0.33806292412091304,1674,1621,53,1653,repope,3833,138,69,3902,69,126,0
llava-onevision-qwen2-7b-ov-hf,llava-onevision-qwen2-7b-ov-hf,pope,Sphere-Traj-LSTM,proxy_anchor,logistic,StageC-logistic,supervised_comparator,supervised_comparator,test,test,pooled,0.5,20260508,,,,0.1,passed,,0.1904261222901817,0.12743592827419187,0.2670928027550041,0.9199539068592646,0.900345429087704,0.9371909827902158,0.1897936299159824,0.09433962264150944,0.2338062924120913,1674,1621,53,1653,repope,3833,138,69,3902,69,126,0
llava-onevision-qwen2-7b-ov-hf,llava-onevision-qwen2-7b-ov-hf,dash-b,Sphere-Traj-LSTM,proxy_anchor,single_vmf,StageC-single_vmf,single_vmf,support_estimator,test,test,pooled,0.5,20260508,,,,,passed,,0.6602299696976149,0.5840569531871632,0.7313896946090193,0.6882721308681945,0.6362497593644996,0.7376287260951536,0.6638353777312749,0.08762886597938144,0.8966942148760331,436,242,194,326,repope,3833,138,69,3902,69,7,0
llava-onevision-qwen2-7b-ov-hf,llava-onevision-qwen2-7b-ov-hf,dash-b,Sphere-Traj-LSTM,proxy_anchor,mixture_vmf,StageC-mixture_vmf,mixture_vmf,support_estimator,test,test,pooled,0.5,20260508,,2,,,passed,,0.6602299696976149,0.5840569531871632,0.7313896946090193,0.6882721308681945,0.6362497593644996,0.7376287260951536,0.6638353777312749,0.08762886597938144,0.8966942148760331,436,242,194,326,repope,3833,138,69,3902,69,7,0
llava-onevision-qwen2-7b-ov-hf,llava-onevision-qwen2-7b-ov-hf,dash-b,Sphere-Traj-LSTM,proxy_anchor,knn,StageC-knn,knn,support_estimator,test,test,pooled,0.5,20260508,16,,,,passed,,0.6494301752252295,0.5707672634145444,0.7222119490686201,0.7089332878929879,0.6594393361843238,0.7550345643577145,0.6531890151328631,0.06701030927835051,0.7603305785123967,436,242,194,326,repope,3833,138,69,3902,69,7,0
llava-onevision-qwen2-7b-ov-hf,llava-onevision-qwen2-7b-ov-hf,dash-b,Sphere-Traj-LSTM,proxy_anchor,radius_ball,StageC-radius_ball,radius_ball,support_estimator,test,test,pooled,0.5,20260508,,,0.007315083619536806,,passed,,0.7252598297770319,0.6878237414791841,0.7568890027357105,0.6078853199284314,0.5690910665931954,0.6428739423118738,0.5068862525830279,0.0,0.871900826446281,436,242,194,326,repope,3833,138,69,3902,69,7,0
llava-onevision-qwen2-7b-ov-hf,llava-onevision-qwen2-7b-ov-hf,dash-b,Sphere-Traj-LSTM,proxy_anchor,logistic,StageC-logistic,supervised_comparator,supervised_comparator,test,test,pooled,0.5,20260508,,,,0.1,passed,,0.7530127447588311,0.6781844686409682,0.8157254846316309,0.8233684075998977,0.7838991431381463,0.8601677175110917,0.7526581369179665,0.07731958762886598,0.6074380165289256,436,242,194,326,repope,3833,138,69,3902,69,7,0
qwen3-vl-8b,qwen3-vl-8b,repope,Sphere-Traj-LSTM,proxy_anchor,single_vmf,StageC-single_vmf,single_vmf,support_estimator,test,test,pooled,0.5,20260506,,,,,passed,,0.5442748795189642,0.3849401955778298,0.6946041528524846,0.9801043268909249,0.9708293605013659,0.9894583358848923,0.5557328159089645,0.39473684210526316,0.09021601016518424,1612,1574,38,1542,repope,3812,168,84,3896,84,28,0
qwen3-vl-8b,qwen3-vl-8b,repope,Sphere-Traj-LSTM,proxy_anchor,mixture_vmf,StageC-mixture_vmf,mixture_vmf,support_estimator,test,test,pooled,0.5,20260506,,2,,,passed,,0.5442748795189642,0.3849401955778298,0.6946041528524846,0.9801043268909249,0.9708293605013659,0.9894583358848923,0.5557328159089645,0.39473684210526316,0.09021601016518424,1612,1574,38,1542,repope,3812,168,84,3896,84,28,0
qwen3-vl-8b,qwen3-vl-8b,repope,Sphere-Traj-LSTM,proxy_anchor,knn,StageC-knn,knn,support_estimator,test,test,pooled,0.5,20260506,32,,,,passed,,0.48337206360453616,0.3303713768149632,0.6373161173283098,0.9574834481374975,0.9305758445892096,0.9826075281467064,0.49433682879277063,0.3157894736842105,0.3392630241423126,1612,1574,38,1542,repope,3812,168,84,3896,84,28,0
qwen3-vl-8b,qwen3-vl-8b,repope,Sphere-Traj-LSTM,proxy_anchor,radius_ball,StageC-radius_ball,radius_ball,support_estimator,test,test,pooled,0.5,20260506,,,0.00751669285605182,,passed,,0.5026275442533911,0.4450175516441379,0.5497001607856049,0.887656323145857,0.863312797741423,0.9078624965544446,0.10106625798729459,0.0,0.3869123252858958,1612,1574,38,1542,repope,3812,168,84,3896,84,28,0
qwen3-vl-8b,qwen3-vl-8b,repope,Sphere-Traj-LSTM,proxy_anchor,logistic,StageC-logistic,supervised_comparator,supervised_comparator,test,test,pooled,0.5,20260506,,,,10.0,passed,,0.499416811870525,0.3511813651111182,0.6491079848650434,0.9662275128736708,0.9454128739564007,0.9843217139038976,0.5082503066646502,0.3684210526315789,0.13532401524777637,1612,1574,38,1542,repope,3812,168,84,3896,84,28,0
qwen3-vl-8b,qwen3-vl-8b,pope,Sphere-Traj-LSTM,proxy_anchor,single_vmf,StageC-single_vmf,single_vmf,support_estimator,test,test,pooled,0.5,20260506,,,,,passed,,0.28337410398895324,0.20113325652515995,0.3964637515184667,0.9351565519907229,0.9042856280418702,0.960707873974598,0.2953641848551563,0.15384615384615385,0.43404522613065327,1644,1592,52,1609,repope,3812,168,84,3896,84,156,0
qwen3-vl-8b,qwen3-vl-8b,pope,Sphere-Traj-LSTM,proxy_anchor,mixture_vmf,StageC-mixture_vmf,mixture_vmf,support_estimator,test,test,pooled,0.5,20260506,,2,,,passed,,0.28337410398895324,0.20113325652515995,0.3964637515184667,0.9351565519907229,0.9042856280418702,0.960707873974598,0.2953641848551563,0.15384615384615385,0.43404522613065327,1644,1592,52,1609,repope,3812,168,84,3896,84,156,0
qwen3-vl-8b,qwen3-vl-8b,pope,Sphere-Traj-LSTM,proxy_anchor,knn,StageC-knn,knn,support_estimator,test,test,pooled,0.5,20260506,32,,,,passed,,0.16915203920115418,0.10814648849999975,0.2622520804486368,0.8883359103208349,0.8636809282594857,0.9128104522491004,0.17905328741589313,0.15384615384615385,0.2594221105527638,1644,1592,52,1609,repope,3812,168,84,3896,84,156,0
qwen3-vl-8b,qwen3-vl-8b,pope,Sphere-Traj-LSTM,proxy_anchor,radius_ball,StageC-radius_ball,radius_ball,support_estimator,test,test,pooled,0.5,20260506,,,0.00751669285605182,,passed,,0.4280280262628258,0.3569371492969671,0.4910474871959868,0.8368283726323927,0.7976596684436954,0.8706667150270011,0.1026747728211056,0.0,0.4277638190954774,1644,1592,52,1609,repope,3812,168,84,3896,84,156,0
qwen3-vl-8b,qwen3-vl-8b,pope,Sphere-Traj-LSTM,proxy_anchor,logistic,StageC-logistic,supervised_comparator,supervised_comparator,test,test,pooled,0.5,20260506,,,,10.0,passed,,0.23952333717287752,0.16904219809452745,0.33702117552197874,0.9321970429068419,0.9115745859239442,0.9528342674269882,0.2548422253518689,0.15384615384615385,0.16645728643216082,1644,1592,52,1609,repope,3812,168,84,3896,84,156,0
qwen3-vl-8b,qwen3-vl-8b,dash-b,Sphere-Traj-LSTM,proxy_anchor,single_vmf,StageC-single_vmf,single_vmf,support_estimator,test,test,pooled,0.5,20260506,,,,,passed,,0.6720298114040967,0.5752007386904245,0.7518182051914497,0.8624137931034482,0.8241954399087665,0.8966035675684165,0.6743733665954685,0.14655172413793102,0.39076923076923076,441,325,116,381,repope,3812,168,84,3896,84,2,0
qwen3-vl-8b,qwen3-vl-8b,dash-b,Sphere-Traj-LSTM,proxy_anchor,mixture_vmf,StageC-mixture_vmf,mixture_vmf,support_estimator,test,test,pooled,0.5,20260506,,2,,,passed,,0.6720298114040967,0.5752007386904245,0.7518182051914497,0.8624137931034483,0.8241954399087665,0.8966035675684165,0.6743733665954685,0.14655172413793102,0.39076923076923076,441,325,116,381,repope,3812,168,84,3896,84,2,0
qwen3-vl-8b,qwen3-vl-8b,dash-b,Sphere-Traj-LSTM,proxy_anchor,knn,StageC-knn,knn,support_estimator,test,test,pooled,0.5,20260506,32,,,,passed,,0.50776091648926,0.42872073022091844,0.5956640640243387,0.8342175066312997,0.7960503821360263,0.8661140137549913,0.5141323035598859,0.017241379310344827,0.36,441,325,116,381,repope,3812,168,84,3896,84,2,0
qwen3-vl-8b,qwen3-vl-8b,dash-b,Sphere-Traj-LSTM,proxy_anchor,radius_ball,StageC-radius_ball,radius_ball,support_estimator,test,test,pooled,0.5,20260506,,,0.00751669285605182,,passed,,0.6349743129919696,0.5694159294729593,0.7023031101615492,0.7787798408488064,0.7362001889838757,0.8183562974248794,0.48671981639400574,0.0,0.6553846153846153,441,325,116,381,repope,3812,168,84,3896,84,2,0
qwen3-vl-8b,qwen3-vl-8b,dash-b,Sphere-Traj-LSTM,proxy_anchor,logistic,StageC-logistic,supervised_comparator,supervised_comparator,test,test,pooled,0.5,20260506,,,,10.0,passed,,0.8321573210100393,0.7653439604191131,0.8918397253905176,0.9284084880636605,0.9015874759681406,0.9534847400704453,0.8330617734595622,0.25862068965517243,0.39692307692307693,441,325,116,381,repope,3812,168,84,3896,84,2,0
qwen3-vl-8b,qwen3-vl-8b,repope,Sphere-Traj-LSTM,proxy_anchor,single_vmf,StageC-single_vmf,single_vmf,support_estimator,test,test,pooled,0.5,20260507,,,,,passed,,0.04087426269649359,0.01730444406743432,0.10996318016064315,0.47421922022336654,0.3825411853736258,0.5623662815503732,0.06183082219682605,0.07894736842105263,0.8310038119440915,1612,1574,38,1542,repope,3812,168,84,3896,84,28,0
qwen3-vl-8b,qwen3-vl-8b,repope,Sphere-Traj-LSTM,proxy_anchor,mixture_vmf,StageC-mixture_vmf,mixture_vmf,support_estimator,test,test,pooled,0.5,20260507,,2,,,passed,,0.04087426269649359,0.01730444406743432,0.10996318016064315,0.47421922022336654,0.3825411853736258,0.5623662815503732,0.06183082219682605,0.07894736842105263,0.8310038119440915,1612,1574,38,1542,repope,3812,168,84,3896,84,28,0
qwen3-vl-8b,qwen3-vl-8b,repope,Sphere-Traj-LSTM,proxy_anchor,knn,StageC-knn,knn,support_estimator,test,test,pooled,0.5,20260507,4,,,,passed,,0.15561950674794436,0.08989343035732861,0.24630453744145053,0.8784274058717315,0.8234469244861494,0.9238295261865066,0.17318456628178408,0.15789473684210525,0.35514612452350697,1612,1574,38,1542,repope,3812,168,84,3896,84,28,0
qwen3-vl-8b,qwen3-vl-8b,repope,Sphere-Traj-LSTM,proxy_anchor,radius_ball,StageC-radius_ball,radius_ball,support_estimator,test,test,pooled,0.5,20260507,,,0.0046911122675140976,,passed,,0.4545303743044246,0.3844034624199058,0.5099808033120284,0.7938373570520966,0.744730152248167,0.8343540930423833,0.0596866353177319,0.0,0.571156289707751,1612,1574,38,1542,repope,3812,168,84,3896,84,28,0
qwen3-vl-8b,qwen3-vl-8b,repope,Sphere-Traj-LSTM,proxy_anchor,logistic,StageC-logistic,supervised_comparator,supervised_comparator,test,test,pooled,0.5,20260507,,,,10.0,passed,,0.4256312600240954,0.2731834297647521,0.5580877396279947,0.9634688691232529,0.9489701330908501,0.9752943322525628,0.43348026326585537,0.2631578947368421,0.1289707750952986,1612,1574,38,1542,repope,3812,168,84,3896,84,28,0
qwen3-vl-8b,qwen3-vl-8b,pope,Sphere-Traj-LSTM,proxy_anchor,single_vmf,StageC-single_vmf,single_vmf,support_estimator,test,test,pooled,0.5,20260507,,,,,passed,,0.0220756959500294,0.016122126943188334,0.02885240099899345,0.3547062234248164,0.29944708444487805,0.4112719887322395,0.022860106416714456,0.0,0.8668341708542714,1644,1592,52,1609,repope,3812,168,84,3896,84,156,0
qwen3-vl-8b,qwen3-vl-8b,pope,Sphere-Traj-LSTM,proxy_anchor,mixture_vmf,StageC-mixture_vmf,mixture_vmf,support_estimator,test,test,pooled,0.5,20260507,,2,,,passed,,0.0220756959500294,0.016122126943188334,0.02885240099899345,0.3547062234248164,0.29944708444487805,0.41127198873223947,0.022860106416714456,0.0,0.8668341708542714,1644,1592,52,1609,repope,3812,168,84,3896,84,156,0
qwen3-vl-8b,qwen3-vl-8b,pope,Sphere-Traj-LSTM,proxy_anchor,knn,StageC-knn,knn,support_estimator,test,test,pooled,0.5,20260507,4,,,,passed,,0.0814110913548865,0.05238953538768287,0.12419870415115877,0.7439360262852726,0.6757098098624673,0.812871311089584,0.08638046518776386,0.019230769230769232,1.0,1644,1592,52,1609,repope,3812,168,84,3896,84,156,0
qwen3-vl-8b,qwen3-vl-8b,pope,Sphere-Traj-LSTM,proxy_anchor,radius_ball,StageC-radius_ball,radius_ball,support_estimator,test,test,pooled,0.5,20260507,,,0.0046911122675140976,,passed,,0.35499628336488054,0.2861658636971908,0.4244337227434376,0.703245796289138,0.6462468441577913,0.7651883343998873,0.05817385885225177,0.0,0.7763819095477387,1644,1592,52,1609,repope,3812,168,84,3896,84,156,0
qwen3-vl-8b,qwen3-vl-8b,pope,Sphere-Traj-LSTM,proxy_anchor,logistic,StageC-logistic,supervised_comparator,supervised_comparator,test,test,pooled,0.5,20260507,,,,10.0,passed,,0.2554424086396565,0.16184605256291862,0.3696912324042822,0.928995941244685,0.9103155416268206,0.946289416758238,0.2631354805866576,0.11538461538461539,0.17964824120603015,1644,1592,52,1609,repope,3812,168,84,3896,84,156,0
qwen3-vl-8b,qwen3-vl-8b,dash-b,Sphere-Traj-LSTM,proxy_anchor,single_vmf,StageC-single_vmf,single_vmf,support_estimator,test,test,pooled,0.5,20260507,,,,,passed,,0.18612378124219803,0.1535222969444991,0.22214108746732164,0.3168832891246684,0.2692007419985153,0.36935492057141156,0.18802866579637154,0.0,0.9723076923076923,441,325,116,381,repope,3812,168,84,3896,84,2,0
qwen3-vl-8b,qwen3-vl-8b,dash-b,Sphere-Traj-LSTM,proxy_anchor,mixture_vmf,StageC-mixture_vmf,mixture_vmf,support_estimator,test,test,pooled,0.5,20260507,,2,,,passed,,0.18612130939529828,0.15352217349112116,0.22214108746732164,0.3168700265251989,0.26920074199851535,0.3693417270668611,0.1880286657963715,0.0,0.9723076923076923,441,325,116,381,repope,3812,168,84,3896,84,2,0
qwen3-vl-8b,qwen3-vl-8b,dash-b,Sphere-Traj-LSTM,proxy_anchor,knn,StageC-knn,knn,support_estimator,test,test,pooled,0.5,20260507,4,,,,passed,,0.40368112446424503,0.3239639494171254,0.4870944267267551,0.7212997347480107,0.6732953419883726,0.766954389700313,0.4094420662595348,0.034482758620689655,0.6646153846153846,441,325,116,381,repope,3812,168,84,3896,84,2,0
qwen3-vl-8b,qwen3-vl-8b,dash-b,Sphere-Traj-LSTM,proxy_anchor,radius_ball,StageC-radius_ball,radius_ball,support_estimator,test,test,pooled,0.5,20260507,,,0.0046911122675140976,,passed,,0.5526551405765118,0.4884111319073607,0.6169474927831783,0.7011936339522546,0.6521711477878425,0.7470868594159485,0.38226384037819316,0.0,0.7046153846153846,441,325,116,381,repope,3812,168,84,3896,84,2,0
qwen3-vl-8b,qwen3-vl-8b,dash-b,Sphere-Traj-LSTM,proxy_anchor,logistic,StageC-logistic,supervised_comparator,supervised_comparator,test,test,pooled,0.5,20260507,,,,10.0,passed,,0.8137429230857516,0.7478460802053537,0.8734687172536253,0.926604774535809,0.9011786659108088,0.9481458767914962,0.8146957540568752,0.2413793103448276,0.28,441,325,116,381,repope,3812,168,84,3896,84,2,0
qwen3-vl-8b,qwen3-vl-8b,repope,Sphere-Traj-LSTM,proxy_anchor,single_vmf,StageC-single_vmf,single_vmf,support_estimator,test,test,pooled,0.5,20260508,,,,,passed,,0.5983253469338009,0.436718270998133,0.7455741585337241,0.9657259412826857,0.9234961861215998,0.98899690069694,0.6074126586257586,0.6578947368421053,0.09783989834815757,1612,1574,38,1542,repope,3812,168,84,3896,84,28,0
qwen3-vl-8b,qwen3-vl-8b,repope,Sphere-Traj-LSTM,proxy_anchor,mixture_vmf,StageC-mixture_vmf,mixture_vmf,support_estimator,test,test,pooled,0.5,20260508,,2,,,passed,,0.5983253469338009,0.436718270998133,0.7455741585337241,0.9657259412826857,0.9234961861215998,0.98899690069694,0.6074126586257586,0.6578947368421053,0.09783989834815757,1612,1574,38,1542,repope,3812,168,84,3896,84,28,0
qwen3-vl-8b,qwen3-vl-8b,repope,Sphere-Traj-LSTM,proxy_anchor,knn,StageC-knn,knn,support_estimator,test,test,pooled,0.5,20260508,32,,,,passed,,0.6001812816076201,0.4323142135678437,0.7443812754605795,0.9733498294656591,0.952165048748507,0.9876069437158689,0.6088092861183394,0.6578947368421053,0.11944091486658195,1612,1574,38,1542,repope,3812,168,84,3896,84,28,0
qwen3-vl-8b,qwen3-vl-8b,repope,Sphere-Traj-LSTM,proxy_anchor,radius_ball,StageC-radius_ball,radius_ball,support_estimator,test,test,pooled,0.5,20260508,,,0.015686477413006203,,passed,,0.37557558503186783,0.2432250667509387,0.5058192831831186,0.9411071356918345,0.91394794351619,0.9622403315256368,0.24003374405191508,0.0,0.28589580686149935,1612,1574,38,1542,repope,3812,168,84,3896,84,28,0
qwen3-vl-8b,qwen3-vl-8b,repope,Sphere-Traj-LSTM,proxy_anchor,logistic,StageC-logistic,supervised_comparator,supervised_comparator,test,test,pooled,0.5,20260508,,,,0.1,passed,,0.5972254051229866,0.4351649735489602,0.7445029401906574,0.9754564301477965,0.9551253778044717,0.9887543244197606,0.6062609024816514,0.6578947368421053,0.10038119440914867,1612,1574,38,1542,repope,3812,168,84,3896,84,28,0
qwen3-vl-8b,qwen3-vl-8b,pope,Sphere-Traj-LSTM,proxy_anchor,single_vmf,StageC-single_vmf,single_vmf,support_estimator,test,test,pooled,0.5,20260508,,,,,passed,,0.32303047358785475,0.21888519656561642,0.44120345690678325,0.9349511982991883,0.896419936668948,0.9619670426932444,0.3328909007575065,0.23076923076923078,0.14698492462311558,1644,1592,52,1609,repope,3812,168,84,3896,84,156,0
qwen3-vl-8b,qwen3-vl-8b,pope,Sphere-Traj-LSTM,proxy_anchor,mixture_vmf,StageC-mixture_vmf,mixture_vmf,support_estimator,test,test,pooled,0.5,20260508,,2,,,passed,,0.32303047358785475,0.21888519656561642,0.44120345690678325,0.9349511982991883,0.896419936668948,0.9619670426932444,0.3328909007575065,0.23076923076923078,0.14698492462311558,1644,1592,52,1609,repope,3812,168,84,3896,84,156,0
qwen3-vl-8b,qwen3-vl-8b,pope,Sphere-Traj-LSTM,proxy_anchor,knn,StageC-knn,knn,support_estimator,test,test,pooled,0.5,20260508,32,,,,passed,,0.2916089868862588,0.18984727730178488,0.40857925450579924,0.9264592191727871,0.9035836366245158,0.9480139774302895,0.3008495397347454,0.23076923076923078,0.19597989949748743,1644,1592,52,1609,repope,3812,168,84,3896,84,156,0
qwen3-vl-8b,qwen3-vl-8b,pope,Sphere-Traj-LSTM,proxy_anchor,radius_ball,StageC-radius_ball,radius_ball,support_estimator,test,test,pooled,0.5,20260508,,,0.015686477413006203,,passed,,0.21192978116421926,0.1337813911704988,0.2965925309948089,0.893336876691148,0.8685612412070877,0.916377526861805,0.14766396404072424,0.0,0.25690954773869346,1644,1592,52,1609,repope,3812,168,84,3896,84,156,0
qwen3-vl-8b,qwen3-vl-8b,pope,Sphere-Traj-LSTM,proxy_anchor,logistic,StageC-logistic,supervised_comparator,supervised_comparator,test,test,pooled,0.5,20260508,,,,0.1,passed,,0.31206149527052846,0.21630268215604362,0.42793511485274494,0.9464993235407808,0.9285342574824762,0.9623831040566483,0.3074708286072216,0.25,0.15326633165829145,1644,1592,52,1609,repope,3812,168,84,3896,84,156,0
qwen3-vl-8b,qwen3-vl-8b,dash-b,Sphere-Traj-LSTM,proxy_anchor,single_vmf,StageC-single_vmf,single_vmf,support_estimator,test,test,pooled,0.5,20260508,,,,,passed,,0.7498746381168744,0.6667691205720234,0.821490490647227,0.8803978779840849,0.8411731043603786,0.91372298069528,0.7511417257895179,0.28448275862068967,0.40923076923076923,441,325,116,381,repope,3812,168,84,3896,84,2,0
qwen3-vl-8b,qwen3-vl-8b,dash-b,Sphere-Traj-LSTM,proxy_anchor,mixture_vmf,StageC-mixture_vmf,mixture_vmf,support_estimator,test,test,pooled,0.5,20260508,,2,,,passed,,0.7498746381168744,0.6667691205720234,0.821490490647227,0.8803978779840849,0.8411731043603786,0.91372298069528,0.7511417257895179,0.28448275862068967,0.40923076923076923,441,325,116,381,repope,3812,168,84,3896,84,2,0
qwen3-vl-8b,qwen3-vl-8b,dash-b,Sphere-Traj-LSTM,proxy_anchor,knn,StageC-knn,knn,support_estimator,test,test,pooled,0.5,20260508,32,,,,passed,,0.7243592554970327,0.6418317288618718,0.7979834990886484,0.8772944297082228,0.8419817660118328,0.9088782135489423,0.7257615193467275,0.27586206896551724,0.36923076923076925,441,325,116,381,repope,3812,168,84,3896,84,2,0
qwen3-vl-8b,qwen3-vl-8b,dash-b,Sphere-Traj-LSTM,proxy_anchor,radius_ball,StageC-radius_ball,radius_ball,support_estimator,test,test,pooled,0.5,20260508,,,0.015686477413006203,,passed,,0.7104074762782066,0.6266298938651067,0.7900807372519281,0.87157824933687,0.8361831389587651,0.9044256802405435,0.670180532652562,0.0,0.49846153846153846,441,325,116,381,repope,3812,168,84,3896,84,2,0
qwen3-vl-8b,qwen3-vl-8b,dash-b,Sphere-Traj-LSTM,proxy_anchor,logistic,StageC-logistic,supervised_comparator,supervised_comparator,test,test,pooled,0.5,20260508,,,,0.1,passed,,0.8189048339211157,0.7414382691942111,0.8837756458299644,0.9373740053050398,0.9136000152820075,0.9579900259103582,0.820049179320076,0.3017241379310345,0.20307692307692307,441,325,116,381,repope,3812,168,84,3896,84,2,0
internvl3.5-8b,internvl3.5-8b,repope,Sphere-Traj-LSTM,proxy_anchor,single_vmf,StageC-single_vmf,single_vmf,support_estimator,test,test,pooled,0.5,20260506,,,,,passed,,0.6578509873858334,0.5693288253622902,0.7404584298733881,0.9571313872799221,0.9434290327048948,0.968349026202806,0.6622831070257426,0.3120567375886525,0.14016172506738545,1625,1484,141,1496,repope,3689,352,176,3865,176,15,0
internvl3.5-8b,internvl3.5-8b,repope,Sphere-Traj-LSTM,proxy_anchor,mixture_vmf,StageC-mixture_vmf,mixture_vmf,support_estimator,test,test,pooled,0.5,20260506,,2,,,passed,,0.6578509873858334,0.5693288253622902,0.7404584298733881,0.9571313872799221,0.9434290327048948,0.968349026202806,0.6622831070257426,0.3120567375886525,0.14016172506738545,1625,1484,141,1496,repope,3689,352,176,3865,176,15,0
internvl3.5-8b,internvl3.5-8b,repope,Sphere-Traj-LSTM,proxy_anchor,knn,StageC-knn,knn,support_estimator,test,test,pooled,0.5,20260506,32,,,,passed,,0.6173237650998377,0.5287184932758417,0.7031543922349585,0.9422396819024679,0.9262336769904571,0.9568267593097951,0.6217477672996599,0.3120567375886525,0.2055256064690027,1625,1484,141,1496,repope,3689,352,176,3865,176,15,0
internvl3.5-8b,internvl3.5-8b,repope,Sphere-Traj-LSTM,proxy_anchor,radius_ball,StageC-radius_ball,radius_ball,support_estimator,test,test,pooled,0.5,20260506,,,0.015126563937934564,,passed,,0.581899269697228,0.5056966988487829,0.6598744197829073,0.9215007359828716,0.9036935235671206,0.9387487258823793,0.5097983266204957,0.0,0.272911051212938,1625,1484,141,1496,repope,3689,352,176,3865,176,15,0
internvl3.5-8b,internvl3.5-8b,repope,Sphere-Traj-LSTM,proxy_anchor,logistic,StageC-logistic,supervised_comparator,supervised_comparator,test,test,pooled,0.5,20260506,,,,0.1,passed,,0.6659987099566298,0.5788385097546155,0.7454378882171174,0.9638078033300834,0.9545351610582569,0.9722103916137232,0.6692114231286025,0.2624113475177305,0.12331536388140162,1625,1484,141,1496,repope,3689,352,176,3865,176,15,0
internvl3.5-8b,internvl3.5-8b,pope,Sphere-Traj-LSTM,proxy_anchor,single_vmf,StageC-single_vmf,single_vmf,support_estimator,test,test,pooled,0.5,20260506,,,,,passed,,0.476808293328178,0.3947015368453082,0.5605612569731838,0.9093533220642706,0.8857059311464626,0.9311399308859598,0.4812669042374366,0.18840579710144928,0.42447418738049714,1707,1569,138,1620,repope,3689,352,176,3865,176,93,0
internvl3.5-8b,internvl3.5-8b,pope,Sphere-Traj-LSTM,proxy_anchor,mixture_vmf,StageC-mixture_vmf,mixture_vmf,support_estimator,test,test,pooled,0.5,20260506,,2,,,passed,,0.476808293328178,0.3947015368453082,0.5605612569731838,0.9093533220642706,0.8857059311464626,0.9311399308859598,0.4812669042374366,0.18840579710144928,0.42447418738049714,1707,1569,138,1620,repope,3689,352,176,3865,176,93,0
internvl3.5-8b,internvl3.5-8b,pope,Sphere-Traj-LSTM,proxy_anchor,knn,StageC-knn,knn,support_estimator,test,test,pooled,0.5,20260506,32,,,,passed,,0.4505340589244724,0.36856854310442533,0.531664708714355,0.8868059596715345,0.8586106540696304,0.9138365508806485,0.4549028765736297,0.14492753623188406,0.532823454429573,1707,1569,138,1620,repope,3689,352,176,3865,176,93,0
internvl3.5-8b,internvl3.5-8b,pope,Sphere-Traj-LSTM,proxy_anchor,radius_ball,StageC-radius_ball,radius_ball,support_estimator,test,test,pooled,0.5,20260506,,,0.015126563937934564,,passed,,0.3584909692979491,0.2870105922853485,0.4310350763607645,0.8663115064520002,0.8367812678216037,0.8921585614111085,0.3173729181676797,0.0,0.5181644359464627,1707,1569,138,1620,repope,3689,352,176,3865,176,93,0
internvl3.5-8b,internvl3.5-8b,pope,Sphere-Traj-LSTM,proxy_anchor,logistic,StageC-logistic,supervised_comparator,supervised_comparator,test,test,pooled,0.5,20260506,,,,0.1,passed,,0.48771687401113356,0.407079665845067,0.5691724936696164,0.9344085127608279,0.9209198514794016,0.9476699266809915,0.47866774424199304,0.2028985507246377,0.18036966220522627,1707,1569,138,1620,repope,3689,352,176,3865,176,93,0
internvl3.5-8b,internvl3.5-8b,dash-b,Sphere-Traj-LSTM,proxy_anchor,single_vmf,StageC-single_vmf,single_vmf,support_estimator,test,test,pooled,0.5,20260506,,,,,passed,,0.2746658709112199,0.23549403392254403,0.3207701708047133,0.3851429379463128,0.334006813585293,0.441136748427187,0.27719523421027975,0.0,0.9786476868327402,432,281,151,361,repope,3689,352,176,3865,176,11,0
internvl3.5-8b,internvl3.5-8b,dash-b,Sphere-Traj-LSTM,proxy_anchor,mixture_vmf,StageC-mixture_vmf,mixture_vmf,support_estimator,test,test,pooled,0.5,20260506,,2,,,passed,,0.2746658709112199,0.23549403392254403,0.3207701708047133,0.3851429379463128,0.334006813585293,0.441136748427187,0.27719523421027975,0.0,0.9786476868327402,432,281,151,361,repope,3689,352,176,3865,176,11,0
internvl3.5-8b,internvl3.5-8b,dash-b,Sphere-Traj-LSTM,proxy_anchor,knn,StageC-knn,knn,support_estimator,test,test,pooled,0.5,20260506,32,,,,passed,,0.2676403944728506,0.22926064347144035,0.3172494456657236,0.3287690603568146,0.280314359417416,0.3830722806484176,0.270346810694438,0.006622516556291391,0.9608540925266904,432,281,151,361,repope,3689,352,176,3865,176,11,0
internvl3.5-8b,internvl3.5-8b,dash-b,Sphere-Traj-LSTM,proxy_anchor,radius_ball,StageC-radius_ball,radius_ball,support_estimator,test,test,pooled,0.5,20260506,,,0.015126563937934564,,passed,,0.30331928201568237,0.2583573362071205,0.3624734017664765,0.418821144917631,0.36489588946480994,0.4728608681079127,0.30547201549149966,0.0,0.9679715302491103,432,281,151,361,repope,3689,352,176,3865,176,11,0
internvl3.5-8b,internvl3.5-8b,dash-b,Sphere-Traj-LSTM,proxy_anchor,logistic,StageC-logistic,supervised_comparator,supervised_comparator,test,test,pooled,0.5,20260506,,,,0.1,passed,,0.5152378329786129,0.44464684304945035,0.6000161524086828,0.727534114208951,0.6810251221300584,0.7723790833618136,0.5153192797709228,0.052980132450331126,0.5124555160142349,432,281,151,361,repope,3689,352,176,3865,176,11,0
internvl3.5-8b,internvl3.5-8b,repope,Sphere-Traj-LSTM,proxy_anchor,single_vmf,StageC-single_vmf,single_vmf,support_estimator,test,test,pooled,0.5,20260507,,,,,passed,,0.5892663403602666,0.508786155544538,0.6743382613662912,0.9520464147120109,0.9396088242296402,0.9634538771758792,0.5930518799331725,0.1773049645390071,0.1320754716981132,1625,1484,141,1496,repope,3689,352,176,3865,176,15,0
internvl3.5-8b,internvl3.5-8b,repope,Sphere-Traj-LSTM,proxy_anchor,mixture_vmf,StageC-mixture_vmf,mixture_vmf,support_estimator,test,test,pooled,0.5,20260507,,2,,,passed,,0.045911189067927044,0.03838266979348608,0.05385799239186885,0.04829290206648697,0.03701726498612049,0.060544104275845,0.04653757931413392,0.0,0.9939353099730458,1625,1484,141,1496,repope,3689,352,176,3865,176,15,0
internvl3.5-8b,internvl3.5-8b,repope,Sphere-Traj-LSTM,proxy_anchor,knn,StageC-knn,knn,support_estimator,test,test,pooled,0.5,20260507,32,,,,passed,,0.578431905902774,0.4974954417342215,0.6636137359029939,0.9498862571925599,0.9373377188773357,0.9615398517984769,0.582310608314667,0.15602836879432624,0.17318059299191374,1625,1484,141,1496,repope,3689,352,176,3865,176,15,0
internvl3.5-8b,internvl3.5-8b,repope,Sphere-Traj-LSTM,proxy_anchor,radius_ball,StageC-radius_ball,radius_ball,support_estimator,test,test,pooled,0.5,20260507,,,0.01814310545981271,,passed,,0.566141251096681,0.4922271856917109,0.6367934778618525,0.9284280552847394,0.9113817570128553,0.9439706379528515,0.45966866795539674,0.0,0.24932614555256064,1625,1484,141,1496,repope,3689,352,176,3865,176,15,0
internvl3.5-8b,internvl3.5-8b,repope,Sphere-Traj-LSTM,proxy_anchor,logistic,StageC-logistic,supervised_comparator,supervised_comparator,test,test,pooled,0.5,20260507,,,,0.1,passed,,0.6110684395755769,0.5314981149413174,0.6937224933452443,0.9564336372847011,0.9452307006653934,0.9666227874818453,0.6147779428111383,0.2127659574468085,0.12264150943396226,1625,1484,141,1496,repope,3689,352,176,3865,176,15,0
internvl3.5-8b,internvl3.5-8b,pope,Sphere-Traj-LSTM,proxy_anchor,single_vmf,StageC-single_vmf,single_vmf,support_estimator,test,test,pooled,0.5,20260507,,,,,passed,,0.39267077977312864,0.32122044164331304,0.47337026903916807,0.8855174070071401,0.8520054210453475,0.9128527727699874,0.3970624723082625,0.06521739130434782,0.6347992351816444,1707,1569,138,1620,repope,3689,352,176,3865,176,93,0
internvl3.5-8b,internvl3.5-8b,pope,Sphere-Traj-LSTM,proxy_anchor,mixture_vmf,StageC-mixture_vmf,mixture_vmf,support_estimator,test,test,pooled,0.5,20260507,,2,,,passed,,0.04371894413774465,0.036926358679779565,0.051576674908075465,0.08606515735121605,0.07015969207136809,0.10227292228700137,0.044220624713996924,0.0,0.9904397705544933,1707,1569,138,1620,repope,3689,352,176,3865,176,93,0
internvl3.5-8b,internvl3.5-8b,pope,Sphere-Traj-LSTM,proxy_anchor,knn,StageC-knn,knn,support_estimator,test,test,pooled,0.5,20260507,32,,,,passed,,0.38317809343365816,0.3099488016344801,0.4620008747957076,0.903400116385402,0.884492902436072,0.9197572038925695,0.38754735378180244,0.06521739130434782,0.3352453792224347,1707,1569,138,1620,repope,3689,352,176,3865,176,93,0
internvl3.5-8b,internvl3.5-8b,pope,Sphere-Traj-LSTM,proxy_anchor,radius_ball,StageC-radius_ball,radius_ball,support_estimator,test,test,pooled,0.5,20260507,,,0.01814310545981271,,passed,,0.38654167974128784,0.32272433014938334,0.45572215582771053,0.8855843747979419,0.865379840244595,0.9037105376479969,0.3221446582479087,0.0,0.4047163798597833,1707,1569,138,1620,repope,3689,352,176,3865,176,93,0
internvl3.5-8b,internvl3.5-8b,pope,Sphere-Traj-LSTM,proxy_anchor,logistic,StageC-logistic,supervised_comparator,supervised_comparator,test,test,pooled,0.5,20260507,,,,0.1,passed,,0.41052978088371156,0.3406821577883552,0.49425333727065085,0.9201328271492042,0.9047830594316663,0.9353499481616604,0.40208767152343666,0.10144927536231885,0.20777565328234543,1707,1569,138,1620,repope,3689,352,176,3865,176,93,0
internvl3.5-8b,internvl3.5-8b,dash-b,Sphere-Traj-LSTM,proxy_anchor,single_vmf,StageC-single_vmf,single_vmf,support_estimator,test,test,pooled,0.5,20260507,,,,,passed,,0.24292639399867555,0.20918995991244538,0.2808818356694146,0.2825292828356626,0.23451760177787864,0.3315140343832544,0.24474948711463895,0.0,0.9537366548042705,432,281,151,361,repope,3689,352,176,3865,176,11,0
internvl3.5-8b,internvl3.5-8b,dash-b,Sphere-Traj-LSTM,proxy_anchor,mixture_vmf,StageC-mixture_vmf,mixture_vmf,support_estimator,test,test,pooled,0.5,20260507,,2,,,passed,,0.41426548918012385,0.351390498398851,0.48289120540965547,0.6534609130117132,0.6063654943592115,0.7025634911343013,0.4177803025194025,0.006622516556291391,0.5729537366548043,432,281,151,361,repope,3689,352,176,3865,176,11,0
internvl3.5-8b,internvl3.5-8b,dash-b,Sphere-Traj-LSTM,proxy_anchor,knn,StageC-knn,knn,support_estimator,test,test,pooled,0.5,20260507,32,,,,passed,,0.29027830527491566,0.24327162878626749,0.3432598304315697,0.4028893969032076,0.35210285259566626,0.4585752194731135,0.29278364289120296,0.006622516556291391,0.9822064056939501,432,281,151,361,repope,3689,352,176,3865,176,11,0
internvl3.5-8b,internvl3.5-8b,dash-b,Sphere-Traj-LSTM,proxy_anchor,radius_ball,StageC-radius_ball,radius_ball,support_estimator,test,test,pooled,0.5,20260507,,,0.01814310545981271,,passed,,0.42624022045719195,0.3542150233614489,0.5066362527243081,0.5901110037472602,0.5323964393874925,0.6447077489525984,0.41385304094122144,0.0,0.8718861209964412,432,281,151,361,repope,3689,352,176,3865,176,11,0
internvl3.5-8b,internvl3.5-8b,dash-b,Sphere-Traj-LSTM,proxy_anchor,logistic,StageC-logistic,supervised_comparator,supervised_comparator,test,test,pooled,0.5,20260507,,,,0.1,passed,,0.4198576993207705,0.35618080823263454,0.48837910251391825,0.6635243100563267,0.6175309885214443,0.7113913957818834,0.421178750791523,0.006622516556291391,0.5693950177935944,432,281,151,361,repope,3689,352,176,3865,176,11,0
internvl3.5-8b,internvl3.5-8b,repope,Sphere-Traj-LSTM,proxy_anchor,single_vmf,StageC-single_vmf,single_vmf,support_estimator,test,test,pooled,0.5,20260508,,,,,passed,,0.5670664513861955,0.48254252650675394,0.6469631789690959,0.9447057024335226,0.9300399777730384,0.9577952877820928,0.5715165396529077,0.1773049645390071,0.19204851752021562,1625,1484,141,1496,repope,3689,352,176,3865,176,15,0
internvl3.5-8b,internvl3.5-8b,repope,Sphere-Traj-LSTM,proxy_anchor,mixture_vmf,StageC-mixture_vmf,mixture_vmf,support_estimator,test,test,pooled,0.5,20260508,,4,,,passed,,0.5670664513861955,0.48254252650675394,0.6469631789690959,0.9447057024335226,0.9300399777730384,0.9577952877820928,0.5715165396529077,0.1773049645390071,0.19204851752021562,1625,1484,141,1496,repope,3689,352,176,3865,176,15,0
internvl3.5-8b,internvl3.5-8b,repope,Sphere-Traj-LSTM,proxy_anchor,knn,StageC-knn,knn,support_estimator,test,test,pooled,0.5,20260508,32,,,,passed,,0.5379499850844944,0.4517141779964571,0.618466112195819,0.9368536254325094,0.922849463852601,0.9491275828949979,0.5424322625609638,0.1773049645390071,0.2082210242587601,1625,1484,141,1496,repope,3689,352,176,3865,176,15,0
internvl3.5-8b,internvl3.5-8b,repope,Sphere-Traj-LSTM,proxy_anchor,radius_ball,StageC-radius_ball,radius_ball,support_estimator,test,test,pooled,0.5,20260508,,,0.017936525230252572,,passed,,0.507044852734342,0.4390449193200103,0.5738886814760151,0.9223060159431095,0.9067929061764263,0.9367439466470469,0.4117970477729588,0.0,0.23517520215633422,1625,1484,141,1496,repope,3689,352,176,3865,176,15,0
internvl3.5-8b,internvl3.5-8b,repope,Sphere-Traj-LSTM,proxy_anchor,logistic,StageC-logistic,supervised_comparator,supervised_comparator,test,test,pooled,0.5,20260508,,,,0.1,passed,,0.5794739609162158,0.4974976008130675,0.6566897201031568,0.9537191030567185,0.9432274828190037,0.9631447106245455,0.5610456913166277,0.1773049645390071,0.14285714285714285,1625,1484,141,1496,repope,3689,352,176,3865,176,15,0
internvl3.5-8b,internvl3.5-8b,pope,Sphere-Traj-LSTM,proxy_anchor,single_vmf,StageC-single_vmf,single_vmf,support_estimator,test,test,pooled,0.5,20260508,,,,,passed,,0.38079934782288716,0.30631010492769445,0.45529518590860085,0.8671266661124505,0.8338210696464965,0.8976094807917903,0.38556985827536827,0.12318840579710146,0.6150414276609305,1707,1569,138,1620,repope,3689,352,176,3865,176,93,0
internvl3.5-8b,internvl3.5-8b,pope,Sphere-Traj-LSTM,proxy_anchor,mixture_vmf,StageC-mixture_vmf,mixture_vmf,support_estimator,test,test,pooled,0.5,20260508,,4,,,passed,,0.38079934782288716,0.30631010492769445,0.45529518590860085,0.8671266661124505,0.8338210696464965,0.8976094807917903,0.38556985827536827,0.12318840579710146,0.6150414276609305,1707,1569,138,1620,repope,3689,352,176,3865,176,93,0
internvl3.5-8b,internvl3.5-8b,pope,Sphere-Traj-LSTM,proxy_anchor,knn,StageC-knn,knn,support_estimator,test,test,pooled,0.5,20260508,32,,,,passed,,0.31912824899831926,0.2506023548667058,0.38971115723627525,0.8623696437313528,0.8383229312191439,0.8842850271841141,0.323606311542536,0.08695652173913043,0.33397068196303376,1707,1569,138,1620,repope,3689,352,176,3865,176,93,0
internvl3.5-8b,internvl3.5-8b,pope,Sphere-Traj-LSTM,proxy_anchor,radius_ball,StageC-radius_ball,radius_ball,support_estimator,test,test,pooled,0.5,20260508,,,0.017936525230252572,,passed,,0.29937990366582135,0.23996227344890586,0.3614611090492985,0.8521905395294704,0.8271573616064815,0.8757485745416298,0.2587820105753311,0.0,0.3792224346717655,1707,1569,138,1620,repope,3689,352,176,3865,176,93,0
internvl3.5-8b,internvl3.5-8b,pope,Sphere-Traj-LSTM,proxy_anchor,logistic,StageC-logistic,supervised_comparator,supervised_comparator,test,test,pooled,0.5,20260508,,,,0.1,passed,,0.42735079570682494,0.35048447394853177,0.5002336202131842,0.9153111462114705,0.8978548930892203,0.9307142649513437,0.39710701595350995,0.0,0.2390057361376673,1707,1569,138,1620,repope,3689,352,176,3865,176,93,0
internvl3.5-8b,internvl3.5-8b,dash-b,Sphere-Traj-LSTM,proxy_anchor,single_vmf,StageC-single_vmf,single_vmf,support_estimator,test,test,pooled,0.5,20260508,,,,,passed,,0.2875554185091673,0.2402503061352598,0.3395829022794293,0.39395724823831624,0.3415854482972311,0.4467937639375597,0.2903679214728702,0.006622516556291391,0.9501779359430605,432,281,151,361,repope,3689,352,176,3865,176,11,0
internvl3.5-8b,internvl3.5-8b,dash-b,Sphere-Traj-LSTM,proxy_anchor,mixture_vmf,StageC-mixture_vmf,mixture_vmf,support_estimator,test,test,pooled,0.5,20260508,,4,,,passed,,0.5405042285267542,0.46269524972461573,0.6218124667860313,0.7367019396196177,0.6919998329031402,0.7830944599066535,0.543231086236649,0.046357615894039736,0.5444839857651246,432,281,151,361,repope,3689,352,176,3865,176,11,0
internvl3.5-8b,internvl3.5-8b,dash-b,Sphere-Traj-LSTM,proxy_anchor,knn,StageC-knn,knn,support_estimator,test,test,pooled,0.5,20260508,32,,,,passed,,0.30316410776500075,0.24756525902764193,0.362934196913399,0.353750795409017,0.29914537797018703,0.4096173161753158,0.3052891009015761,0.033112582781456956,0.9750889679715302,432,281,151,361,repope,3689,352,176,3865,176,11,0
internvl3.5-8b,internvl3.5-8b,dash-b,Sphere-Traj-LSTM,proxy_anchor,radius_ball,StageC-radius_ball,radius_ball,support_estimator,test,test,pooled,0.5,20260508,,,0.017936525230252572,,passed,,0.3717289165560883,0.3076984205876059,0.4412004582595209,0.48766232235865287,0.42875907742559666,0.5508866278633043,0.35664944084119654,0.0,0.9679715302491103,432,281,151,361,repope,3689,352,176,3865,176,11,0
internvl3.5-8b,internvl3.5-8b,dash-b,Sphere-Traj-LSTM,proxy_anchor,logistic,StageC-logistic,supervised_comparator,supervised_comparator,test,test,pooled,0.5,20260508,,,,0.1,passed,,0.5435870124589525,0.4675510198337519,0.6257122714359834,0.7387994626570196,0.6944807177368313,0.7839977767870285,0.5300749609536699,0.0,0.5409252669039146,432,281,151,361,repope,3689,352,176,3865,176,11,0
minicpm-v-2_6,minicpm-v-2_6,repope,Sphere-Traj-LSTM,proxy_anchor,single_vmf,StageC-single_vmf,single_vmf,support_estimator,test,test,pooled,0.5,20260506,,,,,passed,,0.23649702285904695,0.07008264204195375,0.421519610050307,0.8448778167548605,0.7379244541507751,0.9330475526509548,0.24687322751768587,0.18181818181818182,0.7076520601700458,1551,1529,22,1529,repope,3776,80,40,3816,40,89,0
minicpm-v-2_6,minicpm-v-2_6,repope,Sphere-Traj-LSTM,proxy_anchor,mixture_vmf,StageC-mixture_vmf,mixture_vmf,support_estimator,test,test,pooled,0.5,20260506,,2,,,passed,,0.23649702285904695,0.07008264204195375,0.421519610050307,0.8448778167548605,0.7379244541507751,0.9330475526509548,0.24687322751768587,0.18181818181818182,0.7076520601700458,1551,1529,22,1529,repope,3776,80,40,3816,40,89,0
minicpm-v-2_6,minicpm-v-2_6,repope,Sphere-Traj-LSTM,proxy_anchor,knn,StageC-knn,knn,support_estimator,test,test,pooled,0.5,20260506,16,,,,passed,,0.017786652713750493,0.007895199326732013,0.03507635502245961,0.47642547119329326,0.3275835735328159,0.6164357759319957,0.02276605859338198,0.0,0.9391759319816874,1551,1529,22,1529,repope,3776,80,40,3816,40,89,0
minicpm-v-2_6,minicpm-v-2_6,repope,Sphere-Traj-LSTM,proxy_anchor,radius_ball,StageC-radius_ball,radius_ball,support_estimator,test,test,pooled,0.5,20260506,,,0.015450013581692538,,passed,,0.01186863103230234,0.006806680100662938,0.01821725131583167,0.4591979309114692,0.35122786346496365,0.5705482670212745,0.01363916222392449,0.0,0.8397645519947678,1551,1529,22,1529,repope,3776,80,40,3816,40,89,0
minicpm-v-2_6,minicpm-v-2_6,repope,Sphere-Traj-LSTM,proxy_anchor,logistic,StageC-logistic,supervised_comparator,supervised_comparator,test,test,pooled,0.5,20260506,,,,10.0,passed,,0.23831621822694998,0.0762990291779458,0.4208490250841076,0.8406861287829241,0.7215944836979474,0.940854009372768,0.248213159502357,0.18181818181818182,0.8057553956834532,1551,1529,22,1529,repope,3776,80,40,3816,40,89,0
minicpm-v-2_6,minicpm-v-2_6,pope,Sphere-Traj-LSTM,proxy_anchor,single_vmf,StageC-single_vmf,single_vmf,support_estimator,test,test,pooled,0.5,20260506,,,,,passed,,0.031159566352727527,0.013206070656755749,0.08742249559733432,0.835129993658846,0.7606006998351638,0.9040102665937225,0.03971008512527083,0.07692307692307693,0.4438807863031072,1590,1577,13,1582,repope,3776,80,40,3816,40,210,0
minicpm-v-2_6,minicpm-v-2_6,pope,Sphere-Traj-LSTM,proxy_anchor,mixture_vmf,StageC-mixture_vmf,mixture_vmf,support_estimator,test,test,pooled,0.5,20260506,,2,,,passed,,0.031159566352727527,0.013206070656755749,0.08742249559733432,0.835129993658846,0.7606006998351638,0.9040102665937225,0.03971008512527083,0.07692307692307693,0.4438807863031072,1590,1577,13,1582,repope,3776,80,40,3816,40,210,0
minicpm-v-2_6,minicpm-v-2_6,pope,Sphere-Traj-LSTM,proxy_anchor,knn,StageC-knn,knn,support_estimator,test,test,pooled,0.5,20260506,16,,,,passed,,0.005129993981197303,0.002651384745330505,0.008875798848101538,0.2814496853812009,0.13105720704543045,0.450329241286568,0.0057756603651969735,0.0,0.9917564996829423,1590,1577,13,1582,repope,3776,80,40,3816,40,210,0
minicpm-v-2_6,minicpm-v-2_6,pope,Sphere-Traj-LSTM,proxy_anchor,radius_ball,StageC-radius_ball,radius_ball,support_estimator,test,test,pooled,0.5,20260506,,,0.015450013581692538,,passed,,0.04502100708767552,0.003045299229608477,0.1386897127350146,0.3850543875908492,0.2426831591255287,0.5503502307259478,0.007835503396536287,0.0,0.8922003804692454,1590,1577,13,1582,repope,3776,80,40,3816,40,210,0
minicpm-v-2_6,minicpm-v-2_6,pope,Sphere-Traj-LSTM,proxy_anchor,logistic,StageC-logistic,supervised_comparator,supervised_comparator,test,test,pooled,0.5,20260506,,,,10.0,passed,,0.048026976773059386,0.021229600610490396,0.09849895565700803,0.8975659723915906,0.8384470281154307,0.9457252567941539,0.05672616672473549,0.07692307692307693,0.30120481927710846,1590,1577,13,1582,repope,3776,80,40,3816,40,210,0
minicpm-v-2_6,minicpm-v-2_6,dash-b,Sphere-Traj-LSTM,proxy_anchor,single_vmf,StageC-single_vmf,single_vmf,support_estimator,test,test,pooled,0.5,20260506,,,,,passed,,0.2441257703678379,0.19863177746950425,0.30016967497544655,0.5694600324229955,0.509277272082684,0.6259093831718595,0.2473424306442543,0.0,0.8703703703703703,423,324,99,394,repope,3776,80,40,3816,40,20,0
minicpm-v-2_6,minicpm-v-2_6,dash-b,Sphere-Traj-LSTM,proxy_anchor,mixture_vmf,StageC-mixture_vmf,mixture_vmf,support_estimator,test,test,pooled,0.5,20260506,,2,,,passed,,0.2441257703678379,0.19863177746950425,0.30016967497544655,0.5694600324229955,0.509277272082684,0.6259093831718595,0.2473424306442543,0.0,0.8703703703703703,423,324,99,394,repope,3776,80,40,3816,40,20,0
minicpm-v-2_6,minicpm-v-2_6,dash-b,Sphere-Traj-LSTM,proxy_anchor,knn,StageC-knn,knn,support_estimator,test,test,pooled,0.5,20260506,16,,,,passed,,0.17765093207098634,0.14404648393636008,0.22215777993835456,0.36213991769547327,0.3019427589406126,0.42612574734389735,0.18103760798871324,0.0,0.9722222222222222,423,324,99,394,repope,3776,80,40,3816,40,20,0
minicpm-v-2_6,minicpm-v-2_6,dash-b,Sphere-Traj-LSTM,proxy_anchor,radius_ball,StageC-radius_ball,radius_ball,support_estimator,test,test,pooled,0.5,20260506,,,0.015450013581692538,,passed,,0.1870835128148866,0.14676193461319206,0.23130599900635862,0.35366005736376105,0.2970897678016009,0.4142293956199844,0.17817433789834142,0.0,0.9938271604938271,423,324,99,394,repope,3776,80,40,3816,40,20,0
minicpm-v-2_6,minicpm-v-2_6,dash-b,Sphere-Traj-LSTM,proxy_anchor,logistic,StageC-logistic,supervised_comparator,supervised_comparator,test,test,pooled,0.5,20260506,,,,10.0,passed,,0.41819418169308437,0.33582124629243065,0.5114129854960139,0.7399925177702955,0.6904665704874182,0.7864830833847192,0.42376102606567434,0.030303030303030304,0.6450617283950617,423,324,99,394,repope,3776,80,40,3816,40,20,0
minicpm-v-2_6,minicpm-v-2_6,repope,Sphere-Traj-LSTM,proxy_anchor,single_vmf,StageC-single_vmf,single_vmf,support_estimator,test,test,pooled,0.5,20260507,,,,,passed,,0.12960906607340944,0.062209413090105324,0.2332263729602715,0.8662524525833879,0.7634788467107301,0.9515325284288777,0.16111195640660284,0.22727272727272727,0.671026814911707,1551,1529,22,1529,repope,3776,80,40,3816,40,89,0
minicpm-v-2_6,minicpm-v-2_6,repope,Sphere-Traj-LSTM,proxy_anchor,mixture_vmf,StageC-mixture_vmf,mixture_vmf,support_estimator,test,test,pooled,0.5,20260507,,2,,,passed,,0.12960906607340944,0.062209413090105324,0.2332263729602715,0.8662524525833879,0.7634788467107301,0.9515325284288777,0.16111195640660284,0.22727272727272727,0.671026814911707,1551,1529,22,1529,repope,3776,80,40,3816,40,89,0
minicpm-v-2_6,minicpm-v-2_6,repope,Sphere-Traj-LSTM,proxy_anchor,knn,StageC-knn,knn,support_estimator,test,test,pooled,0.5,20260507,32,,,,passed,,0.060733789892055565,0.026651051529616682,0.123283227557305,0.8215113859325762,0.7653876995613419,0.880492727272359,0.07488545204926542,0.045454545454545456,0.4048397645519948,1551,1529,22,1529,repope,3776,80,40,3816,40,89,0
minicpm-v-2_6,minicpm-v-2_6,repope,Sphere-Traj-LSTM,proxy_anchor,radius_ball,StageC-radius_ball,radius_ball,support_estimator,test,test,pooled,0.5,20260507,,,0.007575214267842335,,passed,,0.47840755411332264,0.406193654600278,0.529126213592233,0.8241274748796005,0.7505991846385115,0.8765473323305327,0.045776196616827115,0.0,0.6304774362328319,1551,1529,22,1529,repope,3776,80,40,3816,40,89,0
minicpm-v-2_6,minicpm-v-2_6,repope,Sphere-Traj-LSTM,proxy_anchor,logistic,StageC-logistic,supervised_comparator,supervised_comparator,test,test,pooled,0.5,20260507,,,,0.1,passed,,0.3082019809910133,0.15369616403753433,0.48481157738355274,0.9394732148165765,0.9008992858527922,0.9717204654137989,0.31757999549223864,0.22727272727272727,0.262916939175932,1551,1529,22,1529,repope,3776,80,40,3816,40,89,0
minicpm-v-2_6,minicpm-v-2_6,pope,Sphere-Traj-LSTM,proxy_anchor,single_vmf,StageC-single_vmf,single_vmf,support_estimator,test,test,pooled,0.5,20260507,,,,,passed,,0.1222850596952057,0.01597944056838167,0.32336609416182527,0.8689332227696209,0.8044899237430007,0.9339937573383944,0.12860682601512702,0.15384615384615385,0.33100824350031705,1590,1577,13,1582,repope,3776,80,40,3816,40,210,0
minicpm-v-2_6,minicpm-v-2_6,pope,Sphere-Traj-LSTM,proxy_anchor,mixture_vmf,StageC-mixture_vmf,mixture_vmf,support_estimator,test,test,pooled,0.5,20260507,,2,,,passed,,0.1222850596952057,0.01597944056838167,0.32336609416182527,0.8689332227696209,0.8044899237430007,0.9339937573383944,0.12860682601512702,0.15384615384615385,0.33100824350031705,1590,1577,13,1582,repope,3776,80,40,3816,40,210,0
minicpm-v-2_6,minicpm-v-2_6,pope,Sphere-Traj-LSTM,proxy_anchor,knn,StageC-knn,knn,support_estimator,test,test,pooled,0.5,20260507,32,,,,passed,,0.038806435775988996,0.007990526422875939,0.15365290435239592,0.7134773913467636,0.5935161069658395,0.8453623328251433,0.053842167367026,0.15384615384615385,0.673430564362714,1590,1577,13,1582,repope,3776,80,40,3816,40,210,0
minicpm-v-2_6,minicpm-v-2_6,pope,Sphere-Traj-LSTM,proxy_anchor,radius_ball,StageC-radius_ball,radius_ball,support_estimator,test,test,pooled,0.5,20260507,,,0.007575214267842335,,passed,,0.317929671053179,0.17380826116905626,0.4613408031375532,0.6974050046339203,0.5537250859141165,0.8268689231509048,0.01579262312483429,0.0,0.8008877615726062,1590,1577,13,1582,repope,3776,80,40,3816,40,210,0
minicpm-v-2_6,minicpm-v-2_6,pope,Sphere-Traj-LSTM,proxy_anchor,logistic,StageC-logistic,supervised_comparator,supervised_comparator,test,test,pooled,0.5,20260507,,,,0.1,passed,,0.16206883056157906,0.03366195441164119,0.3838802144065911,0.9452221842836934,0.9234663573617111,0.9677674874945716,0.17334729490335138,0.15384615384615385,0.11033608116677235,1590,1577,13,1582,repope,3776,80,40,3816,40,210,0
minicpm-v-2_6,minicpm-v-2_6,dash-b,Sphere-Traj-LSTM,proxy_anchor,single_vmf,StageC-single_vmf,single_vmf,support_estimator,test,test,pooled,0.5,20260507,,,,,passed,,0.24881140299196086,0.20241089662392048,0.30373109642264695,0.5820862950492579,0.5209413771897353,0.6368983236097034,0.25227563776507544,0.0,0.9104938271604939,423,324,99,394,repope,3776,80,40,3816,40,20,0
minicpm-v-2_6,minicpm-v-2_6,dash-b,Sphere-Traj-LSTM,proxy_anchor,mixture_vmf,StageC-mixture_vmf,mixture_vmf,support_estimator,test,test,pooled,0.5,20260507,,2,,,passed,,0.24881140299196086,0.20241089662392048,0.30373109642264695,0.5820862950492579,0.5209413771897353,0.6368983236097034,0.25227563776507544,0.0,0.9104938271604939,423,324,99,394,repope,3776,80,40,3816,40,20,0
minicpm-v-2_6,minicpm-v-2_6,dash-b,Sphere-Traj-LSTM,proxy_anchor,knn,StageC-knn,knn,support_estimator,test,test,pooled,0.5,20260507,32,,,,passed,,0.19353072987516354,0.1559692006567248,0.24141129104026166,0.4167913704950742,0.3470464213772621,0.47931019229904925,0.1973324100367851,0.0,0.9290123456790124,423,324,99,394,repope,3776,80,40,3816,40,20,0
minicpm-v-2_6,minicpm-v-2_6,dash-b,Sphere-Traj-LSTM,proxy_anchor,radius_ball,StageC-radius_ball,radius_ball,support_estimator,test,test,pooled,0.5,20260507,,,0.007575214267842335,,passed,,0.38907526150958305,0.31684250259036234,0.4622301419316523,0.5510973936899863,0.48188061589965325,0.6126953852717467,0.26237752198021325,0.0,0.9475308641975309,423,324,99,394,repope,3776,80,40,3816,40,20,0
minicpm-v-2_6,minicpm-v-2_6,dash-b,Sphere-Traj-LSTM,proxy_anchor,logistic,StageC-logistic,supervised_comparator,supervised_comparator,test,test,pooled,0.5,20260507,,,,0.1,passed,,0.47873228934293777,0.3890818263380196,0.5798340899654968,0.7904040404040404,0.7442961047091753,0.8312604165146894,0.4829589005293951,0.0707070707070707,0.5370370370370371,423,324,99,394,repope,3776,80,40,3816,40,20,0
minicpm-v-2_6,minicpm-v-2_6,repope,Sphere-Traj-LSTM,proxy_anchor,single_vmf,StageC-single_vmf,single_vmf,support_estimator,test,test,pooled,0.5,20260508,,,,,passed,,0.33679012532011376,0.13007406634108196,0.5650174719529257,0.8460966763779059,0.7251772881167221,0.9459805851474448,0.3688058181895761,0.3181818181818182,0.7155003270111184,1551,1529,22,1529,repope,3776,80,40,3816,40,89,0
minicpm-v-2_6,minicpm-v-2_6,repope,Sphere-Traj-LSTM,proxy_anchor,mixture_vmf,StageC-mixture_vmf,mixture_vmf,support_estimator,test,test,pooled,0.5,20260508,,2,,,passed,,0.007350825022583685,0.004523159764625202,0.010542734967442208,0.07652060170045782,0.036474691371577314,0.12316183151875745,0.00812314404420546,0.0,0.999345977763244,1551,1529,22,1529,repope,3776,80,40,3816,40,89,0
minicpm-v-2_6,minicpm-v-2_6,repope,Sphere-Traj-LSTM,proxy_anchor,knn,StageC-knn,knn,support_estimator,test,test,pooled,0.5,20260508,4,,,,passed,,0.34934956099032827,0.14691457377654732,0.5431616285697591,0.8916404066829181,0.8343895006426739,0.9410869765049836,0.3589041096636695,0.3181818181818182,0.3250490516677567,1551,1529,22,1529,repope,3776,80,40,3816,40,89,0
minicpm-v-2_6,minicpm-v-2_6,repope,Sphere-Traj-LSTM,proxy_anchor,radius_ball,StageC-radius_ball,radius_ball,support_estimator,test,test,pooled,0.5,20260508,,,0.00906405868349422,,passed,,0.45284984352663915,0.36549228555031343,0.5170222646356862,0.8129347761460253,0.7828547315954422,0.8386922258199916,0.037080805934397096,0.0,0.3407455853499019,1551,1529,22,1529,repope,3776,80,40,3816,40,89,0
minicpm-v-2_6,minicpm-v-2_6,repope,Sphere-Traj-LSTM,proxy_anchor,logistic,StageC-logistic,supervised_comparator,supervised_comparator,test,test,pooled,0.5,20260508,,,,0.1,passed,,0.33438625427432234,0.12760490294726007,0.5623424956505907,0.8320351982876508,0.6976056154517143,0.9404983084205936,0.3661993720796283,0.3181818181818182,0.7599738391105297,1551,1529,22,1529,repope,3776,80,40,3816,40,89,0
minicpm-v-2_6,minicpm-v-2_6,pope,Sphere-Traj-LSTM,proxy_anchor,single_vmf,StageC-single_vmf,single_vmf,support_estimator,test,test,pooled,0.5,20260508,,,,,passed,,0.181197107358839,0.012736964010028159,0.39376942568326745,0.776254816838203,0.605798878724483,0.9270423006503272,0.18426442108037377,0.15384615384615385,0.9613189600507293,1590,1577,13,1582,repope,3776,80,40,3816,40,210,0
minicpm-v-2_6,minicpm-v-2_6,pope,Sphere-Traj-LSTM,proxy_anchor,mixture_vmf,StageC-mixture_vmf,mixture_vmf,support_estimator,test,test,pooled,0.5,20260508,,2,,,passed,,0.00441398507911003,0.002136988244001772,0.006782373816437019,0.12614018828349835,0.06672564919333202,0.19457918598227364,0.004833898901159203,0.0,1.0,1590,1577,13,1582,repope,3776,80,40,3816,40,210,0
minicpm-v-2_6,minicpm-v-2_6,pope,Sphere-Traj-LSTM,proxy_anchor,knn,StageC-knn,knn,support_estimator,test,test,pooled,0.5,20260508,4,,,,passed,,0.05321673993603537,0.007651620102221054,0.260610732780876,0.7572801326764549,0.6790497728720938,0.8348327036433499,0.0787509648231184,0.15384615384615385,0.424857324032974,1590,1577,13,1582,repope,3776,80,40,3816,40,210,0
minicpm-v-2_6,minicpm-v-2_6,pope,Sphere-Traj-LSTM,proxy_anchor,radius_ball,StageC-radius_ball,radius_ball,support_estimator,test,test,pooled,0.5,20260508,,,0.00906405868349422,,passed,,0.3956924062817157,0.25944741137924254,0.5084320592725946,0.7754987561582362,0.7234723157726333,0.8183008497995718,0.0181821116498872,0.0,0.37666455294863666,1590,1577,13,1582,repope,3776,80,40,3816,40,210,0
minicpm-v-2_6,minicpm-v-2_6,pope,Sphere-Traj-LSTM,proxy_anchor,logistic,StageC-logistic,supervised_comparator,supervised_comparator,test,test,pooled,0.5,20260508,,,,0.1,passed,,0.18141360579239887,0.012802703175276283,0.3933779149352494,0.7902541339446856,0.6327816455696202,0.9246231864117473,0.1845148141688458,0.15384615384615385,0.8871274571972099,1590,1577,13,1582,repope,3776,80,40,3816,40,210,0
minicpm-v-2_6,minicpm-v-2_6,dash-b,Sphere-Traj-LSTM,proxy_anchor,single_vmf,StageC-single_vmf,single_vmf,support_estimator,test,test,pooled,0.5,20260508,,,,,passed,,0.380381691856859,0.29324562053915426,0.4776965213083624,0.5861703454296046,0.5165698285752609,0.6561313177433526,0.38363640595078974,0.06060606060606061,0.9691358024691358,423,324,99,394,repope,3776,80,40,3816,40,20,0
minicpm-v-2_6,minicpm-v-2_6,dash-b,Sphere-Traj-LSTM,proxy_anchor,mixture_vmf,StageC-mixture_vmf,mixture_vmf,support_estimator,test,test,pooled,0.5,20260508,,2,,,passed,,0.380381691856859,0.29324562053915426,0.4776965213083624,0.5861703454296046,0.5165698285752609,0.6561313177433526,0.38363640595078974,0.06060606060606061,0.9691358024691358,423,324,99,394,repope,3776,80,40,3816,40,20,0
minicpm-v-2_6,minicpm-v-2_6,dash-b,Sphere-Traj-LSTM,proxy_anchor,knn,StageC-knn,knn,support_estimator,test,test,pooled,0.5,20260508,4,,,,passed,,0.38482367489775504,0.2972925820719213,0.47630681868706615,0.6178139418880159,0.5522432498376911,0.6818324738597126,0.3881125177570163,0.06060606060606061,0.8518518518518519,423,324,99,394,repope,3776,80,40,3816,40,20,0
minicpm-v-2_6,minicpm-v-2_6,dash-b,Sphere-Traj-LSTM,proxy_anchor,radius_ball,StageC-radius_ball,radius_ball,support_estimator,test,test,pooled,0.5,20260508,,,0.00906405868349422,,passed,,0.5472350432878685,0.49833293320807376,0.5990142495930929,0.598079561042524,0.5525439515517576,0.6449220220266436,0.2765091808601156,0.0,0.8271604938271605,423,324,99,394,repope,3776,80,40,3816,40,20,0
minicpm-v-2_6,minicpm-v-2_6,dash-b,Sphere-Traj-LSTM,proxy_anchor,logistic,StageC-logistic,supervised_comparator,supervised_comparator,test,test,pooled,0.5,20260508,,,,0.1,passed,,0.4726229496322787,0.3794786456908473,0.5690850359131298,0.7707320114727523,0.7197149487015267,0.8193742122604962,0.47629168071078054,0.06060606060606061,0.5771604938271605,423,324,99,394,repope,3776,80,40,3816,40,20,0
gemma-3-12b-it,gemma-3-12b-it,repope,Sphere-Traj-LSTM,proxy_anchor,single_vmf,StageC-single_vmf,single_vmf,support_estimator,test,test,pooled,0.5,20260506,,,,,passed,,0.736456434544031,0.671033649290995,0.803653167546494,0.9553390522875816,0.9363261769561383,0.971150005884342,0.7381104873522903,0.29411764705882354,0.12083333333333333,1610,1440,170,1443,repope,3553,425,212,3765,212,30,0
gemma-3-12b-it,gemma-3-12b-it,repope,Sphere-Traj-LSTM,proxy_anchor,mixture_vmf,StageC-mixture_vmf,mixture_vmf,support_estimator,test,test,pooled,0.5,20260506,,8,,,passed,,0.736456434544031,0.671033649290995,0.8036531675464939,0.9553390522875815,0.9363261769561383,0.971150005884342,0.7381104873522903,0.29411764705882354,0.12083333333333333,1610,1440,170,1443,repope,3553,425,212,3765,212,30,0
gemma-3-12b-it,gemma-3-12b-it,repope,Sphere-Traj-LSTM,proxy_anchor,knn,StageC-knn,knn,support_estimator,test,test,pooled,0.5,20260506,32,,,,passed,,0.6842293112266987,0.6173832471991689,0.7558669097688386,0.9460294117647059,0.9316159319606738,0.958437054110533,0.6859576439228761,0.3,0.14652777777777778,1610,1440,170,1443,repope,3553,425,212,3765,212,30,0
gemma-3-12b-it,gemma-3-12b-it,repope,Sphere-Traj-LSTM,proxy_anchor,radius_ball,StageC-radius_ball,radius_ball,support_estimator,test,test,pooled,0.5,20260506,,,0.01482555265630899,,passed,,0.6336530286776291,0.5741368176981486,0.6922819969166859,0.9277532679738562,0.9125164280634079,0.9408674879038499,0.5253424414758718,0.0,0.21944444444444444,1610,1440,170,1443,repope,3553,425,212,3765,212,30,0
gemma-3-12b-it,gemma-3-12b-it,repope,Sphere-Traj-LSTM,proxy_anchor,logistic,StageC-logistic,supervised_comparator,supervised_comparator,test,test,pooled,0.5,20260506,,,,0.1,passed,,0.7292899275140231,0.6614381075087974,0.8002601716647889,0.9648815359477124,0.9549232503778997,0.9743760189784593,0.7217359245129216,0.29411764705882354,0.15694444444444444,1610,1440,170,1443,repope,3553,425,212,3765,212,30,0
gemma-3-12b-it,gemma-3-12b-it,pope,Sphere-Traj-LSTM,proxy_anchor,single_vmf,StageC-single_vmf,single_vmf,support_estimator,test,test,pooled,0.5,20260506,,,,,passed,,0.6255300069475409,0.5536586312592633,0.704153670473896,0.9396211365902294,0.9237538191925947,0.9551929343761005,0.6281481530129878,0.10160427807486631,0.27322033898305087,1662,1475,187,1543,repope,3553,425,212,3765,212,138,0
gemma-3-12b-it,gemma-3-12b-it,pope,Sphere-Traj-LSTM,proxy_anchor,mixture_vmf,StageC-mixture_vmf,mixture_vmf,support_estimator,test,test,pooled,0.5,20260506,,8,,,passed,,0.6255300069475409,0.5536586312592633,0.704153670473896,0.9396211365902294,0.9237538191925947,0.9551929343761005,0.6281481530129878,0.10160427807486631,0.27322033898305087,1662,1475,187,1543,repope,3553,425,212,3765,212,138,0
gemma-3-12b-it,gemma-3-12b-it,pope,Sphere-Traj-LSTM,proxy_anchor,knn,StageC-knn,knn,support_estimator,test,test,pooled,0.5,20260506,32,,,,passed,,0.5235250445428076,0.4558347875633258,0.5997075954672815,0.9145146379044684,0.8994604306169767,0.9282034671262471,0.5262184826498817,0.10160427807486631,0.24135593220338983,1662,1475,187,1543,repope,3553,425,212,3765,212,138,0
gemma-3-12b-it,gemma-3-12b-it,pope,Sphere-Traj-LSTM,proxy_anchor,radius_ball,StageC-radius_ball,radius_ball,support_estimator,test,test,pooled,0.5,20260506,,,0.01482555265630899,,passed,,0.5185660901339267,0.4577805663538659,0.581700678569522,0.8980748663101603,0.8813852734135819,0.9130291080358672,0.42917313108441973,0.0,0.24338983050847457,1662,1475,187,1543,repope,3553,425,212,3765,212,138,0
gemma-3-12b-it,gemma-3-12b-it,pope,Sphere-Traj-LSTM,proxy_anchor,logistic,StageC-logistic,supervised_comparator,supervised_comparator,test,test,pooled,0.5,20260506,,,,0.1,passed,,0.6320304828528263,0.5612264391129539,0.7079722421407013,0.9528215353938186,0.9430628507556801,0.962337790015675,0.6153017510934765,0.09090909090909091,0.16135593220338984,1662,1475,187,1543,repope,3553,425,212,3765,212,138,0
gemma-3-12b-it,gemma-3-12b-it,dash-b,Sphere-Traj-LSTM,proxy_anchor,single_vmf,StageC-single_vmf,single_vmf,support_estimator,test,test,pooled,0.5,20260506,,,,,passed,,0.5575150475161729,0.49446001582676535,0.6240163866110905,0.7220122616948014,0.6730453693046069,0.768285412140385,0.5605028614976812,0.01020408163265306,0.5843621399176955,439,243,196,326,repope,3553,425,212,3765,212,4,0
gemma-3-12b-it,gemma-3-12b-it,dash-b,Sphere-Traj-LSTM,proxy_anchor,mixture_vmf,StageC-mixture_vmf,mixture_vmf,support_estimator,test,test,pooled,0.5,20260506,,8,,,passed,,0.5575150475161729,0.49446001582676535,0.6240163866110905,0.7220122616948014,0.6730453693046069,0.768285412140385,0.5605028614976812,0.01020408163265306,0.5843621399176955,439,243,196,326,repope,3553,425,212,3765,212,4,0
gemma-3-12b-it,gemma-3-12b-it,dash-b,Sphere-Traj-LSTM,proxy_anchor,knn,StageC-knn,knn,support_estimator,test,test,pooled,0.5,20260506,32,,,,passed,,0.7698448841080806,0.7127898780405677,0.8210691348631407,0.7794784580498868,0.7340405956462818,0.8197308134846609,0.7705506915465588,0.1836734693877551,0.7777777777777778,439,243,196,326,repope,3553,425,212,3765,212,4,0
gemma-3-12b-it,gemma-3-12b-it,dash-b,Sphere-Traj-LSTM,proxy_anchor,radius_ball,StageC-radius_ball,radius_ball,support_estimator,test,test,pooled,0.5,20260506,,,0.01482555265630899,,passed,,0.7104382097941193,0.6477839187688876,0.7678588574329905,0.7463256907701352,0.6979925383623112,0.7905059413840912,0.6595649705966022,0.0,0.8065843621399177,439,243,196,326,repope,3553,425,212,3765,212,4,0
gemma-3-12b-it,gemma-3-12b-it,dash-b,Sphere-Traj-LSTM,proxy_anchor,logistic,StageC-logistic,supervised_comparator,supervised_comparator,test,test,pooled,0.5,20260506,,,,0.1,passed,,0.8957315779518673,0.8505902536990537,0.9375737422177953,0.9267237759301251,0.9022216842322344,0.9502830111674998,0.8961686998247655,0.15306122448979592,0.31275720164609055,439,243,196,326,repope,3553,425,212,3765,212,4,0
gemma-3-12b-it,gemma-3-12b-it,repope,Sphere-Traj-LSTM,proxy_anchor,single_vmf,StageC-single_vmf,single_vmf,support_estimator,test,test,pooled,0.5,20260507,,,,,passed,,0.6791266445807348,0.5993297170499332,0.7468680113825072,0.9371609477124183,0.9141481985654336,0.959059683549523,0.6811945786554681,0.21764705882352942,0.125,1610,1440,170,1443,repope,3553,425,212,3765,212,30,0
gemma-3-12b-it,gemma-3-12b-it,repope,Sphere-Traj-LSTM,proxy_anchor,mixture_vmf,StageC-mixture_vmf,mixture_vmf,support_estimator,test,test,pooled,0.5,20260507,,2,,,passed,,0.6791266445807349,0.5993297170499332,0.7468680113825074,0.9371609477124183,0.9141481985654336,0.959059683549523,0.681194578655468,0.21764705882352942,0.125,1610,1440,170,1443,repope,3553,425,212,3765,212,30,0
gemma-3-12b-it,gemma-3-12b-it,repope,Sphere-Traj-LSTM,proxy_anchor,knn,StageC-knn,knn,support_estimator,test,test,pooled,0.5,20260507,32,,,,passed,,0.6812520235322537,0.6016271527501548,0.750547842194674,0.9570833333333333,0.9459246525949596,0.9668636907250806,0.683345839511854,0.21764705882352942,0.13055555555555556,1610,1440,170,1443,repope,3553,425,212,3765,212,30,0
gemma-3-12b-it,gemma-3-12b-it,repope,Sphere-Traj-LSTM,proxy_anchor,radius_ball,StageC-radius_ball,radius_ball,support_estimator,test,test,pooled,0.5,20260507,,,0.008543779056727218,,passed,,0.6879228326261441,0.65290539047938,0.7193048604704818,0.9177348856209151,0.9059123311098737,0.9293921837314509,0.4274180724854414,0.0,0.22708333333333333,1610,1440,170,1443,repope,3553,425,212,3765,212,30,0
gemma-3-12b-it,gemma-3-12b-it,repope,Sphere-Traj-LSTM,proxy_anchor,logistic,StageC-logistic,supervised_comparator,supervised_comparator,test,test,pooled,0.5,20260507,,,,0.1,passed,,0.6934966672966885,0.6164625092258914,0.7602371645849183,0.9590849673202615,0.9484457167266004,0.9696532591429243,0.6724330076516368,0.22941176470588234,0.10416666666666667,1610,1440,170,1443,repope,3553,425,212,3765,212,30,0
gemma-3-12b-it,gemma-3-12b-it,pope,Sphere-Traj-LSTM,proxy_anchor,single_vmf,StageC-single_vmf,single_vmf,support_estimator,test,test,pooled,0.5,20260507,,,,,passed,,0.6168023282371806,0.5401780736934391,0.6844166186154584,0.9238212634822804,0.9002664527601436,0.9458514821866698,0.619100183579044,0.12834224598930483,0.3694915254237288,1662,1475,187,1543,repope,3553,425,212,3765,212,138,0
gemma-3-12b-it,gemma-3-12b-it,pope,Sphere-Traj-LSTM,proxy_anchor,mixture_vmf,StageC-mixture_vmf,mixture_vmf,support_estimator,test,test,pooled,0.5,20260507,,2,,,passed,,0.6168023282371806,0.5401780736934391,0.6844166186154584,0.9238212634822804,0.9002664527601436,0.9458514821866698,0.619100183579044,0.12834224598930483,0.3694915254237288,1662,1475,187,1543,repope,3553,425,212,3765,212,138,0
gemma-3-12b-it,gemma-3-12b-it,pope,Sphere-Traj-LSTM,proxy_anchor,knn,StageC-knn,knn,support_estimator,test,test,pooled,0.5,20260507,32,,,,passed,,0.5485661594465692,0.47770446103617614,0.6187892227417853,0.923426085380223,0.9087383708118012,0.9377332656234986,0.5509517470291035,0.12834224598930483,0.2122033898305085,1662,1475,187,1543,repope,3553,425,212,3765,212,138,0
gemma-3-12b-it,gemma-3-12b-it,pope,Sphere-Traj-LSTM,proxy_anchor,radius_ball,StageC-radius_ball,radius_ball,support_estimator,test,test,pooled,0.5,20260507,,,0.008543779056727218,,passed,,0.6296826527233575,0.5923446235547568,0.6657773209459527,0.8864189250430526,0.8713260029681006,0.9007386181093671,0.3696541693946422,0.0,0.3369491525423729,1662,1475,187,1543,repope,3553,425,212,3765,212,138,0
gemma-3-12b-it,gemma-3-12b-it,pope,Sphere-Traj-LSTM,proxy_anchor,logistic,StageC-logistic,supervised_comparator,supervised_comparator,test,test,pooled,0.5,20260507,,,,0.1,passed,,0.635171704124612,0.5627690173934209,0.6994130606604543,0.9479724462974712,0.9360729346921008,0.9590672325113571,0.6063614093370155,0.0,0.13898305084745763,1662,1475,187,1543,repope,3553,425,212,3765,212,138,0
gemma-3-12b-it,gemma-3-12b-it,dash-b,Sphere-Traj-LSTM,proxy_anchor,single_vmf,StageC-single_vmf,single_vmf,support_estimator,test,test,pooled,0.5,20260507,,,,,passed,,0.6061335581172319,0.5405251329298875,0.6764374656393075,0.6987696313093139,0.6488309471299215,0.7463492597464942,0.6076202769557904,0.09183673469387756,0.6584362139917695,439,243,196,326,repope,3553,425,212,3765,212,4,0
gemma-3-12b-it,gemma-3-12b-it,dash-b,Sphere-Traj-LSTM,proxy_anchor,mixture_vmf,StageC-mixture_vmf,mixture_vmf,support_estimator,test,test,pooled,0.5,20260507,,2,,,passed,,0.6061335581172319,0.5405251329298875,0.6764374656393075,0.6987696313093139,0.6488309471299215,0.7463492597464942,0.6076202769557904,0.09183673469387756,0.6584362139917695,439,243,196,326,repope,3553,425,212,3765,212,4,0
gemma-3-12b-it,gemma-3-12b-it,dash-b,Sphere-Traj-LSTM,proxy_anchor,knn,StageC-knn,knn,support_estimator,test,test,pooled,0.5,20260507,32,,,,passed,,0.7583069047004496,0.7008296063634959,0.8089935516893467,0.76984126984127,0.7235951484751018,0.8108247197813089,0.7589577968221994,0.28061224489795916,0.6502057613168725,439,243,196,326,repope,3553,425,212,3765,212,4,0
gemma-3-12b-it,gemma-3-12b-it,dash-b,Sphere-Traj-LSTM,proxy_anchor,radius_ball,StageC-radius_ball,radius_ball,support_estimator,test,test,pooled,0.5,20260507,,,0.008543779056727218,,passed,,0.7825542218606535,0.7335069178970959,0.8293306496792813,0.794259679180314,0.7523453807297321,0.8337070786934175,0.6936522677096307,0.0,0.7654320987654321,439,243,196,326,repope,3553,425,212,3765,212,4,0
gemma-3-12b-it,gemma-3-12b-it,dash-b,Sphere-Traj-LSTM,proxy_anchor,logistic,StageC-logistic,supervised_comparator,supervised_comparator,test,test,pooled,0.5,20260507,,,,0.1,passed,,0.9001008601707892,0.8633976306545139,0.9310581608233036,0.9192911732594272,0.8940765150425128,0.9413445942866377,0.9004060479563242,0.3673469387755102,0.3168724279835391,439,243,196,326,repope,3553,425,212,3765,212,4,0
gemma-3-12b-it,gemma-3-12b-it,repope,Sphere-Traj-LSTM,proxy_anchor,single_vmf,StageC-single_vmf,single_vmf,support_estimator,test,test,pooled,0.5,20260508,,,,,passed,,0.7481414622191944,0.688082935065205,0.8041764796286092,0.9600898692810458,0.945614116592117,0.9727165210195864,0.7494077528006593,0.3235294117647059,0.10347222222222222,1610,1440,170,1443,repope,3553,425,212,3765,212,30,0
gemma-3-12b-it,gemma-3-12b-it,repope,Sphere-Traj-LSTM,proxy_anchor,mixture_vmf,StageC-mixture_vmf,mixture_vmf,support_estimator,test,test,pooled,0.5,20260508,,4,,,passed,,0.7481414622191943,0.688082935065205,0.8041764796286092,0.9600898692810458,0.945614116592117,0.9727165210195864,0.7494077528006593,0.3235294117647059,0.10347222222222222,1610,1440,170,1443,repope,3553,425,212,3765,212,30,0
gemma-3-12b-it,gemma-3-12b-it,repope,Sphere-Traj-LSTM,proxy_anchor,knn,StageC-knn,knn,support_estimator,test,test,pooled,0.5,20260508,32,,,,passed,,0.7258364419239381,0.6657890200796305,0.7838331277425619,0.9511233660130719,0.9365627262624615,0.9634715084732105,0.7271259020707458,0.3176470588235294,0.21875,1610,1440,170,1443,repope,3553,425,212,3765,212,30,0
gemma-3-12b-it,gemma-3-12b-it,repope,Sphere-Traj-LSTM,proxy_anchor,radius_ball,StageC-radius_ball,radius_ball,support_estimator,test,test,pooled,0.5,20260508,,,0.007050916620418831,,passed,,0.6324485577781345,0.5963129326822586,0.6676819832765236,0.8910008169934641,0.8764042101226189,0.9038966686891794,0.3583516609679953,0.0,0.25763888888888886,1610,1440,170,1443,repope,3553,425,212,3765,212,30,0
gemma-3-12b-it,gemma-3-12b-it,repope,Sphere-Traj-LSTM,proxy_anchor,logistic,StageC-logistic,supervised_comparator,supervised_comparator,test,test,pooled,0.5,20260508,,,,0.1,passed,,0.7369815970976943,0.6719873894817525,0.7956881164101429,0.966343954248366,0.9575966745209333,0.9744925900543003,0.7231736830260115,0.31176470588235294,0.10347222222222222,1610,1440,170,1443,repope,3553,425,212,3765,212,30,0
gemma-3-12b-it,gemma-3-12b-it,pope,Sphere-Traj-LSTM,proxy_anchor,single_vmf,StageC-single_vmf,single_vmf,support_estimator,test,test,pooled,0.5,20260508,,,,,passed,,0.6484926606684306,0.5777412402947278,0.7173964503017918,0.9432248708420194,0.9280590639070926,0.956570352101703,0.6505447269700203,0.17647058823529413,0.19796610169491524,1662,1475,187,1543,repope,3553,425,212,3765,212,138,0
gemma-3-12b-it,gemma-3-12b-it,pope,Sphere-Traj-LSTM,proxy_anchor,mixture_vmf,StageC-mixture_vmf,mixture_vmf,support_estimator,test,test,pooled,0.5,20260508,,4,,,passed,,0.6484945943978175,0.5777412402947278,0.7173965924620016,0.9432266835856068,0.9280629900394294,0.9565704419015213,0.6505447269700203,0.17647058823529413,0.19796610169491524,1662,1475,187,1543,repope,3553,425,212,3765,212,138,0
gemma-3-12b-it,gemma-3-12b-it,pope,Sphere-Traj-LSTM,proxy_anchor,knn,StageC-knn,knn,support_estimator,test,test,pooled,0.5,20260508,32,,,,passed,,0.5471564758714924,0.4765293163896653,0.6147430521458584,0.9145581437505664,0.8985729738683635,0.9302020899488609,0.5493260622065814,0.1925133689839572,0.29152542372881357,1662,1475,187,1543,repope,3553,425,212,3765,212,138,0
gemma-3-12b-it,gemma-3-12b-it,pope,Sphere-Traj-LSTM,proxy_anchor,radius_ball,StageC-radius_ball,radius_ball,support_estimator,test,test,pooled,0.5,20260508,,,0.007050916620418831,,passed,,0.5818569003564122,0.5415038411134206,0.6204975047610665,0.8674159340161335,0.8512423846477581,0.8838660786499429,0.3301180618388239,0.0,0.34711864406779663,1662,1475,187,1543,repope,3553,425,212,3765,212,138,0
gemma-3-12b-it,gemma-3-12b-it,pope,Sphere-Traj-LSTM,proxy_anchor,logistic,StageC-logistic,supervised_comparator,supervised_comparator,test,test,pooled,0.5,20260508,,,,0.1,passed,,0.653433026301439,0.5852740334465267,0.7215330000436698,0.9523284691380405,0.9423454354825241,0.9616347034474885,0.6231147186361412,0.0,0.14440677966101695,1662,1475,187,1543,repope,3553,425,212,3765,212,138,0
gemma-3-12b-it,gemma-3-12b-it,dash-b,Sphere-Traj-LSTM,proxy_anchor,single_vmf,StageC-single_vmf,single_vmf,support_estimator,test,test,pooled,0.5,20260508,,,,,passed,,0.5363527616677839,0.4707041783186068,0.6062570541436391,0.7008902326362644,0.6462945753523419,0.7524118977773793,0.5393649941793158,0.00510204081632653,0.5720164609053497,439,243,196,326,repope,3553,425,212,3765,212,4,0
gemma-3-12b-it,gemma-3-12b-it,dash-b,Sphere-Traj-LSTM,proxy_anchor,mixture_vmf,StageC-mixture_vmf,mixture_vmf,support_estimator,test,test,pooled,0.5,20260508,,4,,,passed,,0.5363527616677839,0.4707041783186068,0.6062570541436391,0.7008902326362644,0.6462945753523419,0.7524118977773793,0.5393649941793158,0.00510204081632653,0.5720164609053497,439,243,196,326,repope,3553,425,212,3765,212,4,0
gemma-3-12b-it,gemma-3-12b-it,dash-b,Sphere-Traj-LSTM,proxy_anchor,knn,StageC-knn,knn,support_estimator,test,test,pooled,0.5,20260508,32,,,,passed,,0.732074764396069,0.672897086378017,0.7869103105683731,0.7513647434282354,0.7040018935093268,0.793887745435134,0.7328864704178882,0.19387755102040816,0.7037037037037037,439,243,196,326,repope,3553,425,212,3765,212,4,0
gemma-3-12b-it,gemma-3-12b-it,dash-b,Sphere-Traj-LSTM,proxy_anchor,radius_ball,StageC-radius_ball,radius_ball,support_estimator,test,test,pooled,0.5,20260508,,,0.007050916620418831,,passed,,0.7472033779168831,0.6935754153818414,0.7993689662194691,0.7614638447971781,0.7163015805319319,0.8052806480598788,0.6703594915409306,0.0,0.7983539094650206,439,243,196,326,repope,3553,425,212,3765,212,4,0
gemma-3-12b-it,gemma-3-12b-it,dash-b,Sphere-Traj-LSTM,proxy_anchor,logistic,StageC-logistic,supervised_comparator,supervised_comparator,test,test,pooled,0.5,20260508,,,,0.1,passed,,0.9035393141567237,0.8652286087600098,0.9373211462754154,0.9262618627697993,0.9029399419937242,0.9488497424176968,0.9039042168480104,0.33163265306122447,0.29218106995884774,439,243,196,326,repope,3553,425,212,3765,212,4,0
gemma-4-12b-it,gemma-4-12b-it,repope,Sphere-Traj-LSTM,proxy_anchor,single_vmf,StageC-single_vmf,single_vmf,support_estimator,test,test,pooled,0.5,20260506,,,,,passed,,0.22062268580349298,0.11397137174692029,0.35110408820110445,0.9313831318364997,0.876694938230505,0.9693958618080701,0.24800341893087813,0.25,0.28324697754749567,1182,1158,24,1138,repope,2926,64,32,2958,32,44,414
gemma-4-12b-it,gemma-4-12b-it,repope,Sphere-Traj-LSTM,proxy_anchor,mixture_vmf,StageC-mixture_vmf,mixture_vmf,support_estimator,test,test,pooled,0.5,20260506,,2,,,passed,,0.22062268580349298,0.11397137174692029,0.3511040882011044,0.9313831318364998,0.876694938230505,0.9693958618080701,0.2480034189308781,0.25,0.28324697754749567,1182,1158,24,1138,repope,2926,64,32,2958,32,44,414
gemma-4-12b-it,gemma-4-12b-it,repope,Sphere-Traj-LSTM,proxy_anchor,knn,StageC-knn,knn,support_estimator,test,test,pooled,0.5,20260506,8,,,,passed,,0.19380361322428624,0.10432026032682337,0.30927452299407265,0.9473229706390328,0.9279711324070737,0.9636600099620467,0.2208092071711546,0.25,0.10880829015544041,1182,1158,24,1138,repope,2926,64,32,2958,32,44,414
gemma-4-12b-it,gemma-4-12b-it,repope,Sphere-Traj-LSTM,proxy_anchor,radius_ball,StageC-radius_ball,radius_ball,support_estimator,test,test,pooled,0.5,20260506,,,0.012223404758435247,,passed,,0.44429803569293297,0.3328072401386899,0.53484081280215,0.9138960852043754,0.8905716105015673,0.9355401681397949,0.10988055998963175,0.0,0.22884283246977546,1182,1158,24,1138,repope,2926,64,32,2958,32,44,414
gemma-4-12b-it,gemma-4-12b-it,repope,Sphere-Traj-LSTM,proxy_anchor,logistic,StageC-logistic,supervised_comparator,supervised_comparator,test,test,pooled,0.5,20260506,,,,0.1,passed,,0.2195323703186227,0.11416399255972448,0.3461772456132074,0.9393710420264825,0.9002874849426897,0.9690906108710293,0.24738899138440917,0.25,0.24093264248704663,1182,1158,24,1138,repope,2926,64,32,2958,32,44,414
gemma-4-12b-it,gemma-4-12b-it,pope,Sphere-Traj-LSTM,proxy_anchor,single_vmf,StageC-single_vmf,single_vmf,support_estimator,test,test,pooled,0.5,20260506,,,,,passed,,0.16901448324820242,0.08925275741797131,0.27013190038694124,0.8115063728021306,0.7050596375604649,0.9017311646736056,0.18451184187991743,0.0,0.8786857624262847,1218,1187,31,1180,repope,2926,64,32,2958,32,117,465
gemma-4-12b-it,gemma-4-12b-it,pope,Sphere-Traj-LSTM,proxy_anchor,mixture_vmf,StageC-mixture_vmf,mixture_vmf,support_estimator,test,test,pooled,0.5,20260506,,2,,,passed,,0.16901448324820242,0.08925275741797133,0.27013190038694124,0.8115063728021306,0.7050596375604649,0.9017311646736058,0.18451184187991743,0.0,0.8786857624262847,1218,1187,31,1180,repope,2926,64,32,2958,32,117,465
gemma-4-12b-it,gemma-4-12b-it,pope,Sphere-Traj-LSTM,proxy_anchor,knn,StageC-knn,knn,support_estimator,test,test,pooled,0.5,20260506,8,,,,passed,,0.17060282095151777,0.09441493275871926,0.2928784881461075,0.9026279316248607,0.8676586213635991,0.9330313394469829,0.19747400949180835,0.22580645161290322,0.3159224936815501,1218,1187,31,1180,repope,2926,64,32,2958,32,117,465
gemma-4-12b-it,gemma-4-12b-it,pope,Sphere-Traj-LSTM,proxy_anchor,radius_ball,StageC-radius_ball,radius_ball,support_estimator,test,test,pooled,0.5,20260506,,,0.012223404758435247,,passed,,0.39136674376688935,0.2917511383216664,0.48354401874846437,0.8786449982335516,0.8472237675497585,0.9072207796113106,0.10142920918503734,0.0,0.36057287278854255,1218,1187,31,1180,repope,2926,64,32,2958,32,117,465
gemma-4-12b-it,gemma-4-12b-it,pope,Sphere-Traj-LSTM,proxy_anchor,logistic,StageC-logistic,supervised_comparator,supervised_comparator,test,test,pooled,0.5,20260506,,,,0.1,passed,,0.16766704276705716,0.09217480395523213,0.2614637125823545,0.8867298964589505,0.8404130264984477,0.9288933084372226,0.1825740098204543,0.0,0.38079191238416177,1218,1187,31,1180,repope,2926,64,32,2958,32,117,465
gemma-4-12b-it,gemma-4-12b-it,dash-b,Sphere-Traj-LSTM,proxy_anchor,single_vmf,StageC-single_vmf,single_vmf,support_estimator,test,test,pooled,0.5,20260506,,,,,passed,,0.18299458691016457,0.1432136359428282,0.245485243910174,0.3402022485640963,0.2771480792106169,0.4029938778692455,0.18913413661524725,0.04081632653061224,0.9700598802395209,432,334,98,397,repope,2926,64,32,2958,32,11,0
gemma-4-12b-it,gemma-4-12b-it,dash-b,Sphere-Traj-LSTM,proxy_anchor,mixture_vmf,StageC-mixture_vmf,mixture_vmf,support_estimator,test,test,pooled,0.5,20260506,,2,,,passed,,0.18299193647455295,0.1432136359428282,0.24547986740852934,0.3401869729927899,0.27714807921061685,0.4029394693871027,0.18910606578654876,0.04081632653061224,0.9700598802395209,432,334,98,397,repope,2926,64,32,2958,32,11,0
gemma-4-12b-it,gemma-4-12b-it,dash-b,Sphere-Traj-LSTM,proxy_anchor,knn,StageC-knn,knn,support_estimator,test,test,pooled,0.5,20260506,8,,,,passed,,0.32268210326123314,0.25139736282390157,0.4051670897150181,0.6503116216546498,0.5954797722348013,0.7052337349704833,0.3274770963858751,0.04081632653061224,0.7664670658682635,432,334,98,397,repope,2926,64,32,2958,32,11,0
gemma-4-12b-it,gemma-4-12b-it,dash-b,Sphere-Traj-LSTM,proxy_anchor,radius_ball,StageC-radius_ball,radius_ball,support_estimator,test,test,pooled,0.5,20260506,,,0.012223404758435247,,passed,,0.31194041802103456,0.24441476578827262,0.39756896440363837,0.628039838689967,0.5717531798141277,0.685673624626478,0.3045870271508871,0.0,0.7904191616766467,432,334,98,397,repope,2926,64,32,2958,32,11,0
gemma-4-12b-it,gemma-4-12b-it,dash-b,Sphere-Traj-LSTM,proxy_anchor,logistic,StageC-logistic,supervised_comparator,supervised_comparator,test,test,pooled,0.5,20260506,,,,0.1,passed,,0.19956960645312224,0.14835715789453227,0.2611432104422468,0.33038005621410244,0.2676879739601275,0.39770843145398466,0.20244607272527443,0.04081632653061224,0.9940119760479041,432,334,98,397,repope,2926,64,32,2958,32,11,0
gemma-4-12b-it,gemma-4-12b-it,repope,Sphere-Traj-LSTM,proxy_anchor,single_vmf,StageC-single_vmf,single_vmf,support_estimator,test,test,pooled,0.5,20260507,,,,,passed,,0.23369001197253228,0.11681924467793638,0.3979293671367923,0.9392271157167531,0.9042319749216301,0.9637637096180133,0.2539150954400952,0.25,0.2556131260794473,1182,1158,24,1138,repope,2926,64,32,2958,32,44,414
gemma-4-12b-it,gemma-4-12b-it,repope,Sphere-Traj-LSTM,proxy_anchor,mixture_vmf,StageC-mixture_vmf,mixture_vmf,support_estimator,test,test,pooled,0.5,20260507,,2,,,passed,,0.23369001197253228,0.11681924467793638,0.3979293671367923,0.939227115716753,0.9042319749216301,0.9637637096180133,0.2539150954400952,0.25,0.2556131260794473,1182,1158,24,1138,repope,2926,64,32,2958,32,44,414
gemma-4-12b-it,gemma-4-12b-it,repope,Sphere-Traj-LSTM,proxy_anchor,knn,StageC-knn,knn,support_estimator,test,test,pooled,0.5,20260507,1,,,,passed,,0.11108389473204527,0.05686658351961225,0.18534254979319667,0.864961139896373,0.8069934566205703,0.9198724387459905,0.12307312424893146,0.0,0.41796200345423146,1182,1158,24,1138,repope,2926,64,32,2958,32,44,414
gemma-4-12b-it,gemma-4-12b-it,repope,Sphere-Traj-LSTM,proxy_anchor,radius_ball,StageC-radius_ball,radius_ball,support_estimator,test,test,pooled,0.5,20260507,,,0.00785452629462825,,passed,,0.41136432744137835,0.3169639052948719,0.4923771403604527,0.8252374784110535,0.7782906241284752,0.8650451191933047,0.05904104869273975,0.0,0.48704663212435234,1182,1158,24,1138,repope,2926,64,32,2958,32,44,414
gemma-4-12b-it,gemma-4-12b-it,repope,Sphere-Traj-LSTM,proxy_anchor,logistic,StageC-logistic,supervised_comparator,supervised_comparator,test,test,pooled,0.5,20260507,,,,1.0,passed,,0.16459752835197125,0.09429200907156858,0.26511229871290853,0.9372481289579735,0.9077271613806751,0.9612696151413075,0.1824997964031787,0.0,0.19602763385146804,1182,1158,24,1138,repope,2926,64,32,2958,32,44,414
gemma-4-12b-it,gemma-4-12b-it,pope,Sphere-Traj-LSTM,proxy_anchor,single_vmf,StageC-single_vmf,single_vmf,support_estimator,test,test,pooled,0.5,20260507,,,,,passed,,0.17034142050068066,0.09569590954947932,0.2738978331811511,0.8443894882735006,0.7679050955825368,0.9207013100154878,0.18522463067278255,0.03225806451612903,0.7228306655433867,1218,1187,31,1180,repope,2926,64,32,2958,32,117,465
gemma-4-12b-it,gemma-4-12b-it,pope,Sphere-Traj-LSTM,proxy_anchor,mixture_vmf,StageC-mixture_vmf,mixture_vmf,support_estimator,test,test,pooled,0.5,20260507,,2,,,passed,,0.17034142050068066,0.09569590954947932,0.2738978331811511,0.8443894882735006,0.7679050955825368,0.9207013100154878,0.18522463067278255,0.03225806451612903,0.7228306655433867,1218,1187,31,1180,repope,2926,64,32,2958,32,117,465
gemma-4-12b-it,gemma-4-12b-it,pope,Sphere-Traj-LSTM,proxy_anchor,knn,StageC-knn,knn,support_estimator,test,test,pooled,0.5,20260507,1,,,,passed,,0.04861140674523998,0.02912713492873556,0.07573157952704156,0.7187270701415877,0.6432543717733046,0.7889276630092013,0.05199909103895364,0.0,1.0,1218,1187,31,1180,repope,2926,64,32,2958,32,117,465
gemma-4-12b-it,gemma-4-12b-it,pope,Sphere-Traj-LSTM,proxy_anchor,radius_ball,StageC-radius_ball,radius_ball,support_estimator,test,test,pooled,0.5,20260507,,,0.00785452629462825,,passed,,0.27964225697981065,0.18279998440431175,0.3720639745010635,0.7522352365681985,0.7029876660515758,0.8011232408217226,0.05088163841467552,0.0,0.5214827295703454,1218,1187,31,1180,repope,2926,64,32,2958,32,117,465
gemma-4-12b-it,gemma-4-12b-it,pope,Sphere-Traj-LSTM,proxy_anchor,logistic,StageC-logistic,supervised_comparator,supervised_comparator,test,test,pooled,0.5,20260507,,,,1.0,passed,,0.16635478991125968,0.09758472203687821,0.2545248841800691,0.9012419490719352,0.8627699462984273,0.9390446126738786,0.17821976010106438,0.0,0.35299073294018535,1218,1187,31,1180,repope,2926,64,32,2958,32,117,465
gemma-4-12b-it,gemma-4-12b-it,dash-b,Sphere-Traj-LSTM,proxy_anchor,single_vmf,StageC-single_vmf,single_vmf,support_estimator,test,test,pooled,0.5,20260507,,,,,passed,,0.22033756420338946,0.17839207424650166,0.27043747529166984,0.5180862764267384,0.45062422529274304,0.5785876897828555,0.22358430916262192,0.0,0.9760479041916168,432,334,98,397,repope,2926,64,32,2958,32,11,0
gemma-4-12b-it,gemma-4-12b-it,dash-b,Sphere-Traj-LSTM,proxy_anchor,mixture_vmf,StageC-mixture_vmf,mixture_vmf,support_estimator,test,test,pooled,0.5,20260507,,2,,,passed,,0.22033756420338949,0.17839207424650166,0.27043747529166984,0.5180862764267383,0.45062422529274304,0.5785876897828555,0.22358430916262192,0.0,0.9760479041916168,432,334,98,397,repope,2926,64,32,2958,32,11,0
gemma-4-12b-it,gemma-4-12b-it,dash-b,Sphere-Traj-LSTM,proxy_anchor,knn,StageC-knn,knn,support_estimator,test,test,pooled,0.5,20260507,1,,,,passed,,0.30032042889797866,0.23867017100285376,0.3775242735972297,0.63332518636197,0.5675362409290443,0.6925326011472156,0.29701921432262973,0.0,1.0,432,334,98,397,repope,2926,64,32,2958,32,11,0
gemma-4-12b-it,gemma-4-12b-it,dash-b,Sphere-Traj-LSTM,proxy_anchor,radius_ball,StageC-radius_ball,radius_ball,support_estimator,test,test,pooled,0.5,20260507,,,0.00785452629462825,,passed,,0.3808883632828054,0.30013922874466425,0.4616643218318802,0.6418184040083099,0.5753809786491006,0.7011424728263664,0.3159602175944097,0.0,0.8652694610778443,432,334,98,397,repope,2926,64,32,2958,32,11,0
gemma-4-12b-it,gemma-4-12b-it,dash-b,Sphere-Traj-LSTM,proxy_anchor,logistic,StageC-logistic,supervised_comparator,supervised_comparator,test,test,pooled,0.5,20260507,,,,1.0,passed,,0.32398195280294917,0.25246388768535455,0.40591247154619975,0.6215935475986802,0.5640167250415723,0.6724772995634076,0.3279397574477313,0.04081632653061224,0.6736526946107785,432,334,98,397,repope,2926,64,32,2958,32,11,0
gemma-4-12b-it,gemma-4-12b-it,repope,Sphere-Traj-LSTM,proxy_anchor,single_vmf,StageC-single_vmf,single_vmf,support_estimator,test,test,pooled,0.5,20260508,,,,,passed,,0.20641255637537134,0.12298460695952362,0.32849767472228186,0.9573258491652273,0.942137240582922,0.9712576652962913,0.2241588135084992,0.0,0.0846286701208981,1182,1158,24,1138,repope,2926,64,32,2958,32,44,414
gemma-4-12b-it,gemma-4-12b-it,repope,Sphere-Traj-LSTM,proxy_anchor,mixture_vmf,StageC-mixture_vmf,mixture_vmf,support_estimator,test,test,pooled,0.5,20260508,,2,,,passed,,0.20641255637537137,0.12298460695952362,0.32849767472228186,0.9573258491652274,0.942137240582922,0.9712576652962913,0.2241588135084992,0.0,0.0846286701208981,1182,1158,24,1138,repope,2926,64,32,2958,32,44,414
gemma-4-12b-it,gemma-4-12b-it,repope,Sphere-Traj-LSTM,proxy_anchor,knn,StageC-knn,knn,support_estimator,test,test,pooled,0.5,20260508,32,,,,passed,,0.19972646223548524,0.11352162125628229,0.3267086569154845,0.9482944732297063,0.9280209915964616,0.9669323405192825,0.2171058753206459,0.0,0.1070811744386874,1182,1158,24,1138,repope,2926,64,32,2958,32,44,414
gemma-4-12b-it,gemma-4-12b-it,repope,Sphere-Traj-LSTM,proxy_anchor,radius_ball,StageC-radius_ball,radius_ball,support_estimator,test,test,pooled,0.5,20260508,,,0.003669485013849859,,passed,,0.5405405405405406,0.526143506182961,0.5568609571053399,0.8825561312607946,0.8709258929863044,0.8941233634376994,0.08108108108108109,0.0,0.23488773747841105,1182,1158,24,1138,repope,2926,64,32,2958,32,44,414
gemma-4-12b-it,gemma-4-12b-it,repope,Sphere-Traj-LSTM,proxy_anchor,logistic,StageC-logistic,supervised_comparator,supervised_comparator,test,test,pooled,0.5,20260508,,,,10.0,passed,,0.060971259271980355,0.020459491863601832,0.14298346295228417,0.4940270581462291,0.3275974462090823,0.6630693795843924,0.07747539553803487,0.041666666666666664,0.9766839378238342,1182,1158,24,1138,repope,2926,64,32,2958,32,44,414
gemma-4-12b-it,gemma-4-12b-it,pope,Sphere-Traj-LSTM,proxy_anchor,single_vmf,StageC-single_vmf,single_vmf,support_estimator,test,test,pooled,0.5,20260508,,,,,passed,,0.23407477839054694,0.1344380262869386,0.3568607649246528,0.8675163736174145,0.7634389646041656,0.9572336434573829,0.24790692548181262,0.0,0.9654591406908172,1218,1187,31,1180,repope,2926,64,32,2958,32,117,465
gemma-4-12b-it,gemma-4-12b-it,pope,Sphere-Traj-LSTM,proxy_anchor,mixture_vmf,StageC-mixture_vmf,mixture_vmf,support_estimator,test,test,pooled,0.5,20260508,,2,,,passed,,0.23407477839054697,0.1344380262869386,0.3568607649246528,0.8675163736174145,0.7634389646041656,0.9572336434573829,0.24790692548181265,0.0,0.9654591406908172,1218,1187,31,1180,repope,2926,64,32,2958,32,117,465
gemma-4-12b-it,gemma-4-12b-it,pope,Sphere-Traj-LSTM,proxy_anchor,knn,StageC-knn,knn,support_estimator,test,test,pooled,0.5,20260508,32,,,,passed,,0.16938366468979907,0.10466346472610175,0.25078443544067464,0.9264070440525043,0.8996421772869153,0.949107757495355,0.18235532030271678,0.0,0.17607413647851727,1218,1187,31,1180,repope,2926,64,32,2958,32,117,465
gemma-4-12b-it,gemma-4-12b-it,pope,Sphere-Traj-LSTM,proxy_anchor,radius_ball,StageC-radius_ball,radius_ball,support_estimator,test,test,pooled,0.5,20260508,,,0.003669485013849859,,passed,,0.4633663548479079,0.39143453206511825,0.5233890499389648,0.8396880180449493,0.8110162820015238,0.8669601732743047,0.0760414654561844,0.0,0.36562763268744736,1218,1187,31,1180,repope,2926,64,32,2958,32,117,465
gemma-4-12b-it,gemma-4-12b-it,pope,Sphere-Traj-LSTM,proxy_anchor,logistic,StageC-logistic,supervised_comparator,supervised_comparator,test,test,pooled,0.5,20260508,,,,10.0,passed,,0.07743742833169479,0.03439628071719236,0.1440422841286495,0.5662689893197815,0.42288416287910885,0.6988218429459787,0.08849587615747326,0.0,0.9797809604043808,1218,1187,31,1180,repope,2926,64,32,2958,32,117,465
gemma-4-12b-it,gemma-4-12b-it,dash-b,Sphere-Traj-LSTM,proxy_anchor,single_vmf,StageC-single_vmf,single_vmf,support_estimator,test,test,pooled,0.5,20260508,,,,,passed,,0.24250943142298503,0.18987968932786703,0.3030175875610863,0.5417023096663816,0.4767805053549668,0.6053450419241208,0.24699898039031914,0.0,0.9281437125748503,432,334,98,397,repope,2926,64,32,2958,32,11,0
gemma-4-12b-it,gemma-4-12b-it,dash-b,Sphere-Traj-LSTM,proxy_anchor,mixture_vmf,StageC-mixture_vmf,mixture_vmf,support_estimator,test,test,pooled,0.5,20260508,,2,,,passed,,0.24251442032272397,0.18987995532095756,0.3030354085698271,0.5417023096663816,0.4767805053549668,0.6053289379336345,0.24702303248103763,0.0,0.9281437125748503,432,334,98,397,repope,2926,64,32,2958,32,11,0
gemma-4-12b-it,gemma-4-12b-it,dash-b,Sphere-Traj-LSTM,proxy_anchor,knn,StageC-knn,knn,support_estimator,test,test,pooled,0.5,20260508,32,,,,passed,,0.24318150154564097,0.19040967986384086,0.30615849392399025,0.5564585115483319,0.49924451530131086,0.6196551363113013,0.2439615635054984,0.0,1.0,432,334,98,397,repope,2926,64,32,2958,32,11,0
gemma-4-12b-it,gemma-4-12b-it,dash-b,Sphere-Traj-LSTM,proxy_anchor,radius_ball,StageC-radius_ball,radius_ball,support_estimator,test,test,pooled,0.5,20260508,,,0.003669485013849859,,passed,,0.37235430053979063,0.2879747986470547,0.4541484061252517,0.6664884516680923,0.6113015798009418,0.7258527257321118,0.33544786694571305,0.0,0.8502994011976048,432,334,98,397,repope,2926,64,32,2958,32,11,0
gemma-4-12b-it,gemma-4-12b-it,dash-b,Sphere-Traj-LSTM,proxy_anchor,logistic,StageC-logistic,supervised_comparator,supervised_comparator,test,test,pooled,0.5,20260508,,,,10.0,passed,,0.31786467935733076,0.2409244033049174,0.40221192404247297,0.6107478919711598,0.5528396261262465,0.6677701606833414,0.2943139405219656,0.0,0.7724550898203593,432,334,98,397,repope,2926,64,32,2958,32,11,0
qwen3.5-4b,qwen3.5-4b,repope,Sphere-Traj-LSTM,proxy_anchor,single_vmf,StageC-single_vmf,single_vmf,support_estimator,test,test,pooled,0.5,20260506,,,,,passed,,0.337934302781252,0.18553162741803317,0.5076818019870522,0.9601574133163158,0.9429229665072522,0.9762918599183888,0.3532567300058303,0.3,0.1595405232929164,1597,1567,30,1548,repope,3852,84,42,3894,42,43,0
qwen3.5-4b,qwen3.5-4b,repope,Sphere-Traj-LSTM,proxy_anchor,mixture_vmf,StageC-mixture_vmf,mixture_vmf,support_estimator,test,test,pooled,0.5,20260506,,4,,,passed,,0.337934302781252,0.18553162741803317,0.5076818019870522,0.9601574133163158,0.9429229665072522,0.9762918599183888,0.35325673000583035,0.3,0.1595405232929164,1597,1567,30,1548,repope,3852,84,42,3894,42,43,0
qwen3.5-4b,qwen3.5-4b,repope,Sphere-Traj-LSTM,proxy_anchor,knn,StageC-knn,knn,support_estimator,test,test,pooled,0.5,20260506,32,,,,passed,,0.28881062884502867,0.1404338443045392,0.4664246922475495,0.90765794511806,0.8599562548884894,0.9461129692799406,0.3024832868006399,0.26666666666666666,0.30121250797702614,1597,1567,30,1548,repope,3852,84,42,3894,42,43,0
qwen3.5-4b,qwen3.5-4b,repope,Sphere-Traj-LSTM,proxy_anchor,radius_ball,StageC-radius_ball,radius_ball,support_estimator,test,test,pooled,0.5,20260506,,,0.00637488285998241,,passed,,0.4401172748432749,0.3575713420419021,0.5020005510432601,0.769251223144012,0.7226670183100271,0.8078725944115355,0.04078276309819934,0.0,0.5283982131461391,1597,1567,30,1548,repope,3852,84,42,3894,42,43,0
qwen3.5-4b,qwen3.5-4b,repope,Sphere-Traj-LSTM,proxy_anchor,logistic,StageC-logistic,supervised_comparator,supervised_comparator,test,test,pooled,0.5,20260506,,,,0.1,passed,,0.32543987752640136,0.17772521553134016,0.49733739676158056,0.919910657306956,0.8603686327877987,0.9747618250827278,0.33976262951616054,0.3333333333333333,0.562858966177409,1597,1567,30,1548,repope,3852,84,42,3894,42,43,0
qwen3.5-4b,qwen3.5-4b,pope,Sphere-Traj-LSTM,proxy_anchor,single_vmf,StageC-single_vmf,single_vmf,support_estimator,test,test,pooled,0.5,20260506,,,,,passed,,0.2690073398398589,0.17284640522154932,0.39994463665877233,0.9553781648121271,0.9388463540922346,0.968975346778004,0.28492702972032224,0.2564102564102564,0.15283018867924528,1629,1590,39,1622,repope,3852,84,42,3894,42,171,0
qwen3.5-4b,qwen3.5-4b,pope,Sphere-Traj-LSTM,proxy_anchor,mixture_vmf,StageC-mixture_vmf,mixture_vmf,support_estimator,test,test,pooled,0.5,20260506,,4,,,passed,,0.2690073398398589,0.17284640522154932,0.3999446366587724,0.9553781648121271,0.9388463540922346,0.968975346778004,0.28492702972032224,0.2564102564102564,0.15283018867924528,1629,1590,39,1622,repope,3852,84,42,3894,42,171,0
qwen3.5-4b,qwen3.5-4b,pope,Sphere-Traj-LSTM,proxy_anchor,knn,StageC-knn,knn,support_estimator,test,test,pooled,0.5,20260506,32,,,,passed,,0.17676983353879394,0.10379488110143666,0.286027182046174,0.8885018545395904,0.8475372433973637,0.9241489840959181,0.18946617421224327,0.15384615384615385,0.38238993710691827,1629,1590,39,1622,repope,3852,84,42,3894,42,171,0
qwen3.5-4b,qwen3.5-4b,pope,Sphere-Traj-LSTM,proxy_anchor,radius_ball,StageC-radius_ball,radius_ball,support_estimator,test,test,pooled,0.5,20260506,,,0.00637488285998241,,passed,,0.4505635192570869,0.3852643625421552,0.504862419607014,0.7531930333817126,0.7137887429200754,0.7877693469065872,0.04817677592535696,0.0,0.5559748427672956,1629,1590,39,1622,repope,3852,84,42,3894,42,171,0
qwen3.5-4b,qwen3.5-4b,pope,Sphere-Traj-LSTM,proxy_anchor,logistic,StageC-logistic,supervised_comparator,supervised_comparator,test,test,pooled,0.5,20260506,,,,0.1,passed,,0.2655989367312565,0.1676664301123084,0.3984960144063464,0.9454281567489115,0.91942665438576,0.9657119028838199,0.28144729924338685,0.3076923076923077,0.2723270440251572,1629,1590,39,1622,repope,3852,84,42,3894,42,171,0
qwen3.5-4b,qwen3.5-4b,dash-b,Sphere-Traj-LSTM,proxy_anchor,single_vmf,StageC-single_vmf,single_vmf,support_estimator,test,test,pooled,0.5,20260506,,,,,passed,,0.36474449576056034,0.3018939724056291,0.44011861692057846,0.575862895493768,0.520417786459497,0.6303964574765334,0.3700213855343612,0.007142857142857143,0.9026845637583892,438,298,140,361,repope,3852,84,42,3894,42,5,0
qwen3.5-4b,qwen3.5-4b,dash-b,Sphere-Traj-LSTM,proxy_anchor,mixture_vmf,StageC-mixture_vmf,mixture_vmf,support_estimator,test,test,pooled,0.5,20260506,,4,,,passed,,0.36474449576056034,0.3018939724056291,0.44011861692057846,0.575862895493768,0.520417786459497,0.6303964574765334,0.3700213855343612,0.007142857142857143,0.9026845637583892,438,298,140,361,repope,3852,84,42,3894,42,5,0
qwen3.5-4b,qwen3.5-4b,dash-b,Sphere-Traj-LSTM,proxy_anchor,knn,StageC-knn,knn,support_estimator,test,test,pooled,0.5,20260506,32,,,,passed,,0.3502789881810835,0.2932988942165372,0.41742323490510663,0.5772051773729626,0.5226592788896652,0.6301156638425232,0.3551886272618821,0.007142857142857143,0.8859060402684564,438,298,140,361,repope,3852,84,42,3894,42,5,0
qwen3.5-4b,qwen3.5-4b,dash-b,Sphere-Traj-LSTM,proxy_anchor,radius_ball,StageC-radius_ball,radius_ball,support_estimator,test,test,pooled,0.5,20260506,,,0.00637488285998241,,passed,,0.6481190669211282,0.606076775247335,0.6904182209637004,0.6396093000958774,0.5977089663701579,0.6828145524488646,0.4014828689258277,0.0,0.9228187919463087,438,298,140,361,repope,3852,84,42,3894,42,5,0
qwen3.5-4b,qwen3.5-4b,dash-b,Sphere-Traj-LSTM,proxy_anchor,logistic,StageC-logistic,supervised_comparator,supervised_comparator,test,test,pooled,0.5,20260506,,,,0.1,passed,,0.50869940156515,0.42145836351432997,0.5981383625551223,0.7089884947267497,0.6587178558537605,0.7602235139022052,0.5136638349505094,0.0,0.738255033557047,438,298,140,361,repope,3852,84,42,3894,42,5,0
qwen3.5-4b,qwen3.5-4b,repope,Sphere-Traj-LSTM,proxy_anchor,single_vmf,StageC-single_vmf,single_vmf,support_estimator,test,test,pooled,0.5,20260507,,,,,passed,,0.3032548728875506,0.1788421045716399,0.4541190951761238,0.9683684322484578,0.953950810836268,0.9806024504581322,0.31999311483989296,0.23333333333333334,0.11933631142310147,1597,1567,30,1548,repope,3852,84,42,3894,42,43,0
qwen3.5-4b,qwen3.5-4b,repope,Sphere-Traj-LSTM,proxy_anchor,mixture_vmf,StageC-mixture_vmf,mixture_vmf,support_estimator,test,test,pooled,0.5,20260507,,2,,,passed,,0.3032548728875506,0.1788421045716399,0.4541190951761238,0.9683684322484578,0.953950810836268,0.9806024504581322,0.319993114839893,0.23333333333333334,0.11933631142310147,1597,1567,30,1548,repope,3852,84,42,3894,42,43,0
qwen3.5-4b,qwen3.5-4b,repope,Sphere-Traj-LSTM,proxy_anchor,knn,StageC-knn,knn,support_estimator,test,test,pooled,0.5,20260507,32,,,,passed,,0.206381045537812,0.09384563861861597,0.35271959093128885,0.9181238034460752,0.8873787595621142,0.9445099976790723,0.2197114304625652,0.23333333333333334,0.1614550095724314,1597,1567,30,1548,repope,3852,84,42,3894,42,43,0
qwen3.5-4b,qwen3.5-4b,repope,Sphere-Traj-LSTM,proxy_anchor,radius_ball,StageC-radius_ball,radius_ball,support_estimator,test,test,pooled,0.5,20260507,,,0.006548727216977208,,passed,,0.4357215850430173,0.35335496133360006,0.5066517042795099,0.8447989789406509,0.8083892139289427,0.8768126430478848,0.060201952287439686,0.0,0.3937460114869177,1597,1567,30,1548,repope,3852,84,42,3894,42,43,0
qwen3.5-4b,qwen3.5-4b,repope,Sphere-Traj-LSTM,proxy_anchor,logistic,StageC-logistic,supervised_comparator,supervised_comparator,test,test,pooled,0.5,20260507,,,,0.1,passed,,0.30183461630233893,0.1769781578240004,0.45237592977731517,0.9683046160391406,0.9540533965907787,0.9805402217504128,0.31847692599379396,0.23333333333333334,0.11933631142310147,1597,1567,30,1548,repope,3852,84,42,3894,42,43,0
qwen3.5-4b,qwen3.5-4b,pope,Sphere-Traj-LSTM,proxy_anchor,single_vmf,StageC-single_vmf,single_vmf,support_estimator,test,test,pooled,0.5,20260507,,,,,passed,,0.2523226445615029,0.1616429823811367,0.3636431440462686,0.9568456700532172,0.9426306246368211,0.9693176234964441,0.26259487493260103,0.07692307692307693,0.12264150943396226,1629,1590,39,1622,repope,3852,84,42,3894,42,171,0
qwen3.5-4b,qwen3.5-4b,pope,Sphere-Traj-LSTM,proxy_anchor,mixture_vmf,StageC-mixture_vmf,mixture_vmf,support_estimator,test,test,pooled,0.5,20260507,,2,,,passed,,0.2523226445615029,0.1616429823811367,0.3636431440462686,0.9568456700532172,0.9426306246368211,0.9693176234964441,0.26259487493260103,0.07692307692307693,0.12264150943396226,1629,1590,39,1622,repope,3852,84,42,3894,42,171,0
qwen3.5-4b,qwen3.5-4b,pope,Sphere-Traj-LSTM,proxy_anchor,knn,StageC-knn,knn,support_estimator,test,test,pooled,0.5,20260507,32,,,,passed,,0.1882957307556609,0.10817083920216077,0.2913210360158161,0.8905821641670698,0.8534745914605828,0.9237891076031276,0.19733752565805898,0.05128205128205128,0.2968553459119497,1629,1590,39,1622,repope,3852,84,42,3894,42,171,0
qwen3.5-4b,qwen3.5-4b,pope,Sphere-Traj-LSTM,proxy_anchor,radius_ball,StageC-radius_ball,radius_ball,support_estimator,test,test,pooled,0.5,20260507,,,0.006548727216977208,,passed,,0.45084871013726596,0.3842171022901431,0.5122814304886459,0.8285034671827124,0.7933767947429471,0.8603505279777265,0.0700583093232433,0.0,0.4459119496855346,1629,1590,39,1622,repope,3852,84,42,3894,42,171,0
qwen3.5-4b,qwen3.5-4b,pope,Sphere-Traj-LSTM,proxy_anchor,logistic,StageC-logistic,supervised_comparator,supervised_comparator,test,test,pooled,0.5,20260507,,,,0.1,passed,,0.2524863734234024,0.16070943687602168,0.36299871213243573,0.9567005321722303,0.9424576055415188,0.9694180576933284,0.2627915747859461,0.07692307692307693,0.12452830188679245,1629,1590,39,1622,repope,3852,84,42,3894,42,171,0
qwen3.5-4b,qwen3.5-4b,dash-b,Sphere-Traj-LSTM,proxy_anchor,single_vmf,StageC-single_vmf,single_vmf,support_estimator,test,test,pooled,0.5,20260507,,,,,passed,,0.39385354503014713,0.32708913273236706,0.4736799352949219,0.598777564717162,0.543676409577086,0.6567490778897028,0.3986216332486955,0.0,0.9429530201342282,438,298,140,361,repope,3852,84,42,3894,42,5,0
qwen3.5-4b,qwen3.5-4b,dash-b,Sphere-Traj-LSTM,proxy_anchor,mixture_vmf,StageC-mixture_vmf,mixture_vmf,support_estimator,test,test,pooled,0.5,20260507,,2,,,passed,,0.39385354503014713,0.32708913273236706,0.4736799352949219,0.598777564717162,0.543676409577086,0.6567490778897028,0.3986216332486955,0.0,0.9429530201342282,438,298,140,361,repope,3852,84,42,3894,42,5,0
qwen3.5-4b,qwen3.5-4b,dash-b,Sphere-Traj-LSTM,proxy_anchor,knn,StageC-knn,knn,support_estimator,test,test,pooled,0.5,20260507,32,,,,passed,,0.36543355177788783,0.3087685597808497,0.4374502747020552,0.6011025886864813,0.5470738843714548,0.6563468793900323,0.3691089400162895,0.0,0.7953020134228188,438,298,140,361,repope,3852,84,42,3894,42,5,0
qwen3.5-4b,qwen3.5-4b,dash-b,Sphere-Traj-LSTM,proxy_anchor,radius_ball,StageC-radius_ball,radius_ball,support_estimator,test,test,pooled,0.5,20260507,,,0.006548727216977208,,passed,,0.604280968580541,0.5415446438905641,0.6613184132613356,0.6976869606903164,0.6484021795054553,0.7430356662870528,0.44768139449713906,0.0,0.714765100671141,438,298,140,361,repope,3852,84,42,3894,42,5,0
qwen3.5-4b,qwen3.5-4b,dash-b,Sphere-Traj-LSTM,proxy_anchor,logistic,StageC-logistic,supervised_comparator,supervised_comparator,test,test,pooled,0.5,20260507,,,,0.1,passed,,0.553736451837954,0.47415274208682484,0.6405663133306468,0.763183125599233,0.7213586087212367,0.8063397918703465,0.5586905081895639,0.0,0.6845637583892618,438,298,140,361,repope,3852,84,42,3894,42,5,0
qwen3.5-4b,qwen3.5-4b,repope,Sphere-Traj-LSTM,proxy_anchor,single_vmf,StageC-single_vmf,single_vmf,support_estimator,test,test,pooled,0.5,20260508,,,,,passed,,0.2508492732829946,0.16162604290458168,0.38482133512392525,0.9619017230376516,0.9467756769454168,0.9770952246905829,0.27137336275051216,0.16666666666666666,0.13209955328653478,1597,1567,30,1548,repope,3852,84,42,3894,42,43,0
qwen3.5-4b,qwen3.5-4b,repope,Sphere-Traj-LSTM,proxy_anchor,mixture_vmf,StageC-mixture_vmf,mixture_vmf,support_estimator,test,test,pooled,0.5,20260508,,2,,,passed,,0.2508492732829946,0.16162604290458168,0.38482133512392525,0.9619017230376515,0.9467756769454169,0.9770952246905829,0.27137336275051216,0.16666666666666666,0.13209955328653478,1597,1567,30,1548,repope,3852,84,42,3894,42,43,0
qwen3.5-4b,qwen3.5-4b,repope,Sphere-Traj-LSTM,proxy_anchor,knn,StageC-knn,knn,support_estimator,test,test,pooled,0.5,20260508,2,,,,passed,,0.14149229616695416,0.06737505739381802,0.2568056077131807,0.8856200808338651,0.8370863768443659,0.9259248878923766,0.15166936636216038,0.06666666666666667,0.396936821952776,1597,1567,30,1548,repope,3852,84,42,3894,42,43,0
qwen3.5-4b,qwen3.5-4b,repope,Sphere-Traj-LSTM,proxy_anchor,radius_ball,StageC-radius_ball,radius_ball,support_estimator,test,test,pooled,0.5,20260508,,,0.005997844922609379,,passed,,0.45714222638964314,0.3866312448719172,0.5097861736232937,0.7804084237396299,0.7396514844986313,0.8106571020259953,0.04238902794268495,0.0,0.5022335673261008,1597,1567,30,1548,repope,3852,84,42,3894,42,43,0
qwen3.5-4b,qwen3.5-4b,repope,Sphere-Traj-LSTM,proxy_anchor,logistic,StageC-logistic,supervised_comparator,supervised_comparator,test,test,pooled,0.5,20260508,,,,0.1,passed,,0.24640547685522365,0.15266295881349456,0.38654958878543494,0.956285896617741,0.9382669152716786,0.9747569390987173,0.26730296276027377,0.3,0.16592214422463306,1597,1567,30,1548,repope,3852,84,42,3894,42,43,0
qwen3.5-4b,qwen3.5-4b,pope,Sphere-Traj-LSTM,proxy_anchor,single_vmf,StageC-single_vmf,single_vmf,support_estimator,test,test,pooled,0.5,20260508,,,,,passed,,0.20104512317897547,0.12353346222678896,0.2966946466290505,0.9178680857926141,0.8702053655291171,0.9592266256140909,0.2125132527222856,0.07692307692307693,0.5314465408805031,1629,1590,39,1622,repope,3852,84,42,3894,42,171,0
qwen3.5-4b,qwen3.5-4b,pope,Sphere-Traj-LSTM,proxy_anchor,mixture_vmf,StageC-mixture_vmf,mixture_vmf,support_estimator,test,test,pooled,0.5,20260508,,2,,,passed,,0.20104512317897547,0.12353346222678896,0.2966946466290505,0.9178680857926141,0.8702053655291171,0.9592266256140909,0.2125132527222856,0.07692307692307693,0.5314465408805031,1629,1590,39,1622,repope,3852,84,42,3894,42,171,0
qwen3.5-4b,qwen3.5-4b,pope,Sphere-Traj-LSTM,proxy_anchor,knn,StageC-knn,knn,support_estimator,test,test,pooled,0.5,20260508,2,,,,passed,,0.1628850503498167,0.09358518122020788,0.25991184141768986,0.9091598129333979,0.8800980241034437,0.9356567107831826,0.17147878390174798,0.05128205128205128,0.21320754716981133,1629,1590,39,1622,repope,3852,84,42,3894,42,171,0
qwen3.5-4b,qwen3.5-4b,pope,Sphere-Traj-LSTM,proxy_anchor,radius_ball,StageC-radius_ball,radius_ball,support_estimator,test,test,pooled,0.5,20260508,,,0.005997844922609379,,passed,,0.516284511351809,0.48454670117715193,0.5357142857142857,0.7957023060796646,0.7747016110865438,0.81356131949845,0.05688258380192034,0.0,0.3937106918238994,1629,1590,39,1622,repope,3852,84,42,3894,42,171,0
qwen3.5-4b,qwen3.5-4b,pope,Sphere-Traj-LSTM,proxy_anchor,logistic,StageC-logistic,supervised_comparator,supervised_comparator,test,test,pooled,0.5,20260508,,,,0.1,passed,,0.1991479289114422,0.12422435920917024,0.2935409891045625,0.9337687469762941,0.9061859886625856,0.9567912784391533,0.21077557667904553,0.07692307692307693,0.2811320754716981,1629,1590,39,1622,repope,3852,84,42,3894,42,171,0
qwen3.5-4b,qwen3.5-4b,dash-b,Sphere-Traj-LSTM,proxy_anchor,single_vmf,StageC-single_vmf,single_vmf,support_estimator,test,test,pooled,0.5,20260508,,,,,passed,,0.32696971210335635,0.2689909567355858,0.3978814357621711,0.5054410354745926,0.44700147140614993,0.5662394919516309,0.3326559973618774,0.007142857142857143,0.9530201342281879,438,298,140,361,repope,3852,84,42,3894,42,5,0
qwen3.5-4b,qwen3.5-4b,dash-b,Sphere-Traj-LSTM,proxy_anchor,mixture_vmf,StageC-mixture_vmf,mixture_vmf,support_estimator,test,test,pooled,0.5,20260508,,2,,,passed,,0.32696971210335635,0.2689909567355858,0.3978814357621711,0.5054410354745926,0.44700147140614993,0.5662394919516309,0.33265599736187745,0.007142857142857143,0.9530201342281879,438,298,140,361,repope,3852,84,42,3894,42,5,0
qwen3.5-4b,qwen3.5-4b,dash-b,Sphere-Traj-LSTM,proxy_anchor,knn,StageC-knn,knn,support_estimator,test,test,pooled,0.5,20260508,2,,,,passed,,0.47143838321023845,0.39957973048792544,0.5525362353541283,0.7211768935762225,0.6706429721121403,0.7670198466315504,0.4773145237109636,0.007142857142857143,0.8221476510067114,438,298,140,361,repope,3852,84,42,3894,42,5,0
qwen3.5-4b,qwen3.5-4b,dash-b,Sphere-Traj-LSTM,proxy_anchor,radius_ball,StageC-radius_ball,radius_ball,support_estimator,test,test,pooled,0.5,20260508,,,0.005997844922609379,,passed,,0.6689951800513281,0.6304804298830267,0.7053038122100398,0.6465484180249281,0.6036905977958499,0.6853883805269441,0.4045033015210255,0.0,0.8489932885906041,438,298,140,361,repope,3852,84,42,3894,42,5,0
qwen3.5-4b,qwen3.5-4b,dash-b,Sphere-Traj-LSTM,proxy_anchor,logistic,StageC-logistic,supervised_comparator,supervised_comparator,test,test,pooled,0.5,20260508,,,,0.1,passed,,0.438813530291426,0.36796532657025344,0.5215163253053887,0.6814956855225313,0.6284709462606634,0.7305254565525745,0.4447086481933671,0.007142857142857143,0.7348993288590604,438,298,140,361,repope,3852,84,42,3894,42,5,0
qwen3.5-9b,qwen3.5-9b,repope,Sphere-Traj-LSTM,proxy_anchor,single_vmf,StageC-single_vmf,single_vmf,support_estimator,test,test,pooled,0.5,20260506,,,,,passed,,0.25752900905873205,0.14537312045057096,0.4403205464299954,0.9530757097791798,0.903008170978406,0.9828712299844162,0.28514209719785955,0.375,0.09337539432176656,1609,1585,24,1554,repope,3885,114,57,3942,57,31,0
qwen3.5-9b,qwen3.5-9b,repope,Sphere-Traj-LSTM,proxy_anchor,mixture_vmf,StageC-mixture_vmf,mixture_vmf,support_estimator,test,test,pooled,0.5,20260506,,8,,,passed,,0.007604329805524388,0.0047233682575074645,0.010824498609489941,0.030809674027339647,0.017078702578091947,0.04757513164575671,0.008057643462815556,0.0,0.9981072555205047,1609,1585,24,1554,repope,3885,114,57,3942,57,31,0
qwen3.5-9b,qwen3.5-9b,repope,Sphere-Traj-LSTM,proxy_anchor,knn,StageC-knn,knn,support_estimator,test,test,pooled,0.5,20260506,1,,,,passed,,0.15720403229916083,0.08813993980783044,0.24353479903482564,0.9521819137749739,0.9269951733642056,0.9712896178622582,0.17256467111819235,0.0,0.10031545741324921,1609,1585,24,1554,repope,3885,114,57,3942,57,31,0
qwen3.5-9b,qwen3.5-9b,repope,Sphere-Traj-LSTM,proxy_anchor,radius_ball,StageC-radius_ball,radius_ball,support_estimator,test,test,pooled,0.5,20260506,,,0.01632956357765619,,passed,,0.46040148837562095,0.3346980358247715,0.5655622739659912,0.9541535226077813,0.9310651637475763,0.9721078151771704,0.17045247844656716,0.0,0.14384858044164037,1609,1585,24,1554,repope,3885,114,57,3942,57,31,0
qwen3.5-9b,qwen3.5-9b,repope,Sphere-Traj-LSTM,proxy_anchor,logistic,StageC-logistic,supervised_comparator,supervised_comparator,test,test,pooled,0.5,20260506,,,,0.1,passed,,0.26625971874428583,0.13463968201076612,0.4460291883305715,0.8881046267087277,0.7697248175088206,0.980958056742108,0.2728146568617729,0.375,0.8347003154574133,1609,1585,24,1554,repope,3885,114,57,3942,57,31,0
qwen3.5-9b,qwen3.5-9b,pope,Sphere-Traj-LSTM,proxy_anchor,single_vmf,StageC-single_vmf,single_vmf,support_estimator,test,test,pooled,0.5,20260506,,,,,passed,,0.27019108249749196,0.17642121924033075,0.38430914220796125,0.9341020265548567,0.892424480928827,0.9618389480299642,0.28027271910420026,0.17777777777777778,0.12264150943396226,1635,1590,45,1642,repope,3885,114,57,3942,57,165,0
qwen3.5-9b,qwen3.5-9b,pope,Sphere-Traj-LSTM,proxy_anchor,mixture_vmf,StageC-mixture_vmf,mixture_vmf,support_estimator,test,test,pooled,0.5,20260506,,8,,,passed,,0.014288981463789001,0.010034523657623017,0.01810956218760113,0.05587700908455624,0.037294318465401995,0.07792630968105085,0.014732721404928846,0.0,0.9943396226415094,1635,1590,45,1642,repope,3885,114,57,3942,57,165,0
qwen3.5-9b,qwen3.5-9b,pope,Sphere-Traj-LSTM,proxy_anchor,knn,StageC-knn,knn,support_estimator,test,test,pooled,0.5,20260506,1,,,,passed,,0.1875605866135261,0.12348609289581182,0.26466714950788867,0.919874213836478,0.893668726444817,0.9426239873453403,0.19619023745030587,0.044444444444444446,0.23647798742138365,1635,1590,45,1642,repope,3885,114,57,3942,57,165,0
qwen3.5-9b,qwen3.5-9b,pope,Sphere-Traj-LSTM,proxy_anchor,radius_ball,StageC-radius_ball,radius_ball,support_estimator,test,test,pooled,0.5,20260506,,,0.01632956357765619,,passed,,0.4162172402733981,0.3189542381966772,0.5000541823733474,0.9306359189378057,0.9120675089610638,0.9478569213351086,0.1853747908575064,0.0,0.15157232704402515,1635,1590,45,1642,repope,3885,114,57,3942,57,165,0
qwen3.5-9b,qwen3.5-9b,pope,Sphere-Traj-LSTM,proxy_anchor,logistic,StageC-logistic,supervised_comparator,supervised_comparator,test,test,pooled,0.5,20260506,,,,0.1,passed,,0.23900575841001345,0.14714834839001215,0.35205479860661315,0.8170090845562544,0.7200290340454011,0.8991622811815992,0.23026619129123924,0.17777777777777778,0.8333333333333334,1635,1590,45,1642,repope,3885,114,57,3942,57,165,0
qwen3.5-9b,qwen3.5-9b,dash-b,Sphere-Traj-LSTM,proxy_anchor,single_vmf,StageC-single_vmf,single_vmf,support_estimator,test,test,pooled,0.5,20260506,,,,,passed,,0.7478323489278403,0.6733544330463842,0.8097502117566461,0.7944636678200693,0.7429201502821484,0.8435613151238567,0.7492544228959592,0.19411764705882353,0.9264705882352942,442,272,170,349,repope,3885,114,57,3942,57,1,0
qwen3.5-9b,qwen3.5-9b,dash-b,Sphere-Traj-LSTM,proxy_anchor,mixture_vmf,StageC-mixture_vmf,mixture_vmf,support_estimator,test,test,pooled,0.5,20260506,,8,,,passed,,0.7478292862218507,0.6733512978235264,0.8097498732879775,0.7944528546712804,0.7429081417110905,0.8435084833402557,0.7492544228959592,0.19411764705882353,0.9264705882352942,442,272,170,349,repope,3885,114,57,3942,57,1,0
qwen3.5-9b,qwen3.5-9b,dash-b,Sphere-Traj-LSTM,proxy_anchor,knn,StageC-knn,knn,support_estimator,test,test,pooled,0.5,20260506,1,,,,passed,,0.7466162042032591,0.6745218406239756,0.8126166914868131,0.8432201557093426,0.8072929735651905,0.8782176231711115,0.7474640968291818,0.11176470588235295,0.48161764705882354,442,272,170,349,repope,3885,114,57,3942,57,1,0
qwen3.5-9b,qwen3.5-9b,dash-b,Sphere-Traj-LSTM,proxy_anchor,radius_ball,StageC-radius_ball,radius_ball,support_estimator,test,test,pooled,0.5,20260506,,,0.01632956357765619,,passed,,0.7660604671237681,0.7070150745925253,0.820604004379858,0.8471020761245676,0.8105791119967736,0.8818612581736601,0.7056891408947712,0.0,0.48161764705882354,442,272,170,349,repope,3885,114,57,3942,57,1,0
qwen3.5-9b,qwen3.5-9b,dash-b,Sphere-Traj-LSTM,proxy_anchor,logistic,StageC-logistic,supervised_comparator,supervised_comparator,test,test,pooled,0.5,20260506,,,,0.1,passed,,0.6813953310908892,0.6037542930380656,0.7482097648134242,0.6906141868512111,0.6297915292537202,0.7538839273563264,0.6828807929285277,0.19411764705882353,0.9889705882352942,442,272,170,349,repope,3885,114,57,3942,57,1,0
qwen3.5-9b,qwen3.5-9b,repope,Sphere-Traj-LSTM,proxy_anchor,single_vmf,StageC-single_vmf,single_vmf,support_estimator,test,test,pooled,0.5,20260507,,,,,passed,,0.27460986856219666,0.15656459301780004,0.4815699168497303,0.9606992639327026,0.9275958104198889,0.9848266762624446,0.3027358735402299,0.2916666666666667,0.09085173501577287,1609,1585,24,1554,repope,3885,114,57,3942,57,31,0
qwen3.5-9b,qwen3.5-9b,repope,Sphere-Traj-LSTM,proxy_anchor,mixture_vmf,StageC-mixture_vmf,mixture_vmf,support_estimator,test,test,pooled,0.5,20260507,,2,,,passed,,0.27460986856219666,0.15656459301780004,0.4815699168497303,0.9606992639327026,0.9275958104198889,0.9848266762624446,0.3027358735402299,0.2916666666666667,0.09085173501577287,1609,1585,24,1554,repope,3885,114,57,3942,57,31,0
qwen3.5-9b,qwen3.5-9b,repope,Sphere-Traj-LSTM,proxy_anchor,knn,StageC-knn,knn,support_estimator,test,test,pooled,0.5,20260507,32,,,,passed,,0.15444970839011057,0.06435898322785247,0.32391820519166964,0.8722660357518403,0.8038215149610498,0.9315652669587592,0.177772174377576,0.16666666666666666,0.465615141955836,1609,1585,24,1554,repope,3885,114,57,3942,57,31,0
qwen3.5-9b,qwen3.5-9b,repope,Sphere-Traj-LSTM,proxy_anchor,radius_ball,StageC-radius_ball,radius_ball,support_estimator,test,test,pooled,0.5,20260507,,,0.007057172805022567,,passed,,0.2491705767724068,0.15303549803052563,0.35098344134758513,0.7077155625657203,0.6292082237443323,0.7823885000782212,0.026910452121084984,0.0,0.632807570977918,1609,1585,24,1554,repope,3885,114,57,3942,57,31,0
qwen3.5-9b,qwen3.5-9b,repope,Sphere-Traj-LSTM,proxy_anchor,logistic,StageC-logistic,supervised_comparator,supervised_comparator,test,test,pooled,0.5,20260507,,,,0.1,passed,,0.2703290983647103,0.15226781977355805,0.4740737005882283,0.9688748685594112,0.951942972162104,0.984709312795274,0.2981047231391286,0.20833333333333334,0.0832807570977918,1609,1585,24,1554,repope,3885,114,57,3942,57,31,0
qwen3.5-9b,qwen3.5-9b,pope,Sphere-Traj-LSTM,proxy_anchor,single_vmf,StageC-single_vmf,single_vmf,support_estimator,test,test,pooled,0.5,20260507,,,,,passed,,0.23879598251900883,0.14288260972837022,0.35587654562891363,0.9155835080363383,0.8841658185600508,0.9432611762021849,0.2484622684937102,0.1111111111111111,0.25345911949685535,1635,1590,45,1642,repope,3885,114,57,3942,57,165,0
qwen3.5-9b,qwen3.5-9b,pope,Sphere-Traj-LSTM,proxy_anchor,mixture_vmf,StageC-mixture_vmf,mixture_vmf,support_estimator,test,test,pooled,0.5,20260507,,2,,,passed,,0.23879598251900883,0.14288260972837022,0.35587654562891363,0.9155835080363383,0.8841658185600508,0.9432611762021849,0.2484622684937102,0.1111111111111111,0.25345911949685535,1635,1590,45,1642,repope,3885,114,57,3942,57,165,0
qwen3.5-9b,qwen3.5-9b,pope,Sphere-Traj-LSTM,proxy_anchor,knn,StageC-knn,knn,support_estimator,test,test,pooled,0.5,20260507,32,,,,passed,,0.09541348291090733,0.036418667902185814,0.19701270129526133,0.666554856743536,0.5979941809095337,0.7319739940993716,0.10098366539260134,0.08888888888888889,0.6465408805031446,1635,1590,45,1642,repope,3885,114,57,3942,57,165,0
qwen3.5-9b,qwen3.5-9b,pope,Sphere-Traj-LSTM,proxy_anchor,radius_ball,StageC-radius_ball,radius_ball,support_estimator,test,test,pooled,0.5,20260507,,,0.007057172805022567,,passed,,0.25438288123151226,0.1794272271695834,0.32986927313877157,0.653696715583508,0.5849227441267826,0.7224649830006856,0.044308337469708324,0.0,0.7981132075471699,1635,1590,45,1642,repope,3885,114,57,3942,57,165,0
qwen3.5-9b,qwen3.5-9b,pope,Sphere-Traj-LSTM,proxy_anchor,logistic,StageC-logistic,supervised_comparator,supervised_comparator,test,test,pooled,0.5,20260507,,,,0.1,passed,,0.2565066925895117,0.15836092292527537,0.37546582277063245,0.9426554856743536,0.9258452363956788,0.9579405738218468,0.26639128014911806,0.13333333333333333,0.12830188679245283,1635,1590,45,1642,repope,3885,114,57,3942,57,165,0
qwen3.5-9b,qwen3.5-9b,dash-b,Sphere-Traj-LSTM,proxy_anchor,single_vmf,StageC-single_vmf,single_vmf,support_estimator,test,test,pooled,0.5,20260507,,,,,passed,,0.6811427403878051,0.6019346942999827,0.7580995826742207,0.7818122837370242,0.7385463873522493,0.8258629488597579,0.6838957118808348,0.07058823529411765,0.7463235294117647,442,272,170,349,repope,3885,114,57,3942,57,1,0
qwen3.5-9b,qwen3.5-9b,dash-b,Sphere-Traj-LSTM,proxy_anchor,mixture_vmf,StageC-mixture_vmf,mixture_vmf,support_estimator,test,test,pooled,0.5,20260507,,2,,,passed,,0.6811427403878051,0.6019346942999827,0.7580995826742207,0.7818122837370242,0.7385463873522493,0.8258629488597579,0.6838957118808348,0.07058823529411765,0.7463235294117647,442,272,170,349,repope,3885,114,57,3942,57,1,0
qwen3.5-9b,qwen3.5-9b,dash-b,Sphere-Traj-LSTM,proxy_anchor,knn,StageC-knn,knn,support_estimator,test,test,pooled,0.5,20260507,32,,,,passed,,0.68737708301125,0.6102037705417217,0.7653141799178997,0.7877595155709343,0.7418792017158575,0.8311223123703834,0.6901237026335914,0.07058823529411765,0.8014705882352942,442,272,170,349,repope,3885,114,57,3942,57,1,0
qwen3.5-9b,qwen3.5-9b,dash-b,Sphere-Traj-LSTM,proxy_anchor,radius_ball,StageC-radius_ball,radius_ball,support_estimator,test,test,pooled,0.5,20260507,,,0.007057172805022567,,passed,,0.6751088206393048,0.6218445041972912,0.7222784665034426,0.705633650519031,0.6579535037782537,0.7471983978565852,0.5222905753908849,0.0,0.7279411764705882,442,272,170,349,repope,3885,114,57,3942,57,1,0
qwen3.5-9b,qwen3.5-9b,dash-b,Sphere-Traj-LSTM,proxy_anchor,logistic,StageC-logistic,supervised_comparator,supervised_comparator,test,test,pooled,0.5,20260507,,,,0.1,passed,,0.721059346910421,0.6433618012740012,0.7947499611769543,0.8389922145328721,0.8046675282681205,0.8740380550752631,0.7237845336312803,0.058823529411764705,0.47058823529411764,442,272,170,349,repope,3885,114,57,3942,57,1,0
qwen3.5-9b,qwen3.5-9b,repope,Sphere-Traj-LSTM,proxy_anchor,single_vmf,StageC-single_vmf,single_vmf,support_estimator,test,test,pooled,0.5,20260508,,,,,passed,,0.21265578807039065,0.11862210674667066,0.35406222121538955,0.9651419558359622,0.9479079375758372,0.979246305955489,0.23789343081031453,0.25,0.09589905362776026,1609,1585,24,1554,repope,3885,114,57,3942,57,31,0
qwen3.5-9b,qwen3.5-9b,repope,Sphere-Traj-LSTM,proxy_anchor,mixture_vmf,StageC-mixture_vmf,mixture_vmf,support_estimator,test,test,pooled,0.5,20260508,,2,,,passed,,0.21265578807039065,0.11862210674667066,0.3540622212153895,0.9651419558359621,0.9479079375758372,0.979246305955489,0.23789343081031458,0.25,0.09589905362776026,1609,1585,24,1554,repope,3885,114,57,3942,57,31,0
qwen3.5-9b,qwen3.5-9b,repope,Sphere-Traj-LSTM,proxy_anchor,knn,StageC-knn,knn,support_estimator,test,test,pooled,0.5,20260508,32,,,,passed,,0.20812753400068562,0.11399420754563476,0.3510854642237839,0.9629600420609885,0.9428649100241274,0.978705623964345,0.23335296961610263,0.20833333333333334,0.10347003154574133,1609,1585,24,1554,repope,3885,114,57,3942,57,31,0
qwen3.5-9b,qwen3.5-9b,repope,Sphere-Traj-LSTM,proxy_anchor,radius_ball,StageC-radius_ball,radius_ball,support_estimator,test,test,pooled,0.5,20260508,,,0.005549295555194952,,passed,,0.51854714064915,0.5118166936112307,0.5264820082170752,0.8034700315457413,0.7921704964789398,0.8158596964598258,0.03709428129829984,0.0,0.39305993690851737,1609,1585,24,1554,repope,3885,114,57,3942,57,31,0
qwen3.5-9b,qwen3.5-9b,repope,Sphere-Traj-LSTM,proxy_anchor,logistic,StageC-logistic,supervised_comparator,supervised_comparator,test,test,pooled,0.5,20260508,,,,0.1,passed,,0.21060587347271634,0.11636577085339123,0.3517025660078062,0.9566246056782334,0.9202788811651771,0.9788594849825252,0.23580562190354531,0.25,0.09589905362776026,1609,1585,24,1554,repope,3885,114,57,3942,57,31,0
qwen3.5-9b,qwen3.5-9b,pope,Sphere-Traj-LSTM,proxy_anchor,single_vmf,StageC-single_vmf,single_vmf,support_estimator,test,test,pooled,0.5,20260508,,,,,passed,,0.2578577485300339,0.16352084643526138,0.36105108342853226,0.9361844863731656,0.9013238784575316,0.9603458528025867,0.26883852354260895,0.08888888888888889,0.11886792452830189,1635,1590,45,1642,repope,3885,114,57,3942,57,165,0
qwen3.5-9b,qwen3.5-9b,pope,Sphere-Traj-LSTM,proxy_anchor,mixture_vmf,StageC-mixture_vmf,mixture_vmf,support_estimator,test,test,pooled,0.5,20260508,,2,,,passed,,0.01429865141515657,0.010443671880733944,0.018824658006624233,0.04936408106219426,0.03651629808447765,0.06603290746865795,0.01473618292946753,0.0,0.9962264150943396,1635,1590,45,1642,repope,3885,114,57,3942,57,165,0
qwen3.5-9b,qwen3.5-9b,pope,Sphere-Traj-LSTM,proxy_anchor,knn,StageC-knn,knn,support_estimator,test,test,pooled,0.5,20260508,32,,,,passed,,0.2356890510120647,0.14544186642202278,0.3341327495130135,0.9396505939902166,0.9199072669261333,0.9566790224415274,0.24668799063089406,0.08888888888888889,0.1490566037735849,1635,1590,45,1642,repope,3885,114,57,3942,57,165,0
qwen3.5-9b,qwen3.5-9b,pope,Sphere-Traj-LSTM,proxy_anchor,radius_ball,StageC-radius_ball,radius_ball,support_estimator,test,test,pooled,0.5,20260508,,,0.005549295555194952,,passed,,0.5317796610169492,0.5231919050922023,0.5416666666666666,0.7915094339622641,0.7794205593605383,0.8030878306037439,0.0635593220338983,0.0,0.4169811320754717,1635,1590,45,1642,repope,3885,114,57,3942,57,165,0
qwen3.5-9b,qwen3.5-9b,pope,Sphere-Traj-LSTM,proxy_anchor,logistic,StageC-logistic,supervised_comparator,supervised_comparator,test,test,pooled,0.5,20260508,,,,0.1,passed,,0.24923620087804274,0.1622301057943927,0.3483824430314482,0.9435639412997904,0.9171587473112298,0.9611808109013857,0.2506942152617834,0.08888888888888889,0.11886792452830189,1635,1590,45,1642,repope,3885,114,57,3942,57,165,0
qwen3.5-9b,qwen3.5-9b,dash-b,Sphere-Traj-LSTM,proxy_anchor,single_vmf,StageC-single_vmf,single_vmf,support_estimator,test,test,pooled,0.5,20260508,,,,,passed,,0.7244206406805744,0.6428385509311241,0.7930231665589212,0.8166522491349482,0.7733620196995248,0.8601181080392389,0.7261060753427896,0.07647058823529412,0.8161764705882353,442,272,170,349,repope,3885,114,57,3942,57,1,0
qwen3.5-9b,qwen3.5-9b,dash-b,Sphere-Traj-LSTM,proxy_anchor,mixture_vmf,StageC-mixture_vmf,mixture_vmf,support_estimator,test,test,pooled,0.5,20260508,,2,,,passed,,0.7244206406805744,0.6428385509311241,0.7930231665589212,0.8166522491349482,0.7733620196995248,0.8601181080392389,0.7261060753427896,0.07647058823529412,0.8161764705882353,442,272,170,349,repope,3885,114,57,3942,57,1,0
qwen3.5-9b,qwen3.5-9b,dash-b,Sphere-Traj-LSTM,proxy_anchor,knn,StageC-knn,knn,support_estimator,test,test,pooled,0.5,20260508,32,,,,passed,,0.7456655268563367,0.666956303490862,0.8129346361347422,0.8589532871972319,0.8217787145719039,0.8911058764271919,0.747345021744642,0.07647058823529412,0.4411764705882353,442,272,170,349,repope,3885,114,57,3942,57,1,0
qwen3.5-9b,qwen3.5-9b,dash-b,Sphere-Traj-LSTM,proxy_anchor,radius_ball,StageC-radius_ball,radius_ball,support_estimator,test,test,pooled,0.5,20260508,,,0.005549295555194952,,passed,,0.7390467681271828,0.7112648183076978,0.7667399049943753,0.6746972318339101,0.6448098845808404,0.704246839070891,0.49006708306954144,0.0,0.6323529411764706,442,272,170,349,repope,3885,114,57,3942,57,1,0
qwen3.5-9b,qwen3.5-9b,dash-b,Sphere-Traj-LSTM,proxy_anchor,logistic,StageC-logistic,supervised_comparator,supervised_comparator,test,test,pooled,0.5,20260508,,,,0.1,passed,,0.7557693626461681,0.6773832417336845,0.8252603034091699,0.870544982698962,0.8365728646547848,0.9021152285214784,0.7574335546376822,0.07647058823529412,0.40808823529411764,442,272,170,349,repope,3885,114,57,3942,57,1,0
phi-4-multimodal-instruct,phi-4-multimodal-instruct,repope,Sphere-Traj-LSTM,proxy_anchor,single_vmf,StageC-single_vmf,single_vmf,support_estimator,test,test,pooled,0.5,20260506,,,,,passed,,0.3861656438046078,0.26371250122489287,0.5123019558838026,0.9019861336750338,0.8491709162783099,0.9438033397531175,0.39210809458418977,0.22413793103448276,0.2780358327803583,1565,1507,58,1496,repope,3719,197,98,3817,98,75,0
phi-4-multimodal-instruct,phi-4-multimodal-instruct,repope,Sphere-Traj-LSTM,proxy_anchor,mixture_vmf,StageC-mixture_vmf,mixture_vmf,support_estimator,test,test,pooled,0.5,20260506,,2,,,passed,,0.0195186802601874,0.01480941391200665,0.02463921864762637,0.07597876575978765,0.053498636024862066,0.0995337900153937,0.020141886818552737,0.0,0.9980092899800929,1565,1507,58,1496,repope,3719,197,98,3817,98,75,0
phi-4-multimodal-instruct,phi-4-multimodal-instruct,repope,Sphere-Traj-LSTM,proxy_anchor,knn,StageC-knn,knn,support_estimator,test,test,pooled,0.5,20260506,4,,,,passed,,0.3553240901511247,0.23218359612850498,0.48081880387332054,0.8908198521840606,0.8597678195043783,0.921246268171401,0.3614010804437162,0.29310344827586204,0.3278035832780358,1565,1507,58,1496,repope,3719,197,98,3817,98,75,0
phi-4-multimodal-instruct,phi-4-multimodal-instruct,repope,Sphere-Traj-LSTM,proxy_anchor,radius_ball,StageC-radius_ball,radius_ball,support_estimator,test,test,pooled,0.5,20260506,,,0.010536207423065968,,passed,,0.452176539039983,0.39306133825611644,0.5009461677744609,0.8093609134384367,0.7803059960937242,0.8342030202377217,0.0921594458453967,0.0,0.48374253483742535,1565,1507,58,1496,repope,3719,197,98,3817,98,75,0
phi-4-multimodal-instruct,phi-4-multimodal-instruct,repope,Sphere-Traj-LSTM,proxy_anchor,logistic,StageC-logistic,supervised_comparator,supervised_comparator,test,test,pooled,0.5,20260506,,,,0.1,passed,,0.36289128962409556,0.24211820682949659,0.4898902362142158,0.8761297851406082,0.8157014185855084,0.9292226280412761,0.36903481969828295,0.22413793103448276,0.45454545454545453,1565,1507,58,1496,repope,3719,197,98,3817,98,75,0
phi-4-multimodal-instruct,phi-4-multimodal-instruct,pope,Sphere-Traj-LSTM,proxy_anchor,single_vmf,StageC-single_vmf,single_vmf,support_estimator,test,test,pooled,0.5,20260506,,,,,passed,,0.24767757998595125,0.1678020898441372,0.355234198453934,0.8865771735274258,0.8297479779990194,0.9307538818501192,0.2615517141142727,0.14035087719298245,0.36921069797782124,1590,1533,57,1572,repope,3719,197,98,3817,98,210,0
phi-4-multimodal-instruct,phi-4-multimodal-instruct,pope,Sphere-Traj-LSTM,proxy_anchor,mixture_vmf,StageC-mixture_vmf,mixture_vmf,support_estimator,test,test,pooled,0.5,20260506,,2,,,passed,,0.018897907182015134,0.014491435302868451,0.024242790477065353,0.07930785868781544,0.05762916080521043,0.10540419026826842,0.019420257789240954,0.0,1.0,1590,1533,57,1572,repope,3719,197,98,3817,98,210,0
phi-4-multimodal-instruct,phi-4-multimodal-instruct,pope,Sphere-Traj-LSTM,proxy_anchor,knn,StageC-knn,knn,support_estimator,test,test,pooled,0.5,20260506,4,,,,passed,,0.18341297469480283,0.10558937684062503,0.29130109652098873,0.8444169785193577,0.8054378541958516,0.8818338293516496,0.1960377927973223,0.12280701754385964,0.4390084801043705,1590,1533,57,1572,repope,3719,197,98,3817,98,210,0
phi-4-multimodal-instruct,phi-4-multimodal-instruct,pope,Sphere-Traj-LSTM,proxy_anchor,radius_ball,StageC-radius_ball,radius_ball,support_estimator,test,test,pooled,0.5,20260506,,,0.010536207423065968,,passed,,0.45419150762331745,0.39178861911982393,0.5022306749741948,0.7970153694739132,0.7657773433617094,0.8225259248363692,0.08544428640140896,0.0,0.5035877364644488,1590,1533,57,1572,repope,3719,197,98,3817,98,210,0
phi-4-multimodal-instruct,phi-4-multimodal-instruct,pope,Sphere-Traj-LSTM,proxy_anchor,logistic,StageC-logistic,supervised_comparator,supervised_comparator,test,test,pooled,0.5,20260506,,,,0.1,passed,,0.23656497560919862,0.16082913052924636,0.34359647620190253,0.8804087845183736,0.822405969960181,0.9251250100479667,0.25023139623211615,0.12280701754385964,0.41617742987606,1590,1533,57,1572,repope,3719,197,98,3817,98,210,0
phi-4-multimodal-instruct,phi-4-multimodal-instruct,dash-b,Sphere-Traj-LSTM,proxy_anchor,single_vmf,StageC-single_vmf,single_vmf,support_estimator,test,test,pooled,0.5,20260506,,,,,passed,,0.5447271406155673,0.48330562350271683,0.6169594709770468,0.5518480066445183,0.49727067269212477,0.6014599242434857,0.5487983803959205,0.023255813953488372,0.96875,439,224,215,305,repope,3719,197,98,3817,98,4,0
phi-4-multimodal-instruct,phi-4-multimodal-instruct,dash-b,Sphere-Traj-LSTM,proxy_anchor,mixture_vmf,StageC-mixture_vmf,mixture_vmf,support_estimator,test,test,pooled,0.5,20260506,,2,,,passed,,0.5447271406155673,0.48330562350271683,0.6169594709770468,0.5518480066445183,0.49727067269212477,0.6014599242434857,0.5487983803959205,0.023255813953488372,0.96875,439,224,215,305,repope,3719,197,98,3817,98,4,0
phi-4-multimodal-instruct,phi-4-multimodal-instruct,dash-b,Sphere-Traj-LSTM,proxy_anchor,knn,StageC-knn,knn,support_estimator,test,test,pooled,0.5,20260506,4,,,,passed,,0.530172548911662,0.4677480160992989,0.6026011249558586,0.5374169435215946,0.4864806689760352,0.5945532906987393,0.5341981540000601,0.023255813953488372,0.90625,439,224,215,305,repope,3719,197,98,3817,98,4,0
phi-4-multimodal-instruct,phi-4-multimodal-instruct,dash-b,Sphere-Traj-LSTM,proxy_anchor,radius_ball,StageC-radius_ball,radius_ball,support_estimator,test,test,pooled,0.5,20260506,,,0.010536207423065968,,passed,,0.6361636404120476,0.5859026255708126,0.6845885495039191,0.541154485049834,0.49263087934672256,0.5935289996419497,0.514252076770974,0.0,0.96875,439,224,215,305,repope,3719,197,98,3817,98,4,0
phi-4-multimodal-instruct,phi-4-multimodal-instruct,dash-b,Sphere-Traj-LSTM,proxy_anchor,logistic,StageC-logistic,supervised_comparator,supervised_comparator,test,test,pooled,0.5,20260506,,,,0.1,passed,,0.7161403561140622,0.6515577209653912,0.778084779949627,0.7519725913621262,0.7031363296982721,0.7975373576079928,0.7173318534080184,0.07906976744186046,0.6651785714285714,439,224,215,305,repope,3719,197,98,3817,98,4,0
phi-4-multimodal-instruct,phi-4-multimodal-instruct,repope,Sphere-Traj-LSTM,proxy_anchor,single_vmf,StageC-single_vmf,single_vmf,support_estimator,test,test,pooled,0.5,20260507,,,,,passed,,0.32118882617662814,0.20293666553388576,0.45895435081551517,0.8220717113241653,0.7522016542301835,0.885133029285113,0.3297501871353111,0.2413793103448276,0.794293297942933,1565,1507,58,1496,repope,3719,197,98,3817,98,75,0
phi-4-multimodal-instruct,phi-4-multimodal-instruct,repope,Sphere-Traj-LSTM,proxy_anchor,mixture_vmf,StageC-mixture_vmf,mixture_vmf,support_estimator,test,test,pooled,0.5,20260507,,2,,,passed,,0.32118882617662814,0.20293666553388576,0.45895435081551517,0.8220717113241653,0.7522016542301835,0.885133029285113,0.3297501871353111,0.2413793103448276,0.794293297942933,1565,1507,58,1496,repope,3719,197,98,3817,98,75,0
phi-4-multimodal-instruct,phi-4-multimodal-instruct,repope,Sphere-Traj-LSTM,proxy_anchor,knn,StageC-knn,knn,support_estimator,test,test,pooled,0.5,20260507,8,,,,passed,,0.3304498166047074,0.2178784291899043,0.4817035662892071,0.8746996773676865,0.833124690255004,0.9137255890618509,0.34335775246053735,0.25862068965517243,0.5162574651625746,1565,1507,58,1496,repope,3719,197,98,3817,98,75,0
phi-4-multimodal-instruct,phi-4-multimodal-instruct,repope,Sphere-Traj-LSTM,proxy_anchor,radius_ball,StageC-radius_ball,radius_ball,support_estimator,test,test,pooled,0.5,20260507,,,0.011085827296444634,,passed,,0.3156738432721534,0.22698516465907925,0.40850546565333573,0.873904537445942,0.8374281694917508,0.9057816760991495,0.1915007683082029,0.0,0.4041141340411413,1565,1507,58,1496,repope,3719,197,98,3817,98,75,0
phi-4-multimodal-instruct,phi-4-multimodal-instruct,repope,Sphere-Traj-LSTM,proxy_anchor,logistic,StageC-logistic,supervised_comparator,supervised_comparator,test,test,pooled,0.5,20260507,,,,0.1,passed,,0.3392640666972678,0.22109372657025808,0.4742165016924559,0.8652209230487611,0.8065727226361672,0.9144405272611565,0.32644599518082235,0.2413793103448276,0.5739880557398805,1565,1507,58,1496,repope,3719,197,98,3817,98,75,0
phi-4-multimodal-instruct,phi-4-multimodal-instruct,pope,Sphere-Traj-LSTM,proxy_anchor,single_vmf,StageC-single_vmf,single_vmf,support_estimator,test,test,pooled,0.5,20260507,,,,,passed,,0.2019168935398588,0.13050463451161937,0.2998668614281101,0.8307870131950882,0.7724546274694389,0.8861202815546037,0.21323866927276514,0.15789473684210525,0.7136333985649054,1590,1533,57,1572,repope,3719,197,98,3817,98,210,0
phi-4-multimodal-instruct,phi-4-multimodal-instruct,pope,Sphere-Traj-LSTM,proxy_anchor,mixture_vmf,StageC-mixture_vmf,mixture_vmf,support_estimator,test,test,pooled,0.5,20260507,,2,,,passed,,0.2019168935398588,0.13050463451161937,0.2998668614281101,0.8307870131950882,0.7724546274694389,0.8861202815546037,0.21323866927276514,0.15789473684210525,0.7136333985649054,1590,1533,57,1572,repope,3719,197,98,3817,98,210,0
phi-4-multimodal-instruct,phi-4-multimodal-instruct,pope,Sphere-Traj-LSTM,proxy_anchor,knn,StageC-knn,knn,support_estimator,test,test,pooled,0.5,20260507,8,,,,passed,,0.2765169309304014,0.1741425237449222,0.3936187830297433,0.8774333093006489,0.8471729522833604,0.909631702148109,0.2828359743927121,0.15789473684210525,0.3868232224396608,1590,1533,57,1572,repope,3719,197,98,3817,98,210,0
phi-4-multimodal-instruct,phi-4-multimodal-instruct,pope,Sphere-Traj-LSTM,proxy_anchor,radius_ball,StageC-radius_ball,radius_ball,support_estimator,test,test,pooled,0.5,20260507,,,0.011085827296444634,,passed,,0.30583694113208515,0.21890484610469457,0.4006425764446991,0.8775363065197239,0.8455610271123655,0.9094531265117239,0.17997666072463192,0.0,0.350293542074364,1590,1533,57,1572,repope,3719,197,98,3817,98,210,0
phi-4-multimodal-instruct,phi-4-multimodal-instruct,pope,Sphere-Traj-LSTM,proxy_anchor,logistic,StageC-logistic,supervised_comparator,supervised_comparator,test,test,pooled,0.5,20260507,,,,0.1,passed,,0.24704576566767358,0.1616629707425881,0.3552340638531465,0.8736224121948708,0.8239477199165707,0.9189601502683089,0.22882665548559294,0.15789473684210525,0.44487932159165033,1590,1533,57,1572,repope,3719,197,98,3817,98,210,0
phi-4-multimodal-instruct,phi-4-multimodal-instruct,dash-b,Sphere-Traj-LSTM,proxy_anchor,single_vmf,StageC-single_vmf,single_vmf,support_estimator,test,test,pooled,0.5,20260507,,,,,passed,,0.5828414918763769,0.5172934364119135,0.6488042472427229,0.5305024916943522,0.4751594146254513,0.5875150799652301,0.5841122487167079,0.10232558139534884,0.9508928571428571,439,224,215,305,repope,3719,197,98,3817,98,4,0
phi-4-multimodal-instruct,phi-4-multimodal-instruct,dash-b,Sphere-Traj-LSTM,proxy_anchor,mixture_vmf,StageC-mixture_vmf,mixture_vmf,support_estimator,test,test,pooled,0.5,20260507,,2,,,passed,,0.5828414918763769,0.5172934364119135,0.6488042472427229,0.5305024916943522,0.4751594146254513,0.5875150799652301,0.5841122487167079,0.10232558139534884,0.9508928571428571,439,224,215,305,repope,3719,197,98,3817,98,4,0
phi-4-multimodal-instruct,phi-4-multimodal-instruct,dash-b,Sphere-Traj-LSTM,proxy_anchor,knn,StageC-knn,knn,support_estimator,test,test,pooled,0.5,20260507,8,,,,passed,,0.6168582274976069,0.551316922569104,0.6851836009173349,0.6161129568106313,0.5656710443503428,0.666049083982324,0.6182082534794827,0.09302325581395349,0.8883928571428571,439,224,215,305,repope,3719,197,98,3817,98,4,0
phi-4-multimodal-instruct,phi-4-multimodal-instruct,dash-b,Sphere-Traj-LSTM,proxy_anchor,radius_ball,StageC-radius_ball,radius_ball,support_estimator,test,test,pooled,0.5,20260507,,,0.011085827296444634,,passed,,0.6199541655831071,0.5482882098436168,0.6900568548234333,0.6292462624584717,0.5762869486210941,0.6800030629123236,0.5967526002767614,0.0,0.8973214285714286,439,224,215,305,repope,3719,197,98,3817,98,4,0
phi-4-multimodal-instruct,phi-4-multimodal-instruct,dash-b,Sphere-Traj-LSTM,proxy_anchor,logistic,StageC-logistic,supervised_comparator,supervised_comparator,test,test,pooled,0.5,20260507,,,,0.1,passed,,0.6879317328637401,0.6215470438943825,0.7509894487246844,0.7188330564784053,0.6724721014050152,0.7629591309107066,0.6890959278675877,0.10232558139534884,0.6473214285714286,439,224,215,305,repope,3719,197,98,3817,98,4,0
phi-4-multimodal-instruct,phi-4-multimodal-instruct,repope,Sphere-Traj-LSTM,proxy_anchor,single_vmf,StageC-single_vmf,single_vmf,support_estimator,test,test,pooled,0.5,20260508,,,,,passed,,0.3681597766079722,0.2395013396888539,0.486644786612948,0.8672631169484932,0.8076960927061523,0.9183697827023872,0.3735688277236399,0.3275862068965517,0.504313205043132,1565,1507,58,1496,repope,3719,197,98,3817,98,75,0
phi-4-multimodal-instruct,phi-4-multimodal-instruct,repope,Sphere-Traj-LSTM,proxy_anchor,mixture_vmf,StageC-mixture_vmf,mixture_vmf,support_estimator,test,test,pooled,0.5,20260508,,2,,,passed,,0.01955078734038776,0.014798651493318353,0.024780361983621605,0.08105850856920575,0.059358667594578,0.10547015297846514,0.020174197718442793,0.0,1.0,1565,1507,58,1496,repope,3719,197,98,3817,98,75,0
phi-4-multimodal-instruct,phi-4-multimodal-instruct,repope,Sphere-Traj-LSTM,proxy_anchor,knn,StageC-knn,knn,support_estimator,test,test,pooled,0.5,20260508,32,,,,passed,,0.3734072387290568,0.2452772607824555,0.48927602141696586,0.9068370592407844,0.8775550913442435,0.9331954134540852,0.37889205918854424,0.3275862068965517,0.2309223623092236,1565,1507,58,1496,repope,3719,197,98,3817,98,75,0
phi-4-multimodal-instruct,phi-4-multimodal-instruct,repope,Sphere-Traj-LSTM,proxy_anchor,radius_ball,StageC-radius_ball,radius_ball,support_estimator,test,test,pooled,0.5,20260508,,,0.00474060353489238,,passed,,0.48102142338164766,0.4299395810050457,0.5239984742217682,0.796449900464499,0.7646022251817571,0.8212045257720392,0.08947414747072642,0.0,0.5262110152621101,1565,1507,58,1496,repope,3719,197,98,3817,98,75,0
phi-4-multimodal-instruct,phi-4-multimodal-instruct,repope,Sphere-Traj-LSTM,proxy_anchor,logistic,StageC-logistic,supervised_comparator,supervised_comparator,test,test,pooled,0.5,20260508,,,,1.0,passed,,0.36378518486865796,0.23804092767189766,0.4803958271633893,0.9174370180536805,0.890512616232476,0.9415517243216437,0.341296809265268,0.29310344827586204,0.1930988719309887,1565,1507,58,1496,repope,3719,197,98,3817,98,75,0
phi-4-multimodal-instruct,phi-4-multimodal-instruct,pope,Sphere-Traj-LSTM,proxy_anchor,single_vmf,StageC-single_vmf,single_vmf,support_estimator,test,test,pooled,0.5,20260508,,,,,passed,,0.21509479445784635,0.1343422021133165,0.3181778308245498,0.8314736613222554,0.7674770294458932,0.885518537417066,0.22671711120669266,0.12280701754385964,0.5714285714285714,1590,1533,57,1572,repope,3719,197,98,3817,98,210,0
phi-4-multimodal-instruct,phi-4-multimodal-instruct,pope,Sphere-Traj-LSTM,proxy_anchor,mixture_vmf,StageC-mixture_vmf,mixture_vmf,support_estimator,test,test,pooled,0.5,20260508,,2,,,passed,,0.01916404234889305,0.014847206945810432,0.024467094561831295,0.09463155605909752,0.07407918216693796,0.11835686484620996,0.019693966548930308,0.0,0.9980430528375733,1590,1533,57,1572,repope,3719,197,98,3817,98,210,0
phi-4-multimodal-instruct,phi-4-multimodal-instruct,pope,Sphere-Traj-LSTM,proxy_anchor,knn,StageC-knn,knn,support_estimator,test,test,pooled,0.5,20260508,32,,,,passed,,0.22657002331771098,0.1447670055400126,0.3242172667147936,0.8955379315869583,0.8652222381675724,0.92016941131169,0.2382989438932797,0.12280701754385964,0.21135029354207435,1590,1533,57,1572,repope,3719,197,98,3817,98,210,0
phi-4-multimodal-instruct,phi-4-multimodal-instruct,pope,Sphere-Traj-LSTM,proxy_anchor,radius_ball,StageC-radius_ball,radius_ball,support_estimator,test,test,pooled,0.5,20260508,,,0.00474060353489238,,passed,,0.5206750862043152,0.4850272786490752,0.5467300623680206,0.8086654993648505,0.7837930121341486,0.8265283987657468,0.09005064122771311,0.0,0.3685583822570124,1590,1533,57,1572,repope,3719,197,98,3817,98,210,0
phi-4-multimodal-instruct,phi-4-multimodal-instruct,pope,Sphere-Traj-LSTM,proxy_anchor,logistic,StageC-logistic,supervised_comparator,supervised_comparator,test,test,pooled,0.5,20260508,,,,1.0,passed,,0.2736719078020989,0.1754066896793959,0.37895676387400035,0.9024845218068,0.8733041538770043,0.925811820731633,0.24494419993703598,0.12280701754385964,0.21526418786692758,1590,1533,57,1572,repope,3719,197,98,3817,98,210,0
phi-4-multimodal-instruct,phi-4-multimodal-instruct,dash-b,Sphere-Traj-LSTM,proxy_anchor,single_vmf,StageC-single_vmf,single_vmf,support_estimator,test,test,pooled,0.5,20260508,,,,,passed,,0.5249943327155997,0.45549671643695433,0.5952920805360199,0.46962209302325586,0.41475185111019525,0.5207430607451489,0.5272816133738456,0.04186046511627907,0.9598214285714286,439,224,215,305,repope,3719,197,98,3817,98,4,0
phi-4-multimodal-instruct,phi-4-multimodal-instruct,dash-b,Sphere-Traj-LSTM,proxy_anchor,mixture_vmf,StageC-mixture_vmf,mixture_vmf,support_estimator,test,test,pooled,0.5,20260508,,2,,,passed,,0.3758927319046683,0.331259980118139,0.4264723953231943,0.3321843853820598,0.2820166268584332,0.38592599251387444,0.37775589601532666,0.0,0.9821428571428571,439,224,215,305,repope,3719,197,98,3817,98,4,0
phi-4-multimodal-instruct,phi-4-multimodal-instruct,dash-b,Sphere-Traj-LSTM,proxy_anchor,knn,StageC-knn,knn,support_estimator,test,test,pooled,0.5,20260508,32,,,,passed,,0.593517245175381,0.5198670970081278,0.6655974697607586,0.6138081395348837,0.5581118568697533,0.6649102315092186,0.5958013281982331,0.04186046511627907,0.8348214285714286,439,224,215,305,repope,3719,197,98,3817,98,4,0
phi-4-multimodal-instruct,phi-4-multimodal-instruct,dash-b,Sphere-Traj-LSTM,proxy_anchor,radius_ball,StageC-radius_ball,radius_ball,support_estimator,test,test,pooled,0.5,20260508,,,0.00474060353489238,,passed,,0.7507189991122338,0.7179689792938528,0.7808527067011708,0.5904588870431894,0.5547787418857028,0.6262689113969253,0.5398779092648015,0.0,0.9196428571428571,439,224,215,305,repope,3719,197,98,3817,98,4,0
phi-4-multimodal-instruct,phi-4-multimodal-instruct,dash-b,Sphere-Traj-LSTM,proxy_anchor,logistic,StageC-logistic,supervised_comparator,supervised_comparator,test,test,pooled,0.5,20260508,,,,1.0,passed,,0.6327380811757644,0.5565099075983637,0.7018048542567447,0.6648878737541528,0.6099063713875653,0.714335935038524,0.6282230779563397,0.0,0.7232142857142857,439,224,215,305,repope,3719,197,98,3817,98,4,0
phi-3.5-vision-instruct,phi-3.5-vision-instruct,repope,Sphere-Traj-LSTM,proxy_anchor,single_vmf,StageC-single_vmf,single_vmf,support_estimator,test,test,pooled,0.5,20260506,,,,,passed,,0.46305369239174676,0.337682103961407,0.5809909875042533,0.9381117814135818,0.9125070925889892,0.9590449070931081,0.47013144048456235,0.3275862068965517,0.1531654186521443,1527,1469,58,1475,repope,3648,116,58,3706,58,113,0
phi-3.5-vision-instruct,phi-3.5-vision-instruct,repope,Sphere-Traj-LSTM,proxy_anchor,mixture_vmf,StageC-mixture_vmf,mixture_vmf,support_estimator,test,test,pooled,0.5,20260506,,2,,,passed,,0.01975781187691421,0.014826728801817967,0.025012951266736017,0.05648928428910119,0.04122932765192042,0.07438156688036146,0.02043083972427037,0.0,0.9979577944179714,1527,1469,58,1475,repope,3648,116,58,3706,58,113,0
phi-3.5-vision-instruct,phi-3.5-vision-instruct,repope,Sphere-Traj-LSTM,proxy_anchor,knn,StageC-knn,knn,support_estimator,test,test,pooled,0.5,20260506,16,,,,passed,,0.4208786077788995,0.2965000869853235,0.5421299601152807,0.9254712330696463,0.8998820802694998,0.9494745021106054,0.4279570052526672,0.3275862068965517,0.27161334240980256,1527,1469,58,1475,repope,3648,116,58,3706,58,113,0
phi-3.5-vision-instruct,phi-3.5-vision-instruct,repope,Sphere-Traj-LSTM,proxy_anchor,radius_ball,StageC-radius_ball,radius_ball,support_estimator,test,test,pooled,0.5,20260506,,,0.0045445769844614245,,passed,,0.5317951595334259,0.5084098847075277,0.54738485840242,0.771202553930659,0.7544308566219781,0.7862502951537742,0.07955206475650717,0.0,0.4479237576582709,1527,1469,58,1475,repope,3648,116,58,3706,58,113,0
phi-3.5-vision-instruct,phi-3.5-vision-instruct,repope,Sphere-Traj-LSTM,proxy_anchor,logistic,StageC-logistic,supervised_comparator,supervised_comparator,test,test,pooled,0.5,20260506,,,,0.1,passed,,0.40984059373607795,0.2803860115210458,0.5335859928249569,0.7598413182789137,0.6781572398345912,0.8355876756464795,0.41574073193632094,0.3275862068965517,0.7501701837985024,1527,1469,58,1475,repope,3648,116,58,3706,58,113,0
phi-3.5-vision-instruct,phi-3.5-vision-instruct,pope,Sphere-Traj-LSTM,proxy_anchor,single_vmf,StageC-single_vmf,single_vmf,support_estimator,test,test,pooled,0.5,20260506,,,,,passed,,0.18499051724353613,0.11510633801904191,0.28723555654578364,0.8773055332798717,0.8143681786300225,0.9292450859022423,0.19552192389137008,0.046511627906976744,0.5722811671087533,1551,1508,43,1545,repope,3648,116,58,3706,58,249,0
phi-3.5-vision-instruct,phi-3.5-vision-instruct,pope,Sphere-Traj-LSTM,proxy_anchor,mixture_vmf,StageC-mixture_vmf,mixture_vmf,support_estimator,test,test,pooled,0.5,20260506,,2,,,passed,,0.014603247251808052,0.010414326874274885,0.019144904963420778,0.07965270495342668,0.05569288914582273,0.10706412607259422,0.015074657645930474,0.0,0.9913793103448276,1551,1508,43,1545,repope,3648,116,58,3706,58,249,0
phi-3.5-vision-instruct,phi-3.5-vision-instruct,pope,Sphere-Traj-LSTM,proxy_anchor,knn,StageC-knn,knn,support_estimator,test,test,pooled,0.5,20260506,16,,,,passed,,0.16112573914482037,0.10054436328824519,0.25450300164875495,0.8896274134846709,0.851337987030893,0.9249976601853319,0.17174274938902837,0.06976744186046512,0.3779840848806366,1551,1508,43,1545,repope,3648,116,58,3706,58,249,0
phi-3.5-vision-instruct,phi-3.5-vision-instruct,pope,Sphere-Traj-LSTM,proxy_anchor,radius_ball,StageC-radius_ball,radius_ball,support_estimator,test,test,pooled,0.5,20260506,,,0.0045445769844614245,,passed,,0.516604336247301,0.48807731630286505,0.533939319345809,0.7557599777928566,0.7337246952849809,0.772158374127082,0.055264555015600715,0.0,0.47480106100795755,1551,1508,43,1545,repope,3648,116,58,3706,58,249,0
phi-3.5-vision-instruct,phi-3.5-vision-instruct,pope,Sphere-Traj-LSTM,proxy_anchor,logistic,StageC-logistic,supervised_comparator,supervised_comparator,test,test,pooled,0.5,20260506,,,,0.1,passed,,0.1533666127223847,0.08495334860807542,0.2539500856184763,0.73757016840417,0.6321117534702962,0.8335737179487179,0.16326756017848898,0.046511627906976744,0.8720159151193634,1551,1508,43,1545,repope,3648,116,58,3706,58,249,0
phi-3.5-vision-instruct,phi-3.5-vision-instruct,dash-b,Sphere-Traj-LSTM,proxy_anchor,single_vmf,StageC-single_vmf,single_vmf,support_estimator,test,test,pooled,0.5,20260506,,,,,passed,,0.525961761246985,0.4430566498536713,0.6100803110154366,0.612238622386224,0.5508681778079747,0.6691903839845562,0.5285723784598969,0.02564102564102564,0.9446494464944649,427,271,156,334,repope,3648,116,58,3706,58,16,0
phi-3.5-vision-instruct,phi-3.5-vision-instruct,dash-b,Sphere-Traj-LSTM,proxy_anchor,mixture_vmf,StageC-mixture_vmf,mixture_vmf,support_estimator,test,test,pooled,0.5,20260506,,2,,,passed,,0.23698844308294734,0.20314481146626157,0.27341965670908835,0.20200586621250827,0.1626720964765057,0.24505278895216262,0.23853952357103414,0.0,0.988929889298893,427,271,156,334,repope,3648,116,58,3706,58,16,0
phi-3.5-vision-instruct,phi-3.5-vision-instruct,dash-b,Sphere-Traj-LSTM,proxy_anchor,knn,StageC-knn,knn,support_estimator,test,test,pooled,0.5,20260506,16,,,,passed,,0.6046054356045847,0.5210249904819315,0.6908303441663719,0.7161036994985335,0.6613887591494924,0.7679421861518424,0.6071110799240907,0.02564102564102564,0.8450184501845018,427,271,156,334,repope,3648,116,58,3706,58,16,0
phi-3.5-vision-instruct,phi-3.5-vision-instruct,dash-b,Sphere-Traj-LSTM,proxy_anchor,radius_ball,StageC-radius_ball,radius_ball,support_estimator,test,test,pooled,0.5,20260506,,,0.0045445769844614245,,passed,,0.6916461916461917,0.6670572916666667,0.716224436114947,0.53690036900369,0.5215823811539004,0.5531184348739495,0.3832923832923833,0.0,0.9261992619926199,427,271,156,334,repope,3648,116,58,3706,58,16,0
phi-3.5-vision-instruct,phi-3.5-vision-instruct,dash-b,Sphere-Traj-LSTM,proxy_anchor,logistic,StageC-logistic,supervised_comparator,supervised_comparator,test,test,pooled,0.5,20260506,,,,0.1,passed,,0.6187246912554739,0.5357513785650623,0.7039231433221781,0.7595089412432585,0.70930762242901,0.8049745761950381,0.6212960187213289,0.02564102564102564,0.7343173431734318,427,271,156,334,repope,3648,116,58,3706,58,16,0
phi-3.5-vision-instruct,phi-3.5-vision-instruct,repope,Sphere-Traj-LSTM,proxy_anchor,single_vmf,StageC-single_vmf,single_vmf,support_estimator,test,test,pooled,0.5,20260507,,,,,passed,,0.41963962556391887,0.29021848104364967,0.5419614279799874,0.9110701626722377,0.8735134568265046,0.9441656546152805,0.42684825318299163,0.27586206896551724,0.5064669843430906,1527,1469,58,1475,repope,3648,116,58,3706,58,113,0
phi-3.5-vision-instruct,phi-3.5-vision-instruct,repope,Sphere-Traj-LSTM,proxy_anchor,mixture_vmf,StageC-mixture_vmf,mixture_vmf,support_estimator,test,test,pooled,0.5,20260507,,2,,,passed,,0.41963962556391887,0.29021848104364967,0.5419614279799874,0.9110701626722377,0.8735134568265046,0.9441656546152805,0.42684825318299163,0.27586206896551724,0.5064669843430906,1527,1469,58,1475,repope,3648,116,58,3706,58,113,0
phi-3.5-vision-instruct,phi-3.5-vision-instruct,repope,Sphere-Traj-LSTM,proxy_anchor,knn,StageC-knn,knn,support_estimator,test,test,pooled,0.5,20260507,16,,,,passed,,0.4104670947930218,0.2791666056548974,0.5317886654011074,0.9170089903992864,0.8870847499583993,0.9421153754944517,0.4177406939716394,0.27586206896551724,0.3056501021102791,1527,1469,58,1475,repope,3648,116,58,3706,58,113,0
phi-3.5-vision-instruct,phi-3.5-vision-instruct,repope,Sphere-Traj-LSTM,proxy_anchor,radius_ball,StageC-radius_ball,radius_ball,support_estimator,test,test,pooled,0.5,20260507,,,0.0046471937989704445,,passed,,0.5433482810164425,0.5328733629806008,0.5540545835804457,0.7920353982300885,0.7787659941517745,0.8042203708558874,0.08669656203288491,0.0,0.415929203539823,1527,1469,58,1475,repope,3648,116,58,3706,58,113,0
phi-3.5-vision-instruct,phi-3.5-vision-instruct,repope,Sphere-Traj-LSTM,proxy_anchor,logistic,StageC-logistic,supervised_comparator,supervised_comparator,test,test,pooled,0.5,20260507,,,,0.1,passed,,0.42670907201615105,0.29676248744631645,0.5503323687832116,0.9347315790709139,0.9129523987977547,0.9537515202683591,0.43403590018339056,0.27586206896551724,0.2559564329475834,1527,1469,58,1475,repope,3648,116,58,3706,58,113,0
phi-3.5-vision-instruct,phi-3.5-vision-instruct,pope,Sphere-Traj-LSTM,proxy_anchor,single_vmf,StageC-single_vmf,single_vmf,support_estimator,test,test,pooled,0.5,20260507,,,,,passed,,0.25302920048022587,0.14866917004902308,0.3812943538680625,0.896813891801863,0.8435718914720387,0.9421717277820729,0.26388277266197263,0.13953488372093023,0.623342175066313,1551,1508,43,1545,repope,3648,116,58,3706,58,249,0
phi-3.5-vision-instruct,phi-3.5-vision-instruct,pope,Sphere-Traj-LSTM,proxy_anchor,mixture_vmf,StageC-mixture_vmf,mixture_vmf,support_estimator,test,test,pooled,0.5,20260507,,2,,,passed,,0.2530292004802259,0.14866917004902308,0.3812943538680625,0.8968138918018629,0.8435718914720386,0.9421717277820728,0.26388277266197263,0.13953488372093023,0.623342175066313,1551,1508,43,1545,repope,3648,116,58,3706,58,249,0
phi-3.5-vision-instruct,phi-3.5-vision-instruct,pope,Sphere-Traj-LSTM,proxy_anchor,knn,StageC-knn,knn,support_estimator,test,test,pooled,0.5,20260507,16,,,,passed,,0.20408715257334664,0.11070774487793134,0.31906657484434875,0.8800351613102214,0.8431811990849815,0.9181625880918726,0.2137710358524029,0.20930232558139536,0.3448275862068966,1551,1508,43,1545,repope,3648,116,58,3706,58,249,0
phi-3.5-vision-instruct,phi-3.5-vision-instruct,pope,Sphere-Traj-LSTM,proxy_anchor,radius_ball,StageC-radius_ball,radius_ball,support_estimator,test,test,pooled,0.5,20260507,,,0.0046471937989704445,,passed,,0.5304532577903682,0.5221546530907683,0.5400298148946405,0.7801724137931035,0.7686133371694829,0.7919151756129887,0.060906515580736544,0.0,0.4396551724137931,1551,1508,43,1545,repope,3648,116,58,3706,58,249,0
phi-3.5-vision-instruct,phi-3.5-vision-instruct,pope,Sphere-Traj-LSTM,proxy_anchor,logistic,StageC-logistic,supervised_comparator,supervised_comparator,test,test,pooled,0.5,20260507,,,,0.1,passed,,0.25198986623500264,0.15627742363204616,0.3781593355174563,0.9301477391894393,0.9048466493395687,0.9533586990212356,0.25420909819278853,0.13953488372093023,0.28580901856763924,1551,1508,43,1545,repope,3648,116,58,3706,58,249,0
phi-3.5-vision-instruct,phi-3.5-vision-instruct,dash-b,Sphere-Traj-LSTM,proxy_anchor,single_vmf,StageC-single_vmf,single_vmf,support_estimator,test,test,pooled,0.5,20260507,,,,,passed,,0.4357094021154593,0.36725682765524525,0.5073805769719753,0.5894360866685591,0.5327664142760977,0.643953972071362,0.4390665057198297,0.03205128205128205,0.948339483394834,427,271,156,334,repope,3648,116,58,3706,58,16,0
phi-3.5-vision-instruct,phi-3.5-vision-instruct,dash-b,Sphere-Traj-LSTM,proxy_anchor,mixture_vmf,StageC-mixture_vmf,mixture_vmf,support_estimator,test,test,pooled,0.5,20260507,,2,,,passed,,0.4357094021154593,0.36725682765524525,0.5073805769719753,0.5894360866685591,0.5327664142760977,0.643953972071362,0.4390665057198297,0.03205128205128205,0.948339483394834,427,271,156,334,repope,3648,116,58,3706,58,16,0
phi-3.5-vision-instruct,phi-3.5-vision-instruct,dash-b,Sphere-Traj-LSTM,proxy_anchor,knn,StageC-knn,knn,support_estimator,test,test,pooled,0.5,20260507,16,,,,passed,,0.41125774812521854,0.34283773537985324,0.47879306068152366,0.5571009556249409,0.5003993302638596,0.614065183864464,0.41440112226588904,0.03205128205128205,0.9114391143911439,427,271,156,334,repope,3648,116,58,3706,58,16,0
phi-3.5-vision-instruct,phi-3.5-vision-instruct,dash-b,Sphere-Traj-LSTM,proxy_anchor,radius_ball,StageC-radius_ball,radius_ball,support_estimator,test,test,pooled,0.5,20260507,,,0.0046471937989704445,,passed,,0.6951723601948119,0.6707135975054307,0.7187538868159203,0.557704134733655,0.5378688671720826,0.5774162056849065,0.39422675862280715,0.0,0.8782287822878229,427,271,156,334,repope,3648,116,58,3706,58,16,0
phi-3.5-vision-instruct,phi-3.5-vision-instruct,dash-b,Sphere-Traj-LSTM,proxy_anchor,logistic,StageC-logistic,supervised_comparator,supervised_comparator,test,test,pooled,0.5,20260507,,,,0.1,passed,,0.6012550322422714,0.5171298668112496,0.6820266772276428,0.7762087236256978,0.7302994654044921,0.8182257200584028,0.6044010028878408,0.03205128205128205,0.5645756457564576,427,271,156,334,repope,3648,116,58,3706,58,16,0
phi-3.5-vision-instruct,phi-3.5-vision-instruct,repope,Sphere-Traj-LSTM,proxy_anchor,single_vmf,StageC-single_vmf,single_vmf,support_estimator,test,test,pooled,0.5,20260508,,,,,passed,,0.48504673501438644,0.3577370563621112,0.5984613643713138,0.9413159315509024,0.9078866783023916,0.9643719129499932,0.4922651388114234,0.29310344827586204,0.15112321307011573,1527,1469,58,1475,repope,3648,116,58,3706,58,113,0
phi-3.5-vision-instruct,phi-3.5-vision-instruct,repope,Sphere-Traj-LSTM,proxy_anchor,mixture_vmf,StageC-mixture_vmf,mixture_vmf,support_estimator,test,test,pooled,0.5,20260508,,8,,,passed,,0.48708890990285947,0.3598661664331843,0.6001298745863192,0.9513509072556983,0.9351250313620709,0.9664880492814434,0.49432125384947884,0.29310344827586204,0.15112321307011573,1527,1469,58,1475,repope,3648,116,58,3706,58,113,0
phi-3.5-vision-instruct,phi-3.5-vision-instruct,repope,Sphere-Traj-LSTM,proxy_anchor,knn,StageC-knn,knn,support_estimator,test,test,pooled,0.5,20260508,16,,,,passed,,0.4691708787899288,0.3403656725505784,0.5848518717334765,0.9434050843876904,0.9221873619907952,0.9625108021084644,0.4765244104416449,0.2413793103448276,0.2423417290673928,1527,1469,58,1475,repope,3648,116,58,3706,58,113,0
phi-3.5-vision-instruct,phi-3.5-vision-instruct,repope,Sphere-Traj-LSTM,proxy_anchor,radius_ball,StageC-radius_ball,radius_ball,support_estimator,test,test,pooled,0.5,20260508,,,0.004644788319728706,,passed,,0.5407876230661041,0.5315164777392383,0.5509119024178709,0.7777399591558883,0.7648059618385163,0.7904117770816774,0.08157524613220815,0.0,0.44452008168822327,1527,1469,58,1475,repope,3648,116,58,3706,58,113,0
phi-3.5-vision-instruct,phi-3.5-vision-instruct,repope,Sphere-Traj-LSTM,proxy_anchor,logistic,StageC-logistic,supervised_comparator,supervised_comparator,test,test,pooled,0.5,20260508,,,,0.1,passed,,0.4608502037369444,0.33254124889957504,0.5775850692230279,0.863982066148682,0.8005754355278494,0.9198634110882964,0.4677176463562135,0.29310344827586204,0.6337644656228727,1527,1469,58,1475,repope,3648,116,58,3706,58,113,0
phi-3.5-vision-instruct,phi-3.5-vision-instruct,pope,Sphere-Traj-LSTM,proxy_anchor,single_vmf,StageC-single_vmf,single_vmf,support_estimator,test,test,pooled,0.5,20260508,,,,,passed,,0.1800053834206612,0.11208663898524605,0.26860156404387026,0.8776756523348344,0.8129820012369997,0.9280997777446112,0.1921165168161617,0.09302325581395349,0.6087533156498673,1551,1508,43,1545,repope,3648,116,58,3706,58,249,0
phi-3.5-vision-instruct,phi-3.5-vision-instruct,pope,Sphere-Traj-LSTM,proxy_anchor,mixture_vmf,StageC-mixture_vmf,mixture_vmf,support_estimator,test,test,pooled,0.5,20260508,,8,,,passed,,0.0747257910764633,0.04242333757294503,0.12902771485969552,0.6287705878724322,0.5036945361202787,0.752935609770396,0.08209223025524834,0.023255813953488372,0.9940318302387268,1551,1508,43,1545,repope,3648,116,58,3706,58,249,0
phi-3.5-vision-instruct,phi-3.5-vision-instruct,pope,Sphere-Traj-LSTM,proxy_anchor,knn,StageC-knn,knn,support_estimator,test,test,pooled,0.5,20260508,16,,,,passed,,0.19006134062143315,0.1200123073012695,0.2881054077076551,0.9112793781999877,0.8813104468434305,0.9379803918626219,0.20189782200184236,0.09302325581395349,0.246684350132626,1551,1508,43,1545,repope,3648,116,58,3706,58,249,0
phi-3.5-vision-instruct,phi-3.5-vision-instruct,pope,Sphere-Traj-LSTM,proxy_anchor,radius_ball,StageC-radius_ball,radius_ball,support_estimator,test,test,pooled,0.5,20260508,,,0.004644788319728706,,passed,,0.517095707306025,0.4876858908150199,0.5350575713441404,0.7601705631978286,0.7401250814135493,0.7759081722666947,0.05621552089082658,0.0,0.4661803713527852,1551,1508,43,1545,repope,3648,116,58,3706,58,249,0
phi-3.5-vision-instruct,phi-3.5-vision-instruct,pope,Sphere-Traj-LSTM,proxy_anchor,logistic,StageC-logistic,supervised_comparator,supervised_comparator,test,test,pooled,0.5,20260508,,,,0.1,passed,,0.17643509788502648,0.09892006437441753,0.278696237270344,0.806882672259577,0.7225270897946346,0.877013461282668,0.17673683597901566,0.09302325581395349,0.6783819628647215,1551,1508,43,1545,repope,3648,116,58,3706,58,249,0
phi-3.5-vision-instruct,phi-3.5-vision-instruct,dash-b,Sphere-Traj-LSTM,proxy_anchor,single_vmf,StageC-single_vmf,single_vmf,support_estimator,test,test,pooled,0.5,20260508,,,,,passed,,0.5238112079716638,0.4339219808862462,0.6102171740190055,0.6105828365975967,0.5531287691097674,0.6681333779552392,0.5271336825257757,0.05128205128205128,0.966789667896679,427,271,156,334,repope,3648,116,58,3706,58,16,0
phi-3.5-vision-instruct,phi-3.5-vision-instruct,dash-b,Sphere-Traj-LSTM,proxy_anchor,mixture_vmf,StageC-mixture_vmf,mixture_vmf,support_estimator,test,test,pooled,0.5,20260508,,8,,,passed,,0.2408088189676978,0.2072015323936453,0.27699388140516346,0.22286876714920995,0.17720655654863895,0.2692125490856176,0.2424586497904117,0.0,0.992619926199262,427,271,156,334,repope,3648,116,58,3706,58,16,0
phi-3.5-vision-instruct,phi-3.5-vision-instruct,dash-b,Sphere-Traj-LSTM,proxy_anchor,knn,StageC-knn,knn,support_estimator,test,test,pooled,0.5,20260508,16,,,,passed,,0.5744485893469609,0.48096529714357367,0.6623054164158241,0.6857318573185731,0.6321424832345295,0.7379912648799162,0.5777657367464281,0.05128205128205128,0.9372693726937269,427,271,156,334,repope,3648,116,58,3706,58,16,0
phi-3.5-vision-instruct,phi-3.5-vision-instruct,dash-b,Sphere-Traj-LSTM,proxy_anchor,radius_ball,StageC-radius_ball,radius_ball,support_estimator,test,test,pooled,0.5,20260508,,,0.004644788319728706,,passed,,0.6911764705882353,0.6674713037192026,0.7148060499820208,0.5350553505535056,0.5211249073387696,0.5515873015873015,0.38235294117647056,0.0,0.9298892988929889,427,271,156,334,repope,3648,116,58,3706,58,16,0
phi-3.5-vision-instruct,phi-3.5-vision-instruct,dash-b,Sphere-Traj-LSTM,proxy_anchor,logistic,StageC-logistic,supervised_comparator,supervised_comparator,test,test,pooled,0.5,20260508,,,,0.1,passed,,0.6278901265403649,0.5361270749964993,0.709435901492545,0.7656471757025263,0.7183253846614234,0.8131856891804722,0.6287117826513225,0.05128205128205128,0.7859778597785978,427,271,156,334,repope,3648,116,58,3706,58,16,0
gemma-3-4b-it,gemma-3-4b-it,repope,Sphere-Traj-LSTM,proxy_anchor,single_vmf,StageC-single_vmf,single_vmf,support_estimator,test,test,pooled,0.5,20260506,,,,,passed,,0.6336209705396364,0.5512381393288943,0.7146293348798708,0.9311264051387933,0.9109110957611939,0.9499668778932298,0.6364339287940767,0.36,0.34480385409497594,1603,1453,150,1438,repope,3507,407,203,3710,203,37,0
gemma-3-4b-it,gemma-3-4b-it,repope,Sphere-Traj-LSTM,proxy_anchor,mixture_vmf,StageC-mixture_vmf,mixture_vmf,support_estimator,test,test,pooled,0.5,20260506,,4,,,passed,,0.6336209705396365,0.5512381393288943,0.7146293348798708,0.9311264051387933,0.9109110957611939,0.9499668778932298,0.6364339287940768,0.36,0.34480385409497594,1603,1453,150,1438,repope,3507,407,203,3710,203,37,0
gemma-3-4b-it,gemma-3-4b-it,repope,Sphere-Traj-LSTM,proxy_anchor,knn,StageC-knn,knn,support_estimator,test,test,pooled,0.5,20260506,32,,,,passed,,0.5270302979092522,0.4406121739271617,0.6109082833503653,0.8818536361550814,0.8567989459587516,0.9057571429514584,0.5298385079548554,0.34,0.3847212663454921,1603,1453,150,1438,repope,3507,407,203,3710,203,37,0
gemma-3-4b-it,gemma-3-4b-it,repope,Sphere-Traj-LSTM,proxy_anchor,radius_ball,StageC-radius_ball,radius_ball,support_estimator,test,test,pooled,0.5,20260506,,,0.003465976237625795,,passed,,0.5713455035160572,0.530952345800145,0.6091850838038299,0.8491007111722871,0.8278691446659445,0.8696917213845811,0.26931529148027045,0.0,0.42188575361321407,1603,1453,150,1438,repope,3507,407,203,3710,203,37,0
gemma-3-4b-it,gemma-3-4b-it,repope,Sphere-Traj-LSTM,proxy_anchor,logistic,StageC-logistic,supervised_comparator,supervised_comparator,test,test,pooled,0.5,20260506,,,,0.1,passed,,0.642736277626363,0.5636383650049176,0.7246581160329346,0.9492475338380364,0.9372797277218002,0.9609237542662895,0.6452098678250335,0.30666666666666664,0.18926359256710254,1603,1453,150,1438,repope,3507,407,203,3710,203,37,0
gemma-3-4b-it,gemma-3-4b-it,pope,Sphere-Traj-LSTM,proxy_anchor,single_vmf,StageC-single_vmf,single_vmf,support_estimator,test,test,pooled,0.5,20260506,,,,,passed,,0.41820953573545905,0.3494225596624806,0.4979430909386741,0.8735746683057097,0.8435135353031566,0.9020292646208921,0.422565964808334,0.08387096774193549,0.5400788436268068,1677,1522,155,1538,repope,3507,407,203,3710,203,123,0
gemma-3-4b-it,gemma-3-4b-it,pope,Sphere-Traj-LSTM,proxy_anchor,mixture_vmf,StageC-mixture_vmf,mixture_vmf,support_estimator,test,test,pooled,0.5,20260506,,4,,,passed,,0.41820953573545905,0.3494225596624806,0.4979430909386741,0.8735746683057097,0.8435135353031566,0.9020292646208921,0.422565964808334,0.08387096774193549,0.5400788436268068,1677,1522,155,1538,repope,3507,407,203,3710,203,123,0
gemma-3-4b-it,gemma-3-4b-it,pope,Sphere-Traj-LSTM,proxy_anchor,knn,StageC-knn,knn,support_estimator,test,test,pooled,0.5,20260506,32,,,,passed,,0.28749646713321786,0.22897869219895936,0.3558279766908399,0.8200415412657369,0.7935938837595787,0.8467723676536884,0.2916106554872946,0.08387096774193549,0.4454664914586071,1677,1522,155,1538,repope,3507,407,203,3710,203,123,0
gemma-3-4b-it,gemma-3-4b-it,pope,Sphere-Traj-LSTM,proxy_anchor,radius_ball,StageC-radius_ball,radius_ball,support_estimator,test,test,pooled,0.5,20260506,,,0.003465976237625795,,passed,,0.48165140186376065,0.4319067715028101,0.5247904358507489,0.7937158238311219,0.7670373417468727,0.8171298841232952,0.20784883993583642,0.0,0.5374507227332457,1677,1522,155,1538,repope,3507,407,203,3710,203,123,0
gemma-3-4b-it,gemma-3-4b-it,pope,Sphere-Traj-LSTM,proxy_anchor,logistic,StageC-logistic,supervised_comparator,supervised_comparator,test,test,pooled,0.5,20260506,,,,0.1,passed,,0.45085233413882275,0.3784311854493865,0.5307617774199921,0.9226590648976305,0.9076351315935738,0.9372533252097806,0.4461404717032765,0.14193548387096774,0.22798948751642575,1677,1522,155,1538,repope,3507,407,203,3710,203,123,0
gemma-3-4b-it,gemma-3-4b-it,dash-b,Sphere-Traj-LSTM,proxy_anchor,single_vmf,StageC-single_vmf,single_vmf,support_estimator,test,test,pooled,0.5,20260506,,,,,passed,,0.5411972098076132,0.48027654627778293,0.6093242669885472,0.6581388045640112,0.6079887910574766,0.7110425079795364,0.543889894130964,0.0,0.8369098712446352,438,233,205,305,repope,3507,407,203,3710,203,5,0
gemma-3-4b-it,gemma-3-4b-it,dash-b,Sphere-Traj-LSTM,proxy_anchor,mixture_vmf,StageC-mixture_vmf,mixture_vmf,support_estimator,test,test,pooled,0.5,20260506,,4,,,passed,,0.5411998418956618,0.480276677445598,0.6093242669885472,0.6581492724798491,0.6079989589581961,0.7111342812944367,0.543889894130964,0.0,0.8369098712446352,438,233,205,305,repope,3507,407,203,3710,203,5,0
gemma-3-4b-it,gemma-3-4b-it,dash-b,Sphere-Traj-LSTM,proxy_anchor,knn,StageC-knn,knn,support_estimator,test,test,pooled,0.5,20260506,32,,,,passed,,0.5044798669438642,0.4468018855319019,0.5671417288969218,0.6237831047838375,0.5696495947840333,0.6787027607567434,0.5069918155507723,0.0,0.927038626609442,438,233,205,305,repope,3507,407,203,3710,203,5,0
gemma-3-4b-it,gemma-3-4b-it,dash-b,Sphere-Traj-LSTM,proxy_anchor,radius_ball,StageC-radius_ball,radius_ball,support_estimator,test,test,pooled,0.5,20260506,,,0.003465976237625795,,passed,,0.7102206045406494,0.6629985540076716,0.7586136506830604,0.6837747304511671,0.637434018736479,0.7285545407717144,0.5949374677891165,0.0,0.7811158798283262,438,233,205,305,repope,3507,407,203,3710,203,5,0
gemma-3-4b-it,gemma-3-4b-it,dash-b,Sphere-Traj-LSTM,proxy_anchor,logistic,StageC-logistic,supervised_comparator,supervised_comparator,test,test,pooled,0.5,20260506,,,,0.1,passed,,0.7835925790273341,0.7187382121495327,0.8477784590846988,0.8550507693918141,0.8156172727207113,0.8903335241677867,0.7709743136678124,0.0,0.3905579399141631,438,233,205,305,repope,3507,407,203,3710,203,5,0
gemma-3-4b-it,gemma-3-4b-it,repope,Sphere-Traj-LSTM,proxy_anchor,single_vmf,StageC-single_vmf,single_vmf,support_estimator,test,test,pooled,0.5,20260507,,,,,passed,,0.6026776164934454,0.5261354988882765,0.6775328077021361,0.9286258316127552,0.910061729708659,0.9455145246091622,0.604673271426919,0.21333333333333335,0.16792842395044735,1603,1453,150,1438,repope,3507,407,203,3710,203,37,0
gemma-3-4b-it,gemma-3-4b-it,repope,Sphere-Traj-LSTM,proxy_anchor,mixture_vmf,StageC-mixture_vmf,mixture_vmf,support_estimator,test,test,pooled,0.5,20260507,,2,,,passed,,0.6026776164934454,0.5261354988882765,0.6775328077021361,0.9286258316127552,0.910061729708659,0.9455145246091621,0.604673271426919,0.21333333333333335,0.16792842395044735,1603,1453,150,1438,repope,3507,407,203,3710,203,37,0
gemma-3-4b-it,gemma-3-4b-it,repope,Sphere-Traj-LSTM,proxy_anchor,knn,StageC-knn,knn,support_estimator,test,test,pooled,0.5,20260507,4,,,,passed,,0.4465327083493967,0.36463473597412094,0.5243690653716441,0.8701674696031201,0.841894133293381,0.8970508430796696,0.44492783754493737,0.18666666666666668,1.0,1603,1453,150,1438,repope,3507,407,203,3710,203,37,0
gemma-3-4b-it,gemma-3-4b-it,repope,Sphere-Traj-LSTM,proxy_anchor,radius_ball,StageC-radius_ball,radius_ball,support_estimator,test,test,pooled,0.5,20260507,,,0.006876079449919129,,passed,,0.4978384262162195,0.43963555089841844,0.5552306181952007,0.8824202798807066,0.8627559889052447,0.90119244913882,0.34402054680161476,0.0,0.3509979353062629,1603,1453,150,1438,repope,3507,407,203,3710,203,37,0
gemma-3-4b-it,gemma-3-4b-it,repope,Sphere-Traj-LSTM,proxy_anchor,logistic,StageC-logistic,supervised_comparator,supervised_comparator,test,test,pooled,0.5,20260507,,,,10.0,passed,,0.6020867461881722,0.528727499551085,0.674578873395305,0.9298600596467079,0.9087736758434541,0.9485204478871507,0.5511525105748565,0.0,0.17343427391603577,1603,1453,150,1438,repope,3507,407,203,3710,203,37,0
gemma-3-4b-it,gemma-3-4b-it,pope,Sphere-Traj-LSTM,proxy_anchor,single_vmf,StageC-single_vmf,single_vmf,support_estimator,test,test,pooled,0.5,20260507,,,,,passed,,0.4006940555605781,0.32689203868373184,0.4855834572128033,0.8683014708999194,0.8382543762289648,0.8956992661011661,0.4054135532288692,0.1032258064516129,0.5939553219448095,1677,1522,155,1538,repope,3507,407,203,3710,203,123,0
gemma-3-4b-it,gemma-3-4b-it,pope,Sphere-Traj-LSTM,proxy_anchor,mixture_vmf,StageC-mixture_vmf,mixture_vmf,support_estimator,test,test,pooled,0.5,20260507,,2,,,passed,,0.40069405556057813,0.32689203868373184,0.4855834572128033,0.8683014708999195,0.8382543762289648,0.8956992661011661,0.4054135532288692,0.1032258064516129,0.5939553219448095,1677,1522,155,1538,repope,3507,407,203,3710,203,123,0
gemma-3-4b-it,gemma-3-4b-it,pope,Sphere-Traj-LSTM,proxy_anchor,knn,StageC-knn,knn,support_estimator,test,test,pooled,0.5,20260507,4,,,,passed,,0.2776597531315482,0.2209797421374178,0.3383479380971155,0.8093404264338094,0.7779378042212897,0.8415786479971146,0.27491990378362563,0.01935483870967742,1.0,1677,1522,155,1538,repope,3507,407,203,3710,203,123,0
gemma-3-4b-it,gemma-3-4b-it,pope,Sphere-Traj-LSTM,proxy_anchor,radius_ball,StageC-radius_ball,radius_ball,support_estimator,test,test,pooled,0.5,20260507,,,0.006876079449919129,,passed,,0.37348336083788747,0.312371812579072,0.43333950336809895,0.82746174388538,0.8023607892268104,0.8534911955035749,0.25010577400267,0.0,0.4296977660972405,1677,1522,155,1538,repope,3507,407,203,3710,203,123,0
gemma-3-4b-it,gemma-3-4b-it,pope,Sphere-Traj-LSTM,proxy_anchor,logistic,StageC-logistic,supervised_comparator,supervised_comparator,test,test,pooled,0.5,20260507,,,,10.0,passed,,0.5006967721172954,0.42760418553275437,0.5755808527235442,0.9089525666567759,0.8890659648666193,0.9282681794912061,0.4295473722577982,0.0,0.21944809461235218,1677,1522,155,1538,repope,3507,407,203,3710,203,123,0
gemma-3-4b-it,gemma-3-4b-it,dash-b,Sphere-Traj-LSTM,proxy_anchor,single_vmf,StageC-single_vmf,single_vmf,support_estimator,test,test,pooled,0.5,20260507,,,,,passed,,0.48453088069256073,0.4320179150577203,0.5407535228422411,0.597843609337381,0.5440300620467452,0.6514579837190132,0.487052648039207,0.0,0.8884120171673819,438,233,205,305,repope,3507,407,203,3710,203,5,0
gemma-3-4b-it,gemma-3-4b-it,dash-b,Sphere-Traj-LSTM,proxy_anchor,mixture_vmf,StageC-mixture_vmf,mixture_vmf,support_estimator,test,test,pooled,0.5,20260507,,2,,,passed,,0.48453088069256073,0.4320179150577203,0.5407535228422411,0.597843609337381,0.5440300620467452,0.6514579837190132,0.487052648039207,0.0,0.8884120171673819,438,233,205,305,repope,3507,407,203,3710,203,5,0
gemma-3-4b-it,gemma-3-4b-it,dash-b,Sphere-Traj-LSTM,proxy_anchor,knn,StageC-knn,knn,support_estimator,test,test,pooled,0.5,20260507,4,,,,passed,,0.5103343630910444,0.4515870813180935,0.5767095676333704,0.6153250287867685,0.5637520768518212,0.6674354006789268,0.511277756003523,0.00975609756097561,1.0,438,233,205,305,repope,3507,407,203,3710,203,5,0
gemma-3-4b-it,gemma-3-4b-it,dash-b,Sphere-Traj-LSTM,proxy_anchor,radius_ball,StageC-radius_ball,radius_ball,support_estimator,test,test,pooled,0.5,20260507,,,0.006876079449919129,,passed,,0.6012320205904401,0.539007120787133,0.6606116885560191,0.6314142154297079,0.5818100299281387,0.6792919543309208,0.5527743296907053,0.0,0.8927038626609443,438,233,205,305,repope,3507,407,203,3710,203,5,0
gemma-3-4b-it,gemma-3-4b-it,dash-b,Sphere-Traj-LSTM,proxy_anchor,logistic,StageC-logistic,supervised_comparator,supervised_comparator,test,test,pooled,0.5,20260507,,,,10.0,passed,,0.8170725611686388,0.7767276959649349,0.8561390065494612,0.8272270490945253,0.7920198590031158,0.8628584529361167,0.7289370486500436,0.0,0.4291845493562232,438,233,205,305,repope,3507,407,203,3710,203,5,0
gemma-3-4b-it,gemma-3-4b-it,repope,Sphere-Traj-LSTM,proxy_anchor,single_vmf,StageC-single_vmf,single_vmf,support_estimator,test,test,pooled,0.5,20260508,,,,,passed,,0.5940865923262071,0.5175126826708742,0.6762507865119142,0.945726083964212,0.9337081578764187,0.9562788278141576,0.5975461708932558,0.23333333333333334,0.1858224363386098,1603,1453,150,1438,repope,3507,407,203,3710,203,37,0
gemma-3-4b-it,gemma-3-4b-it,repope,Sphere-Traj-LSTM,proxy_anchor,mixture_vmf,StageC-mixture_vmf,mixture_vmf,support_estimator,test,test,pooled,0.5,20260508,,4,,,passed,,0.5940865923262071,0.5175126826708742,0.6762507865119142,0.945726083964212,0.9337081578764187,0.9562788278141576,0.5975461708932558,0.23333333333333334,0.1858224363386098,1603,1453,150,1438,repope,3507,407,203,3710,203,37,0
gemma-3-4b-it,gemma-3-4b-it,repope,Sphere-Traj-LSTM,proxy_anchor,knn,StageC-knn,knn,support_estimator,test,test,pooled,0.5,20260508,32,,,,passed,,0.5333320216272379,0.4532520390982297,0.6163402468648932,0.9091993576508373,0.8896852071720188,0.9268188443323822,0.5367224456582333,0.20666666666666667,0.33654507914659326,1603,1453,150,1438,repope,3507,407,203,3710,203,37,0
gemma-3-4b-it,gemma-3-4b-it,repope,Sphere-Traj-LSTM,proxy_anchor,radius_ball,StageC-radius_ball,radius_ball,support_estimator,test,test,pooled,0.5,20260508,,,0.013000022709410515,,passed,,0.4949162211498447,0.4298900846639727,0.5628970529198051,0.8918375774260152,0.8725386601483879,0.9109096174891476,0.40257482932230065,0.0,0.36132140399174123,1603,1453,150,1438,repope,3507,407,203,3710,203,37,0
gemma-3-4b-it,gemma-3-4b-it,repope,Sphere-Traj-LSTM,proxy_anchor,logistic,StageC-logistic,supervised_comparator,supervised_comparator,test,test,pooled,0.5,20260508,,,,0.1,passed,,0.602690987138118,0.5291416319902297,0.6812707108654675,0.9456526726313376,0.9335778816801297,0.9562978947003578,0.5770612626270994,0.23333333333333334,0.1858224363386098,1603,1453,150,1438,repope,3507,407,203,3710,203,37,0
gemma-3-4b-it,gemma-3-4b-it,pope,Sphere-Traj-LSTM,proxy_anchor,single_vmf,StageC-single_vmf,single_vmf,support_estimator,test,test,pooled,0.5,20260508,,,,,passed,,0.4206279531539716,0.35330415333081,0.49543988844807946,0.899381119918613,0.8749337474901736,0.920028331575366,0.4249353914491107,0.06451612903225806,0.26018396846254926,1677,1522,155,1538,repope,3507,407,203,3710,203,123,0
gemma-3-4b-it,gemma-3-4b-it,pope,Sphere-Traj-LSTM,proxy_anchor,mixture_vmf,StageC-mixture_vmf,mixture_vmf,support_estimator,test,test,pooled,0.5,20260508,,4,,,passed,,0.42062795315397156,0.35330415333081,0.49543988844807946,0.8993811199186131,0.8749337474901737,0.920028331575366,0.4249353914491107,0.06451612903225806,0.26018396846254926,1677,1522,155,1538,repope,3507,407,203,3710,203,123,0
gemma-3-4b-it,gemma-3-4b-it,pope,Sphere-Traj-LSTM,proxy_anchor,knn,StageC-knn,knn,support_estimator,test,test,pooled,0.5,20260508,32,,,,passed,,0.34739647942193275,0.2861383443790773,0.4172985767359724,0.8535098130643042,0.8265162728349732,0.877555743363766,0.3516000304541218,0.06451612903225806,0.5387647831800263,1677,1522,155,1538,repope,3507,407,203,3710,203,123,0
gemma-3-4b-it,gemma-3-4b-it,pope,Sphere-Traj-LSTM,proxy_anchor,radius_ball,StageC-radius_ball,radius_ball,support_estimator,test,test,pooled,0.5,20260508,,,0.013000022709410515,,passed,,0.3330797878823294,0.2776263725023297,0.39109338720072695,0.8296511381459031,0.8012368135456325,0.8545051319225808,0.2709491069348607,0.0,0.5788436268068331,1677,1522,155,1538,repope,3507,407,203,3710,203,123,0
gemma-3-4b-it,gemma-3-4b-it,pope,Sphere-Traj-LSTM,proxy_anchor,logistic,StageC-logistic,supervised_comparator,supervised_comparator,test,test,pooled,0.5,20260508,,,,0.1,passed,,0.45946318953015025,0.3943074820139003,0.52661707274945,0.9163600525624178,0.900582219915586,0.9306554338559985,0.42167680335847757,0.0,0.21156373193166886,1677,1522,155,1538,repope,3507,407,203,3710,203,123,0
gemma-3-4b-it,gemma-3-4b-it,dash-b,Sphere-Traj-LSTM,proxy_anchor,single_vmf,StageC-single_vmf,single_vmf,support_estimator,test,test,pooled,0.5,20260508,,,,,passed,,0.4419319273998152,0.38943942994367375,0.5002221513342924,0.5148330367423846,0.46669340212069044,0.5735274089807995,0.44436688824782455,0.0,0.9527896995708155,438,233,205,305,repope,3507,407,203,3710,203,5,0
gemma-3-4b-it,gemma-3-4b-it,dash-b,Sphere-Traj-LSTM,proxy_anchor,mixture_vmf,StageC-mixture_vmf,mixture_vmf,support_estimator,test,test,pooled,0.5,20260508,,4,,,passed,,0.6797076978358189,0.609015808615863,0.7564019216037396,0.7870407201926097,0.7447641300705746,0.8285578490970856,0.6826812268542765,0.00975609756097561,0.463519313304721,438,233,205,305,repope,3507,407,203,3710,203,5,0
gemma-3-4b-it,gemma-3-4b-it,dash-b,Sphere-Traj-LSTM,proxy_anchor,knn,StageC-knn,knn,support_estimator,test,test,pooled,0.5,20260508,32,,,,passed,,0.4356010293626909,0.38444426501005924,0.49100053444886516,0.52561499005548,0.4743326176230303,0.5846781929393123,0.4379311447190227,0.0,0.7854077253218884,438,233,205,305,repope,3507,407,203,3710,203,5,0
gemma-3-4b-it,gemma-3-4b-it,dash-b,Sphere-Traj-LSTM,proxy_anchor,radius_ball,StageC-radius_ball,radius_ball,support_estimator,test,test,pooled,0.5,20260508,,,0.013000022709410515,,passed,,0.47540926694746355,0.41933910765889726,0.5394845345961562,0.5516172929969644,0.5006436634688276,0.6061689447179381,0.4757155721797748,0.0,0.7896995708154506,438,233,205,305,repope,3507,407,203,3710,203,5,0
gemma-3-4b-it,gemma-3-4b-it,dash-b,Sphere-Traj-LSTM,proxy_anchor,logistic,StageC-logistic,supervised_comparator,supervised_comparator,test,test,pooled,0.5,20260508,,,,0.1,passed,,0.719876406215353,0.654792472302474,0.7845602988778168,0.7898042499738303,0.7479114130695014,0.8309826634604639,0.6965748480836269,0.0,0.463519313304721,438,233,205,305,repope,3507,407,203,3710,203,5,0
molmo-7b-d-0924,molmo-7b-d-0924,repope,Sphere-Traj-LSTM,proxy_anchor,single_vmf,StageC-single_vmf,single_vmf,support_estimator,test,test,pooled,0.5,20260506,,,,,passed,,0.4053676560526853,0.29585626283423233,0.5174622053271485,0.9242978243469403,0.8946726503933542,0.9512063366732074,0.4119778254158653,0.2916666666666667,0.366732154551408,1599,1527,72,1513,repope,3786,202,101,3887,101,41,0
molmo-7b-d-0924,molmo-7b-d-0924,repope,Sphere-Traj-LSTM,proxy_anchor,mixture_vmf,StageC-mixture_vmf,mixture_vmf,support_estimator,test,test,pooled,0.5,20260506,,2,,,passed,,0.4053676560526854,0.2958562628342323,0.5174622053271485,0.9242978243469403,0.8946726503933542,0.9512063366732074,0.4119778254158653,0.2916666666666667,0.366732154551408,1599,1527,72,1513,repope,3786,202,101,3887,101,41,0
molmo-7b-d-0924,molmo-7b-d-0924,repope,Sphere-Traj-LSTM,proxy_anchor,knn,StageC-knn,knn,support_estimator,test,test,pooled,0.5,20260506,2,,,,passed,,0.3685399301921332,0.26449602897324476,0.4859723145376531,0.9229880666521139,0.9036854729453978,0.9430913411216859,0.3768899180114433,0.2638888888888889,0.23313686967910938,1599,1527,72,1513,repope,3786,202,101,3887,101,41,0
molmo-7b-d-0924,molmo-7b-d-0924,repope,Sphere-Traj-LSTM,proxy_anchor,radius_ball,StageC-radius_ball,radius_ball,support_estimator,test,test,pooled,0.5,20260506,,,0.008743154007144063,,passed,,0.5800296061437533,0.5576817488920118,0.6010919124747807,0.885764571054355,0.874312243759145,0.8969360393627396,0.17192738168641367,0.0,0.2226588081204977,1599,1527,72,1513,repope,3786,202,101,3887,101,41,0
molmo-7b-d-0924,molmo-7b-d-0924,repope,Sphere-Traj-LSTM,proxy_anchor,logistic,StageC-logistic,supervised_comparator,supervised_comparator,test,test,pooled,0.5,20260506,,,,0.1,passed,,0.40766328575713795,0.3057904629151487,0.5210681563956816,0.9221194426253365,0.8913706463271989,0.9492727681494751,0.3854695435527955,0.2916666666666667,0.4119187950229208,1599,1527,72,1513,repope,3786,202,101,3887,101,41,0
molmo-7b-d-0924,molmo-7b-d-0924,pope,Sphere-Traj-LSTM,proxy_anchor,single_vmf,StageC-single_vmf,single_vmf,support_estimator,test,test,pooled,0.5,20260506,,,,,passed,,0.28203951439004515,0.20666635087595317,0.36442241817171916,0.8681640696541468,0.8183599999726909,0.9083787213500686,0.28830754935787906,0.09195402298850575,0.662842574888464,1656,1569,87,1624,repope,3786,202,101,3887,101,144,0
molmo-7b-d-0924,molmo-7b-d-0924,pope,Sphere-Traj-LSTM,proxy_anchor,mixture_vmf,StageC-mixture_vmf,mixture_vmf,support_estimator,test,test,pooled,0.5,20260506,,2,,,passed,,0.027914396665232634,0.022061169685977888,0.033887675060807955,0.07911914023867607,0.06151247193140419,0.09976382706373234,0.02835203816759294,0.0,0.9923518164435946,1656,1569,87,1624,repope,3786,202,101,3887,101,144,0
molmo-7b-d-0924,molmo-7b-d-0924,pope,Sphere-Traj-LSTM,proxy_anchor,knn,StageC-knn,knn,support_estimator,test,test,pooled,0.5,20260506,2,,,,passed,,0.2255012728808323,0.15847969570881523,0.3100452028589895,0.8670871702453425,0.8390140835042151,0.8919316826868809,0.23177734974934705,0.08045977011494253,0.3581899298916507,1656,1569,87,1624,repope,3786,202,101,3887,101,144,0
molmo-7b-d-0924,molmo-7b-d-0924,pope,Sphere-Traj-LSTM,proxy_anchor,radius_ball,StageC-radius_ball,radius_ball,support_estimator,test,test,pooled,0.5,20260506,,,0.008743154007144063,,passed,,0.5282547373064914,0.4816254021237985,0.565412035067818,0.84298513585782,0.819543286665302,0.8643236656855453,0.15663055917253077,0.0,0.3989802421924793,1656,1569,87,1624,repope,3786,202,101,3887,101,144,0
molmo-7b-d-0924,molmo-7b-d-0924,pope,Sphere-Traj-LSTM,proxy_anchor,logistic,StageC-logistic,supervised_comparator,supervised_comparator,test,test,pooled,0.5,20260506,,,,0.1,passed,,0.3181396560839229,0.23352671413070455,0.40694288677438994,0.8916067778730138,0.8509119895865237,0.9250877362117728,0.3021591998950813,0.09195402298850575,0.5404716379859783,1656,1569,87,1624,repope,3786,202,101,3887,101,144,0
molmo-7b-d-0924,molmo-7b-d-0924,dash-b,Sphere-Traj-LSTM,proxy_anchor,single_vmf,StageC-single_vmf,single_vmf,support_estimator,test,test,pooled,0.5,20260506,,,,,passed,,0.44476318197750025,0.3750302651291234,0.5314262017647234,0.5899863138686131,0.5306574948552895,0.6467319516002131,0.45020424799665426,0.025,0.8686131386861314,434,274,160,346,repope,3786,202,101,3887,101,9,0
molmo-7b-d-0924,molmo-7b-d-0924,dash-b,Sphere-Traj-LSTM,proxy_anchor,mixture_vmf,StageC-mixture_vmf,mixture_vmf,support_estimator,test,test,pooled,0.5,20260506,,2,,,passed,,0.44476318197750025,0.3750302651291234,0.5314262017647234,0.5899863138686131,0.5306574948552895,0.6467319516002131,0.45020424799665426,0.025,0.8686131386861314,434,274,160,346,repope,3786,202,101,3887,101,9,0
molmo-7b-d-0924,molmo-7b-d-0924,dash-b,Sphere-Traj-LSTM,proxy_anchor,knn,StageC-knn,knn,support_estimator,test,test,pooled,0.5,20260506,2,,,,passed,,0.4710711061943642,0.3972253325917858,0.5539312358117785,0.6200045620437956,0.5650844623069586,0.6724112931458297,0.4764978740048357,0.01875,0.8941605839416058,434,274,160,346,repope,3786,202,101,3887,101,9,0
molmo-7b-d-0924,molmo-7b-d-0924,dash-b,Sphere-Traj-LSTM,proxy_anchor,radius_ball,StageC-radius_ball,radius_ball,support_estimator,test,test,pooled,0.5,20260506,,,0.008743154007144063,,passed,,0.5753867730489932,0.5159550026798109,0.6356910064279554,0.6064895072992702,0.5566739173842215,0.652543106013378,0.43222809669111417,0.0,0.8540145985401459,434,274,160,346,repope,3786,202,101,3887,101,9,0
molmo-7b-d-0924,molmo-7b-d-0924,dash-b,Sphere-Traj-LSTM,proxy_anchor,logistic,StageC-logistic,supervised_comparator,supervised_comparator,test,test,pooled,0.5,20260506,,,,0.1,passed,,0.5230933068888722,0.4514882304017374,0.6135847073731865,0.7063412408759124,0.6547108935760783,0.7545982182742693,0.5285470043141425,0.025,0.8029197080291971,434,274,160,346,repope,3786,202,101,3887,101,9,0
molmo-7b-d-0924,molmo-7b-d-0924,repope,Sphere-Traj-LSTM,proxy_anchor,single_vmf,StageC-single_vmf,single_vmf,support_estimator,test,test,pooled,0.5,20260507,,,,,passed,,0.10508452291686535,0.07951485999955811,0.1337643599132482,0.8137506366877683,0.7844001197208568,0.8396251954949372,0.1079670024338513,0.0,0.366732154551408,1599,1527,72,1513,repope,3786,202,101,3887,101,41,0
molmo-7b-d-0924,molmo-7b-d-0924,repope,Sphere-Traj-LSTM,proxy_anchor,mixture_vmf,StageC-mixture_vmf,mixture_vmf,support_estimator,test,test,pooled,0.5,20260507,,2,,,passed,,0.4992904305553361,0.37856275274538964,0.6151813753578047,0.9527759586698683,0.9374580362097159,0.9652319629600755,0.5035935597568565,0.2361111111111111,0.1421087098886706,1599,1527,72,1513,repope,3786,202,101,3887,101,41,0
molmo-7b-d-0924,molmo-7b-d-0924,repope,Sphere-Traj-LSTM,proxy_anchor,knn,StageC-knn,knn,support_estimator,test,test,pooled,0.5,20260507,16,,,,passed,,0.054717755305711824,0.03312285883727849,0.0923929178977347,0.4014498290038565,0.3263521753686375,0.47436967692476223,0.060986369515103514,0.06944444444444445,0.9639816633922724,1599,1527,72,1513,repope,3786,202,101,3887,101,41,0
molmo-7b-d-0924,molmo-7b-d-0924,repope,Sphere-Traj-LSTM,proxy_anchor,radius_ball,StageC-radius_ball,radius_ball,support_estimator,test,test,pooled,0.5,20260507,,,0.015284176194246359,,passed,,0.11280408291703004,0.07327973241632783,0.1589219077309778,0.45288510514443714,0.38582054332604404,0.5185023333702984,0.04141106981198329,0.0,0.9666011787819253,1599,1527,72,1513,repope,3786,202,101,3887,101,41,0
molmo-7b-d-0924,molmo-7b-d-0924,repope,Sphere-Traj-LSTM,proxy_anchor,logistic,StageC-logistic,supervised_comparator,supervised_comparator,test,test,pooled,0.5,20260507,,,,1.0,passed,,0.44984165740300386,0.33333521557065526,0.5713130649650443,0.9413701520774214,0.9212366979542069,0.9580256797017878,0.45555471918534973,0.16666666666666666,0.18009168303863785,1599,1527,72,1513,repope,3786,202,101,3887,101,41,0
molmo-7b-d-0924,molmo-7b-d-0924,pope,Sphere-Traj-LSTM,proxy_anchor,single_vmf,StageC-single_vmf,single_vmf,support_estimator,test,test,pooled,0.5,20260507,,,,,passed,,0.09131615241482641,0.0711537029418737,0.11220695115007524,0.7464890881519087,0.7150892101868157,0.7766195068763178,0.09282308366544902,0.0,0.4716379859783301,1656,1569,87,1624,repope,3786,202,101,3887,101,144,0
molmo-7b-d-0924,molmo-7b-d-0924,pope,Sphere-Traj-LSTM,proxy_anchor,mixture_vmf,StageC-mixture_vmf,mixture_vmf,support_estimator,test,test,pooled,0.5,20260507,,2,,,passed,,0.4007419302787242,0.30594275104749974,0.4998113379401649,0.9359281480993091,0.9182439651428859,0.9516598793980162,0.4069036380410699,0.16091954022988506,0.20331421287444232,1656,1569,87,1624,repope,3786,202,101,3887,101,144,0
molmo-7b-d-0924,molmo-7b-d-0924,pope,Sphere-Traj-LSTM,proxy_anchor,knn,StageC-knn,knn,support_estimator,test,test,pooled,0.5,20260507,16,,,,passed,,0.03327634950961329,0.026070168638058902,0.041448050770977254,0.2821403192603825,0.2242846652898062,0.340941714635109,0.03400425780603035,0.0,0.988527724665392,1656,1569,87,1624,repope,3786,202,101,3887,101,144,0
molmo-7b-d-0924,molmo-7b-d-0924,pope,Sphere-Traj-LSTM,proxy_anchor,radius_ball,StageC-radius_ball,radius_ball,support_estimator,test,test,pooled,0.5,20260507,,,0.015284176194246359,,passed,,0.10509485112402323,0.06897087525305003,0.14772636140368697,0.34019765133367036,0.27510788643418777,0.4053113309958905,0.04005494396746868,0.0,0.9980879541108987,1656,1569,87,1624,repope,3786,202,101,3887,101,144,0
molmo-7b-d-0924,molmo-7b-d-0924,pope,Sphere-Traj-LSTM,proxy_anchor,logistic,StageC-logistic,supervised_comparator,supervised_comparator,test,test,pooled,0.5,20260507,,,,1.0,passed,,0.3585329838737423,0.27747922347130444,0.45535281365150815,0.9248880976974866,0.9029574228726807,0.9437717944963365,0.3653187733294125,0.14942528735632185,0.28808158062460165,1656,1569,87,1624,repope,3786,202,101,3887,101,144,0
molmo-7b-d-0924,molmo-7b-d-0924,dash-b,Sphere-Traj-LSTM,proxy_anchor,single_vmf,StageC-single_vmf,single_vmf,support_estimator,test,test,pooled,0.5,20260507,,,,,passed,,0.4220288588392542,0.3652346936801534,0.48761070521498273,0.6179630474452555,0.5652718367739702,0.6688084685394485,0.425380370810402,0.0,0.9379562043795621,434,274,160,346,repope,3786,202,101,3887,101,9,0
molmo-7b-d-0924,molmo-7b-d-0924,dash-b,Sphere-Traj-LSTM,proxy_anchor,mixture_vmf,StageC-mixture_vmf,mixture_vmf,support_estimator,test,test,pooled,0.5,20260507,,2,,,passed,,0.4220288588392542,0.3652346936801534,0.48761070521498273,0.6179630474452555,0.5652718367739702,0.6688084685394485,0.425380370810402,0.0,0.9379562043795621,434,274,160,346,repope,3786,202,101,3887,101,9,0
molmo-7b-d-0924,molmo-7b-d-0924,dash-b,Sphere-Traj-LSTM,proxy_anchor,knn,StageC-knn,knn,support_estimator,test,test,pooled,0.5,20260507,16,,,,passed,,0.3296558088613338,0.28119928470624156,0.38439323057955577,0.4760720802919709,0.41679806352934745,0.5320753958765078,0.3325502252706829,0.0,0.8978102189781022,434,274,160,346,repope,3786,202,101,3887,101,9,0
molmo-7b-d-0924,molmo-7b-d-0924,dash-b,Sphere-Traj-LSTM,proxy_anchor,radius_ball,StageC-radius_ball,radius_ball,support_estimator,test,test,pooled,0.5,20260507,,,0.015284176194246359,,passed,,0.3926516910739841,0.3309624582659475,0.4550602643419653,0.5086906934306569,0.4576816218316923,0.5648799815134095,0.36313429197141855,0.0,0.8978102189781022,434,274,160,346,repope,3786,202,101,3887,101,9,0
molmo-7b-d-0924,molmo-7b-d-0924,dash-b,Sphere-Traj-LSTM,proxy_anchor,logistic,StageC-logistic,supervised_comparator,supervised_comparator,test,test,pooled,0.5,20260507,,,,1.0,passed,,0.5642855259559142,0.48282304727481146,0.6425901712786128,0.721852189781022,0.672676556524159,0.7723519792327455,0.5672102704447907,0.05625,0.8321167883211679,434,274,160,346,repope,3786,202,101,3887,101,9,0
molmo-7b-d-0924,molmo-7b-d-0924,repope,Sphere-Traj-LSTM,proxy_anchor,single_vmf,StageC-single_vmf,single_vmf,support_estimator,test,test,pooled,0.5,20260508,,,,,passed,,0.4668673741908014,0.34973332441079813,0.5884246273703694,0.9257622062140727,0.8986247857878733,0.9497203062930615,0.47381127979262566,0.3611111111111111,0.3143418467583497,1599,1527,72,1513,repope,3786,202,101,3887,101,41,0
molmo-7b-d-0924,molmo-7b-d-0924,repope,Sphere-Traj-LSTM,proxy_anchor,mixture_vmf,StageC-mixture_vmf,mixture_vmf,support_estimator,test,test,pooled,0.5,20260508,,2,,,passed,,0.4668673741908014,0.34973332441079813,0.5884246273703694,0.9257622062140727,0.8986247857878733,0.9497203062930615,0.47381127979262566,0.3611111111111111,0.3143418467583497,1599,1527,72,1513,repope,3786,202,101,3887,101,41,0
molmo-7b-d-0924,molmo-7b-d-0924,repope,Sphere-Traj-LSTM,proxy_anchor,knn,StageC-knn,knn,support_estimator,test,test,pooled,0.5,20260508,16,,,,passed,,0.29296118385405784,0.19620059515295143,0.39580819372845594,0.8784199228698246,0.8468577470327351,0.9080186287884374,0.29944751517268225,0.1527777777777778,0.3857236411263916,1599,1527,72,1513,repope,3786,202,101,3887,101,41,0
molmo-7b-d-0924,molmo-7b-d-0924,repope,Sphere-Traj-LSTM,proxy_anchor,radius_ball,StageC-radius_ball,radius_ball,support_estimator,test,test,pooled,0.5,20260508,,,0.009307093733428255,,passed,,0.5113790332845191,0.4682747489007733,0.5515347929728995,0.8392681728880157,0.8131847893790086,0.862241300095388,0.13319942582130875,0.0,0.4911591355599214,1599,1527,72,1513,repope,3786,202,101,3887,101,41,0
molmo-7b-d-0924,molmo-7b-d-0924,repope,Sphere-Traj-LSTM,proxy_anchor,logistic,StageC-logistic,supervised_comparator,supervised_comparator,test,test,pooled,0.5,20260508,,,,0.1,passed,,0.4702617387735469,0.3545979143346959,0.59129817346626,0.9472640617041403,0.9304103989535645,0.9613738818677012,0.4773558504551011,0.3611111111111111,0.16306483300589392,1599,1527,72,1513,repope,3786,202,101,3887,101,41,0
molmo-7b-d-0924,molmo-7b-d-0924,pope,Sphere-Traj-LSTM,proxy_anchor,single_vmf,StageC-single_vmf,single_vmf,support_estimator,test,test,pooled,0.5,20260508,,,,,passed,,0.37645169349991536,0.27974545019372377,0.48417491791571027,0.8894310015164502,0.8475172828097066,0.9261046348814742,0.3823686744258017,0.13793103448275862,0.5666029318036966,1656,1569,87,1624,repope,3786,202,101,3887,101,144,0
molmo-7b-d-0924,molmo-7b-d-0924,pope,Sphere-Traj-LSTM,proxy_anchor,mixture_vmf,StageC-mixture_vmf,mixture_vmf,support_estimator,test,test,pooled,0.5,20260508,,2,,,passed,,0.37645169349991536,0.2797454501937238,0.4841749179157103,0.8894310015164502,0.8475172828097066,0.9261046348814742,0.3823686744258017,0.13793103448275862,0.5666029318036966,1656,1569,87,1624,repope,3786,202,101,3887,101,144,0
molmo-7b-d-0924,molmo-7b-d-0924,pope,Sphere-Traj-LSTM,proxy_anchor,knn,StageC-knn,knn,support_estimator,test,test,pooled,0.5,20260508,16,,,,passed,,0.2453454405044001,0.17162917666626767,0.32875679250769924,0.8501131843256192,0.8171289008095964,0.883982953953192,0.2503435322999305,0.10344827586206896,0.46590184831102616,1656,1569,87,1624,repope,3786,202,101,3887,101,144,0
molmo-7b-d-0924,molmo-7b-d-0924,pope,Sphere-Traj-LSTM,proxy_anchor,radius_ball,StageC-radius_ball,radius_ball,support_estimator,test,test,pooled,0.5,20260508,,,0.009307093733428255,,passed,,0.47484801041450736,0.42749170752586846,0.5202749508032456,0.8087331413961597,0.782146357473733,0.8351858615634985,0.13160558158145122,0.0,0.5022307202039515,1656,1569,87,1624,repope,3786,202,101,3887,101,144,0
molmo-7b-d-0924,molmo-7b-d-0924,pope,Sphere-Traj-LSTM,proxy_anchor,logistic,StageC-logistic,supervised_comparator,supervised_comparator,test,test,pooled,0.5,20260508,,,,0.1,passed,,0.3968394283993112,0.3020387361826552,0.5044745376484631,0.9306022578258353,0.9111964528013538,0.9481743977608196,0.4028417069321388,0.19540229885057472,0.25047801147227533,1656,1569,87,1624,repope,3786,202,101,3887,101,144,0
molmo-7b-d-0924,molmo-7b-d-0924,dash-b,Sphere-Traj-LSTM,proxy_anchor,single_vmf,StageC-single_vmf,single_vmf,support_estimator,test,test,pooled,0.5,20260508,,,,,passed,,0.4673988737298914,0.3981728333481966,0.5387591180229798,0.6350136861313869,0.582887866823593,0.6876854818919517,0.47126894177367457,0.025,0.8357664233576643,434,274,160,346,repope,3786,202,101,3887,101,9,0
molmo-7b-d-0924,molmo-7b-d-0924,dash-b,Sphere-Traj-LSTM,proxy_anchor,mixture_vmf,StageC-mixture_vmf,mixture_vmf,support_estimator,test,test,pooled,0.5,20260508,,2,,,passed,,0.4673988737298914,0.3981728333481966,0.5387591180229798,0.6350136861313869,0.582887866823593,0.6876854818919517,0.47126894177367457,0.025,0.8357664233576643,434,274,160,346,repope,3786,202,101,3887,101,9,0
molmo-7b-d-0924,molmo-7b-d-0924,dash-b,Sphere-Traj-LSTM,proxy_anchor,knn,StageC-knn,knn,support_estimator,test,test,pooled,0.5,20260508,16,,,,passed,,0.4524848543182214,0.38786287499909317,0.5243865577680534,0.6516423357664234,0.6008015408771288,0.6993337155174,0.457101314901556,0.00625,0.8029197080291971,434,274,160,346,repope,3786,202,101,3887,101,9,0
molmo-7b-d-0924,molmo-7b-d-0924,dash-b,Sphere-Traj-LSTM,proxy_anchor,radius_ball,StageC-radius_ball,radius_ball,support_estimator,test,test,pooled,0.5,20260508,,,0.009307093733428255,,passed,,0.60062036306509,0.5408717147347843,0.6587919252043435,0.6341925182481752,0.5846455271371844,0.6827617750386332,0.45154132969030486,0.0,0.8394160583941606,434,274,160,346,repope,3786,202,101,3887,101,9,0
molmo-7b-d-0924,molmo-7b-d-0924,dash-b,Sphere-Traj-LSTM,proxy_anchor,logistic,StageC-logistic,supervised_comparator,supervised_comparator,test,test,pooled,0.5,20260508,,,,0.1,passed,,0.5703416320925274,0.4909425395196557,0.6477834399886551,0.7286952554744526,0.6822282774968378,0.7785490879221293,0.5730588763970572,0.03125,0.8321167883211679,434,274,160,346,repope,3786,202,101,3887,101,9,0
minicpm-v-4_5,minicpm-v-4_5,repope,Sphere-Traj-LSTM,proxy_anchor,single_vmf,StageC-single_vmf,single_vmf,support_estimator,test,test,pooled,0.5,20260506,,,,,passed,,0.37054462543405087,0.22680356438682148,0.5324903357174443,0.9573174979102814,0.9413285072406277,0.9728454982232924,0.3856633344869988,0.32432432432432434,0.1134020618556701,1589,1552,37,1530,repope,3835,104,52,3887,52,51,0
minicpm-v-4_5,minicpm-v-4_5,repope,Sphere-Traj-LSTM,proxy_anchor,mixture_vmf,StageC-mixture_vmf,mixture_vmf,support_estimator,test,test,pooled,0.5,20260506,,4,,,passed,,0.370586855706545,0.22680356438682148,0.5326319535868068,0.9573523265533574,0.9414528115835445,0.9728454982232925,0.3857064337280719,0.32432432432432434,0.1134020618556701,1589,1552,37,1530,repope,3835,104,52,3887,52,51,0
minicpm-v-4_5,minicpm-v-4_5,repope,Sphere-Traj-LSTM,proxy_anchor,knn,StageC-knn,knn,support_estimator,test,test,pooled,0.5,20260506,32,,,,passed,,0.36263769790498124,0.21852856138052415,0.5213149370368326,0.9578573418779603,0.9427698862130753,0.9731586842930062,0.3782006547345848,0.32432432432432434,0.13530927835051546,1589,1552,37,1530,repope,3835,104,52,3887,52,51,0
minicpm-v-4_5,minicpm-v-4_5,repope,Sphere-Traj-LSTM,proxy_anchor,radius_ball,StageC-radius_ball,radius_ball,support_estimator,test,test,pooled,0.5,20260506,,,0.008026064962796932,,passed,,0.5241072013099835,0.4893843826687977,0.5474747474747474,0.8488698105321816,0.8319730687942876,0.8642634648202087,0.07349147825675476,0.0,0.29059278350515466,1589,1552,37,1530,repope,3835,104,52,3887,52,51,0
minicpm-v-4_5,minicpm-v-4_5,repope,Sphere-Traj-LSTM,proxy_anchor,logistic,StageC-logistic,supervised_comparator,supervised_comparator,test,test,pooled,0.5,20260506,,,,0.1,passed,,0.36998044633141275,0.2406363005392136,0.5220194652509567,0.9589892727779326,0.9425463834794701,0.9741998342558317,0.3346304484496603,0.32432432432432434,0.1333762886597938,1589,1552,37,1530,repope,3835,104,52,3887,52,51,0
minicpm-v-4_5,minicpm-v-4_5,pope,Sphere-Traj-LSTM,proxy_anchor,single_vmf,StageC-single_vmf,single_vmf,support_estimator,test,test,pooled,0.5,20260506,,,,,passed,,0.2689288351972581,0.15527494065183015,0.39559472884607066,0.881817739502749,0.7847832767244624,0.9481338916259964,0.2748669551362506,0.10256410256410256,0.9354838709677419,1620,1581,39,1587,repope,3835,104,52,3887,52,180,0
minicpm-v-4_5,minicpm-v-4_5,pope,Sphere-Traj-LSTM,proxy_anchor,mixture_vmf,StageC-mixture_vmf,mixture_vmf,support_estimator,test,test,pooled,0.5,20260506,,4,,,passed,,0.012579509378342166,0.008630470781764233,0.016774347618589612,0.07256037237061906,0.04708239553804495,0.1045878395552212,0.013073456606872551,0.0,0.9962049335863378,1620,1581,39,1587,repope,3835,104,52,3887,52,180,0
minicpm-v-4_5,minicpm-v-4_5,pope,Sphere-Traj-LSTM,proxy_anchor,knn,StageC-knn,knn,support_estimator,test,test,pooled,0.5,20260506,32,,,,passed,,0.2424380173311702,0.12717332503383602,0.3682436755928246,0.9148704974131919,0.8915355321341983,0.9370232637820677,0.24826534406836653,0.10256410256410256,0.2144212523719165,1620,1581,39,1587,repope,3835,104,52,3887,52,180,0
minicpm-v-4_5,minicpm-v-4_5,pope,Sphere-Traj-LSTM,proxy_anchor,radius_ball,StageC-radius_ball,radius_ball,support_estimator,test,test,pooled,0.5,20260506,,,0.008026064962796932,,passed,,0.4974643295628231,0.4488200039064151,0.5352959461374222,0.8267892765046465,0.801667183072208,0.8478354519970085,0.06723635143333855,0.0,0.40480708412397215,1620,1581,39,1587,repope,3835,104,52,3887,52,180,0
minicpm-v-4_5,minicpm-v-4_5,pope,Sphere-Traj-LSTM,proxy_anchor,logistic,StageC-logistic,supervised_comparator,supervised_comparator,test,test,pooled,0.5,20260506,,,,0.1,passed,,0.23247801066544452,0.1413110453872759,0.3390895247678541,0.9046367926823334,0.8389797817400472,0.9512542483922974,0.19602774179516846,0.0,0.6660341555977229,1620,1581,39,1587,repope,3835,104,52,3887,52,180,0
minicpm-v-4_5,minicpm-v-4_5,dash-b,Sphere-Traj-LSTM,proxy_anchor,single_vmf,StageC-single_vmf,single_vmf,support_estimator,test,test,pooled,0.5,20260506,,,,,passed,,0.4208151170802278,0.3360913634242449,0.5208866645583623,0.6456194196428572,0.5819860204936036,0.708054944352904,0.4280043318677569,0.03571428571428571,0.96875,432,320,112,391,repope,3835,104,52,3887,52,11,0
minicpm-v-4_5,minicpm-v-4_5,dash-b,Sphere-Traj-LSTM,proxy_anchor,mixture_vmf,StageC-mixture_vmf,mixture_vmf,support_estimator,test,test,pooled,0.5,20260506,,4,,,passed,,0.4208151170802278,0.3360913634242449,0.5208866645583623,0.6456194196428572,0.5819860204936036,0.708054944352904,0.4280043318677569,0.03571428571428571,0.96875,432,320,112,391,repope,3835,104,52,3887,52,11,0
minicpm-v-4_5,minicpm-v-4_5,dash-b,Sphere-Traj-LSTM,proxy_anchor,knn,StageC-knn,knn,support_estimator,test,test,pooled,0.5,20260506,32,,,,passed,,0.4785965845557941,0.3919035550751793,0.5766602226789717,0.7486886160714287,0.696395432568461,0.7977671048646962,0.48586253162825843,0.05357142857142857,0.778125,432,320,112,391,repope,3835,104,52,3887,52,11,0
minicpm-v-4_5,minicpm-v-4_5,dash-b,Sphere-Traj-LSTM,proxy_anchor,radius_ball,StageC-radius_ball,radius_ball,support_estimator,test,test,pooled,0.5,20260506,,,0.008026064962796932,,passed,,0.6886909551777081,0.6468116968851796,0.7269978095734089,0.7492606026785714,0.7142884020914884,0.7830956227205913,0.41552209074903423,0.0,0.675,432,320,112,391,repope,3835,104,52,3887,52,11,0
minicpm-v-4_5,minicpm-v-4_5,dash-b,Sphere-Traj-LSTM,proxy_anchor,logistic,StageC-logistic,supervised_comparator,supervised_comparator,test,test,pooled,0.5,20260506,,,,0.1,passed,,0.42283299216005465,0.3381572795714337,0.5186668548121856,0.6666573660714286,0.6071820920395368,0.7225600606844359,0.43007211216787944,0.03571428571428571,0.7375,432,320,112,391,repope,3835,104,52,3887,52,11,0
minicpm-v-4_5,minicpm-v-4_5,repope,Sphere-Traj-LSTM,proxy_anchor,single_vmf,StageC-single_vmf,single_vmf,support_estimator,test,test,pooled,0.5,20260507,,,,,passed,,0.3451918964116023,0.19949332456289162,0.4886328829934929,0.9603824185009752,0.9457738729973957,0.9742705127293246,0.358855058172248,0.2702702702702703,0.11211340206185567,1589,1552,37,1530,repope,3835,104,52,3887,52,51,0
minicpm-v-4_5,minicpm-v-4_5,repope,Sphere-Traj-LSTM,proxy_anchor,mixture_vmf,StageC-mixture_vmf,mixture_vmf,support_estimator,test,test,pooled,0.5,20260507,,2,,,passed,,0.012011394452335778,0.0084048480972913,0.01590419547196199,0.04170730008358875,0.028379297668080998,0.056275067805914986,0.012609879839042173,0.0,1.0,1589,1552,37,1530,repope,3835,104,52,3887,52,51,0
minicpm-v-4_5,minicpm-v-4_5,repope,Sphere-Traj-LSTM,proxy_anchor,knn,StageC-knn,knn,support_estimator,test,test,pooled,0.5,20260507,32,,,,passed,,0.29912169084562246,0.15625048939438013,0.44182806603249014,0.9312830872109222,0.9037775327493466,0.955732632181441,0.31188843905169517,0.2702702702702703,0.19845360824742267,1589,1552,37,1530,repope,3835,104,52,3887,52,51,0
minicpm-v-4_5,minicpm-v-4_5,repope,Sphere-Traj-LSTM,proxy_anchor,radius_ball,StageC-radius_ball,radius_ball,support_estimator,test,test,pooled,0.5,20260507,,,0.0068080780171184815,,passed,,0.525623268698061,0.5177323302905608,0.5335662666515718,0.7793170103092784,0.7664266475486384,0.7915951518746294,0.05124653739612189,0.0,0.4413659793814433,1589,1552,37,1530,repope,3835,104,52,3887,52,51,0
minicpm-v-4_5,minicpm-v-4_5,repope,Sphere-Traj-LSTM,proxy_anchor,logistic,StageC-logistic,supervised_comparator,supervised_comparator,test,test,pooled,0.5,20260507,,,,1.0,passed,,0.3637614487843633,0.22126999263380226,0.5080643615876846,0.9605565617163555,0.9463997371251816,0.9740326752768813,0.31728058180495844,0.2702702702702703,0.11275773195876289,1589,1552,37,1530,repope,3835,104,52,3887,52,51,0
minicpm-v-4_5,minicpm-v-4_5,pope,Sphere-Traj-LSTM,proxy_anchor,single_vmf,StageC-single_vmf,single_vmf,support_estimator,test,test,pooled,0.5,20260507,,,,,passed,,0.2618533444195614,0.1506773947517009,0.40169016339690344,0.8937381404174574,0.8181099742667796,0.9549658188253359,0.2702179658421615,0.1794871794871795,0.8115117014547755,1620,1581,39,1587,repope,3835,104,52,3887,52,180,0
minicpm-v-4_5,minicpm-v-4_5,pope,Sphere-Traj-LSTM,proxy_anchor,mixture_vmf,StageC-mixture_vmf,mixture_vmf,support_estimator,test,test,pooled,0.5,20260507,,2,,,passed,,0.012590559750083554,0.008972747240582783,0.016598878885586327,0.0677759937721987,0.046270961570451324,0.09246913513674768,0.013074533945382598,0.0,0.9905123339658444,1620,1581,39,1587,repope,3835,104,52,3887,52,180,0
minicpm-v-4_5,minicpm-v-4_5,pope,Sphere-Traj-LSTM,proxy_anchor,knn,StageC-knn,knn,support_estimator,test,test,pooled,0.5,20260507,32,,,,passed,,0.2209781882775915,0.11102984977206687,0.35809152415886353,0.8972899333430643,0.8634449603444072,0.9294885023818248,0.22865517372816582,0.20512820512820512,0.2998102466793169,1620,1581,39,1587,repope,3835,104,52,3887,52,180,0
minicpm-v-4_5,minicpm-v-4_5,pope,Sphere-Traj-LSTM,proxy_anchor,radius_ball,StageC-radius_ball,radius_ball,support_estimator,test,test,pooled,0.5,20260507,,,0.0068080780171184815,,passed,,0.5256241787122208,0.5182381554088868,0.5333354755784062,0.771663504111322,0.7596301086704463,0.7834192688004163,0.051248357424441525,0.0,0.4566729917773561,1620,1581,39,1587,repope,3835,104,52,3887,52,180,0
minicpm-v-4_5,minicpm-v-4_5,pope,Sphere-Traj-LSTM,proxy_anchor,logistic,StageC-logistic,supervised_comparator,supervised_comparator,test,test,pooled,0.5,20260507,,,,1.0,passed,,0.28742212076259915,0.18314554410273645,0.40769258800433683,0.8812825378290274,0.7904591895868457,0.9542352696039238,0.22385116384499645,0.0,0.9728020240354206,1620,1581,39,1587,repope,3835,104,52,3887,52,180,0
minicpm-v-4_5,minicpm-v-4_5,dash-b,Sphere-Traj-LSTM,proxy_anchor,single_vmf,StageC-single_vmf,single_vmf,support_estimator,test,test,pooled,0.5,20260507,,,,,passed,,0.39353164848404154,0.32229435820730645,0.4789032041510705,0.6819754464285713,0.6239974689941454,0.737487013252195,0.39846882265281675,0.0,0.9375,432,320,112,391,repope,3835,104,52,3887,52,11,0
minicpm-v-4_5,minicpm-v-4_5,dash-b,Sphere-Traj-LSTM,proxy_anchor,mixture_vmf,StageC-mixture_vmf,mixture_vmf,support_estimator,test,test,pooled,0.5,20260507,,2,,,passed,,0.1584691114552982,0.13022922834309278,0.1858391831994107,0.16612723214285713,0.13032562486558671,0.1995473176781588,0.15987591402151516,0.0,0.9625,432,320,112,391,repope,3835,104,52,3887,52,11,0
minicpm-v-4_5,minicpm-v-4_5,dash-b,Sphere-Traj-LSTM,proxy_anchor,knn,StageC-knn,knn,support_estimator,test,test,pooled,0.5,20260507,32,,,,passed,,0.43326307624880356,0.36189004457822427,0.5216806885404293,0.7526785714285714,0.7054452311283678,0.7981405348430385,0.43825050807208543,0.0,0.790625,432,320,112,391,repope,3835,104,52,3887,52,11,0
minicpm-v-4_5,minicpm-v-4_5,dash-b,Sphere-Traj-LSTM,proxy_anchor,radius_ball,StageC-radius_ball,radius_ball,support_estimator,test,test,pooled,0.5,20260507,,,0.0068080780171184815,,passed,,0.6477572559366754,0.6259667518274076,0.6701667072527294,0.5828125000000001,0.562691026645768,0.6052691936262675,0.2955145118733509,0.0,0.834375,432,320,112,391,repope,3835,104,52,3887,52,11,0
minicpm-v-4_5,minicpm-v-4_5,dash-b,Sphere-Traj-LSTM,proxy_anchor,logistic,StageC-logistic,supervised_comparator,supervised_comparator,test,test,pooled,0.5,20260507,,,,1.0,passed,,0.4946904182839775,0.42111142004441293,0.5896659230068753,0.8301897321428572,0.7955512910833674,0.8670007590249116,0.4996290861229015,0.0,0.425,432,320,112,391,repope,3835,104,52,3887,52,11,0
minicpm-v-4_5,minicpm-v-4_5,repope,Sphere-Traj-LSTM,proxy_anchor,single_vmf,StageC-single_vmf,single_vmf,support_estimator,test,test,pooled,0.5,20260508,,,,,passed,,0.36777815211422027,0.22723203477038995,0.5347476987677883,0.964979799387016,0.9501841041719927,0.9777176824171688,0.3844407598083998,0.35135135135135137,0.1134020618556701,1589,1552,37,1530,repope,3835,104,52,3887,52,51,0
minicpm-v-4_5,minicpm-v-4_5,repope,Sphere-Traj-LSTM,proxy_anchor,mixture_vmf,StageC-mixture_vmf,mixture_vmf,support_estimator,test,test,pooled,0.5,20260508,,2,,,passed,,0.011979572159408326,0.008439876501966866,0.016175277240348424,0.040227082752855955,0.02684633683909278,0.05502238268782577,0.012578385027929177,0.0,1.0,1589,1552,37,1530,repope,3835,104,52,3887,52,51,0
minicpm-v-4_5,minicpm-v-4_5,repope,Sphere-Traj-LSTM,proxy_anchor,knn,StageC-knn,knn,support_estimator,test,test,pooled,0.5,20260508,8,,,,passed,,0.14112876429348964,0.059830373142397815,0.24746086021564245,0.8392135692393424,0.8027532077402029,0.8758598802323555,0.1483713996083041,0.08108108108108109,0.33762886597938147,1589,1552,37,1530,repope,3835,104,52,3887,52,51,0
minicpm-v-4_5,minicpm-v-4_5,repope,Sphere-Traj-LSTM,proxy_anchor,radius_ball,StageC-radius_ball,radius_ball,support_estimator,test,test,pooled,0.5,20260508,,,0.00945636738008863,,passed,,0.5000294811629336,0.45762353689608243,0.5294194126387554,0.779090624129284,0.7523867335622808,0.8007744071470909,0.05160719930456773,0.0,0.5270618556701031,1589,1552,37,1530,repope,3835,104,52,3887,52,51,0
minicpm-v-4_5,minicpm-v-4_5,repope,Sphere-Traj-LSTM,proxy_anchor,logistic,StageC-logistic,supervised_comparator,supervised_comparator,test,test,pooled,0.5,20260508,,,,1.0,passed,,0.3489781716126919,0.20956919646218986,0.5121838672712342,0.960312761214823,0.943838285864768,0.9745584985951007,0.36542724703579815,0.2702702702702703,0.1327319587628866,1589,1552,37,1530,repope,3835,104,52,3887,52,51,0
minicpm-v-4_5,minicpm-v-4_5,pope,Sphere-Traj-LSTM,proxy_anchor,single_vmf,StageC-single_vmf,single_vmf,support_estimator,test,test,pooled,0.5,20260508,,,,,passed,,0.273267455965777,0.16809436120001767,0.40299548427645643,0.9496910426701697,0.9304145319049837,0.9667007653083785,0.285476387214317,0.1794871794871795,0.2049335863377609,1620,1581,39,1587,repope,3835,104,52,3887,52,180,0
minicpm-v-4_5,minicpm-v-4_5,pope,Sphere-Traj-LSTM,proxy_anchor,mixture_vmf,StageC-mixture_vmf,mixture_vmf,support_estimator,test,test,pooled,0.5,20260508,,2,,,passed,,0.01255496450852156,0.008804735471070753,0.016474094364924537,0.056990869135081675,0.04029700841089959,0.07605949250895243,0.0130262533967785,0.0,0.9924098671726755,1620,1581,39,1587,repope,3835,104,52,3887,52,180,0
minicpm-v-4_5,minicpm-v-4_5,pope,Sphere-Traj-LSTM,proxy_anchor,knn,StageC-knn,knn,support_estimator,test,test,pooled,0.5,20260508,8,,,,passed,,0.04548311936685209,0.030455963111020425,0.06665105744407555,0.752882790833455,0.7086433215702207,0.7934057314661702,0.050566186497036814,0.0,0.4161922833649589,1620,1581,39,1587,repope,3835,104,52,3887,52,180,0
minicpm-v-4_5,minicpm-v-4_5,pope,Sphere-Traj-LSTM,proxy_anchor,radius_ball,StageC-radius_ball,radius_ball,support_estimator,test,test,pooled,0.5,20260508,,,0.00945636738008863,,passed,,0.4231305135289597,0.35524580784026977,0.48234001908457175,0.7222060039896853,0.6756362918036246,0.7601274708328669,0.043333872386578765,0.0,0.5490196078431373,1620,1581,39,1587,repope,3835,104,52,3887,52,180,0
minicpm-v-4_5,minicpm-v-4_5,pope,Sphere-Traj-LSTM,proxy_anchor,logistic,StageC-logistic,supervised_comparator,supervised_comparator,test,test,pooled,0.5,20260508,,,,1.0,passed,,0.26892587374251303,0.15999149970345658,0.4029208324958405,0.9199792406623526,0.8675979642370831,0.9625824466987281,0.28091878779983326,0.2564102564102564,0.5762175838077166,1620,1581,39,1587,repope,3835,104,52,3887,52,180,0
minicpm-v-4_5,minicpm-v-4_5,dash-b,Sphere-Traj-LSTM,proxy_anchor,single_vmf,StageC-single_vmf,single_vmf,support_estimator,test,test,pooled,0.5,20260508,,,,,passed,,0.4795180751978437,0.3843271928946693,0.5789495044768211,0.7239955357142858,0.6668698977332301,0.7784357079715095,0.4845103492944248,0.044642857142857144,0.909375,432,320,112,391,repope,3835,104,52,3887,52,11,0
minicpm-v-4_5,minicpm-v-4_5,dash-b,Sphere-Traj-LSTM,proxy_anchor,mixture_vmf,StageC-mixture_vmf,mixture_vmf,support_estimator,test,test,pooled,0.5,20260508,,2,,,passed,,0.15475699280990765,0.12719274570965788,0.18121228101021863,0.14003906250000003,0.10750404966462868,0.17379581576715666,0.1561279716866206,0.0,0.9875,432,320,112,391,repope,3835,104,52,3887,52,11,0
minicpm-v-4_5,minicpm-v-4_5,dash-b,Sphere-Traj-LSTM,proxy_anchor,knn,StageC-knn,knn,support_estimator,test,test,pooled,0.5,20260508,8,,,,passed,,0.3735287040980305,0.30192984118927707,0.45267611405462127,0.6998604910714284,0.6526918813245016,0.7494654122872298,0.3783364581230583,0.044642857142857144,0.609375,432,320,112,391,repope,3835,104,52,3887,52,11,0
minicpm-v-4_5,minicpm-v-4_5,dash-b,Sphere-Traj-LSTM,proxy_anchor,radius_ball,StageC-radius_ball,radius_ball,support_estimator,test,test,pooled,0.5,20260508,,,0.00945636738008863,,passed,,0.6508399678647424,0.6075363264734173,0.6875858151933961,0.6842912946428571,0.6451780593461988,0.7204320222877227,0.36044475486009586,0.0,0.771875,432,320,112,391,repope,3835,104,52,3887,52,11,0
minicpm-v-4_5,minicpm-v-4_5,dash-b,Sphere-Traj-LSTM,proxy_anchor,logistic,StageC-logistic,supervised_comparator,supervised_comparator,test,test,pooled,0.5,20260508,,,,1.0,passed,,0.5597858788558037,0.46339491066058053,0.657331242474835,0.829994419642857,0.7902875630087757,0.8694175474692531,0.5647839434360592,0.05357142857142857,0.60625,432,320,112,391,repope,3835,104,52,3887,52,11,0
llava-v1.5-7b,llava-v1.5-7b,repope,Sphere-Traj-LSTM,proxy_anchor,single_vmf,StageC-single_vmf,single_vmf,support_estimator,test,test,pooled,0.5,20260506,,,,,passed,,0.505976747412435,0.4100265521039911,0.6032746125166123,0.9153229428674093,0.8911700215788436,0.9368563541187772,0.5109176528364173,0.24793388429752067,0.35733695652173914,1593,1472,121,1461,repope,3633,302,151,3784,151,47,0
llava-v1.5-7b,llava-v1.5-7b,repope,Sphere-Traj-LSTM,proxy_anchor,mixture_vmf,StageC-mixture_vmf,mixture_vmf,support_estimator,test,test,pooled,0.5,20260506,,2,,,passed,,0.5059767474124351,0.4100265521039911,0.6032746125166123,0.9153229428674093,0.8911700215788436,0.9368563541187772,0.5109176528364173,0.24793388429752067,0.35733695652173914,1593,1472,121,1461,repope,3633,302,151,3784,151,47,0
llava-v1.5-7b,llava-v1.5-7b,repope,Sphere-Traj-LSTM,proxy_anchor,knn,StageC-knn,knn,support_estimator,test,test,pooled,0.5,20260506,32,,,,passed,,0.47839785827088627,0.38066458879355153,0.5768094445227253,0.8927360312612289,0.8671980754852051,0.9198312848237187,0.4832477157197611,0.24793388429752067,0.4116847826086957,1593,1472,121,1461,repope,3633,302,151,3784,151,47,0
llava-v1.5-7b,llava-v1.5-7b,repope,Sphere-Traj-LSTM,proxy_anchor,radius_ball,StageC-radius_ball,radius_ball,support_estimator,test,test,pooled,0.5,20260506,,,0.002572835750065754,,passed,,0.570277558044957,0.5446232260358671,0.5943956164121278,0.8133281306144449,0.7967514954709338,0.8286799922421085,0.1816832047962337,0.0,0.34782608695652173,1593,1472,121,1461,repope,3633,302,151,3784,151,47,0
llava-v1.5-7b,llava-v1.5-7b,repope,Sphere-Traj-LSTM,proxy_anchor,logistic,StageC-logistic,supervised_comparator,supervised_comparator,test,test,pooled,0.5,20260506,,,,0.1,passed,,0.5252918897782627,0.431835051066001,0.6200425106436865,0.940486884656845,0.9254453652458997,0.9536084395276107,0.5197770115312175,0.24793388429752067,0.1793478260869565,1593,1472,121,1461,repope,3633,302,151,3784,151,47,0
llava-v1.5-7b,llava-v1.5-7b,pope,Sphere-Traj-LSTM,proxy_anchor,single_vmf,StageC-single_vmf,single_vmf,support_estimator,test,test,pooled,0.5,20260506,,,,,passed,,0.290144057068962,0.22254765990534003,0.37414024900143167,0.8679666442048518,0.8352416980860571,0.8982041707335219,0.29468704746621766,0.04716981132075472,0.46683673469387754,1674,1568,106,1562,repope,3633,302,151,3784,151,126,0
llava-v1.5-7b,llava-v1.5-7b,pope,Sphere-Traj-LSTM,proxy_anchor,mixture_vmf,StageC-mixture_vmf,mixture_vmf,support_estimator,test,test,pooled,0.5,20260506,,2,,,passed,,0.290144057068962,0.22254765990534003,0.37414024900143167,0.8679666442048518,0.8352416980860571,0.8982041707335219,0.29468704746621766,0.04716981132075472,0.46683673469387754,1674,1568,106,1562,repope,3633,302,151,3784,151,126,0
llava-v1.5-7b,llava-v1.5-7b,pope,Sphere-Traj-LSTM,proxy_anchor,knn,StageC-knn,knn,support_estimator,test,test,pooled,0.5,20260506,32,,,,passed,,0.26233704465951324,0.19505930912940425,0.3401534860305266,0.8440809106661533,0.8117890017854446,0.876229697960418,0.26682721993495284,0.04716981132075472,0.5,1674,1568,106,1562,repope,3633,302,151,3784,151,126,0
llava-v1.5-7b,llava-v1.5-7b,pope,Sphere-Traj-LSTM,proxy_anchor,radius_ball,StageC-radius_ball,radius_ball,support_estimator,test,test,pooled,0.5,20260506,,,0.002572835750065754,,passed,,0.5142148660099011,0.4796742140976095,0.5462467583009548,0.7652760396611475,0.7412401458431653,0.7869333819936434,0.12873707691213243,0.0,0.5880102040816326,1674,1568,106,1562,repope,3633,302,151,3784,151,126,0
llava-v1.5-7b,llava-v1.5-7b,pope,Sphere-Traj-LSTM,proxy_anchor,logistic,StageC-logistic,supervised_comparator,supervised_comparator,test,test,pooled,0.5,20260506,,,,0.1,passed,,0.31516168351555574,0.2524193375106003,0.3967867575659957,0.9131269252984213,0.8958324917258872,0.9309940962708539,0.30611168830261887,0.03773584905660377,0.22576530612244897,1674,1568,106,1562,repope,3633,302,151,3784,151,126,0
llava-v1.5-7b,llava-v1.5-7b,dash-b,Sphere-Traj-LSTM,proxy_anchor,single_vmf,StageC-single_vmf,single_vmf,support_estimator,test,test,pooled,0.5,20260506,,,,,passed,,0.6759238420370783,0.6158846602304651,0.7385781679210576,0.647238248857456,0.5965465567654769,0.6963551973071979,0.6791146871195037,0.0411522633744856,0.9045226130653267,442,199,243,281,repope,3633,302,151,3784,151,1,0
llava-v1.5-7b,llava-v1.5-7b,dash-b,Sphere-Traj-LSTM,proxy_anchor,mixture_vmf,StageC-mixture_vmf,mixture_vmf,support_estimator,test,test,pooled,0.5,20260506,,2,,,passed,,0.6759264446695687,0.6158923151774632,0.7385781679210577,0.6472485886221229,0.5965568239924524,0.6963562278738035,0.6791146871195037,0.0411522633744856,0.9045226130653267,442,199,243,281,repope,3633,302,151,3784,151,1,0
llava-v1.5-7b,llava-v1.5-7b,dash-b,Sphere-Traj-LSTM,proxy_anchor,knn,StageC-knn,knn,support_estimator,test,test,pooled,0.5,20260506,32,,,,passed,,0.6762924298460457,0.6137499277097129,0.7406962599387494,0.654093512831648,0.6027169144682416,0.7011294506732283,0.6794842187607785,0.0411522633744856,0.8442211055276382,442,199,243,281,repope,3633,302,151,3784,151,1,0
llava-v1.5-7b,llava-v1.5-7b,dash-b,Sphere-Traj-LSTM,proxy_anchor,radius_ball,StageC-radius_ball,radius_ball,support_estimator,test,test,pooled,0.5,20260506,,,0.002572835750065754,,passed,,0.7708964237162343,0.7300987567640199,0.8115923181809579,0.6872221188245756,0.6383600033972786,0.7342616706860567,0.675333393468066,0.0,0.8693467336683417,442,199,243,281,repope,3633,302,151,3784,151,1,0
llava-v1.5-7b,llava-v1.5-7b,dash-b,Sphere-Traj-LSTM,proxy_anchor,logistic,StageC-logistic,supervised_comparator,supervised_comparator,test,test,pooled,0.5,20260506,,,,0.1,passed,,0.7227280768561681,0.6611512441266878,0.7840154451138812,0.7134230824906427,0.6659510446974451,0.7603161232933264,0.7257605995433594,0.0411522633744856,0.8341708542713567,442,199,243,281,repope,3633,302,151,3784,151,1,0
llava-v1.5-7b,llava-v1.5-7b,repope,Sphere-Traj-LSTM,proxy_anchor,single_vmf,StageC-single_vmf,single_vmf,support_estimator,test,test,pooled,0.5,20260507,,,,,passed,,0.18039374171281952,0.14894998758288228,0.21743371101105397,0.8249107303269853,0.8015537144287722,0.8494671096009226,0.18338347891100656,0.0,0.37907608695652173,1593,1472,121,1461,repope,3633,302,151,3784,151,47,0
llava-v1.5-7b,llava-v1.5-7b,repope,Sphere-Traj-LSTM,proxy_anchor,mixture_vmf,StageC-mixture_vmf,mixture_vmf,support_estimator,test,test,pooled,0.5,20260507,,2,,,passed,,0.18039393245612717,0.1489504907490944,0.2174337861262237,0.8249107303269853,0.8015537144287722,0.8494671096009226,0.18334056166678553,0.0,0.37907608695652173,1593,1472,121,1461,repope,3633,302,151,3784,151,47,0
llava-v1.5-7b,llava-v1.5-7b,repope,Sphere-Traj-LSTM,proxy_anchor,knn,StageC-knn,knn,support_estimator,test,test,pooled,0.5,20260507,1,,,,passed,,0.3471854296269481,0.19820039598902656,0.5149074126212478,0.5272581297161337,0.5096052088076958,0.5510448283710487,0.11192121523400413,0.05785123966942149,1.0,1593,1472,121,1461,repope,3633,302,151,3784,151,47,0
llava-v1.5-7b,llava-v1.5-7b,repope,Sphere-Traj-LSTM,proxy_anchor,radius_ball,StageC-radius_ball,radius_ball,support_estimator,test,test,pooled,0.5,20260507,,,0.0018549772871999698,,passed,,0.22588104890594973,0.17519795560257376,0.27813458581778794,0.571982797340999,0.5201868230573601,0.6230177740704056,0.0992901087209631,0.0,0.9150815217391305,1593,1472,121,1461,repope,3633,302,151,3784,151,47,0
llava-v1.5-7b,llava-v1.5-7b,repope,Sphere-Traj-LSTM,proxy_anchor,logistic,StageC-logistic,supervised_comparator,supervised_comparator,test,test,pooled,0.5,20260507,,,,1.0,passed,,0.4627949675555254,0.3783231485769242,0.5611294164466664,0.9351250898311174,0.9198373333047659,0.9495433976951545,0.46941543344317177,0.0743801652892562,0.25203804347826086,1593,1472,121,1461,repope,3633,302,151,3784,151,47,0
llava-v1.5-7b,llava-v1.5-7b,pope,Sphere-Traj-LSTM,proxy_anchor,single_vmf,StageC-single_vmf,single_vmf,support_estimator,test,test,pooled,0.5,20260507,,,,,passed,,0.1350146711274507,0.10915828006376392,0.16231124207886843,0.8027922843665768,0.779194585155556,0.8266150012848826,0.1369568982978044,0.0,0.40688775510204084,1674,1568,106,1562,repope,3633,302,151,3784,151,126,0
llava-v1.5-7b,llava-v1.5-7b,pope,Sphere-Traj-LSTM,proxy_anchor,mixture_vmf,StageC-mixture_vmf,mixture_vmf,support_estimator,test,test,pooled,0.5,20260507,,2,,,passed,,0.13501241191202407,0.10915606969155679,0.16231124207886846,0.8027892760877937,0.779194458821468,0.8266150012848827,0.1369523798669512,0.0,0.40688775510204084,1674,1568,106,1562,repope,3633,302,151,3784,151,126,0
llava-v1.5-7b,llava-v1.5-7b,pope,Sphere-Traj-LSTM,proxy_anchor,knn,StageC-knn,knn,support_estimator,test,test,pooled,0.5,20260507,1,,,,passed,,0.3337520569869932,0.031055854241338117,0.5499808420171324,0.5135011551790527,0.49936102236421726,0.5302765686728996,0.07662361082933207,0.02830188679245283,1.0,1674,1568,106,1562,repope,3633,302,151,3784,151,126,0
llava-v1.5-7b,llava-v1.5-7b,pope,Sphere-Traj-LSTM,proxy_anchor,radius_ball,StageC-radius_ball,radius_ball,support_estimator,test,test,pooled,0.5,20260507,,,0.0018549772871999698,,passed,,0.10935075818237514,0.07533992995715708,0.1450461649860067,0.40855734982672315,0.3573647758956152,0.46100087212301555,0.05378396081877608,0.0,0.9457908163265306,1674,1568,106,1562,repope,3633,302,151,3784,151,126,0
llava-v1.5-7b,llava-v1.5-7b,pope,Sphere-Traj-LSTM,proxy_anchor,logistic,StageC-logistic,supervised_comparator,supervised_comparator,test,test,pooled,0.5,20260507,,,,1.0,passed,,0.3839467757644138,0.303539906732336,0.4854369518121071,0.928806074316519,0.9122469547178179,0.9439622383604799,0.3898901024645306,0.09433962264150944,0.1868622448979592,1674,1568,106,1562,repope,3633,302,151,3784,151,126,0
llava-v1.5-7b,llava-v1.5-7b,dash-b,Sphere-Traj-LSTM,proxy_anchor,single_vmf,StageC-single_vmf,single_vmf,support_estimator,test,test,pooled,0.5,20260507,,,,,passed,,0.6924007813965491,0.6188369080542396,0.7646029168477713,0.6855780962425295,0.6318077522765717,0.7343138592637221,0.6957717867110199,0.00411522633744856,0.9246231155778895,442,199,243,281,repope,3633,302,151,3784,151,1,0
llava-v1.5-7b,llava-v1.5-7b,dash-b,Sphere-Traj-LSTM,proxy_anchor,mixture_vmf,StageC-mixture_vmf,mixture_vmf,support_estimator,test,test,pooled,0.5,20260507,,2,,,passed,,0.6924077739155221,0.6188473395844467,0.764622160328428,0.6855987757718635,0.6318185609966465,0.7343440999385886,0.6957663810314256,0.00411522633744856,0.9246231155778895,442,199,243,281,repope,3633,302,151,3784,151,1,0
llava-v1.5-7b,llava-v1.5-7b,dash-b,Sphere-Traj-LSTM,proxy_anchor,knn,StageC-knn,knn,support_estimator,test,test,pooled,0.5,20260507,1,,,,passed,,0.6763976562451508,0.4454336349924586,0.7972929994278879,0.5056972103314928,0.49732424043722356,0.5161950784039746,0.5539612932859121,0.01646090534979424,1.0,442,199,243,281,repope,3633,302,151,3784,151,1,0
llava-v1.5-7b,llava-v1.5-7b,dash-b,Sphere-Traj-LSTM,proxy_anchor,radius_ball,StageC-radius_ball,radius_ball,support_estimator,test,test,pooled,0.5,20260507,,,0.0018549772871999698,,passed,,0.5857637151851901,0.5201504952713142,0.6520366069583401,0.5293752714188226,0.46988189742430203,0.5836583167373846,0.5665644423226183,0.0,0.9396984924623115,442,199,243,281,repope,3633,302,151,3784,151,1,0
llava-v1.5-7b,llava-v1.5-7b,dash-b,Sphere-Traj-LSTM,proxy_anchor,logistic,StageC-logistic,supervised_comparator,supervised_comparator,test,test,pooled,0.5,20260507,,,,1.0,passed,,0.7456090370099127,0.6758007485554922,0.8069299437535461,0.7320760179498315,0.6841748212168428,0.7793933020741268,0.7469332370573684,0.024691358024691357,0.7939698492462312,442,199,243,281,repope,3633,302,151,3784,151,1,0
llava-v1.5-7b,llava-v1.5-7b,repope,Sphere-Traj-LSTM,proxy_anchor,single_vmf,StageC-single_vmf,single_vmf,support_estimator,test,test,pooled,0.5,20260508,,,,,passed,,0.425192303078308,0.33486280577637284,0.5161610114903239,0.8963798059647863,0.8675093098105071,0.9196553257502782,0.43025684986419727,0.12396694214876033,0.3892663043478261,1593,1472,121,1461,repope,3633,302,151,3784,151,47,0
llava-v1.5-7b,llava-v1.5-7b,repope,Sphere-Traj-LSTM,proxy_anchor,mixture_vmf,StageC-mixture_vmf,mixture_vmf,support_estimator,test,test,pooled,0.5,20260508,,2,,,passed,,0.425192303078308,0.33486280577637284,0.5161610114903239,0.8963798059647862,0.8675093098105071,0.9196553257502782,0.4302568498641972,0.12396694214876033,0.3892663043478261,1593,1472,121,1461,repope,3633,302,151,3784,151,47,0
llava-v1.5-7b,llava-v1.5-7b,repope,Sphere-Traj-LSTM,proxy_anchor,knn,StageC-knn,knn,support_estimator,test,test,pooled,0.5,20260508,32,,,,passed,,0.3527047062514731,0.2649035754678342,0.43826502114989435,0.8306458857348186,0.7932433392113728,0.8619344284103746,0.3574614605896214,0.12396694214876033,0.5801630434782609,1593,1472,121,1461,repope,3633,302,151,3784,151,47,0
llava-v1.5-7b,llava-v1.5-7b,repope,Sphere-Traj-LSTM,proxy_anchor,radius_ball,StageC-radius_ball,radius_ball,support_estimator,test,test,pooled,0.5,20260508,,,0.004177570018503184,,passed,,0.42534817105281875,0.375129980398387,0.4754287410048696,0.76012284405318,0.7272156662028754,0.7889869487887609,0.15443729100448417,0.0,0.65625,1593,1472,121,1461,repope,3633,302,151,3784,151,47,0
llava-v1.5-7b,llava-v1.5-7b,repope,Sphere-Traj-LSTM,proxy_anchor,logistic,StageC-logistic,supervised_comparator,supervised_comparator,test,test,pooled,0.5,20260508,,,,0.1,passed,,0.4455588647553589,0.360117324478834,0.5324329247023285,0.9281912504491556,0.9118193004047215,0.942107785940847,0.45045511989430476,0.08264462809917356,0.19769021739130435,1593,1472,121,1461,repope,3633,302,151,3784,151,47,0
llava-v1.5-7b,llava-v1.5-7b,pope,Sphere-Traj-LSTM,proxy_anchor,single_vmf,StageC-single_vmf,single_vmf,support_estimator,test,test,pooled,0.5,20260508,,,,,passed,,0.23299487495733692,0.18142597761867937,0.30285280266364517,0.847095206006931,0.8107342729462074,0.8776024445188179,0.2393597574862013,0.05660377358490566,0.4604591836734694,1674,1568,106,1562,repope,3633,302,151,3784,151,126,0
llava-v1.5-7b,llava-v1.5-7b,pope,Sphere-Traj-LSTM,proxy_anchor,mixture_vmf,StageC-mixture_vmf,mixture_vmf,support_estimator,test,test,pooled,0.5,20260508,,2,,,passed,,0.23299487495733692,0.1814259776186794,0.30285280266364517,0.847095206006931,0.8107342729462074,0.8776024445188179,0.2393597574862013,0.05660377358490566,0.4604591836734694,1674,1568,106,1562,repope,3633,302,151,3784,151,126,0
llava-v1.5-7b,llava-v1.5-7b,pope,Sphere-Traj-LSTM,proxy_anchor,knn,StageC-knn,knn,support_estimator,test,test,pooled,0.5,20260508,32,,,,passed,,0.1751125623343413,0.12888713059076393,0.23658341524460832,0.7429726607624183,0.6951481098305755,0.7879210355937434,0.18097503444349672,0.05660377358490566,0.7608418367346939,1674,1568,106,1562,repope,3633,302,151,3784,151,126,0
llava-v1.5-7b,llava-v1.5-7b,pope,Sphere-Traj-LSTM,proxy_anchor,radius_ball,StageC-radius_ball,radius_ball,support_estimator,test,test,pooled,0.5,20260508,,,0.004177570018503184,,passed,,0.37542514812697186,0.32087133003664076,0.4265812731972026,0.7176670196380439,0.6790505883973843,0.7541181171942803,0.11338281633886907,0.0,0.6766581632653061,1674,1568,106,1562,repope,3633,302,151,3784,151,126,0
llava-v1.5-7b,llava-v1.5-7b,pope,Sphere-Traj-LSTM,proxy_anchor,logistic,StageC-logistic,supervised_comparator,supervised_comparator,test,test,pooled,0.5,20260508,,,,0.1,passed,,0.2802066212944335,0.22355470134095645,0.35172145785875475,0.9029108105506354,0.8832746915281254,0.9208183985430651,0.29161727836847495,0.05660377358490566,0.22959183673469388,1674,1568,106,1562,repope,3633,302,151,3784,151,126,0
llava-v1.5-7b,llava-v1.5-7b,dash-b,Sphere-Traj-LSTM,proxy_anchor,single_vmf,StageC-single_vmf,single_vmf,support_estimator,test,test,pooled,0.5,20260508,,,,,passed,,0.7481533882010154,0.6882432896381769,0.8066229400170221,0.7023595342969993,0.6552136917977326,0.7506235744702845,0.7490970673429173,0.06995884773662552,0.8492462311557789,442,199,243,281,repope,3633,302,151,3784,151,1,0
llava-v1.5-7b,llava-v1.5-7b,dash-b,Sphere-Traj-LSTM,proxy_anchor,mixture_vmf,StageC-mixture_vmf,mixture_vmf,support_estimator,test,test,pooled,0.5,20260508,,2,,,passed,,0.7481533882010154,0.6882432896381769,0.8066229400170221,0.7023595342969993,0.6552136917977326,0.7506235744702845,0.7490970673429173,0.06995884773662552,0.8492462311557789,442,199,243,281,repope,3633,302,151,3784,151,1,0
llava-v1.5-7b,llava-v1.5-7b,dash-b,Sphere-Traj-LSTM,proxy_anchor,knn,StageC-knn,knn,support_estimator,test,test,pooled,0.5,20260508,32,,,,passed,,0.734834519815398,0.6751180939865529,0.7951301795875538,0.6704303410054389,0.6190490583606169,0.7201466327729271,0.7357919977336849,0.06995884773662552,0.8944723618090452,442,199,243,281,repope,3633,302,151,3784,151,1,0
llava-v1.5-7b,llava-v1.5-7b,dash-b,Sphere-Traj-LSTM,proxy_anchor,radius_ball,StageC-radius_ball,radius_ball,support_estimator,test,test,pooled,0.5,20260508,,,0.004177570018503184,,passed,,0.6879056553667019,0.6264958749206978,0.7414334349064895,0.6232499948301177,0.570455655553708,0.6758177460654826,0.644858328172025,0.0,0.9597989949748744,442,199,243,281,repope,3633,302,151,3784,151,1,0
llava-v1.5-7b,llava-v1.5-7b,dash-b,Sphere-Traj-LSTM,proxy_anchor,logistic,StageC-logistic,supervised_comparator,supervised_comparator,test,test,pooled,0.5,20260508,,,,0.1,passed,,0.7771491931736151,0.7201873280121739,0.831348251656143,0.7374733751059825,0.6915297224953302,0.7840408205504266,0.7778915724467317,0.07818930041152264,0.8391959798994975,442,199,243,281,repope,3633,302,151,3784,151,1,0
qwen2.5-vl-7b,qwen2.5-vl-7b,repope,Sphere-Traj-LSTM,proxy_anchor,single_vmf,StageC-single_vmf,single_vmf,support_estimator,test,test,pooled,0.5,20260506,,,,,passed,,0.21956642839802942,0.07207289925803893,0.39485815093466575,0.8656088082901554,0.7582541624858986,0.9556446367848006,0.23240925838303703,0.22727272727272727,0.6955958549222798,1566,1544,22,1531,repope,3794,101,50,3844,50,74,0
qwen2.5-vl-7b,qwen2.5-vl-7b,repope,Sphere-Traj-LSTM,proxy_anchor,mixture_vmf,StageC-mixture_vmf,mixture_vmf,support_estimator,test,test,pooled,0.5,20260506,,2,,,passed,,0.21956642839802942,0.07207289925803893,0.39485815093466575,0.8656088082901554,0.7582541624858986,0.9556446367848006,0.23240925838303703,0.22727272727272727,0.6955958549222798,1566,1544,22,1531,repope,3794,101,50,3844,50,74,0
qwen2.5-vl-7b,qwen2.5-vl-7b,repope,Sphere-Traj-LSTM,proxy_anchor,knn,StageC-knn,knn,support_estimator,test,test,pooled,0.5,20260506,32,,,,passed,,0.19940499013074534,0.06168474402983401,0.3615501705002307,0.9021137541215262,0.8507759180205554,0.9495724924704051,0.21015504373236626,0.13636363636363635,0.36075129533678757,1566,1544,22,1531,repope,3794,101,50,3844,50,74,0
qwen2.5-vl-7b,qwen2.5-vl-7b,repope,Sphere-Traj-LSTM,proxy_anchor,radius_ball,StageC-radius_ball,radius_ball,support_estimator,test,test,pooled,0.5,20260506,,,0.009782693911408609,,passed,,0.4134461929218566,0.2982825836396479,0.5142633587828607,0.9054698539802167,0.8709014118298098,0.9376806135727149,0.08255653858737327,0.0,0.2862694300518135,1566,1544,22,1531,repope,3794,101,50,3844,50,74,0
qwen2.5-vl-7b,qwen2.5-vl-7b,repope,Sphere-Traj-LSTM,proxy_anchor,logistic,StageC-logistic,supervised_comparator,supervised_comparator,test,test,pooled,0.5,20260506,,,,0.1,passed,,0.20075285478045876,0.07313250985709777,0.36807834659135646,0.8851566179934056,0.8020128295055526,0.9530941616306378,0.1659558031586758,0.22727272727272727,0.5395077720207254,1566,1544,22,1531,repope,3794,101,50,3844,50,74,0
qwen2.5-vl-7b,qwen2.5-vl-7b,pope,Sphere-Traj-LSTM,proxy_anchor,single_vmf,StageC-single_vmf,single_vmf,support_estimator,test,test,pooled,0.5,20260506,,,,,passed,,0.1317818113968589,0.05979641104408013,0.25635968523088976,0.806427656850192,0.6733242118065096,0.916114390555201,0.15674355784629487,0.24,0.8425096030729834,1587,1562,25,1588,repope,3794,101,50,3844,50,213,0
qwen2.5-vl-7b,qwen2.5-vl-7b,pope,Sphere-Traj-LSTM,proxy_anchor,mixture_vmf,StageC-mixture_vmf,mixture_vmf,support_estimator,test,test,pooled,0.5,20260506,,2,,,passed,,0.13178181139685888,0.059796411044080115,0.25635968523088976,0.806427656850192,0.6733242118065096,0.9161143905552012,0.1567435578462949,0.24,0.8425096030729834,1587,1562,25,1588,repope,3794,101,50,3844,50,213,0
qwen2.5-vl-7b,qwen2.5-vl-7b,pope,Sphere-Traj-LSTM,proxy_anchor,knn,StageC-knn,knn,support_estimator,test,test,pooled,0.5,20260506,32,,,,passed,,0.12431999350980148,0.05686248846320449,0.24344065424275926,0.8863764404609475,0.8348869665519301,0.9306905111235084,0.14915725946077144,0.24,0.37772087067861715,1587,1562,25,1588,repope,3794,101,50,3844,50,213,0
qwen2.5-vl-7b,qwen2.5-vl-7b,pope,Sphere-Traj-LSTM,proxy_anchor,radius_ball,StageC-radius_ball,radius_ball,support_estimator,test,test,pooled,0.5,20260506,,,0.009782693911408609,,passed,,0.3068925316129031,0.1957095248297289,0.40989150686048187,0.8661203585147247,0.8131392944262439,0.9078395061728395,0.06457389269673132,0.0,0.42829705505761845,1587,1562,25,1588,repope,3794,101,50,3844,50,213,0
qwen2.5-vl-7b,qwen2.5-vl-7b,pope,Sphere-Traj-LSTM,proxy_anchor,logistic,StageC-logistic,supervised_comparator,supervised_comparator,test,test,pooled,0.5,20260506,,,,0.1,passed,,0.18017097801416462,0.07451039746886934,0.3297889561068755,0.8394238156209988,0.7350709994315612,0.9235333742898747,0.14310286793871557,0.24,0.6952624839948783,1587,1562,25,1588,repope,3794,101,50,3844,50,213,0
qwen2.5-vl-7b,qwen2.5-vl-7b,dash-b,Sphere-Traj-LSTM,proxy_anchor,single_vmf,StageC-single_vmf,single_vmf,support_estimator,test,test,pooled,0.5,20260506,,,,,passed,,0.38703401126515175,0.3014040066168751,0.4982427618234747,0.6370733750112172,0.5734138948461764,0.7014641386295525,0.39464015808448816,0.0891089108910891,0.945619335347432,432,331,101,384,repope,3794,101,50,3844,50,11,0
qwen2.5-vl-7b,qwen2.5-vl-7b,dash-b,Sphere-Traj-LSTM,proxy_anchor,mixture_vmf,StageC-mixture_vmf,mixture_vmf,support_estimator,test,test,pooled,0.5,20260506,,2,,,passed,,0.38703401126515175,0.3014040066168751,0.4982427618234747,0.6370733750112172,0.5734138948461764,0.7014641386295525,0.39464015808448816,0.0891089108910891,0.945619335347432,432,331,101,384,repope,3794,101,50,3844,50,11,0
qwen2.5-vl-7b,qwen2.5-vl-7b,dash-b,Sphere-Traj-LSTM,proxy_anchor,knn,StageC-knn,knn,support_estimator,test,test,pooled,0.5,20260506,32,,,,passed,,0.3634702827083044,0.2795182283141267,0.4672883162148025,0.640453471329006,0.5767632192851877,0.7023826857160191,0.3711739377021315,0.07920792079207921,0.8549848942598187,432,331,101,384,repope,3794,101,50,3844,50,11,0
qwen2.5-vl-7b,qwen2.5-vl-7b,dash-b,Sphere-Traj-LSTM,proxy_anchor,radius_ball,StageC-radius_ball,radius_ball,support_estimator,test,test,pooled,0.5,20260506,,,0.009782693911408609,,passed,,0.41150010706966167,0.3335637588482705,0.4914346191958205,0.6184080643713917,0.5577329768323745,0.6781554281554282,0.315892467388702,0.0,0.8036253776435045,432,331,101,384,repope,3794,101,50,3844,50,11,0
qwen2.5-vl-7b,qwen2.5-vl-7b,dash-b,Sphere-Traj-LSTM,proxy_anchor,logistic,StageC-logistic,supervised_comparator,supervised_comparator,test,test,pooled,0.5,20260506,,,,0.1,passed,,0.4886880943121823,0.39697296742342725,0.6049362636143079,0.7685381831234482,0.7148358715408067,0.8186006744065767,0.4964874602697569,0.0891089108910891,0.6948640483383686,432,331,101,384,repope,3794,101,50,3844,50,11,0
qwen2.5-vl-7b,qwen2.5-vl-7b,repope,Sphere-Traj-LSTM,proxy_anchor,single_vmf,StageC-single_vmf,single_vmf,support_estimator,test,test,pooled,0.5,20260507,,,,,passed,,0.10634503772023211,0.05054532192332752,0.19114805177888114,0.8402614225153084,0.7417162260525452,0.9249545592412064,0.12507199320596013,0.18181818181818182,0.6224093264248705,1566,1544,22,1531,repope,3794,101,50,3844,50,74,0
qwen2.5-vl-7b,qwen2.5-vl-7b,repope,Sphere-Traj-LSTM,proxy_anchor,mixture_vmf,StageC-mixture_vmf,mixture_vmf,support_estimator,test,test,pooled,0.5,20260507,,2,,,passed,,0.10634503772023211,0.05054532192332752,0.19114805177888114,0.8402614225153087,0.7417162260525452,0.9249545592412065,0.12507199320596013,0.18181818181818182,0.6224093264248705,1566,1544,22,1531,repope,3794,101,50,3844,50,74,0
qwen2.5-vl-7b,qwen2.5-vl-7b,repope,Sphere-Traj-LSTM,proxy_anchor,knn,StageC-knn,knn,support_estimator,test,test,pooled,0.5,20260507,32,,,,passed,,0.06940528921042766,0.02733706288313602,0.15014960281055584,0.735501059821008,0.627053020837864,0.8461873735029003,0.08198391282916297,0.18181818181818182,1.0,1566,1544,22,1531,repope,3794,101,50,3844,50,74,0
qwen2.5-vl-7b,qwen2.5-vl-7b,repope,Sphere-Traj-LSTM,proxy_anchor,radius_ball,StageC-radius_ball,radius_ball,support_estimator,test,test,pooled,0.5,20260507,,,0.0016092239929056198,,passed,,0.4284246956318808,0.33589381371561783,0.5111977379915934,0.7555640602920396,0.6593490137848411,0.8435650883626096,0.035427249049540074,0.0,0.7610103626943006,1566,1544,22,1531,repope,3794,101,50,3844,50,74,0
qwen2.5-vl-7b,qwen2.5-vl-7b,repope,Sphere-Traj-LSTM,proxy_anchor,logistic,StageC-logistic,supervised_comparator,supervised_comparator,test,test,pooled,0.5,20260507,,,,1.0,passed,,0.15255911162348404,0.07631856594396025,0.27409499160118855,0.9269312293923693,0.8863454358704556,0.9612668818662068,0.1834725241799143,0.18181818181818182,0.26360103626943004,1566,1544,22,1531,repope,3794,101,50,3844,50,74,0
qwen2.5-vl-7b,qwen2.5-vl-7b,pope,Sphere-Traj-LSTM,proxy_anchor,single_vmf,StageC-single_vmf,single_vmf,support_estimator,test,test,pooled,0.5,20260507,,,,,passed,,0.07587257573793656,0.03173989179943109,0.14565250824136167,0.7701664532650447,0.6608374394953586,0.8728767327075446,0.0866690102506242,0.08,0.8169014084507042,1587,1562,25,1588,repope,3794,101,50,3844,50,213,0
qwen2.5-vl-7b,qwen2.5-vl-7b,pope,Sphere-Traj-LSTM,proxy_anchor,mixture_vmf,StageC-mixture_vmf,mixture_vmf,support_estimator,test,test,pooled,0.5,20260507,,2,,,passed,,0.07587257573793654,0.03173989179943109,0.1456525082413617,0.7701664532650447,0.6608374394953586,0.8728767327075447,0.08666901025062423,0.08,0.8169014084507042,1587,1562,25,1588,repope,3794,101,50,3844,50,213,0
qwen2.5-vl-7b,qwen2.5-vl-7b,pope,Sphere-Traj-LSTM,proxy_anchor,knn,StageC-knn,knn,support_estimator,test,test,pooled,0.5,20260507,32,,,,passed,,0.053069887963039776,0.018178908215034463,0.11524915153039554,0.626145966709347,0.5118189212187771,0.744077870441918,0.06012180394556962,0.08,1.0,1587,1562,25,1588,repope,3794,101,50,3844,50,213,0
qwen2.5-vl-7b,qwen2.5-vl-7b,pope,Sphere-Traj-LSTM,proxy_anchor,radius_ball,StageC-radius_ball,radius_ball,support_estimator,test,test,pooled,0.5,20260507,,,0.0016092239929056198,,passed,,0.42263908470901035,0.3348801038464684,0.4979081817234775,0.7805121638924456,0.7115078459742639,0.8384399426855171,0.03957440648661711,0.0,0.5499359795134443,1587,1562,25,1588,repope,3794,101,50,3844,50,213,0
qwen2.5-vl-7b,qwen2.5-vl-7b,pope,Sphere-Traj-LSTM,proxy_anchor,logistic,StageC-logistic,supervised_comparator,supervised_comparator,test,test,pooled,0.5,20260507,,,,1.0,passed,,0.11969359219785228,0.05713487928735979,0.2114844144106633,0.893495518565941,0.836940679424705,0.9428217487311318,0.13769945660178448,0.12,0.4142125480153649,1587,1562,25,1588,repope,3794,101,50,3844,50,213,0
qwen2.5-vl-7b,qwen2.5-vl-7b,dash-b,Sphere-Traj-LSTM,proxy_anchor,single_vmf,StageC-single_vmf,single_vmf,support_estimator,test,test,pooled,0.5,20260507,,,,,passed,,0.3118254485019603,0.23895976683432626,0.3947183867295815,0.5873141694834135,0.5189892288921266,0.6527441502258916,0.31683948428447667,0.019801980198019802,0.9214501510574018,432,331,101,384,repope,3794,101,50,3844,50,11,0
qwen2.5-vl-7b,qwen2.5-vl-7b,dash-b,Sphere-Traj-LSTM,proxy_anchor,mixture_vmf,StageC-mixture_vmf,mixture_vmf,support_estimator,test,test,pooled,0.5,20260507,,2,,,passed,,0.31183290352710624,0.23896020451149336,0.3947338506787888,0.5873440818402081,0.5190164903999474,0.6527743106668752,0.3168471865379506,0.019801980198019802,0.9214501510574018,432,331,101,384,repope,3794,101,50,3844,50,11,0
qwen2.5-vl-7b,qwen2.5-vl-7b,dash-b,Sphere-Traj-LSTM,proxy_anchor,knn,StageC-knn,knn,support_estimator,test,test,pooled,0.5,20260507,32,,,,passed,,0.2836640046474968,0.2179802680635024,0.36093926077723515,0.5550985612156383,0.4888066500742557,0.6168483469760025,0.28478717668594733,0.019801980198019802,1.0,432,331,101,384,repope,3794,101,50,3844,50,11,0
qwen2.5-vl-7b,qwen2.5-vl-7b,dash-b,Sphere-Traj-LSTM,proxy_anchor,radius_ball,StageC-radius_ball,radius_ball,support_estimator,test,test,pooled,0.5,20260507,,,0.0016092239929056198,,passed,,0.42824565630311817,0.36401795290022865,0.4943135579305293,0.6024348658430798,0.5465222503521181,0.6611509378421364,0.2785224987496725,0.0,0.797583081570997,432,331,101,384,repope,3794,101,50,3844,50,11,0
qwen2.5-vl-7b,qwen2.5-vl-7b,dash-b,Sphere-Traj-LSTM,proxy_anchor,logistic,StageC-logistic,supervised_comparator,supervised_comparator,test,test,pooled,0.5,20260507,,,,1.0,passed,,0.4657101680958701,0.3686340687416201,0.5705564071433559,0.7276779037420358,0.6708997392521975,0.7810385591224834,0.4710200705717418,0.04950495049504951,0.7250755287009063,432,331,101,384,repope,3794,101,50,3844,50,11,0
qwen2.5-vl-7b,qwen2.5-vl-7b,repope,Sphere-Traj-LSTM,proxy_anchor,single_vmf,StageC-single_vmf,single_vmf,support_estimator,test,test,pooled,0.5,20260508,,,,,passed,,0.13623052570036434,0.06555923921773349,0.2638646206880702,0.8691709844559585,0.7668003413254246,0.9607327000175856,0.16552315495688227,0.13636363636363635,0.689119170984456,1566,1544,22,1531,repope,3794,101,50,3844,50,74,0
qwen2.5-vl-7b,qwen2.5-vl-7b,repope,Sphere-Traj-LSTM,proxy_anchor,mixture_vmf,StageC-mixture_vmf,mixture_vmf,support_estimator,test,test,pooled,0.5,20260508,,2,,,passed,,0.1362305257003643,0.06555923921773349,0.2638646206880702,0.8691709844559585,0.7668003413254247,0.9607327000175856,0.16552315495688227,0.13636363636363635,0.689119170984456,1566,1544,22,1531,repope,3794,101,50,3844,50,74,0
qwen2.5-vl-7b,qwen2.5-vl-7b,repope,Sphere-Traj-LSTM,proxy_anchor,knn,StageC-knn,knn,support_estimator,test,test,pooled,0.5,20260508,32,,,,passed,,0.11089550583766072,0.04474890667495016,0.23633027814716065,0.8399081488459726,0.7597681826348096,0.9079735974527318,0.13948183252788407,0.13636363636363635,0.5349740932642487,1566,1544,22,1531,repope,3794,101,50,3844,50,74,0
qwen2.5-vl-7b,qwen2.5-vl-7b,repope,Sphere-Traj-LSTM,proxy_anchor,radius_ball,StageC-radius_ball,radius_ball,support_estimator,test,test,pooled,0.5,20260508,,,0.008223312693649879,,passed,,0.35411508517006474,0.24114981766205607,0.45262933027015534,0.849873410268488,0.7893404441142143,0.9019850391567805,0.05535066340299709,0.0,0.4721502590673575,1566,1544,22,1531,repope,3794,101,50,3844,50,74,0
qwen2.5-vl-7b,qwen2.5-vl-7b,repope,Sphere-Traj-LSTM,proxy_anchor,logistic,StageC-logistic,supervised_comparator,supervised_comparator,test,test,pooled,0.5,20260508,,,,0.1,passed,,0.21768881041860935,0.07336770243218987,0.3893871153768255,0.8533325482807348,0.7509486336904038,0.939567941308068,0.23001757983765092,0.13636363636363635,0.6398963730569949,1566,1544,22,1531,repope,3794,101,50,3844,50,74,0
qwen2.5-vl-7b,qwen2.5-vl-7b,pope,Sphere-Traj-LSTM,proxy_anchor,single_vmf,StageC-single_vmf,single_vmf,support_estimator,test,test,pooled,0.5,20260508,,,,,passed,,0.12144088692843837,0.05728657218818698,0.23985869206982047,0.8715749039692702,0.8014586927680335,0.9358777972722048,0.14493325476496755,0.16,0.5313700384122919,1587,1562,25,1588,repope,3794,101,50,3844,50,213,0
qwen2.5-vl-7b,qwen2.5-vl-7b,pope,Sphere-Traj-LSTM,proxy_anchor,mixture_vmf,StageC-mixture_vmf,mixture_vmf,support_estimator,test,test,pooled,0.5,20260508,,2,,,passed,,0.12144088692843837,0.05728657218818698,0.23985869206982047,0.8715749039692702,0.8014586927680335,0.9358777972722048,0.14493325476496757,0.16,0.5313700384122919,1587,1562,25,1588,repope,3794,101,50,3844,50,213,0
qwen2.5-vl-7b,qwen2.5-vl-7b,pope,Sphere-Traj-LSTM,proxy_anchor,knn,StageC-knn,knn,support_estimator,test,test,pooled,0.5,20260508,32,,,,passed,,0.10545087370759504,0.045106545836104496,0.22683053262014202,0.86,0.812092652365074,0.9090957778385939,0.12876932331661234,0.16,0.32842509603072984,1587,1562,25,1588,repope,3794,101,50,3844,50,213,0
qwen2.5-vl-7b,qwen2.5-vl-7b,pope,Sphere-Traj-LSTM,proxy_anchor,radius_ball,StageC-radius_ball,radius_ball,support_estimator,test,test,pooled,0.5,20260508,,,0.008223312693649879,,passed,,0.296328627413338,0.19500787437445782,0.4051992309812136,0.8368117797695263,0.7901587796421985,0.8854490077642233,0.04972643168834581,0.0,0.4142125480153649,1587,1562,25,1588,repope,3794,101,50,3844,50,213,0
qwen2.5-vl-7b,qwen2.5-vl-7b,pope,Sphere-Traj-LSTM,proxy_anchor,logistic,StageC-logistic,supervised_comparator,supervised_comparator,test,test,pooled,0.5,20260508,,,,0.1,passed,,0.19326781787308708,0.06481043487056098,0.35703995583399784,0.8522407170294495,0.7766029181015399,0.9188684900711878,0.20196865065312436,0.16,0.47183098591549294,1587,1562,25,1588,repope,3794,101,50,3844,50,213,0
qwen2.5-vl-7b,qwen2.5-vl-7b,dash-b,Sphere-Traj-LSTM,proxy_anchor,single_vmf,StageC-single_vmf,single_vmf,support_estimator,test,test,pooled,0.5,20260508,,,,,passed,,0.37485381194817513,0.28767419034945213,0.46374755511354254,0.6324369597080552,0.5683848069889259,0.693872031671191,0.3786127550756986,0.04950495049504951,0.918429003021148,432,331,101,384,repope,3794,101,50,3844,50,11,0
qwen2.5-vl-7b,qwen2.5-vl-7b,dash-b,Sphere-Traj-LSTM,proxy_anchor,mixture_vmf,StageC-mixture_vmf,mixture_vmf,support_estimator,test,test,pooled,0.5,20260508,,2,,,passed,,0.37485381194817513,0.28767419034945213,0.46374755511354254,0.6324369597080552,0.5683848069889259,0.693872031671191,0.3786127550756986,0.04950495049504951,0.918429003021148,432,331,101,384,repope,3794,101,50,3844,50,11,0
qwen2.5-vl-7b,qwen2.5-vl-7b,dash-b,Sphere-Traj-LSTM,proxy_anchor,knn,StageC-knn,knn,support_estimator,test,test,pooled,0.5,20260508,32,,,,passed,,0.3357848503169956,0.25575876611458587,0.4174662523463892,0.6080583889204629,0.5402413122661258,0.6654213660434257,0.33961562034028836,0.039603960396039604,0.9033232628398792,432,331,101,384,repope,3794,101,50,3844,50,11,0
qwen2.5-vl-7b,qwen2.5-vl-7b,dash-b,Sphere-Traj-LSTM,proxy_anchor,radius_ball,StageC-radius_ball,radius_ball,support_estimator,test,test,pooled,0.5,20260508,,,0.008223312693649879,,passed,,0.3895498299676491,0.31747880330421324,0.4630969612644659,0.6190960485776675,0.5618200952445601,0.6735901953715224,0.29857745282282644,0.0,0.8489425981873112,432,331,101,384,repope,3794,101,50,3844,50,11,0
qwen2.5-vl-7b,qwen2.5-vl-7b,dash-b,Sphere-Traj-LSTM,proxy_anchor,logistic,StageC-logistic,supervised_comparator,supervised_comparator,test,test,pooled,0.5,20260508,,,,0.1,passed,,0.5278139739543036,0.42145174580353184,0.6328405848538928,0.779635667494242,0.725329997866466,0.8258667710233236,0.5317072734717404,0.06930693069306931,0.649546827794562,432,331,101,384,repope,3794,101,50,3844,50,11,0
