sample_id,image_id,subset,object_name,label,score,prediction,selected_probe
1,310196,adversarial,snowboard,0,6.29697969998233e-05,0,query_token_layer_35
2,310196,adversarial,backpack,0,8.023079863050953e-05,0,query_token_layer_35
3,310196,adversarial,person,0,8.887262811185792e-05,0,query_token_layer_35
4,310196,adversarial,car,0,0.00021843629656359553,0,query_token_layer_35
5,310196,adversarial,skis,0,5.376607532525668e-06,0,query_token_layer_35
6,310196,adversarial,dog,0,0.0003159301704727113,0,query_token_layer_35
13,429109,adversarial,person,0,0.03279656916856766,0,query_token_layer_35
14,429109,adversarial,dining table,0,0.00015156045265030116,0,query_token_layer_35
15,429109,adversarial,bicycle,0,0.0050679645501077175,0,query_token_layer_35
16,429109,adversarial,motorcycle,0,2.2374215404852293e-06,0,query_token_layer_35
17,429109,adversarial,car,0,0.009112698026001453,0,query_token_layer_35
25,458338,adversarial,traffic light,0,0.0008271654369309545,0,query_token_layer_35
26,458338,adversarial,bus,0,0.00013283378211781383,0,query_token_layer_35
27,458338,adversarial,person,0,0.013749663718044758,0,query_token_layer_35
28,458338,adversarial,dining table,0,0.00031013114494271576,0,query_token_layer_35
29,458338,adversarial,car,0,0.000534486782271415,0,query_token_layer_35
55,17708,adversarial,bird,0,6.7528075305745e-05,0,query_token_layer_35
56,17708,adversarial,handbag,0,8.227287253248505e-06,0,query_token_layer_35
57,17708,adversarial,person,0,0.003734485013410449,0,query_token_layer_35
58,17708,adversarial,car,0,0.00037644224357791245,0,query_token_layer_35
59,17708,adversarial,boat,0,2.143355959560722e-05,0,query_token_layer_35
60,17708,adversarial,chair,0,2.694934664759785e-06,0,query_token_layer_35
79,569839,adversarial,person,0,0.00019311887444928288,0,query_token_layer_35
80,569839,adversarial,car,0,8.596834231866524e-05,0,query_token_layer_35
82,569839,adversarial,bowl,0,0.0005703866481781006,0,query_token_layer_35
84,569839,adversarial,handbag,1,0.9602308869361877,0,query_token_layer_35
103,131115,adversarial,baseball glove,0,0.002952172188088298,0,query_token_layer_35
105,131115,adversarial,person,0,3.66409367416054e-05,0,query_token_layer_35
106,131115,adversarial,car,0,0.0003542328195180744,0,query_token_layer_35
107,131115,adversarial,baseball bat,0,6.365389708662406e-05,0,query_token_layer_35
127,75591,adversarial,bed,0,0.21231383085250854,0,query_token_layer_35
128,75591,adversarial,person,0,0.00033944929600693285,0,query_token_layer_35
129,75591,adversarial,cat,0,0.0003183310618624091,0,query_token_layer_35
130,75591,adversarial,couch,0,9.363261779071763e-05,0,query_token_layer_35
131,75591,adversarial,book,0,0.011013549752533436,0,query_token_layer_35
132,75591,adversarial,tv,0,6.3404372667719144e-06,0,query_token_layer_35
163,140583,adversarial,truck,0,0.010609389282763004,0,query_token_layer_35
165,140583,adversarial,person,0,0.01996036246418953,0,query_token_layer_35
166,140583,adversarial,dining table,0,1.729132782202214e-05,0,query_token_layer_35
167,140583,adversarial,cow,0,5.755737220169976e-06,0,query_token_layer_35
168,140583,adversarial,bicycle,0,0.00038205363671295345,0,query_token_layer_35
217,498759,adversarial,person,0,0.0010096239857375622,0,query_token_layer_35
218,498759,adversarial,dining table,0,3.221545921405777e-05,0,query_token_layer_35
219,498759,adversarial,skateboard,0,0.0001200745246023871,0,query_token_layer_35
220,498759,adversarial,bicycle,0,0.0002429139567539096,0,query_token_layer_35
221,498759,adversarial,car,0,0.0002567465999163687,0,query_token_layer_35
222,498759,adversarial,truck,0,3.991748144471785e-06,0,query_token_layer_35
223,360600,adversarial,person,0,0.00036198340239934623,0,query_token_layer_35
224,360600,adversarial,car,0,9.939109440892935e-05,0,query_token_layer_35
225,360600,adversarial,fork,0,0.9065322279930115,0,query_token_layer_35
226,360600,adversarial,dining table,0,1.9652225091704167e-05,0,query_token_layer_35
227,360600,adversarial,knife,0,0.0007285039755515754,0,query_token_layer_35
228,360600,adversarial,spoon,1,0.8538890480995178,0,query_token_layer_35
229,31773,adversarial,tv,1,0.9919593930244446,1,query_token_layer_35
230,31773,adversarial,chair,1,0.01484616193920374,0,query_token_layer_35
231,31773,adversarial,person,0,0.00025984752574004233,0,query_token_layer_35
232,31773,adversarial,car,0,2.990948451042641e-05,0,query_token_layer_35
234,31773,adversarial,cell phone,0,2.142190396625665e-06,0,query_token_layer_35
236,500257,adversarial,dining table,0,4.114701005164534e-05,0,query_token_layer_35
239,500257,adversarial,person,0,0.0008966650348156691,0,query_token_layer_35
240,500257,adversarial,car,0,7.860072400944773e-06,0,query_token_layer_35
253,565941,adversarial,person,0,6.30780341452919e-05,0,query_token_layer_35
254,565941,adversarial,car,0,9.248989226762205e-05,0,query_token_layer_35
255,565941,adversarial,bottle,0,0.009146378375589848,0,query_token_layer_35
257,565941,adversarial,dining table,0,0.8470128774642944,0,query_token_layer_35
258,565941,adversarial,laptop,0,3.090289965257398e-06,0,query_token_layer_35
307,437347,adversarial,baseball glove,0,0.002861988265067339,0,query_token_layer_35
308,437347,adversarial,baseball bat,0,1.57623908307869e-05,0,query_token_layer_35
309,437347,adversarial,person,0,0.0004889157717116177,0,query_token_layer_35
310,437347,adversarial,car,0,5.3658699471270666e-05,0,query_token_layer_35
311,437347,adversarial,sports ball,0,0.9775087833404541,1,query_token_layer_35
312,437347,adversarial,tennis racket,0,0.00019583298126235604,0,query_token_layer_35
313,354229,adversarial,person,0,0.12912830710411072,0,query_token_layer_35
314,354229,adversarial,dining table,0,5.891740875085816e-05,0,query_token_layer_35
315,354229,adversarial,car,0,0.003635425353422761,0,query_token_layer_35
317,354229,adversarial,bus,0,0.0002072155912173912,0,query_token_layer_35
318,354229,adversarial,traffic light,0,0.00010853965068235993,0,query_token_layer_35
319,538236,adversarial,person,0,0.14087466895580292,0,query_token_layer_35
320,538236,adversarial,car,0,0.00015067352796904743,0,query_token_layer_35
321,538236,adversarial,dining table,0,0.16528360545635223,0,query_token_layer_35
322,538236,adversarial,cup,0,2.301805216120556e-05,0,query_token_layer_35
323,538236,adversarial,handbag,0,0.9002159237861633,0,query_token_layer_35
324,538236,adversarial,backpack,0,1.0515102076169569e-05,0,query_token_layer_35
325,236865,adversarial,person,0,7.2419538810208905e-06,0,query_token_layer_35
326,236865,adversarial,dining table,0,0.00010445499356137589,0,query_token_layer_35
327,236865,adversarial,orange,0,0.00010779804870253429,0,query_token_layer_35
328,236865,adversarial,bowl,0,4.249997073202394e-05,0,query_token_layer_35
329,236865,adversarial,car,0,0.0002761587093118578,0,query_token_layer_35
330,236865,adversarial,truck,0,7.920630196167622e-06,0,query_token_layer_35
337,60213,adversarial,backpack,0,0.06227667257189751,0,query_token_layer_35
338,60213,adversarial,person,0,0.00016629720630589873,0,query_token_layer_35
339,60213,adversarial,bed,0,0.00010789625957841054,0,query_token_layer_35
340,60213,adversarial,dining table,0,0.00019812886603176594,0,query_token_layer_35
341,60213,adversarial,book,0,4.675577201851411e-06,0,query_token_layer_35
349,84447,adversarial,person,0,0.00019239491666667163,0,query_token_layer_35
350,84447,adversarial,car,0,0.00012742994294967502,0,query_token_layer_35
351,84447,adversarial,motorcycle,0,0.00011155177344335243,0,query_token_layer_35
352,84447,adversarial,truck,0,0.00014684894995298237,0,query_token_layer_35
354,84447,adversarial,bus,0,5.238682933850214e-05,0,query_token_layer_35
361,575755,adversarial,sandwich,0,8.101845742203295e-05,0,query_token_layer_35
362,575755,adversarial,cup,0,3.2940490200417116e-05,0,query_token_layer_35
363,575755,adversarial,carrot,0,0.14928172528743744,0,query_token_layer_35
364,575755,adversarial,bowl,0,3.898554132319987e-05,0,query_token_layer_35
365,575755,adversarial,broccoli,0,4.353059011918958e-06,0,query_token_layer_35
366,575755,adversarial,knife,0,0.00012304526171647012,0,query_token_layer_35
391,170365,adversarial,sink,0,0.0007684426964260638,0,query_token_layer_35
392,170365,adversarial,bottle,0,5.349739876692183e-05,0,query_token_layer_35
393,170365,adversarial,potted plant,0,1.6364107068511657e-05,0,query_token_layer_35
394,170365,adversarial,person,0,0.00014230029773898423,0,query_token_layer_35
395,170365,adversarial,toilet,0,3.403721711947583e-05,0,query_token_layer_35
396,170365,adversarial,vase,1,0.00036244577495381236,0,query_token_layer_35
439,231589,adversarial,chair,0,0.006119308993220329,0,query_token_layer_35
440,231589,adversarial,dining table,0,0.00015832734061405063,0,query_token_layer_35
441,231589,adversarial,person,0,4.654644271795405e-06,0,query_token_layer_35
442,231589,adversarial,car,0,9.548626985633746e-05,0,query_token_layer_35
444,231589,adversarial,tv,0,6.360711267916486e-05,0,query_token_layer_35
470,332625,adversarial,dining table,0,1.4493411981675308e-05,0,query_token_layer_35
471,332625,adversarial,person,0,0.000235544444876723,0,query_token_layer_35
472,332625,adversarial,car,0,7.176336657721549e-05,0,query_token_layer_35
473,332625,adversarial,airplane,0,0.01058977097272873,0,query_token_layer_35
474,332625,adversarial,truck,0,2.77709259535186e-05,0,query_token_layer_35
547,81336,adversarial,traffic light,0,0.002665995853021741,0,query_token_layer_35
550,81336,adversarial,motorcycle,0,1.1253070624661632e-05,0,query_token_layer_35
551,81336,adversarial,person,0,0.01174011267721653,0,query_token_layer_35
552,81336,adversarial,dining table,0,0.000136611532070674,0,query_token_layer_35
632,572075,adversarial,cup,0,1.2626618627109565e-05,0,query_token_layer_35
633,572075,adversarial,toilet,0,0.0009214722667820752,0,query_token_layer_35
634,572075,adversarial,sink,0,4.2536539694992825e-05,0,query_token_layer_35
635,572075,adversarial,cat,0,1.5438650734722614e-05,0,query_token_layer_35
636,572075,adversarial,couch,0,2.320344719919376e-05,0,query_token_layer_35
638,387098,adversarial,bowl,0,2.8822820240748115e-05,0,query_token_layer_35
639,387098,adversarial,laptop,0,0.0005901544354856014,0,query_token_layer_35
642,387098,adversarial,couch,0,0.00023990956833586097,0,query_token_layer_35
691,366141,adversarial,tv,0,0.00014061856199987233,0,query_token_layer_35
692,366141,adversarial,person,0,6.507617854367709e-06,0,query_token_layer_35
693,366141,adversarial,couch,0,0.0008683011401444674,0,query_token_layer_35
694,366141,adversarial,book,0,4.092957533430308e-05,0,query_token_layer_35
695,366141,adversarial,dining table,0,1.7902599211083725e-05,0,query_token_layer_35
696,366141,adversarial,cup,0,0.019037894904613495,0,query_token_layer_35
781,369541,adversarial,dog,0,0.00057744060177356,0,query_token_layer_35
782,369541,adversarial,car,0,0.00015650721616111696,0,query_token_layer_35
783,369541,adversarial,person,0,0.0004663327999878675,0,query_token_layer_35
784,369541,adversarial,dining table,0,8.52155644679442e-05,0,query_token_layer_35
785,369541,adversarial,frisbee,0,0.0013258095132187009,0,query_token_layer_35
786,369541,adversarial,orange,0,8.247900950664189e-06,0,query_token_layer_35
787,7795,adversarial,clock,0,0.038067109882831573,0,query_token_layer_35
788,7795,adversarial,person,0,0.00026911942404694855,0,query_token_layer_35
789,7795,adversarial,bed,0,0.0006450787768699229,0,query_token_layer_35
790,7795,adversarial,book,0,2.5015111532411538e-05,0,query_token_layer_35
792,7795,adversarial,tv,0,1.6670375771354884e-05,0,query_token_layer_35
805,102439,adversarial,tv,0,0.0005146177718415856,0,query_token_layer_35
806,102439,adversarial,dining table,0,4.473466833587736e-05,0,query_token_layer_35
808,102439,adversarial,car,0,3.663863390102051e-05,0,query_token_layer_35
809,102439,adversarial,remote,0,0.0021956458222121,0,query_token_layer_35
810,102439,adversarial,couch,0,1.5250657270371448e-05,0,query_token_layer_35
835,300876,adversarial,person,0,0.0001402252964908257,0,query_token_layer_35
836,300876,adversarial,car,0,0.00027166257495991886,0,query_token_layer_35
838,300876,adversarial,oven,0,0.00041435007005929947,0,query_token_layer_35
839,300876,adversarial,bowl,0,0.9476398229598999,0,query_token_layer_35
840,300876,adversarial,banana,0,4.3432999518699944e-05,0,query_token_layer_35
841,443240,adversarial,tv,0,1.4729089343745727e-05,0,query_token_layer_35
842,443240,adversarial,person,0,7.876745257817674e-06,0,query_token_layer_35
844,443240,adversarial,dining table,0,0.00015288623399101198,0,query_token_layer_35
845,443240,adversarial,couch,0,0.004605707712471485,0,query_token_layer_35
846,443240,adversarial,book,0,1.9802166207227856e-05,0,query_token_layer_35
913,539251,adversarial,sink,0,0.0062334975227713585,0,query_token_layer_35
915,539251,adversarial,person,0,3.5697253224498127e-06,0,query_token_layer_35
916,539251,adversarial,car,0,0.00011624056787695736,0,query_token_layer_35
917,539251,adversarial,potted plant,0,0.2253602296113968,0,query_token_layer_35
918,539251,adversarial,dining table,0,0.00020752957789227366,0,query_token_layer_35
961,419453,adversarial,person,0,3.973073944507632e-06,0,query_token_layer_35
962,419453,adversarial,car,0,1.8737431446425035e-06,0,query_token_layer_35
963,419453,adversarial,sports ball,0,0.00015243134112097323,0,query_token_layer_35
964,419453,adversarial,tennis racket,0,0.00014753681898582727,0,query_token_layer_35
965,419453,adversarial,umbrella,0,0.00034993901499547064,0,query_token_layer_35
966,419453,adversarial,handbag,0,0.00018201411876361817,0,query_token_layer_35
997,468934,adversarial,banana,0,3.373468280187808e-05,0,query_token_layer_35
998,468934,adversarial,bowl,0,2.7502179364091717e-05,0,query_token_layer_35
1000,468934,adversarial,car,0,5.402875831350684e-05,0,query_token_layer_35
1001,468934,adversarial,fork,0,0.00018400709086563438,0,query_token_layer_35
1002,468934,adversarial,cup,0,0.0003973013663198799,0,query_token_layer_35
1003,189694,adversarial,sink,0,0.00026993584469892085,0,query_token_layer_35
1004,189694,adversarial,toilet,0,3.326748264953494e-05,0,query_token_layer_35
1005,189694,adversarial,person,0,4.243413968652021e-06,0,query_token_layer_35
1006,189694,adversarial,car,0,8.189753134502098e-05,0,query_token_layer_35
1007,189694,adversarial,bottle,0,0.883267879486084,0,query_token_layer_35
1008,189694,adversarial,dining table,0,0.00011551372881513089,0,query_token_layer_35
1033,506178,adversarial,person,0,0.000510747660882771,0,query_token_layer_35
1034,506178,adversarial,car,0,0.0003433292731642723,0,query_token_layer_35
1035,506178,adversarial,bed,0,0.003275187686085701,0,query_token_layer_35
1036,506178,adversarial,book,0,1.4358533917402383e-05,0,query_token_layer_35
1037,506178,adversarial,remote,0,0.2988285422325134,0,query_token_layer_35
1038,506178,adversarial,tv,0,2.1618623577523977e-05,0,query_token_layer_35
1039,249720,adversarial,backpack,0,0.9931875467300415,1,query_token_layer_35
1040,249720,adversarial,handbag,1,0.9971298575401306,1,query_token_layer_35
1041,249720,adversarial,person,0,0.002657069591805339,0,query_token_layer_35
1042,249720,adversarial,dining table,0,4.218899630359374e-05,0,query_token_layer_35
1044,249720,adversarial,bus,0,7.772621756885201e-05,0,query_token_layer_35
1063,278771,adversarial,person,0,2.286183189426083e-05,0,query_token_layer_35
1064,278771,adversarial,car,0,0.0005335501627996564,0,query_token_layer_35
1065,278771,adversarial,sports ball,0,8.18737898953259e-05,0,query_token_layer_35
1066,278771,adversarial,tennis racket,0,0.00018495942640583962,0,query_token_layer_35
1067,278771,adversarial,bottle,0,0.1531844586133957,0,query_token_layer_35
1068,278771,adversarial,dining table,0,9.390005288878456e-05,0,query_token_layer_35
1135,246145,adversarial,chair,0,0.00014725305663887411,0,query_token_layer_35
1136,246145,adversarial,person,0,1.4032507351657841e-05,0,query_token_layer_35
1137,246145,adversarial,clock,0,0.00018268301209900528,0,query_token_layer_35
1138,246145,adversarial,car,0,3.620999996201135e-05,0,query_token_layer_35
1139,246145,adversarial,dining table,0,7.828739035176113e-05,0,query_token_layer_35
1140,246145,adversarial,cup,0,0.00012516361312009394,0,query_token_layer_35
1147,529668,adversarial,person,0,1.7952692360267974e-05,0,query_token_layer_35
1148,529668,adversarial,car,0,7.176987128332257e-05,0,query_token_layer_35
1149,529668,adversarial,handbag,0,0.0014709584647789598,0,query_token_layer_35
1150,529668,adversarial,backpack,0,9.753154881764203e-05,0,query_token_layer_35
1151,529668,adversarial,cell phone,0,0.00036444078432396054,0,query_token_layer_35
1152,529668,adversarial,dining table,0,5.6782635510899127e-05,0,query_token_layer_35
1153,376959,adversarial,chair,0,0.9763677716255188,1,query_token_layer_35
1154,376959,adversarial,couch,0,8.509220606356394e-06,0,query_token_layer_35
1155,376959,adversarial,person,0,1.4652078789367806e-05,0,query_token_layer_35
1156,376959,adversarial,car,0,0.00021615026344079524,0,query_token_layer_35
1157,376959,adversarial,cell phone,0,0.9365774989128113,0,query_token_layer_35
1158,376959,adversarial,handbag,0,0.004922776482999325,0,query_token_layer_35
1207,124930,adversarial,person,0,3.14615317620337e-05,0,query_token_layer_35
1208,124930,adversarial,car,0,0.0002719035546761006,0,query_token_layer_35
1210,124930,adversarial,dining table,1,0.9571155905723572,0,query_token_layer_35
1211,124930,adversarial,spoon,0,0.8728666305541992,0,query_token_layer_35
1219,377879,adversarial,truck,0,0.05761753395199776,0,query_token_layer_35
1220,377879,adversarial,person,0,1.9472645362839103e-05,0,query_token_layer_35
1221,377879,adversarial,train,0,0.3098123371601105,0,query_token_layer_35
1222,377879,adversarial,car,0,6.3038046391739044e-06,0,query_token_layer_35
1223,377879,adversarial,bed,0,9.267847417504527e-06,0,query_token_layer_35
1224,377879,adversarial,book,0,5.662852345267311e-05,0,query_token_layer_35
1231,49473,adversarial,vase,0,0.0006644827662967145,0,query_token_layer_35
1232,49473,adversarial,potted plant,1,0.8172820806503296,0,query_token_layer_35
1234,49473,adversarial,person,0,0.0001476771431043744,0,query_token_layer_35
1236,49473,adversarial,cup,0,1.0208417734247632e-05,0,query_token_layer_35
1243,383185,adversarial,banana,0,3.106009535258636e-05,0,query_token_layer_35
1244,383185,adversarial,dining table,0,1.6313186279148795e-05,0,query_token_layer_35
1245,383185,adversarial,spoon,0,0.3108132481575012,0,query_token_layer_35
1246,383185,adversarial,person,0,2.9110273317201063e-05,0,query_token_layer_35
1248,383185,adversarial,knife,0,0.00010184133134316653,0,query_token_layer_35
1249,388983,adversarial,person,0,0.00024096453853417188,0,query_token_layer_35
1250,388983,adversarial,car,0,1.649331534281373e-05,0,query_token_layer_35
1252,388983,adversarial,spoon,0,0.00023114297073334455,0,query_token_layer_35
1254,388983,adversarial,fork,0,0.00012291496386751533,0,query_token_layer_35
1269,244455,adversarial,person,0,9.040289296535775e-05,0,query_token_layer_35
1270,244455,adversarial,dining table,0,4.112763417651877e-05,0,query_token_layer_35
1272,244455,adversarial,bus,0,5.86202531849267e-06,0,query_token_layer_35
1291,307166,adversarial,pizza,0,0.00025068363174796104,0,query_token_layer_35
1292,307166,adversarial,person,1,0.993346095085144,1,query_token_layer_35
1293,307166,adversarial,bottle,0,0.01768428646028042,0,query_token_layer_35
1294,307166,adversarial,cup,0,0.9486269950866699,0,query_token_layer_35
1296,307166,adversarial,spoon,0,8.750191773287952e-05,0,query_token_layer_35
1303,355342,adversarial,person,0,0.0008675195276737213,0,query_token_layer_35
1304,355342,adversarial,car,0,0.00013208479504100978,0,query_token_layer_35
1306,355342,adversarial,dining table,0,0.0003143384528812021,0,query_token_layer_35
1307,355342,adversarial,umbrella,0,0.001001083175651729,0,query_token_layer_35
1308,355342,adversarial,handbag,0,1.0060730346594937e-05,0,query_token_layer_35
1321,429033,adversarial,chair,0,0.0015665598912164569,0,query_token_layer_35
1322,429033,adversarial,dining table,0,0.00024235180171672255,0,query_token_layer_35
1323,429033,adversarial,person,0,7.314440881600603e-05,0,query_token_layer_35
1324,429033,adversarial,car,0,7.557404023827985e-05,0,query_token_layer_35
1325,429033,adversarial,laptop,0,0.0009246582048945129,0,query_token_layer_35
1326,429033,adversarial,tv,0,0.00014044945419300348,0,query_token_layer_35
1453,18918,adversarial,sink,0,0.006763392128050327,0,query_token_layer_35
1454,18918,adversarial,bottle,0,0.00012333423364907503,0,query_token_layer_35
1455,18918,adversarial,bowl,0,0.3342595398426056,0,query_token_layer_35
1456,18918,adversarial,cup,0,0.000449381215730682,0,query_token_layer_35
1457,18918,adversarial,oven,0,0.22330595552921295,0,query_token_layer_35
1458,18918,adversarial,person,0,1.016775695461547e-05,0,query_token_layer_35
1459,115626,adversarial,person,0,1.5163134776230436e-05,0,query_token_layer_35
1460,115626,adversarial,car,0,2.9493776310118847e-06,0,query_token_layer_35
1461,115626,adversarial,motorcycle,0,5.3002091590315104e-05,0,query_token_layer_35
1462,115626,adversarial,bicycle,0,7.715804713370744e-06,0,query_token_layer_35
1463,115626,adversarial,parking meter,0,1.8183927750214934e-05,0,query_token_layer_35
1464,115626,adversarial,truck,0,4.822315986530157e-06,0,query_token_layer_35
1465,391735,adversarial,traffic light,0,0.0005241053295321763,0,query_token_layer_35
1466,391735,adversarial,car,0,3.287477375124581e-05,0,query_token_layer_35
1468,391735,adversarial,sink,0,1.4137035577732604e-05,0,query_token_layer_35
1469,391735,adversarial,person,0,0.0002943045983556658,0,query_token_layer_35
1470,391735,adversarial,dining table,0,6.7516630224417895e-06,0,query_token_layer_35
1573,204100,adversarial,banana,0,2.2036847440176643e-05,0,query_token_layer_35
1574,204100,adversarial,dining table,0,8.455136594420765e-06,0,query_token_layer_35
1575,204100,adversarial,person,0,0.00042329943971708417,0,query_token_layer_35
1576,204100,adversarial,car,0,5.813954703626223e-05,0,query_token_layer_35
1577,204100,adversarial,bowl,0,0.8252849578857422,0,query_token_layer_35
1578,204100,adversarial,cup,0,5.645429610012798e-06,0,query_token_layer_35
1742,343401,adversarial,truck,0,5.897913433727808e-05,0,query_token_layer_35
1743,343401,adversarial,dog,0,0.002467506565153599,0,query_token_layer_35
1744,343401,adversarial,frisbee,0,2.661748840182554e-05,0,query_token_layer_35
1745,343401,adversarial,person,0,0.00012389058247208595,0,query_token_layer_35
1746,343401,adversarial,dining table,0,3.158635081490502e-05,0,query_token_layer_35
1747,246199,adversarial,banana,0,0.00018584881036076695,0,query_token_layer_35
1748,246199,adversarial,bowl,1,0.9865016341209412,1,query_token_layer_35
1749,246199,adversarial,orange,0,0.043933089822530746,0,query_token_layer_35
1750,246199,adversarial,person,0,0.00010945168469334021,0,query_token_layer_35
1751,246199,adversarial,dining table,0,4.385226930025965e-05,0,query_token_layer_35
1752,246199,adversarial,cup,0,1.2296754903218243e-05,0,query_token_layer_35
1765,501898,adversarial,person,0,7.536919383710483e-06,0,query_token_layer_35
1766,501898,adversarial,car,0,5.273347414913587e-05,0,query_token_layer_35
1767,501898,adversarial,sports ball,0,0.09631142765283585,0,query_token_layer_35
1768,501898,adversarial,baseball glove,0,5.973039515083656e-05,0,query_token_layer_35
1769,501898,adversarial,tennis racket,0,2.5299887056462467e-05,0,query_token_layer_35
1770,501898,adversarial,chair,0,0.0014442296233028173,0,query_token_layer_35
1813,188958,adversarial,snowboard,0,0.0034828598145395517,0,query_token_layer_35
1814,188958,adversarial,backpack,0,0.027156291529536247,0,query_token_layer_35
1815,188958,adversarial,person,0,7.540916612924775e-06,0,query_token_layer_35
1816,188958,adversarial,car,0,0.0002741839562077075,0,query_token_layer_35
1817,188958,adversarial,skis,0,0.000570478558074683,0,query_token_layer_35
1818,188958,adversarial,dog,0,0.0003143609210383147,0,query_token_layer_35
1825,198397,adversarial,chair,0,0.00010161200043512508,0,query_token_layer_35
1826,198397,adversarial,dining table,0,0.00014740842743776739,0,query_token_layer_35
1827,198397,adversarial,person,0,5.5896973208291456e-05,0,query_token_layer_35
1828,198397,adversarial,car,0,0.00024281830701511353,0,query_token_layer_35
1829,198397,adversarial,sports ball,0,0.0024027558974921703,0,query_token_layer_35
1830,198397,adversarial,baseball glove,0,0.00020391595899127424,0,query_token_layer_35
1832,349936,adversarial,bottle,0,1.4980339074099902e-05,0,query_token_layer_35
1833,349936,adversarial,dining table,0,0.01860172115266323,0,query_token_layer_35
1834,349936,adversarial,person,0,0.00016936422616709024,0,query_token_layer_35
1835,349936,adversarial,chair,0,0.09577053040266037,0,query_token_layer_35
1836,349936,adversarial,handbag,0,9.289606168749742e-06,0,query_token_layer_35
1975,293564,adversarial,person,0,4.694204835686833e-05,0,query_token_layer_35
1976,293564,adversarial,car,0,5.8395398809807375e-06,0,query_token_layer_35
1977,293564,adversarial,surfboard,0,0.008748674765229225,0,query_token_layer_35
1978,293564,adversarial,kite,0,4.116974014323205e-05,0,query_token_layer_35
1979,293564,adversarial,umbrella,0,0.14876024425029755,0,query_token_layer_35
1980,293564,adversarial,handbag,0,7.449153599736746e-06,0,query_token_layer_35
2005,263594,adversarial,bird,0,0.003049987368285656,0,query_token_layer_35
2006,263594,adversarial,person,0,1.7343547369819134e-05,0,query_token_layer_35
2007,263594,adversarial,truck,0,0.2579594850540161,0,query_token_layer_35
2008,263594,adversarial,traffic light,0,1.9495315427775495e-05,0,query_token_layer_35
2009,263594,adversarial,car,0,0.0003204155364073813,0,query_token_layer_35
2010,263594,adversarial,bus,0,0.00011443611583672464,0,query_token_layer_35
2035,363908,adversarial,baseball glove,0,0.038560204207897186,0,query_token_layer_35
2036,363908,adversarial,dog,0,0.00010677763930289075,0,query_token_layer_35
2037,363908,adversarial,person,0,0.0001127588766394183,0,query_token_layer_35
2038,363908,adversarial,car,0,0.0005415700725279748,0,query_token_layer_35
2039,363908,adversarial,sports ball,0,0.0014695058343932033,0,query_token_layer_35
2040,363908,adversarial,tennis racket,0,0.00016935373423621058,0,query_token_layer_35
2047,348469,adversarial,bird,0,0.9130901098251343,0,query_token_layer_35
2048,348469,adversarial,handbag,0,8.367118425667286e-06,0,query_token_layer_35
2049,348469,adversarial,person,0,1.3207333722675685e-05,0,query_token_layer_35
2050,348469,adversarial,car,0,1.8648990590008907e-05,0,query_token_layer_35
2051,348469,adversarial,baseball bat,0,7.967376586748287e-05,0,query_token_layer_35
2052,348469,adversarial,sports ball,0,0.00023050584422890097,0,query_token_layer_35
2065,76416,adversarial,person,0,0.03793184086680412,0,query_token_layer_35
2067,76416,adversarial,bicycle,0,0.1310032457113266,0,query_token_layer_35
2068,76416,adversarial,motorcycle,0,8.757997420616448e-06,0,query_token_layer_35
2070,76416,adversarial,dining table,0,6.758315430488437e-05,0,query_token_layer_35
2078,445200,adversarial,person,0,0.00045230635441839695,0,query_token_layer_35
2079,445200,adversarial,broccoli,0,9.561381375533529e-06,0,query_token_layer_35
2080,445200,adversarial,fork,0,0.0002485919976606965,0,query_token_layer_35
2081,445200,adversarial,dining table,0,0.002751845633611083,0,query_token_layer_35
2083,433574,adversarial,person,0,2.0310722902650014e-05,0,query_token_layer_35
2084,433574,adversarial,car,0,0.00010872310667764395,0,query_token_layer_35
2085,433574,adversarial,couch,0,0.0017300012987107038,0,query_token_layer_35
2086,433574,adversarial,tv,0,6.715496510878438e-06,0,query_token_layer_35
2087,433574,adversarial,dining table,0,5.209497885516612e-06,0,query_token_layer_35
2088,433574,adversarial,cup,1,0.9905942678451538,1,query_token_layer_35
2095,114941,adversarial,person,0,0.8151938319206238,0,query_token_layer_35
2096,114941,adversarial,dining table,0,7.303422171389684e-05,0,query_token_layer_35
2097,114941,adversarial,train,0,4.3037023715442047e-05,0,query_token_layer_35
2098,114941,adversarial,truck,0,0.0002558024425525218,0,query_token_layer_35
2100,114941,adversarial,bus,0,0.0003593515430111438,0,query_token_layer_35
2114,382617,adversarial,laptop,0,0.0001846193481469527,0,query_token_layer_35
2116,382617,adversarial,person,0,0.0003340081311762333,0,query_token_layer_35
2117,382617,adversarial,book,0,0.000955102383159101,0,query_token_layer_35
2118,382617,adversarial,tv,0,4.604204877978191e-05,0,query_token_layer_35
2125,120792,adversarial,person,0,1.7780281268642284e-05,0,query_token_layer_35
2126,120792,adversarial,car,0,0.00011085540609201416,0,query_token_layer_35
2127,120792,adversarial,remote,0,0.0668993666768074,0,query_token_layer_35
2128,120792,adversarial,dining table,0,0.00036749933497048914,0,query_token_layer_35
2129,120792,adversarial,chair,0,0.8886597156524658,0,query_token_layer_35
2130,120792,adversarial,handbag,0,7.769893272779882e-06,0,query_token_layer_35
2143,156704,adversarial,person,0,0.00017548201140016317,0,query_token_layer_35
2144,156704,adversarial,car,0,0.0005598710267804563,0,query_token_layer_35
2145,156704,adversarial,surfboard,0,0.0021245121024549007,0,query_token_layer_35
2146,156704,adversarial,kite,0,7.527968136855634e-06,0,query_token_layer_35
2147,156704,adversarial,umbrella,0,0.9391342401504517,0,query_token_layer_35
2148,156704,adversarial,handbag,1,0.9902569055557251,1,query_token_layer_35
2209,545353,adversarial,pizza,0,0.0011460372479632497,0,query_token_layer_35
2210,545353,adversarial,cup,0,0.0004108395369257778,0,query_token_layer_35
2211,545353,adversarial,person,0,4.757913120556623e-05,0,query_token_layer_35
2212,545353,adversarial,car,0,9.255491750082001e-05,0,query_token_layer_35
2213,545353,adversarial,sink,0,6.845629286544863e-06,0,query_token_layer_35
2214,545353,adversarial,bottle,1,0.9054677486419678,0,query_token_layer_35
2239,304819,adversarial,tv,0,6.292045145528391e-05,0,query_token_layer_35
2240,304819,adversarial,person,0,0.006862702313810587,0,query_token_layer_35
2241,304819,adversarial,cat,0,0.00016126078844536096,0,query_token_layer_35
2242,304819,adversarial,couch,0,1.3656171176990028e-05,0,query_token_layer_35
2243,304819,adversarial,laptop,0,1.7762147763278335e-05,0,query_token_layer_35
2244,304819,adversarial,keyboard,0,1.0452854439790826e-05,0,query_token_layer_35
2294,390157,adversarial,cup,1,0.9982524514198303,1,query_token_layer_35
2295,390157,adversarial,person,0,0.00040743814315646887,0,query_token_layer_35
2296,390157,adversarial,car,0,6.659753125859424e-05,0,query_token_layer_35
2297,390157,adversarial,bottle,0,0.006627590861171484,0,query_token_layer_35
2298,390157,adversarial,spoon,0,0.00021535149426199496,0,query_token_layer_35
2347,477598,adversarial,dog,0,5.658420195686631e-05,0,query_token_layer_35
2348,477598,adversarial,car,0,7.886232197051868e-05,0,query_token_layer_35
2350,477598,adversarial,dining table,0,3.738115992746316e-05,0,query_token_layer_35
2351,477598,adversarial,frisbee,0,0.003945320378988981,0,query_token_layer_35
2352,477598,adversarial,orange,0,8.22419606265612e-05,0,query_token_layer_35
2372,325347,adversarial,handbag,0,0.021599043160676956,0,query_token_layer_35
2373,325347,adversarial,person,0,0.00024039519485086203,0,query_token_layer_35
2374,325347,adversarial,car,0,0.0001373349950881675,0,query_token_layer_35
2375,325347,adversarial,sports ball,0,0.00022113177692517638,0,query_token_layer_35
2376,325347,adversarial,baseball glove,0,0.00025074914447031915,0,query_token_layer_35
2378,256906,adversarial,backpack,1,0.875349223613739,0,query_token_layer_35
2379,256906,adversarial,person,0,0.00012471269292291254,0,query_token_layer_35
2380,256906,adversarial,dining table,0,6.227879202924669e-05,0,query_token_layer_35
2382,256906,adversarial,motorcycle,0,1.2481348676374182e-05,0,query_token_layer_35
2395,288576,adversarial,person,0,1.0852868399524596e-05,0,query_token_layer_35
2396,288576,adversarial,car,0,5.053052518633194e-05,0,query_token_layer_35
2397,288576,adversarial,bicycle,0,0.0031275709625333548,0,query_token_layer_35
2398,288576,adversarial,motorcycle,0,4.687289037974551e-05,0,query_token_layer_35
2399,288576,adversarial,frisbee,0,0.00014527072198688984,0,query_token_layer_35
2400,288576,adversarial,dog,0,0.00015409807383548468,0,query_token_layer_35
2509,246928,adversarial,chair,0,0.015053972601890564,0,query_token_layer_35
2510,246928,adversarial,person,0,0.0001539181830594316,0,query_token_layer_35
2512,246928,adversarial,truck,0,0.00015557892038486898,0,query_token_layer_35
2513,246928,adversarial,bed,0,0.0010010174009948969,0,query_token_layer_35
2514,246928,adversarial,book,0,5.360908471629955e-05,0,query_token_layer_35
2545,163575,adversarial,dog,0,6.172579014673829e-05,0,query_token_layer_35
2546,163575,adversarial,car,0,6.511106039397418e-05,0,query_token_layer_35
2547,163575,adversarial,person,0,0.00010924492380581796,0,query_token_layer_35
2548,163575,adversarial,dining table,0,0.00016144417168106884,0,query_token_layer_35
2549,163575,adversarial,bed,0,0.00015488782082684338,0,query_token_layer_35
2550,163575,adversarial,book,0,3.6627625377150252e-06,0,query_token_layer_35
2581,562155,adversarial,person,0,7.677526809857227e-06,0,query_token_layer_35
2582,562155,adversarial,dining table,0,2.7151852918905206e-05,0,query_token_layer_35
2583,562155,adversarial,car,0,3.101936090388335e-05,0,query_token_layer_35
2584,562155,adversarial,truck,0,8.546189928893e-05,0,query_token_layer_35
2585,562155,adversarial,tie,0,8.33367885206826e-05,0,query_token_layer_35
2586,562155,adversarial,cup,0,5.5063010222511366e-05,0,query_token_layer_35
2617,222118,adversarial,person,0,9.989265890908428e-06,0,query_token_layer_35
2618,222118,adversarial,car,0,0.00023231154773384333,0,query_token_layer_35
2619,222118,adversarial,suitcase,0,0.037883032113313675,0,query_token_layer_35
2620,222118,adversarial,backpack,1,0.9973927736282349,1,query_token_layer_35
2621,222118,adversarial,handbag,0,0.269172728061676,0,query_token_layer_35
2622,222118,adversarial,dining table,0,3.227010165574029e-05,0,query_token_layer_35
2623,514292,adversarial,book,0,3.060418021050282e-05,0,query_token_layer_35
2624,514292,adversarial,person,0,0.0001013630026136525,0,query_token_layer_35
2625,514292,adversarial,teddy bear,0,4.08064170187572e-06,0,query_token_layer_35
2626,514292,adversarial,bed,0,0.0002030709874816239,0,query_token_layer_35
2628,514292,adversarial,couch,0,0.0002456513175275177,0,query_token_layer_35
2642,429706,adversarial,dining table,0,0.00029239384457468987,0,query_token_layer_35
2643,429706,adversarial,backpack,0,0.279184490442276,0,query_token_layer_35
2644,429706,adversarial,skis,0,8.684901695232838e-05,0,query_token_layer_35
2645,429706,adversarial,person,0,1.0596824722597376e-05,0,query_token_layer_35
2646,429706,adversarial,car,0,0.0003632799780461937,0,query_token_layer_35
2683,191964,adversarial,keyboard,0,3.0537541988451267e-06,0,query_token_layer_35
2684,191964,adversarial,dining table,0,2.845613744284492e-05,0,query_token_layer_35
2685,191964,adversarial,orange,0,2.5959103311379295e-08,0,query_token_layer_35
2686,191964,adversarial,person,0,5.925847653998062e-05,0,query_token_layer_35
2687,191964,adversarial,cat,0,4.442781573743559e-06,0,query_token_layer_35
2688,191964,adversarial,couch,0,8.796468137006741e-06,0,query_token_layer_35
2720,367528,adversarial,spoon,0,6.213647429831326e-05,0,query_token_layer_35
2721,367528,adversarial,person,0,0.0003548288659658283,0,query_token_layer_35
2722,367528,adversarial,car,0,8.780943608144298e-05,0,query_token_layer_35
2724,367528,adversarial,couch,0,6.556985317729414e-05,0,query_token_layer_35
2737,50627,adversarial,baseball glove,0,0.1846262514591217,0,query_token_layer_35
2738,50627,adversarial,dog,0,4.505302058532834e-05,0,query_token_layer_35
2739,50627,adversarial,person,0,5.394972686190158e-05,0,query_token_layer_35
2740,50627,adversarial,car,0,0.0001491052535129711,0,query_token_layer_35
2741,50627,adversarial,sports ball,0,0.0016389850061386824,0,query_token_layer_35
2742,50627,adversarial,tennis racket,0,0.00010650530748534948,0,query_token_layer_35
2743,233426,adversarial,vase,0,0.000381561869289726,0,query_token_layer_35
2745,233426,adversarial,potted plant,1,0.9506919384002686,0,query_token_layer_35
2746,233426,adversarial,person,0,0.0005241897306405008,0,query_token_layer_35
2747,233426,adversarial,dining table,1,0.9677236676216125,0,query_token_layer_35
2748,233426,adversarial,cup,0,1.3792788195132744e-05,0,query_token_layer_35
2779,79213,adversarial,person,0,0.00012151661940151826,0,query_token_layer_35
2780,79213,adversarial,car,0,0.0001133877012762241,0,query_token_layer_35
2781,79213,adversarial,couch,0,0.27535685896873474,0,query_token_layer_35
2783,79213,adversarial,remote,0,0.04962979257106781,0,query_token_layer_35
2784,79213,adversarial,tv,0,0.00018825908773578703,0,query_token_layer_35
2803,575355,adversarial,chair,0,0.9521322846412659,0,query_token_layer_35
2804,575355,adversarial,person,0,0.0002913758798968047,0,query_token_layer_35
2805,575355,adversarial,bench,0,0.989538848400116,1,query_token_layer_35
2806,575355,adversarial,backpack,0,8.967079338617623e-05,0,query_token_layer_35
2807,575355,adversarial,dining table,0,0.3204594552516937,0,query_token_layer_35
2808,575355,adversarial,cup,0,2.9162871214793995e-05,0,query_token_layer_35
2809,396068,adversarial,tv,0,0.00017832058074418455,0,query_token_layer_35
2810,396068,adversarial,dining table,0,6.484839832410216e-05,0,query_token_layer_35
2811,396068,adversarial,person,0,2.292037970619276e-05,0,query_token_layer_35
2812,396068,adversarial,car,0,8.834806067170575e-05,0,query_token_layer_35
2813,396068,adversarial,remote,0,0.00019217911176383495,0,query_token_layer_35
2814,396068,adversarial,couch,0,0.00046918081352487206,0,query_token_layer_35
2875,8749,adversarial,pizza,0,7.280537101905793e-05,0,query_token_layer_35
2876,8749,adversarial,person,0,0.0006901753949932754,0,query_token_layer_35
2879,8749,adversarial,dining table,0,0.011115961708128452,0,query_token_layer_35
2880,8749,adversarial,chair,0,1.0068120900541544e-05,0,query_token_layer_35
2911,190788,adversarial,person,0,0.0010122295934706926,0,query_token_layer_35
2912,190788,adversarial,car,0,4.4156207877676934e-05,0,query_token_layer_35
2913,190788,adversarial,dining table,0,0.003099696943536401,0,query_token_layer_35
2915,190788,adversarial,knife,0,0.9853106737136841,1,query_token_layer_35
2916,190788,adversarial,spoon,0,0.0022382873576134443,0,query_token_layer_35
2935,235203,adversarial,person,0,0.00016176575445570052,0,query_token_layer_35
2936,235203,adversarial,car,0,3.320023097330704e-05,0,query_token_layer_35
2938,235203,adversarial,tv,0,4.584427733789198e-05,0,query_token_layer_35
2940,235203,adversarial,book,0,8.469840395264328e-06,0,query_token_layer_35
2941,468997,adversarial,baseball glove,0,0.04802227020263672,0,query_token_layer_35
2942,468997,adversarial,dog,0,0.00020774103177245706,0,query_token_layer_35
2943,468997,adversarial,person,0,4.106704000150785e-05,0,query_token_layer_35
2944,468997,adversarial,car,0,0.0003464672190602869,0,query_token_layer_35
2946,468997,adversarial,tennis racket,0,0.0002528731420170516,0,query_token_layer_35
2960,3845,adversarial,bowl,0,4.963230458088219e-05,0,query_token_layer_35
2961,3845,adversarial,broccoli,0,0.0002677908050827682,0,query_token_layer_35
2962,3845,adversarial,knife,1,0.9501277804374695,0,query_token_layer_35
2963,3845,adversarial,fork,0,9.691215382190421e-05,0,query_token_layer_35
2964,3845,adversarial,person,0,0.0001353917468804866,0,query_token_layer_35
2977,497599,adversarial,chair,0,0.008507621474564075,0,query_token_layer_35
2978,497599,adversarial,couch,0,1.1648849977063946e-05,0,query_token_layer_35
2979,497599,adversarial,person,0,7.155031198635697e-05,0,query_token_layer_35
2980,497599,adversarial,car,0,0.00015546547365374863,0,query_token_layer_35
2981,497599,adversarial,laptop,0,0.00023525109281763434,0,query_token_layer_35
2982,497599,adversarial,tv,0,1.5908148270682432e-05,0,query_token_layer_35
2989,361430,adversarial,bowl,0,0.9921364784240723,1,query_token_layer_35
2990,361430,adversarial,cup,0,0.000124655372928828,0,query_token_layer_35
2991,361430,adversarial,broccoli,0,0.0003598325129132718,0,query_token_layer_35
2992,361430,adversarial,dining table,0,1.7425960322725587e-05,0,query_token_layer_35
2993,361430,adversarial,spoon,0,0.0006293350015766919,0,query_token_layer_35
2994,361430,adversarial,bottle,0,0.00031307575409300625,0,query_token_layer_35
2995,277289,adversarial,tv,0,9.372131898999214e-05,0,query_token_layer_35
2996,277289,adversarial,person,0,2.744142329902388e-05,0,query_token_layer_35
2998,277289,adversarial,cup,1,0.9381186366081238,0,query_token_layer_35
2999,277289,adversarial,couch,0,0.006857539992779493,0,query_token_layer_35
3000,277289,adversarial,chair,0,0.20842337608337402,0,query_token_layer_35
1,310196,popular,snowboard,0,6.29697969998233e-05,0,query_token_layer_35
2,310196,popular,dining table,0,2.386617416050285e-05,0,query_token_layer_35
3,310196,popular,person,0,8.887262811185792e-05,0,query_token_layer_35
4,310196,popular,car,0,0.00021843629656359553,0,query_token_layer_35
5,310196,popular,skis,0,5.376607532525668e-06,0,query_token_layer_35
6,310196,popular,chair,0,1.2913157661387231e-05,0,query_token_layer_35
13,429109,popular,person,0,0.03279656916856766,0,query_token_layer_35
14,429109,popular,dining table,0,0.00015156045265030116,0,query_token_layer_35
15,429109,popular,bicycle,0,0.0050679645501077175,0,query_token_layer_35
16,429109,popular,chair,0,3.5746309094975004e-06,0,query_token_layer_35
17,429109,popular,car,0,0.009112698026001453,0,query_token_layer_35
18,429109,popular,cup,0,1.8082972019328736e-05,0,query_token_layer_35
25,458338,popular,traffic light,0,0.0008271654369309545,0,query_token_layer_35
26,458338,popular,dining table,0,0.00031013114494271576,0,query_token_layer_35
27,458338,popular,person,0,0.013749663718044758,0,query_token_layer_35
28,458338,popular,chair,0,3.4862638131016865e-05,0,query_token_layer_35
29,458338,popular,car,0,0.000534486782271415,0,query_token_layer_35
30,458338,popular,cup,0,4.126377461943775e-06,0,query_token_layer_35
55,17708,popular,bird,0,6.7528075305745e-05,0,query_token_layer_35
56,17708,popular,dining table,0,7.499103958252817e-05,0,query_token_layer_35
57,17708,popular,person,0,0.003734485013410449,0,query_token_layer_35
58,17708,popular,car,0,0.00037644224357791245,0,query_token_layer_35
59,17708,popular,boat,0,2.143355959560722e-05,0,query_token_layer_35
60,17708,popular,chair,0,2.694934664759785e-06,0,query_token_layer_35
79,569839,popular,person,0,0.00019311887444928288,0,query_token_layer_35
80,569839,popular,car,0,8.596834231866524e-05,0,query_token_layer_35
82,569839,popular,bottle,0,2.6397434339742176e-05,0,query_token_layer_35
84,569839,popular,backpack,1,0.9958387613296509,1,query_token_layer_35
103,131115,popular,baseball glove,0,0.002952172188088298,0,query_token_layer_35
104,131115,popular,dining table,0,0.0001389725657645613,0,query_token_layer_35
105,131115,popular,person,0,3.66409367416054e-05,0,query_token_layer_35
106,131115,popular,car,0,0.0003542328195180744,0,query_token_layer_35
107,131115,popular,baseball bat,0,6.365389708662406e-05,0,query_token_layer_35
108,131115,popular,chair,0,0.385216623544693,0,query_token_layer_35
127,75591,popular,bed,0,0.21231383085250854,0,query_token_layer_35
128,75591,popular,person,0,0.00033944929600693285,0,query_token_layer_35
129,75591,popular,cat,0,0.0003183310618624091,0,query_token_layer_35
130,75591,popular,dining table,0,4.314748730394058e-05,0,query_token_layer_35
131,75591,popular,book,0,0.011013549752533436,0,query_token_layer_35
132,75591,popular,car,0,0.0001639203110244125,0,query_token_layer_35
163,140583,popular,truck,0,0.010609389282763004,0,query_token_layer_35
164,140583,popular,dining table,0,1.729132782202214e-05,0,query_token_layer_35
165,140583,popular,person,0,0.01996036246418953,0,query_token_layer_35
167,140583,popular,cow,0,5.755737220169976e-06,0,query_token_layer_35
168,140583,popular,chair,0,4.601338514476083e-05,0,query_token_layer_35
217,498759,popular,person,0,0.0010096239857375622,0,query_token_layer_35
218,498759,popular,dining table,0,3.221545921405777e-05,0,query_token_layer_35
219,498759,popular,skateboard,0,0.0001200745246023871,0,query_token_layer_35
220,498759,popular,chair,0,5.453968697111122e-05,0,query_token_layer_35
221,498759,popular,car,0,0.0002567465999163687,0,query_token_layer_35
222,498759,popular,cup,0,0.00013277730613481253,0,query_token_layer_35
223,360600,popular,person,0,0.00036198340239934623,0,query_token_layer_35
224,360600,popular,dining table,0,1.9652225091704167e-05,0,query_token_layer_35
225,360600,popular,fork,0,0.9065322279930115,0,query_token_layer_35
226,360600,popular,car,0,9.939109440892935e-05,0,query_token_layer_35
227,360600,popular,knife,0,0.0007285039755515754,0,query_token_layer_35
228,360600,popular,chair,0,4.69816368422471e-05,0,query_token_layer_35
229,31773,popular,tv,1,0.9919593930244446,1,query_token_layer_35
230,31773,popular,car,0,2.990948451042641e-05,0,query_token_layer_35
231,31773,popular,person,0,0.00025984752574004233,0,query_token_layer_35
232,31773,popular,chair,1,0.01484616193920374,0,query_token_layer_35
234,31773,popular,cup,0,1.2249657629581634e-05,0,query_token_layer_35
236,500257,popular,dining table,0,4.114701005164534e-05,0,query_token_layer_35
238,500257,popular,car,0,7.860072400944773e-06,0,query_token_layer_35
239,500257,popular,person,0,0.0008966650348156691,0,query_token_layer_35
240,500257,popular,chair,0,4.879899734078208e-06,0,query_token_layer_35
253,565941,popular,person,0,6.30780341452919e-05,0,query_token_layer_35
254,565941,popular,car,0,9.248989226762205e-05,0,query_token_layer_35
255,565941,popular,bottle,0,0.009146378375589848,0,query_token_layer_35
256,565941,popular,backpack,0,2.3117419914342463e-05,0,query_token_layer_35
257,565941,popular,dining table,0,0.8470128774642944,0,query_token_layer_35
258,565941,popular,handbag,0,4.6953056880738586e-05,0,query_token_layer_35
307,437347,popular,baseball glove,0,0.002861988265067339,0,query_token_layer_35
308,437347,popular,dining table,0,0.00015834545774850994,0,query_token_layer_35
309,437347,popular,person,0,0.0004889157717116177,0,query_token_layer_35
310,437347,popular,car,0,5.3658699471270666e-05,0,query_token_layer_35
311,437347,popular,sports ball,0,0.9775087833404541,1,query_token_layer_35
312,437347,popular,chair,0,0.00011637487477855757,0,query_token_layer_35
313,354229,popular,person,0,0.12912830710411072,0,query_token_layer_35
314,354229,popular,dining table,0,5.891740875085816e-05,0,query_token_layer_35
315,354229,popular,car,0,0.003635425353422761,0,query_token_layer_35
316,354229,popular,chair,0,9.695180779090151e-06,0,query_token_layer_35
317,354229,popular,bus,0,0.0002072155912173912,0,query_token_layer_35
318,354229,popular,cup,0,8.809054997982457e-05,0,query_token_layer_35
319,538236,popular,person,0,0.14087466895580292,0,query_token_layer_35
320,538236,popular,car,0,0.00015067352796904743,0,query_token_layer_35
321,538236,popular,dining table,0,0.16528360545635223,0,query_token_layer_35
322,538236,popular,chair,0,2.848649091902189e-05,0,query_token_layer_35
323,538236,popular,handbag,0,0.9002159237861633,0,query_token_layer_35
324,538236,popular,cup,0,2.301805216120556e-05,0,query_token_layer_35
325,236865,popular,person,0,7.2419538810208905e-06,0,query_token_layer_35
326,236865,popular,dining table,0,0.00010445499356137589,0,query_token_layer_35
327,236865,popular,orange,0,0.00010779804870253429,0,query_token_layer_35
328,236865,popular,chair,0,0.00015384085418190807,0,query_token_layer_35
329,236865,popular,car,0,0.0002761587093118578,0,query_token_layer_35
330,236865,popular,cup,0,5.775113822892308e-05,0,query_token_layer_35
337,60213,popular,backpack,0,0.06227667257189751,0,query_token_layer_35
338,60213,popular,person,0,0.00016629720630589873,0,query_token_layer_35
339,60213,popular,bed,0,0.00010789625957841054,0,query_token_layer_35
340,60213,popular,dining table,0,0.00019812886603176594,0,query_token_layer_35
341,60213,popular,book,0,4.675577201851411e-06,0,query_token_layer_35
342,60213,popular,car,0,0.0001802583283279091,0,query_token_layer_35
349,84447,popular,person,0,0.00019239491666667163,0,query_token_layer_35
350,84447,popular,dining table,0,1.7363076040055603e-05,0,query_token_layer_35
351,84447,popular,motorcycle,0,0.00011155177344335243,0,query_token_layer_35
352,84447,popular,car,0,0.00012742994294967502,0,query_token_layer_35
354,84447,popular,chair,0,8.070647163549438e-05,0,query_token_layer_35
361,575755,popular,sandwich,0,8.101845742203295e-05,0,query_token_layer_35
362,575755,popular,person,0,0.0004125581181142479,0,query_token_layer_35
363,575755,popular,carrot,0,0.14928172528743744,0,query_token_layer_35
364,575755,popular,car,0,0.0002690927649382502,0,query_token_layer_35
365,575755,popular,broccoli,0,4.353059011918958e-06,0,query_token_layer_35
366,575755,popular,chair,1,0.8258006572723389,0,query_token_layer_35
391,170365,popular,sink,0,0.0007684426964260638,0,query_token_layer_35
392,170365,popular,person,0,0.00014230029773898423,0,query_token_layer_35
393,170365,popular,potted plant,0,1.6364107068511657e-05,0,query_token_layer_35
394,170365,popular,dining table,0,4.4739528675563633e-05,0,query_token_layer_35
395,170365,popular,toilet,0,3.403721711947583e-05,0,query_token_layer_35
396,170365,popular,car,0,3.591198401409201e-05,0,query_token_layer_35
439,231589,popular,chair,0,0.006119308993220329,0,query_token_layer_35
440,231589,popular,dining table,0,0.00015832734061405063,0,query_token_layer_35
441,231589,popular,person,0,4.654644271795405e-06,0,query_token_layer_35
442,231589,popular,car,0,9.548626985633746e-05,0,query_token_layer_35
444,231589,popular,cup,0,6.036762715666555e-05,0,query_token_layer_35
470,332625,popular,dining table,0,1.4493411981675308e-05,0,query_token_layer_35
471,332625,popular,person,0,0.000235544444876723,0,query_token_layer_35
472,332625,popular,car,0,7.176336657721549e-05,0,query_token_layer_35
473,332625,popular,airplane,0,0.01058977097272873,0,query_token_layer_35
474,332625,popular,cup,0,5.848514410899952e-05,0,query_token_layer_35
547,81336,popular,traffic light,0,0.002665995853021741,0,query_token_layer_35
548,81336,popular,dining table,0,0.000136611532070674,0,query_token_layer_35
550,81336,popular,chair,0,1.7846705304691568e-05,0,query_token_layer_35
551,81336,popular,person,0,0.01174011267721653,0,query_token_layer_35
552,81336,popular,cup,0,4.218095909891417e-06,0,query_token_layer_35
632,572075,popular,person,0,8.63894383655861e-05,0,query_token_layer_35
633,572075,popular,toilet,0,0.0009214722667820752,0,query_token_layer_35
634,572075,popular,dining table,0,5.3625964937964454e-05,0,query_token_layer_35
635,572075,popular,cat,0,1.5438650734722614e-05,0,query_token_layer_35
636,572075,popular,car,0,8.28352403914323e-06,0,query_token_layer_35
639,387098,popular,laptop,0,0.0005901544354856014,0,query_token_layer_35
640,387098,popular,car,0,7.340035517700016e-05,0,query_token_layer_35
642,387098,popular,chair,0,3.0695794066559756e-06,0,query_token_layer_35
691,366141,popular,tv,0,0.00014061856199987233,0,query_token_layer_35
692,366141,popular,person,0,6.507617854367709e-06,0,query_token_layer_35
693,366141,popular,couch,0,0.0008683011401444674,0,query_token_layer_35
694,366141,popular,car,0,2.5508184990030713e-05,0,query_token_layer_35
695,366141,popular,dining table,0,1.7902599211083725e-05,0,query_token_layer_35
696,366141,popular,cup,0,0.019037894904613495,0,query_token_layer_35
781,369541,popular,dog,0,0.00057744060177356,0,query_token_layer_35
782,369541,popular,dining table,0,8.52155644679442e-05,0,query_token_layer_35
783,369541,popular,person,0,0.0004663327999878675,0,query_token_layer_35
784,369541,popular,car,0,0.00015650721616111696,0,query_token_layer_35
785,369541,popular,frisbee,0,0.0013258095132187009,0,query_token_layer_35
786,369541,popular,chair,0,1.097400308935903e-05,0,query_token_layer_35
787,7795,popular,clock,0,0.038067109882831573,0,query_token_layer_35
788,7795,popular,person,0,0.00026911942404694855,0,query_token_layer_35
789,7795,popular,bed,0,0.0006450787768699229,0,query_token_layer_35
790,7795,popular,dining table,0,6.298023799899966e-05,0,query_token_layer_35
792,7795,popular,car,0,0.0006376587552949786,0,query_token_layer_35
805,102439,popular,tv,0,0.0005146177718415856,0,query_token_layer_35
806,102439,popular,dining table,0,4.473466833587736e-05,0,query_token_layer_35
808,102439,popular,car,0,3.663863390102051e-05,0,query_token_layer_35
809,102439,popular,remote,0,0.0021956458222121,0,query_token_layer_35
810,102439,popular,chair,0,1.2221710676385555e-05,0,query_token_layer_35
835,300876,popular,person,0,0.0001402252964908257,0,query_token_layer_35
836,300876,popular,car,0,0.00027166257495991886,0,query_token_layer_35
838,300876,popular,backpack,1,0.21217288076877594,0,query_token_layer_35
839,300876,popular,bowl,0,0.9476398229598999,0,query_token_layer_35
840,300876,popular,truck,0,6.599962944164872e-05,0,query_token_layer_35
841,443240,popular,tv,0,1.4729089343745727e-05,0,query_token_layer_35
842,443240,popular,person,0,7.876745257817674e-06,0,query_token_layer_35
844,443240,popular,dining table,0,0.00015288623399101198,0,query_token_layer_35
845,443240,popular,couch,0,0.004605707712471485,0,query_token_layer_35
846,443240,popular,car,0,8.09488701634109e-05,0,query_token_layer_35
913,539251,popular,sink,0,0.0062334975227713585,0,query_token_layer_35
914,539251,popular,dining table,0,0.00020752957789227366,0,query_token_layer_35
915,539251,popular,person,0,3.5697253224498127e-06,0,query_token_layer_35
916,539251,popular,car,0,0.00011624056787695736,0,query_token_layer_35
917,539251,popular,potted plant,0,0.2253602296113968,0,query_token_layer_35
918,539251,popular,chair,1,0.969894289970398,0,query_token_layer_35
961,419453,popular,person,0,3.973073944507632e-06,0,query_token_layer_35
962,419453,popular,dining table,0,3.7892394175287336e-05,0,query_token_layer_35
963,419453,popular,sports ball,0,0.00015243134112097323,0,query_token_layer_35
964,419453,popular,car,0,1.8737431446425035e-06,0,query_token_layer_35
965,419453,popular,umbrella,0,0.00034993901499547064,0,query_token_layer_35
966,419453,popular,chair,0,0.15138974785804749,0,query_token_layer_35
997,468934,popular,banana,0,3.373468280187808e-05,0,query_token_layer_35
998,468934,popular,car,0,5.402875831350684e-05,0,query_token_layer_35
1000,468934,popular,chair,0,0.0007594721973873675,0,query_token_layer_35
1001,468934,popular,fork,0,0.00018400709086563438,0,query_token_layer_35
1002,468934,popular,cup,0,0.0003973013663198799,0,query_token_layer_35
1003,189694,popular,sink,0,0.00026993584469892085,0,query_token_layer_35
1004,189694,popular,dining table,0,0.00011551372881513089,0,query_token_layer_35
1005,189694,popular,person,0,4.243413968652021e-06,0,query_token_layer_35
1006,189694,popular,car,0,8.189753134502098e-05,0,query_token_layer_35
1007,189694,popular,bottle,0,0.883267879486084,0,query_token_layer_35
1008,189694,popular,chair,0,0.00012706193956546485,0,query_token_layer_35
1033,506178,popular,person,0,0.000510747660882771,0,query_token_layer_35
1034,506178,popular,dining table,0,0.0003876678820233792,0,query_token_layer_35
1035,506178,popular,bed,0,0.003275187686085701,0,query_token_layer_35
1036,506178,popular,car,0,0.0003433292731642723,0,query_token_layer_35
1037,506178,popular,remote,0,0.2988285422325134,0,query_token_layer_35
1038,506178,popular,chair,0,0.11222727596759796,0,query_token_layer_35
1039,249720,popular,backpack,0,0.9931875467300415,1,query_token_layer_35
1040,249720,popular,dining table,0,4.218899630359374e-05,0,query_token_layer_35
1041,249720,popular,person,0,0.002657069591805339,0,query_token_layer_35
1042,249720,popular,chair,0,3.641625153250061e-05,0,query_token_layer_35
1044,249720,popular,cup,0,9.096084454540687e-07,0,query_token_layer_35
1063,278771,popular,person,0,2.286183189426083e-05,0,query_token_layer_35
1064,278771,popular,dining table,0,9.390005288878456e-05,0,query_token_layer_35
1065,278771,popular,sports ball,0,8.18737898953259e-05,0,query_token_layer_35
1066,278771,popular,car,0,0.0005335501627996564,0,query_token_layer_35
1067,278771,popular,bottle,0,0.1531844586133957,0,query_token_layer_35
1068,278771,popular,chair,0,0.0001517604396212846,0,query_token_layer_35
1135,246145,popular,chair,0,0.00014725305663887411,0,query_token_layer_35
1136,246145,popular,person,0,1.4032507351657841e-05,0,query_token_layer_35
1137,246145,popular,clock,0,0.00018268301209900528,0,query_token_layer_35
1138,246145,popular,car,0,3.620999996201135e-05,0,query_token_layer_35
1139,246145,popular,dining table,0,7.828739035176113e-05,0,query_token_layer_35
1140,246145,popular,cup,0,0.00012516361312009394,0,query_token_layer_35
1147,529668,popular,person,0,1.7952692360267974e-05,0,query_token_layer_35
1148,529668,popular,dining table,0,5.6782635510899127e-05,0,query_token_layer_35
1149,529668,popular,handbag,0,0.0014709584647789598,0,query_token_layer_35
1150,529668,popular,car,0,7.176987128332257e-05,0,query_token_layer_35
1151,529668,popular,cell phone,0,0.00036444078432396054,0,query_token_layer_35
1152,529668,popular,chair,0,0.00027799594681710005,0,query_token_layer_35
1153,376959,popular,chair,0,0.9763677716255188,1,query_token_layer_35
1154,376959,popular,car,0,0.00021615026344079524,0,query_token_layer_35
1155,376959,popular,person,0,1.4652078789367806e-05,0,query_token_layer_35
1156,376959,popular,cup,0,4.256060128682293e-05,0,query_token_layer_35
1157,376959,popular,cell phone,0,0.9365774989128113,0,query_token_layer_35
1158,376959,popular,bottle,0,0.00010922345973085612,0,query_token_layer_35
1207,124930,popular,person,0,3.14615317620337e-05,0,query_token_layer_35
1208,124930,popular,dining table,1,0.9571155905723572,0,query_token_layer_35
1210,124930,popular,car,0,0.0002719035546761006,0,query_token_layer_35
1211,124930,popular,spoon,0,0.8728666305541992,0,query_token_layer_35
1212,124930,popular,chair,0,8.70860822033137e-06,0,query_token_layer_35
1219,377879,popular,truck,0,0.05761753395199776,0,query_token_layer_35
1220,377879,popular,person,0,1.9472645362839103e-05,0,query_token_layer_35
1221,377879,popular,train,0,0.3098123371601105,0,query_token_layer_35
1222,377879,popular,dining table,0,5.630714804283343e-05,0,query_token_layer_35
1223,377879,popular,bed,0,9.267847417504527e-06,0,query_token_layer_35
1224,377879,popular,car,0,6.3038046391739044e-06,0,query_token_layer_35
1231,49473,popular,vase,0,0.0006644827662967145,0,query_token_layer_35
1232,49473,popular,person,0,0.0001476771431043744,0,query_token_layer_35
1234,49473,popular,car,0,1.5306490240618587e-05,0,query_token_layer_35
1236,49473,popular,chair,0,0.0002850490272976458,0,query_token_layer_35
1243,383185,popular,banana,0,3.106009535258636e-05,0,query_token_layer_35
1244,383185,popular,person,0,2.9110273317201063e-05,0,query_token_layer_35
1245,383185,popular,spoon,0,0.3108132481575012,0,query_token_layer_35
1246,383185,popular,dining table,0,1.6313186279148795e-05,0,query_token_layer_35
1248,383185,popular,car,0,4.133409674977884e-05,0,query_token_layer_35
1249,388983,popular,person,0,0.00024096453853417188,0,query_token_layer_35
1250,388983,popular,car,0,1.649331534281373e-05,0,query_token_layer_35
1252,388983,popular,chair,0,0.00017415515321772546,0,query_token_layer_35
1268,244455,popular,dining table,0,4.112763417651877e-05,0,query_token_layer_35
1269,244455,popular,person,0,9.040289296535775e-05,0,query_token_layer_35
1270,244455,popular,chair,0,7.137592183426023e-05,0,query_token_layer_35
1272,244455,popular,cup,0,0.00012656842591241002,0,query_token_layer_35
1291,307166,popular,pizza,0,0.00025068363174796104,0,query_token_layer_35
1292,307166,popular,person,1,0.993346095085144,1,query_token_layer_35
1293,307166,popular,bottle,0,0.01768428646028042,0,query_token_layer_35
1294,307166,popular,car,0,0.00018241269572172314,0,query_token_layer_35
1296,307166,popular,chair,0,3.3328546123811975e-05,0,query_token_layer_35
1303,355342,popular,person,0,0.0008675195276737213,0,query_token_layer_35
1304,355342,popular,dining table,0,0.0003143384528812021,0,query_token_layer_35
1306,355342,popular,car,0,0.00013208479504100978,0,query_token_layer_35
1307,355342,popular,umbrella,0,0.001001083175651729,0,query_token_layer_35
1308,355342,popular,chair,0,0.00024020482669584453,0,query_token_layer_35
1321,429033,popular,chair,0,0.0015665598912164569,0,query_token_layer_35
1322,429033,popular,dining table,0,0.00024235180171672255,0,query_token_layer_35
1323,429033,popular,person,0,7.314440881600603e-05,0,query_token_layer_35
1324,429033,popular,car,0,7.557404023827985e-05,0,query_token_layer_35
1325,429033,popular,laptop,0,0.0009246582048945129,0,query_token_layer_35
1326,429033,popular,cup,0,1.5227185940602794e-05,0,query_token_layer_35
1453,18918,popular,sink,0,0.006763392128050327,0,query_token_layer_35
1454,18918,popular,person,0,1.016775695461547e-05,0,query_token_layer_35
1455,18918,popular,bowl,0,0.3342595398426056,0,query_token_layer_35
1456,18918,popular,dining table,0,7.013763934082817e-06,0,query_token_layer_35
1457,18918,popular,oven,0,0.22330595552921295,0,query_token_layer_35
1458,18918,popular,car,0,5.156780389370397e-05,0,query_token_layer_35
1459,115626,popular,person,0,1.5163134776230436e-05,0,query_token_layer_35
1460,115626,popular,dining table,0,4.023836663691327e-05,0,query_token_layer_35
1461,115626,popular,motorcycle,0,5.3002091590315104e-05,0,query_token_layer_35
1462,115626,popular,car,0,2.9493776310118847e-06,0,query_token_layer_35
1463,115626,popular,parking meter,0,1.8183927750214934e-05,0,query_token_layer_35
1464,115626,popular,chair,0,9.598152246326208e-05,0,query_token_layer_35
1465,391735,popular,traffic light,0,0.0005241053295321763,0,query_token_layer_35
1466,391735,popular,dining table,0,6.7516630224417895e-06,0,query_token_layer_35
1468,391735,popular,car,0,3.287477375124581e-05,0,query_token_layer_35
1469,391735,popular,person,0,0.0002943045983556658,0,query_token_layer_35
1573,204100,popular,banana,0,2.2036847440176643e-05,0,query_token_layer_35
1574,204100,popular,dining table,0,8.455136594420765e-06,0,query_token_layer_35
1575,204100,popular,person,0,0.00042329943971708417,0,query_token_layer_35
1576,204100,popular,car,0,5.813954703626223e-05,0,query_token_layer_35
1577,204100,popular,bowl,0,0.8252849578857422,0,query_token_layer_35
1742,343401,popular,dining table,0,3.158635081490502e-05,0,query_token_layer_35
1743,343401,popular,dog,0,0.002467506565153599,0,query_token_layer_35
1745,343401,popular,person,0,0.00012389058247208595,0,query_token_layer_35
1746,343401,popular,cup,0,1.3170105376048014e-05,0,query_token_layer_35
1747,246199,popular,banana,0,0.00018584881036076695,0,query_token_layer_35
1748,246199,popular,person,0,0.00010945168469334021,0,query_token_layer_35
1749,246199,popular,orange,0,0.043933089822530746,0,query_token_layer_35
1750,246199,popular,car,0,1.196266839542659e-05,0,query_token_layer_35
1751,246199,popular,dining table,0,4.385226930025965e-05,0,query_token_layer_35
1752,246199,popular,chair,0,0.00016225947183556855,0,query_token_layer_35
1765,501898,popular,person,0,7.536919383710483e-06,0,query_token_layer_35
1766,501898,popular,dining table,0,0.00016728020273149014,0,query_token_layer_35
1767,501898,popular,sports ball,0,0.09631142765283585,0,query_token_layer_35
1768,501898,popular,car,0,5.273347414913587e-05,0,query_token_layer_35
1769,501898,popular,tennis racket,0,2.5299887056462467e-05,0,query_token_layer_35
1770,501898,popular,chair,0,0.0014442296233028173,0,query_token_layer_35
1813,188958,popular,snowboard,0,0.0034828598145395517,0,query_token_layer_35
1814,188958,popular,dining table,0,0.00039826834108680487,0,query_token_layer_35
1815,188958,popular,person,0,7.540916612924775e-06,0,query_token_layer_35
1816,188958,popular,car,0,0.0002741839562077075,0,query_token_layer_35
1817,188958,popular,skis,0,0.000570478558074683,0,query_token_layer_35
1818,188958,popular,chair,0,0.00019118213094770908,0,query_token_layer_35
1825,198397,popular,chair,0,0.00010161200043512508,0,query_token_layer_35
1826,198397,popular,dining table,0,0.00014740842743776739,0,query_token_layer_35
1827,198397,popular,person,0,5.5896973208291456e-05,0,query_token_layer_35
1828,198397,popular,car,0,0.00024281830701511353,0,query_token_layer_35
1829,198397,popular,sports ball,0,0.0024027558974921703,0,query_token_layer_35
1830,198397,popular,cup,0,7.329505933739711e-06,0,query_token_layer_35
1832,349936,popular,person,0,0.00016936422616709024,0,query_token_layer_35
1833,349936,popular,dining table,0,0.01860172115266323,0,query_token_layer_35
1834,349936,popular,car,0,0.00012252797023393214,0,query_token_layer_35
1835,349936,popular,chair,0,0.09577053040266037,0,query_token_layer_35
1836,349936,popular,bottle,0,1.4980339074099902e-05,0,query_token_layer_35
1975,293564,popular,person,0,4.694204835686833e-05,0,query_token_layer_35
1976,293564,popular,dining table,0,4.945107502862811e-05,0,query_token_layer_35
1977,293564,popular,surfboard,0,0.008748674765229225,0,query_token_layer_35
1978,293564,popular,car,0,5.8395398809807375e-06,0,query_token_layer_35
1979,293564,popular,umbrella,0,0.14876024425029755,0,query_token_layer_35
1980,293564,popular,chair,0,8.961925232142676e-06,0,query_token_layer_35
2005,263594,popular,bird,0,0.003049987368285656,0,query_token_layer_35
2006,263594,popular,person,0,1.7343547369819134e-05,0,query_token_layer_35
2007,263594,popular,truck,0,0.2579594850540161,0,query_token_layer_35
2008,263594,popular,dining table,0,2.4849199689924717e-05,0,query_token_layer_35
2009,263594,popular,car,0,0.0003204155364073813,0,query_token_layer_35
2010,263594,popular,chair,0,0.0001669527409831062,0,query_token_layer_35
2035,363908,popular,baseball glove,0,0.038560204207897186,0,query_token_layer_35
2036,363908,popular,dining table,0,7.287726475624368e-05,0,query_token_layer_35
2037,363908,popular,person,0,0.0001127588766394183,0,query_token_layer_35
2038,363908,popular,car,0,0.0005415700725279748,0,query_token_layer_35
2039,363908,popular,sports ball,0,0.0014695058343932033,0,query_token_layer_35
2040,363908,popular,chair,0,0.0001870244013844058,0,query_token_layer_35
2047,348469,popular,bird,0,0.9130901098251343,0,query_token_layer_35
2048,348469,popular,dining table,0,7.342820481426315e-06,0,query_token_layer_35
2049,348469,popular,person,0,1.3207333722675685e-05,0,query_token_layer_35
2050,348469,popular,car,0,1.8648990590008907e-05,0,query_token_layer_35
2051,348469,popular,baseball bat,0,7.967376586748287e-05,0,query_token_layer_35
2052,348469,popular,chair,0,1.3277069228934124e-05,0,query_token_layer_35
2065,76416,popular,person,0,0.03793184086680412,0,query_token_layer_35
2066,76416,popular,dining table,0,6.758315430488437e-05,0,query_token_layer_35
2067,76416,popular,bicycle,0,0.1310032457113266,0,query_token_layer_35
2070,76416,popular,chair,0,2.4300750737893395e-05,0,query_token_layer_35
2078,445200,popular,person,0,0.00045230635441839695,0,query_token_layer_35
2079,445200,popular,broccoli,0,9.561381375533529e-06,0,query_token_layer_35
2080,445200,popular,car,0,0.00012564804637804627,0,query_token_layer_35
2081,445200,popular,dining table,0,0.002751845633611083,0,query_token_layer_35
2083,433574,popular,person,0,2.0310722902650014e-05,0,query_token_layer_35
2084,433574,popular,car,0,0.00010872310667764395,0,query_token_layer_35
2085,433574,popular,couch,0,0.0017300012987107038,0,query_token_layer_35
2086,433574,popular,cup,1,0.9905942678451538,1,query_token_layer_35
2087,433574,popular,dining table,0,5.209497885516612e-06,0,query_token_layer_35
2088,433574,popular,bottle,0,1.9377834178158082e-05,0,query_token_layer_35
2095,114941,popular,person,0,0.8151938319206238,0,query_token_layer_35
2096,114941,popular,dining table,0,7.303422171389684e-05,0,query_token_layer_35
2097,114941,popular,train,0,4.3037023715442047e-05,0,query_token_layer_35
2098,114941,popular,chair,0,4.805908974958584e-05,0,query_token_layer_35
2100,114941,popular,cup,0,2.447184488119092e-05,0,query_token_layer_35
2114,382617,popular,person,0,0.0003340081311762333,0,query_token_layer_35
2116,382617,popular,car,0,3.985623698099516e-05,0,query_token_layer_35
2117,382617,popular,book,0,0.000955102383159101,0,query_token_layer_35
2118,382617,popular,chair,0,4.0364699088968337e-05,0,query_token_layer_35
2125,120792,popular,person,0,1.7780281268642284e-05,0,query_token_layer_35
2126,120792,popular,dining table,0,0.00036749933497048914,0,query_token_layer_35
2127,120792,popular,remote,0,0.0668993666768074,0,query_token_layer_35
2128,120792,popular,car,0,0.00011085540609201416,0,query_token_layer_35
2129,120792,popular,chair,0,0.8886597156524658,0,query_token_layer_35
2130,120792,popular,backpack,0,1.3252704775368329e-05,0,query_token_layer_35
2143,156704,popular,person,0,0.00017548201140016317,0,query_token_layer_35
2144,156704,popular,dining table,0,0.0002967507462017238,0,query_token_layer_35
2145,156704,popular,surfboard,0,0.0021245121024549007,0,query_token_layer_35
2146,156704,popular,car,0,0.0005598710267804563,0,query_token_layer_35
2147,156704,popular,umbrella,0,0.9391342401504517,0,query_token_layer_35
2209,545353,popular,pizza,0,0.0011460372479632497,0,query_token_layer_35
2210,545353,popular,car,0,9.255491750082001e-05,0,query_token_layer_35
2211,545353,popular,person,0,4.757913120556623e-05,0,query_token_layer_35
2212,545353,popular,chair,0,5.3157640650169924e-05,0,query_token_layer_35
2213,545353,popular,sink,0,6.845629286544863e-06,0,query_token_layer_35
2214,545353,popular,cup,0,0.0004108395369257778,0,query_token_layer_35
2239,304819,popular,tv,0,6.292045145528391e-05,0,query_token_layer_35
2240,304819,popular,person,0,0.006862702313810587,0,query_token_layer_35
2241,304819,popular,cat,0,0.00016126078844536096,0,query_token_layer_35
2242,304819,popular,car,0,1.3740994290856179e-05,0,query_token_layer_35
2243,304819,popular,laptop,0,1.7762147763278335e-05,0,query_token_layer_35
2244,304819,popular,chair,0,4.645385160984006e-06,0,query_token_layer_35
2294,390157,popular,car,0,6.659753125859424e-05,0,query_token_layer_35
2295,390157,popular,person,0,0.00040743814315646887,0,query_token_layer_35
2296,390157,popular,chair,0,6.56431393508683e-06,0,query_token_layer_35
2297,390157,popular,bottle,0,0.006627590861171484,0,query_token_layer_35
2298,390157,popular,cup,1,0.9982524514198303,1,query_token_layer_35
2347,477598,popular,dog,0,5.658420195686631e-05,0,query_token_layer_35
2348,477598,popular,dining table,0,3.738115992746316e-05,0,query_token_layer_35
2350,477598,popular,car,0,7.886232197051868e-05,0,query_token_layer_35
2351,477598,popular,frisbee,0,0.003945320378988981,0,query_token_layer_35
2352,477598,popular,chair,0,8.439579687546939e-05,0,query_token_layer_35
2372,325347,popular,dining table,0,9.574302384862676e-05,0,query_token_layer_35
2373,325347,popular,person,0,0.00024039519485086203,0,query_token_layer_35
2374,325347,popular,car,0,0.0001373349950881675,0,query_token_layer_35
2375,325347,popular,sports ball,0,0.00022113177692517638,0,query_token_layer_35
2376,325347,popular,cup,0,8.67429389472818e-06,0,query_token_layer_35
2378,256906,popular,dining table,0,6.227879202924669e-05,0,query_token_layer_35
2379,256906,popular,person,0,0.00012471269292291254,0,query_token_layer_35
2380,256906,popular,chair,0,0.00019735016394406557,0,query_token_layer_35
2382,256906,popular,cup,0,6.790338375139982e-05,0,query_token_layer_35
2395,288576,popular,person,0,1.0852868399524596e-05,0,query_token_layer_35
2396,288576,popular,dining table,0,1.953605533344671e-05,0,query_token_layer_35
2397,288576,popular,bicycle,0,0.0031275709625333548,0,query_token_layer_35
2398,288576,popular,car,0,5.053052518633194e-05,0,query_token_layer_35
2399,288576,popular,frisbee,0,0.00014527072198688984,0,query_token_layer_35
2400,288576,popular,chair,0,1.9057803228861303e-06,0,query_token_layer_35
2509,246928,popular,chair,0,0.015053972601890564,0,query_token_layer_35
2510,246928,popular,person,0,0.0001539181830594316,0,query_token_layer_35
2512,246928,popular,dining table,0,0.00010316594853065908,0,query_token_layer_35
2513,246928,popular,bed,0,0.0010010174009948969,0,query_token_layer_35
2514,246928,popular,cup,0,0.00011259631719440222,0,query_token_layer_35
2545,163575,popular,dog,0,6.172579014673829e-05,0,query_token_layer_35
2546,163575,popular,dining table,0,0.00016144417168106884,0,query_token_layer_35
2547,163575,popular,person,0,0.00010924492380581796,0,query_token_layer_35
2548,163575,popular,car,0,6.511106039397418e-05,0,query_token_layer_35
2549,163575,popular,bed,0,0.00015488782082684338,0,query_token_layer_35
2550,163575,popular,chair,0,0.00015131683903746307,0,query_token_layer_35
2581,562155,popular,person,0,7.677526809857227e-06,0,query_token_layer_35
2582,562155,popular,dining table,0,2.7151852918905206e-05,0,query_token_layer_35
2583,562155,popular,car,0,3.101936090388335e-05,0,query_token_layer_35
2584,562155,popular,chair,1,0.15642231702804565,0,query_token_layer_35
2585,562155,popular,tie,0,8.33367885206826e-05,0,query_token_layer_35
2586,562155,popular,cup,0,5.5063010222511366e-05,0,query_token_layer_35
2617,222118,popular,person,0,9.989265890908428e-06,0,query_token_layer_35
2618,222118,popular,dining table,0,3.227010165574029e-05,0,query_token_layer_35
2619,222118,popular,suitcase,0,0.037883032113313675,0,query_token_layer_35
2620,222118,popular,car,0,0.00023231154773384333,0,query_token_layer_35
2621,222118,popular,handbag,0,0.269172728061676,0,query_token_layer_35
2622,222118,popular,chair,0,0.00023372986470349133,0,query_token_layer_35
2623,514292,popular,book,0,3.060418021050282e-05,0,query_token_layer_35
2624,514292,popular,person,0,0.0001013630026136525,0,query_token_layer_35
2625,514292,popular,teddy bear,0,4.08064170187572e-06,0,query_token_layer_35
2626,514292,popular,dining table,0,0.0002086806489387527,0,query_token_layer_35
2628,514292,popular,car,0,2.7351446988177486e-05,0,query_token_layer_35
2642,429706,popular,dining table,0,0.00029239384457468987,0,query_token_layer_35
2643,429706,popular,backpack,0,0.279184490442276,0,query_token_layer_35
2644,429706,popular,car,0,0.0003632799780461937,0,query_token_layer_35
2645,429706,popular,person,0,1.0596824722597376e-05,0,query_token_layer_35
2646,429706,popular,chair,0,8.499722753185779e-06,0,query_token_layer_35
2683,191964,popular,keyboard,0,3.0537541988451267e-06,0,query_token_layer_35
2684,191964,popular,person,0,5.925847653998062e-05,0,query_token_layer_35
2685,191964,popular,orange,0,2.5959103311379295e-08,0,query_token_layer_35
2686,191964,popular,dining table,0,2.845613744284492e-05,0,query_token_layer_35
2687,191964,popular,cat,0,4.442781573743559e-06,0,query_token_layer_35
2688,191964,popular,car,0,5.235056505625835e-06,0,query_token_layer_35
2720,367528,popular,car,0,8.780943608144298e-05,0,query_token_layer_35
2721,367528,popular,person,0,0.0003548288659658283,0,query_token_layer_35
2722,367528,popular,chair,1,0.9340951442718506,0,query_token_layer_35
2724,367528,popular,bottle,0,7.732768608548213e-06,0,query_token_layer_35
2737,50627,popular,baseball glove,0,0.1846262514591217,0,query_token_layer_35
2738,50627,popular,dining table,0,4.400093530421145e-05,0,query_token_layer_35
2739,50627,popular,person,0,5.394972686190158e-05,0,query_token_layer_35
2740,50627,popular,car,0,0.0001491052535129711,0,query_token_layer_35
2741,50627,popular,sports ball,0,0.0016389850061386824,0,query_token_layer_35
2742,50627,popular,chair,0,0.0001226463937200606,0,query_token_layer_35
2743,233426,popular,vase,0,0.000381561869289726,0,query_token_layer_35
2744,233426,popular,person,0,0.0005241897306405008,0,query_token_layer_35
2745,233426,popular,potted plant,1,0.9506919384002686,0,query_token_layer_35
2746,233426,popular,car,0,0.00013095610484015197,0,query_token_layer_35
2747,233426,popular,dining table,1,0.9677236676216125,0,query_token_layer_35
2748,233426,popular,chair,1,0.09407747536897659,0,query_token_layer_35
2779,79213,popular,person,0,0.00012151661940151826,0,query_token_layer_35
2780,79213,popular,dining table,0,5.975768362986855e-05,0,query_token_layer_35
2781,79213,popular,couch,0,0.27535685896873474,0,query_token_layer_35
2782,79213,popular,car,0,0.0001133877012762241,0,query_token_layer_35
2783,79213,popular,remote,0,0.04962979257106781,0,query_token_layer_35
2803,575355,popular,chair,0,0.9521322846412659,0,query_token_layer_35
2804,575355,popular,person,0,0.0002913758798968047,0,query_token_layer_35
2805,575355,popular,bench,0,0.989538848400116,1,query_token_layer_35
2806,575355,popular,car,0,9.342337580164894e-05,0,query_token_layer_35
2807,575355,popular,dining table,0,0.3204594552516937,0,query_token_layer_35
2808,575355,popular,cup,0,2.9162871214793995e-05,0,query_token_layer_35
2809,396068,popular,tv,0,0.00017832058074418455,0,query_token_layer_35
2810,396068,popular,dining table,0,6.484839832410216e-05,0,query_token_layer_35
2811,396068,popular,person,0,2.292037970619276e-05,0,query_token_layer_35
2812,396068,popular,car,0,8.834806067170575e-05,0,query_token_layer_35
2813,396068,popular,remote,0,0.00019217911176383495,0,query_token_layer_35
2814,396068,popular,chair,0,1.2941513887199108e-05,0,query_token_layer_35
2875,8749,popular,pizza,0,7.280537101905793e-05,0,query_token_layer_35
2876,8749,popular,person,0,0.0006901753949932754,0,query_token_layer_35
2878,8749,popular,car,0,4.6039061999181286e-05,0,query_token_layer_35
2879,8749,popular,dining table,0,0.011115961708128452,0,query_token_layer_35
2880,8749,popular,chair,0,1.0068120900541544e-05,0,query_token_layer_35
2911,190788,popular,person,0,0.0010122295934706926,0,query_token_layer_35
2912,190788,popular,car,0,4.4156207877676934e-05,0,query_token_layer_35
2913,190788,popular,dining table,0,0.003099696943536401,0,query_token_layer_35
2915,190788,popular,knife,0,0.9853106737136841,1,query_token_layer_35
2916,190788,popular,bottle,0,0.00021246838150545955,0,query_token_layer_35
2935,235203,popular,person,0,0.00016176575445570052,0,query_token_layer_35
2936,235203,popular,dining table,0,0.00021827183081768453,0,query_token_layer_35
2938,235203,popular,car,0,3.320023097330704e-05,0,query_token_layer_35
2940,235203,popular,cup,0,6.174866939545609e-06,0,query_token_layer_35
2941,468997,popular,baseball glove,0,0.04802227020263672,0,query_token_layer_35
2942,468997,popular,dining table,0,0.00014171168731991202,0,query_token_layer_35
2943,468997,popular,person,0,4.106704000150785e-05,0,query_token_layer_35
2944,468997,popular,car,0,0.0003464672190602869,0,query_token_layer_35
2946,468997,popular,chair,0,0.791949987411499,0,query_token_layer_35
2960,3845,popular,person,0,0.0001353917468804866,0,query_token_layer_35
2961,3845,popular,broccoli,0,0.0002677908050827682,0,query_token_layer_35
2962,3845,popular,car,0,4.6068045776337385e-05,0,query_token_layer_35
2963,3845,popular,fork,0,9.691215382190421e-05,0,query_token_layer_35
2964,3845,popular,chair,0,0.00277637573890388,0,query_token_layer_35
2977,497599,popular,chair,0,0.008507621474564075,0,query_token_layer_35
2978,497599,popular,car,0,0.00015546547365374863,0,query_token_layer_35
2979,497599,popular,person,0,7.155031198635697e-05,0,query_token_layer_35
2980,497599,popular,cup,0,0.0001085714393411763,0,query_token_layer_35
2981,497599,popular,laptop,0,0.00023525109281763434,0,query_token_layer_35
2982,497599,popular,bottle,0,0.0001634414802538231,0,query_token_layer_35
2989,361430,popular,bowl,0,0.9921364784240723,1,query_token_layer_35
2990,361430,popular,person,0,5.7013290643226355e-05,0,query_token_layer_35
2991,361430,popular,broccoli,0,0.0003598325129132718,0,query_token_layer_35
2992,361430,popular,dining table,0,1.7425960322725587e-05,0,query_token_layer_35
2993,361430,popular,spoon,0,0.0006293350015766919,0,query_token_layer_35
2994,361430,popular,car,0,5.163305104360916e-05,0,query_token_layer_35
2995,277289,popular,tv,0,9.372131898999214e-05,0,query_token_layer_35
2996,277289,popular,person,0,2.744142329902388e-05,0,query_token_layer_35
2998,277289,popular,car,0,4.313925819587894e-05,0,query_token_layer_35
2999,277289,popular,couch,0,0.006857539992779493,0,query_token_layer_35
3000,277289,popular,chair,0,0.20842337608337402,0,query_token_layer_35
1,310196,random,snowboard,0,6.29697969998233e-05,0,query_token_layer_35
2,310196,random,car,0,0.00021843629656359553,0,query_token_layer_35
3,310196,random,person,0,8.887262811185792e-05,0,query_token_layer_35
4,310196,random,sandwich,0,1.0155400559597183e-05,0,query_token_layer_35
5,310196,random,skis,0,5.376607532525668e-06,0,query_token_layer_35
6,310196,random,couch,0,8.584051101934165e-06,0,query_token_layer_35
13,429109,random,person,0,0.03279656916856766,0,query_token_layer_35
14,429109,random,sheep,0,5.545770363823976e-06,0,query_token_layer_35
15,429109,random,bicycle,0,0.0050679645501077175,0,query_token_layer_35
16,429109,random,broccoli,0,2.1606050722766668e-05,0,query_token_layer_35
17,429109,random,car,0,0.009112698026001453,0,query_token_layer_35
18,429109,random,tennis racket,0,0.00032533533521927893,0,query_token_layer_35
25,458338,random,traffic light,0,0.0008271654369309545,0,query_token_layer_35
26,458338,random,train,0,0.00021108864166308194,0,query_token_layer_35
27,458338,random,person,0,0.013749663718044758,0,query_token_layer_35
28,458338,random,surfboard,0,2.3365770175587386e-05,0,query_token_layer_35
29,458338,random,car,0,0.000534486782271415,0,query_token_layer_35
30,458338,random,kite,0,6.359195685945451e-05,0,query_token_layer_35
55,17708,random,bird,0,6.7528075305745e-05,0,query_token_layer_35
56,17708,random,fire hydrant,0,1.5051595255499706e-05,0,query_token_layer_35
57,17708,random,person,0,0.003734485013410449,0,query_token_layer_35
58,17708,random,bed,0,5.9342419262975454e-06,0,query_token_layer_35
59,17708,random,boat,0,2.143355959560722e-05,0,query_token_layer_35
60,17708,random,bench,0,9.213874727720395e-05,0,query_token_layer_35
79,569839,random,person,0,0.00019311887444928288,0,query_token_layer_35
80,569839,random,zebra,0,6.481622222054284e-06,0,query_token_layer_35
82,569839,random,tie,0,0.0003362418501637876,0,query_token_layer_35
84,569839,random,car,0,8.596834231866524e-05,0,query_token_layer_35
103,131115,random,baseball glove,0,0.002952172188088298,0,query_token_layer_35
104,131115,random,suitcase,0,3.215481046936475e-05,0,query_token_layer_35
105,131115,random,person,0,3.66409367416054e-05,0,query_token_layer_35
106,131115,random,sheep,0,2.677108795978711e-06,0,query_token_layer_35
107,131115,random,baseball bat,0,6.365389708662406e-05,0,query_token_layer_35
108,131115,random,dining table,0,0.0001389725657645613,0,query_token_layer_35
127,75591,random,bed,0,0.21231383085250854,0,query_token_layer_35
128,75591,random,scissors,0,2.7371172109269537e-05,0,query_token_layer_35
129,75591,random,cat,0,0.0003183310618624091,0,query_token_layer_35
130,75591,random,clock,0,0.0005888511659577489,0,query_token_layer_35
131,75591,random,book,0,0.011013549752533436,0,query_token_layer_35
132,75591,random,elephant,0,1.747263922879938e-05,0,query_token_layer_35
163,140583,random,truck,0,0.010609389282763004,0,query_token_layer_35
164,140583,random,carrot,0,2.8410175218596123e-05,0,query_token_layer_35
165,140583,random,person,0,0.01996036246418953,0,query_token_layer_35
166,140583,random,tv,0,4.836072093894472e-06,0,query_token_layer_35
167,140583,random,cow,0,5.755737220169976e-06,0,query_token_layer_35
168,140583,random,potted plant,0,0.00019961260841228068,0,query_token_layer_35
217,498759,random,person,0,0.0010096239857375622,0,query_token_layer_35
218,498759,random,truck,0,3.991748144471785e-06,0,query_token_layer_35
219,498759,random,skateboard,0,0.0001200745246023871,0,query_token_layer_35
220,498759,random,cell phone,0,0.0003341036499477923,0,query_token_layer_35
221,498759,random,car,0,0.0002567465999163687,0,query_token_layer_35
222,498759,random,donut,0,1.4836839909548871e-05,0,query_token_layer_35
223,360600,random,person,0,0.00036198340239934623,0,query_token_layer_35
224,360600,random,mouse,0,1.7130765854744823e-06,0,query_token_layer_35
225,360600,random,fork,0,0.9065322279930115,0,query_token_layer_35
226,360600,random,bed,0,1.902089934446849e-05,0,query_token_layer_35
227,360600,random,knife,0,0.0007285039755515754,0,query_token_layer_35
228,360600,random,baseball glove,0,1.3550365110859275e-05,0,query_token_layer_35
229,31773,random,tv,1,0.9919593930244446,1,query_token_layer_35
230,31773,random,surfboard,0,3.2584105156274745e-06,0,query_token_layer_35
231,31773,random,person,0,0.00025984752574004233,0,query_token_layer_35
232,31773,random,zebra,0,1.1680114084811066e-06,0,query_token_layer_35
236,500257,random,stop sign,0,5.269682878861204e-05,0,query_token_layer_35
238,500257,random,dog,0,3.430592914810404e-05,0,query_token_layer_35
239,500257,random,person,0,0.0008966650348156691,0,query_token_layer_35
240,500257,random,apple,0,1.9818751752609387e-05,0,query_token_layer_35
253,565941,random,person,0,6.30780341452919e-05,0,query_token_layer_35
254,565941,random,cat,0,2.0919458620483056e-05,0,query_token_layer_35
255,565941,random,bottle,0,0.009146378375589848,0,query_token_layer_35
256,565941,random,wine glass,0,5.6252551985380705e-06,0,query_token_layer_35
257,565941,random,dining table,0,0.8470128774642944,0,query_token_layer_35
258,565941,random,snowboard,0,1.8528991859056987e-05,0,query_token_layer_35
307,437347,random,baseball glove,0,0.002861988265067339,0,query_token_layer_35
308,437347,random,refrigerator,0,2.7493919333210215e-05,0,query_token_layer_35
309,437347,random,person,0,0.0004889157717116177,0,query_token_layer_35
310,437347,random,broccoli,0,1.104468265111791e-05,0,query_token_layer_35
311,437347,random,sports ball,0,0.9775087833404541,1,query_token_layer_35
312,437347,random,wine glass,0,5.68460272916127e-05,0,query_token_layer_35
313,354229,random,person,0,0.12912830710411072,0,query_token_layer_35
314,354229,random,airplane,0,9.257672354578972e-05,0,query_token_layer_35
315,354229,random,car,0,0.003635425353422761,0,query_token_layer_35
316,354229,random,sandwich,0,2.1331194147933275e-05,0,query_token_layer_35
317,354229,random,bus,0,0.0002072155912173912,0,query_token_layer_35
318,354229,random,handbag,0,0.6445883512496948,0,query_token_layer_35
319,538236,random,person,0,0.14087466895580292,0,query_token_layer_35
320,538236,random,kite,0,7.689331141591538e-06,0,query_token_layer_35
321,538236,random,dining table,0,0.16528360545635223,0,query_token_layer_35
322,538236,random,sports ball,0,3.529349123709835e-05,0,query_token_layer_35
323,538236,random,handbag,0,0.9002159237861633,0,query_token_layer_35
324,538236,random,traffic light,0,3.2094030757434666e-05,0,query_token_layer_35
325,236865,random,person,0,7.2419538810208905e-06,0,query_token_layer_35
326,236865,random,skis,0,6.886475148348836e-06,0,query_token_layer_35
327,236865,random,orange,0,0.00010779804870253429,0,query_token_layer_35
328,236865,random,toaster,0,1.1445833479228895e-05,0,query_token_layer_35
329,236865,random,car,0,0.0002761587093118578,0,query_token_layer_35
330,236865,random,refrigerator,0,7.437912427121773e-05,0,query_token_layer_35
337,60213,random,backpack,0,0.06227667257189751,0,query_token_layer_35
338,60213,random,horse,0,7.263014595082495e-06,0,query_token_layer_35
339,60213,random,bed,0,0.00010789625957841054,0,query_token_layer_35
340,60213,random,dog,0,0.000749739701859653,0,query_token_layer_35
341,60213,random,book,0,4.675577201851411e-06,0,query_token_layer_35
342,60213,random,sports ball,0,2.6746138246380724e-05,0,query_token_layer_35
349,84447,random,person,0,0.00019239491666667163,0,query_token_layer_35
350,84447,random,toothbrush,0,8.710851034265943e-06,0,query_token_layer_35
351,84447,random,motorcycle,0,0.00011155177344335243,0,query_token_layer_35
352,84447,random,carrot,0,7.684873708058149e-06,0,query_token_layer_35
354,84447,random,parking meter,0,8.617041748948395e-05,0,query_token_layer_35
361,575755,random,sandwich,0,8.101845742203295e-05,0,query_token_layer_35
362,575755,random,backpack,0,2.923195279436186e-05,0,query_token_layer_35
363,575755,random,carrot,0,0.14928172528743744,0,query_token_layer_35
364,575755,random,sink,0,0.0006108798552304506,0,query_token_layer_35
365,575755,random,broccoli,0,4.353059011918958e-06,0,query_token_layer_35
366,575755,random,bowl,0,3.898554132319987e-05,0,query_token_layer_35
391,170365,random,sink,0,0.0007684426964260638,0,query_token_layer_35
392,170365,random,bird,0,0.00018207088578492403,0,query_token_layer_35
393,170365,random,potted plant,0,1.6364107068511657e-05,0,query_token_layer_35
394,170365,random,cow,0,3.1997481073631207e-06,0,query_token_layer_35
395,170365,random,toilet,0,3.403721711947583e-05,0,query_token_layer_35
396,170365,random,banana,0,8.535146480426192e-05,0,query_token_layer_35
439,231589,random,chair,0,0.006119308993220329,0,query_token_layer_35
440,231589,random,traffic light,0,2.3580532797495835e-05,0,query_token_layer_35
441,231589,random,person,0,4.654644271795405e-06,0,query_token_layer_35
442,231589,random,toothbrush,0,0.000314836303004995,0,query_token_layer_35
444,231589,random,tennis racket,0,3.302295954199508e-05,0,query_token_layer_35
470,332625,random,potted plant,0,1.8116475985152647e-05,0,query_token_layer_35
471,332625,random,person,0,0.000235544444876723,0,query_token_layer_35
472,332625,random,motorcycle,0,3.7816727854078636e-05,0,query_token_layer_35
473,332625,random,airplane,0,0.01058977097272873,0,query_token_layer_35
474,332625,random,frisbee,0,1.0697111974877771e-05,0,query_token_layer_35
547,81336,random,traffic light,0,0.002665995853021741,0,query_token_layer_35
548,81336,random,book,0,1.292312481382396e-05,0,query_token_layer_35
550,81336,random,train,0,0.00018749736773315817,0,query_token_layer_35
551,81336,random,person,0,0.01174011267721653,0,query_token_layer_35
552,81336,random,pizza,0,0.00041662415605969727,0,query_token_layer_35
632,572075,random,cow,0,2.7029884677176597e-06,0,query_token_layer_35
633,572075,random,toilet,0,0.0009214722667820752,0,query_token_layer_35
634,572075,random,truck,0,4.6537656999134924e-06,0,query_token_layer_35
635,572075,random,cat,0,1.5438650734722614e-05,0,query_token_layer_35
636,572075,random,dog,0,3.277320138295181e-05,0,query_token_layer_35
638,387098,random,sports ball,0,0.0001293908862862736,0,query_token_layer_35
639,387098,random,laptop,0,0.0005901544354856014,0,query_token_layer_35
640,387098,random,snowboard,0,9.474669059272856e-05,0,query_token_layer_35
642,387098,random,traffic light,0,1.8870487110689282e-05,0,query_token_layer_35
691,366141,random,tv,0,0.00014061856199987233,0,query_token_layer_35
692,366141,random,elephant,0,2.3618991690455005e-05,0,query_token_layer_35
693,366141,random,couch,0,0.0008683011401444674,0,query_token_layer_35
694,366141,random,traffic light,0,7.814091077307239e-05,0,query_token_layer_35
695,366141,random,dining table,0,1.7902599211083725e-05,0,query_token_layer_35
696,366141,random,hot dog,0,8.764489393797703e-06,0,query_token_layer_35
781,369541,random,dog,0,0.00057744060177356,0,query_token_layer_35
782,369541,random,cat,0,5.5239939683815464e-05,0,query_token_layer_35
783,369541,random,person,0,0.0004663327999878675,0,query_token_layer_35
784,369541,random,baseball bat,0,3.5657849366543815e-05,0,query_token_layer_35
785,369541,random,frisbee,0,0.0013258095132187009,0,query_token_layer_35
786,369541,random,skateboard,0,0.00010023351933341473,0,query_token_layer_35
787,7795,random,clock,0,0.038067109882831573,0,query_token_layer_35
788,7795,random,train,0,8.545114542357624e-05,0,query_token_layer_35
789,7795,random,bed,0,0.0006450787768699229,0,query_token_layer_35
790,7795,random,skateboard,0,2.598819264676422e-05,0,query_token_layer_35
792,7795,random,fork,0,4.672699287766591e-05,0,query_token_layer_35
805,102439,random,tv,0,0.0005146177718415856,0,query_token_layer_35
806,102439,random,spoon,0,4.267155236448161e-05,0,query_token_layer_35
808,102439,random,dining table,0,4.473466833587736e-05,0,query_token_layer_35
809,102439,random,remote,0,0.0021956458222121,0,query_token_layer_35
810,102439,random,sink,0,0.00026017503114417195,0,query_token_layer_35
835,300876,random,person,0,0.0001402252964908257,0,query_token_layer_35
836,300876,random,apple,0,0.00017971395573113114,0,query_token_layer_35
838,300876,random,tennis racket,0,9.428100747754797e-05,0,query_token_layer_35
839,300876,random,bowl,0,0.9476398229598999,0,query_token_layer_35
840,300876,random,potted plant,0,0.0007317187846638262,0,query_token_layer_35
841,443240,random,tv,0,1.4729089343745727e-05,0,query_token_layer_35
842,443240,random,keyboard,0,0.0001774408301571384,0,query_token_layer_35
844,443240,random,refrigerator,0,0.00016995063924696296,0,query_token_layer_35
845,443240,random,couch,0,0.004605707712471485,0,query_token_layer_35
846,443240,random,apple,0,1.7235583072761074e-05,0,query_token_layer_35
913,539251,random,sink,0,0.0062334975227713585,0,query_token_layer_35
914,539251,random,kite,0,1.2059606888215058e-05,0,query_token_layer_35
915,539251,random,person,0,3.5697253224498127e-06,0,query_token_layer_35
916,539251,random,book,0,8.614763828518335e-06,0,query_token_layer_35
917,539251,random,potted plant,0,0.2253602296113968,0,query_token_layer_35
918,539251,random,train,0,1.5686646293033846e-05,0,query_token_layer_35
961,419453,random,person,0,3.973073944507632e-06,0,query_token_layer_35
962,419453,random,bottle,0,7.411795195366722e-06,0,query_token_layer_35
963,419453,random,sports ball,0,0.00015243134112097323,0,query_token_layer_35
964,419453,random,pizza,0,5.848194632562809e-06,0,query_token_layer_35
965,419453,random,umbrella,0,0.00034993901499547064,0,query_token_layer_35
966,419453,random,sandwich,0,7.890074812166858e-06,0,query_token_layer_35
997,468934,random,banana,0,3.373468280187808e-05,0,query_token_layer_35
998,468934,random,remote,0,0.00018047950288746506,0,query_token_layer_35
1000,468934,random,bird,0,2.5437931981286965e-05,0,query_token_layer_35
1001,468934,random,fork,0,0.00018400709086563438,0,query_token_layer_35
1002,468934,random,elephant,0,1.6006362784537487e-05,0,query_token_layer_35
1003,189694,random,sink,0,0.00026993584469892085,0,query_token_layer_35
1004,189694,random,bird,0,4.8971225623972714e-05,0,query_token_layer_35
1005,189694,random,person,0,4.243413968652021e-06,0,query_token_layer_35
1006,189694,random,banana,0,0.00016233438509516418,0,query_token_layer_35
1007,189694,random,bottle,0,0.883267879486084,0,query_token_layer_35
1008,189694,random,bear,0,2.3817585770302685e-06,0,query_token_layer_35
1033,506178,random,person,0,0.000510747660882771,0,query_token_layer_35
1034,506178,random,baseball glove,0,0.0004559739027172327,0,query_token_layer_35
1035,506178,random,bed,0,0.003275187686085701,0,query_token_layer_35
1036,506178,random,bus,0,9.399080590810627e-05,0,query_token_layer_35
1037,506178,random,remote,0,0.2988285422325134,0,query_token_layer_35
1038,506178,random,chair,0,0.11222727596759796,0,query_token_layer_35
1039,249720,random,backpack,0,0.9931875467300415,1,query_token_layer_35
1040,249720,random,bear,0,2.0994166334276088e-05,0,query_token_layer_35
1041,249720,random,person,0,0.002657069591805339,0,query_token_layer_35
1042,249720,random,wine glass,0,1.4059552086109761e-05,0,query_token_layer_35
1044,249720,random,zebra,0,2.485358209014521e-06,0,query_token_layer_35
1063,278771,random,person,0,2.286183189426083e-05,0,query_token_layer_35
1064,278771,random,train,0,3.812149589066394e-05,0,query_token_layer_35
1065,278771,random,sports ball,0,8.18737898953259e-05,0,query_token_layer_35
1066,278771,random,apple,0,0.0001232769718626514,0,query_token_layer_35
1067,278771,random,bottle,0,0.1531844586133957,0,query_token_layer_35
1068,278771,random,spoon,0,4.4794389395974576e-05,0,query_token_layer_35
1135,246145,random,chair,0,0.00014725305663887411,0,query_token_layer_35
1136,246145,random,parking meter,0,4.303025889385026e-06,0,query_token_layer_35
1137,246145,random,clock,0,0.00018268301209900528,0,query_token_layer_35
1138,246145,random,broccoli,0,3.5109617328998866e-06,0,query_token_layer_35
1139,246145,random,dining table,0,7.828739035176113e-05,0,query_token_layer_35
1140,246145,random,hot dog,0,3.4072859307343606e-06,0,query_token_layer_35
1147,529668,random,person,0,1.7952692360267974e-05,0,query_token_layer_35
1148,529668,random,broccoli,0,2.5537272449582815e-05,0,query_token_layer_35
1149,529668,random,handbag,0,0.0014709584647789598,0,query_token_layer_35
1150,529668,random,airplane,0,5.215708370087668e-05,0,query_token_layer_35
1151,529668,random,cell phone,0,0.00036444078432396054,0,query_token_layer_35
1152,529668,random,scissors,0,1.1673927474475931e-05,0,query_token_layer_35
1153,376959,random,chair,0,0.9763677716255188,1,query_token_layer_35
1154,376959,random,broccoli,0,0.0003546633233781904,0,query_token_layer_35
1155,376959,random,person,0,1.4652078789367806e-05,0,query_token_layer_35
1156,376959,random,bottle,0,0.00010922345973085612,0,query_token_layer_35
1157,376959,random,cell phone,0,0.9365774989128113,0,query_token_layer_35
1158,376959,random,bench,0,0.0018329166341573,0,query_token_layer_35
1207,124930,random,person,0,3.14615317620337e-05,0,query_token_layer_35
1208,124930,random,suitcase,0,0.00010236884554615244,0,query_token_layer_35
1210,124930,random,bicycle,0,0.00024049493367783725,0,query_token_layer_35
1211,124930,random,spoon,0,0.8728666305541992,0,query_token_layer_35
1212,124930,random,truck,0,5.1393817557254806e-05,0,query_token_layer_35
1219,377879,random,truck,0,0.05761753395199776,0,query_token_layer_35
1220,377879,random,teddy bear,0,1.841610537667293e-05,0,query_token_layer_35
1221,377879,random,train,0,0.3098123371601105,0,query_token_layer_35
1222,377879,random,bicycle,0,5.572160807787441e-05,0,query_token_layer_35
1223,377879,random,bed,0,9.267847417504527e-06,0,query_token_layer_35
1224,377879,random,bottle,0,3.193962766090408e-05,0,query_token_layer_35
1231,49473,random,vase,0,0.0006644827662967145,0,query_token_layer_35
1232,49473,random,remote,0,3.9652350096730515e-05,0,query_token_layer_35
1234,49473,random,bed,0,5.511102426680736e-05,0,query_token_layer_35
1236,49473,random,bus,0,8.73289263836341e-06,0,query_token_layer_35
1243,383185,random,banana,0,3.106009535258636e-05,0,query_token_layer_35
1244,383185,random,vase,0,3.1505462629866088e-06,0,query_token_layer_35
1245,383185,random,spoon,0,0.3108132481575012,0,query_token_layer_35
1246,383185,random,backpack,0,3.5822129575535655e-05,0,query_token_layer_35
1248,383185,random,tennis racket,0,4.4847129174740985e-05,0,query_token_layer_35
1249,388983,random,person,0,0.00024096453853417188,0,query_token_layer_35
1250,388983,random,snowboard,0,7.0079272518341895e-06,0,query_token_layer_35
1252,388983,random,boat,0,3.046284746233141e-06,0,query_token_layer_35
1254,388983,random,skateboard,0,7.139366971387062e-06,0,query_token_layer_35
1268,244455,random,vase,0,5.4371216720028315e-06,0,query_token_layer_35
1269,244455,random,person,0,9.040289296535775e-05,0,query_token_layer_35
1270,244455,random,bed,0,9.885588951874524e-06,0,query_token_layer_35
1272,244455,random,cup,0,0.00012656842591241002,0,query_token_layer_35
1291,307166,random,pizza,0,0.00025068363174796104,0,query_token_layer_35
1292,307166,random,sink,0,5.8296489442000166e-05,0,query_token_layer_35
1293,307166,random,bottle,0,0.01768428646028042,0,query_token_layer_35
1294,307166,random,bus,0,2.6872487069340423e-05,0,query_token_layer_35
1296,307166,random,parking meter,0,8.432943104708102e-06,0,query_token_layer_35
1303,355342,random,person,0,0.0008675195276737213,0,query_token_layer_35
1304,355342,random,surfboard,0,2.8359991119941697e-05,0,query_token_layer_35
1306,355342,random,stop sign,0,5.269129906082526e-05,0,query_token_layer_35
1307,355342,random,umbrella,0,0.001001083175651729,0,query_token_layer_35
1308,355342,random,cat,0,5.7984841987490654e-05,0,query_token_layer_35
1321,429033,random,chair,0,0.0015665598912164569,0,query_token_layer_35
1322,429033,random,stop sign,0,3.0248938855947927e-05,0,query_token_layer_35
1323,429033,random,person,0,7.314440881600603e-05,0,query_token_layer_35
1324,429033,random,umbrella,0,2.783965646813158e-05,0,query_token_layer_35
1325,429033,random,laptop,0,0.0009246582048945129,0,query_token_layer_35
1326,429033,random,train,0,3.9615009882254526e-05,0,query_token_layer_35
1453,18918,random,sink,0,0.006763392128050327,0,query_token_layer_35
1454,18918,random,laptop,0,8.941300620790571e-05,0,query_token_layer_35
1455,18918,random,bowl,0,0.3342595398426056,0,query_token_layer_35
1456,18918,random,car,0,5.156780389370397e-05,0,query_token_layer_35
1457,18918,random,oven,0,0.22330595552921295,0,query_token_layer_35
1458,18918,random,cow,0,1.5829831681912765e-05,0,query_token_layer_35
1459,115626,random,person,0,1.5163134776230436e-05,0,query_token_layer_35
1460,115626,random,toothbrush,0,1.3039730220043566e-05,0,query_token_layer_35
1461,115626,random,motorcycle,0,5.3002091590315104e-05,0,query_token_layer_35
1462,115626,random,baseball glove,0,6.210632272996008e-05,0,query_token_layer_35
1463,115626,random,parking meter,0,1.8183927750214934e-05,0,query_token_layer_35
1464,115626,random,pizza,0,1.6931422578636557e-05,0,query_token_layer_35
1465,391735,random,traffic light,0,0.0005241053295321763,0,query_token_layer_35
1466,391735,random,handbag,0,0.31526416540145874,0,query_token_layer_35
1468,391735,random,stop sign,0,1.3845700777892489e-05,0,query_token_layer_35
1469,391735,random,person,0,0.0002943045983556658,0,query_token_layer_35
1470,391735,random,skateboard,0,7.376165012829006e-05,0,query_token_layer_35
1573,204100,random,banana,0,2.2036847440176643e-05,0,query_token_layer_35
1574,204100,random,fire hydrant,0,9.616036550141871e-06,0,query_token_layer_35
1575,204100,random,person,0,0.00042329943971708417,0,query_token_layer_35
1576,204100,random,couch,0,3.569350519683212e-05,0,query_token_layer_35
1577,204100,random,bowl,0,0.8252849578857422,0,query_token_layer_35
1578,204100,random,car,0,5.813954703626223e-05,0,query_token_layer_35
1742,343401,random,pizza,0,8.441134013992269e-06,0,query_token_layer_35
1743,343401,random,dog,0,0.002467506565153599,0,query_token_layer_35
1744,343401,random,sink,0,8.506583981215954e-06,0,query_token_layer_35
1745,343401,random,person,0,0.00012389058247208595,0,query_token_layer_35
1746,343401,random,stop sign,0,6.796693924115971e-05,0,query_token_layer_35
1747,246199,random,banana,0,0.00018584881036076695,0,query_token_layer_35
1748,246199,random,dog,0,1.5401843484141864e-05,0,query_token_layer_35
1749,246199,random,orange,0,0.043933089822530746,0,query_token_layer_35
1750,246199,random,snowboard,0,5.944710210314952e-06,0,query_token_layer_35
1751,246199,random,dining table,0,4.385226930025965e-05,0,query_token_layer_35
1752,246199,random,keyboard,0,7.393476153083611e-06,0,query_token_layer_35
1765,501898,random,person,0,7.536919383710483e-06,0,query_token_layer_35
1766,501898,random,bowl,0,8.264819189207628e-05,0,query_token_layer_35
1767,501898,random,sports ball,0,0.09631142765283585,0,query_token_layer_35
1768,501898,random,broccoli,0,4.484374585445039e-06,0,query_token_layer_35
1769,501898,random,tennis racket,0,2.5299887056462467e-05,0,query_token_layer_35
1770,501898,random,vase,0,1.8387327145319432e-05,0,query_token_layer_35
1813,188958,random,snowboard,0,0.0034828598145395517,0,query_token_layer_35
1814,188958,random,traffic light,0,6.37217381154187e-05,0,query_token_layer_35
1815,188958,random,person,0,7.540916612924775e-06,0,query_token_layer_35
1816,188958,random,vase,0,2.1228164769127034e-05,0,query_token_layer_35
1817,188958,random,skis,0,0.000570478558074683,0,query_token_layer_35
1818,188958,random,couch,0,0.0003947679069824517,0,query_token_layer_35
1825,198397,random,chair,0,0.00010161200043512508,0,query_token_layer_35
1826,198397,random,potted plant,0,0.00010923200170509517,0,query_token_layer_35
1827,198397,random,person,0,5.5896973208291456e-05,0,query_token_layer_35
1828,198397,random,dining table,0,0.00014740842743776739,0,query_token_layer_35
1829,198397,random,sports ball,0,0.0024027558974921703,0,query_token_layer_35
1830,198397,random,apple,0,3.912035754183307e-05,0,query_token_layer_35
1832,349936,random,kite,0,3.582359931897372e-05,0,query_token_layer_35
1833,349936,random,dining table,0,0.01860172115266323,0,query_token_layer_35
1834,349936,random,backpack,0,0.00012331105244811624,0,query_token_layer_35
1835,349936,random,chair,0,0.09577053040266037,0,query_token_layer_35
1836,349936,random,giraffe,0,8.440409146714956e-06,0,query_token_layer_35
1975,293564,random,person,0,4.694204835686833e-05,0,query_token_layer_35
1976,293564,random,knife,0,0.00019916906603612006,0,query_token_layer_35
1977,293564,random,surfboard,0,0.008748674765229225,0,query_token_layer_35
1978,293564,random,bicycle,0,0.0002866156864911318,0,query_token_layer_35
1979,293564,random,umbrella,0,0.14876024425029755,0,query_token_layer_35
1980,293564,random,sink,0,2.528088225517422e-05,0,query_token_layer_35
2005,263594,random,bird,0,0.003049987368285656,0,query_token_layer_35
2006,263594,random,chair,0,0.0001669527409831062,0,query_token_layer_35
2007,263594,random,truck,0,0.2579594850540161,0,query_token_layer_35
2008,263594,random,kite,0,4.8903275455813855e-05,0,query_token_layer_35
2009,263594,random,car,0,0.0003204155364073813,0,query_token_layer_35
2010,263594,random,tv,0,8.521677955286577e-06,0,query_token_layer_35
2035,363908,random,baseball glove,0,0.038560204207897186,0,query_token_layer_35
2036,363908,random,knife,0,0.00010124813707079738,0,query_token_layer_35
2037,363908,random,person,0,0.0001127588766394183,0,query_token_layer_35
2038,363908,random,bird,0,0.0001413423306075856,0,query_token_layer_35
2039,363908,random,sports ball,0,0.0014695058343932033,0,query_token_layer_35
2040,363908,random,giraffe,0,9.210135431203526e-06,0,query_token_layer_35
2047,348469,random,bird,0,0.9130901098251343,0,query_token_layer_35
2048,348469,random,skis,0,8.989820798888104e-07,0,query_token_layer_35
2049,348469,random,person,0,1.3207333722675685e-05,0,query_token_layer_35
2050,348469,random,sheep,0,1.1807261444118922e-06,0,query_token_layer_35
2051,348469,random,baseball bat,0,7.967376586748287e-05,0,query_token_layer_35
2052,348469,random,frisbee,0,7.722798727627378e-06,0,query_token_layer_35
2065,76416,random,person,0,0.03793184086680412,0,query_token_layer_35
2066,76416,random,orange,0,2.4650487830513157e-05,0,query_token_layer_35
2067,76416,random,bicycle,0,0.1310032457113266,0,query_token_layer_35
2068,76416,random,sink,0,1.0556456800259184e-05,0,query_token_layer_35
2070,76416,random,potted plant,0,0.0003114301071036607,0,query_token_layer_35
2078,445200,random,toothbrush,0,0.00011433294275775552,0,query_token_layer_35
2079,445200,random,broccoli,0,9.561381375533529e-06,0,query_token_layer_35
2080,445200,random,pizza,0,5.6792494433466345e-05,0,query_token_layer_35
2081,445200,random,dining table,0,0.002751845633611083,0,query_token_layer_35
2082,445200,random,toilet,0,4.055499084643088e-05,0,query_token_layer_35
2083,433574,random,person,0,2.0310722902650014e-05,0,query_token_layer_35
2084,433574,random,book,0,0.9947399497032166,1,query_token_layer_35
2085,433574,random,couch,0,0.0017300012987107038,0,query_token_layer_35
2086,433574,random,stop sign,0,2.8843334803241305e-05,0,query_token_layer_35
2087,433574,random,dining table,0,5.209497885516612e-06,0,query_token_layer_35
2088,433574,random,cat,0,8.671271643834189e-05,0,query_token_layer_35
2095,114941,random,person,0,0.8151938319206238,0,query_token_layer_35
2096,114941,random,potted plant,0,6.776094232918695e-05,0,query_token_layer_35
2097,114941,random,train,0,4.3037023715442047e-05,0,query_token_layer_35
2098,114941,random,bear,0,9.166402378468774e-06,0,query_token_layer_35
2100,114941,random,tie,0,6.789428880438209e-06,0,query_token_layer_35
2114,382617,random,microwave,0,4.739897485706024e-05,0,query_token_layer_35
2116,382617,random,person,0,0.0003340081311762333,0,query_token_layer_35
2117,382617,random,book,0,0.000955102383159101,0,query_token_layer_35
2118,382617,random,giraffe,0,4.157253442826914e-06,0,query_token_layer_35
2125,120792,random,person,0,1.7780281268642284e-05,0,query_token_layer_35
2126,120792,random,microwave,0,1.8318362435820745e-06,0,query_token_layer_35
2127,120792,random,remote,0,0.0668993666768074,0,query_token_layer_35
2128,120792,random,potted plant,0,0.0003192048170603812,0,query_token_layer_35
2129,120792,random,chair,0,0.8886597156524658,0,query_token_layer_35
2130,120792,random,surfboard,0,8.298950706375763e-05,0,query_token_layer_35
2143,156704,random,person,0,0.00017548201140016317,0,query_token_layer_35
2144,156704,random,teddy bear,0,0.00010717118857428432,0,query_token_layer_35
2145,156704,random,surfboard,0,0.0021245121024549007,0,query_token_layer_35
2146,156704,random,traffic light,0,6.934511475265026e-05,0,query_token_layer_35
2147,156704,random,umbrella,0,0.9391342401504517,0,query_token_layer_35
2148,156704,random,broccoli,0,0.00029251290834508836,0,query_token_layer_35
2209,545353,random,pizza,0,0.0011460372479632497,0,query_token_layer_35
2210,545353,random,toilet,0,6.352521450025961e-05,0,query_token_layer_35
2211,545353,random,person,0,4.757913120556623e-05,0,query_token_layer_35
2212,545353,random,cup,0,0.0004108395369257778,0,query_token_layer_35
2213,545353,random,sink,0,6.845629286544863e-06,0,query_token_layer_35
2214,545353,random,stop sign,0,2.2513302610605024e-05,0,query_token_layer_35
2239,304819,random,tv,0,6.292045145528391e-05,0,query_token_layer_35
2240,304819,random,person,0,0.006862702313810587,0,query_token_layer_35
2241,304819,random,cat,0,0.00016126078844536096,0,query_token_layer_35
2242,304819,random,skis,0,5.0457958423066884e-05,0,query_token_layer_35
2243,304819,random,laptop,0,1.7762147763278335e-05,0,query_token_layer_35
2244,304819,random,tennis racket,0,0.00018230349814984947,0,query_token_layer_35
2294,390157,random,toothbrush,0,3.40698825311847e-05,0,query_token_layer_35
2295,390157,random,person,0,0.00040743814315646887,0,query_token_layer_35
2296,390157,random,bowl,0,2.9018970963079482e-05,0,query_token_layer_35
2297,390157,random,bottle,0,0.006627590861171484,0,query_token_layer_35
2298,390157,random,fire hydrant,0,6.653774107689969e-06,0,query_token_layer_35
2347,477598,random,dog,0,5.658420195686631e-05,0,query_token_layer_35
2348,477598,random,zebra,0,3.5884777389583178e-06,0,query_token_layer_35
2350,477598,random,tv,0,5.670784503308823e-06,0,query_token_layer_35
2351,477598,random,frisbee,0,0.003945320378988981,0,query_token_layer_35
2352,477598,random,toothbrush,0,7.806203939253464e-05,0,query_token_layer_35
2372,325347,random,microwave,0,1.3618298908113502e-05,0,query_token_layer_35
2373,325347,random,person,0,0.00024039519485086203,0,query_token_layer_35
2374,325347,random,baseball glove,0,0.00025074914447031915,0,query_token_layer_35
2375,325347,random,sports ball,0,0.00022113177692517638,0,query_token_layer_35
2376,325347,random,toilet,0,6.456491973949596e-05,0,query_token_layer_35
2378,256906,random,couch,0,3.388040931895375e-05,0,query_token_layer_35
2379,256906,random,person,0,0.00012471269292291254,0,query_token_layer_35
2380,256906,random,book,0,6.256475171539932e-05,0,query_token_layer_35
2382,256906,random,cell phone,0,6.284398295974825e-06,0,query_token_layer_35
2395,288576,random,person,0,1.0852868399524596e-05,0,query_token_layer_35
2396,288576,random,spoon,0,2.104614395648241e-05,0,query_token_layer_35
2397,288576,random,bicycle,0,0.0031275709625333548,0,query_token_layer_35
2398,288576,random,parking meter,0,1.1476119652797934e-05,0,query_token_layer_35
2399,288576,random,frisbee,0,0.00014527072198688984,0,query_token_layer_35
2400,288576,random,skateboard,0,1.5735897250124253e-05,0,query_token_layer_35
2509,246928,random,chair,0,0.015053972601890564,0,query_token_layer_35
2510,246928,random,couch,0,6.336616206681356e-05,0,query_token_layer_35
2512,246928,random,bus,0,0.0001668655313551426,0,query_token_layer_35
2513,246928,random,bed,0,0.0010010174009948969,0,query_token_layer_35
2514,246928,random,apple,0,1.2689958566625137e-05,0,query_token_layer_35
2545,163575,random,dog,0,6.172579014673829e-05,0,query_token_layer_35
2546,163575,random,bench,0,6.843689334345981e-05,0,query_token_layer_35
2547,163575,random,person,0,0.00010924492380581796,0,query_token_layer_35
2548,163575,random,bird,0,4.396439908305183e-05,0,query_token_layer_35
2549,163575,random,bed,0,0.00015488782082684338,0,query_token_layer_35
2550,163575,random,carrot,0,1.1928753337997478e-05,0,query_token_layer_35
2581,562155,random,person,0,7.677526809857227e-06,0,query_token_layer_35
2582,562155,random,suitcase,0,0.0002518018300179392,0,query_token_layer_35
2583,562155,random,car,0,3.101936090388335e-05,0,query_token_layer_35
2584,562155,random,sports ball,0,4.2893945646937937e-05,0,query_token_layer_35
2585,562155,random,tie,0,8.33367885206826e-05,0,query_token_layer_35
2586,562155,random,bed,0,2.2657955923932604e-05,0,query_token_layer_35
2617,222118,random,person,0,9.989265890908428e-06,0,query_token_layer_35
2618,222118,random,car,0,0.00023231154773384333,0,query_token_layer_35
2619,222118,random,suitcase,0,0.037883032113313675,0,query_token_layer_35
2620,222118,random,toaster,0,4.9451364247943275e-06,0,query_token_layer_35
2621,222118,random,handbag,0,0.269172728061676,0,query_token_layer_35
2622,222118,random,giraffe,0,2.5748875486897305e-05,0,query_token_layer_35
2623,514292,random,book,0,3.060418021050282e-05,0,query_token_layer_35
2624,514292,random,car,0,2.7351446988177486e-05,0,query_token_layer_35
2625,514292,random,teddy bear,0,4.08064170187572e-06,0,query_token_layer_35
2626,514292,random,bus,0,7.871466550568584e-06,0,query_token_layer_35
2628,514292,random,truck,0,6.350201874738559e-05,0,query_token_layer_35
2642,429706,random,bottle,0,0.004244536627084017,0,query_token_layer_35
2643,429706,random,backpack,0,0.279184490442276,0,query_token_layer_35
2644,429706,random,elephant,0,7.862493475840893e-06,0,query_token_layer_35
2645,429706,random,person,0,1.0596824722597376e-05,0,query_token_layer_35
2646,429706,random,chair,0,8.499722753185779e-06,0,query_token_layer_35
2683,191964,random,keyboard,0,3.0537541988451267e-06,0,query_token_layer_35
2684,191964,random,fire hydrant,0,4.166636699665105e-06,0,query_token_layer_35
2685,191964,random,orange,0,2.5959103311379295e-08,0,query_token_layer_35
2686,191964,random,person,0,5.925847653998062e-05,0,query_token_layer_35
2687,191964,random,cat,0,4.442781573743559e-06,0,query_token_layer_35
2688,191964,random,truck,0,5.3169737839198206e-06,0,query_token_layer_35
2720,367528,random,sports ball,0,0.0004044003435410559,0,query_token_layer_35
2721,367528,random,person,0,0.0003548288659658283,0,query_token_layer_35
2722,367528,random,tennis racket,0,2.7239875635132194e-05,0,query_token_layer_35
2724,367528,random,teddy bear,0,0.00013307479093782604,0,query_token_layer_35
2737,50627,random,baseball glove,0,0.1846262514591217,0,query_token_layer_35
2738,50627,random,tv,0,7.109333091648296e-05,0,query_token_layer_35
2739,50627,random,person,0,5.394972686190158e-05,0,query_token_layer_35
2740,50627,random,backpack,0,0.00021899309649597853,0,query_token_layer_35
2741,50627,random,sports ball,0,0.0016389850061386824,0,query_token_layer_35
2742,50627,random,elephant,0,1.0872249731619377e-05,0,query_token_layer_35
2743,233426,random,vase,0,0.000381561869289726,0,query_token_layer_35
2744,233426,random,orange,0,8.985336171463132e-05,0,query_token_layer_35
2745,233426,random,potted plant,1,0.9506919384002686,0,query_token_layer_35
2746,233426,random,bowl,0,1.8384431314188987e-05,0,query_token_layer_35
2747,233426,random,dining table,1,0.9677236676216125,0,query_token_layer_35
2748,233426,random,surfboard,0,6.832682174717775e-06,0,query_token_layer_35
2779,79213,random,person,0,0.00012151661940151826,0,query_token_layer_35
2780,79213,random,parking meter,0,5.038511517341249e-06,0,query_token_layer_35
2781,79213,random,couch,0,0.27535685896873474,0,query_token_layer_35
2782,79213,random,car,0,0.0001133877012762241,0,query_token_layer_35
2783,79213,random,remote,0,0.04962979257106781,0,query_token_layer_35
2784,79213,random,train,0,1.9104196326225065e-05,0,query_token_layer_35
2803,575355,random,chair,0,0.9521322846412659,0,query_token_layer_35
2804,575355,random,airplane,0,1.7254775229957886e-05,0,query_token_layer_35
2805,575355,random,bench,0,0.989538848400116,1,query_token_layer_35
2806,575355,random,cat,0,6.885532638989389e-05,0,query_token_layer_35
2807,575355,random,dining table,0,0.3204594552516937,0,query_token_layer_35
2808,575355,random,cup,0,2.9162871214793995e-05,0,query_token_layer_35
2809,396068,random,tv,0,0.00017832058074418455,0,query_token_layer_35
2810,396068,random,orange,0,7.292203372344375e-05,0,query_token_layer_35
2811,396068,random,person,0,2.292037970619276e-05,0,query_token_layer_35
2812,396068,random,sandwich,0,3.3206531952600926e-05,0,query_token_layer_35
2813,396068,random,remote,0,0.00019217911176383495,0,query_token_layer_35
2814,396068,random,bed,0,0.00021983867918606848,0,query_token_layer_35
2875,8749,random,pizza,0,7.280537101905793e-05,0,query_token_layer_35
2876,8749,random,stop sign,0,4.751846063300036e-05,0,query_token_layer_35
2878,8749,random,mouse,0,4.299264219298493e-06,0,query_token_layer_35
2879,8749,random,dining table,0,0.011115961708128452,0,query_token_layer_35
2880,8749,random,horse,0,8.666521353006829e-06,0,query_token_layer_35
2911,190788,random,person,0,0.0010122295934706926,0,query_token_layer_35
2912,190788,random,broccoli,0,7.081565854605287e-06,0,query_token_layer_35
2913,190788,random,dining table,0,0.003099696943536401,0,query_token_layer_35
2914,190788,random,bowl,0,1.8382645066594705e-05,0,query_token_layer_35
2915,190788,random,knife,0,0.9853106737136841,1,query_token_layer_35
2916,190788,random,tie,0,9.718304681882728e-06,0,query_token_layer_35
2935,235203,random,person,0,0.00016176575445570052,0,query_token_layer_35
2936,235203,random,vase,0,1.1974550034210552e-05,0,query_token_layer_35
2938,235203,random,truck,0,1.1824314242403489e-05,0,query_token_layer_35
2940,235203,random,surfboard,0,9.25845597521402e-06,0,query_token_layer_35
2941,468997,random,baseball glove,0,0.04802227020263672,0,query_token_layer_35
2942,468997,random,skateboard,0,7.101141090970486e-05,0,query_token_layer_35
2943,468997,random,person,0,4.106704000150785e-05,0,query_token_layer_35
2944,468997,random,giraffe,0,5.497064194059931e-06,0,query_token_layer_35
2946,468997,random,bird,0,0.00012242636876180768,0,query_token_layer_35
2960,3845,random,potted plant,0,4.261847789166495e-05,0,query_token_layer_35
2961,3845,random,broccoli,0,0.0002677908050827682,0,query_token_layer_35
2962,3845,random,fire hydrant,0,7.649943654541858e-06,0,query_token_layer_35
2963,3845,random,fork,0,9.691215382190421e-05,0,query_token_layer_35
2964,3845,random,bear,0,3.4819156553567154e-06,0,query_token_layer_35
2977,497599,random,chair,0,0.008507621474564075,0,query_token_layer_35
2978,497599,random,tennis racket,0,3.848226697300561e-05,0,query_token_layer_35
2979,497599,random,person,0,7.155031198635697e-05,0,query_token_layer_35
2980,497599,random,train,0,0.00025734875816851854,0,query_token_layer_35
2981,497599,random,laptop,0,0.00023525109281763434,0,query_token_layer_35
2982,497599,random,dog,0,0.00013125577243044972,0,query_token_layer_35
2989,361430,random,bowl,0,0.9921364784240723,1,query_token_layer_35
2990,361430,random,motorcycle,0,3.092667611781508e-05,0,query_token_layer_35
2991,361430,random,broccoli,0,0.0003598325129132718,0,query_token_layer_35
2992,361430,random,clock,0,2.9270671802805737e-05,0,query_token_layer_35
2993,361430,random,spoon,0,0.0006293350015766919,0,query_token_layer_35
2994,361430,random,bottle,0,0.00031307575409300625,0,query_token_layer_35
2995,277289,random,tv,0,9.372131898999214e-05,0,query_token_layer_35
2996,277289,random,tie,0,6.99137854098808e-06,0,query_token_layer_35
2998,277289,random,person,0,2.744142329902388e-05,0,query_token_layer_35
2999,277289,random,couch,0,0.006857539992779493,0,query_token_layer_35
3000,277289,random,bus,0,0.0001624204742256552,0,query_token_layer_35
