row_type,model_alias,model_name,objective,dataset_family,readout,split,eval_split,metric_split,eval_scope,negative_budget_ratio,negative_budget_seed,k,scale_id,num_bank_correct,bank_size,num_eval,all_k_evaluated,metric_status,failure_reason,accuracy,balanced_accuracy,precision,recall,f1,roc_auc,pr_auc,average_precision,tpr_at_1pct_fpr,fpr_at_95pct_tpr,threshold,num_samples
scale_candidate,llava-onevision-qwen2-7b-ov-hf,llava-onevision-qwen2-7b-ov-hf,proxy_anchor,repope,Diag-kNN-scale-grid,cal,cal,cal,pooled,0.5,20260506,1,k=1,1545,1545,799,True,passed,,0.9699624530663329,0.5,0.0,0.0,0.0,0.9659677419354838,0.6135498874865148,0.6191361851678092,0.4583333333333333,0.10838709677419354,0.5,799.0
scale_candidate,llava-onevision-qwen2-7b-ov-hf,llava-onevision-qwen2-7b-ov-hf,proxy_anchor,repope,Diag-kNN-scale-grid,cal,cal,cal,pooled,0.5,20260506,2,k=2,1545,1545,799,True,passed,,0.9699624530663329,0.5,0.0,0.0,0.0,0.9665591397849462,0.6164326066229913,0.6220075188421614,0.4583333333333333,0.10838709677419354,0.5,799.0
scale_candidate,llava-onevision-qwen2-7b-ov-hf,llava-onevision-qwen2-7b-ov-hf,proxy_anchor,repope,Diag-kNN-scale-grid,cal,cal,cal,pooled,0.5,20260506,4,k=4,1545,1545,799,True,passed,,0.9699624530663329,0.5,0.0,0.0,0.0,0.9694086021505377,0.6528546557380016,0.6584552142622109,0.4583333333333333,0.09290322580645162,0.5,799.0
scale_candidate,llava-onevision-qwen2-7b-ov-hf,llava-onevision-qwen2-7b-ov-hf,proxy_anchor,repope,Diag-kNN-scale-grid,cal,cal,cal,pooled,0.5,20260506,8,k=8,1545,1545,799,True,passed,,0.9699624530663329,0.5,0.0,0.0,0.0,0.9720967741935485,0.7192495110261233,0.7233491936741541,0.625,0.08258064516129032,0.5,799.0
scale_candidate,llava-onevision-qwen2-7b-ov-hf,llava-onevision-qwen2-7b-ov-hf,proxy_anchor,repope,Diag-kNN-scale-grid,cal,cal,cal,pooled,0.5,20260506,16,k=16,1545,1545,799,True,passed,,0.9699624530663329,0.5,0.0,0.0,0.0,0.9758064516129032,0.7290087778307004,0.7341773622817009,0.6666666666666666,0.08645161290322581,0.5,799.0
scale_candidate,llava-onevision-qwen2-7b-ov-hf,llava-onevision-qwen2-7b-ov-hf,proxy_anchor,repope,Diag-kNN-scale-grid,cal,cal,cal,pooled,0.5,20260506,32,k=32,1545,1545,799,True,passed,,0.9699624530663329,0.5,0.0,0.0,0.0,0.9755376344086022,0.723290372413487,0.7289101117637495,0.5416666666666666,0.08516129032258064,0.5,799.0
scale_candidate,llava-onevision-qwen2-7b-ov-hf,llava-onevision-qwen2-7b-ov-hf,proxy_anchor,repope,Diag-kNN-scale-grid,test,test,test,pooled,0.5,20260506,1,k=1,1545,1545,1611,True,passed,,0.9677219118559901,0.5,0.0,0.0,0.0,0.9217817141165441,0.35165525666702385,0.36078801950587164,0.3076923076923077,0.21295702373316228,0.5,1611.0
scale_candidate,llava-onevision-qwen2-7b-ov-hf,llava-onevision-qwen2-7b-ov-hf,proxy_anchor,repope,Diag-kNN-scale-grid,test,test,test,pooled,0.5,20260506,2,k=2,1545,1545,1611,True,passed,,0.9677219118559901,0.5,0.0,0.0,0.0,0.9271722504564069,0.35381631065237945,0.3629563362747701,0.3076923076923077,0.1667735728030789,0.5,1611.0
scale_candidate,llava-onevision-qwen2-7b-ov-hf,llava-onevision-qwen2-7b-ov-hf,proxy_anchor,repope,Diag-kNN-scale-grid,test,test,test,pooled,0.5,20260506,4,k=4,1545,1545,1611,True,passed,,0.9677219118559901,0.5,0.0,0.0,0.0,0.9376079340800316,0.3940557054973378,0.4026678641658097,0.36538461538461536,0.15330339961513792,0.5,1611.0
scale_candidate,llava-onevision-qwen2-7b-ov-hf,llava-onevision-qwen2-7b-ov-hf,proxy_anchor,repope,Diag-kNN-scale-grid,test,test,test,pooled,0.5,20260506,8,k=8,1545,1545,1611,True,passed,,0.9677219118559901,0.5,0.0,0.0,0.0,0.9461439778951004,0.4418681137746675,0.4490702857212042,0.36538461538461536,0.15458627325208468,0.5,1611.0
scale_candidate,llava-onevision-qwen2-7b-ov-hf,llava-onevision-qwen2-7b-ov-hf,proxy_anchor,repope,Diag-kNN-scale-grid,test,test,test,pooled,0.5,20260506,16,k=16,1545,1545,1611,True,passed,,0.9708255741775295,0.5480769230769231,1.0,0.09615384615384616,0.17543859649122806,0.9501282873636947,0.477473522872787,0.4839225982249443,0.36538461538461536,0.12508017960230916,0.5,1611.0
scale_candidate,llava-onevision-qwen2-7b-ov-hf,llava-onevision-qwen2-7b-ov-hf,proxy_anchor,repope,Diag-kNN-scale-grid,test,test,test,pooled,0.5,20260506,32,k=32,1545,1545,1611,True,passed,,0.9714463066418374,0.5576923076923077,1.0,0.11538461538461539,0.20689655172413793,0.9535328366309765,0.4871974950115707,0.49377210036840313,0.36538461538461536,0.12828736369467608,0.5,1611.0
scale_candidate,llava-onevision-qwen2-7b-ov-hf,llava-onevision-qwen2-7b-ov-hf,proxy_anchor,pope,Diag-kNN-scale-grid,test,test,test,pooled,0.5,20260506,1,k=1,1653,1653,1674,True,passed,,0.9683393070489845,0.5,0.0,0.0,0.0,0.898781325294193,0.25244969490777786,0.2622541253325593,0.22641509433962265,0.2486119679210364,0.5,1674.0
scale_candidate,llava-onevision-qwen2-7b-ov-hf,llava-onevision-qwen2-7b-ov-hf,proxy_anchor,pope,Diag-kNN-scale-grid,test,test,test,pooled,0.5,20260506,2,k=2,1653,1653,1674,True,passed,,0.9683393070489845,0.5,0.0,0.0,0.0,0.9030880076356314,0.2533397668928573,0.26313428210968853,0.22641509433962265,0.23010487353485504,0.5,1674.0
scale_candidate,llava-onevision-qwen2-7b-ov-hf,llava-onevision-qwen2-7b-ov-hf,proxy_anchor,pope,Diag-kNN-scale-grid,test,test,test,pooled,0.5,20260506,4,k=4,1653,1653,1674,True,passed,,0.9683393070489845,0.5,0.0,0.0,0.0,0.9098623025618939,0.2393259986039483,0.248937100235016,0.22641509433962265,0.2011104256631709,0.5,1674.0
scale_candidate,llava-onevision-qwen2-7b-ov-hf,llava-onevision-qwen2-7b-ov-hf,proxy_anchor,pope,Diag-kNN-scale-grid,test,test,test,pooled,0.5,20260506,8,k=8,1653,1653,1674,True,passed,,0.9683393070489845,0.5,0.0,0.0,0.0,0.9102696914320301,0.19394838300713374,0.20459442492246135,0.16981132075471697,0.2122146822948797,0.5,1674.0
scale_candidate,llava-onevision-qwen2-7b-ov-hf,llava-onevision-qwen2-7b-ov-hf,proxy_anchor,pope,Diag-kNN-scale-grid,test,test,test,pooled,0.5,20260506,16,k=16,1653,1653,1674,True,passed,,0.9683393070489845,0.5,0.0,0.0,0.0,0.9082211073993458,0.20807549476028925,0.2161046834886038,0.1509433962264151,0.23750771128932757,0.5,1674.0
scale_candidate,llava-onevision-qwen2-7b-ov-hf,llava-onevision-qwen2-7b-ov-hf,proxy_anchor,pope,Diag-kNN-scale-grid,test,test,test,pooled,0.5,20260506,32,k=32,1653,1653,1674,True,passed,,0.9683393070489845,0.5,0.0,0.0,0.0,0.9088962089555714,0.20237991777280984,0.2100920638147445,0.11320754716981132,0.2418260333127699,0.5,1674.0
scale_candidate,llava-onevision-qwen2-7b-ov-hf,llava-onevision-qwen2-7b-ov-hf,proxy_anchor,dash-b,Diag-kNN-scale-grid,test,test,test,pooled,0.5,20260506,1,k=1,326,326,436,True,passed,,0.555045871559633,0.5,0.0,0.0,0.0,0.7392647184118599,0.6789749425704869,0.6805462650975463,0.05154639175257732,0.6322314049586777,0.5,436.0
scale_candidate,llava-onevision-qwen2-7b-ov-hf,llava-onevision-qwen2-7b-ov-hf,proxy_anchor,dash-b,Diag-kNN-scale-grid,test,test,test,pooled,0.5,20260506,2,k=2,326,326,436,True,passed,,0.555045871559633,0.5,0.0,0.0,0.0,0.7550268382039702,0.7021213730858704,0.7035960822200246,0.08247422680412371,0.6735537190082644,0.5,436.0
scale_candidate,llava-onevision-qwen2-7b-ov-hf,llava-onevision-qwen2-7b-ov-hf,proxy_anchor,dash-b,Diag-kNN-scale-grid,test,test,test,pooled,0.5,20260506,4,k=4,326,326,436,True,passed,,0.5573394495412844,0.5025773195876289,1.0,0.005154639175257732,0.010256410256410256,0.7590312686376417,0.708921925556704,0.7101925606599688,0.08247422680412371,0.6983471074380165,0.5,436.0
scale_candidate,llava-onevision-qwen2-7b-ov-hf,llava-onevision-qwen2-7b-ov-hf,proxy_anchor,dash-b,Diag-kNN-scale-grid,test,test,test,pooled,0.5,20260506,8,k=8,326,326,436,True,passed,,0.5573394495412844,0.5025773195876289,1.0,0.005154639175257732,0.010256410256410256,0.74064922893414,0.7017019303987315,0.7029773171313861,0.0979381443298969,0.7603305785123967,0.5,436.0
scale_candidate,llava-onevision-qwen2-7b-ov-hf,llava-onevision-qwen2-7b-ov-hf,proxy_anchor,dash-b,Diag-kNN-scale-grid,test,test,test,pooled,0.5,20260506,16,k=16,326,326,436,True,passed,,0.5642201834862385,0.5103092783505154,1.0,0.020618556701030927,0.04040404040404041,0.7299991479935248,0.699238675209458,0.7004612484464192,0.08247422680412371,0.8140495867768595,0.5,436.0
scale_candidate,llava-onevision-qwen2-7b-ov-hf,llava-onevision-qwen2-7b-ov-hf,proxy_anchor,dash-b,Diag-kNN-scale-grid,test,test,test,pooled,0.5,20260506,32,k=32,326,326,436,True,passed,,0.5825688073394495,0.531439038936696,0.9285714285714286,0.06701030927835051,0.125,0.73788020788958,0.7054050196811332,0.7066346967220627,0.08247422680412371,0.8099173553719008,0.5,436.0
scale_candidate,llava-onevision-qwen2-7b-ov-hf,llava-onevision-qwen2-7b-ov-hf,proxy_anchor,repope,Diag-kNN-scale-grid,cal,cal,cal,pooled,0.5,20260507,1,k=1,1545,1545,799,True,passed,,0.9699624530663329,0.5,0.0,0.0,0.0,0.8966129032258064,0.34041304325565064,0.3499176238667819,0.25,0.29935483870967744,0.5,799.0
scale_candidate,llava-onevision-qwen2-7b-ov-hf,llava-onevision-qwen2-7b-ov-hf,proxy_anchor,repope,Diag-kNN-scale-grid,cal,cal,cal,pooled,0.5,20260507,2,k=2,1545,1545,799,True,passed,,0.9699624530663329,0.5,0.0,0.0,0.0,0.8974193548387097,0.34091125132181377,0.3508090196522333,0.25,0.3109677419354839,0.5,799.0
scale_candidate,llava-onevision-qwen2-7b-ov-hf,llava-onevision-qwen2-7b-ov-hf,proxy_anchor,repope,Diag-kNN-scale-grid,cal,cal,cal,pooled,0.5,20260507,4,k=4,1545,1545,799,True,passed,,0.9699624530663329,0.5,0.0,0.0,0.0,0.9213978494623657,0.34157622774826574,0.3515684740648791,0.20833333333333334,0.17935483870967742,0.5,799.0
scale_candidate,llava-onevision-qwen2-7b-ov-hf,llava-onevision-qwen2-7b-ov-hf,proxy_anchor,repope,Diag-kNN-scale-grid,cal,cal,cal,pooled,0.5,20260507,8,k=8,1545,1545,799,True,passed,,0.9699624530663329,0.5,0.0,0.0,0.0,0.9479569892473119,0.3985825935097347,0.41083881099035197,0.20833333333333334,0.16903225806451613,0.5,799.0
scale_candidate,llava-onevision-qwen2-7b-ov-hf,llava-onevision-qwen2-7b-ov-hf,proxy_anchor,repope,Diag-kNN-scale-grid,cal,cal,cal,pooled,0.5,20260507,16,k=16,1545,1545,799,True,passed,,0.9699624530663329,0.5,0.0,0.0,0.0,0.953763440860215,0.5197609767670455,0.5303906727739154,0.375,0.19225806451612903,0.5,799.0
scale_candidate,llava-onevision-qwen2-7b-ov-hf,llava-onevision-qwen2-7b-ov-hf,proxy_anchor,repope,Diag-kNN-scale-grid,cal,cal,cal,pooled,0.5,20260507,32,k=32,1545,1545,799,True,passed,,0.9699624530663329,0.5,0.0,0.0,0.0,0.9659139784946236,0.5668801804809362,0.5804852397891329,0.5,0.15354838709677418,0.5,799.0
scale_candidate,llava-onevision-qwen2-7b-ov-hf,llava-onevision-qwen2-7b-ov-hf,proxy_anchor,repope,Diag-kNN-scale-grid,test,test,test,pooled,0.5,20260507,1,k=1,1545,1545,1611,True,passed,,0.9677219118559901,0.5,0.0,0.0,0.0,0.9329328464992352,0.308336859078692,0.3265576044325262,0.19230769230769232,0.17511225144323284,0.5,1611.0
scale_candidate,llava-onevision-qwen2-7b-ov-hf,llava-onevision-qwen2-7b-ov-hf,proxy_anchor,repope,Diag-kNN-scale-grid,test,test,test,pooled,0.5,20260507,2,k=2,1545,1545,1611,True,passed,,0.9677219118559901,0.5,0.0,0.0,0.0,0.9330808703804214,0.3017562322940605,0.3198510405283465,0.19230769230769232,0.19114817190506736,0.5,1611.0
scale_candidate,llava-onevision-qwen2-7b-ov-hf,llava-onevision-qwen2-7b-ov-hf,proxy_anchor,repope,Diag-kNN-scale-grid,test,test,test,pooled,0.5,20260507,4,k=4,1545,1545,1611,True,passed,,0.9677219118559901,0.5,0.0,0.0,0.0,0.9405190704100261,0.31690664648455363,0.33470126748279827,0.21153846153846154,0.19627966645285438,0.5,1611.0
scale_candidate,llava-onevision-qwen2-7b-ov-hf,llava-onevision-qwen2-7b-ov-hf,proxy_anchor,repope,Diag-kNN-scale-grid,test,test,test,pooled,0.5,20260507,8,k=8,1545,1545,1611,True,passed,,0.9677219118559901,0.5,0.0,0.0,0.0,0.9442566734099768,0.348338368304775,0.3625496566252901,0.21153846153846154,0.1892238614496472,0.5,1611.0
scale_candidate,llava-onevision-qwen2-7b-ov-hf,llava-onevision-qwen2-7b-ov-hf,proxy_anchor,repope,Diag-kNN-scale-grid,test,test,test,pooled,0.5,20260507,16,k=16,1545,1545,1611,True,passed,,0.9677219118559901,0.5,0.0,0.0,0.0,0.9471801450634035,0.3664571422125087,0.3808478872867866,0.21153846153846154,0.15907633098139834,0.5,1611.0
scale_candidate,llava-onevision-qwen2-7b-ov-hf,llava-onevision-qwen2-7b-ov-hf,proxy_anchor,repope,Diag-kNN-scale-grid,test,test,test,pooled,0.5,20260507,32,k=32,1545,1545,1611,True,passed,,0.9677219118559901,0.5,0.0,0.0,0.0,0.9568757092810973,0.3943178984476094,0.40885379787442483,0.21153846153846154,0.14945477870429763,0.5,1611.0
scale_candidate,llava-onevision-qwen2-7b-ov-hf,llava-onevision-qwen2-7b-ov-hf,proxy_anchor,pope,Diag-kNN-scale-grid,test,test,test,pooled,0.5,20260507,1,k=1,1653,1653,1674,True,passed,,0.9683393070489845,0.5,0.0,0.0,0.0,0.8432367627716411,0.1217984411903978,0.13148883365653813,0.1320754716981132,0.4380012338062924,0.5,1674.0
scale_candidate,llava-onevision-qwen2-7b-ov-hf,llava-onevision-qwen2-7b-ov-hf,proxy_anchor,pope,Diag-kNN-scale-grid,test,test,test,pooled,0.5,20260507,2,k=2,1653,1653,1674,True,passed,,0.9683393070489845,0.5,0.0,0.0,0.0,0.8447848404781582,0.12200765877856411,0.13164943198321527,0.07547169811320754,0.4417026526835287,0.5,1674.0
scale_candidate,llava-onevision-qwen2-7b-ov-hf,llava-onevision-qwen2-7b-ov-hf,proxy_anchor,pope,Diag-kNN-scale-grid,test,test,test,pooled,0.5,20260507,4,k=4,1653,1653,1674,True,passed,,0.9683393070489845,0.5,0.0,0.0,0.0,0.8531537718389532,0.12765642933087568,0.13737904345364396,0.09433962264150944,0.4213448488587292,0.5,1674.0
scale_candidate,llava-onevision-qwen2-7b-ov-hf,llava-onevision-qwen2-7b-ov-hf,proxy_anchor,pope,Diag-kNN-scale-grid,test,test,test,pooled,0.5,20260507,8,k=8,1653,1653,1674,True,passed,,0.9683393070489845,0.5,0.0,0.0,0.0,0.8648167332068487,0.14518718627825297,0.15517685715193602,0.09433962264150944,0.3633559531153609,0.5,1674.0
scale_candidate,llava-onevision-qwen2-7b-ov-hf,llava-onevision-qwen2-7b-ov-hf,proxy_anchor,pope,Diag-kNN-scale-grid,test,test,test,pooled,0.5,20260507,16,k=16,1653,1653,1674,True,passed,,0.9683393070489845,0.5,0.0,0.0,0.0,0.8753390057383632,0.16852805806665602,0.1760600771957156,0.09433962264150944,0.32140653917334977,0.5,1674.0
scale_candidate,llava-onevision-qwen2-7b-ov-hf,llava-onevision-qwen2-7b-ov-hf,proxy_anchor,pope,Diag-kNN-scale-grid,test,test,test,pooled,0.5,20260507,32,k=32,1653,1653,1674,True,passed,,0.9683393070489845,0.5,0.0,0.0,0.0,0.8960227206592716,0.18504802708351586,0.19266819721612255,0.07547169811320754,0.3362122146822949,0.5,1674.0
scale_candidate,llava-onevision-qwen2-7b-ov-hf,llava-onevision-qwen2-7b-ov-hf,proxy_anchor,dash-b,Diag-kNN-scale-grid,test,test,test,pooled,0.5,20260507,1,k=1,326,326,436,True,passed,,0.555045871559633,0.5,0.0,0.0,0.0,0.704396353412286,0.6247682003007011,0.627385442221774,0.07731958762886598,0.71900826446281,0.5,436.0
scale_candidate,llava-onevision-qwen2-7b-ov-hf,llava-onevision-qwen2-7b-ov-hf,proxy_anchor,dash-b,Diag-kNN-scale-grid,test,test,test,pooled,0.5,20260507,2,k=2,326,326,436,True,passed,,0.555045871559633,0.5,0.0,0.0,0.0,0.6959401891454375,0.619116671186896,0.6216825210151614,0.08762886597938144,0.6776859504132231,0.5,436.0
scale_candidate,llava-onevision-qwen2-7b-ov-hf,llava-onevision-qwen2-7b-ov-hf,proxy_anchor,dash-b,Diag-kNN-scale-grid,test,test,test,pooled,0.5,20260507,4,k=4,326,326,436,True,passed,,0.555045871559633,0.5,0.0,0.0,0.0,0.6884638323251258,0.6210264671840792,0.6235697746075419,0.07731958762886598,0.7024793388429752,0.5,436.0
scale_candidate,llava-onevision-qwen2-7b-ov-hf,llava-onevision-qwen2-7b-ov-hf,proxy_anchor,dash-b,Diag-kNN-scale-grid,test,test,test,pooled,0.5,20260507,8,k=8,326,326,436,True,passed,,0.555045871559633,0.5,0.0,0.0,0.0,0.6936823719860272,0.6318958834935763,0.6343863650548246,0.06701030927835051,0.7148760330578512,0.5,436.0
scale_candidate,llava-onevision-qwen2-7b-ov-hf,llava-onevision-qwen2-7b-ov-hf,proxy_anchor,dash-b,Diag-kNN-scale-grid,test,test,test,pooled,0.5,20260507,16,k=16,326,326,436,True,passed,,0.5573394495412844,0.5025773195876289,1.0,0.005154639175257732,0.010256410256410256,0.712724716707847,0.6531850486648542,0.6555942376971995,0.10309278350515463,0.7479338842975206,0.5,436.0
scale_candidate,llava-onevision-qwen2-7b-ov-hf,llava-onevision-qwen2-7b-ov-hf,proxy_anchor,dash-b,Diag-kNN-scale-grid,test,test,test,pooled,0.5,20260507,32,k=32,326,326,436,True,passed,,0.5573394495412844,0.5025773195876289,1.0,0.005154639175257732,0.010256410256410256,0.7430241969838971,0.6871390026286583,0.6894356815687117,0.12886597938144329,0.7768595041322314,0.5,436.0
scale_candidate,llava-onevision-qwen2-7b-ov-hf,llava-onevision-qwen2-7b-ov-hf,proxy_anchor,repope,Diag-kNN-scale-grid,cal,cal,cal,pooled,0.5,20260508,1,k=1,1545,1545,799,True,passed,,0.9699624530663329,0.5,0.0,0.0,0.0,0.9118817204301076,0.38364618216786883,0.39221741470236526,0.2916666666666667,0.25806451612903225,0.5,799.0
scale_candidate,llava-onevision-qwen2-7b-ov-hf,llava-onevision-qwen2-7b-ov-hf,proxy_anchor,repope,Diag-kNN-scale-grid,cal,cal,cal,pooled,0.5,20260508,2,k=2,1545,1545,799,True,passed,,0.9699624530663329,0.5,0.0,0.0,0.0,0.91,0.3878602652347418,0.3964757005381797,0.2916666666666667,0.2696774193548387,0.5,799.0
scale_candidate,llava-onevision-qwen2-7b-ov-hf,llava-onevision-qwen2-7b-ov-hf,proxy_anchor,repope,Diag-kNN-scale-grid,cal,cal,cal,pooled,0.5,20260508,4,k=4,1545,1545,799,True,passed,,0.9699624530663329,0.5,0.0,0.0,0.0,0.9084946236559139,0.44086364542986045,0.44564545214956874,0.3333333333333333,0.24645161290322581,0.5,799.0
scale_candidate,llava-onevision-qwen2-7b-ov-hf,llava-onevision-qwen2-7b-ov-hf,proxy_anchor,repope,Diag-kNN-scale-grid,cal,cal,cal,pooled,0.5,20260508,8,k=8,1545,1545,799,True,passed,,0.9699624530663329,0.5,0.0,0.0,0.0,0.9126881720430107,0.44499834473465105,0.4506324444025521,0.3333333333333333,0.2296774193548387,0.5,799.0
scale_candidate,llava-onevision-qwen2-7b-ov-hf,llava-onevision-qwen2-7b-ov-hf,proxy_anchor,repope,Diag-kNN-scale-grid,cal,cal,cal,pooled,0.5,20260508,16,k=16,1545,1545,799,True,passed,,0.9699624530663329,0.5,0.0,0.0,0.0,0.9309677419354839,0.49978754904471206,0.5060806905642244,0.4166666666666667,0.2232258064516129,0.5,799.0
scale_candidate,llava-onevision-qwen2-7b-ov-hf,llava-onevision-qwen2-7b-ov-hf,proxy_anchor,repope,Diag-kNN-scale-grid,cal,cal,cal,pooled,0.5,20260508,32,k=32,1545,1545,799,True,passed,,0.9699624530663329,0.5,0.0,0.0,0.0,0.9453225806451613,0.5341188805786117,0.5415109945280066,0.375,0.19741935483870968,0.5,799.0
scale_candidate,llava-onevision-qwen2-7b-ov-hf,llava-onevision-qwen2-7b-ov-hf,proxy_anchor,repope,Diag-kNN-scale-grid,test,test,test,pooled,0.5,20260508,1,k=1,1545,1545,1611,True,passed,,0.9677219118559901,0.5,0.0,0.0,0.0,0.9336606305817339,0.38414472296270963,0.3928403508020876,0.17307692307692307,0.23476587556125722,0.5,1611.0
scale_candidate,llava-onevision-qwen2-7b-ov-hf,llava-onevision-qwen2-7b-ov-hf,proxy_anchor,repope,Diag-kNN-scale-grid,test,test,test,pooled,0.5,20260508,2,k=2,1545,1545,1611,True,passed,,0.9677219118559901,0.5,0.0,0.0,0.0,0.9378669758721073,0.3968743036749451,0.40574649354739595,0.17307692307692307,0.24374599101988453,0.5,1611.0
scale_candidate,llava-onevision-qwen2-7b-ov-hf,llava-onevision-qwen2-7b-ov-hf,proxy_anchor,repope,Diag-kNN-scale-grid,test,test,test,pooled,0.5,20260508,4,k=4,1545,1545,1611,True,passed,,0.9677219118559901,0.5,0.0,0.0,0.0,0.946464696304337,0.39928826102218257,0.40837601876749835,0.1346153846153846,0.20076972418216807,0.5,1611.0
scale_candidate,llava-onevision-qwen2-7b-ov-hf,llava-onevision-qwen2-7b-ov-hf,proxy_anchor,repope,Diag-kNN-scale-grid,test,test,test,pooled,0.5,20260508,8,k=8,1545,1545,1611,True,passed,,0.9677219118559901,0.5,0.0,0.0,0.0,0.957948882419697,0.42547975255196097,0.43474267735822536,0.1346153846153846,0.13534316869788326,0.5,1611.0
scale_candidate,llava-onevision-qwen2-7b-ov-hf,llava-onevision-qwen2-7b-ov-hf,proxy_anchor,repope,Diag-kNN-scale-grid,test,test,test,pooled,0.5,20260508,16,k=16,1545,1545,1611,True,passed,,0.9677219118559901,0.5,0.0,0.0,0.0,0.9620565451226132,0.43802328576325383,0.4473347907216175,0.1346153846153846,0.13855035279025016,0.5,1611.0
scale_candidate,llava-onevision-qwen2-7b-ov-hf,llava-onevision-qwen2-7b-ov-hf,proxy_anchor,repope,Diag-kNN-scale-grid,test,test,test,pooled,0.5,20260508,32,k=32,1545,1545,1611,True,passed,,0.9677219118559901,0.5,0.0,0.0,0.0,0.9578872058025362,0.43507344057398467,0.4443454715359543,0.1346153846153846,0.14881334188582424,0.5,1611.0
scale_candidate,llava-onevision-qwen2-7b-ov-hf,llava-onevision-qwen2-7b-ov-hf,proxy_anchor,pope,Diag-kNN-scale-grid,test,test,test,pooled,0.5,20260508,1,k=1,1653,1653,1674,True,passed,,0.9683393070489845,0.5,0.0,0.0,0.0,0.8575070129084074,0.13751118841534504,0.1433929953549346,0.07547169811320754,0.2862430598396052,0.5,1674.0
scale_candidate,llava-onevision-qwen2-7b-ov-hf,llava-onevision-qwen2-7b-ov-hf,proxy_anchor,pope,Diag-kNN-scale-grid,test,test,test,pooled,0.5,20260508,2,k=2,1653,1653,1674,True,passed,,0.9683393070489845,0.5,0.0,0.0,0.0,0.8535728003910934,0.13282837181024704,0.13849722097049805,0.07547169811320754,0.29426280074028377,0.5,1674.0
scale_candidate,llava-onevision-qwen2-7b-ov-hf,llava-onevision-qwen2-7b-ov-hf,proxy_anchor,pope,Diag-kNN-scale-grid,test,test,test,pooled,0.5,20260508,4,k=4,1653,1653,1674,True,passed,,0.9683393070489845,0.5,0.0,0.0,0.0,0.8544457765413849,0.13490253926642357,0.14078433282715153,0.07547169811320754,0.2917951881554596,0.5,1674.0
scale_candidate,llava-onevision-qwen2-7b-ov-hf,llava-onevision-qwen2-7b-ov-hf,proxy_anchor,pope,Diag-kNN-scale-grid,test,test,test,pooled,0.5,20260508,8,k=8,1653,1653,1674,True,passed,,0.9683393070489845,0.5,0.0,0.0,0.0,0.8607894032335036,0.1462592201559254,0.1529289473685711,0.09433962264150944,0.3195558297347316,0.5,1674.0
scale_candidate,llava-onevision-qwen2-7b-ov-hf,llava-onevision-qwen2-7b-ov-hf,proxy_anchor,pope,Diag-kNN-scale-grid,test,test,test,pooled,0.5,20260508,16,k=16,1653,1653,1674,True,passed,,0.9683393070489845,0.5,0.0,0.0,0.0,0.8714629916310687,0.14017345387607535,0.14942379817118948,0.09433962264150944,0.34238124614435533,0.5,1674.0
scale_candidate,llava-onevision-qwen2-7b-ov-hf,llava-onevision-qwen2-7b-ov-hf,proxy_anchor,pope,Diag-kNN-scale-grid,test,test,test,pooled,0.5,20260508,32,k=32,1653,1653,1674,True,passed,,0.9683393070489845,0.5,0.0,0.0,0.0,0.8741750375379744,0.13965833417635315,0.14872791258675647,0.09433962264150944,0.35595311536088836,0.5,1674.0
scale_candidate,llava-onevision-qwen2-7b-ov-hf,llava-onevision-qwen2-7b-ov-hf,proxy_anchor,dash-b,Diag-kNN-scale-grid,test,test,test,pooled,0.5,20260508,1,k=1,326,326,436,True,passed,,0.555045871559633,0.5,0.0,0.0,0.0,0.7122135128226973,0.6309905399517237,0.6349994054789871,0.05670103092783505,0.8140495867768595,0.5,436.0
scale_candidate,llava-onevision-qwen2-7b-ov-hf,llava-onevision-qwen2-7b-ov-hf,proxy_anchor,dash-b,Diag-kNN-scale-grid,test,test,test,pooled,0.5,20260508,2,k=2,326,326,436,True,passed,,0.555045871559633,0.5,0.0,0.0,0.0,0.6978146033909858,0.620305914910188,0.6242601981951877,0.061855670103092786,0.7644628099173554,0.5,436.0
scale_candidate,llava-onevision-qwen2-7b-ov-hf,llava-onevision-qwen2-7b-ov-hf,proxy_anchor,dash-b,Diag-kNN-scale-grid,test,test,test,pooled,0.5,20260508,4,k=4,326,326,436,True,passed,,0.555045871559633,0.5,0.0,0.0,0.0,0.6991139132657408,0.621371238691897,0.6253089519762893,0.06701030927835051,0.7355371900826446,0.5,436.0
scale_candidate,llava-onevision-qwen2-7b-ov-hf,llava-onevision-qwen2-7b-ov-hf,proxy_anchor,dash-b,Diag-kNN-scale-grid,test,test,test,pooled,0.5,20260508,8,k=8,326,326,436,True,passed,,0.555045871559633,0.5,0.0,0.0,0.0,0.692745164863253,0.626617942128761,0.6305034006067098,0.06701030927835051,0.7520661157024794,0.5,436.0
scale_candidate,llava-onevision-qwen2-7b-ov-hf,llava-onevision-qwen2-7b-ov-hf,proxy_anchor,dash-b,Diag-kNN-scale-grid,test,test,test,pooled,0.5,20260508,16,k=16,326,326,436,True,passed,,0.555045871559633,0.5,0.0,0.0,0.0,0.7004984237880209,0.6389526492712958,0.642800435059101,0.061855670103092786,0.768595041322314,0.5,436.0
scale_candidate,llava-onevision-qwen2-7b-ov-hf,llava-onevision-qwen2-7b-ov-hf,proxy_anchor,dash-b,Diag-kNN-scale-grid,test,test,test,pooled,0.5,20260508,32,k=32,326,326,436,True,passed,,0.555045871559633,0.5,0.0,0.0,0.0,0.723715600238562,0.661996020886584,0.6657172720085072,0.07731958762886598,0.7644628099173554,0.5,436.0
scale_candidate,qwen3-vl-8b,qwen3-vl-8b,proxy_anchor,repope,Diag-kNN-scale-grid,cal,cal,cal,pooled,0.5,20260506,1,k=1,1542,1542,800,True,passed,,0.975,0.5,0.0,0.0,0.0,0.9417307692307693,0.5336397884304867,0.5377875801464228,0.45,0.15897435897435896,0.5,800.0
scale_candidate,qwen3-vl-8b,qwen3-vl-8b,proxy_anchor,repope,Diag-kNN-scale-grid,cal,cal,cal,pooled,0.5,20260506,2,k=2,1542,1542,800,True,passed,,0.975,0.5,0.0,0.0,0.0,0.9353846153846154,0.5257702431653954,0.5296710497899689,0.45,0.1717948717948718,0.5,800.0
scale_candidate,qwen3-vl-8b,qwen3-vl-8b,proxy_anchor,repope,Diag-kNN-scale-grid,cal,cal,cal,pooled,0.5,20260506,4,k=4,1542,1542,800,True,passed,,0.975,0.5,0.0,0.0,0.0,0.9441025641025641,0.5730247934416965,0.5766062657358078,0.5,0.18076923076923077,0.5,800.0
scale_candidate,qwen3-vl-8b,qwen3-vl-8b,proxy_anchor,repope,Diag-kNN-scale-grid,cal,cal,cal,pooled,0.5,20260506,8,k=8,1542,1542,800,True,passed,,0.975,0.5,0.0,0.0,0.0,0.96,0.7317594439513849,0.7338937914663478,0.7,0.20256410256410257,0.5,800.0
scale_candidate,qwen3-vl-8b,qwen3-vl-8b,proxy_anchor,repope,Diag-kNN-scale-grid,cal,cal,cal,pooled,0.5,20260506,16,k=16,1542,1542,800,True,passed,,0.975,0.5,0.0,0.0,0.0,0.9690384615384615,0.7483222427966204,0.7505613876466487,0.7,0.1371794871794872,0.5,800.0
scale_candidate,qwen3-vl-8b,qwen3-vl-8b,proxy_anchor,repope,Diag-kNN-scale-grid,cal,cal,cal,pooled,0.5,20260506,32,k=32,1542,1542,800,True,passed,,0.975,0.5,0.0,0.0,0.0,0.9848076923076923,0.7833475189920233,0.7865783960661574,0.7,0.03974358974358974,0.5,800.0
scale_candidate,qwen3-vl-8b,qwen3-vl-8b,proxy_anchor,repope,Diag-kNN-scale-grid,test,test,test,pooled,0.5,20260506,1,k=1,1542,1542,1612,True,passed,,0.9764267990074442,0.5,0.0,0.0,0.0,0.9102186852136694,0.31776204497003674,0.3249060131645306,0.2894736842105263,0.2020330368487929,0.5,1612.0
scale_candidate,qwen3-vl-8b,qwen3-vl-8b,proxy_anchor,repope,Diag-kNN-scale-grid,test,test,test,pooled,0.5,20260506,2,k=2,1542,1542,1612,True,passed,,0.9764267990074442,0.5,0.0,0.0,0.0,0.9169731826389353,0.3398623869966996,0.347789884557383,0.2894736842105263,0.20902160101651843,0.5,1612.0
scale_candidate,qwen3-vl-8b,qwen3-vl-8b,proxy_anchor,repope,Diag-kNN-scale-grid,test,test,test,pooled,0.5,20260506,4,k=4,1542,1542,1612,True,passed,,0.9764267990074442,0.5,0.0,0.0,0.0,0.9217715508593594,0.3758756711689528,0.3848486615582257,0.3684210526315789,0.22808132147395171,0.5,1612.0
scale_candidate,qwen3-vl-8b,qwen3-vl-8b,proxy_anchor,repope,Diag-kNN-scale-grid,test,test,test,pooled,0.5,20260506,8,k=8,1542,1542,1612,True,passed,,0.9764267990074442,0.5,0.0,0.0,0.0,0.9198488597605832,0.41257169489414663,0.4209486651133763,0.3157894736842105,0.289707750952986,0.5,1612.0
scale_candidate,qwen3-vl-8b,qwen3-vl-8b,proxy_anchor,repope,Diag-kNN-scale-grid,test,test,test,pooled,0.5,20260506,16,k=16,1542,1542,1612,True,passed,,0.9764267990074442,0.5,0.0,0.0,0.0,0.9339764595733298,0.3938859957811961,0.40299583819801554,0.3157894736842105,0.3290978398983482,0.5,1612.0
scale_candidate,qwen3-vl-8b,qwen3-vl-8b,proxy_anchor,repope,Diag-kNN-scale-grid,test,test,test,pooled,0.5,20260506,32,k=32,1542,1542,1612,True,passed,,0.9764267990074442,0.5,0.0,0.0,0.0,0.9510967698789541,0.44569737688913424,0.4559415787502352,0.42105263157894735,0.3418043202033037,0.5,1612.0
scale_candidate,qwen3-vl-8b,qwen3-vl-8b,proxy_anchor,pope,Diag-kNN-scale-grid,test,test,test,pooled,0.5,20260506,1,k=1,1609,1609,1644,True,passed,,0.9683698296836983,0.5,0.0,0.0,0.0,0.8576536528797836,0.11561108073954413,0.12393448390237735,0.057692307692307696,0.33668341708542715,0.5,1644.0
scale_candidate,qwen3-vl-8b,qwen3-vl-8b,proxy_anchor,pope,Diag-kNN-scale-grid,test,test,test,pooled,0.5,20260506,2,k=2,1609,1609,1644,True,passed,,0.9683698296836983,0.5,0.0,0.0,0.0,0.8499830885195206,0.11159353851592665,0.11969217085945982,0.057692307692307696,0.36055276381909546,0.5,1644.0
scale_candidate,qwen3-vl-8b,qwen3-vl-8b,proxy_anchor,pope,Diag-kNN-scale-grid,test,test,test,pooled,0.5,20260506,4,k=4,1609,1609,1644,True,passed,,0.9683698296836983,0.5,0.0,0.0,0.0,0.8323347506764592,0.10960023715380265,0.11817482380583877,0.057692307692307696,0.3687185929648241,0.5,1644.0
scale_candidate,qwen3-vl-8b,qwen3-vl-8b,proxy_anchor,pope,Diag-kNN-scale-grid,test,test,test,pooled,0.5,20260506,8,k=8,1609,1609,1644,True,passed,,0.9683698296836983,0.5,0.0,0.0,0.0,0.8146864128333977,0.09652807323409417,0.10315924772832126,0.057692307692307696,0.3693467336683417,0.5,1644.0
scale_candidate,qwen3-vl-8b,qwen3-vl-8b,proxy_anchor,pope,Diag-kNN-scale-grid,test,test,test,pooled,0.5,20260506,16,k=16,1609,1609,1644,True,passed,,0.9683698296836983,0.5,0.0,0.0,0.0,0.8415273482798609,0.11642623891242382,0.12303787508385372,0.09615384615384616,0.3699748743718593,0.5,1644.0
scale_candidate,qwen3-vl-8b,qwen3-vl-8b,proxy_anchor,pope,Diag-kNN-scale-grid,test,test,test,pooled,0.5,20260506,32,k=32,1609,1609,1644,True,passed,,0.9683698296836983,0.5,0.0,0.0,0.0,0.871134518747584,0.16358819560955756,0.17296520553933994,0.15384615384615385,0.2757537688442211,0.5,1644.0
scale_candidate,qwen3-vl-8b,qwen3-vl-8b,proxy_anchor,dash-b,Diag-kNN-scale-grid,test,test,test,pooled,0.5,20260506,1,k=1,381,381,441,True,passed,,0.7369614512471655,0.5,0.0,0.0,0.0,0.8078249336870027,0.5839173154971207,0.5896590046963752,0.11206896551724138,0.556923076923077,0.5,441.0
scale_candidate,qwen3-vl-8b,qwen3-vl-8b,proxy_anchor,dash-b,Diag-kNN-scale-grid,test,test,test,pooled,0.5,20260506,2,k=2,381,381,441,True,passed,,0.7369614512471655,0.5,0.0,0.0,0.0,0.8104244031830239,0.6112905029139063,0.6168411289502885,0.14655172413793102,0.6061538461538462,0.5,441.0
scale_candidate,qwen3-vl-8b,qwen3-vl-8b,proxy_anchor,dash-b,Diag-kNN-scale-grid,test,test,test,pooled,0.5,20260506,4,k=4,381,381,441,True,passed,,0.7369614512471655,0.5,0.0,0.0,0.0,0.7957824933687002,0.598663709189088,0.602593747324958,0.21551724137931033,0.5692307692307692,0.5,441.0
scale_candidate,qwen3-vl-8b,qwen3-vl-8b,proxy_anchor,dash-b,Diag-kNN-scale-grid,test,test,test,pooled,0.5,20260506,8,k=8,381,381,441,True,passed,,0.7369614512471655,0.5,0.0,0.0,0.0,0.7950928381962865,0.5692926255730314,0.5734508477534429,0.16379310344827586,0.556923076923077,0.5,441.0
scale_candidate,qwen3-vl-8b,qwen3-vl-8b,proxy_anchor,dash-b,Diag-kNN-scale-grid,test,test,test,pooled,0.5,20260506,16,k=16,381,381,441,True,passed,,0.7369614512471655,0.5,0.0,0.0,0.0,0.8373209549071617,0.6051404192986757,0.6083150769615433,0.1206896551724138,0.49846153846153846,0.5,441.0
scale_candidate,qwen3-vl-8b,qwen3-vl-8b,proxy_anchor,dash-b,Diag-kNN-scale-grid,test,test,test,pooled,0.5,20260506,32,k=32,381,381,441,True,passed,,0.7369614512471655,0.5,0.0,0.0,0.0,0.8323076923076923,0.5403320844862248,0.5472614964809748,0.06896551724137931,0.36923076923076925,0.5,441.0
scale_candidate,qwen3-vl-8b,qwen3-vl-8b,proxy_anchor,repope,Diag-kNN-scale-grid,cal,cal,cal,pooled,0.5,20260507,1,k=1,1542,1542,800,True,passed,,0.975,0.5,0.0,0.0,0.0,0.8587820512820513,0.1535652346420571,0.17913103906143205,0.15,0.3217948717948718,0.5,800.0
scale_candidate,qwen3-vl-8b,qwen3-vl-8b,proxy_anchor,repope,Diag-kNN-scale-grid,cal,cal,cal,pooled,0.5,20260507,2,k=2,1542,1542,800,True,passed,,0.975,0.5,0.0,0.0,0.0,0.8455769230769231,0.1503641071404475,0.17572665774143886,0.15,0.35512820512820514,0.5,800.0
scale_candidate,qwen3-vl-8b,qwen3-vl-8b,proxy_anchor,repope,Diag-kNN-scale-grid,cal,cal,cal,pooled,0.5,20260507,4,k=4,1542,1542,800,True,passed,,0.975,0.5,0.0,0.0,0.0,0.848076923076923,0.16758027623638902,0.19286392717767278,0.15,0.3871794871794872,0.5,800.0
scale_candidate,qwen3-vl-8b,qwen3-vl-8b,proxy_anchor,repope,Diag-kNN-scale-grid,cal,cal,cal,pooled,0.5,20260507,8,k=8,1542,1542,800,True,passed,,0.975,0.5,0.0,0.0,0.0,0.858525641025641,0.1866065379969642,0.21311576113633332,0.25,0.39615384615384613,0.5,800.0
scale_candidate,qwen3-vl-8b,qwen3-vl-8b,proxy_anchor,repope,Diag-kNN-scale-grid,cal,cal,cal,pooled,0.5,20260507,16,k=16,1542,1542,800,True,passed,,0.975,0.5,0.0,0.0,0.0,0.8682692307692307,0.1462521249488492,0.1720116971735758,0.15,0.30128205128205127,0.5,800.0
scale_candidate,qwen3-vl-8b,qwen3-vl-8b,proxy_anchor,repope,Diag-kNN-scale-grid,cal,cal,cal,pooled,0.5,20260507,32,k=32,1542,1542,800,True,passed,,0.975,0.5,0.0,0.0,0.0,0.8876923076923077,0.10501208789912259,0.12522166544655697,0.05,0.2205128205128205,0.5,800.0
scale_candidate,qwen3-vl-8b,qwen3-vl-8b,proxy_anchor,repope,Diag-kNN-scale-grid,test,test,test,pooled,0.5,20260507,1,k=1,1542,1542,1612,True,passed,,0.9764267990074442,0.5,0.0,0.0,0.0,0.8626028221761519,0.22481084046482516,0.2334087720096744,0.15789473684210525,0.6111817026683609,0.5,1612.0
scale_candidate,qwen3-vl-8b,qwen3-vl-8b,proxy_anchor,repope,Diag-kNN-scale-grid,test,test,test,pooled,0.5,20260507,2,k=2,1542,1542,1612,True,passed,,0.9764267990074442,0.5,0.0,0.0,0.0,0.8566842774025278,0.2183267335814703,0.22677263070869716,0.15789473684210525,0.6232528589580686,0.5,1612.0
scale_candidate,qwen3-vl-8b,qwen3-vl-8b,proxy_anchor,repope,Diag-kNN-scale-grid,test,test,test,pooled,0.5,20260507,4,k=4,1542,1542,1612,True,passed,,0.9764267990074442,0.5,0.0,0.0,0.0,0.8710459439577343,0.2093321503697533,0.21742940632729527,0.15789473684210525,0.3875476493011436,0.5,1612.0
scale_candidate,qwen3-vl-8b,qwen3-vl-8b,proxy_anchor,repope,Diag-kNN-scale-grid,test,test,test,pooled,0.5,20260507,8,k=8,1542,1542,1612,True,passed,,0.9764267990074442,0.5,0.0,0.0,0.0,0.8826824048685882,0.14361887422876593,0.16483876870888456,0.15789473684210525,0.30749682337992373,0.5,1612.0
scale_candidate,qwen3-vl-8b,qwen3-vl-8b,proxy_anchor,repope,Diag-kNN-scale-grid,test,test,test,pooled,0.5,20260507,16,k=16,1542,1542,1612,True,passed,,0.9764267990074442,0.5,0.0,0.0,0.0,0.8806092422925165,0.12118390302701318,0.13678125552208284,0.07894736842105263,0.3792884371029225,0.5,1612.0
scale_candidate,qwen3-vl-8b,qwen3-vl-8b,proxy_anchor,repope,Diag-kNN-scale-grid,test,test,test,pooled,0.5,20260507,32,k=32,1542,1542,1612,True,passed,,0.9764267990074442,0.5,0.0,0.0,0.0,0.8755768073296328,0.09389435674223945,0.10250363007446561,0.0,0.2852604828462516,0.5,1612.0
scale_candidate,qwen3-vl-8b,qwen3-vl-8b,proxy_anchor,pope,Diag-kNN-scale-grid,test,test,test,pooled,0.5,20260507,1,k=1,1609,1609,1644,True,passed,,0.9683698296836983,0.5,0.0,0.0,0.0,0.7516790684190182,0.08033031304235573,0.0839914152944008,0.0,0.7116834170854272,0.5,1644.0
scale_candidate,qwen3-vl-8b,qwen3-vl-8b,proxy_anchor,pope,Diag-kNN-scale-grid,test,test,test,pooled,0.5,20260507,2,k=2,1609,1609,1644,True,passed,,0.9683698296836983,0.5,0.0,0.0,0.0,0.7318201584847314,0.0745937016289759,0.0780670397498816,0.0,0.7613065326633166,0.5,1644.0
scale_candidate,qwen3-vl-8b,qwen3-vl-8b,proxy_anchor,pope,Diag-kNN-scale-grid,test,test,test,pooled,0.5,20260507,4,k=4,1609,1609,1644,True,passed,,0.9683698296836983,0.5,0.0,0.0,0.0,0.7320375918051798,0.07553463580949933,0.07938458518516725,0.0,0.7581658291457286,0.5,1644.0
scale_candidate,qwen3-vl-8b,qwen3-vl-8b,proxy_anchor,pope,Diag-kNN-scale-grid,test,test,test,pooled,0.5,20260507,8,k=8,1609,1609,1644,True,passed,,0.9683698296836983,0.5,0.0,0.0,0.0,0.7337649787398531,0.07320146131402788,0.07752198733031697,0.019230769230769232,0.7474874371859297,0.5,1644.0
scale_candidate,qwen3-vl-8b,qwen3-vl-8b,proxy_anchor,pope,Diag-kNN-scale-grid,test,test,test,pooled,0.5,20260507,16,k=16,1609,1609,1644,True,passed,,0.9683698296836983,0.5,0.0,0.0,0.0,0.7315423270197139,0.06913558347926814,0.07358478096585193,0.019230769230769232,0.7430904522613065,0.5,1644.0
scale_candidate,qwen3-vl-8b,qwen3-vl-8b,proxy_anchor,pope,Diag-kNN-scale-grid,test,test,test,pooled,0.5,20260507,32,k=32,1609,1609,1644,True,passed,,0.9683698296836983,0.5,0.0,0.0,0.0,0.7370023192887515,0.06330480488073295,0.06674547355911417,0.019230769230769232,0.6915829145728644,0.5,1644.0
scale_candidate,qwen3-vl-8b,qwen3-vl-8b,proxy_anchor,dash-b,Diag-kNN-scale-grid,test,test,test,pooled,0.5,20260507,1,k=1,381,381,441,True,passed,,0.7369614512471655,0.5,0.0,0.0,0.0,0.6853846153846154,0.38921280128611396,0.3956020173580256,0.02586206896551724,0.8061538461538461,0.5,441.0
scale_candidate,qwen3-vl-8b,qwen3-vl-8b,proxy_anchor,dash-b,Diag-kNN-scale-grid,test,test,test,pooled,0.5,20260507,2,k=2,381,381,441,True,passed,,0.7369614512471655,0.5,0.0,0.0,0.0,0.7045888594164457,0.40027537061967866,0.4066976585469221,0.034482758620689655,0.6553846153846153,0.5,441.0
scale_candidate,qwen3-vl-8b,qwen3-vl-8b,proxy_anchor,dash-b,Diag-kNN-scale-grid,test,test,test,pooled,0.5,20260507,4,k=4,381,381,441,True,passed,,0.7369614512471655,0.5,0.0,0.0,0.0,0.7192572944297082,0.40476388180220874,0.4111801949583752,0.02586206896551724,0.64,0.5,441.0
scale_candidate,qwen3-vl-8b,qwen3-vl-8b,proxy_anchor,dash-b,Diag-kNN-scale-grid,test,test,test,pooled,0.5,20260507,8,k=8,381,381,441,True,passed,,0.7369614512471655,0.5,0.0,0.0,0.0,0.7160212201591512,0.3881712403459811,0.3936688441293918,0.0,0.64,0.5,441.0
scale_candidate,qwen3-vl-8b,qwen3-vl-8b,proxy_anchor,dash-b,Diag-kNN-scale-grid,test,test,test,pooled,0.5,20260507,16,k=16,381,381,441,True,passed,,0.7369614512471655,0.5,0.0,0.0,0.0,0.7148806366047746,0.3619665466996944,0.3659625842837576,0.0,0.5692307692307692,0.5,441.0
scale_candidate,qwen3-vl-8b,qwen3-vl-8b,proxy_anchor,dash-b,Diag-kNN-scale-grid,test,test,test,pooled,0.5,20260507,32,k=32,381,381,441,True,passed,,0.7369614512471655,0.5,0.0,0.0,0.0,0.6729973474801061,0.32596598304104724,0.32909002695083356,0.0,0.5846153846153846,0.5,441.0
scale_candidate,qwen3-vl-8b,qwen3-vl-8b,proxy_anchor,repope,Diag-kNN-scale-grid,cal,cal,cal,pooled,0.5,20260508,1,k=1,1542,1542,800,True,passed,,0.975,0.5,0.0,0.0,0.0,0.9280769230769231,0.6047678631420631,0.6079274288051311,0.5,0.3141025641025641,0.5,800.0
scale_candidate,qwen3-vl-8b,qwen3-vl-8b,proxy_anchor,repope,Diag-kNN-scale-grid,cal,cal,cal,pooled,0.5,20260508,2,k=2,1542,1542,800,True,passed,,0.975,0.5,0.0,0.0,0.0,0.9272435897435898,0.6033739846167689,0.6065408510314975,0.5,0.3269230769230769,0.5,800.0
scale_candidate,qwen3-vl-8b,qwen3-vl-8b,proxy_anchor,repope,Diag-kNN-scale-grid,cal,cal,cal,pooled,0.5,20260508,4,k=4,1542,1542,800,True,passed,,0.975,0.5,0.0,0.0,0.0,0.9676282051282051,0.6741425776884615,0.6800410249825237,0.5,0.18846153846153846,0.5,800.0
scale_candidate,qwen3-vl-8b,qwen3-vl-8b,proxy_anchor,repope,Diag-kNN-scale-grid,cal,cal,cal,pooled,0.5,20260508,8,k=8,1542,1542,800,True,passed,,0.975,0.5,0.0,0.0,0.0,0.9796153846153846,0.7950711384212295,0.7993401880547496,0.8,0.13974358974358975,0.5,800.0
scale_candidate,qwen3-vl-8b,qwen3-vl-8b,proxy_anchor,repope,Diag-kNN-scale-grid,cal,cal,cal,pooled,0.5,20260508,16,k=16,1542,1542,800,True,passed,,0.975,0.5,0.0,0.0,0.0,0.9843589743589742,0.8330574825253569,0.8361760519315158,0.85,0.12692307692307692,0.5,800.0
scale_candidate,qwen3-vl-8b,qwen3-vl-8b,proxy_anchor,repope,Diag-kNN-scale-grid,cal,cal,cal,pooled,0.5,20260508,32,k=32,1542,1542,800,True,passed,,0.975,0.5,0.0,0.0,0.0,0.9876923076923078,0.8339821796781468,0.8372638246810817,0.85,0.08974358974358974,0.5,800.0
scale_candidate,qwen3-vl-8b,qwen3-vl-8b,proxy_anchor,repope,Diag-kNN-scale-grid,test,test,test,pooled,0.5,20260508,1,k=1,1542,1542,1612,True,passed,,0.9764267990074442,0.5,0.0,0.0,0.0,0.9457466729084465,0.3666364531102084,0.37784380070377066,0.23684210526315788,0.20648030495552733,0.5,1612.0
scale_candidate,qwen3-vl-8b,qwen3-vl-8b,proxy_anchor,repope,Diag-kNN-scale-grid,test,test,test,pooled,0.5,20260508,2,k=2,1542,1542,1612,True,passed,,0.9764267990074442,0.5,0.0,0.0,0.0,0.943238814953521,0.35239757955029155,0.3634677019165388,0.23684210526315788,0.21410419313850063,0.5,1612.0
scale_candidate,qwen3-vl-8b,qwen3-vl-8b,proxy_anchor,repope,Diag-kNN-scale-grid,test,test,test,pooled,0.5,20260508,4,k=4,1542,1542,1612,True,passed,,0.9764267990074442,0.5,0.0,0.0,0.0,0.954875275864375,0.43579054694427427,0.44686580575862683,0.34210526315789475,0.22871664548919948,0.5,1612.0
scale_candidate,qwen3-vl-8b,qwen3-vl-8b,proxy_anchor,repope,Diag-kNN-scale-grid,test,test,test,pooled,0.5,20260508,8,k=8,1542,1542,1612,True,passed,,0.9764267990074442,0.5,0.0,0.0,0.0,0.960292249047014,0.4990370333300941,0.510421787808574,0.34210526315789475,0.24269377382465057,0.5,1612.0
scale_candidate,qwen3-vl-8b,qwen3-vl-8b,proxy_anchor,repope,Diag-kNN-scale-grid,test,test,test,pooled,0.5,20260508,16,k=16,1542,1542,1612,True,passed,,0.9764267990074442,0.5,0.0,0.0,0.0,0.9664950177221961,0.583580703726809,0.59229937611903,0.6578947368421053,0.24650571791613723,0.5,1612.0
scale_candidate,qwen3-vl-8b,qwen3-vl-8b,proxy_anchor,repope,Diag-kNN-scale-grid,test,test,test,pooled,0.5,20260508,32,k=32,1542,1542,1612,True,passed,,0.9764267990074442,0.5,0.0,0.0,0.0,0.9725974720791815,0.5890827214192454,0.5981365234571179,0.6578947368421053,0.17662007623888182,0.5,1612.0
scale_candidate,qwen3-vl-8b,qwen3-vl-8b,proxy_anchor,pope,Diag-kNN-scale-grid,test,test,test,pooled,0.5,20260508,1,k=1,1609,1609,1644,True,passed,,0.9683698296836983,0.5,0.0,0.0,0.0,0.8670395245458059,0.13428870967091472,0.14420632733293584,0.057692307692307696,0.3712311557788945,0.5,1644.0
scale_candidate,qwen3-vl-8b,qwen3-vl-8b,proxy_anchor,pope,Diag-kNN-scale-grid,test,test,test,pooled,0.5,20260508,2,k=2,1609,1609,1644,True,passed,,0.9683698296836983,0.5,0.0,0.0,0.0,0.8655537301894085,0.13274560194459947,0.14259855567092214,0.057692307692307696,0.3800251256281407,0.5,1644.0
scale_candidate,qwen3-vl-8b,qwen3-vl-8b,proxy_anchor,pope,Diag-kNN-scale-grid,test,test,test,pooled,0.5,20260508,4,k=4,1609,1609,1644,True,passed,,0.9683698296836983,0.5,0.0,0.0,0.0,0.8731276575183611,0.13905110891639721,0.1492543694286577,0.07692307692307693,0.3391959798994975,0.5,1644.0
scale_candidate,qwen3-vl-8b,qwen3-vl-8b,proxy_anchor,pope,Diag-kNN-scale-grid,test,test,test,pooled,0.5,20260508,8,k=8,1609,1609,1644,True,passed,,0.9683698296836983,0.5,0.0,0.0,0.0,0.9014181484344801,0.1886071663556515,0.20117803539803142,0.11538461538461539,0.26067839195979897,0.5,1644.0
scale_candidate,qwen3-vl-8b,qwen3-vl-8b,proxy_anchor,pope,Diag-kNN-scale-grid,test,test,test,pooled,0.5,20260508,16,k=16,1609,1609,1644,True,passed,,0.9683698296836983,0.5,0.0,0.0,0.0,0.9171820641669887,0.24321020843199115,0.2569160743852865,0.21153846153846154,0.2449748743718593,0.5,1644.0
scale_candidate,qwen3-vl-8b,qwen3-vl-8b,proxy_anchor,pope,Diag-kNN-scale-grid,test,test,test,pooled,0.5,20260508,32,k=32,1609,1609,1644,True,passed,,0.9683698296836983,0.5,0.0,0.0,0.0,0.9253478933127174,0.28853814880002554,0.29781691391874504,0.23076923076923078,0.20603015075376885,0.5,1644.0
scale_candidate,qwen3-vl-8b,qwen3-vl-8b,proxy_anchor,dash-b,Diag-kNN-scale-grid,test,test,test,pooled,0.5,20260508,1,k=1,381,381,441,True,passed,,0.7369614512471655,0.5,0.0,0.0,0.0,0.8611671087533156,0.6499609697704177,0.653315979871073,0.12931034482758622,0.47692307692307695,0.5,441.0
scale_candidate,qwen3-vl-8b,qwen3-vl-8b,proxy_anchor,dash-b,Diag-kNN-scale-grid,test,test,test,pooled,0.5,20260508,2,k=2,381,381,441,True,passed,,0.7369614512471655,0.5,0.0,0.0,0.0,0.883474801061008,0.6974376506186243,0.7002003718131884,0.13793103448275862,0.36923076923076925,0.5,441.0
scale_candidate,qwen3-vl-8b,qwen3-vl-8b,proxy_anchor,dash-b,Diag-kNN-scale-grid,test,test,test,pooled,0.5,20260508,4,k=4,381,381,441,True,passed,,0.7369614512471655,0.5,0.0,0.0,0.0,0.8942175066312996,0.7303023236242652,0.7327332793125384,0.22413793103448276,0.3384615384615385,0.5,441.0
scale_candidate,qwen3-vl-8b,qwen3-vl-8b,proxy_anchor,dash-b,Diag-kNN-scale-grid,test,test,test,pooled,0.5,20260508,8,k=8,381,381,441,True,passed,,0.7369614512471655,0.5,0.0,0.0,0.0,0.890132625994695,0.7418413873421406,0.7436370468024259,0.25862068965517243,0.4123076923076923,0.5,441.0
scale_candidate,qwen3-vl-8b,qwen3-vl-8b,proxy_anchor,dash-b,Diag-kNN-scale-grid,test,test,test,pooled,0.5,20260508,16,k=16,381,381,441,True,passed,,0.7369614512471655,0.5,0.0,0.0,0.0,0.8833687002652519,0.7440635320136416,0.7453932870714749,0.27586206896551724,0.4338461538461538,0.5,441.0
scale_candidate,qwen3-vl-8b,qwen3-vl-8b,proxy_anchor,dash-b,Diag-kNN-scale-grid,test,test,test,pooled,0.5,20260508,32,k=32,381,381,441,True,passed,,0.7369614512471655,0.5,0.0,0.0,0.0,0.8817506631299735,0.7360424912551073,0.7374085589059423,0.27586206896551724,0.37846153846153846,0.5,441.0
scale_candidate,internvl3.5-8b,internvl3.5-8b,proxy_anchor,repope,Diag-kNN-scale-grid,cal,cal,cal,pooled,0.5,20260506,1,k=1,1496,1496,809,True,passed,,0.9245982694684796,0.5,0.0,0.0,0.0,0.883141930393618,0.4379446033517022,0.4479220634896795,0.2459016393442623,0.3689839572192513,0.5,809.0
scale_candidate,internvl3.5-8b,internvl3.5-8b,proxy_anchor,repope,Diag-kNN-scale-grid,cal,cal,cal,pooled,0.5,20260506,2,k=2,1496,1496,809,True,passed,,0.9245982694684796,0.5,0.0,0.0,0.0,0.8840624178136232,0.4662033652304813,0.4760611046804084,0.2459016393442623,0.3770053475935829,0.5,809.0
scale_candidate,internvl3.5-8b,internvl3.5-8b,proxy_anchor,repope,Diag-kNN-scale-grid,cal,cal,cal,pooled,0.5,20260506,4,k=4,1496,1496,809,True,passed,,0.9245982694684796,0.5,0.0,0.0,0.0,0.9134303497852196,0.5409201814416349,0.5500912983935782,0.4098360655737705,0.25133689839572193,0.5,809.0
scale_candidate,internvl3.5-8b,internvl3.5-8b,proxy_anchor,repope,Diag-kNN-scale-grid,cal,cal,cal,pooled,0.5,20260506,8,k=8,1496,1496,809,True,passed,,0.9245982694684796,0.5,0.0,0.0,0.0,0.9347768913824844,0.6317940458056607,0.6369212601032733,0.4426229508196721,0.22058823529411764,0.5,809.0
scale_candidate,internvl3.5-8b,internvl3.5-8b,proxy_anchor,repope,Diag-kNN-scale-grid,cal,cal,cal,pooled,0.5,20260506,16,k=16,1496,1496,809,True,passed,,0.9245982694684796,0.5,0.0,0.0,0.0,0.9421846234768125,0.6733776792159014,0.6780292189912549,0.5245901639344263,0.21122994652406418,0.5,809.0
scale_candidate,internvl3.5-8b,internvl3.5-8b,proxy_anchor,repope,Diag-kNN-scale-grid,cal,cal,cal,pooled,0.5,20260506,32,k=32,1496,1496,809,True,passed,,0.9245982694684796,0.5,0.0,0.0,0.0,0.9571315858683265,0.7132023953953941,0.7178274429189906,0.4098360655737705,0.18315508021390375,0.5,809.0
scale_candidate,internvl3.5-8b,internvl3.5-8b,proxy_anchor,repope,Diag-kNN-scale-grid,test,test,test,pooled,0.5,20260506,1,k=1,1496,1496,1625,True,passed,,0.9132307692307692,0.5,0.0,0.0,0.0,0.8815402114278068,0.5018863717330653,0.5048151840167378,0.2907801418439716,0.36994609164420483,0.5,1625.0
scale_candidate,internvl3.5-8b,internvl3.5-8b,proxy_anchor,repope,Diag-kNN-scale-grid,test,test,test,pooled,0.5,20260506,2,k=2,1496,1496,1625,True,passed,,0.9132307692307692,0.5,0.0,0.0,0.0,0.8960639253694251,0.51960027114811,0.5225802854763771,0.2907801418439716,0.29851752021563344,0.5,1625.0
scale_candidate,internvl3.5-8b,internvl3.5-8b,proxy_anchor,repope,Diag-kNN-scale-grid,test,test,test,pooled,0.5,20260506,4,k=4,1496,1496,1625,True,passed,,0.9132307692307692,0.5,0.0,0.0,0.0,0.9143487985318576,0.571746858859671,0.5746257621550149,0.24822695035460993,0.33423180592991913,0.5,1625.0
scale_candidate,internvl3.5-8b,internvl3.5-8b,proxy_anchor,repope,Diag-kNN-scale-grid,test,test,test,pooled,0.5,20260506,8,k=8,1496,1496,1625,True,passed,,0.9132307692307692,0.5,0.0,0.0,0.0,0.9246477796257001,0.5847491358994755,0.5891184076208776,0.3120567375886525,0.28369272237196763,0.5,1625.0
scale_candidate,internvl3.5-8b,internvl3.5-8b,proxy_anchor,repope,Diag-kNN-scale-grid,test,test,test,pooled,0.5,20260506,16,k=16,1496,1496,1625,True,passed,,0.9132307692307692,0.5,0.0,0.0,0.0,0.9299812658905393,0.5968846992622997,0.6012272909740727,0.3120567375886525,0.25067385444743934,0.5,1625.0
scale_candidate,internvl3.5-8b,internvl3.5-8b,proxy_anchor,repope,Diag-kNN-scale-grid,test,test,test,pooled,0.5,20260506,32,k=32,1496,1496,1625,True,passed,,0.9132307692307692,0.5,0.0,0.0,0.0,0.9395777178796048,0.6142106461317749,0.6186174221806212,0.3120567375886525,0.2580862533692722,0.5,1625.0
scale_candidate,internvl3.5-8b,internvl3.5-8b,proxy_anchor,pope,Diag-kNN-scale-grid,test,test,test,pooled,0.5,20260506,1,k=1,1620,1620,1707,True,passed,,0.9191564147627417,0.5,0.0,0.0,0.0,0.826881333074699,0.2856404406697802,0.2897481044714685,0.06521739130434782,0.4786488209050351,0.5,1707.0
scale_candidate,internvl3.5-8b,internvl3.5-8b,proxy_anchor,pope,Diag-kNN-scale-grid,test,test,test,pooled,0.5,20260506,2,k=2,1620,1620,1707,True,passed,,0.9191564147627417,0.5,0.0,0.0,0.0,0.8351160621091621,0.2974400793260548,0.30158646217298835,0.06521739130434782,0.4958572339069471,0.5,1707.0
scale_candidate,internvl3.5-8b,internvl3.5-8b,proxy_anchor,pope,Diag-kNN-scale-grid,test,test,test,pooled,0.5,20260506,4,k=4,1620,1620,1707,True,passed,,0.9191564147627417,0.5,0.0,0.0,0.0,0.8417712749743674,0.31729209767337874,0.32124124722628566,0.06521739130434782,0.4926704907584449,0.5,1707.0
scale_candidate,internvl3.5-8b,internvl3.5-8b,proxy_anchor,pope,Diag-kNN-scale-grid,test,test,test,pooled,0.5,20260506,8,k=8,1620,1620,1707,True,passed,,0.9191564147627417,0.5,0.0,0.0,0.0,0.8572569992887559,0.35500819432655295,0.35880725173991207,0.08695652173913043,0.5092415551306565,0.5,1707.0
scale_candidate,internvl3.5-8b,internvl3.5-8b,proxy_anchor,pope,Diag-kNN-scale-grid,test,test,test,pooled,0.5,20260506,16,k=16,1620,1620,1707,True,passed,,0.9191564147627417,0.5,0.0,0.0,0.0,0.8691680291148244,0.39427538143623136,0.39836927297399255,0.13043478260869565,0.5066921606118547,0.5,1707.0
scale_candidate,internvl3.5-8b,internvl3.5-8b,proxy_anchor,pope,Diag-kNN-scale-grid,test,test,test,pooled,0.5,20260506,32,k=32,1620,1620,1707,True,passed,,0.9191564147627417,0.5,0.0,0.0,0.0,0.8874017420862546,0.44247579236251056,0.4466612241471827,0.12318840579710146,0.5289993626513703,0.5,1707.0
scale_candidate,internvl3.5-8b,internvl3.5-8b,proxy_anchor,dash-b,Diag-kNN-scale-grid,test,test,test,pooled,0.5,20260506,1,k=1,361,361,432,True,passed,,0.6504629629629629,0.5,0.0,0.0,0.0,0.6286205840069761,0.44407029849137214,0.44808988653899073,0.019867549668874173,0.8220640569395018,0.5,432.0
scale_candidate,internvl3.5-8b,internvl3.5-8b,proxy_anchor,dash-b,Diag-kNN-scale-grid,test,test,test,pooled,0.5,20260506,2,k=2,361,361,432,True,passed,,0.6504629629629629,0.5,0.0,0.0,0.0,0.5892154321133134,0.3989303092523645,0.4028202718586218,0.013245033112582781,0.8291814946619217,0.5,432.0
scale_candidate,internvl3.5-8b,internvl3.5-8b,proxy_anchor,dash-b,Diag-kNN-scale-grid,test,test,test,pooled,0.5,20260506,4,k=4,361,361,432,True,passed,,0.6504629629629629,0.5,0.0,0.0,0.0,0.5447667978600552,0.3570251398466301,0.360523567350259,0.006622516556291391,0.8434163701067615,0.5,432.0
scale_candidate,internvl3.5-8b,internvl3.5-8b,proxy_anchor,dash-b,Diag-kNN-scale-grid,test,test,test,pooled,0.5,20260506,8,k=8,361,361,432,True,passed,,0.6504629629629629,0.5,0.0,0.0,0.0,0.4692324008390092,0.31678094298701903,0.31980465473170816,0.006622516556291391,0.9217081850533808,0.5,432.0
scale_candidate,internvl3.5-8b,internvl3.5-8b,proxy_anchor,dash-b,Diag-kNN-scale-grid,test,test,test,pooled,0.5,20260506,16,k=16,361,361,432,True,passed,,0.6504629629629629,0.5,0.0,0.0,0.0,0.3949470905705734,0.2899981616296213,0.2929722853521025,0.006622516556291391,0.9288256227758007,0.5,432.0
scale_candidate,internvl3.5-8b,internvl3.5-8b,proxy_anchor,dash-b,Diag-kNN-scale-grid,test,test,test,pooled,0.5,20260506,32,k=32,361,361,432,True,passed,,0.6504629629629629,0.5,0.0,0.0,0.0,0.35914779288727583,0.27769397503456533,0.2805575371613645,0.006622516556291391,0.9359430604982206,0.5,432.0
scale_candidate,internvl3.5-8b,internvl3.5-8b,proxy_anchor,repope,Diag-kNN-scale-grid,cal,cal,cal,pooled,0.5,20260507,1,k=1,1496,1496,809,True,passed,,0.9245982694684796,0.5,0.0,0.0,0.0,0.9247830279652844,0.5783242692110182,0.5838918298246888,0.26229508196721313,0.36363636363636365,0.5,809.0
scale_candidate,internvl3.5-8b,internvl3.5-8b,proxy_anchor,repope,Diag-kNN-scale-grid,cal,cal,cal,pooled,0.5,20260507,2,k=2,1496,1496,809,True,passed,,0.9245982694684796,0.5,0.0,0.0,0.0,0.9207504164109758,0.5746140680684645,0.5800129855487245,0.26229508196721313,0.3770053475935829,0.5,809.0
scale_candidate,internvl3.5-8b,internvl3.5-8b,proxy_anchor,repope,Diag-kNN-scale-grid,cal,cal,cal,pooled,0.5,20260507,4,k=4,1496,1496,809,True,passed,,0.9245982694684796,0.5,0.0,0.0,0.0,0.96024371000263,0.6384864288006153,0.6444032303382765,0.3114754098360656,0.12165775401069519,0.5,809.0
scale_candidate,internvl3.5-8b,internvl3.5-8b,proxy_anchor,repope,Diag-kNN-scale-grid,cal,cal,cal,pooled,0.5,20260507,8,k=8,1496,1496,809,True,passed,,0.9245982694684796,0.5,0.0,0.0,0.0,0.9696239151398264,0.7296544893663238,0.7338789802039,0.45901639344262296,0.12433155080213903,0.5,809.0
scale_candidate,internvl3.5-8b,internvl3.5-8b,proxy_anchor,repope,Diag-kNN-scale-grid,cal,cal,cal,pooled,0.5,20260507,16,k=16,1496,1496,809,True,passed,,0.9245982694684796,0.5,0.0,0.0,0.0,0.9782808801613044,0.7705351403750387,0.7746637648521935,0.39344262295081966,0.08021390374331551,0.5,809.0
scale_candidate,internvl3.5-8b,internvl3.5-8b,proxy_anchor,repope,Diag-kNN-scale-grid,cal,cal,cal,pooled,0.5,20260507,32,k=32,1496,1496,809,True,passed,,0.9245982694684796,0.5,0.0,0.0,0.0,0.9794643639870255,0.7614597744600635,0.7668892789567521,0.4262295081967213,0.10026737967914438,0.5,809.0
scale_candidate,internvl3.5-8b,internvl3.5-8b,proxy_anchor,repope,Diag-kNN-scale-grid,test,test,test,pooled,0.5,20260507,1,k=1,1496,1496,1625,True,passed,,0.9132307692307692,0.5,0.0,0.0,0.0,0.9044178088738506,0.5029667845052737,0.5065114099618879,0.19148936170212766,0.3423180592991914,0.5,1625.0
scale_candidate,internvl3.5-8b,internvl3.5-8b,proxy_anchor,repope,Diag-kNN-scale-grid,test,test,test,pooled,0.5,20260507,2,k=2,1496,1496,1625,True,passed,,0.9132307692307692,0.5,0.0,0.0,0.0,0.9056603773584906,0.5060021940672242,0.5095339726661693,0.19148936170212766,0.32547169811320753,0.5,1625.0
scale_candidate,internvl3.5-8b,internvl3.5-8b,proxy_anchor,repope,Diag-kNN-scale-grid,test,test,test,pooled,0.5,20260507,4,k=4,1496,1496,1625,True,passed,,0.9132307692307692,0.5,0.0,0.0,0.0,0.9215987077287761,0.5410935216935616,0.544314184769306,0.23404255319148937,0.2702156334231806,0.5,1625.0
scale_candidate,internvl3.5-8b,internvl3.5-8b,proxy_anchor,repope,Diag-kNN-scale-grid,test,test,test,pooled,0.5,20260507,8,k=8,1496,1496,1625,True,passed,,0.9132307692307692,0.5,0.0,0.0,0.0,0.9341773240809772,0.5758971249952712,0.5792832734857749,0.2198581560283688,0.2628032345013477,0.5,1625.0
scale_candidate,internvl3.5-8b,internvl3.5-8b,proxy_anchor,repope,Diag-kNN-scale-grid,test,test,test,pooled,0.5,20260507,16,k=16,1496,1496,1625,True,passed,,0.9132307692307692,0.5,0.0,0.0,0.0,0.9422826938884746,0.5933079426010972,0.5968946635862722,0.14184397163120568,0.19878706199460916,0.5,1625.0
scale_candidate,internvl3.5-8b,internvl3.5-8b,proxy_anchor,repope,Diag-kNN-scale-grid,test,test,test,pooled,0.5,20260507,32,k=32,1496,1496,1625,True,passed,,0.9132307692307692,0.5,0.0,0.0,0.0,0.9452218462656037,0.5902867020964948,0.5938973386445903,0.1773049645390071,0.20148247978436656,0.5,1625.0
scale_candidate,internvl3.5-8b,internvl3.5-8b,proxy_anchor,pope,Diag-kNN-scale-grid,test,test,test,pooled,0.5,20260507,1,k=1,1620,1620,1707,True,passed,,0.9191564147627417,0.5,0.0,0.0,0.0,0.8504817062469403,0.3225181623705742,0.3262100111451955,0.10144927536231885,0.4461440407903123,0.5,1707.0
scale_candidate,internvl3.5-8b,internvl3.5-8b,proxy_anchor,pope,Diag-kNN-scale-grid,test,test,test,pooled,0.5,20260507,2,k=2,1620,1620,1707,True,passed,,0.9191564147627417,0.5,0.0,0.0,0.0,0.8523013827694184,0.3207869267557935,0.3244398560301179,0.10144927536231885,0.4130019120458891,0.5,1707.0
scale_candidate,internvl3.5-8b,internvl3.5-8b,proxy_anchor,pope,Diag-kNN-scale-grid,test,test,test,pooled,0.5,20260507,4,k=4,1620,1620,1707,True,passed,,0.9191564147627417,0.5,0.0,0.0,0.0,0.8636674333324097,0.3391920229870593,0.34241072599136235,0.07246376811594203,0.361376673040153,0.5,1707.0
scale_candidate,internvl3.5-8b,internvl3.5-8b,proxy_anchor,pope,Diag-kNN-scale-grid,test,test,test,pooled,0.5,20260507,8,k=8,1620,1620,1707,True,passed,,0.9191564147627417,0.5,0.0,0.0,0.0,0.8807650030943738,0.3477052199108496,0.3524797736900473,0.07246376811594203,0.3441682600382409,0.5,1707.0
scale_candidate,internvl3.5-8b,internvl3.5-8b,proxy_anchor,pope,Diag-kNN-scale-grid,test,test,test,pooled,0.5,20260507,16,k=16,1620,1620,1707,True,passed,,0.9191564147627417,0.5,0.0,0.0,0.0,0.8978856651979937,0.3812555048334291,0.38558724102158093,0.08695652173913043,0.33397068196303376,0.5,1707.0
scale_candidate,internvl3.5-8b,internvl3.5-8b,proxy_anchor,pope,Diag-kNN-scale-grid,test,test,test,pooled,0.5,20260507,32,k=32,1620,1620,1707,True,passed,,0.9191564147627417,0.5,0.0,0.0,0.0,0.9041852560016996,0.38992399780731063,0.39426394751722776,0.06521739130434782,0.29509241555130655,0.5,1707.0
scale_candidate,internvl3.5-8b,internvl3.5-8b,proxy_anchor,dash-b,Diag-kNN-scale-grid,test,test,test,pooled,0.5,20260507,1,k=1,361,361,432,True,passed,,0.6504629629629629,0.5,0.0,0.0,0.0,0.7190026160118781,0.5121525936845179,0.5166445057444234,0.0,0.6690391459074733,0.5,432.0
scale_candidate,internvl3.5-8b,internvl3.5-8b,proxy_anchor,dash-b,Diag-kNN-scale-grid,test,test,test,pooled,0.5,20260507,2,k=2,361,361,432,True,passed,,0.6504629629629629,0.5,0.0,0.0,0.0,0.7092455987367726,0.4920766287028969,0.49624525459259483,0.0,0.693950177935943,0.5,432.0
scale_candidate,internvl3.5-8b,internvl3.5-8b,proxy_anchor,dash-b,Diag-kNN-scale-grid,test,test,test,pooled,0.5,20260507,4,k=4,361,361,432,True,passed,,0.6504629629629629,0.5,0.0,0.0,0.0,0.6812000659894888,0.4560794961592627,0.4600131021507362,0.0,0.7508896797153025,0.5,432.0
scale_candidate,internvl3.5-8b,internvl3.5-8b,proxy_anchor,dash-b,Diag-kNN-scale-grid,test,test,test,pooled,0.5,20260507,8,k=8,361,361,432,True,passed,,0.6504629629629629,0.5,0.0,0.0,0.0,0.6119582380806486,0.3971115146544253,0.40073987955587287,0.0,0.8042704626334519,0.5,432.0
scale_candidate,internvl3.5-8b,internvl3.5-8b,proxy_anchor,dash-b,Diag-kNN-scale-grid,test,test,test,pooled,0.5,20260507,16,k=16,361,361,432,True,passed,,0.6504629629629629,0.5,0.0,0.0,0.0,0.5091324738988005,0.33060031632916487,0.33511339121834427,0.006622516556291391,0.8718861209964412,0.5,432.0
scale_candidate,internvl3.5-8b,internvl3.5-8b,proxy_anchor,dash-b,Diag-kNN-scale-grid,test,test,test,pooled,0.5,20260507,32,k=32,361,361,432,True,passed,,0.6504629629629629,0.5,0.0,0.0,0.0,0.4413047064646132,0.30335630224886245,0.3059227715445491,0.006622516556291391,0.9679715302491103,0.5,432.0
scale_candidate,internvl3.5-8b,internvl3.5-8b,proxy_anchor,repope,Diag-kNN-scale-grid,cal,cal,cal,pooled,0.5,20260508,1,k=1,1496,1496,809,True,passed,,0.9245982694684796,0.5,0.0,0.0,0.0,0.8939905321293942,0.5858367564080812,0.5895781251086598,0.36065573770491804,0.4772727272727273,0.5,809.0
scale_candidate,internvl3.5-8b,internvl3.5-8b,proxy_anchor,repope,Diag-kNN-scale-grid,cal,cal,cal,pooled,0.5,20260508,2,k=2,1496,1496,809,True,passed,,0.9245982694684796,0.5,0.0,0.0,0.0,0.9017489260980099,0.5904722544060669,0.594190448647215,0.36065573770491804,0.4879679144385027,0.5,809.0
scale_candidate,internvl3.5-8b,internvl3.5-8b,proxy_anchor,repope,Diag-kNN-scale-grid,cal,cal,cal,pooled,0.5,20260508,4,k=4,1496,1496,809,True,passed,,0.9245982694684796,0.5,0.0,0.0,0.0,0.9149206627509425,0.5917977596060787,0.5960029552680897,0.3442622950819672,0.32620320855614976,0.5,809.0
scale_candidate,internvl3.5-8b,internvl3.5-8b,proxy_anchor,repope,Diag-kNN-scale-grid,cal,cal,cal,pooled,0.5,20260508,8,k=8,1496,1496,809,True,passed,,0.9245982694684796,0.5,0.0,0.0,0.0,0.9594328044183396,0.7265039154550758,0.730726902675765,0.5081967213114754,0.1590909090909091,0.5,809.0
scale_candidate,internvl3.5-8b,internvl3.5-8b,proxy_anchor,repope,Diag-kNN-scale-grid,cal,cal,cal,pooled,0.5,20260508,16,k=16,1496,1496,809,True,passed,,0.9245982694684796,0.5,0.0,0.0,0.0,0.9671692820198123,0.7675203607256852,0.7711912578640637,0.6885245901639344,0.19117647058823528,0.5,809.0
scale_candidate,internvl3.5-8b,internvl3.5-8b,proxy_anchor,repope,Diag-kNN-scale-grid,cal,cal,cal,pooled,0.5,20260508,32,k=32,1496,1496,809,True,passed,,0.9245982694684796,0.5,0.0,0.0,0.0,0.9761769089155782,0.7854915680216971,0.7891549860332672,0.6885245901639344,0.10828877005347594,0.5,809.0
scale_candidate,internvl3.5-8b,internvl3.5-8b,proxy_anchor,repope,Diag-kNN-scale-grid,test,test,test,pooled,0.5,20260508,1,k=1,1496,1496,1625,True,passed,,0.9132307692307692,0.5,0.0,0.0,0.0,0.8726654049817438,0.41377802962497634,0.41779285556112733,0.1276595744680851,0.45889487870619944,0.5,1625.0
scale_candidate,internvl3.5-8b,internvl3.5-8b,proxy_anchor,repope,Diag-kNN-scale-grid,test,test,test,pooled,0.5,20260508,2,k=2,1496,1496,1625,True,passed,,0.9132307692307692,0.5,0.0,0.0,0.0,0.8801447114373651,0.42927281433303766,0.43331155062550436,0.1276595744680851,0.4757412398921833,0.5,1625.0
scale_candidate,internvl3.5-8b,internvl3.5-8b,proxy_anchor,repope,Diag-kNN-scale-grid,test,test,test,pooled,0.5,20260508,4,k=4,1496,1496,1625,True,passed,,0.9132307692307692,0.5,0.0,0.0,0.0,0.9056842729062721,0.46101933665575673,0.4655277752587417,0.11347517730496454,0.29514824797843664,0.5,1625.0
scale_candidate,internvl3.5-8b,internvl3.5-8b,proxy_anchor,repope,Diag-kNN-scale-grid,test,test,test,pooled,0.5,20260508,8,k=8,1496,1496,1625,True,passed,,0.9132307692307692,0.5,0.0,0.0,0.0,0.9267314713922502,0.5064139211449683,0.5111710896168292,0.1347517730496454,0.21024258760107817,0.5,1625.0
scale_candidate,internvl3.5-8b,internvl3.5-8b,proxy_anchor,repope,Diag-kNN-scale-grid,test,test,test,pooled,0.5,20260508,16,k=16,1496,1496,1625,True,passed,,0.9132307692307692,0.5,0.0,0.0,0.0,0.9358595706447976,0.5300703994036207,0.5346846763802158,0.14893617021276595,0.18867924528301888,0.5,1625.0
scale_candidate,internvl3.5-8b,internvl3.5-8b,proxy_anchor,repope,Diag-kNN-scale-grid,test,test,test,pooled,0.5,20260508,32,k=32,1496,1496,1625,True,passed,,0.9132307692307692,0.5,0.0,0.0,0.0,0.9399170346581025,0.5449675267974855,0.5494235486434293,0.1773049645390071,0.1637466307277628,0.5,1625.0
scale_candidate,internvl3.5-8b,internvl3.5-8b,proxy_anchor,pope,Diag-kNN-scale-grid,test,test,test,pooled,0.5,20260508,1,k=1,1620,1620,1707,True,passed,,0.9191564147627417,0.5,0.0,0.0,0.0,0.8035349756606718,0.23299175308869752,0.23650395507803923,0.043478260869565216,0.4710006373486297,0.5,1707.0
scale_candidate,internvl3.5-8b,internvl3.5-8b,proxy_anchor,pope,Diag-kNN-scale-grid,test,test,test,pooled,0.5,20260508,2,k=2,1620,1620,1707,True,passed,,0.9191564147627417,0.5,0.0,0.0,0.0,0.8016737329232132,0.234265284131368,0.23777976601177966,0.043478260869565216,0.4894837476099426,0.5,1707.0
scale_candidate,internvl3.5-8b,internvl3.5-8b,proxy_anchor,pope,Diag-kNN-scale-grid,test,test,test,pooled,0.5,20260508,4,k=4,1620,1620,1707,True,passed,,0.9191564147627417,0.5,0.0,0.0,0.0,0.8188821459251253,0.25354990864255916,0.2572652981765961,0.050724637681159424,0.5149776927979605,0.5,1707.0
scale_candidate,internvl3.5-8b,internvl3.5-8b,proxy_anchor,pope,Diag-kNN-scale-grid,test,test,test,pooled,0.5,20260508,8,k=8,1620,1620,1707,True,passed,,0.9191564147627417,0.5,0.0,0.0,0.0,0.8348620463509482,0.2941382528697174,0.29862288186489144,0.06521739130434782,0.5137029955385596,0.5,1707.0
scale_candidate,internvl3.5-8b,internvl3.5-8b,proxy_anchor,pope,Diag-kNN-scale-grid,test,test,test,pooled,0.5,20260508,16,k=16,1620,1620,1707,True,passed,,0.9191564147627417,0.5,0.0,0.0,0.0,0.8528971651841383,0.3212409867716321,0.32616991780507176,0.11594202898550725,0.4544295729764181,0.5,1707.0
scale_candidate,internvl3.5-8b,internvl3.5-8b,proxy_anchor,pope,Diag-kNN-scale-grid,test,test,test,pooled,0.5,20260508,32,k=32,1620,1620,1707,True,passed,,0.9191564147627417,0.5,0.0,0.0,0.0,0.8665447391027241,0.3269289092928129,0.33153416201969677,0.10144927536231885,0.390057361376673,0.5,1707.0
scale_candidate,internvl3.5-8b,internvl3.5-8b,proxy_anchor,dash-b,Diag-kNN-scale-grid,test,test,test,pooled,0.5,20260508,1,k=1,361,361,432,True,passed,,0.6504629629629629,0.5,0.0,0.0,0.0,0.6757559331620748,0.4967377174712289,0.4998062197318178,0.033112582781456956,0.7722419928825622,0.5,432.0
scale_candidate,internvl3.5-8b,internvl3.5-8b,proxy_anchor,dash-b,Diag-kNN-scale-grid,test,test,test,pooled,0.5,20260508,2,k=2,361,361,432,True,passed,,0.6504629629629629,0.5,0.0,0.0,0.0,0.6622752233037166,0.47634381511926105,0.47949483355698036,0.026490066225165563,0.7793594306049823,0.5,432.0
scale_candidate,internvl3.5-8b,internvl3.5-8b,proxy_anchor,dash-b,Diag-kNN-scale-grid,test,test,test,pooled,0.5,20260508,4,k=4,361,361,432,True,passed,,0.6504629629629629,0.5,0.0,0.0,0.0,0.6180622657962339,0.4263005870362722,0.42941718061754125,0.019867549668874173,0.8505338078291815,0.5,432.0
scale_candidate,internvl3.5-8b,internvl3.5-8b,proxy_anchor,dash-b,Diag-kNN-scale-grid,test,test,test,pooled,0.5,20260508,8,k=8,361,361,432,True,passed,,0.6504629629629629,0.5,0.0,0.0,0.0,0.5383092550258066,0.3742302166317208,0.37717632231356224,0.019867549668874173,0.8896797153024911,0.5,432.0
scale_candidate,internvl3.5-8b,internvl3.5-8b,proxy_anchor,dash-b,Diag-kNN-scale-grid,test,test,test,pooled,0.5,20260508,16,k=16,361,361,432,True,passed,,0.6504629629629629,0.5,0.0,0.0,0.0,0.4388065329593929,0.33362482445663355,0.3362412641198048,0.033112582781456956,0.9323843416370107,0.5,432.0
scale_candidate,internvl3.5-8b,internvl3.5-8b,proxy_anchor,dash-b,Diag-kNN-scale-grid,test,test,test,pooled,0.5,20260508,32,k=32,361,361,432,True,passed,,0.6504629629629629,0.5,0.0,0.0,0.0,0.36536965897574886,0.30765192765017485,0.30994791187319826,0.033112582781456956,0.9715302491103203,0.5,432.0
scale_candidate,minicpm-v-2_6,minicpm-v-2_6,proxy_anchor,repope,Diag-kNN-scale-grid,cal,cal,cal,pooled,0.5,20260506,1,k=1,1529,1529,784,True,passed,,0.9846938775510204,0.5,0.0,0.0,0.0,0.5373488773747841,0.01512956371962693,0.01831656628206927,0.0,0.9041450777202072,0.5,784.0
scale_candidate,minicpm-v-2_6,minicpm-v-2_6,proxy_anchor,repope,Diag-kNN-scale-grid,cal,cal,cal,pooled,0.5,20260506,2,k=2,1529,1529,784,True,passed,,0.9846938775510204,0.5,0.0,0.0,0.0,0.5058290155440415,0.014111332883755259,0.017034441337323267,0.0,0.9352331606217616,0.5,784.0
scale_candidate,minicpm-v-2_6,minicpm-v-2_6,proxy_anchor,repope,Diag-kNN-scale-grid,cal,cal,cal,pooled,0.5,20260506,4,k=4,1529,1529,784,True,passed,,0.9846938775510204,0.5,0.0,0.0,0.0,0.4894214162348878,0.013851530560535705,0.016886031925688164,0.0,0.9067357512953368,0.5,784.0
scale_candidate,minicpm-v-2_6,minicpm-v-2_6,proxy_anchor,repope,Diag-kNN-scale-grid,cal,cal,cal,pooled,0.5,20260506,8,k=8,1529,1529,784,True,passed,,0.9846938775510204,0.5,0.0,0.0,0.0,0.5030224525043179,0.01405962713761397,0.017359440142148953,0.0,0.8497409326424871,0.5,784.0
scale_candidate,minicpm-v-2_6,minicpm-v-2_6,proxy_anchor,repope,Diag-kNN-scale-grid,cal,cal,cal,pooled,0.5,20260506,16,k=16,1529,1529,784,True,passed,,0.9846938775510204,0.5,0.0,0.0,0.0,0.5113341968911918,0.014648983991056595,0.01837957625907612,0.0,0.8976683937823834,0.5,784.0
scale_candidate,minicpm-v-2_6,minicpm-v-2_6,proxy_anchor,repope,Diag-kNN-scale-grid,cal,cal,cal,pooled,0.5,20260506,32,k=32,1529,1529,784,True,passed,,0.9846938775510204,0.5,0.0,0.0,0.0,0.552461139896373,0.01753939279643403,0.023119204235496255,0.0,0.9378238341968912,0.5,784.0
scale_candidate,minicpm-v-2_6,minicpm-v-2_6,proxy_anchor,repope,Diag-kNN-scale-grid,test,test,test,pooled,0.5,20260506,1,k=1,1529,1529,1551,True,passed,,0.9858156028368794,0.5,0.0,0.0,0.0,0.49518401807479634,0.012649353289282331,0.014195401515205918,0.0,0.7861347285807717,0.5,1551.0
scale_candidate,minicpm-v-2_6,minicpm-v-2_6,proxy_anchor,repope,Diag-kNN-scale-grid,test,test,test,pooled,0.5,20260506,2,k=2,1529,1529,1551,True,passed,,0.9858156028368794,0.5,0.0,0.0,0.0,0.44390272905642425,0.011498899655137432,0.012888354399944114,0.0,0.8364944408109876,0.5,1551.0
scale_candidate,minicpm-v-2_6,minicpm-v-2_6,proxy_anchor,repope,Diag-kNN-scale-grid,test,test,test,pooled,0.5,20260506,4,k=4,1529,1529,1551,True,passed,,0.9858156028368794,0.5,0.0,0.0,0.0,0.429573696414769,0.011277527005929386,0.01270841498481999,0.0,0.8973185088293002,0.5,1551.0
scale_candidate,minicpm-v-2_6,minicpm-v-2_6,proxy_anchor,repope,Diag-kNN-scale-grid,test,test,test,pooled,0.5,20260506,8,k=8,1529,1529,1551,True,passed,,0.9858156028368794,0.5,0.0,0.0,0.0,0.43129793685712586,0.011275792816178248,0.012999980835472817,0.0,0.8600392413342054,0.5,1551.0
scale_candidate,minicpm-v-2_6,minicpm-v-2_6,proxy_anchor,repope,Diag-kNN-scale-grid,test,test,test,pooled,0.5,20260506,16,k=16,1529,1529,1551,True,passed,,0.9858156028368794,0.5,0.0,0.0,0.0,0.44095962899102203,0.011846359688094062,0.01401294672767329,0.0,0.9319816873773709,0.5,1551.0
scale_candidate,minicpm-v-2_6,minicpm-v-2_6,proxy_anchor,repope,Diag-kNN-scale-grid,test,test,test,pooled,0.5,20260506,32,k=32,1529,1529,1551,True,passed,,0.9858156028368794,0.5,0.0,0.0,0.0,0.4974136393364647,0.01441374063537618,0.01740339944814516,0.0,0.9332897318508829,0.5,1551.0
scale_candidate,minicpm-v-2_6,minicpm-v-2_6,proxy_anchor,pope,Diag-kNN-scale-grid,test,test,test,pooled,0.5,20260506,1,k=1,1582,1582,1590,True,passed,,0.9918238993710692,0.5,0.0,0.0,0.0,0.4371494073459832,0.007107303240792798,0.008520776959825036,0.0,0.8909321496512366,0.5,1590.0
scale_candidate,minicpm-v-2_6,minicpm-v-2_6,proxy_anchor,pope,Diag-kNN-scale-grid,test,test,test,pooled,0.5,20260506,2,k=2,1582,1582,1590,True,passed,,0.9918238993710692,0.5,0.0,0.0,0.0,0.40051704794888066,0.006585836425098602,0.007837779388345052,0.0,0.9213696892834495,0.5,1590.0
scale_candidate,minicpm-v-2_6,minicpm-v-2_6,proxy_anchor,pope,Diag-kNN-scale-grid,test,test,test,pooled,0.5,20260506,4,k=4,1582,1582,1590,True,passed,,0.9918238993710692,0.5,0.0,0.0,0.0,0.3567630847275743,0.00608865716117254,0.007215175238150552,0.0,0.9720989220038047,0.5,1590.0
scale_candidate,minicpm-v-2_6,minicpm-v-2_6,proxy_anchor,pope,Diag-kNN-scale-grid,test,test,test,pooled,0.5,20260506,8,k=8,1582,1582,1590,True,passed,,0.9918238993710692,0.5,0.0,0.0,0.0,0.33120335593385686,0.0056361341344111845,0.006483830763421705,0.0,0.9917564996829423,0.5,1590.0
scale_candidate,minicpm-v-2_6,minicpm-v-2_6,proxy_anchor,pope,Diag-kNN-scale-grid,test,test,test,pooled,0.5,20260506,16,k=16,1582,1582,1590,True,passed,,0.9918238993710692,0.5,0.0,0.0,0.0,0.3007170381932589,0.005385912061912949,0.006086447317725159,0.0,0.9923906150919467,0.5,1590.0
scale_candidate,minicpm-v-2_6,minicpm-v-2_6,proxy_anchor,pope,Diag-kNN-scale-grid,test,test,test,pooled,0.5,20260506,32,k=32,1582,1582,1590,True,passed,,0.9918238993710692,0.5,0.0,0.0,0.0,0.31861860397053804,0.005410965937002298,0.006082088727298729,0.0,0.9549778059606848,0.5,1590.0
scale_candidate,minicpm-v-2_6,minicpm-v-2_6,proxy_anchor,dash-b,Diag-kNN-scale-grid,test,test,test,pooled,0.5,20260506,1,k=1,394,394,423,True,passed,,0.7659574468085106,0.5,0.0,0.0,0.0,0.44650205761316875,0.20036719932842767,0.20485753051317063,0.010101010101010102,0.9691358024691358,0.5,423.0
scale_candidate,minicpm-v-2_6,minicpm-v-2_6,proxy_anchor,dash-b,Diag-kNN-scale-grid,test,test,test,pooled,0.5,20260506,2,k=2,394,394,423,True,passed,,0.7659574468085106,0.5,0.0,0.0,0.0,0.4226212744731263,0.20562089576989281,0.20907284148399305,0.020202020202020204,0.9475308641975309,0.5,423.0
scale_candidate,minicpm-v-2_6,minicpm-v-2_6,proxy_anchor,dash-b,Diag-kNN-scale-grid,test,test,test,pooled,0.5,20260506,4,k=4,394,394,423,True,passed,,0.7659574468085106,0.5,0.0,0.0,0.0,0.4019204389574759,0.19092682041176595,0.19671967664951953,0.020202020202020204,0.9351851851851852,0.5,423.0
scale_candidate,minicpm-v-2_6,minicpm-v-2_6,proxy_anchor,dash-b,Diag-kNN-scale-grid,test,test,test,pooled,0.5,20260506,8,k=8,394,394,423,True,passed,,0.7659574468085106,0.5,0.0,0.0,0.0,0.3937835141538845,0.1879215457719214,0.19354504223585078,0.020202020202020204,0.9228395061728395,0.5,423.0
scale_candidate,minicpm-v-2_6,minicpm-v-2_6,proxy_anchor,dash-b,Diag-kNN-scale-grid,test,test,test,pooled,0.5,20260506,16,k=16,394,394,423,True,passed,,0.7659574468085106,0.5,0.0,0.0,0.0,0.3946564409527372,0.18363652703371958,0.18723189955048625,0.0,0.9475308641975309,0.5,423.0
scale_candidate,minicpm-v-2_6,minicpm-v-2_6,proxy_anchor,dash-b,Diag-kNN-scale-grid,test,test,test,pooled,0.5,20260506,32,k=32,394,394,423,True,passed,,0.7659574468085106,0.5,0.0,0.0,0.0,0.37891258261628635,0.17955003769782665,0.1826507336413668,0.0,0.9629629629629629,0.5,423.0
scale_candidate,minicpm-v-2_6,minicpm-v-2_6,proxy_anchor,repope,Diag-kNN-scale-grid,cal,cal,cal,pooled,0.5,20260507,1,k=1,1529,1529,784,True,passed,,0.9846938775510204,0.5,0.0,0.0,0.0,0.8071027633851467,0.040008384654213636,0.05024537127964828,0.0,0.5064766839378239,0.5,784.0
scale_candidate,minicpm-v-2_6,minicpm-v-2_6,proxy_anchor,repope,Diag-kNN-scale-grid,cal,cal,cal,pooled,0.5,20260507,2,k=2,1529,1529,784,True,passed,,0.9846938775510204,0.5,0.0,0.0,0.0,0.7993307426597582,0.038804467959940664,0.04887795769577035,0.0,0.5259067357512953,0.5,784.0
scale_candidate,minicpm-v-2_6,minicpm-v-2_6,proxy_anchor,repope,Diag-kNN-scale-grid,cal,cal,cal,pooled,0.5,20260507,4,k=4,1529,1529,784,True,passed,,0.9846938775510204,0.5,0.0,0.0,0.0,0.7992227979274611,0.03722307225178459,0.04662721415593241,0.0,0.5129533678756477,0.5,784.0
scale_candidate,minicpm-v-2_6,minicpm-v-2_6,proxy_anchor,repope,Diag-kNN-scale-grid,cal,cal,cal,pooled,0.5,20260507,8,k=8,1529,1529,784,True,passed,,0.9846938775510204,0.5,0.0,0.0,0.0,0.8014896373056994,0.03709584186715742,0.045725049624198565,0.0,0.5077720207253886,0.5,784.0
scale_candidate,minicpm-v-2_6,minicpm-v-2_6,proxy_anchor,repope,Diag-kNN-scale-grid,cal,cal,cal,pooled,0.5,20260507,16,k=16,1529,1529,784,True,passed,,0.9846938775510204,0.5,0.0,0.0,0.0,0.8262089810017271,0.05096575761156681,0.06222426485216148,0.0,0.5660621761658031,0.5,784.0
scale_candidate,minicpm-v-2_6,minicpm-v-2_6,proxy_anchor,repope,Diag-kNN-scale-grid,cal,cal,cal,pooled,0.5,20260507,32,k=32,1529,1529,784,True,passed,,0.9846938775510204,0.5,0.0,0.0,0.0,0.8579447322970639,0.06823663330182578,0.084542589310507,0.0,0.5479274611398963,0.5,784.0
scale_candidate,minicpm-v-2_6,minicpm-v-2_6,proxy_anchor,repope,Diag-kNN-scale-grid,test,test,test,pooled,0.5,20260507,1,k=1,1529,1529,1551,True,passed,,0.9858156028368794,0.5,0.0,0.0,0.0,0.849723526963553,0.057540279039568425,0.06877156084964764,0.0,0.43623283191628515,0.5,1551.0
scale_candidate,minicpm-v-2_6,minicpm-v-2_6,proxy_anchor,repope,Diag-kNN-scale-grid,test,test,test,pooled,0.5,20260507,2,k=2,1529,1529,1551,True,passed,,0.9858156028368794,0.5,0.0,0.0,0.0,0.8371187347642547,0.05332887311081468,0.06380374910526508,0.0,0.4682799215173316,0.5,1551.0
scale_candidate,minicpm-v-2_6,minicpm-v-2_6,proxy_anchor,repope,Diag-kNN-scale-grid,test,test,test,pooled,0.5,20260507,4,k=4,1529,1529,1551,True,passed,,0.9858156028368794,0.5,0.0,0.0,0.0,0.829983946726916,0.051539526678199755,0.06210106121277827,0.045454545454545456,0.5297580117724002,0.5,1551.0
scale_candidate,minicpm-v-2_6,minicpm-v-2_6,proxy_anchor,repope,Diag-kNN-scale-grid,test,test,test,pooled,0.5,20260507,8,k=8,1529,1529,1551,True,passed,,0.9858156028368794,0.5,0.0,0.0,0.0,0.8210357333967537,0.0506886670634607,0.06067066134896436,0.0,0.606278613472858,0.5,1551.0
scale_candidate,minicpm-v-2_6,minicpm-v-2_6,proxy_anchor,repope,Diag-kNN-scale-grid,test,test,test,pooled,0.5,20260507,16,k=16,1529,1529,1551,True,passed,,0.9858156028368794,0.5,0.0,0.0,0.0,0.816873773708306,0.05144196320711596,0.06160790038997379,0.0,0.540222367560497,0.5,1551.0
scale_candidate,minicpm-v-2_6,minicpm-v-2_6,proxy_anchor,repope,Diag-kNN-scale-grid,test,test,test,pooled,0.5,20260507,32,k=32,1529,1529,1551,True,passed,,0.9858156028368794,0.5,0.0,0.0,0.0,0.8201141566085974,0.0589562538098508,0.07056881533368704,0.045454545454545456,0.40941792020928713,0.5,1551.0
scale_candidate,minicpm-v-2_6,minicpm-v-2_6,proxy_anchor,pope,Diag-kNN-scale-grid,test,test,test,pooled,0.5,20260507,1,k=1,1582,1582,1590,True,passed,,0.9918238993710692,0.5,0.0,0.0,0.0,0.7080630213160333,0.019158830568850326,0.0262180090627199,0.07692307692307693,0.735573874445149,0.5,1590.0
scale_candidate,minicpm-v-2_6,minicpm-v-2_6,proxy_anchor,pope,Diag-kNN-scale-grid,test,test,test,pooled,0.5,20260507,2,k=2,1582,1582,1590,True,passed,,0.9918238993710692,0.5,0.0,0.0,0.0,0.683771523340325,0.018031646510099045,0.024959938147942944,0.07692307692307693,0.7850348763474952,0.5,1590.0
scale_candidate,minicpm-v-2_6,minicpm-v-2_6,proxy_anchor,pope,Diag-kNN-scale-grid,test,test,test,pooled,0.5,20260507,4,k=4,1582,1582,1590,True,passed,,0.9918238993710692,0.5,0.0,0.0,0.0,0.6732354519291741,0.017781370259150404,0.02467562862306633,0.07692307692307693,0.8617628408370324,0.5,1590.0
scale_candidate,minicpm-v-2_6,minicpm-v-2_6,proxy_anchor,pope,Diag-kNN-scale-grid,test,test,test,pooled,0.5,20260507,8,k=8,1582,1582,1590,True,passed,,0.9918238993710692,0.5,0.0,0.0,0.0,0.6688454221745281,0.015483991892232696,0.019954286945249658,0.07692307692307693,0.9207355738744452,0.5,1590.0
scale_candidate,minicpm-v-2_6,minicpm-v-2_6,proxy_anchor,pope,Diag-kNN-scale-grid,test,test,test,pooled,0.5,20260507,16,k=16,1582,1582,1590,True,passed,,0.9918238993710692,0.5,0.0,0.0,0.0,0.6691380908248378,0.01487652875719823,0.01802757433577694,0.0,0.8452758402029169,0.5,1590.0
scale_candidate,minicpm-v-2_6,minicpm-v-2_6,proxy_anchor,pope,Diag-kNN-scale-grid,test,test,test,pooled,0.5,20260507,32,k=32,1582,1582,1590,True,passed,,0.9918238993710692,0.5,0.0,0.0,0.0,0.6932344763670065,0.022027978346577055,0.027126418000276434,0.0,0.6689917564996829,0.5,1590.0
scale_candidate,minicpm-v-2_6,minicpm-v-2_6,proxy_anchor,dash-b,Diag-kNN-scale-grid,test,test,test,pooled,0.5,20260507,1,k=1,394,394,423,True,passed,,0.7659574468085106,0.5,0.0,0.0,0.0,0.5763499189425116,0.31825788895702933,0.32268019148221816,0.050505050505050504,0.9135802469135802,0.5,423.0
scale_candidate,minicpm-v-2_6,minicpm-v-2_6,proxy_anchor,dash-b,Diag-kNN-scale-grid,test,test,test,pooled,0.5,20260507,2,k=2,394,394,423,True,passed,,0.7659574468085106,0.5,0.0,0.0,0.0,0.5765369746851229,0.3224899404038832,0.3268729292286673,0.050505050505050504,0.8765432098765432,0.5,423.0
scale_candidate,minicpm-v-2_6,minicpm-v-2_6,proxy_anchor,dash-b,Diag-kNN-scale-grid,test,test,test,pooled,0.5,20260507,4,k=4,394,394,423,True,passed,,0.7659574468085106,0.5,0.0,0.0,0.0,0.5394375857338821,0.2935325646647122,0.29778769859587084,0.050505050505050504,0.8950617283950617,0.5,423.0
scale_candidate,minicpm-v-2_6,minicpm-v-2_6,proxy_anchor,dash-b,Diag-kNN-scale-grid,test,test,test,pooled,0.5,20260507,8,k=8,394,394,423,True,passed,,0.7659574468085106,0.5,0.0,0.0,0.0,0.500529991270732,0.2576608355975486,0.26255693501752364,0.030303030303030304,0.9197530864197531,0.5,423.0
scale_candidate,minicpm-v-2_6,minicpm-v-2_6,proxy_anchor,dash-b,Diag-kNN-scale-grid,test,test,test,pooled,0.5,20260507,16,k=16,394,394,423,True,passed,,0.7659574468085106,0.5,0.0,0.0,0.0,0.4634306023194912,0.23580475643767035,0.24035922268565385,0.030303030303030304,0.9598765432098766,0.5,423.0
scale_candidate,minicpm-v-2_6,minicpm-v-2_6,proxy_anchor,dash-b,Diag-kNN-scale-grid,test,test,test,pooled,0.5,20260507,32,k=32,394,394,423,True,passed,,0.7659574468085106,0.5,0.0,0.0,0.0,0.4346240179573513,0.2051955544542512,0.210224689021814,0.010101010101010102,0.9660493827160493,0.5,423.0
scale_candidate,minicpm-v-2_6,minicpm-v-2_6,proxy_anchor,repope,Diag-kNN-scale-grid,cal,cal,cal,pooled,0.5,20260508,1,k=1,1529,1529,784,True,passed,,0.9846938775510204,0.5,0.0,0.0,0.0,0.8740284974093264,0.1186106527872215,0.16720506254806927,0.16666666666666666,0.4948186528497409,0.5,784.0
scale_candidate,minicpm-v-2_6,minicpm-v-2_6,proxy_anchor,repope,Diag-kNN-scale-grid,cal,cal,cal,pooled,0.5,20260508,2,k=2,1529,1529,784,True,passed,,0.9846938775510204,0.5,0.0,0.0,0.0,0.8707901554404145,0.1114990326321053,0.15830389994315686,0.16666666666666666,0.5233160621761658,0.5,784.0
scale_candidate,minicpm-v-2_6,minicpm-v-2_6,proxy_anchor,repope,Diag-kNN-scale-grid,cal,cal,cal,pooled,0.5,20260508,4,k=4,1529,1529,784,True,passed,,0.9846938775510204,0.5,0.0,0.0,0.0,0.8878454231433506,0.1375955463887513,0.17705348497439485,0.3333333333333333,0.555699481865285,0.5,784.0
scale_candidate,minicpm-v-2_6,minicpm-v-2_6,proxy_anchor,repope,Diag-kNN-scale-grid,cal,cal,cal,pooled,0.5,20260508,8,k=8,1529,1529,784,True,passed,,0.9846938775510204,0.5,0.0,0.0,0.0,0.8943221070811744,0.2982294812237885,0.31798640730379685,0.3333333333333333,0.5051813471502591,0.5,784.0
scale_candidate,minicpm-v-2_6,minicpm-v-2_6,proxy_anchor,repope,Diag-kNN-scale-grid,cal,cal,cal,pooled,0.5,20260508,16,k=16,1529,1529,784,True,passed,,0.9846938775510204,0.5,0.0,0.0,0.0,0.8988557858376511,0.18210866886938334,0.23506926926472171,0.4166666666666667,0.4170984455958549,0.5,784.0
scale_candidate,minicpm-v-2_6,minicpm-v-2_6,proxy_anchor,repope,Diag-kNN-scale-grid,cal,cal,cal,pooled,0.5,20260508,32,k=32,1529,1529,784,True,passed,,0.9846938775510204,0.5,0.0,0.0,0.0,0.9047927461139896,0.12461223730411489,0.1691248505049962,0.25,0.19041450777202074,0.5,784.0
scale_candidate,minicpm-v-2_6,minicpm-v-2_6,proxy_anchor,repope,Diag-kNN-scale-grid,test,test,test,pooled,0.5,20260508,1,k=1,1529,1529,1551,True,passed,,0.9858156028368794,0.5,0.0,0.0,0.0,0.8385456923717225,0.061379710016355324,0.07840126321134246,0.0,0.3754087638979725,0.5,1551.0
scale_candidate,minicpm-v-2_6,minicpm-v-2_6,proxy_anchor,repope,Diag-kNN-scale-grid,test,test,test,pooled,0.5,20260508,2,k=2,1529,1529,1551,True,passed,,0.9858156028368794,0.5,0.0,0.0,0.0,0.8698198466020572,0.06333567984488726,0.07854285527731729,0.0,0.2707652060170046,0.5,1551.0
scale_candidate,minicpm-v-2_6,minicpm-v-2_6,proxy_anchor,repope,Diag-kNN-scale-grid,test,test,test,pooled,0.5,20260508,4,k=4,1529,1529,1551,True,passed,,0.9858156028368794,0.5,0.0,0.0,0.0,0.8918782329508295,0.10847502009324489,0.13298670889828762,0.18181818181818182,0.2864617396991498,0.5,1551.0
scale_candidate,minicpm-v-2_6,minicpm-v-2_6,proxy_anchor,repope,Diag-kNN-scale-grid,test,test,test,pooled,0.5,20260508,8,k=8,1529,1529,1551,True,passed,,0.9858156028368794,0.5,0.0,0.0,0.0,0.8982103573339675,0.21459744271916456,0.24946164254084408,0.3181818181818182,0.30608240680183124,0.5,1551.0
scale_candidate,minicpm-v-2_6,minicpm-v-2_6,proxy_anchor,repope,Diag-kNN-scale-grid,test,test,test,pooled,0.5,20260508,16,k=16,1529,1529,1551,True,passed,,0.9858156028368794,0.5,0.0,0.0,0.0,0.9062964504429514,0.30986226645608667,0.33978253260774655,0.3181818181818182,0.27665140614780903,0.5,1551.0
scale_candidate,minicpm-v-2_6,minicpm-v-2_6,proxy_anchor,repope,Diag-kNN-scale-grid,test,test,test,pooled,0.5,20260508,32,k=32,1529,1529,1551,True,passed,,0.9858156028368794,0.5,0.0,0.0,0.0,0.9108448778167548,0.3079910738349949,0.33779056031234406,0.3181818181818182,0.2289077828646174,0.5,1551.0
scale_candidate,minicpm-v-2_6,minicpm-v-2_6,proxy_anchor,pope,Diag-kNN-scale-grid,test,test,test,pooled,0.5,20260508,1,k=1,1582,1582,1590,True,passed,,0.9918238993710692,0.5,0.0,0.0,0.0,0.7455733866640653,0.0906441281885608,0.0919397217264945,0.07692307692307693,0.4102726696258719,0.5,1590.0
scale_candidate,minicpm-v-2_6,minicpm-v-2_6,proxy_anchor,pope,Diag-kNN-scale-grid,test,test,test,pooled,0.5,20260508,2,k=2,1582,1582,1590,True,passed,,0.9918238993710692,0.5,0.0,0.0,0.0,0.7684990976049949,0.09193713006643299,0.09336366193193411,0.07692307692307693,0.3519340519974635,0.5,1590.0
scale_candidate,minicpm-v-2_6,minicpm-v-2_6,proxy_anchor,pope,Diag-kNN-scale-grid,test,test,test,pooled,0.5,20260508,4,k=4,1582,1582,1590,True,passed,,0.9918238993710692,0.5,0.0,0.0,0.0,0.7784498317155261,0.10057159360335989,0.10453842818245794,0.15384615384615385,0.34559289790741915,0.5,1590.0
scale_candidate,minicpm-v-2_6,minicpm-v-2_6,proxy_anchor,pope,Diag-kNN-scale-grid,test,test,test,pooled,0.5,20260508,8,k=8,1582,1582,1590,True,passed,,0.9918238993710692,0.5,0.0,0.0,0.0,0.813570069752695,0.08175771197127277,0.10900098857176369,0.15384615384615385,0.34115409004438807,0.5,1590.0
scale_candidate,minicpm-v-2_6,minicpm-v-2_6,proxy_anchor,pope,Diag-kNN-scale-grid,test,test,test,pooled,0.5,20260508,16,k=16,1582,1582,1590,True,passed,,0.9918238993710692,0.5,0.0,0.0,0.0,0.8198624457343544,0.17249757425442044,0.17427598098417427,0.15384615384615385,0.38110336081166774,0.5,1590.0
scale_candidate,minicpm-v-2_6,minicpm-v-2_6,proxy_anchor,pope,Diag-kNN-scale-grid,test,test,test,pooled,0.5,20260508,32,k=32,1582,1582,1590,True,passed,,0.9918238993710692,0.5,0.0,0.0,0.0,0.8290815082191112,0.17423144212390407,0.17627531627112022,0.15384615384615385,0.3944197844007609,0.5,1590.0
scale_candidate,minicpm-v-2_6,minicpm-v-2_6,proxy_anchor,dash-b,Diag-kNN-scale-grid,test,test,test,pooled,0.5,20260508,1,k=1,394,394,423,True,passed,,0.7659574468085106,0.5,0.0,0.0,0.0,0.6405100386581868,0.3956327131043933,0.398500499017613,0.08080808080808081,0.8919753086419753,0.5,423.0
scale_candidate,minicpm-v-2_6,minicpm-v-2_6,proxy_anchor,dash-b,Diag-kNN-scale-grid,test,test,test,pooled,0.5,20260508,2,k=2,394,394,423,True,passed,,0.7659574468085106,0.5,0.0,0.0,0.0,0.6429105873550318,0.3755806321033705,0.37911338308856,0.06060606060606061,0.8024691358024691,0.5,423.0
scale_candidate,minicpm-v-2_6,minicpm-v-2_6,proxy_anchor,dash-b,Diag-kNN-scale-grid,test,test,test,pooled,0.5,20260508,4,k=4,394,394,423,True,passed,,0.7659574468085106,0.5,0.0,0.0,0.0,0.6396994637735378,0.38527368117112903,0.3885575010939498,0.06060606060606061,0.8611111111111112,0.5,423.0
scale_candidate,minicpm-v-2_6,minicpm-v-2_6,proxy_anchor,dash-b,Diag-kNN-scale-grid,test,test,test,pooled,0.5,20260508,8,k=8,394,394,423,True,passed,,0.7659574468085106,0.5,0.0,0.0,0.0,0.6270732011472753,0.38757281616937533,0.3908685789624029,0.06060606060606061,0.845679012345679,0.5,423.0
scale_candidate,minicpm-v-2_6,minicpm-v-2_6,proxy_anchor,dash-b,Diag-kNN-scale-grid,test,test,test,pooled,0.5,20260508,16,k=16,394,394,423,True,passed,,0.7659574468085106,0.5,0.0,0.0,0.0,0.6585297418630752,0.41006854429325396,0.4134348945137056,0.06060606060606061,0.8734567901234568,0.5,423.0
scale_candidate,minicpm-v-2_6,minicpm-v-2_6,proxy_anchor,dash-b,Diag-kNN-scale-grid,test,test,test,pooled,0.5,20260508,32,k=32,394,394,423,True,passed,,0.7659574468085106,0.5,0.0,0.0,0.0,0.6825664047886271,0.4203207482702651,0.423717649403641,0.06060606060606061,0.8919753086419753,0.5,423.0
scale_candidate,gemma-3-12b-it,gemma-3-12b-it,proxy_anchor,repope,Diag-kNN-scale-grid,cal,cal,cal,pooled,0.5,20260506,1,k=1,1443,1443,809,True,passed,,0.9023485784919654,0.5,0.0,0.0,0.0,0.9301369863013699,0.6246601366170896,0.6286005498831795,0.25316455696202533,0.31643835616438354,0.5,809.0
scale_candidate,gemma-3-12b-it,gemma-3-12b-it,proxy_anchor,repope,Diag-kNN-scale-grid,cal,cal,cal,pooled,0.5,20260506,2,k=2,1443,1443,809,True,passed,,0.9023485784919654,0.5,0.0,0.0,0.0,0.9303970868735911,0.6354428661186738,0.6387896672644472,0.24050632911392406,0.32465753424657534,0.5,809.0
scale_candidate,gemma-3-12b-it,gemma-3-12b-it,proxy_anchor,repope,Diag-kNN-scale-grid,cal,cal,cal,pooled,0.5,20260506,4,k=4,1443,1443,809,True,passed,,0.9023485784919654,0.5,0.0,0.0,0.0,0.9316975897346974,0.6239072518472677,0.6272616622308564,0.22784810126582278,0.3287671232876712,0.5,809.0
scale_candidate,gemma-3-12b-it,gemma-3-12b-it,proxy_anchor,repope,Diag-kNN-scale-grid,cal,cal,cal,pooled,0.5,20260506,8,k=8,1443,1443,809,True,passed,,0.9023485784919654,0.5,0.0,0.0,0.0,0.9322524709554361,0.6436322344894438,0.6464103121812863,0.3037974683544304,0.30684931506849317,0.5,809.0
scale_candidate,gemma-3-12b-it,gemma-3-12b-it,proxy_anchor,repope,Diag-kNN-scale-grid,cal,cal,cal,pooled,0.5,20260506,16,k=16,1443,1443,809,True,passed,,0.9023485784919654,0.5,0.0,0.0,0.0,0.9376625628576383,0.6939036076755123,0.6960553346366882,0.4430379746835443,0.25616438356164384,0.5,809.0
scale_candidate,gemma-3-12b-it,gemma-3-12b-it,proxy_anchor,repope,Diag-kNN-scale-grid,cal,cal,cal,pooled,0.5,20260506,32,k=32,1443,1443,809,True,passed,,0.9023485784919654,0.5,0.0,0.0,0.0,0.9512571527657362,0.7591739628019348,0.7609830849788071,0.4936708860759494,0.18904109589041096,0.5,809.0
scale_candidate,gemma-3-12b-it,gemma-3-12b-it,proxy_anchor,repope,Diag-kNN-scale-grid,test,test,test,pooled,0.5,20260506,1,k=1,1443,1443,1610,True,passed,,0.8944099378881988,0.5,0.0,0.0,0.0,0.931968954248366,0.6231097456787515,0.6251070353789421,0.2411764705882353,0.24583333333333332,0.5,1610.0
scale_candidate,gemma-3-12b-it,gemma-3-12b-it,proxy_anchor,repope,Diag-kNN-scale-grid,test,test,test,pooled,0.5,20260506,2,k=2,1443,1443,1610,True,passed,,0.8944099378881988,0.5,0.0,0.0,0.0,0.9331209150326798,0.613517698682428,0.6155706652171792,0.21176470588235294,0.2375,0.5,1610.0
scale_candidate,gemma-3-12b-it,gemma-3-12b-it,proxy_anchor,repope,Diag-kNN-scale-grid,test,test,test,pooled,0.5,20260506,4,k=4,1443,1443,1610,True,passed,,0.8944099378881988,0.5,0.0,0.0,0.0,0.9347426470588235,0.6011205772398545,0.6032849008453438,0.17647058823529413,0.22916666666666666,0.5,1610.0
scale_candidate,gemma-3-12b-it,gemma-3-12b-it,proxy_anchor,repope,Diag-kNN-scale-grid,test,test,test,pooled,0.5,20260506,8,k=8,1443,1443,1610,True,passed,,0.8944099378881988,0.5,0.0,0.0,0.0,0.9378063725490196,0.6137293420511976,0.6158126522423713,0.18823529411764706,0.19930555555555557,0.5,1610.0
scale_candidate,gemma-3-12b-it,gemma-3-12b-it,proxy_anchor,repope,Diag-kNN-scale-grid,test,test,test,pooled,0.5,20260506,16,k=16,1443,1443,1610,True,passed,,0.8944099378881988,0.5,0.0,0.0,0.0,0.9406985294117647,0.6536123918585339,0.6554635898589959,0.3176470588235294,0.19375,0.5,1610.0
scale_candidate,gemma-3-12b-it,gemma-3-12b-it,proxy_anchor,repope,Diag-kNN-scale-grid,test,test,test,pooled,0.5,20260506,32,k=32,1443,1443,1610,True,passed,,0.8944099378881988,0.5,0.0,0.0,0.0,0.9447957516339869,0.6831157864223585,0.684839074274602,0.3058823529411765,0.17847222222222223,0.5,1610.0
scale_candidate,gemma-3-12b-it,gemma-3-12b-it,proxy_anchor,pope,Diag-kNN-scale-grid,test,test,test,pooled,0.5,20260506,1,k=1,1543,1543,1662,True,passed,,0.8874849578820698,0.5,0.0,0.0,0.0,0.9042363817637995,0.4988223700352325,0.501449725518442,0.13903743315508021,0.2684745762711864,0.5,1662.0
scale_candidate,gemma-3-12b-it,gemma-3-12b-it,proxy_anchor,pope,Diag-kNN-scale-grid,test,test,test,pooled,0.5,20260506,2,k=2,1543,1543,1662,True,passed,,0.8874849578820698,0.5,0.0,0.0,0.0,0.9014846369980966,0.4814009847041268,0.48417056612895937,0.1443850267379679,0.27322033898305087,0.5,1662.0
scale_candidate,gemma-3-12b-it,gemma-3-12b-it,proxy_anchor,pope,Diag-kNN-scale-grid,test,test,test,pooled,0.5,20260506,4,k=4,1543,1543,1662,True,passed,,0.8874849578820698,0.5,0.0,0.0,0.0,0.9024200126892052,0.4737445201340828,0.47654377626480215,0.09090909090909091,0.28203389830508474,0.5,1662.0
scale_candidate,gemma-3-12b-it,gemma-3-12b-it,proxy_anchor,pope,Diag-kNN-scale-grid,test,test,test,pooled,0.5,20260506,8,k=8,1543,1543,1662,True,passed,,0.8874849578820698,0.5,0.0,0.0,0.0,0.9014230037161244,0.47166739543923836,0.47442260812524517,0.10160427807486631,0.28203389830508474,0.5,1662.0
scale_candidate,gemma-3-12b-it,gemma-3-12b-it,proxy_anchor,pope,Diag-kNN-scale-grid,test,test,test,pooled,0.5,20260506,16,k=16,1543,1543,1662,True,passed,,0.8874849578820698,0.5,0.0,0.0,0.0,0.9030943533037252,0.46994603536831425,0.4726957760742924,0.10160427807486631,0.24067796610169492,0.5,1662.0
scale_candidate,gemma-3-12b-it,gemma-3-12b-it,proxy_anchor,pope,Diag-kNN-scale-grid,test,test,test,pooled,0.5,20260506,32,k=32,1543,1543,1662,True,passed,,0.8874849578820698,0.5,0.0,0.0,0.0,0.9103562041149279,0.5152901100528904,0.5180002626012833,0.10160427807486631,0.2311864406779661,0.5,1662.0
scale_candidate,gemma-3-12b-it,gemma-3-12b-it,proxy_anchor,dash-b,Diag-kNN-scale-grid,test,test,test,pooled,0.5,20260506,1,k=1,326,326,439,True,passed,,0.5535307517084282,0.5,0.0,0.0,0.0,0.7878558830939784,0.6882198744055493,0.6907526483228088,0.01020408163265306,0.6172839506172839,0.5,439.0
scale_candidate,gemma-3-12b-it,gemma-3-12b-it,proxy_anchor,dash-b,Diag-kNN-scale-grid,test,test,test,pooled,0.5,20260506,2,k=2,326,326,439,True,passed,,0.5535307517084282,0.5,0.0,0.0,0.0,0.7902914252120602,0.7035046360862465,0.7058882543291134,0.030612244897959183,0.6707818930041153,0.5,439.0
scale_candidate,gemma-3-12b-it,gemma-3-12b-it,proxy_anchor,dash-b,Diag-kNN-scale-grid,test,test,test,pooled,0.5,20260506,4,k=4,326,326,439,True,passed,,0.5535307517084282,0.5,0.0,0.0,0.0,0.7845595028134711,0.7454717641567623,0.7463408627884023,0.16326530612244897,0.6748971193415638,0.5,439.0
scale_candidate,gemma-3-12b-it,gemma-3-12b-it,proxy_anchor,dash-b,Diag-kNN-scale-grid,test,test,test,pooled,0.5,20260506,8,k=8,326,326,439,True,passed,,0.5535307517084282,0.5,0.0,0.0,0.0,0.762912572436382,0.7316273876183049,0.7324614989235263,0.17857142857142858,0.7489711934156379,0.5,439.0
scale_candidate,gemma-3-12b-it,gemma-3-12b-it,proxy_anchor,dash-b,Diag-kNN-scale-grid,test,test,test,pooled,0.5,20260506,16,k=16,326,326,439,True,passed,,0.5535307517084282,0.5,0.0,0.0,0.0,0.761652809271857,0.7345333019851897,0.7353534643789359,0.1836734693877551,0.7695473251028807,0.5,439.0
scale_candidate,gemma-3-12b-it,gemma-3-12b-it,proxy_anchor,dash-b,Diag-kNN-scale-grid,test,test,test,pooled,0.5,20260506,32,k=32,326,326,439,True,passed,,0.5535307517084282,0.5,0.0,0.0,0.0,0.7791005291005291,0.7600148094611343,0.7607636855590356,0.1836734693877551,0.7942386831275721,0.5,439.0
scale_candidate,gemma-3-12b-it,gemma-3-12b-it,proxy_anchor,repope,Diag-kNN-scale-grid,cal,cal,cal,pooled,0.5,20260507,1,k=1,1443,1443,809,True,passed,,0.9023485784919654,0.5,0.0,0.0,0.0,0.9377145829720825,0.6310788063136502,0.6350143598811471,0.22784810126582278,0.36164383561643837,0.5,809.0
scale_candidate,gemma-3-12b-it,gemma-3-12b-it,proxy_anchor,repope,Diag-kNN-scale-grid,cal,cal,cal,pooled,0.5,20260507,2,k=2,1443,1443,809,True,passed,,0.9023485784919654,0.5,0.0,0.0,0.0,0.9346453962198717,0.6163855178841458,0.6203864102960236,0.22784810126582278,0.37123287671232874,0.5,809.0
scale_candidate,gemma-3-12b-it,gemma-3-12b-it,proxy_anchor,repope,Diag-kNN-scale-grid,cal,cal,cal,pooled,0.5,20260507,4,k=4,1443,1443,809,True,passed,,0.9023485784919654,0.5,0.0,0.0,0.0,0.9436795560950234,0.6321738213633471,0.636339350516035,0.189873417721519,0.32054794520547947,0.5,809.0
scale_candidate,gemma-3-12b-it,gemma-3-12b-it,proxy_anchor,repope,Diag-kNN-scale-grid,cal,cal,cal,pooled,0.5,20260507,8,k=8,1443,1443,809,True,passed,,0.9023485784919654,0.5,0.0,0.0,0.0,0.949384428645743,0.6701545972087396,0.6737063506531266,0.25316455696202533,0.27808219178082194,0.5,809.0
scale_candidate,gemma-3-12b-it,gemma-3-12b-it,proxy_anchor,repope,Diag-kNN-scale-grid,cal,cal,cal,pooled,0.5,20260507,16,k=16,1443,1443,809,True,passed,,0.9023485784919654,0.5,0.0,0.0,0.0,0.9560256632564592,0.7111623356721631,0.7140828985599738,0.2911392405063291,0.2493150684931507,0.5,809.0
scale_candidate,gemma-3-12b-it,gemma-3-12b-it,proxy_anchor,repope,Diag-kNN-scale-grid,cal,cal,cal,pooled,0.5,20260507,32,k=32,1443,1443,809,True,passed,,0.9023485784919654,0.5,0.0,0.0,0.0,0.9624414773712502,0.7627931933644806,0.7649820311133694,0.4177215189873418,0.1726027397260274,0.5,809.0
scale_candidate,gemma-3-12b-it,gemma-3-12b-it,proxy_anchor,repope,Diag-kNN-scale-grid,test,test,test,pooled,0.5,20260507,1,k=1,1443,1443,1610,True,passed,,0.8944099378881988,0.5,0.0,0.0,0.0,0.9324591503267973,0.5556531639740021,0.5582331800628959,0.12941176470588237,0.21666666666666667,0.5,1610.0
scale_candidate,gemma-3-12b-it,gemma-3-12b-it,proxy_anchor,repope,Diag-kNN-scale-grid,test,test,test,pooled,0.5,20260507,2,k=2,1443,1443,1610,True,passed,,0.8944099378881988,0.5,0.0,0.0,0.0,0.9315441176470589,0.5534141066895506,0.5559489905695321,0.11764705882352941,0.2152777777777778,0.5,1610.0
scale_candidate,gemma-3-12b-it,gemma-3-12b-it,proxy_anchor,repope,Diag-kNN-scale-grid,test,test,test,pooled,0.5,20260507,4,k=4,1443,1443,1610,True,passed,,0.8944099378881988,0.5,0.0,0.0,0.0,0.936748366013072,0.5732365614419395,0.5757900264861027,0.1411764705882353,0.15138888888888888,0.5,1610.0
scale_candidate,gemma-3-12b-it,gemma-3-12b-it,proxy_anchor,repope,Diag-kNN-scale-grid,test,test,test,pooled,0.5,20260507,8,k=8,1443,1443,1610,True,passed,,0.8944099378881988,0.5,0.0,0.0,0.0,0.9413725490196079,0.5966260276244553,0.5992739973914719,0.17058823529411765,0.12291666666666666,0.5,1610.0
scale_candidate,gemma-3-12b-it,gemma-3-12b-it,proxy_anchor,repope,Diag-kNN-scale-grid,test,test,test,pooled,0.5,20260507,16,k=16,1443,1443,1610,True,passed,,0.8944099378881988,0.5,0.0,0.0,0.0,0.9456209150326798,0.6140905799742645,0.616497955553671,0.16470588235294117,0.1076388888888889,0.5,1610.0
scale_candidate,gemma-3-12b-it,gemma-3-12b-it,proxy_anchor,repope,Diag-kNN-scale-grid,test,test,test,pooled,0.5,20260507,32,k=32,1443,1443,1610,True,passed,,0.8956521739130435,0.5058823529411764,1.0,0.011764705882352941,0.023255813953488372,0.9533210784313726,0.6549637264494538,0.6571775369864702,0.2235294117647059,0.1125,0.5,1610.0
scale_candidate,gemma-3-12b-it,gemma-3-12b-it,proxy_anchor,pope,Diag-kNN-scale-grid,test,test,test,pooled,0.5,20260507,1,k=1,1543,1543,1662,True,passed,,0.8874849578820698,0.5,0.0,0.0,0.0,0.9066328287863681,0.4744135576064949,0.47696312346656894,0.0962566844919786,0.2671186440677966,0.5,1662.0
scale_candidate,gemma-3-12b-it,gemma-3-12b-it,proxy_anchor,pope,Diag-kNN-scale-grid,test,test,test,pooled,0.5,20260507,2,k=2,1543,1543,1662,True,passed,,0.8874849578820698,0.5,0.0,0.0,0.0,0.903844829148917,0.46885521721291523,0.47138978990781855,0.0855614973262032,0.27322033898305087,0.5,1662.0
scale_candidate,gemma-3-12b-it,gemma-3-12b-it,proxy_anchor,pope,Diag-kNN-scale-grid,test,test,test,pooled,0.5,20260507,4,k=4,1543,1543,1662,True,passed,,0.8874849578820698,0.5,0.0,0.0,0.0,0.9067089640170398,0.4753592086446333,0.47794388204709665,0.0855614973262032,0.24271186440677966,0.5,1662.0
scale_candidate,gemma-3-12b-it,gemma-3-12b-it,proxy_anchor,pope,Diag-kNN-scale-grid,test,test,test,pooled,0.5,20260507,8,k=8,1543,1543,1662,True,passed,,0.8874849578820698,0.5,0.0,0.0,0.0,0.9091235384754827,0.4826001699756858,0.4852347179804287,0.11764705882352941,0.28271186440677964,0.5,1662.0
scale_candidate,gemma-3-12b-it,gemma-3-12b-it,proxy_anchor,pope,Diag-kNN-scale-grid,test,test,test,pooled,0.5,20260507,16,k=16,1543,1543,1662,True,passed,,0.8874849578820698,0.5,0.0,0.0,0.0,0.9153666273905556,0.5002693174844841,0.5027584976337623,0.12834224598930483,0.25084745762711863,0.5,1662.0
scale_candidate,gemma-3-12b-it,gemma-3-12b-it,proxy_anchor,pope,Diag-kNN-scale-grid,test,test,test,pooled,0.5,20260507,32,k=32,1543,1543,1662,True,passed,,0.8880866425992779,0.5026737967914439,1.0,0.0053475935828877,0.010638297872340425,0.9209861325115563,0.5265741087376103,0.5289953753975668,0.12834224598930483,0.2305084745762712,0.5,1662.0
scale_candidate,gemma-3-12b-it,gemma-3-12b-it,proxy_anchor,dash-b,Diag-kNN-scale-grid,test,test,test,pooled,0.5,20260507,1,k=1,326,326,439,True,passed,,0.5535307517084282,0.5,0.0,0.0,0.0,0.7994457042076091,0.7538704682606227,0.7548816407611291,0.09183673469387756,0.7613168724279835,0.5,439.0
scale_candidate,gemma-3-12b-it,gemma-3-12b-it,proxy_anchor,dash-b,Diag-kNN-scale-grid,test,test,test,pooled,0.5,20260507,2,k=2,326,326,439,True,passed,,0.5535307517084282,0.5,0.0,0.0,0.0,0.81859410430839,0.7727083020619847,0.7736180191935448,0.11224489795918367,0.6707818930041153,0.5,439.0
scale_candidate,gemma-3-12b-it,gemma-3-12b-it,proxy_anchor,dash-b,Diag-kNN-scale-grid,test,test,test,pooled,0.5,20260507,4,k=4,326,326,439,True,passed,,0.5535307517084282,0.5,0.0,0.0,0.0,0.8259217267153774,0.7809375699655332,0.7818485291521279,0.10204081632653061,0.6831275720164609,0.5,439.0
scale_candidate,gemma-3-12b-it,gemma-3-12b-it,proxy_anchor,dash-b,Diag-kNN-scale-grid,test,test,test,pooled,0.5,20260507,8,k=8,326,326,439,True,passed,,0.5535307517084282,0.5,0.0,0.0,0.0,0.823297220122617,0.7767893100590806,0.7776782812738804,0.12755102040816327,0.6584362139917695,0.5,439.0
scale_candidate,gemma-3-12b-it,gemma-3-12b-it,proxy_anchor,dash-b,Diag-kNN-scale-grid,test,test,test,pooled,0.5,20260507,16,k=16,326,326,439,True,passed,,0.5558086560364465,0.5025510204081632,1.0,0.00510204081632653,0.01015228426395939,0.8165784832451499,0.7768192845546444,0.7775814474113708,0.18877551020408162,0.6460905349794238,0.5,439.0
scale_candidate,gemma-3-12b-it,gemma-3-12b-it,proxy_anchor,dash-b,Diag-kNN-scale-grid,test,test,test,pooled,0.5,20260507,32,k=32,326,326,439,True,passed,,0.5558086560364465,0.5025510204081632,1.0,0.00510204081632653,0.01015228426395939,0.8002225581590661,0.7790436142757848,0.7796891117732467,0.23469387755102042,0.6419753086419753,0.5,439.0
scale_candidate,gemma-3-12b-it,gemma-3-12b-it,proxy_anchor,repope,Diag-kNN-scale-grid,cal,cal,cal,pooled,0.5,20260508,1,k=1,1443,1443,809,True,passed,,0.9023485784919654,0.5,0.0,0.0,0.0,0.929755505462112,0.604727337621339,0.6092290790994649,0.26582278481012656,0.3013698630136986,0.5,809.0
scale_candidate,gemma-3-12b-it,gemma-3-12b-it,proxy_anchor,repope,Diag-kNN-scale-grid,cal,cal,cal,pooled,0.5,20260508,2,k=2,1443,1443,809,True,passed,,0.9023485784919654,0.5,0.0,0.0,0.0,0.9275013005028612,0.5999941695012777,0.6045119845434875,0.26582278481012656,0.3095890410958904,0.5,809.0
scale_candidate,gemma-3-12b-it,gemma-3-12b-it,proxy_anchor,repope,Diag-kNN-scale-grid,cal,cal,cal,pooled,0.5,20260508,4,k=4,1443,1443,809,True,passed,,0.9023485784919654,0.5,0.0,0.0,0.0,0.9286630830587828,0.6164207013122746,0.6207836490833939,0.34177215189873417,0.3041095890410959,0.5,809.0
scale_candidate,gemma-3-12b-it,gemma-3-12b-it,proxy_anchor,repope,Diag-kNN-scale-grid,cal,cal,cal,pooled,0.5,20260508,8,k=8,1443,1443,809,True,passed,,0.9023485784919654,0.5,0.0,0.0,0.0,0.9325645916421016,0.6653967770244085,0.6689371401594729,0.3924050632911392,0.33287671232876714,0.5,809.0
scale_candidate,gemma-3-12b-it,gemma-3-12b-it,proxy_anchor,repope,Diag-kNN-scale-grid,cal,cal,cal,pooled,0.5,20260508,16,k=16,1443,1443,809,True,passed,,0.9023485784919654,0.5,0.0,0.0,0.0,0.9412172706779955,0.736299949170296,0.7382216625728405,0.5316455696202531,0.2876712328767123,0.5,809.0
scale_candidate,gemma-3-12b-it,gemma-3-12b-it,proxy_anchor,repope,Diag-kNN-scale-grid,cal,cal,cal,pooled,0.5,20260508,32,k=32,1443,1443,809,True,passed,,0.9023485784919654,0.5,0.0,0.0,0.0,0.9559389630657187,0.7851070056865934,0.7867622723875604,0.6329113924050633,0.1506849315068493,0.5,809.0
scale_candidate,gemma-3-12b-it,gemma-3-12b-it,proxy_anchor,repope,Diag-kNN-scale-grid,test,test,test,pooled,0.5,20260508,1,k=1,1443,1443,1610,True,passed,,0.8944099378881988,0.5,0.0,0.0,0.0,0.9171527777777778,0.5685701148908651,0.5705580070993045,0.20588235294117646,0.25833333333333336,0.5,1610.0
scale_candidate,gemma-3-12b-it,gemma-3-12b-it,proxy_anchor,repope,Diag-kNN-scale-grid,test,test,test,pooled,0.5,20260508,2,k=2,1443,1443,1610,True,passed,,0.8944099378881988,0.5,0.0,0.0,0.0,0.9160008169934641,0.5652746786599592,0.5672676739020085,0.20588235294117646,0.26180555555555557,0.5,1610.0
scale_candidate,gemma-3-12b-it,gemma-3-12b-it,proxy_anchor,repope,Diag-kNN-scale-grid,test,test,test,pooled,0.5,20260508,4,k=4,1443,1443,1610,True,passed,,0.8944099378881988,0.5,0.0,0.0,0.0,0.9299264705882353,0.6110256193510508,0.6128641115707831,0.2529411764705882,0.2263888888888889,0.5,1610.0
scale_candidate,gemma-3-12b-it,gemma-3-12b-it,proxy_anchor,repope,Diag-kNN-scale-grid,test,test,test,pooled,0.5,20260508,8,k=8,1443,1443,1610,True,passed,,0.8944099378881988,0.5,0.0,0.0,0.0,0.943125,0.6746807550167406,0.6762314471643812,0.31176470588235294,0.19236111111111112,0.5,1610.0
scale_candidate,gemma-3-12b-it,gemma-3-12b-it,proxy_anchor,repope,Diag-kNN-scale-grid,test,test,test,pooled,0.5,20260508,16,k=16,1443,1443,1610,True,passed,,0.8944099378881988,0.5,0.0,0.0,0.0,0.9508374183006536,0.7192300101577761,0.7204802949134961,0.34705882352941175,0.21666666666666667,0.5,1610.0
scale_candidate,gemma-3-12b-it,gemma-3-12b-it,proxy_anchor,repope,Diag-kNN-scale-grid,test,test,test,pooled,0.5,20260508,32,k=32,1443,1443,1610,True,passed,,0.8944099378881988,0.5,0.0,0.0,0.0,0.952937091503268,0.7295476744500227,0.7307870092080516,0.3588235294117647,0.16666666666666666,0.5,1610.0
scale_candidate,gemma-3-12b-it,gemma-3-12b-it,proxy_anchor,pope,Diag-kNN-scale-grid,test,test,test,pooled,0.5,20260508,1,k=1,1543,1543,1662,True,passed,,0.8874849578820698,0.5,0.0,0.0,0.0,0.8896474213722468,0.4898363087040477,0.4920661322136707,0.12299465240641712,0.27661016949152545,0.5,1662.0
scale_candidate,gemma-3-12b-it,gemma-3-12b-it,proxy_anchor,pope,Diag-kNN-scale-grid,test,test,test,pooled,0.5,20260508,2,k=2,1543,1543,1662,True,passed,,0.8874849578820698,0.5,0.0,0.0,0.0,0.8873669899392731,0.48197386319601776,0.4842142228841361,0.11764705882352941,0.27796610169491526,0.5,1662.0
scale_candidate,gemma-3-12b-it,gemma-3-12b-it,proxy_anchor,pope,Diag-kNN-scale-grid,test,test,test,pooled,0.5,20260508,4,k=4,1543,1543,1662,True,passed,,0.8874849578820698,0.5,0.0,0.0,0.0,0.8954699537750386,0.4858485446568836,0.48802451172903444,0.11229946524064172,0.3152542372881356,0.5,1662.0
scale_candidate,gemma-3-12b-it,gemma-3-12b-it,proxy_anchor,pope,Diag-kNN-scale-grid,test,test,test,pooled,0.5,20260508,8,k=8,1543,1543,1662,True,passed,,0.8874849578820698,0.5,0.0,0.0,0.0,0.9056140668902384,0.5128431613887297,0.5151688301291734,0.13903743315508021,0.29152542372881357,0.5,1662.0
scale_candidate,gemma-3-12b-it,gemma-3-12b-it,proxy_anchor,pope,Diag-kNN-scale-grid,test,test,test,pooled,0.5,20260508,16,k=16,1543,1543,1662,True,passed,,0.8874849578820698,0.5,0.0,0.0,0.0,0.913035439137134,0.5417560697201266,0.5439227421797705,0.17647058823529413,0.26372881355932204,0.5,1662.0
scale_candidate,gemma-3-12b-it,gemma-3-12b-it,proxy_anchor,pope,Diag-kNN-scale-grid,test,test,test,pooled,0.5,20260508,32,k=32,1543,1543,1662,True,passed,,0.8874849578820698,0.5,0.0,0.0,0.0,0.917139490619052,0.5515100617411641,0.5536623170349473,0.17647058823529413,0.27796610169491526,0.5,1662.0
scale_candidate,gemma-3-12b-it,gemma-3-12b-it,proxy_anchor,dash-b,Diag-kNN-scale-grid,test,test,test,pooled,0.5,20260508,1,k=1,326,326,439,True,passed,,0.5535307517084282,0.5,0.0,0.0,0.0,0.777840765936004,0.7015976504187378,0.7028964838514506,0.09693877551020408,0.6090534979423868,0.5,439.0
scale_candidate,gemma-3-12b-it,gemma-3-12b-it,proxy_anchor,dash-b,Diag-kNN-scale-grid,test,test,test,pooled,0.5,20260508,2,k=2,326,326,439,True,passed,,0.5535307517084282,0.5,0.0,0.0,0.0,0.7788905685731082,0.7144326830545709,0.7155842753486096,0.10714285714285714,0.6419753086419753,0.5,439.0
scale_candidate,gemma-3-12b-it,gemma-3-12b-it,proxy_anchor,dash-b,Diag-kNN-scale-grid,test,test,test,pooled,0.5,20260508,4,k=4,326,326,439,True,passed,,0.5535307517084282,0.5,0.0,0.0,0.0,0.7782396909381036,0.7232987506301823,0.7243831261225993,0.11224489795918367,0.6625514403292181,0.5,439.0
scale_candidate,gemma-3-12b-it,gemma-3-12b-it,proxy_anchor,dash-b,Diag-kNN-scale-grid,test,test,test,pooled,0.5,20260508,8,k=8,326,326,439,True,passed,,0.5535307517084282,0.5,0.0,0.0,0.0,0.7767699672461577,0.7391091071957065,0.7400806868380562,0.11224489795918367,0.7283950617283951,0.5,439.0
scale_candidate,gemma-3-12b-it,gemma-3-12b-it,proxy_anchor,dash-b,Diag-kNN-scale-grid,test,test,test,pooled,0.5,20260508,16,k=16,326,326,439,True,passed,,0.5535307517084282,0.5,0.0,0.0,0.0,0.7730326698580667,0.7512479074119268,0.7520582835726433,0.15306122448979592,0.6872427983539094,0.5,439.0
scale_candidate,gemma-3-12b-it,gemma-3-12b-it,proxy_anchor,dash-b,Diag-kNN-scale-grid,test,test,test,pooled,0.5,20260508,32,k=32,326,326,439,True,passed,,0.5535307517084282,0.5,0.0,0.0,0.0,0.7627026119089612,0.7456715612948636,0.7464423555640869,0.19387755102040816,0.6872427983539094,0.5,439.0
scale_candidate,gemma-4-12b-it,gemma-4-12b-it,proxy_anchor,repope,Diag-kNN-scale-grid,cal,cal,cal,pooled,0.5,20260506,1,k=1,1138,1138,603,True,passed,,0.988391376451078,0.5,0.0,0.0,0.0,0.8415627996164909,0.09971727985473051,0.1331713637836087,0.2857142857142857,0.45805369127516776,0.5,603.0
scale_candidate,gemma-4-12b-it,gemma-4-12b-it,proxy_anchor,repope,Diag-kNN-scale-grid,cal,cal,cal,pooled,0.5,20260506,2,k=2,1138,1138,603,True,passed,,0.988391376451078,0.5,0.0,0.0,0.0,0.8355704697986577,0.09761438343614803,0.13083003913453742,0.2857142857142857,0.47315436241610737,0.5,603.0
scale_candidate,gemma-4-12b-it,gemma-4-12b-it,proxy_anchor,repope,Diag-kNN-scale-grid,cal,cal,cal,pooled,0.5,20260506,4,k=4,1138,1138,603,True,passed,,0.988391376451078,0.5,0.0,0.0,0.0,0.8521093000958773,0.0940450778704327,0.12653260888920093,0.2857142857142857,0.41946308724832215,0.5,603.0
scale_candidate,gemma-4-12b-it,gemma-4-12b-it,proxy_anchor,repope,Diag-kNN-scale-grid,cal,cal,cal,pooled,0.5,20260506,8,k=8,1138,1138,603,True,passed,,0.988391376451078,0.5,0.0,0.0,0.0,0.8700862895493768,0.10647404225531923,0.14136126900640472,0.2857142857142857,0.3338926174496644,0.5,603.0
scale_candidate,gemma-4-12b-it,gemma-4-12b-it,proxy_anchor,repope,Diag-kNN-scale-grid,cal,cal,cal,pooled,0.5,20260506,16,k=16,1138,1138,603,True,passed,,0.988391376451078,0.5,0.0,0.0,0.0,0.8449185043144775,0.22513616862968985,0.2413884850887626,0.2857142857142857,0.3825503355704698,0.5,603.0
scale_candidate,gemma-4-12b-it,gemma-4-12b-it,proxy_anchor,repope,Diag-kNN-scale-grid,cal,cal,cal,pooled,0.5,20260506,32,k=32,1138,1138,603,True,passed,,0.988391376451078,0.5,0.0,0.0,0.0,0.8245445829338447,0.22687731962272675,0.24353096724863005,0.2857142857142857,0.38422818791946306,0.5,603.0
scale_candidate,gemma-4-12b-it,gemma-4-12b-it,proxy_anchor,repope,Diag-kNN-scale-grid,test,test,test,pooled,0.5,20260506,1,k=1,1138,1138,1182,True,passed,,0.9796954314720813,0.5,0.0,0.0,0.0,0.91457973517559,0.14850763431909855,0.17326144487774325,0.125,0.29965457685664937,0.5,1182.0
scale_candidate,gemma-4-12b-it,gemma-4-12b-it,proxy_anchor,repope,Diag-kNN-scale-grid,test,test,test,pooled,0.5,20260506,2,k=2,1138,1138,1182,True,passed,,0.9796954314720813,0.5,0.0,0.0,0.0,0.9163428324697754,0.15134189545684013,0.17606542578410683,0.125,0.30397236614853196,0.5,1182.0
scale_candidate,gemma-4-12b-it,gemma-4-12b-it,proxy_anchor,repope,Diag-kNN-scale-grid,test,test,test,pooled,0.5,20260506,4,k=4,1138,1138,1182,True,passed,,0.9796954314720813,0.5,0.0,0.0,0.0,0.9308434081750144,0.16298051595310417,0.18888714141272445,0.125,0.18739205526770294,0.5,1182.0
scale_candidate,gemma-4-12b-it,gemma-4-12b-it,proxy_anchor,repope,Diag-kNN-scale-grid,test,test,test,pooled,0.5,20260506,8,k=8,1138,1138,1182,True,passed,,0.9796954314720813,0.5,0.0,0.0,0.0,0.9457037996545768,0.18063353309474287,0.20822207087926664,0.25,0.10362694300518134,0.5,1182.0
scale_candidate,gemma-4-12b-it,gemma-4-12b-it,proxy_anchor,repope,Diag-kNN-scale-grid,test,test,test,pooled,0.5,20260506,16,k=16,1138,1138,1182,True,passed,,0.9796954314720813,0.5,0.0,0.0,0.0,0.9446963154864709,0.181574604063025,0.20719284857288053,0.25,0.11744386873920552,0.5,1182.0
scale_candidate,gemma-4-12b-it,gemma-4-12b-it,proxy_anchor,repope,Diag-kNN-scale-grid,test,test,test,pooled,0.5,20260506,32,k=32,1138,1138,1182,True,passed,,0.9796954314720813,0.5,0.0,0.0,0.0,0.9367803684513529,0.2051050203433144,0.23175314176976267,0.25,0.15198618307426598,0.5,1182.0
scale_candidate,gemma-4-12b-it,gemma-4-12b-it,proxy_anchor,pope,Diag-kNN-scale-grid,test,test,test,pooled,0.5,20260506,1,k=1,1180,1180,1218,True,passed,,0.9745484400656814,0.5,0.0,0.0,0.0,0.8600157621545235,0.12040032615138616,0.1341429542019118,0.03225806451612903,0.5838247683235046,0.5,1218.0
scale_candidate,gemma-4-12b-it,gemma-4-12b-it,proxy_anchor,pope,Diag-kNN-scale-grid,test,test,test,pooled,0.5,20260506,2,k=2,1180,1180,1218,True,passed,,0.9745484400656814,0.5,0.0,0.0,0.0,0.8600972905399897,0.12087164259300368,0.13411159636716963,0.0,0.5922493681550126,0.5,1218.0
scale_candidate,gemma-4-12b-it,gemma-4-12b-it,proxy_anchor,pope,Diag-kNN-scale-grid,test,test,test,pooled,0.5,20260506,4,k=4,1180,1180,1218,True,passed,,0.9745484400656814,0.5,0.0,0.0,0.0,0.8762670869907874,0.13787254277459932,0.15258211291728244,0.0,0.5964616680707666,0.5,1218.0
scale_candidate,gemma-4-12b-it,gemma-4-12b-it,proxy_anchor,pope,Diag-kNN-scale-grid,test,test,test,pooled,0.5,20260506,8,k=8,1180,1180,1218,True,passed,,0.9745484400656814,0.5,0.0,0.0,0.0,0.8931978150392694,0.16149367387071784,0.18163940875468265,0.12903225806451613,0.5433866891322662,0.5,1218.0
scale_candidate,gemma-4-12b-it,gemma-4-12b-it,proxy_anchor,pope,Diag-kNN-scale-grid,test,test,test,pooled,0.5,20260506,16,k=16,1180,1180,1218,True,passed,,0.9745484400656814,0.5,0.0,0.0,0.0,0.8954534337038345,0.14993904099091845,0.16509417661405965,0.0,0.4818871103622578,0.5,1218.0
scale_candidate,gemma-4-12b-it,gemma-4-12b-it,proxy_anchor,pope,Diag-kNN-scale-grid,test,test,test,pooled,0.5,20260506,32,k=32,1180,1180,1218,True,passed,,0.9745484400656814,0.5,0.0,0.0,0.0,0.8784683533983749,0.14662219249499484,0.1617569077186554,0.0,0.4877843302443134,0.5,1218.0
scale_candidate,gemma-4-12b-it,gemma-4-12b-it,proxy_anchor,dash-b,Diag-kNN-scale-grid,test,test,test,pooled,0.5,20260506,1,k=1,397,397,432,True,passed,,0.7731481481481481,0.5,0.0,0.0,0.0,0.6849566173774899,0.3649366484084675,0.3730770598623368,0.030612244897959183,0.7485029940119761,0.5,432.0
scale_candidate,gemma-4-12b-it,gemma-4-12b-it,proxy_anchor,dash-b,Diag-kNN-scale-grid,test,test,test,pooled,0.5,20260506,2,k=2,397,397,432,True,passed,,0.7731481481481481,0.5,0.0,0.0,0.0,0.7025235243798118,0.37878391112151155,0.3843674901976215,0.030612244897959183,0.7245508982035929,0.5,432.0
scale_candidate,gemma-4-12b-it,gemma-4-12b-it,proxy_anchor,dash-b,Diag-kNN-scale-grid,test,test,test,pooled,0.5,20260506,4,k=4,397,397,432,True,passed,,0.7731481481481481,0.5,0.0,0.0,0.0,0.6917084198949042,0.3669201609635956,0.3723955526462599,0.030612244897959183,0.7455089820359282,0.5,432.0
scale_candidate,gemma-4-12b-it,gemma-4-12b-it,proxy_anchor,dash-b,Diag-kNN-scale-grid,test,test,test,pooled,0.5,20260506,8,k=8,397,397,432,True,passed,,0.7731481481481481,0.5,0.0,0.0,0.0,0.6737443480386166,0.34801260134776624,0.35328752369961997,0.030612244897959183,0.7514970059880239,0.5,432.0
scale_candidate,gemma-4-12b-it,gemma-4-12b-it,proxy_anchor,dash-b,Diag-kNN-scale-grid,test,test,test,pooled,0.5,20260506,16,k=16,397,397,432,True,passed,,0.7731481481481481,0.5,0.0,0.0,0.0,0.6497005988023952,0.31782755672783886,0.3226715675443185,0.04081632653061224,0.7604790419161677,0.5,432.0
scale_candidate,gemma-4-12b-it,gemma-4-12b-it,proxy_anchor,dash-b,Diag-kNN-scale-grid,test,test,test,pooled,0.5,20260506,32,k=32,397,397,432,True,passed,,0.7731481481481481,0.5,0.0,0.0,0.0,0.6023463277526581,0.2820161205159366,0.28547761494492485,0.04081632653061224,0.7544910179640718,0.5,432.0
scale_candidate,gemma-4-12b-it,gemma-4-12b-it,proxy_anchor,repope,Diag-kNN-scale-grid,cal,cal,cal,pooled,0.5,20260507,1,k=1,1138,1138,603,True,passed,,0.988391376451078,0.5,0.0,0.0,0.0,0.8319750719079578,0.06299752426975054,0.08726513628474412,0.14285714285714285,0.4161073825503356,0.5,603.0
scale_candidate,gemma-4-12b-it,gemma-4-12b-it,proxy_anchor,repope,Diag-kNN-scale-grid,cal,cal,cal,pooled,0.5,20260507,2,k=2,1138,1138,603,True,passed,,0.988391376451078,0.5,0.0,0.0,0.0,0.826941514860978,0.06114501778805516,0.08498250866373386,0.14285714285714285,0.4312080536912752,0.5,603.0
scale_candidate,gemma-4-12b-it,gemma-4-12b-it,proxy_anchor,repope,Diag-kNN-scale-grid,cal,cal,cal,pooled,0.5,20260507,4,k=4,1138,1138,603,True,passed,,0.988391376451078,0.5,0.0,0.0,0.0,0.8243048897411314,0.056308889471606345,0.07912566538569071,0.14285714285714285,0.412751677852349,0.5,603.0
scale_candidate,gemma-4-12b-it,gemma-4-12b-it,proxy_anchor,repope,Diag-kNN-scale-grid,cal,cal,cal,pooled,0.5,20260507,8,k=8,1138,1138,603,True,passed,,0.988391376451078,0.5,0.0,0.0,0.0,0.8163950143815916,0.04831405885115669,0.06737102787700266,0.14285714285714285,0.42953020134228187,0.5,603.0
scale_candidate,gemma-4-12b-it,gemma-4-12b-it,proxy_anchor,repope,Diag-kNN-scale-grid,cal,cal,cal,pooled,0.5,20260507,16,k=16,1138,1138,603,True,passed,,0.988391376451078,0.5,0.0,0.0,0.0,0.8046500479386386,0.03967112696614769,0.053252202950998126,0.0,0.46812080536912754,0.5,603.0
scale_candidate,gemma-4-12b-it,gemma-4-12b-it,proxy_anchor,repope,Diag-kNN-scale-grid,cal,cal,cal,pooled,0.5,20260507,32,k=32,1138,1138,603,True,passed,,0.988391376451078,0.5,0.0,0.0,0.0,0.8192713326941514,0.057079361304188156,0.0866314475065231,0.14285714285714285,0.4312080536912752,0.5,603.0
scale_candidate,gemma-4-12b-it,gemma-4-12b-it,proxy_anchor,repope,Diag-kNN-scale-grid,test,test,test,pooled,0.5,20260507,1,k=1,1138,1138,1182,True,passed,,0.9796954314720813,0.5,0.0,0.0,0.0,0.864961139896373,0.11108389473204527,0.12307312424893146,0.0,0.41796200345423146,0.5,1182.0
scale_candidate,gemma-4-12b-it,gemma-4-12b-it,proxy_anchor,repope,Diag-kNN-scale-grid,test,test,test,pooled,0.5,20260507,2,k=2,1138,1138,1182,True,passed,,0.9796954314720813,0.5,0.0,0.0,0.0,0.859671848013817,0.10071952293264445,0.11149550617159099,0.0,0.42918825561312607,0.5,1182.0
scale_candidate,gemma-4-12b-it,gemma-4-12b-it,proxy_anchor,repope,Diag-kNN-scale-grid,test,test,test,pooled,0.5,20260507,4,k=4,1138,1138,1182,True,passed,,0.9796954314720813,0.5,0.0,0.0,0.0,0.8583405296488198,0.09922660921288082,0.10960147903583836,0.0,0.41796200345423146,0.5,1182.0
scale_candidate,gemma-4-12b-it,gemma-4-12b-it,proxy_anchor,repope,Diag-kNN-scale-grid,test,test,test,pooled,0.5,20260507,8,k=8,1138,1138,1182,True,passed,,0.9796954314720813,0.5,0.0,0.0,0.0,0.8622265400115141,0.08625941175085419,0.0951910365661126,0.0,0.39378238341968913,0.5,1182.0
scale_candidate,gemma-4-12b-it,gemma-4-12b-it,proxy_anchor,repope,Diag-kNN-scale-grid,test,test,test,pooled,0.5,20260507,16,k=16,1138,1138,1182,True,passed,,0.9796954314720813,0.5,0.0,0.0,0.0,0.8906160046056419,0.08665990269974436,0.09429689466335184,0.0,0.270293609671848,0.5,1182.0
scale_candidate,gemma-4-12b-it,gemma-4-12b-it,proxy_anchor,repope,Diag-kNN-scale-grid,test,test,test,pooled,0.5,20260507,32,k=32,1138,1138,1182,True,passed,,0.9796954314720813,0.5,0.0,0.0,0.0,0.9096502590673575,0.10852963882123792,0.12868797038914923,0.041666666666666664,0.18825561312607944,0.5,1182.0
scale_candidate,gemma-4-12b-it,gemma-4-12b-it,proxy_anchor,pope,Diag-kNN-scale-grid,test,test,test,pooled,0.5,20260507,1,k=1,1180,1180,1218,True,passed,,0.9745484400656814,0.5,0.0,0.0,0.0,0.7180476669293692,0.04843804465826973,0.05242317061663824,0.0,0.7893850042123,0.5,1218.0
scale_candidate,gemma-4-12b-it,gemma-4-12b-it,proxy_anchor,pope,Diag-kNN-scale-grid,test,test,test,pooled,0.5,20260507,2,k=2,1180,1180,1218,True,passed,,0.9745484400656814,0.5,0.0,0.0,0.0,0.7104111748240345,0.04723126692787791,0.05110723588995137,0.0,0.823083403538332,0.5,1218.0
scale_candidate,gemma-4-12b-it,gemma-4-12b-it,proxy_anchor,pope,Diag-kNN-scale-grid,test,test,test,pooled,0.5,20260507,4,k=4,1180,1180,1218,True,passed,,0.9745484400656814,0.5,0.0,0.0,0.0,0.7536483952496127,0.05321746370747816,0.05735820210449824,0.0,0.7101937657961247,0.5,1218.0
scale_candidate,gemma-4-12b-it,gemma-4-12b-it,proxy_anchor,pope,Diag-kNN-scale-grid,test,test,test,pooled,0.5,20260507,8,k=8,1180,1180,1218,True,passed,,0.9745484400656814,0.5,0.0,0.0,0.0,0.8047123406799468,0.06447755342422823,0.06919429174046202,0.0,0.476832350463353,0.5,1218.0
scale_candidate,gemma-4-12b-it,gemma-4-12b-it,proxy_anchor,pope,Diag-kNN-scale-grid,test,test,test,pooled,0.5,20260507,16,k=16,1180,1180,1218,True,passed,,0.9745484400656814,0.5,0.0,0.0,0.0,0.8528412642334973,0.07688708980676581,0.08198347930600383,0.0,0.2822240943555181,0.5,1218.0
scale_candidate,gemma-4-12b-it,gemma-4-12b-it,proxy_anchor,pope,Diag-kNN-scale-grid,test,test,test,pooled,0.5,20260507,32,k=32,1180,1180,1218,True,passed,,0.9745484400656814,0.5,0.0,0.0,0.0,0.8823545397722641,0.09392366113122935,0.09955081157513114,0.0,0.21903959561920808,0.5,1218.0
scale_candidate,gemma-4-12b-it,gemma-4-12b-it,proxy_anchor,dash-b,Diag-kNN-scale-grid,test,test,test,pooled,0.5,20260507,1,k=1,397,397,432,True,passed,,0.7731481481481481,0.5,0.0,0.0,0.0,0.6622265672736161,0.3066709415636555,0.3114202821859158,0.0,0.6976047904191617,0.5,432.0
scale_candidate,gemma-4-12b-it,gemma-4-12b-it,proxy_anchor,dash-b,Diag-kNN-scale-grid,test,test,test,pooled,0.5,20260507,2,k=2,397,397,432,True,passed,,0.7731481481481481,0.5,0.0,0.0,0.0,0.6690089209336428,0.3166571882018345,0.32159961449015106,0.0,0.6946107784431138,0.5,432.0
scale_candidate,gemma-4-12b-it,gemma-4-12b-it,proxy_anchor,dash-b,Diag-kNN-scale-grid,test,test,test,pooled,0.5,20260507,4,k=4,397,397,432,True,passed,,0.7731481481481481,0.5,0.0,0.0,0.0,0.6720945863375289,0.3245329406118995,0.32971677566390545,0.0,0.688622754491018,0.5,432.0
scale_candidate,gemma-4-12b-it,gemma-4-12b-it,proxy_anchor,dash-b,Diag-kNN-scale-grid,test,test,test,pooled,0.5,20260507,8,k=8,397,397,432,True,passed,,0.7731481481481481,0.5,0.0,0.0,0.0,0.6529084687767323,0.30993231211426897,0.31494136229425396,0.0,0.6766467065868264,0.5,432.0
scale_candidate,gemma-4-12b-it,gemma-4-12b-it,proxy_anchor,dash-b,Diag-kNN-scale-grid,test,test,test,pooled,0.5,20260507,16,k=16,397,397,432,True,passed,,0.7731481481481481,0.5,0.0,0.0,0.0,0.6126115116705364,0.2777067470895536,0.28261645905926414,0.0,0.7275449101796407,0.5,432.0
scale_candidate,gemma-4-12b-it,gemma-4-12b-it,proxy_anchor,dash-b,Diag-kNN-scale-grid,test,test,test,pooled,0.5,20260507,32,k=32,397,397,432,True,passed,,0.7731481481481481,0.5,0.0,0.0,0.0,0.527068312354882,0.2359454878750477,0.24117449960039364,0.0,0.8083832335329342,0.5,432.0
scale_candidate,gemma-4-12b-it,gemma-4-12b-it,proxy_anchor,repope,Diag-kNN-scale-grid,cal,cal,cal,pooled,0.5,20260508,1,k=1,1138,1138,603,True,passed,,0.988391376451078,0.5,0.0,0.0,0.0,0.9398370086289549,0.10534995697891225,0.1422454705788039,0.14285714285714285,0.12416107382550336,0.5,603.0
scale_candidate,gemma-4-12b-it,gemma-4-12b-it,proxy_anchor,repope,Diag-kNN-scale-grid,cal,cal,cal,pooled,0.5,20260508,2,k=2,1138,1138,603,True,passed,,0.988391376451078,0.5,0.0,0.0,0.0,0.9360019175455417,0.1103140363076208,0.15799271548713084,0.14285714285714285,0.12751677852348994,0.5,603.0
scale_candidate,gemma-4-12b-it,gemma-4-12b-it,proxy_anchor,repope,Diag-kNN-scale-grid,cal,cal,cal,pooled,0.5,20260508,4,k=4,1138,1138,603,True,passed,,0.988391376451078,0.5,0.0,0.0,0.0,0.9362416107382551,0.10663599348542592,0.15378597034197805,0.14285714285714285,0.1174496644295302,0.5,603.0
scale_candidate,gemma-4-12b-it,gemma-4-12b-it,proxy_anchor,repope,Diag-kNN-scale-grid,cal,cal,cal,pooled,0.5,20260508,8,k=8,1138,1138,603,True,passed,,0.988391376451078,0.5,0.0,0.0,0.0,0.9350431447746884,0.10631737386832371,0.1534152692625106,0.14285714285714285,0.12248322147651007,0.5,603.0
scale_candidate,gemma-4-12b-it,gemma-4-12b-it,proxy_anchor,repope,Diag-kNN-scale-grid,cal,cal,cal,pooled,0.5,20260508,16,k=16,1138,1138,603,True,passed,,0.988391376451078,0.5,0.0,0.0,0.0,0.9336049856184084,0.11292883738249582,0.16150708401688535,0.14285714285714285,0.14429530201342283,0.5,603.0
scale_candidate,gemma-4-12b-it,gemma-4-12b-it,proxy_anchor,repope,Diag-kNN-scale-grid,cal,cal,cal,pooled,0.5,20260508,32,k=32,1138,1138,603,True,passed,,0.988391376451078,0.5,0.0,0.0,0.0,0.9304889741131351,0.14097664764181972,0.19511616880037932,0.14285714285714285,0.174496644295302,0.5,603.0
scale_candidate,gemma-4-12b-it,gemma-4-12b-it,proxy_anchor,repope,Diag-kNN-scale-grid,test,test,test,pooled,0.5,20260508,1,k=1,1138,1138,1182,True,passed,,0.9796954314720813,0.5,0.0,0.0,0.0,0.9504893494530801,0.31403356314870495,0.3247840365613859,0.25,0.14335060449050085,0.5,1182.0
scale_candidate,gemma-4-12b-it,gemma-4-12b-it,proxy_anchor,repope,Diag-kNN-scale-grid,test,test,test,pooled,0.5,20260508,2,k=2,1138,1138,1182,True,passed,,0.9796954314720813,0.5,0.0,0.0,0.0,0.9465673575129534,0.2974630202059727,0.30741577697571704,0.16666666666666666,0.14766839378238342,0.5,1182.0
scale_candidate,gemma-4-12b-it,gemma-4-12b-it,proxy_anchor,repope,Diag-kNN-scale-grid,test,test,test,pooled,0.5,20260508,4,k=4,1138,1138,1182,True,passed,,0.9796954314720813,0.5,0.0,0.0,0.0,0.9468552101324121,0.18954551036503053,0.2297378887765334,0.125,0.153713298791019,0.5,1182.0
scale_candidate,gemma-4-12b-it,gemma-4-12b-it,proxy_anchor,repope,Diag-kNN-scale-grid,test,test,test,pooled,0.5,20260508,8,k=8,1138,1138,1182,True,passed,,0.9796954314720813,0.5,0.0,0.0,0.0,0.9493379389752447,0.16542445462184224,0.18961161166296198,0.125,0.09671848013816926,0.5,1182.0
scale_candidate,gemma-4-12b-it,gemma-4-12b-it,proxy_anchor,repope,Diag-kNN-scale-grid,test,test,test,pooled,0.5,20260508,16,k=16,1138,1138,1182,True,passed,,0.9796954314720813,0.5,0.0,0.0,0.0,0.9481865284974094,0.16356228696408479,0.1827604678251781,0.0,0.09930915371329879,0.5,1182.0
scale_candidate,gemma-4-12b-it,gemma-4-12b-it,proxy_anchor,repope,Diag-kNN-scale-grid,test,test,test,pooled,0.5,20260508,32,k=32,1138,1138,1182,True,passed,,0.9796954314720813,0.5,0.0,0.0,0.0,0.9525402993667242,0.22449672649877192,0.24414556195225626,0.0,0.10449050086355786,0.5,1182.0
scale_candidate,gemma-4-12b-it,gemma-4-12b-it,proxy_anchor,pope,Diag-kNN-scale-grid,test,test,test,pooled,0.5,20260508,1,k=1,1180,1180,1218,True,passed,,0.9745484400656814,0.5,0.0,0.0,0.0,0.864690056254586,0.21000821895218547,0.21537987435532188,0.0967741935483871,0.502106149957877,0.5,1218.0
scale_candidate,gemma-4-12b-it,gemma-4-12b-it,proxy_anchor,pope,Diag-kNN-scale-grid,test,test,test,pooled,0.5,20260508,2,k=2,1180,1180,1218,True,passed,,0.9745484400656814,0.5,0.0,0.0,0.0,0.8609125743946517,0.20240843379982373,0.20745657167144183,0.0967741935483871,0.5029486099410277,0.5,1218.0
scale_candidate,gemma-4-12b-it,gemma-4-12b-it,proxy_anchor,pope,Diag-kNN-scale-grid,test,test,test,pooled,0.5,20260508,4,k=4,1180,1180,1218,True,passed,,0.9745484400656814,0.5,0.0,0.0,0.0,0.8767019050466072,0.20036749834234832,0.20515817264803243,0.0967741935483871,0.4102780117944398,0.5,1218.0
scale_candidate,gemma-4-12b-it,gemma-4-12b-it,proxy_anchor,pope,Diag-kNN-scale-grid,test,test,test,pooled,0.5,20260508,8,k=8,1180,1180,1218,True,passed,,0.9745484400656814,0.5,0.0,0.0,0.0,0.9076011631382993,0.14085206916803608,0.17020119587679722,0.0967741935483871,0.22830665543386688,0.5,1218.0
scale_candidate,gemma-4-12b-it,gemma-4-12b-it,proxy_anchor,pope,Diag-kNN-scale-grid,test,test,test,pooled,0.5,20260508,16,k=16,1180,1180,1218,True,passed,,0.9745484400656814,0.5,0.0,0.0,0.0,0.9164062287686496,0.1316934534059259,0.14569285296171494,0.0,0.17186183656276327,0.5,1218.0
scale_candidate,gemma-4-12b-it,gemma-4-12b-it,proxy_anchor,pope,Diag-kNN-scale-grid,test,test,test,pooled,0.5,20260508,32,k=32,1180,1180,1218,True,passed,,0.9745484400656814,0.5,0.0,0.0,0.0,0.9246134195722477,0.15821818234128543,0.17209095271993313,0.0,0.17944397641112048,0.5,1218.0
scale_candidate,gemma-4-12b-it,gemma-4-12b-it,proxy_anchor,dash-b,Diag-kNN-scale-grid,test,test,test,pooled,0.5,20260508,1,k=1,397,397,432,True,passed,,0.7731481481481481,0.5,0.0,0.0,0.0,0.6694366369302212,0.33442018026495046,0.342435303938201,0.030612244897959183,0.6676646706586826,0.5,432.0
scale_candidate,gemma-4-12b-it,gemma-4-12b-it,proxy_anchor,dash-b,Diag-kNN-scale-grid,test,test,test,pooled,0.5,20260508,2,k=2,397,397,432,True,passed,,0.7731481481481481,0.5,0.0,0.0,0.0,0.6763106440180863,0.3344513764384315,0.34152328254631786,0.030612244897959183,0.6976047904191617,0.5,432.0
scale_candidate,gemma-4-12b-it,gemma-4-12b-it,proxy_anchor,dash-b,Diag-kNN-scale-grid,test,test,test,pooled,0.5,20260508,4,k=4,397,397,432,True,passed,,0.7731481481481481,0.5,0.0,0.0,0.0,0.6805572528412562,0.34574915018615604,0.3524544051698233,0.030612244897959183,0.718562874251497,0.5,432.0
scale_candidate,gemma-4-12b-it,gemma-4-12b-it,proxy_anchor,dash-b,Diag-kNN-scale-grid,test,test,test,pooled,0.5,20260508,8,k=8,397,397,432,True,passed,,0.7731481481481481,0.5,0.0,0.0,0.0,0.6760662348771844,0.3398956825351175,0.3464134014194326,0.01020408163265306,0.7634730538922155,0.5,432.0
scale_candidate,gemma-4-12b-it,gemma-4-12b-it,proxy_anchor,dash-b,Diag-kNN-scale-grid,test,test,test,pooled,0.5,20260508,16,k=16,397,397,432,True,passed,,0.7731481481481481,0.5,0.0,0.0,0.0,0.6572161798851277,0.31802335593633835,0.3238869888070587,0.0,0.7544910179640718,0.5,432.0
scale_candidate,gemma-4-12b-it,gemma-4-12b-it,proxy_anchor,dash-b,Diag-kNN-scale-grid,test,test,test,pooled,0.5,20260508,32,k=32,397,397,432,True,passed,,0.7731481481481481,0.5,0.0,0.0,0.0,0.6155138702187462,0.2782229992456094,0.2835444816485969,0.0,0.7664670658682635,0.5,432.0
scale_candidate,qwen3.5-4b,qwen3.5-4b,proxy_anchor,repope,Diag-kNN-scale-grid,cal,cal,cal,pooled,0.5,20260506,1,k=1,1548,1548,805,True,passed,,0.9888198757763975,0.5,0.0,0.0,0.0,0.9228084868788387,0.07134225144501627,0.0877688364052171,0.0,0.2185929648241206,0.5,805.0
scale_candidate,qwen3.5-4b,qwen3.5-4b,proxy_anchor,repope,Diag-kNN-scale-grid,cal,cal,cal,pooled,0.5,20260506,2,k=2,1548,1548,805,True,passed,,0.9888198757763975,0.5,0.0,0.0,0.0,0.9251814628699051,0.07241010157450098,0.08882627483587058,0.0,0.22110552763819097,0.5,805.0
scale_candidate,qwen3.5-4b,qwen3.5-4b,proxy_anchor,repope,Diag-kNN-scale-grid,cal,cal,cal,pooled,0.5,20260506,4,k=4,1548,1548,805,True,passed,,0.9888198757763975,0.5,0.0,0.0,0.0,0.9307649357900614,0.08938840254876716,0.10982092836133724,0.0,0.22110552763819097,0.5,805.0
scale_candidate,qwen3.5-4b,qwen3.5-4b,proxy_anchor,repope,Diag-kNN-scale-grid,cal,cal,cal,pooled,0.5,20260506,8,k=8,1548,1548,805,True,passed,,0.9888198757763975,0.5,0.0,0.0,0.0,0.9447236180904522,0.1338291205261777,0.1672733548682916,0.1111111111111111,0.1871859296482412,0.5,805.0
scale_candidate,qwen3.5-4b,qwen3.5-4b,proxy_anchor,repope,Diag-kNN-scale-grid,cal,cal,cal,pooled,0.5,20260506,16,k=16,1548,1548,805,True,passed,,0.9888198757763975,0.5,0.0,0.0,0.0,0.963428252372976,0.1725597274662027,0.21096703327998378,0.1111111111111111,0.15326633165829145,0.5,805.0
scale_candidate,qwen3.5-4b,qwen3.5-4b,proxy_anchor,repope,Diag-kNN-scale-grid,cal,cal,cal,pooled,0.5,20260506,32,k=32,1548,1548,805,True,passed,,0.9888198757763975,0.5,0.0,0.0,0.0,0.9695700725851479,0.22576950249183558,0.2715156149938759,0.4444444444444444,0.13316582914572864,0.5,805.0
scale_candidate,qwen3.5-4b,qwen3.5-4b,proxy_anchor,repope,Diag-kNN-scale-grid,test,test,test,pooled,0.5,20260506,1,k=1,1548,1548,1597,True,passed,,0.9812147777082029,0.5,0.0,0.0,0.0,0.7927674962773879,0.11614039726287446,0.12010976493320465,0.1,0.412252712188896,0.5,1597.0
scale_candidate,qwen3.5-4b,qwen3.5-4b,proxy_anchor,repope,Diag-kNN-scale-grid,test,test,test,pooled,0.5,20260506,2,k=2,1548,1548,1597,True,passed,,0.9812147777082029,0.5,0.0,0.0,0.0,0.7832163369495851,0.11868175039418441,0.12287671869381046,0.1,0.42948308870453095,0.5,1597.0
scale_candidate,qwen3.5-4b,qwen3.5-4b,proxy_anchor,repope,Diag-kNN-scale-grid,test,test,test,pooled,0.5,20260506,4,k=4,1548,1548,1597,True,passed,,0.9812147777082029,0.5,0.0,0.0,0.0,0.7879600085088279,0.1207425084764507,0.12493397700993657,0.06666666666666667,0.39629865985960433,0.5,1597.0
scale_candidate,qwen3.5-4b,qwen3.5-4b,proxy_anchor,repope,Diag-kNN-scale-grid,test,test,test,pooled,0.5,20260506,8,k=8,1548,1548,1597,True,passed,,0.9812147777082029,0.5,0.0,0.0,0.0,0.8154647947245267,0.15345393325550913,0.15988295653132747,0.2,0.35162731333758773,0.5,1597.0
scale_candidate,qwen3.5-4b,qwen3.5-4b,proxy_anchor,repope,Diag-kNN-scale-grid,test,test,test,pooled,0.5,20260506,16,k=16,1548,1548,1597,True,passed,,0.9812147777082029,0.5,0.0,0.0,0.0,0.8398638587534567,0.2247214129416137,0.23140868058054692,0.26666666666666666,0.4077855775366943,0.5,1597.0
scale_candidate,qwen3.5-4b,qwen3.5-4b,proxy_anchor,repope,Diag-kNN-scale-grid,test,test,test,pooled,0.5,20260506,32,k=32,1548,1548,1597,True,passed,,0.9812147777082029,0.5,0.0,0.0,0.0,0.8839183152520741,0.24355423799585632,0.25556899648402026,0.3333333333333333,0.35162731333758773,0.5,1597.0
scale_candidate,qwen3.5-4b,qwen3.5-4b,proxy_anchor,pope,Diag-kNN-scale-grid,test,test,test,pooled,0.5,20260506,1,k=1,1622,1622,1629,True,passed,,0.9760589318600368,0.5,0.0,0.0,0.0,0.7914207385905498,0.12418956468694756,0.1287829020590942,0.10256410256410256,0.4446540880503145,0.5,1629.0
scale_candidate,qwen3.5-4b,qwen3.5-4b,proxy_anchor,pope,Diag-kNN-scale-grid,test,test,test,pooled,0.5,20260506,2,k=2,1622,1622,1629,True,passed,,0.9760589318600368,0.5,0.0,0.0,0.0,0.7856958555071762,0.12285760247997686,0.12740843412062522,0.10256410256410256,0.4628930817610063,0.5,1629.0
scale_candidate,qwen3.5-4b,qwen3.5-4b,proxy_anchor,pope,Diag-kNN-scale-grid,test,test,test,pooled,0.5,20260506,4,k=4,1622,1622,1629,True,passed,,0.9760589318600368,0.5,0.0,0.0,0.0,0.7844057410095147,0.10067419745415837,0.11194184102309343,0.1794871794871795,0.48050314465408805,0.5,1629.0
scale_candidate,qwen3.5-4b,qwen3.5-4b,proxy_anchor,pope,Diag-kNN-scale-grid,test,test,test,pooled,0.5,20260506,8,k=8,1622,1622,1629,True,passed,,0.9760589318600368,0.5,0.0,0.0,0.0,0.7901951298177713,0.111006211680072,0.12372597299279944,0.1794871794871795,0.4949685534591195,0.5,1629.0
scale_candidate,qwen3.5-4b,qwen3.5-4b,proxy_anchor,pope,Diag-kNN-scale-grid,test,test,test,pooled,0.5,20260506,16,k=16,1622,1622,1629,True,passed,,0.9760589318600368,0.5,0.0,0.0,0.0,0.809498467989034,0.14079285442479492,0.1546345172312032,0.1794871794871795,0.4540880503144654,0.5,1629.0
scale_candidate,qwen3.5-4b,qwen3.5-4b,proxy_anchor,pope,Diag-kNN-scale-grid,test,test,test,pooled,0.5,20260506,32,k=32,1622,1622,1629,True,passed,,0.9760589318600368,0.5,0.0,0.0,0.0,0.8578616352201258,0.17139421557864953,0.18556503082020906,0.15384615384615385,0.38301886792452833,0.5,1629.0
scale_candidate,qwen3.5-4b,qwen3.5-4b,proxy_anchor,dash-b,Diag-kNN-scale-grid,test,test,test,pooled,0.5,20260506,1,k=1,361,361,438,True,passed,,0.680365296803653,0.5,0.0,0.0,0.0,0.6736097794822627,0.48162704244472004,0.48466871128740907,0.03571428571428571,0.87248322147651,0.5,438.0
scale_candidate,qwen3.5-4b,qwen3.5-4b,proxy_anchor,dash-b,Diag-kNN-scale-grid,test,test,test,pooled,0.5,20260506,2,k=2,361,361,438,True,passed,,0.680365296803653,0.5,0.0,0.0,0.0,0.6655560882070949,0.4564723484961525,0.4595829561410701,0.02857142857142857,0.8489932885906041,0.5,438.0
scale_candidate,qwen3.5-4b,qwen3.5-4b,proxy_anchor,dash-b,Diag-kNN-scale-grid,test,test,test,pooled,0.5,20260506,4,k=4,361,361,438,True,passed,,0.680365296803653,0.5,0.0,0.0,0.0,0.6430009587727707,0.408920677880654,0.41491059448763823,0.014285714285714285,0.7684563758389261,0.5,438.0
scale_candidate,qwen3.5-4b,qwen3.5-4b,proxy_anchor,dash-b,Diag-kNN-scale-grid,test,test,test,pooled,0.5,20260506,8,k=8,361,361,438,True,passed,,0.680365296803653,0.5,0.0,0.0,0.0,0.6192713326941515,0.38593462329565364,0.3912498888388684,0.007142857142857143,0.8087248322147651,0.5,438.0
scale_candidate,qwen3.5-4b,qwen3.5-4b,proxy_anchor,dash-b,Diag-kNN-scale-grid,test,test,test,pooled,0.5,20260506,16,k=16,361,361,438,True,passed,,0.680365296803653,0.5,0.0,0.0,0.0,0.6049616490891658,0.38323921304850395,0.3885049996678319,0.007142857142857143,0.8053691275167785,0.5,438.0
scale_candidate,qwen3.5-4b,qwen3.5-4b,proxy_anchor,dash-b,Diag-kNN-scale-grid,test,test,test,pooled,0.5,20260506,32,k=32,361,361,438,True,passed,,0.680365296803653,0.5,0.0,0.0,0.0,0.5846116970278044,0.35810715768234647,0.36329535793489887,0.007142857142857143,0.87248322147651,0.5,438.0
scale_candidate,qwen3.5-4b,qwen3.5-4b,proxy_anchor,repope,Diag-kNN-scale-grid,cal,cal,cal,pooled,0.5,20260507,1,k=1,1548,1548,805,True,passed,,0.9888198757763975,0.5,0.0,0.0,0.0,0.9236460078168621,0.28449871141384253,0.29219714628316296,0.2222222222222222,0.157035175879397,0.5,805.0
scale_candidate,qwen3.5-4b,qwen3.5-4b,proxy_anchor,repope,Diag-kNN-scale-grid,cal,cal,cal,pooled,0.5,20260507,2,k=2,1548,1548,805,True,passed,,0.9888198757763975,0.5,0.0,0.0,0.0,0.9166666666666666,0.2942184126299606,0.30297951348805546,0.3333333333333333,0.17964824120603015,0.5,805.0
scale_candidate,qwen3.5-4b,qwen3.5-4b,proxy_anchor,repope,Diag-kNN-scale-grid,cal,cal,cal,pooled,0.5,20260507,4,k=4,1548,1548,805,True,passed,,0.9888198757763975,0.5,0.0,0.0,0.0,0.9219709659408152,0.28719371605439614,0.29547566630899963,0.2222222222222222,0.18467336683417085,0.5,805.0
scale_candidate,qwen3.5-4b,qwen3.5-4b,proxy_anchor,repope,Diag-kNN-scale-grid,cal,cal,cal,pooled,0.5,20260507,8,k=8,1548,1548,805,True,passed,,0.9888198757763975,0.5,0.0,0.0,0.0,0.940536013400335,0.32068859912015685,0.33517204536849415,0.2222222222222222,0.1972361809045226,0.5,805.0
scale_candidate,qwen3.5-4b,qwen3.5-4b,proxy_anchor,repope,Diag-kNN-scale-grid,cal,cal,cal,pooled,0.5,20260507,16,k=16,1548,1548,805,True,passed,,0.9888198757763975,0.5,0.0,0.0,0.0,0.9423506420993859,0.3480489452735745,0.3661495306355119,0.2222222222222222,0.21482412060301506,0.5,805.0
scale_candidate,qwen3.5-4b,qwen3.5-4b,proxy_anchor,repope,Diag-kNN-scale-grid,cal,cal,cal,pooled,0.5,20260507,32,k=32,1548,1548,805,True,passed,,0.9888198757763975,0.5,0.0,0.0,0.0,0.9469570072585147,0.3649441442819509,0.38405273022238734,0.2222222222222222,0.21733668341708542,0.5,805.0
scale_candidate,qwen3.5-4b,qwen3.5-4b,proxy_anchor,repope,Diag-kNN-scale-grid,test,test,test,pooled,0.5,20260507,1,k=1,1548,1548,1597,True,passed,,0.9812147777082029,0.5,0.0,0.0,0.0,0.8821952776005105,0.15459392448922102,0.16555414951096953,0.13333333333333333,0.3337587747287811,0.5,1597.0
scale_candidate,qwen3.5-4b,qwen3.5-4b,proxy_anchor,repope,Diag-kNN-scale-grid,test,test,test,pooled,0.5,20260507,2,k=2,1548,1548,1597,True,passed,,0.9812147777082029,0.5,0.0,0.0,0.0,0.8754733035524356,0.16214951255532623,0.17377585292539838,0.16666666666666666,0.34716017868538607,0.5,1597.0
scale_candidate,qwen3.5-4b,qwen3.5-4b,proxy_anchor,repope,Diag-kNN-scale-grid,test,test,test,pooled,0.5,20260507,4,k=4,1548,1548,1597,True,passed,,0.9812147777082029,0.5,0.0,0.0,0.0,0.8857477132524996,0.15566924060305073,0.16664263935216156,0.16666666666666666,0.2654754307594129,0.5,1597.0
scale_candidate,qwen3.5-4b,qwen3.5-4b,proxy_anchor,repope,Diag-kNN-scale-grid,test,test,test,pooled,0.5,20260507,8,k=8,1548,1548,1597,True,passed,,0.9812147777082029,0.5,0.0,0.0,0.0,0.8974473516273134,0.17501795950234822,0.1877456488905128,0.2,0.22144224633056797,0.5,1597.0
scale_candidate,qwen3.5-4b,qwen3.5-4b,proxy_anchor,repope,Diag-kNN-scale-grid,test,test,test,pooled,0.5,20260507,16,k=16,1548,1548,1597,True,passed,,0.9812147777082029,0.5,0.0,0.0,0.0,0.9032546266751755,0.1980482556435838,0.21180370994014727,0.3,0.22910019144862795,0.5,1597.0
scale_candidate,qwen3.5-4b,qwen3.5-4b,proxy_anchor,repope,Diag-kNN-scale-grid,test,test,test,pooled,0.5,20260507,32,k=32,1548,1548,1597,True,passed,,0.9812147777082029,0.5,0.0,0.0,0.0,0.9064667092108062,0.19333063688559277,0.20652438910317206,0.23333333333333334,0.23803446075303128,0.5,1597.0
scale_candidate,qwen3.5-4b,qwen3.5-4b,proxy_anchor,pope,Diag-kNN-scale-grid,test,test,test,pooled,0.5,20260507,1,k=1,1622,1622,1629,True,passed,,0.9760589318600368,0.5,0.0,0.0,0.0,0.8400580551523948,0.08348032187812401,0.08954847336324225,0.0,0.5440251572327044,0.5,1629.0
scale_candidate,qwen3.5-4b,qwen3.5-4b,proxy_anchor,pope,Diag-kNN-scale-grid,test,test,test,pooled,0.5,20260507,2,k=2,1622,1622,1629,True,passed,,0.9760589318600368,0.5,0.0,0.0,0.0,0.8294629898403483,0.07744795107794453,0.08314030352149253,0.0,0.5647798742138365,0.5,1629.0
scale_candidate,qwen3.5-4b,qwen3.5-4b,proxy_anchor,pope,Diag-kNN-scale-grid,test,test,test,pooled,0.5,20260507,4,k=4,1622,1622,1629,True,passed,,0.9760589318600368,0.5,0.0,0.0,0.0,0.8350911143363974,0.07827726762401245,0.08343838918355206,0.0,0.5773584905660377,0.5,1629.0
scale_candidate,qwen3.5-4b,qwen3.5-4b,proxy_anchor,pope,Diag-kNN-scale-grid,test,test,test,pooled,0.5,20260507,8,k=8,1622,1622,1629,True,passed,,0.9760589318600368,0.5,0.0,0.0,0.0,0.8518303499435576,0.08371483298024716,0.09188539556149955,0.02564102564102564,0.3767295597484277,0.5,1629.0
scale_candidate,qwen3.5-4b,qwen3.5-4b,proxy_anchor,pope,Diag-kNN-scale-grid,test,test,test,pooled,0.5,20260507,16,k=16,1622,1622,1629,True,passed,,0.9760589318600368,0.5,0.0,0.0,0.0,0.8699887114981454,0.1109580386636933,0.11578400138913818,0.02564102564102564,0.30943396226415093,0.5,1629.0
scale_candidate,qwen3.5-4b,qwen3.5-4b,proxy_anchor,pope,Diag-kNN-scale-grid,test,test,test,pooled,0.5,20260507,32,k=32,1622,1622,1629,True,passed,,0.9760589318600368,0.5,0.0,0.0,0.0,0.8769553297855185,0.1460266188868789,0.15385052646921582,0.05128205128205128,0.28553459119496855,0.5,1629.0
scale_candidate,qwen3.5-4b,qwen3.5-4b,proxy_anchor,dash-b,Diag-kNN-scale-grid,test,test,test,pooled,0.5,20260507,1,k=1,361,361,438,True,passed,,0.680365296803653,0.5,0.0,0.0,0.0,0.7090364333652925,0.4484113561920028,0.45291129022123144,0.0,0.7181208053691275,0.5,438.0
scale_candidate,qwen3.5-4b,qwen3.5-4b,proxy_anchor,dash-b,Diag-kNN-scale-grid,test,test,test,pooled,0.5,20260507,2,k=2,361,361,438,True,passed,,0.680365296803653,0.5,0.0,0.0,0.0,0.7070230105465005,0.43373221008771157,0.43777415620100546,0.0,0.7718120805369127,0.5,438.0
scale_candidate,qwen3.5-4b,qwen3.5-4b,proxy_anchor,dash-b,Diag-kNN-scale-grid,test,test,test,pooled,0.5,20260507,4,k=4,361,361,438,True,passed,,0.680365296803653,0.5,0.0,0.0,0.0,0.6857142857142857,0.41019747853158367,0.41390690780334066,0.0,0.6208053691275168,0.5,438.0
scale_candidate,qwen3.5-4b,qwen3.5-4b,proxy_anchor,dash-b,Diag-kNN-scale-grid,test,test,test,pooled,0.5,20260507,8,k=8,361,361,438,True,passed,,0.680365296803653,0.5,0.0,0.0,0.0,0.6508868648130393,0.38777105071462986,0.39197808760172226,0.0,0.6778523489932886,0.5,438.0
scale_candidate,qwen3.5-4b,qwen3.5-4b,proxy_anchor,dash-b,Diag-kNN-scale-grid,test,test,test,pooled,0.5,20260507,16,k=16,361,361,438,True,passed,,0.680365296803653,0.5,0.0,0.0,0.0,0.6060162991371044,0.3599416365543815,0.36421432992201774,0.0,0.7449664429530202,0.5,438.0
scale_candidate,qwen3.5-4b,qwen3.5-4b,proxy_anchor,dash-b,Diag-kNN-scale-grid,test,test,test,pooled,0.5,20260507,32,k=32,361,361,438,True,passed,,0.680365296803653,0.5,0.0,0.0,0.0,0.5957334611697027,0.3590509844459112,0.36277628275004425,0.0,0.7483221476510067,0.5,438.0
scale_candidate,qwen3.5-4b,qwen3.5-4b,proxy_anchor,repope,Diag-kNN-scale-grid,cal,cal,cal,pooled,0.5,20260508,1,k=1,1548,1548,805,True,passed,,0.9888198757763975,0.5,0.0,0.0,0.0,0.9113623673925182,0.23467875265744575,0.2606544743829911,0.2222222222222222,0.39824120603015073,0.5,805.0
scale_candidate,qwen3.5-4b,qwen3.5-4b,proxy_anchor,repope,Diag-kNN-scale-grid,cal,cal,cal,pooled,0.5,20260508,2,k=2,1548,1548,805,True,passed,,0.9888198757763975,0.5,0.0,0.0,0.0,0.9159687325516471,0.2652774920812521,0.29516753845850624,0.2222222222222222,0.4045226130653266,0.5,805.0
scale_candidate,qwen3.5-4b,qwen3.5-4b,proxy_anchor,repope,Diag-kNN-scale-grid,cal,cal,cal,pooled,0.5,20260508,4,k=4,1548,1548,805,True,passed,,0.9888198757763975,0.5,0.0,0.0,0.0,0.932998324958124,0.2486351252643881,0.2743942571409459,0.1111111111111111,0.3027638190954774,0.5,805.0
scale_candidate,qwen3.5-4b,qwen3.5-4b,proxy_anchor,repope,Diag-kNN-scale-grid,cal,cal,cal,pooled,0.5,20260508,8,k=8,1548,1548,805,True,passed,,0.9888198757763975,0.5,0.0,0.0,0.0,0.9558905639307649,0.16760995121959357,0.20496332169241033,0.1111111111111111,0.18216080402010051,0.5,805.0
scale_candidate,qwen3.5-4b,qwen3.5-4b,proxy_anchor,repope,Diag-kNN-scale-grid,cal,cal,cal,pooled,0.5,20260508,16,k=16,1548,1548,805,True,passed,,0.9888198757763975,0.5,0.0,0.0,0.0,0.9599385817978783,0.18878802269792952,0.22749231568249972,0.1111111111111111,0.1934673366834171,0.5,805.0
scale_candidate,qwen3.5-4b,qwen3.5-4b,proxy_anchor,repope,Diag-kNN-scale-grid,cal,cal,cal,pooled,0.5,20260508,32,k=32,1548,1548,805,True,passed,,0.9888198757763975,0.5,0.0,0.0,0.0,0.9606365159128978,0.21690462831865243,0.25889584234633356,0.1111111111111111,0.21231155778894473,0.5,805.0
scale_candidate,qwen3.5-4b,qwen3.5-4b,proxy_anchor,repope,Diag-kNN-scale-grid,test,test,test,pooled,0.5,20260508,1,k=1,1548,1548,1597,True,passed,,0.9812147777082029,0.5,0.0,0.0,0.0,0.8888747075090406,0.1416816484694751,0.15247806258649504,0.06666666666666667,0.37396298659859606,0.5,1597.0
scale_candidate,qwen3.5-4b,qwen3.5-4b,proxy_anchor,repope,Diag-kNN-scale-grid,test,test,test,pooled,0.5,20260508,2,k=2,1548,1548,1597,True,passed,,0.9812147777082029,0.5,0.0,0.0,0.0,0.890321208253563,0.14564599347356072,0.1563230949834262,0.06666666666666667,0.3899170389278877,0.5,1597.0
scale_candidate,qwen3.5-4b,qwen3.5-4b,proxy_anchor,repope,Diag-kNN-scale-grid,test,test,test,pooled,0.5,20260508,4,k=4,1548,1548,1597,True,passed,,0.9812147777082029,0.5,0.0,0.0,0.0,0.8977664326738992,0.14591868362303018,0.15620415645240318,0.06666666666666667,0.33312061263560944,0.5,1597.0
scale_candidate,qwen3.5-4b,qwen3.5-4b,proxy_anchor,repope,Diag-kNN-scale-grid,test,test,test,pooled,0.5,20260508,8,k=8,1548,1548,1597,True,passed,,0.9812147777082029,0.5,0.0,0.0,0.0,0.9146139119336311,0.1411682478923413,0.1582545507559849,0.16666666666666666,0.2393107849393746,0.5,1597.0
scale_candidate,qwen3.5-4b,qwen3.5-4b,proxy_anchor,repope,Diag-kNN-scale-grid,test,test,test,pooled,0.5,20260508,16,k=16,1548,1548,1597,True,passed,,0.9812147777082029,0.5,0.0,0.0,0.0,0.9269304403318444,0.16428073879608981,0.18170007764816595,0.16666666666666666,0.20165922144224632,0.5,1597.0
scale_candidate,qwen3.5-4b,qwen3.5-4b,proxy_anchor,repope,Diag-kNN-scale-grid,test,test,test,pooled,0.5,20260508,32,k=32,1548,1548,1597,True,passed,,0.9812147777082029,0.5,0.0,0.0,0.0,0.9338438630078707,0.21601172816901548,0.23562739495819343,0.2,0.20102105934907466,0.5,1597.0
scale_candidate,qwen3.5-4b,qwen3.5-4b,proxy_anchor,pope,Diag-kNN-scale-grid,test,test,test,pooled,0.5,20260508,1,k=1,1622,1622,1629,True,passed,,0.9760589318600368,0.5,0.0,0.0,0.0,0.9045799064666988,0.16326262244920858,0.17186617029374268,0.05128205128205128,0.34465408805031444,0.5,1629.0
scale_candidate,qwen3.5-4b,qwen3.5-4b,proxy_anchor,pope,Diag-kNN-scale-grid,test,test,test,pooled,0.5,20260508,2,k=2,1622,1622,1629,True,passed,,0.9760589318600368,0.5,0.0,0.0,0.0,0.9076600548298661,0.1632046142488285,0.1717643932805029,0.05128205128205128,0.2572327044025157,0.5,1629.0
scale_candidate,qwen3.5-4b,qwen3.5-4b,proxy_anchor,pope,Diag-kNN-scale-grid,test,test,test,pooled,0.5,20260508,4,k=4,1622,1622,1629,True,passed,,0.9760589318600368,0.5,0.0,0.0,0.0,0.9108530882115788,0.1607843407272737,0.16947391428039754,0.05128205128205128,0.22515723270440252,0.5,1629.0
scale_candidate,qwen3.5-4b,qwen3.5-4b,proxy_anchor,pope,Diag-kNN-scale-grid,test,test,test,pooled,0.5,20260508,8,k=8,1622,1622,1629,True,passed,,0.9760589318600368,0.5,0.0,0.0,0.0,0.90732139977423,0.12899134464539808,0.13880202940953976,0.05128205128205128,0.2238993710691824,0.5,1629.0
scale_candidate,qwen3.5-4b,qwen3.5-4b,proxy_anchor,pope,Diag-kNN-scale-grid,test,test,test,pooled,0.5,20260508,16,k=16,1622,1622,1629,True,passed,,0.9760589318600368,0.5,0.0,0.0,0.0,0.9089179164650862,0.14000251374452646,0.1505078326764629,0.07692307692307693,0.24654088050314465,0.5,1629.0
scale_candidate,qwen3.5-4b,qwen3.5-4b,proxy_anchor,pope,Diag-kNN-scale-grid,test,test,test,pooled,0.5,20260508,32,k=32,1622,1622,1629,True,passed,,0.9760589318600368,0.5,0.0,0.0,0.0,0.9189001773907435,0.16707295667757882,0.17814113280768246,0.07692307692307693,0.2723270440251572,0.5,1629.0
scale_candidate,qwen3.5-4b,qwen3.5-4b,proxy_anchor,dash-b,Diag-kNN-scale-grid,test,test,test,pooled,0.5,20260508,1,k=1,361,361,438,True,passed,,0.680365296803653,0.5,0.0,0.0,0.0,0.7515580057526366,0.5252889895152947,0.5295681338854792,0.014285714285714285,0.7483221476510067,0.5,438.0
scale_candidate,qwen3.5-4b,qwen3.5-4b,proxy_anchor,dash-b,Diag-kNN-scale-grid,test,test,test,pooled,0.5,20260508,2,k=2,361,361,438,True,passed,,0.680365296803653,0.5,0.0,0.0,0.0,0.7462128475551294,0.501782703780482,0.507701817970383,0.007142857142857143,0.8422818791946308,0.5,438.0
scale_candidate,qwen3.5-4b,qwen3.5-4b,proxy_anchor,dash-b,Diag-kNN-scale-grid,test,test,test,pooled,0.5,20260508,4,k=4,361,361,438,True,passed,,0.680365296803653,0.5,0.0,0.0,0.0,0.7192713326941516,0.47294297288364123,0.47876814702574444,0.007142857142857143,0.8221476510067114,0.5,438.0
scale_candidate,qwen3.5-4b,qwen3.5-4b,proxy_anchor,dash-b,Diag-kNN-scale-grid,test,test,test,pooled,0.5,20260508,8,k=8,361,361,438,True,passed,,0.680365296803653,0.5,0.0,0.0,0.0,0.6635666347075743,0.418008229121397,0.42383409777761594,0.007142857142857143,0.7785234899328859,0.5,438.0
scale_candidate,qwen3.5-4b,qwen3.5-4b,proxy_anchor,dash-b,Diag-kNN-scale-grid,test,test,test,pooled,0.5,20260508,16,k=16,361,361,438,True,passed,,0.680365296803653,0.5,0.0,0.0,0.0,0.6115052732502397,0.3785296995479721,0.3843161145346238,0.007142857142857143,0.785234899328859,0.5,438.0
scale_candidate,qwen3.5-4b,qwen3.5-4b,proxy_anchor,dash-b,Diag-kNN-scale-grid,test,test,test,pooled,0.5,20260508,32,k=32,361,361,438,True,passed,,0.680365296803653,0.5,0.0,0.0,0.0,0.5797698945349953,0.3508163522169814,0.3562905669626266,0.007142857142857143,0.87248322147651,0.5,438.0
scale_candidate,qwen3.5-9b,qwen3.5-9b,proxy_anchor,repope,Diag-kNN-scale-grid,cal,cal,cal,pooled,0.5,20260506,1,k=1,1554,1554,801,True,passed,,0.9750312109862672,0.5,0.0,0.0,0.0,0.9854033290653009,0.7480146504472707,0.7547051673756403,0.7,0.06658130601792574,0.5,801.0
scale_candidate,qwen3.5-9b,qwen3.5-9b,proxy_anchor,repope,Diag-kNN-scale-grid,cal,cal,cal,pooled,0.5,20260506,2,k=2,1554,1554,801,True,passed,,0.9750312109862672,0.5,0.0,0.0,0.0,0.9841229193341868,0.7221776677541909,0.7293449842083496,0.65,0.0678617157490397,0.5,801.0
scale_candidate,qwen3.5-9b,qwen3.5-9b,proxy_anchor,repope,Diag-kNN-scale-grid,cal,cal,cal,pooled,0.5,20260506,4,k=4,1554,1554,801,True,passed,,0.9750312109862672,0.5,0.0,0.0,0.0,0.9852112676056338,0.6400443492464287,0.6547244671167707,0.65,0.03713188220230474,0.5,801.0
scale_candidate,qwen3.5-9b,qwen3.5-9b,proxy_anchor,repope,Diag-kNN-scale-grid,cal,cal,cal,pooled,0.5,20260506,8,k=8,1554,1554,801,True,passed,,0.978776529338327,0.575,1.0,0.15,0.2608695652173913,0.9853393085787452,0.6156225349680524,0.6317582421018954,0.6,0.03329065300896287,0.5,801.0
scale_candidate,qwen3.5-9b,qwen3.5-9b,proxy_anchor,repope,Diag-kNN-scale-grid,cal,cal,cal,pooled,0.5,20260506,16,k=16,1554,1554,801,True,passed,,0.978776529338327,0.575,1.0,0.15,0.2608695652173913,0.9830345710627402,0.573040880140202,0.5897688503937901,0.55,0.046094750320102434,0.5,801.0
scale_candidate,qwen3.5-9b,qwen3.5-9b,proxy_anchor,repope,Diag-kNN-scale-grid,cal,cal,cal,pooled,0.5,20260506,32,k=32,1554,1554,801,True,passed,,0.978776529338327,0.575,1.0,0.15,0.2608695652173913,0.9848271446862995,0.62066287627944,0.6350800755084642,0.35,0.03969270166453265,0.5,801.0
scale_candidate,qwen3.5-9b,qwen3.5-9b,proxy_anchor,repope,Diag-kNN-scale-grid,test,test,test,pooled,0.5,20260506,1,k=1,1554,1554,1609,True,passed,,0.9850839030453697,0.5,0.0,0.0,0.0,0.9521819137749737,0.15720403229916083,0.17256467111819235,0.0,0.10031545741324921,0.5,1609.0
scale_candidate,qwen3.5-9b,qwen3.5-9b,proxy_anchor,repope,Diag-kNN-scale-grid,test,test,test,pooled,0.5,20260506,2,k=2,1554,1554,1609,True,passed,,0.9850839030453697,0.5,0.0,0.0,0.0,0.9561251314405889,0.16624481725543674,0.18165077471041308,0.041666666666666664,0.10220820189274447,0.5,1609.0
scale_candidate,qwen3.5-9b,qwen3.5-9b,proxy_anchor,repope,Diag-kNN-scale-grid,test,test,test,pooled,0.5,20260506,4,k=4,1554,1554,1609,True,passed,,0.9850839030453697,0.5,0.0,0.0,0.0,0.9576498422712934,0.1889122156188651,0.21408562986079502,0.08333333333333333,0.09968454258675079,0.5,1609.0
scale_candidate,qwen3.5-9b,qwen3.5-9b,proxy_anchor,repope,Diag-kNN-scale-grid,test,test,test,pooled,0.5,20260506,8,k=8,1554,1554,1609,True,passed,,0.9844623990055935,0.49968454258675077,0.0,0.0,0.0,0.9581230283911671,0.19161684155495826,0.21591900304522404,0.08333333333333333,0.11482649842271293,0.5,1609.0
scale_candidate,qwen3.5-9b,qwen3.5-9b,proxy_anchor,repope,Diag-kNN-scale-grid,test,test,test,pooled,0.5,20260506,16,k=16,1554,1554,1609,True,passed,,0.9844623990055935,0.49968454258675077,0.0,0.0,0.0,0.9605415352260779,0.21751212048752885,0.243471122099781,0.125,0.11798107255520504,0.5,1609.0
scale_candidate,qwen3.5-9b,qwen3.5-9b,proxy_anchor,repope,Diag-kNN-scale-grid,test,test,test,pooled,0.5,20260506,32,k=32,1554,1554,1609,True,passed,,0.9844623990055935,0.49968454258675077,0.0,0.0,0.0,0.9650105152471083,0.24721072099460317,0.2743651432773782,0.2916666666666667,0.0914826498422713,0.5,1609.0
scale_candidate,qwen3.5-9b,qwen3.5-9b,proxy_anchor,pope,Diag-kNN-scale-grid,test,test,test,pooled,0.5,20260506,1,k=1,1642,1642,1635,True,passed,,0.9724770642201835,0.5,0.0,0.0,0.0,0.9198742138364779,0.1875605866135261,0.19619023745030584,0.044444444444444446,0.23647798742138365,0.5,1635.0
scale_candidate,qwen3.5-9b,qwen3.5-9b,proxy_anchor,pope,Diag-kNN-scale-grid,test,test,test,pooled,0.5,20260506,2,k=2,1642,1642,1635,True,passed,,0.9724770642201835,0.5,0.0,0.0,0.0,0.9189797344514326,0.18075573156555585,0.18936898497941548,0.044444444444444446,0.2408805031446541,0.5,1635.0
scale_candidate,qwen3.5-9b,qwen3.5-9b,proxy_anchor,pope,Diag-kNN-scale-grid,test,test,test,pooled,0.5,20260506,4,k=4,1642,1642,1635,True,passed,,0.9724770642201835,0.5,0.0,0.0,0.0,0.9230607966457023,0.1911124494564338,0.20214403153927743,0.06666666666666667,0.22767295597484277,0.5,1635.0
scale_candidate,qwen3.5-9b,qwen3.5-9b,proxy_anchor,pope,Diag-kNN-scale-grid,test,test,test,pooled,0.5,20260506,8,k=8,1642,1642,1635,True,passed,,0.9724770642201835,0.5,0.0,0.0,0.0,0.9266526904262753,0.2174383187348437,0.22667990816723957,0.06666666666666667,0.2,0.5,1635.0
scale_candidate,qwen3.5-9b,qwen3.5-9b,proxy_anchor,pope,Diag-kNN-scale-grid,test,test,test,pooled,0.5,20260506,16,k=16,1642,1642,1635,True,passed,,0.9730886850152906,0.5111111111111111,1.0,0.022222222222222223,0.043478260869565216,0.9362124388539483,0.23765169140200176,0.24740068146912256,0.13333333333333333,0.1459119496855346,0.5,1635.0
scale_candidate,qwen3.5-9b,qwen3.5-9b,proxy_anchor,pope,Diag-kNN-scale-grid,test,test,test,pooled,0.5,20260506,32,k=32,1642,1642,1635,True,passed,,0.9712538226299694,0.510167714884696,0.25,0.022222222222222223,0.04081632653061224,0.9447379454926624,0.25763814735348795,0.2676360334954446,0.15555555555555556,0.12389937106918239,0.5,1635.0
scale_candidate,qwen3.5-9b,qwen3.5-9b,proxy_anchor,dash-b,Diag-kNN-scale-grid,test,test,test,pooled,0.5,20260506,1,k=1,349,349,442,True,passed,,0.6153846153846154,0.5,0.0,0.0,0.0,0.8434039792387544,0.7466177841444792,0.7478541732841668,0.11176470588235295,0.48161764705882354,0.5,442.0
scale_candidate,qwen3.5-9b,qwen3.5-9b,proxy_anchor,dash-b,Diag-kNN-scale-grid,test,test,test,pooled,0.5,20260506,2,k=2,349,349,442,True,passed,,0.6176470588235294,0.5029411764705882,1.0,0.0058823529411764705,0.011695906432748537,0.8551038062283737,0.764506025662488,0.7657347715155037,0.15294117647058825,0.4852941176470588,0.5,442.0
scale_candidate,qwen3.5-9b,qwen3.5-9b,proxy_anchor,dash-b,Diag-kNN-scale-grid,test,test,test,pooled,0.5,20260506,4,k=4,349,349,442,True,passed,,0.6176470588235294,0.5029411764705882,1.0,0.0058823529411764705,0.011695906432748537,0.8586288927335639,0.7685621055200615,0.770028945634264,0.21764705882352942,0.4522058823529412,0.5,442.0
scale_candidate,qwen3.5-9b,qwen3.5-9b,proxy_anchor,dash-b,Diag-kNN-scale-grid,test,test,test,pooled,0.5,20260506,8,k=8,349,349,442,True,passed,,0.6221719457013575,0.5088235294117647,1.0,0.01764705882352941,0.03468208092485549,0.8621323529411765,0.7744309708421983,0.7758676628151191,0.19411764705882353,0.4522058823529412,0.5,442.0
scale_candidate,qwen3.5-9b,qwen3.5-9b,proxy_anchor,dash-b,Diag-kNN-scale-grid,test,test,test,pooled,0.5,20260506,16,k=16,349,349,442,True,passed,,0.6266968325791855,0.5158088235294118,0.8571428571428571,0.03529411764705882,0.06779661016949153,0.8667820069204152,0.7805669017553207,0.7819906362877438,0.19411764705882353,0.44485294117647056,0.5,442.0
scale_candidate,qwen3.5-9b,qwen3.5-9b,proxy_anchor,dash-b,Diag-kNN-scale-grid,test,test,test,pooled,0.5,20260506,32,k=32,349,349,442,True,passed,,0.6289592760180995,0.51875,0.875,0.041176470588235294,0.07865168539325842,0.8695069204152249,0.7844530280534328,0.7858675776813884,0.19411764705882353,0.46691176470588236,0.5,442.0
scale_candidate,qwen3.5-9b,qwen3.5-9b,proxy_anchor,repope,Diag-kNN-scale-grid,cal,cal,cal,pooled,0.5,20260507,1,k=1,1554,1554,801,True,passed,,0.9750312109862672,0.5,0.0,0.0,0.0,0.7143405889884763,0.21545818895818158,0.23482990550816132,0.25,0.7093469910371318,0.5,801.0
scale_candidate,qwen3.5-9b,qwen3.5-9b,proxy_anchor,repope,Diag-kNN-scale-grid,cal,cal,cal,pooled,0.5,20260507,2,k=2,1554,1554,801,True,passed,,0.9750312109862672,0.5,0.0,0.0,0.0,0.7583866837387965,0.2220530836181128,0.2418359965803118,0.25,0.5480153649167734,0.5,801.0
scale_candidate,qwen3.5-9b,qwen3.5-9b,proxy_anchor,repope,Diag-kNN-scale-grid,cal,cal,cal,pooled,0.5,20260507,4,k=4,1554,1554,801,True,passed,,0.9750312109862672,0.5,0.0,0.0,0.0,0.7556978233034573,0.2531054273109697,0.2624562796988762,0.25,0.5928297055057619,0.5,801.0
scale_candidate,qwen3.5-9b,qwen3.5-9b,proxy_anchor,repope,Diag-kNN-scale-grid,cal,cal,cal,pooled,0.5,20260507,8,k=8,1554,1554,801,True,passed,,0.9750312109862672,0.5,0.0,0.0,0.0,0.7766325224071704,0.2247230240669343,0.23245661324334407,0.15,0.6030729833546735,0.5,801.0
scale_candidate,qwen3.5-9b,qwen3.5-9b,proxy_anchor,repope,Diag-kNN-scale-grid,cal,cal,cal,pooled,0.5,20260507,16,k=16,1554,1554,801,True,passed,,0.9750312109862672,0.5,0.0,0.0,0.0,0.7901408450704226,0.21895315190343095,0.22554900000744255,0.15,0.4942381562099872,0.5,801.0
scale_candidate,qwen3.5-9b,qwen3.5-9b,proxy_anchor,repope,Diag-kNN-scale-grid,cal,cal,cal,pooled,0.5,20260507,32,k=32,1554,1554,801,True,passed,,0.9750312109862672,0.5,0.0,0.0,0.0,0.8159411011523687,0.2620667275728277,0.2704096525852112,0.2,0.4852752880921895,0.5,801.0
scale_candidate,qwen3.5-9b,qwen3.5-9b,proxy_anchor,repope,Diag-kNN-scale-grid,test,test,test,pooled,0.5,20260507,1,k=1,1554,1554,1609,True,passed,,0.9850839030453697,0.5,0.0,0.0,0.0,0.7192954784437434,0.04194012274729614,0.051024044367964774,0.041666666666666664,0.677602523659306,0.5,1609.0
scale_candidate,qwen3.5-9b,qwen3.5-9b,proxy_anchor,repope,Diag-kNN-scale-grid,test,test,test,pooled,0.5,20260507,2,k=2,1554,1554,1609,True,passed,,0.9850839030453697,0.5,0.0,0.0,0.0,0.7221345951629863,0.0418695649200636,0.04975961786469899,0.041666666666666664,0.717981072555205,0.5,1609.0
scale_candidate,qwen3.5-9b,qwen3.5-9b,proxy_anchor,repope,Diag-kNN-scale-grid,test,test,test,pooled,0.5,20260507,4,k=4,1554,1554,1609,True,passed,,0.9850839030453697,0.5,0.0,0.0,0.0,0.7248422712933753,0.04774221822315516,0.057441012251532766,0.08333333333333333,0.6397476340694006,0.5,1609.0
scale_candidate,qwen3.5-9b,qwen3.5-9b,proxy_anchor,repope,Diag-kNN-scale-grid,test,test,test,pooled,0.5,20260507,8,k=8,1554,1554,1609,True,passed,,0.9850839030453697,0.5,0.0,0.0,0.0,0.737223974763407,0.050572197738806994,0.061168290200523154,0.08333333333333333,0.6258675078864353,0.5,1609.0
scale_candidate,qwen3.5-9b,qwen3.5-9b,proxy_anchor,repope,Diag-kNN-scale-grid,test,test,test,pooled,0.5,20260507,16,k=16,1554,1554,1609,True,passed,,0.9850839030453697,0.5,0.0,0.0,0.0,0.7580967402733965,0.06026631537824055,0.07174497957093043,0.08333333333333333,0.5350157728706625,0.5,1609.0
scale_candidate,qwen3.5-9b,qwen3.5-9b,proxy_anchor,repope,Diag-kNN-scale-grid,test,test,test,pooled,0.5,20260507,32,k=32,1554,1554,1609,True,passed,,0.9850839030453697,0.5,0.0,0.0,0.0,0.7906151419558359,0.10937874706302211,0.12974958946474568,0.08333333333333333,0.4769716088328076,0.5,1609.0
scale_candidate,qwen3.5-9b,qwen3.5-9b,proxy_anchor,pope,Diag-kNN-scale-grid,test,test,test,pooled,0.5,20260507,1,k=1,1642,1642,1635,True,passed,,0.9724770642201835,0.5,0.0,0.0,0.0,0.6744374563242488,0.04595356105035572,0.05007407278762041,0.022222222222222223,0.7213836477987421,0.5,1635.0
scale_candidate,qwen3.5-9b,qwen3.5-9b,proxy_anchor,pope,Diag-kNN-scale-grid,test,test,test,pooled,0.5,20260507,2,k=2,1642,1642,1635,True,passed,,0.9724770642201835,0.5,0.0,0.0,0.0,0.6612578616352202,0.05200823020629005,0.059221461121097864,0.044444444444444446,0.7654088050314466,0.5,1635.0
scale_candidate,qwen3.5-9b,qwen3.5-9b,proxy_anchor,pope,Diag-kNN-scale-grid,test,test,test,pooled,0.5,20260507,4,k=4,1642,1642,1635,True,passed,,0.9724770642201835,0.5,0.0,0.0,0.0,0.6560307477288609,0.050658556073804574,0.05773684059987237,0.044444444444444446,0.7113207547169811,0.5,1635.0
scale_candidate,qwen3.5-9b,qwen3.5-9b,proxy_anchor,pope,Diag-kNN-scale-grid,test,test,test,pooled,0.5,20260507,8,k=8,1642,1642,1635,True,passed,,0.9724770642201835,0.5,0.0,0.0,0.0,0.6591334730957373,0.0539992817434515,0.05987117554319997,0.08888888888888889,0.7194968553459119,0.5,1635.0
scale_candidate,qwen3.5-9b,qwen3.5-9b,proxy_anchor,pope,Diag-kNN-scale-grid,test,test,test,pooled,0.5,20260507,16,k=16,1642,1642,1635,True,passed,,0.9724770642201835,0.5,0.0,0.0,0.0,0.6568134171907757,0.07459847518995956,0.07869818394830792,0.08888888888888889,0.7578616352201258,0.5,1635.0
scale_candidate,qwen3.5-9b,qwen3.5-9b,proxy_anchor,pope,Diag-kNN-scale-grid,test,test,test,pooled,0.5,20260507,32,k=32,1642,1642,1635,True,passed,,0.9724770642201835,0.5,0.0,0.0,0.0,0.6652969951083159,0.0801136774517953,0.08472649146151284,0.08888888888888889,0.7572327044025158,0.5,1635.0
scale_candidate,qwen3.5-9b,qwen3.5-9b,proxy_anchor,dash-b,Diag-kNN-scale-grid,test,test,test,pooled,0.5,20260507,1,k=1,349,349,442,True,passed,,0.6153846153846154,0.5,0.0,0.0,0.0,0.695242214532872,0.5536523240648707,0.5568293317262109,0.047058823529411764,0.7904411764705882,0.5,442.0
scale_candidate,qwen3.5-9b,qwen3.5-9b,proxy_anchor,dash-b,Diag-kNN-scale-grid,test,test,test,pooled,0.5,20260507,2,k=2,349,349,442,True,passed,,0.6153846153846154,0.5,0.0,0.0,0.0,0.7164143598615916,0.5705053322626112,0.5736947873007693,0.06470588235294118,0.6360294117647058,0.5,442.0
scale_candidate,qwen3.5-9b,qwen3.5-9b,proxy_anchor,dash-b,Diag-kNN-scale-grid,test,test,test,pooled,0.5,20260507,4,k=4,349,349,442,True,passed,,0.6153846153846154,0.5,0.0,0.0,0.0,0.7216479238754325,0.5863820963947892,0.588402298331467,0.06470588235294118,0.6066176470588235,0.5,442.0
scale_candidate,qwen3.5-9b,qwen3.5-9b,proxy_anchor,dash-b,Diag-kNN-scale-grid,test,test,test,pooled,0.5,20260507,8,k=8,349,349,442,True,passed,,0.6153846153846154,0.5,0.0,0.0,0.0,0.7402032871972318,0.6001808490250173,0.6031612694297044,0.07058823529411765,0.5882352941176471,0.5,442.0
scale_candidate,qwen3.5-9b,qwen3.5-9b,proxy_anchor,dash-b,Diag-kNN-scale-grid,test,test,test,pooled,0.5,20260507,16,k=16,349,349,442,True,passed,,0.6153846153846154,0.5,0.0,0.0,0.0,0.778135813148789,0.6538841765871333,0.6567439747593141,0.07058823529411765,0.6323529411764706,0.5,442.0
scale_candidate,qwen3.5-9b,qwen3.5-9b,proxy_anchor,dash-b,Diag-kNN-scale-grid,test,test,test,pooled,0.5,20260507,32,k=32,349,349,442,True,passed,,0.6153846153846154,0.5,0.0,0.0,0.0,0.7945285467128027,0.6872243456685505,0.6899901942833759,0.07058823529411765,0.6654411764705882,0.5,442.0
scale_candidate,qwen3.5-9b,qwen3.5-9b,proxy_anchor,repope,Diag-kNN-scale-grid,cal,cal,cal,pooled,0.5,20260508,1,k=1,1554,1554,801,True,passed,,0.9750312109862672,0.5,0.0,0.0,0.0,0.9357234314980793,0.35280058340985276,0.36884913132736674,0.15,0.22535211267605634,0.5,801.0
scale_candidate,qwen3.5-9b,qwen3.5-9b,proxy_anchor,repope,Diag-kNN-scale-grid,cal,cal,cal,pooled,0.5,20260508,2,k=2,1554,1554,801,True,passed,,0.9750312109862672,0.5,0.0,0.0,0.0,0.9346350832266326,0.36395852949500807,0.37952906814824183,0.15,0.23047375160051217,0.5,801.0
scale_candidate,qwen3.5-9b,qwen3.5-9b,proxy_anchor,repope,Diag-kNN-scale-grid,cal,cal,cal,pooled,0.5,20260508,4,k=4,1554,1554,801,True,passed,,0.9750312109862672,0.5,0.0,0.0,0.0,0.9463508322663252,0.38250766402056646,0.3989959848112633,0.2,0.19590268886043533,0.5,801.0
scale_candidate,qwen3.5-9b,qwen3.5-9b,proxy_anchor,repope,Diag-kNN-scale-grid,cal,cal,cal,pooled,0.5,20260508,8,k=8,1554,1554,801,True,passed,,0.9750312109862672,0.5,0.0,0.0,0.0,0.9591549295774648,0.43898800341698396,0.4571252006670864,0.3,0.15364916773367476,0.5,801.0
scale_candidate,qwen3.5-9b,qwen3.5-9b,proxy_anchor,repope,Diag-kNN-scale-grid,cal,cal,cal,pooled,0.5,20260508,16,k=16,1554,1554,801,True,passed,,0.9750312109862672,0.5,0.0,0.0,0.0,0.9718950064020486,0.48932442307584845,0.5081135828457257,0.45,0.0998719590268886,0.5,801.0
scale_candidate,qwen3.5-9b,qwen3.5-9b,proxy_anchor,repope,Diag-kNN-scale-grid,cal,cal,cal,pooled,0.5,20260508,32,k=32,1554,1554,801,True,passed,,0.9750312109862672,0.5,0.0,0.0,0.0,0.9829705505761843,0.530571866261216,0.5499694829808994,0.3,0.05121638924455826,0.5,801.0
scale_candidate,qwen3.5-9b,qwen3.5-9b,proxy_anchor,repope,Diag-kNN-scale-grid,test,test,test,pooled,0.5,20260508,1,k=1,1554,1554,1609,True,passed,,0.9850839030453697,0.5,0.0,0.0,0.0,0.8922450052576236,0.07807914033987058,0.08557462435798305,0.0,0.23154574132492114,0.5,1609.0
scale_candidate,qwen3.5-9b,qwen3.5-9b,proxy_anchor,repope,Diag-kNN-scale-grid,test,test,test,pooled,0.5,20260508,2,k=2,1554,1554,1609,True,passed,,0.9850839030453697,0.5,0.0,0.0,0.0,0.9025499474237645,0.0990725930293542,0.10773526383072426,0.0,0.24984227129337538,0.5,1609.0
scale_candidate,qwen3.5-9b,qwen3.5-9b,proxy_anchor,repope,Diag-kNN-scale-grid,test,test,test,pooled,0.5,20260508,4,k=4,1554,1554,1609,True,passed,,0.9850839030453697,0.5,0.0,0.0,0.0,0.9258412197686645,0.12717009885767638,0.13809607586948885,0.08333333333333333,0.1886435331230284,0.5,1609.0
scale_candidate,qwen3.5-9b,qwen3.5-9b,proxy_anchor,repope,Diag-kNN-scale-grid,test,test,test,pooled,0.5,20260508,8,k=8,1554,1554,1609,True,passed,,0.9850839030453697,0.5,0.0,0.0,0.0,0.9490799158780231,0.1554279313220412,0.16820066565450162,0.08333333333333333,0.1526813880126183,0.5,1609.0
scale_candidate,qwen3.5-9b,qwen3.5-9b,proxy_anchor,repope,Diag-kNN-scale-grid,test,test,test,pooled,0.5,20260508,16,k=16,1554,1554,1609,True,passed,,0.9850839030453697,0.5,0.0,0.0,0.0,0.957465825446898,0.18309869091635939,0.19726125986047519,0.125,0.138801261829653,0.5,1609.0
scale_candidate,qwen3.5-9b,qwen3.5-9b,proxy_anchor,repope,Diag-kNN-scale-grid,test,test,test,pooled,0.5,20260508,32,k=32,1554,1554,1609,True,passed,,0.9850839030453697,0.5,0.0,0.0,0.0,0.9636961093585699,0.2156372775600807,0.24105486354999234,0.25,0.12492113564668769,0.5,1609.0
scale_candidate,qwen3.5-9b,qwen3.5-9b,proxy_anchor,pope,Diag-kNN-scale-grid,test,test,test,pooled,0.5,20260508,1,k=1,1642,1642,1635,True,passed,,0.9724770642201835,0.5,0.0,0.0,0.0,0.8732215234102026,0.14620537485057436,0.151506623804897,0.022222222222222223,0.31383647798742137,0.5,1635.0
scale_candidate,qwen3.5-9b,qwen3.5-9b,proxy_anchor,pope,Diag-kNN-scale-grid,test,test,test,pooled,0.5,20260508,2,k=2,1642,1642,1635,True,passed,,0.9724770642201835,0.5,0.0,0.0,0.0,0.867099930118798,0.14648961392661275,0.15186068457988625,0.022222222222222223,0.3289308176100629,0.5,1635.0
scale_candidate,qwen3.5-9b,qwen3.5-9b,proxy_anchor,pope,Diag-kNN-scale-grid,test,test,test,pooled,0.5,20260508,4,k=4,1642,1642,1635,True,passed,,0.9724770642201835,0.5,0.0,0.0,0.0,0.8773724668064291,0.149343450816683,0.1551414323589558,0.06666666666666667,0.3069182389937107,0.5,1635.0
scale_candidate,qwen3.5-9b,qwen3.5-9b,proxy_anchor,pope,Diag-kNN-scale-grid,test,test,test,pooled,0.5,20260508,8,k=8,1642,1642,1635,True,passed,,0.9724770642201835,0.5,0.0,0.0,0.0,0.9058280922431865,0.16248923806916188,0.1684628117731036,0.044444444444444446,0.1949685534591195,0.5,1635.0
scale_candidate,qwen3.5-9b,qwen3.5-9b,proxy_anchor,pope,Diag-kNN-scale-grid,test,test,test,pooled,0.5,20260508,16,k=16,1642,1642,1635,True,passed,,0.9724770642201835,0.5,0.0,0.0,0.0,0.9194269741439552,0.20199854496784622,0.21092306337982386,0.08888888888888889,0.20440251572327045,0.5,1635.0
scale_candidate,qwen3.5-9b,qwen3.5-9b,proxy_anchor,pope,Diag-kNN-scale-grid,test,test,test,pooled,0.5,20260508,32,k=32,1642,1642,1635,True,passed,,0.9724770642201835,0.5,0.0,0.0,0.0,0.936450034940601,0.23974378953282416,0.2506927738619521,0.08888888888888889,0.1918238993710692,0.5,1635.0
scale_candidate,qwen3.5-9b,qwen3.5-9b,proxy_anchor,dash-b,Diag-kNN-scale-grid,test,test,test,pooled,0.5,20260508,1,k=1,349,349,442,True,passed,,0.6153846153846154,0.5,0.0,0.0,0.0,0.8154195501730104,0.7012757435563348,0.7029823889872033,0.09411764705882353,0.5036764705882353,0.5,442.0
scale_candidate,qwen3.5-9b,qwen3.5-9b,proxy_anchor,dash-b,Diag-kNN-scale-grid,test,test,test,pooled,0.5,20260508,2,k=2,349,349,442,True,passed,,0.6153846153846154,0.5,0.0,0.0,0.0,0.8214100346020763,0.7113921144028652,0.713084328730585,0.07058823529411765,0.5294117647058824,0.5,442.0
scale_candidate,qwen3.5-9b,qwen3.5-9b,proxy_anchor,dash-b,Diag-kNN-scale-grid,test,test,test,pooled,0.5,20260508,4,k=4,349,349,442,True,passed,,0.6153846153846154,0.5,0.0,0.0,0.0,0.8179065743944636,0.7053015212345594,0.7070361795351484,0.07647058823529412,0.5404411764705882,0.5,442.0
scale_candidate,qwen3.5-9b,qwen3.5-9b,proxy_anchor,dash-b,Diag-kNN-scale-grid,test,test,test,pooled,0.5,20260508,8,k=8,349,349,442,True,passed,,0.6153846153846154,0.5,0.0,0.0,0.0,0.8278330449826989,0.7130410156668042,0.7147825510952135,0.07647058823529412,0.4852941176470588,0.5,442.0
scale_candidate,qwen3.5-9b,qwen3.5-9b,proxy_anchor,dash-b,Diag-kNN-scale-grid,test,test,test,pooled,0.5,20260508,16,k=16,349,349,442,True,passed,,0.6153846153846154,0.5,0.0,0.0,0.0,0.8419333910034602,0.7259043207869535,0.7276234473423014,0.07647058823529412,0.4338235294117647,0.5,442.0
scale_candidate,qwen3.5-9b,qwen3.5-9b,proxy_anchor,dash-b,Diag-kNN-scale-grid,test,test,test,pooled,0.5,20260508,32,k=32,349,349,442,True,passed,,0.6221719457013575,0.5088235294117647,1.0,0.01764705882352941,0.03468208092485549,0.8537846020761246,0.7377779770365063,0.7394756435791161,0.07647058823529412,0.43014705882352944,0.5,442.0
scale_candidate,phi-4-multimodal-instruct,phi-4-multimodal-instruct,proxy_anchor,repope,Diag-kNN-scale-grid,cal,cal,cal,pooled,0.5,20260506,1,k=1,1496,1496,796,True,passed,,0.9736180904522613,0.5,0.0,0.0,0.0,0.8481720430107528,0.2984825764504441,0.30508281399721615,0.19047619047619047,0.5161290322580645,0.5,796.0
scale_candidate,phi-4-multimodal-instruct,phi-4-multimodal-instruct,proxy_anchor,repope,Diag-kNN-scale-grid,cal,cal,cal,pooled,0.5,20260506,2,k=2,1496,1496,796,True,passed,,0.9736180904522613,0.5,0.0,0.0,0.0,0.8576344086021505,0.29500650752187374,0.3013081487719186,0.19047619047619047,0.40258064516129033,0.5,796.0
scale_candidate,phi-4-multimodal-instruct,phi-4-multimodal-instruct,proxy_anchor,repope,Diag-kNN-scale-grid,cal,cal,cal,pooled,0.5,20260506,4,k=4,1496,1496,796,True,passed,,0.9736180904522613,0.5,0.0,0.0,0.0,0.9018125960061444,0.4162089576306986,0.4234688238181288,0.3333333333333333,0.32,0.5,796.0
scale_candidate,phi-4-multimodal-instruct,phi-4-multimodal-instruct,proxy_anchor,repope,Diag-kNN-scale-grid,cal,cal,cal,pooled,0.5,20260506,8,k=8,1496,1496,796,True,passed,,0.9736180904522613,0.5,0.0,0.0,0.0,0.9169278033794163,0.49911835044641656,0.5046072739665007,0.38095238095238093,0.28774193548387095,0.5,796.0
scale_candidate,phi-4-multimodal-instruct,phi-4-multimodal-instruct,proxy_anchor,repope,Diag-kNN-scale-grid,cal,cal,cal,pooled,0.5,20260506,16,k=16,1496,1496,796,True,passed,,0.9736180904522613,0.5,0.0,0.0,0.0,0.9243625192012288,0.4477699789410365,0.458015206120876,0.38095238095238093,0.24129032258064517,0.5,796.0
scale_candidate,phi-4-multimodal-instruct,phi-4-multimodal-instruct,proxy_anchor,repope,Diag-kNN-scale-grid,cal,cal,cal,pooled,0.5,20260506,32,k=32,1496,1496,796,True,passed,,0.9736180904522613,0.5,0.0,0.0,0.0,0.9375115207373271,0.4907419663213955,0.4994241828788717,0.38095238095238093,0.19483870967741934,0.5,796.0
scale_candidate,phi-4-multimodal-instruct,phi-4-multimodal-instruct,proxy_anchor,repope,Diag-kNN-scale-grid,test,test,test,pooled,0.5,20260506,1,k=1,1496,1496,1565,True,passed,,0.9629392971246007,0.5,0.0,0.0,0.0,0.868109740750063,0.37601224386531323,0.3809336001428507,0.29310344827586204,0.38818845388188455,0.5,1565.0
scale_candidate,phi-4-multimodal-instruct,phi-4-multimodal-instruct,proxy_anchor,repope,Diag-kNN-scale-grid,test,test,test,pooled,0.5,20260506,2,k=2,1496,1496,1565,True,passed,,0.9629392971246007,0.5,0.0,0.0,0.0,0.8809235063954419,0.38512412347699765,0.3891702830729525,0.25862068965517243,0.38287989382879895,0.5,1565.0
scale_candidate,phi-4-multimodal-instruct,phi-4-multimodal-instruct,proxy_anchor,repope,Diag-kNN-scale-grid,test,test,test,pooled,0.5,20260506,4,k=4,1496,1496,1565,True,passed,,0.9629392971246007,0.5,0.0,0.0,0.0,0.8933826053131364,0.37406519049246384,0.3783126721634435,0.25862068965517243,0.30126078301260784,0.5,1565.0
scale_candidate,phi-4-multimodal-instruct,phi-4-multimodal-instruct,proxy_anchor,repope,Diag-kNN-scale-grid,test,test,test,pooled,0.5,20260506,8,k=8,1496,1496,1565,True,passed,,0.9629392971246007,0.5,0.0,0.0,0.0,0.9069972313113516,0.37067783963852075,0.3767261362369121,0.25862068965517243,0.29263437292634376,0.5,1565.0
scale_candidate,phi-4-multimodal-instruct,phi-4-multimodal-instruct,proxy_anchor,repope,Diag-kNN-scale-grid,test,test,test,pooled,0.5,20260506,16,k=16,1496,1496,1565,True,passed,,0.9629392971246007,0.5,0.0,0.0,0.0,0.9156465231219825,0.39625815036262096,0.40231844733293304,0.3275862068965517,0.3039150630391506,0.5,1565.0
scale_candidate,phi-4-multimodal-instruct,phi-4-multimodal-instruct,proxy_anchor,repope,Diag-kNN-scale-grid,test,test,test,pooled,0.5,20260506,32,k=32,1496,1496,1565,True,passed,,0.9629392971246007,0.5,0.0,0.0,0.0,0.9250394709745327,0.4203662572764397,0.4262940775555955,0.3448275862068966,0.26144658261446585,0.5,1565.0
scale_candidate,phi-4-multimodal-instruct,phi-4-multimodal-instruct,proxy_anchor,pope,Diag-kNN-scale-grid,test,test,test,pooled,0.5,20260506,1,k=1,1572,1572,1590,True,passed,,0.9641509433962264,0.5,0.0,0.0,0.0,0.8559869994621256,0.20922892873504978,0.2255042041732666,0.14035087719298245,0.3868232224396608,0.5,1590.0
scale_candidate,phi-4-multimodal-instruct,phi-4-multimodal-instruct,proxy_anchor,pope,Diag-kNN-scale-grid,test,test,test,pooled,0.5,20260506,2,k=2,1572,1572,1590,True,passed,,0.9641509433962264,0.5,0.0,0.0,0.0,0.8682436685320607,0.21311311129225893,0.22878075278238072,0.10526315789473684,0.4090019569471624,0.5,1590.0
scale_candidate,phi-4-multimodal-instruct,phi-4-multimodal-instruct,proxy_anchor,pope,Diag-kNN-scale-grid,test,test,test,pooled,0.5,20260506,4,k=4,1572,1572,1590,True,passed,,0.9641509433962264,0.5,0.0,0.0,0.0,0.8667788191941039,0.20537890447450802,0.21898200355354155,0.12280701754385964,0.4096542726679713,0.5,1590.0
scale_candidate,phi-4-multimodal-instruct,phi-4-multimodal-instruct,proxy_anchor,pope,Diag-kNN-scale-grid,test,test,test,pooled,0.5,20260506,8,k=8,1572,1572,1590,True,passed,,0.9641509433962264,0.5,0.0,0.0,0.0,0.8799967956420732,0.19983778997390111,0.213659168801892,0.12280701754385964,0.3333333333333333,0.5,1590.0
scale_candidate,phi-4-multimodal-instruct,phi-4-multimodal-instruct,proxy_anchor,pope,Diag-kNN-scale-grid,test,test,test,pooled,0.5,20260506,16,k=16,1572,1572,1590,True,passed,,0.9641509433962264,0.5,0.0,0.0,0.0,0.8944850711253018,0.21133341570114184,0.22515255578325127,0.12280701754385964,0.32746249184605347,0.5,1590.0
scale_candidate,phi-4-multimodal-instruct,phi-4-multimodal-instruct,proxy_anchor,pope,Diag-kNN-scale-grid,test,test,test,pooled,0.5,20260506,32,k=32,1572,1572,1590,True,passed,,0.9641509433962264,0.5,0.0,0.0,0.0,0.9226147560682527,0.30753292211351524,0.3225121985077297,0.2631578947368421,0.26157860404435745,0.5,1590.0
scale_candidate,phi-4-multimodal-instruct,phi-4-multimodal-instruct,proxy_anchor,dash-b,Diag-kNN-scale-grid,test,test,test,pooled,0.5,20260506,1,k=1,305,305,439,True,passed,,0.510250569476082,0.5,0.0,0.0,0.0,0.5589700996677741,0.5441998873202689,0.5466096498335691,0.03255813953488372,0.8883928571428571,0.5,439.0
scale_candidate,phi-4-multimodal-instruct,phi-4-multimodal-instruct,proxy_anchor,dash-b,Diag-kNN-scale-grid,test,test,test,pooled,0.5,20260506,2,k=2,305,305,439,True,passed,,0.510250569476082,0.5,0.0,0.0,0.0,0.5522425249169436,0.5290784581405835,0.5328164381822427,0.009302325581395349,0.8794642857142857,0.5,439.0
scale_candidate,phi-4-multimodal-instruct,phi-4-multimodal-instruct,proxy_anchor,dash-b,Diag-kNN-scale-grid,test,test,test,pooled,0.5,20260506,4,k=4,305,305,439,True,passed,,0.510250569476082,0.5,0.0,0.0,0.0,0.5475913621262458,0.5312889529134053,0.5350001302611491,0.009302325581395349,0.9017857142857143,0.5,439.0
scale_candidate,phi-4-multimodal-instruct,phi-4-multimodal-instruct,proxy_anchor,dash-b,Diag-kNN-scale-grid,test,test,test,pooled,0.5,20260506,8,k=8,305,305,439,True,passed,,0.510250569476082,0.5,0.0,0.0,0.0,0.540406976744186,0.5341017680554386,0.5380764858759772,0.04186046511627907,0.8571428571428571,0.5,439.0
scale_candidate,phi-4-multimodal-instruct,phi-4-multimodal-instruct,proxy_anchor,dash-b,Diag-kNN-scale-grid,test,test,test,pooled,0.5,20260506,16,k=16,305,305,439,True,passed,,0.510250569476082,0.5,0.0,0.0,0.0,0.535797342192691,0.5361916353564274,0.5401275028604746,0.04186046511627907,0.9375,0.5,439.0
scale_candidate,phi-4-multimodal-instruct,phi-4-multimodal-instruct,proxy_anchor,dash-b,Diag-kNN-scale-grid,test,test,test,pooled,0.5,20260506,32,k=32,305,305,439,True,passed,,0.510250569476082,0.5,0.0,0.0,0.0,0.5288205980066445,0.5444489414554871,0.5483779189585841,0.04186046511627907,0.9241071428571429,0.5,439.0
scale_candidate,phi-4-multimodal-instruct,phi-4-multimodal-instruct,proxy_anchor,repope,Diag-kNN-scale-grid,cal,cal,cal,pooled,0.5,20260507,1,k=1,1496,1496,796,True,passed,,0.9736180904522613,0.5,0.0,0.0,0.0,0.9109062980030722,0.4151614648362191,0.42843603662602997,0.23809523809523808,0.43483870967741933,0.5,796.0
scale_candidate,phi-4-multimodal-instruct,phi-4-multimodal-instruct,proxy_anchor,repope,Diag-kNN-scale-grid,cal,cal,cal,pooled,0.5,20260507,2,k=2,1496,1496,796,True,passed,,0.9736180904522613,0.5,0.0,0.0,0.0,0.9082642089093702,0.4067959106774559,0.42041919463688254,0.23809523809523808,0.4632258064516129,0.5,796.0
scale_candidate,phi-4-multimodal-instruct,phi-4-multimodal-instruct,proxy_anchor,repope,Diag-kNN-scale-grid,cal,cal,cal,pooled,0.5,20260507,4,k=4,1496,1496,796,True,passed,,0.9736180904522613,0.5,0.0,0.0,0.0,0.9123195084485407,0.45391293312403075,0.4682899759149235,0.42857142857142855,0.44903225806451613,0.5,796.0
scale_candidate,phi-4-multimodal-instruct,phi-4-multimodal-instruct,proxy_anchor,repope,Diag-kNN-scale-grid,cal,cal,cal,pooled,0.5,20260507,8,k=8,1496,1496,796,True,passed,,0.9736180904522613,0.5,0.0,0.0,0.0,0.9278648233486944,0.4566502968419517,0.46855823379184136,0.2857142857142857,0.4167741935483871,0.5,796.0
scale_candidate,phi-4-multimodal-instruct,phi-4-multimodal-instruct,proxy_anchor,repope,Diag-kNN-scale-grid,cal,cal,cal,pooled,0.5,20260507,16,k=16,1496,1496,796,True,passed,,0.9736180904522613,0.5,0.0,0.0,0.0,0.9387403993855606,0.4516433877141947,0.4626685543162813,0.2857142857142857,0.28,0.5,796.0
scale_candidate,phi-4-multimodal-instruct,phi-4-multimodal-instruct,proxy_anchor,repope,Diag-kNN-scale-grid,cal,cal,cal,pooled,0.5,20260507,32,k=32,1496,1496,796,True,passed,,0.9736180904522613,0.5,0.0,0.0,0.0,0.9509062980030721,0.4381660965470979,0.44729916523117746,0.23809523809523808,0.1329032258064516,0.5,796.0
scale_candidate,phi-4-multimodal-instruct,phi-4-multimodal-instruct,proxy_anchor,repope,Diag-kNN-scale-grid,test,test,test,pooled,0.5,20260507,1,k=1,1496,1496,1565,True,passed,,0.9629392971246007,0.5,0.0,0.0,0.0,0.8798137427636545,0.26253441332325167,0.27561099095151076,0.22413793103448276,0.38221632382216325,0.5,1565.0
scale_candidate,phi-4-multimodal-instruct,phi-4-multimodal-instruct,proxy_anchor,repope,Diag-kNN-scale-grid,test,test,test,pooled,0.5,20260507,2,k=2,1496,1496,1565,True,passed,,0.9629392971246007,0.5,0.0,0.0,0.0,0.8932109923803857,0.28563338352824386,0.29907836336178023,0.27586206896551724,0.39482415394824155,0.5,1565.0
scale_candidate,phi-4-multimodal-instruct,phi-4-multimodal-instruct,proxy_anchor,repope,Diag-kNN-scale-grid,test,test,test,pooled,0.5,20260507,4,k=4,1496,1496,1565,True,passed,,0.9629392971246007,0.5,0.0,0.0,0.0,0.8927304761686841,0.2877412861180573,0.3006904179946494,0.27586206896551724,0.41473125414731254,0.5,1565.0
scale_candidate,phi-4-multimodal-instruct,phi-4-multimodal-instruct,proxy_anchor,repope,Diag-kNN-scale-grid,test,test,test,pooled,0.5,20260507,8,k=8,1496,1496,1565,True,passed,,0.9629392971246007,0.5,0.0,0.0,0.0,0.887284625769398,0.2912147157386645,0.305900165332012,0.25862068965517243,0.45852687458526875,0.5,1565.0
scale_candidate,phi-4-multimodal-instruct,phi-4-multimodal-instruct,proxy_anchor,repope,Diag-kNN-scale-grid,test,test,test,pooled,0.5,20260507,16,k=16,1496,1496,1565,True,passed,,0.9629392971246007,0.5,0.0,0.0,0.0,0.8895384756195228,0.3300242751533097,0.3482637871130697,0.2413793103448276,0.48175182481751827,0.5,1565.0
scale_candidate,phi-4-multimodal-instruct,phi-4-multimodal-instruct,proxy_anchor,repope,Diag-kNN-scale-grid,test,test,test,pooled,0.5,20260507,32,k=32,1496,1496,1565,True,passed,,0.9629392971246007,0.5,0.0,0.0,0.0,0.8886117657826694,0.35435875970748276,0.36339669428521076,0.2413793103448276,0.46317186463171867,0.5,1565.0
scale_candidate,phi-4-multimodal-instruct,phi-4-multimodal-instruct,proxy_anchor,pope,Diag-kNN-scale-grid,test,test,test,pooled,0.5,20260507,1,k=1,1572,1572,1590,True,passed,,0.9641509433962264,0.5,0.0,0.0,0.0,0.8756022476282029,0.2764804381618287,0.2853093471468933,0.19298245614035087,0.38030006523157206,0.5,1590.0
scale_candidate,phi-4-multimodal-instruct,phi-4-multimodal-instruct,proxy_anchor,pope,Diag-kNN-scale-grid,test,test,test,pooled,0.5,20260507,2,k=2,1572,1572,1590,True,passed,,0.9641509433962264,0.5,0.0,0.0,0.0,0.8818621897208776,0.274870647885796,0.2837095892554713,0.19298245614035087,0.3470319634703196,0.5,1590.0
scale_candidate,phi-4-multimodal-instruct,phi-4-multimodal-instruct,proxy_anchor,pope,Diag-kNN-scale-grid,test,test,test,pooled,0.5,20260507,4,k=4,1572,1572,1590,True,passed,,0.9641509433962264,0.5,0.0,0.0,0.0,0.8833155949233815,0.2687481767263428,0.2784661919082345,0.22807017543859648,0.31245923026744943,0.5,1590.0
scale_candidate,phi-4-multimodal-instruct,phi-4-multimodal-instruct,proxy_anchor,pope,Diag-kNN-scale-grid,test,test,test,pooled,0.5,20260507,8,k=8,1572,1572,1590,True,passed,,0.9641509433962264,0.5,0.0,0.0,0.0,0.8823542875453474,0.2829304939541643,0.28964648681800576,0.14035087719298245,0.3105022831050228,0.5,1590.0
scale_candidate,phi-4-multimodal-instruct,phi-4-multimodal-instruct,proxy_anchor,pope,Diag-kNN-scale-grid,test,test,test,pooled,0.5,20260507,16,k=16,1572,1572,1590,True,passed,,0.9641509433962264,0.5,0.0,0.0,0.0,0.8908687243222211,0.2352678150029691,0.25127508352237177,0.15789473684210525,0.37834311806914545,0.5,1590.0
scale_candidate,phi-4-multimodal-instruct,phi-4-multimodal-instruct,proxy_anchor,pope,Diag-kNN-scale-grid,test,test,test,pooled,0.5,20260507,32,k=32,1572,1572,1590,True,passed,,0.9641509433962264,0.5,0.0,0.0,0.0,0.8966594568613313,0.23588929529077118,0.24775337504553338,0.15789473684210525,0.34442270058708413,0.5,1590.0
scale_candidate,phi-4-multimodal-instruct,phi-4-multimodal-instruct,proxy_anchor,dash-b,Diag-kNN-scale-grid,test,test,test,pooled,0.5,20260507,1,k=1,305,305,439,True,passed,,0.510250569476082,0.5,0.0,0.0,0.0,0.6289244186046512,0.6183166562256164,0.6197037646898567,0.08837209302325581,0.8705357142857143,0.5,439.0
scale_candidate,phi-4-multimodal-instruct,phi-4-multimodal-instruct,proxy_anchor,dash-b,Diag-kNN-scale-grid,test,test,test,pooled,0.5,20260507,2,k=2,305,305,439,True,passed,,0.510250569476082,0.5,0.0,0.0,0.0,0.6293189368770764,0.6236356393669474,0.6249399398973325,0.09767441860465116,0.8214285714285714,0.5,439.0
scale_candidate,phi-4-multimodal-instruct,phi-4-multimodal-instruct,proxy_anchor,dash-b,Diag-kNN-scale-grid,test,test,test,pooled,0.5,20260507,4,k=4,305,305,439,True,passed,,0.510250569476082,0.5,0.0,0.0,0.0,0.6216569767441861,0.622441220988682,0.6237872037623347,0.10232558139534884,0.8348214285714286,0.5,439.0
scale_candidate,phi-4-multimodal-instruct,phi-4-multimodal-instruct,proxy_anchor,dash-b,Diag-kNN-scale-grid,test,test,test,pooled,0.5,20260507,8,k=8,305,305,439,True,passed,,0.510250569476082,0.5,0.0,0.0,0.0,0.6255813953488372,0.6237302937120767,0.6250786890672506,0.09302325581395349,0.8258928571428571,0.5,439.0
scale_candidate,phi-4-multimodal-instruct,phi-4-multimodal-instruct,proxy_anchor,dash-b,Diag-kNN-scale-grid,test,test,test,pooled,0.5,20260507,16,k=16,305,305,439,True,passed,,0.5125284738041003,0.5023255813953489,1.0,0.004651162790697674,0.009259259259259259,0.6327865448504982,0.6238459447207851,0.6252050188834111,0.09302325581395349,0.8482142857142857,0.5,439.0
scale_candidate,phi-4-multimodal-instruct,phi-4-multimodal-instruct,proxy_anchor,dash-b,Diag-kNN-scale-grid,test,test,test,pooled,0.5,20260507,32,k=32,305,305,439,True,passed,,0.5125284738041003,0.5023255813953489,1.0,0.004651162790697674,0.009259259259259259,0.6367317275747508,0.6254916746950718,0.6268210646886669,0.09302325581395349,0.84375,0.5,439.0
scale_candidate,phi-4-multimodal-instruct,phi-4-multimodal-instruct,proxy_anchor,repope,Diag-kNN-scale-grid,cal,cal,cal,pooled,0.5,20260508,1,k=1,1496,1496,796,True,passed,,0.9736180904522613,0.5,0.0,0.0,0.0,0.9474654377880185,0.435655453454826,0.44504744240058214,0.2857142857142857,0.16,0.5,796.0
scale_candidate,phi-4-multimodal-instruct,phi-4-multimodal-instruct,proxy_anchor,repope,Diag-kNN-scale-grid,cal,cal,cal,pooled,0.5,20260508,2,k=2,1496,1496,796,True,passed,,0.9736180904522613,0.5,0.0,0.0,0.0,0.9486328725038402,0.4491691549872894,0.458539466119558,0.2857142857142857,0.1664516129032258,0.5,796.0
scale_candidate,phi-4-multimodal-instruct,phi-4-multimodal-instruct,proxy_anchor,repope,Diag-kNN-scale-grid,cal,cal,cal,pooled,0.5,20260508,4,k=4,1496,1496,796,True,passed,,0.9736180904522613,0.5,0.0,0.0,0.0,0.9484485407066052,0.46801316010884186,0.4766279368960779,0.2857142857142857,0.14967741935483872,0.5,796.0
scale_candidate,phi-4-multimodal-instruct,phi-4-multimodal-instruct,proxy_anchor,repope,Diag-kNN-scale-grid,cal,cal,cal,pooled,0.5,20260508,8,k=8,1496,1496,796,True,passed,,0.9736180904522613,0.5,0.0,0.0,0.0,0.952073732718894,0.4698527083944154,0.4782750606310462,0.2857142857142857,0.13806451612903226,0.5,796.0
scale_candidate,phi-4-multimodal-instruct,phi-4-multimodal-instruct,proxy_anchor,repope,Diag-kNN-scale-grid,cal,cal,cal,pooled,0.5,20260508,16,k=16,1496,1496,796,True,passed,,0.9736180904522613,0.5,0.0,0.0,0.0,0.9534254992319509,0.4847920613672409,0.4934521716820513,0.3333333333333333,0.13419354838709677,0.5,796.0
scale_candidate,phi-4-multimodal-instruct,phi-4-multimodal-instruct,proxy_anchor,repope,Diag-kNN-scale-grid,cal,cal,cal,pooled,0.5,20260508,32,k=32,1496,1496,796,True,passed,,0.9736180904522613,0.5,0.0,0.0,0.0,0.9598771121351767,0.5070858736978145,0.5162478197765195,0.38095238095238093,0.11741935483870967,0.5,796.0
scale_candidate,phi-4-multimodal-instruct,phi-4-multimodal-instruct,proxy_anchor,repope,Diag-kNN-scale-grid,test,test,test,pooled,0.5,20260508,1,k=1,1496,1496,1565,True,passed,,0.9629392971246007,0.5,0.0,0.0,0.0,0.8585566208269455,0.25672834851977516,0.2637896268221162,0.15517241379310345,0.49435965494359657,0.5,1565.0
scale_candidate,phi-4-multimodal-instruct,phi-4-multimodal-instruct,proxy_anchor,repope,Diag-kNN-scale-grid,test,test,test,pooled,0.5,20260508,2,k=2,1496,1496,1565,True,passed,,0.9629392971246007,0.5,0.0,0.0,0.0,0.8610850513694712,0.25519174350366314,0.26221027047996315,0.1896551724137931,0.5136031851360319,0.5,1565.0
scale_candidate,phi-4-multimodal-instruct,phi-4-multimodal-instruct,proxy_anchor,repope,Diag-kNN-scale-grid,test,test,test,pooled,0.5,20260508,4,k=4,1496,1496,1565,True,passed,,0.9629392971246007,0.5,0.0,0.0,0.0,0.8665766652174909,0.26630161684138354,0.27347822553203494,0.20689655172413793,0.5202388852023888,0.5,1565.0
scale_candidate,phi-4-multimodal-instruct,phi-4-multimodal-instruct,proxy_anchor,repope,Diag-kNN-scale-grid,test,test,test,pooled,0.5,20260508,8,k=8,1496,1496,1565,True,passed,,0.9629392971246007,0.5,0.0,0.0,0.0,0.8806718074274077,0.2954652501121604,0.30242907664775714,0.1896551724137931,0.37093563370935634,0.5,1565.0
scale_candidate,phi-4-multimodal-instruct,phi-4-multimodal-instruct,proxy_anchor,repope,Diag-kNN-scale-grid,test,test,test,pooled,0.5,20260508,16,k=16,1496,1496,1565,True,passed,,0.9648562300319489,0.5258620689655172,1.0,0.05172413793103448,0.09836065573770492,0.8924673363384664,0.3463055144282089,0.351352314512458,0.2413793103448276,0.26808228268082285,0.5,1565.0
scale_candidate,phi-4-multimodal-instruct,phi-4-multimodal-instruct,proxy_anchor,repope,Diag-kNN-scale-grid,test,test,test,pooled,0.5,20260508,32,k=32,1496,1496,1565,True,passed,,0.9661341853035144,0.5596812575795712,0.7777777777777778,0.1206896551724138,0.208955223880597,0.9015513809120655,0.36963087021361385,0.3750026656613825,0.3275862068965517,0.2435301924353019,0.5,1565.0
scale_candidate,phi-4-multimodal-instruct,phi-4-multimodal-instruct,proxy_anchor,pope,Diag-kNN-scale-grid,test,test,test,pooled,0.5,20260508,1,k=1,1572,1572,1590,True,passed,,0.9641509433962264,0.5,0.0,0.0,0.0,0.8666529337041233,0.17050939225887166,0.18251365648470352,0.12280701754385964,0.38030006523157206,0.5,1590.0
scale_candidate,phi-4-multimodal-instruct,phi-4-multimodal-instruct,proxy_anchor,pope,Diag-kNN-scale-grid,test,test,test,pooled,0.5,20260508,2,k=2,1572,1572,1590,True,passed,,0.9641509433962264,0.5,0.0,0.0,0.0,0.8722262276696306,0.18358988578134325,0.1956760182800968,0.14035087719298245,0.32354859752120024,0.5,1590.0
scale_candidate,phi-4-multimodal-instruct,phi-4-multimodal-instruct,proxy_anchor,pope,Diag-kNN-scale-grid,test,test,test,pooled,0.5,20260508,4,k=4,1572,1572,1590,True,passed,,0.9641509433962264,0.5,0.0,0.0,0.0,0.8803515638411097,0.1920886099006978,0.2039977791752642,0.14035087719298245,0.2837573385518591,0.5,1590.0
scale_candidate,phi-4-multimodal-instruct,phi-4-multimodal-instruct,proxy_anchor,pope,Diag-kNN-scale-grid,test,test,test,pooled,0.5,20260508,8,k=8,1572,1572,1590,True,passed,,0.9641509433962264,0.5,0.0,0.0,0.0,0.8868632769137456,0.20146540354633705,0.2155311230275205,0.10526315789473684,0.24787997390737115,0.5,1590.0
scale_candidate,phi-4-multimodal-instruct,phi-4-multimodal-instruct,proxy_anchor,pope,Diag-kNN-scale-grid,test,test,test,pooled,0.5,20260508,16,k=16,1572,1572,1590,True,passed,,0.9641509433962264,0.5,0.0,0.0,0.0,0.8890605509206807,0.20033405831399856,0.2118609533004941,0.12280701754385964,0.23874755381604695,0.5,1590.0
scale_candidate,phi-4-multimodal-instruct,phi-4-multimodal-instruct,proxy_anchor,pope,Diag-kNN-scale-grid,test,test,test,pooled,0.5,20260508,32,k=32,1572,1572,1590,True,passed,,0.9622641509433962,0.49902152641878667,0.0,0.0,0.0,0.8929172245682699,0.2172381141956879,0.22894553989080305,0.12280701754385964,0.20808871493803,0.5,1590.0
scale_candidate,phi-4-multimodal-instruct,phi-4-multimodal-instruct,proxy_anchor,dash-b,Diag-kNN-scale-grid,test,test,test,pooled,0.5,20260508,1,k=1,305,305,439,True,passed,,0.510250569476082,0.5,0.0,0.0,0.0,0.6684177740863787,0.6119096083468576,0.6158228575425138,0.03255813953488372,0.7589285714285714,0.5,439.0
scale_candidate,phi-4-multimodal-instruct,phi-4-multimodal-instruct,proxy_anchor,dash-b,Diag-kNN-scale-grid,test,test,test,pooled,0.5,20260508,2,k=2,305,305,439,True,passed,,0.510250569476082,0.5,0.0,0.0,0.0,0.6638911960132889,0.6039385321963318,0.6078338835324115,0.046511627906976744,0.7589285714285714,0.5,439.0
scale_candidate,phi-4-multimodal-instruct,phi-4-multimodal-instruct,proxy_anchor,dash-b,Diag-kNN-scale-grid,test,test,test,pooled,0.5,20260508,4,k=4,305,305,439,True,passed,,0.510250569476082,0.5,0.0,0.0,0.0,0.6484842192691029,0.5932975201947166,0.5956941088840418,0.04186046511627907,0.7946428571428571,0.5,439.0
scale_candidate,phi-4-multimodal-instruct,phi-4-multimodal-instruct,proxy_anchor,dash-b,Diag-kNN-scale-grid,test,test,test,pooled,0.5,20260508,8,k=8,305,305,439,True,passed,,0.510250569476082,0.5,0.0,0.0,0.0,0.6348629568106312,0.5910018402177477,0.5933515380064903,0.04186046511627907,0.8303571428571429,0.5,439.0
scale_candidate,phi-4-multimodal-instruct,phi-4-multimodal-instruct,proxy_anchor,dash-b,Diag-kNN-scale-grid,test,test,test,pooled,0.5,20260508,16,k=16,305,305,439,True,passed,,0.510250569476082,0.5,0.0,0.0,0.0,0.619954318936877,0.5870745628266808,0.5894107684261052,0.04186046511627907,0.8482142857142857,0.5,439.0
scale_candidate,phi-4-multimodal-instruct,phi-4-multimodal-instruct,proxy_anchor,dash-b,Diag-kNN-scale-grid,test,test,test,pooled,0.5,20260508,32,k=32,305,305,439,True,passed,,0.5125284738041003,0.5024190199335549,0.6666666666666666,0.009302325581395349,0.01834862385321101,0.6201204318936877,0.5939927697237712,0.5962902407877919,0.04186046511627907,0.8482142857142857,0.5,439.0
scale_candidate,phi-3.5-vision-instruct,phi-3.5-vision-instruct,proxy_anchor,repope,Diag-kNN-scale-grid,cal,cal,cal,pooled,0.5,20260506,1,k=1,1475,1475,777,True,passed,,0.9613899613899614,0.5,0.0,0.0,0.0,0.91731369924141,0.23837792057183346,0.25384468935087073,0.1,0.24497991967871485,0.5,777.0
scale_candidate,phi-3.5-vision-instruct,phi-3.5-vision-instruct,proxy_anchor,repope,Diag-kNN-scale-grid,cal,cal,cal,pooled,0.5,20260506,2,k=2,1475,1475,777,True,passed,,0.9613899613899614,0.5,0.0,0.0,0.0,0.9178937974118697,0.2613311049772878,0.2737158913093124,0.1,0.250334672021419,0.5,777.0
scale_candidate,phi-3.5-vision-instruct,phi-3.5-vision-instruct,proxy_anchor,repope,Diag-kNN-scale-grid,cal,cal,cal,pooled,0.5,20260506,4,k=4,1475,1475,777,True,passed,,0.9613899613899614,0.5,0.0,0.0,0.0,0.9191878625613565,0.29244952037046507,0.3043650892969454,0.1,0.2570281124497992,0.5,777.0
scale_candidate,phi-3.5-vision-instruct,phi-3.5-vision-instruct,proxy_anchor,repope,Diag-kNN-scale-grid,cal,cal,cal,pooled,0.5,20260506,8,k=8,1475,1475,777,True,passed,,0.9613899613899614,0.5,0.0,0.0,0.0,0.9200803212851405,0.2853343789966074,0.30073093395680556,0.16666666666666666,0.2744310575635877,0.5,777.0
scale_candidate,phi-3.5-vision-instruct,phi-3.5-vision-instruct,proxy_anchor,repope,Diag-kNN-scale-grid,cal,cal,cal,pooled,0.5,20260506,16,k=16,1475,1475,777,True,passed,,0.9613899613899614,0.5,0.0,0.0,0.0,0.9249888442659526,0.2875770980637765,0.3076203776781159,0.16666666666666666,0.22356091030789826,0.5,777.0
scale_candidate,phi-3.5-vision-instruct,phi-3.5-vision-instruct,proxy_anchor,repope,Diag-kNN-scale-grid,cal,cal,cal,pooled,0.5,20260506,32,k=32,1475,1475,777,True,passed,,0.9613899613899614,0.5,0.0,0.0,0.0,0.9358768406961178,0.30924831332582625,0.32817189522459633,0.16666666666666666,0.15261044176706828,0.5,777.0
scale_candidate,phi-3.5-vision-instruct,phi-3.5-vision-instruct,proxy_anchor,repope,Diag-kNN-scale-grid,test,test,test,pooled,0.5,20260506,1,k=1,1475,1475,1527,True,passed,,0.9620170268500328,0.5,0.0,0.0,0.0,0.9190981432360743,0.30444078701757726,0.3153327157682506,0.1896551724137931,0.2920353982300885,0.5,1527.0
scale_candidate,phi-3.5-vision-instruct,phi-3.5-vision-instruct,proxy_anchor,repope,Diag-kNN-scale-grid,test,test,test,pooled,0.5,20260506,2,k=2,1475,1475,1527,True,passed,,0.9620170268500328,0.5,0.0,0.0,0.0,0.9192976690688012,0.3095239855881458,0.3204942482557933,0.22413793103448276,0.30292716133424097,0.5,1527.0
scale_candidate,phi-3.5-vision-instruct,phi-3.5-vision-instruct,proxy_anchor,repope,Diag-kNN-scale-grid,test,test,test,pooled,0.5,20260506,4,k=4,1475,1475,1527,True,passed,,0.9620170268500328,0.5,0.0,0.0,0.0,0.9262928100279336,0.3371406364723663,0.34777978347640515,0.2413793103448276,0.26548672566371684,0.5,1527.0
scale_candidate,phi-3.5-vision-instruct,phi-3.5-vision-instruct,proxy_anchor,repope,Diag-kNN-scale-grid,test,test,test,pooled,0.5,20260506,8,k=8,1475,1475,1527,True,passed,,0.9620170268500328,0.5,0.0,0.0,0.0,0.9269735452219432,0.37696715632588806,0.38436325342326527,0.22413793103448276,0.2763784887678693,0.5,1527.0
scale_candidate,phi-3.5-vision-instruct,phi-3.5-vision-instruct,proxy_anchor,repope,Diag-kNN-scale-grid,test,test,test,pooled,0.5,20260506,16,k=16,1475,1475,1527,True,passed,,0.9620170268500328,0.5,0.0,0.0,0.0,0.9273139128189478,0.4382088789602818,0.4444017198634821,0.29310344827586204,0.2770592239618788,0.5,1527.0
scale_candidate,phi-3.5-vision-instruct,phi-3.5-vision-instruct,proxy_anchor,repope,Diag-kNN-scale-grid,test,test,test,pooled,0.5,20260506,32,k=32,1475,1475,1527,True,passed,,0.9620170268500328,0.5,0.0,0.0,0.0,0.9292152766366987,0.44253770335914405,0.4489546145961736,0.3275862068965517,0.224642614023145,0.5,1527.0
scale_candidate,phi-3.5-vision-instruct,phi-3.5-vision-instruct,proxy_anchor,pope,Diag-kNN-scale-grid,test,test,test,pooled,0.5,20260506,1,k=1,1545,1545,1551,True,passed,,0.9722759509993553,0.5,0.0,0.0,0.0,0.8558848929739066,0.09924643103042224,0.10482806033915967,0.023255813953488372,0.39456233421750664,0.5,1551.0
scale_candidate,phi-3.5-vision-instruct,phi-3.5-vision-instruct,proxy_anchor,pope,Diag-kNN-scale-grid,test,test,test,pooled,0.5,20260506,2,k=2,1545,1545,1551,True,passed,,0.9722759509993553,0.5,0.0,0.0,0.0,0.8519986428967985,0.09677746263099934,0.10217617909075613,0.023255813953488372,0.40185676392572944,0.5,1551.0
scale_candidate,phi-3.5-vision-instruct,phi-3.5-vision-instruct,proxy_anchor,pope,Diag-kNN-scale-grid,test,test,test,pooled,0.5,20260506,4,k=4,1545,1545,1551,True,passed,,0.9722759509993553,0.5,0.0,0.0,0.0,0.8610202948615138,0.10247462349881344,0.10824138607613,0.023255813953488372,0.4230769230769231,0.5,1551.0
scale_candidate,phi-3.5-vision-instruct,phi-3.5-vision-instruct,proxy_anchor,pope,Diag-kNN-scale-grid,test,test,test,pooled,0.5,20260506,8,k=8,1545,1545,1551,True,passed,,0.9722759509993553,0.5,0.0,0.0,0.0,0.8699956819443588,0.11028505351157049,0.11778210991959454,0.023255813953488372,0.33620689655172414,0.5,1551.0
scale_candidate,phi-3.5-vision-instruct,phi-3.5-vision-instruct,proxy_anchor,pope,Diag-kNN-scale-grid,test,test,test,pooled,0.5,20260506,16,k=16,1545,1545,1551,True,passed,,0.9722759509993553,0.5,0.0,0.0,0.0,0.8861575473443959,0.13031869962103804,0.13758382323920548,0.046511627906976744,0.3076923076923077,0.5,1551.0
scale_candidate,phi-3.5-vision-instruct,phi-3.5-vision-instruct,proxy_anchor,pope,Diag-kNN-scale-grid,test,test,test,pooled,0.5,20260506,32,k=32,1545,1545,1551,True,passed,,0.9722759509993553,0.5,0.0,0.0,0.0,0.8979550922213312,0.15510282746008458,0.16272415580726168,0.06976744186046512,0.24336870026525198,0.5,1551.0
scale_candidate,phi-3.5-vision-instruct,phi-3.5-vision-instruct,proxy_anchor,dash-b,Diag-kNN-scale-grid,test,test,test,pooled,0.5,20260506,1,k=1,334,334,427,True,passed,,0.6346604215456675,0.5,0.0,0.0,0.0,0.7383621913142209,0.559868090673312,0.5647431401462208,0.02564102564102564,0.6752767527675276,0.5,427.0
scale_candidate,phi-3.5-vision-instruct,phi-3.5-vision-instruct,proxy_anchor,dash-b,Diag-kNN-scale-grid,test,test,test,pooled,0.5,20260506,2,k=2,334,334,427,True,passed,,0.6346604215456675,0.5,0.0,0.0,0.0,0.7221827987510644,0.5617323621466717,0.5654293793168056,0.00641025641025641,0.6752767527675276,0.5,427.0
scale_candidate,phi-3.5-vision-instruct,phi-3.5-vision-instruct,proxy_anchor,dash-b,Diag-kNN-scale-grid,test,test,test,pooled,0.5,20260506,4,k=4,334,334,427,True,passed,,0.6346604215456675,0.5,0.0,0.0,0.0,0.7087709338631848,0.5728193462592412,0.5754306484432112,0.02564102564102564,0.7232472324723247,0.5,427.0
scale_candidate,phi-3.5-vision-instruct,phi-3.5-vision-instruct,proxy_anchor,dash-b,Diag-kNN-scale-grid,test,test,test,pooled,0.5,20260506,8,k=8,334,334,427,True,passed,,0.6346604215456675,0.5,0.0,0.0,0.0,0.7140931024694862,0.5877388920043541,0.5902753920017656,0.02564102564102564,0.8118081180811808,0.5,427.0
scale_candidate,phi-3.5-vision-instruct,phi-3.5-vision-instruct,proxy_anchor,dash-b,Diag-kNN-scale-grid,test,test,test,pooled,0.5,20260506,16,k=16,334,334,427,True,passed,,0.6346604215456675,0.5,0.0,0.0,0.0,0.7173810199640458,0.604728473538471,0.6071956381778245,0.02564102564102564,0.8523985239852399,0.5,427.0
scale_candidate,phi-3.5-vision-instruct,phi-3.5-vision-instruct,proxy_anchor,dash-b,Diag-kNN-scale-grid,test,test,test,pooled,0.5,20260506,32,k=32,334,334,427,True,passed,,0.6370023419203747,0.5032051282051282,1.0,0.00641025641025641,0.012738853503184714,0.7214495221875294,0.6013708564147072,0.6039170765082023,0.02564102564102564,0.8154981549815498,0.5,427.0
scale_candidate,phi-3.5-vision-instruct,phi-3.5-vision-instruct,proxy_anchor,repope,Diag-kNN-scale-grid,cal,cal,cal,pooled,0.5,20260507,1,k=1,1475,1475,777,True,passed,,0.9613899613899614,0.5,0.0,0.0,0.0,0.8681392235609103,0.23128743449123365,0.24261601846549471,0.13333333333333333,0.24899598393574296,0.5,777.0
scale_candidate,phi-3.5-vision-instruct,phi-3.5-vision-instruct,proxy_anchor,repope,Diag-kNN-scale-grid,cal,cal,cal,pooled,0.5,20260507,2,k=2,1475,1475,777,True,passed,,0.9613899613899614,0.5,0.0,0.0,0.0,0.8634091923248549,0.2214323496915944,0.23191620388300943,0.1,0.2597054886211513,0.5,777.0
scale_candidate,phi-3.5-vision-instruct,phi-3.5-vision-instruct,proxy_anchor,repope,Diag-kNN-scale-grid,cal,cal,cal,pooled,0.5,20260507,4,k=4,1475,1475,777,True,passed,,0.9613899613899614,0.5,0.0,0.0,0.0,0.8755912539045069,0.24357797287239735,0.2550177039744433,0.13333333333333333,0.2597054886211513,0.5,777.0
scale_candidate,phi-3.5-vision-instruct,phi-3.5-vision-instruct,proxy_anchor,repope,Diag-kNN-scale-grid,cal,cal,cal,pooled,0.5,20260507,8,k=8,1475,1475,777,True,passed,,0.9613899613899614,0.5,0.0,0.0,0.0,0.9048639000446229,0.2964092060518564,0.30951525819021364,0.16666666666666666,0.24765729585006693,0.5,777.0
scale_candidate,phi-3.5-vision-instruct,phi-3.5-vision-instruct,proxy_anchor,repope,Diag-kNN-scale-grid,cal,cal,cal,pooled,0.5,20260507,16,k=16,1475,1475,777,True,passed,,0.9613899613899614,0.5,0.0,0.0,0.0,0.9148148148148147,0.375980174732119,0.39039473799880287,0.26666666666666666,0.2971887550200803,0.5,777.0
scale_candidate,phi-3.5-vision-instruct,phi-3.5-vision-instruct,proxy_anchor,repope,Diag-kNN-scale-grid,cal,cal,cal,pooled,0.5,20260507,32,k=32,1475,1475,777,True,passed,,0.9613899613899614,0.5,0.0,0.0,0.0,0.9282016956715752,0.3831156845139845,0.4047816080430925,0.3,0.23828647925033467,0.5,777.0
scale_candidate,phi-3.5-vision-instruct,phi-3.5-vision-instruct,proxy_anchor,repope,Diag-kNN-scale-grid,test,test,test,pooled,0.5,20260507,1,k=1,1475,1475,1527,True,passed,,0.9620170268500328,0.5,0.0,0.0,0.0,0.8718105208797915,0.31173202435017006,0.320433683538407,0.1896551724137931,0.415929203539823,0.5,1527.0
scale_candidate,phi-3.5-vision-instruct,phi-3.5-vision-instruct,proxy_anchor,repope,Diag-kNN-scale-grid,test,test,test,pooled,0.5,20260507,2,k=2,1475,1475,1527,True,passed,,0.9620170268500328,0.5,0.0,0.0,0.0,0.8741696204314453,0.31247061296088524,0.3211319543280581,0.1896551724137931,0.4322668481960517,0.5,1527.0
scale_candidate,phi-3.5-vision-instruct,phi-3.5-vision-instruct,proxy_anchor,repope,Diag-kNN-scale-grid,test,test,test,pooled,0.5,20260507,4,k=4,1475,1475,1527,True,passed,,0.9620170268500328,0.5,0.0,0.0,0.0,0.8822562850637309,0.3398278756275956,0.3482868554025293,0.22413793103448276,0.3798502382573179,0.5,1527.0
scale_candidate,phi-3.5-vision-instruct,phi-3.5-vision-instruct,proxy_anchor,repope,Diag-kNN-scale-grid,test,test,test,pooled,0.5,20260507,8,k=8,1475,1475,1527,True,passed,,0.9620170268500328,0.5,0.0,0.0,0.0,0.8947794652707682,0.3554335193364677,0.36260634436498806,0.22413793103448276,0.30224642614023145,0.5,1527.0
scale_candidate,phi-3.5-vision-instruct,phi-3.5-vision-instruct,proxy_anchor,repope,Diag-kNN-scale-grid,test,test,test,pooled,0.5,20260507,16,k=16,1475,1475,1527,True,passed,,0.9620170268500328,0.5,0.0,0.0,0.0,0.9116217929156591,0.3983789660177066,0.4054670529183796,0.25862068965517243,0.30020422055820284,0.5,1527.0
scale_candidate,phi-3.5-vision-instruct,phi-3.5-vision-instruct,proxy_anchor,repope,Diag-kNN-scale-grid,test,test,test,pooled,0.5,20260507,32,k=32,1475,1475,1527,True,passed,,0.9620170268500328,0.5,0.0,0.0,0.0,0.9234407643013074,0.42240596236362116,0.42977282442846365,0.25862068965517243,0.30292716133424097,0.5,1527.0
scale_candidate,phi-3.5-vision-instruct,phi-3.5-vision-instruct,proxy_anchor,pope,Diag-kNN-scale-grid,test,test,test,pooled,0.5,20260507,1,k=1,1545,1545,1551,True,passed,,0.9722759509993553,0.5,0.0,0.0,0.0,0.8454752945530812,0.12596284908688302,0.13186357671757462,0.046511627906976744,0.34814323607427056,0.5,1551.0
scale_candidate,phi-3.5-vision-instruct,phi-3.5-vision-instruct,proxy_anchor,pope,Diag-kNN-scale-grid,test,test,test,pooled,0.5,20260507,2,k=2,1545,1545,1551,True,passed,,0.9722759509993553,0.5,0.0,0.0,0.0,0.8463389056813275,0.1271314442824499,0.133014307830235,0.046511627906976744,0.35278514588859416,0.5,1551.0
scale_candidate,phi-3.5-vision-instruct,phi-3.5-vision-instruct,proxy_anchor,pope,Diag-kNN-scale-grid,test,test,test,pooled,0.5,20260507,4,k=4,1545,1545,1551,True,passed,,0.9722759509993553,0.5,0.0,0.0,0.0,0.8478964900376288,0.13619471404598518,0.1427358844938582,0.046511627906976744,0.35079575596816975,0.5,1551.0
scale_candidate,phi-3.5-vision-instruct,phi-3.5-vision-instruct,proxy_anchor,pope,Diag-kNN-scale-grid,test,test,test,pooled,0.5,20260507,8,k=8,1545,1545,1551,True,passed,,0.9722759509993553,0.5,0.0,0.0,0.0,0.869610141262106,0.1748598812707947,0.18316335996162153,0.13953488372093023,0.3614058355437666,0.5,1551.0
scale_candidate,phi-3.5-vision-instruct,phi-3.5-vision-instruct,proxy_anchor,pope,Diag-kNN-scale-grid,test,test,test,pooled,0.5,20260507,16,k=16,1545,1545,1551,True,passed,,0.9722759509993553,0.5,0.0,0.0,0.0,0.8819165998396151,0.20880530211785403,0.21904613005471577,0.16279069767441862,0.3375331564986737,0.5,1551.0
scale_candidate,phi-3.5-vision-instruct,phi-3.5-vision-instruct,proxy_anchor,pope,Diag-kNN-scale-grid,test,test,test,pooled,0.5,20260507,32,k=32,1545,1545,1551,True,passed,,0.9722759509993553,0.5,0.0,0.0,0.0,0.8916168034050953,0.2212781906162528,0.23146270557312135,0.16279069767441862,0.3574270557029178,0.5,1551.0
scale_candidate,phi-3.5-vision-instruct,phi-3.5-vision-instruct,proxy_anchor,dash-b,Diag-kNN-scale-grid,test,test,test,pooled,0.5,20260507,1,k=1,334,334,427,True,passed,,0.6346604215456675,0.5,0.0,0.0,0.0,0.6293405241744725,0.4815918116262358,0.487085194932543,0.01282051282051282,0.7822878228782287,0.5,427.0
scale_candidate,phi-3.5-vision-instruct,phi-3.5-vision-instruct,proxy_anchor,dash-b,Diag-kNN-scale-grid,test,test,test,pooled,0.5,20260507,2,k=2,334,334,427,True,passed,,0.6346604215456675,0.5,0.0,0.0,0.0,0.613965370422935,0.4667584702014761,0.4706977635159611,0.02564102564102564,0.8265682656826568,0.5,427.0
scale_candidate,phi-3.5-vision-instruct,phi-3.5-vision-instruct,proxy_anchor,dash-b,Diag-kNN-scale-grid,test,test,test,pooled,0.5,20260507,4,k=4,334,334,427,True,passed,,0.6346604215456675,0.5,0.0,0.0,0.0,0.5838064149872269,0.43413916568112765,0.43757111867152293,0.019230769230769232,0.8302583025830258,0.5,427.0
scale_candidate,phi-3.5-vision-instruct,phi-3.5-vision-instruct,proxy_anchor,dash-b,Diag-kNN-scale-grid,test,test,test,pooled,0.5,20260507,8,k=8,334,334,427,True,passed,,0.6346604215456675,0.5,0.0,0.0,0.0,0.5631564007947771,0.4142607425728777,0.41745023598248615,0.03205128205128205,0.8634686346863468,0.5,427.0
scale_candidate,phi-3.5-vision-instruct,phi-3.5-vision-instruct,proxy_anchor,dash-b,Diag-kNN-scale-grid,test,test,test,pooled,0.5,20260507,16,k=16,334,334,427,True,passed,,0.6346604215456675,0.5,0.0,0.0,0.0,0.5617371558330968,0.41050256934218804,0.4136390031707041,0.03205128205128205,0.8892988929889298,0.5,427.0
scale_candidate,phi-3.5-vision-instruct,phi-3.5-vision-instruct,proxy_anchor,dash-b,Diag-kNN-scale-grid,test,test,test,pooled,0.5,20260507,32,k=32,334,334,427,True,passed,,0.6346604215456675,0.5,0.0,0.0,0.0,0.5772305799981077,0.4187655884625112,0.42194445778172773,0.03205128205128205,0.922509225092251,0.5,427.0
scale_candidate,phi-3.5-vision-instruct,phi-3.5-vision-instruct,proxy_anchor,repope,Diag-kNN-scale-grid,cal,cal,cal,pooled,0.5,20260508,1,k=1,1475,1475,777,True,passed,,0.9613899613899614,0.5,0.0,0.0,0.0,0.8991521642124052,0.24495192181260855,0.2559407098131436,0.1,0.24765729585006693,0.5,777.0
scale_candidate,phi-3.5-vision-instruct,phi-3.5-vision-instruct,proxy_anchor,repope,Diag-kNN-scale-grid,cal,cal,cal,pooled,0.5,20260508,2,k=2,1475,1475,777,True,passed,,0.9613899613899614,0.5,0.0,0.0,0.0,0.911066488174922,0.25907607366685725,0.27047497004173693,0.1,0.25301204819277107,0.5,777.0
scale_candidate,phi-3.5-vision-instruct,phi-3.5-vision-instruct,proxy_anchor,repope,Diag-kNN-scale-grid,cal,cal,cal,pooled,0.5,20260508,4,k=4,1475,1475,777,True,passed,,0.9613899613899614,0.5,0.0,0.0,0.0,0.9201249442213297,0.29191534672892316,0.30520271026320894,0.13333333333333333,0.19544846050870146,0.5,777.0
scale_candidate,phi-3.5-vision-instruct,phi-3.5-vision-instruct,proxy_anchor,repope,Diag-kNN-scale-grid,cal,cal,cal,pooled,0.5,20260508,8,k=8,1475,1475,777,True,passed,,0.9613899613899614,0.5,0.0,0.0,0.0,0.9322177599286033,0.373871577423792,0.3855335354450139,0.23333333333333334,0.15528781793842034,0.5,777.0
scale_candidate,phi-3.5-vision-instruct,phi-3.5-vision-instruct,proxy_anchor,repope,Diag-kNN-scale-grid,cal,cal,cal,pooled,0.5,20260508,16,k=16,1475,1475,777,True,passed,,0.9626769626769627,0.5166666666666667,1.0,0.03333333333333333,0.06451612903225806,0.9386434627398483,0.4338728457526514,0.44421140452116653,0.2,0.1459170013386881,0.5,777.0
scale_candidate,phi-3.5-vision-instruct,phi-3.5-vision-instruct,proxy_anchor,repope,Diag-kNN-scale-grid,cal,cal,cal,pooled,0.5,20260508,32,k=32,1475,1475,777,True,passed,,0.9626769626769627,0.5166666666666667,1.0,0.03333333333333333,0.06451612903225806,0.9449799196787149,0.513645536849261,0.5225518773977423,0.4,0.1646586345381526,0.5,777.0
scale_candidate,phi-3.5-vision-instruct,phi-3.5-vision-instruct,proxy_anchor,repope,Diag-kNN-scale-grid,test,test,test,pooled,0.5,20260508,1,k=1,1475,1475,1527,True,passed,,0.9666011787819253,0.5603448275862069,1.0,0.1206896551724138,0.2153846153846154,0.9319382174127369,0.5377398454255209,0.5421552639176176,0.39655172413793105,0.27773995915588834,0.5,1527.0
scale_candidate,phi-3.5-vision-instruct,phi-3.5-vision-instruct,proxy_anchor,repope,Diag-kNN-scale-grid,test,test,test,pooled,0.5,20260508,2,k=2,1475,1475,1527,True,passed,,0.9666011787819253,0.5603448275862069,1.0,0.1206896551724138,0.2153846153846154,0.9329006361353019,0.5410642705978949,0.5454478775580957,0.41379310344827586,0.2559564329475834,0.5,1527.0
scale_candidate,phi-3.5-vision-instruct,phi-3.5-vision-instruct,proxy_anchor,repope,Diag-kNN-scale-grid,test,test,test,pooled,0.5,20260508,4,k=4,1475,1475,1527,True,passed,,0.9666011787819253,0.5603448275862069,1.0,0.1206896551724138,0.2153846153846154,0.9309640618764817,0.5400607808654039,0.5444122166554495,0.43103448275862066,0.2682096664397549,0.5,1527.0
scale_candidate,phi-3.5-vision-instruct,phi-3.5-vision-instruct,proxy_anchor,repope,Diag-kNN-scale-grid,test,test,test,pooled,0.5,20260508,8,k=8,1475,1475,1527,True,passed,,0.9666011787819253,0.5603448275862069,1.0,0.1206896551724138,0.2153846153846154,0.9358817868125162,0.545480177240801,0.5503392498272639,0.46551724137931033,0.20081688223281144,0.5,1527.0
scale_candidate,phi-3.5-vision-instruct,phi-3.5-vision-instruct,proxy_anchor,repope,Diag-kNN-scale-grid,test,test,test,pooled,0.5,20260508,16,k=16,1475,1475,1527,True,passed,,0.9672560576293385,0.5689655172413793,1.0,0.13793103448275862,0.24242424242424243,0.942653928311542,0.5190112410052178,0.5250822962185981,0.3448275862068966,0.224642614023145,0.5,1527.0
scale_candidate,phi-3.5-vision-instruct,phi-3.5-vision-instruct,proxy_anchor,repope,Diag-kNN-scale-grid,test,test,test,pooled,0.5,20260508,32,k=32,1475,1475,1527,True,passed,,0.9672560576293385,0.577245839299547,0.9,0.15517241379310345,0.2647058823529412,0.9459871833994506,0.4858545138424978,0.4933548132187411,0.29310344827586204,0.1756296800544588,0.5,1527.0
scale_candidate,phi-3.5-vision-instruct,phi-3.5-vision-instruct,proxy_anchor,pope,Diag-kNN-scale-grid,test,test,test,pooled,0.5,20260508,1,k=1,1545,1545,1551,True,passed,,0.9722759509993553,0.5,0.0,0.0,0.0,0.9025198938992043,0.1942529573211099,0.20346303828967757,0.09302325581395349,0.3163129973474801,0.5,1551.0
scale_candidate,phi-3.5-vision-instruct,phi-3.5-vision-instruct,proxy_anchor,pope,Diag-kNN-scale-grid,test,test,test,pooled,0.5,20260508,2,k=2,1545,1545,1551,True,passed,,0.9722759509993553,0.5,0.0,0.0,0.0,0.9033526617728703,0.1962419483388244,0.20554035401661394,0.09302325581395349,0.29045092838196285,0.5,1551.0
scale_candidate,phi-3.5-vision-instruct,phi-3.5-vision-instruct,proxy_anchor,pope,Diag-kNN-scale-grid,test,test,test,pooled,0.5,20260508,4,k=4,1545,1545,1551,True,passed,,0.9722759509993553,0.5,0.0,0.0,0.0,0.9051569921658134,0.21309333160194413,0.22340698754170693,0.16279069767441862,0.28580901856763924,0.5,1551.0
scale_candidate,phi-3.5-vision-instruct,phi-3.5-vision-instruct,proxy_anchor,pope,Diag-kNN-scale-grid,test,test,test,pooled,0.5,20260508,8,k=8,1545,1545,1551,True,passed,,0.9722759509993553,0.5,0.0,0.0,0.0,0.9056196409845167,0.21080733743232624,0.2245809070917062,0.16279069767441862,0.26856763925729443,0.5,1551.0
scale_candidate,phi-3.5-vision-instruct,phi-3.5-vision-instruct,proxy_anchor,pope,Diag-kNN-scale-grid,test,test,test,pooled,0.5,20260508,16,k=16,1545,1545,1551,True,passed,,0.9722759509993553,0.5,0.0,0.0,0.0,0.909382518043304,0.1954807398390475,0.20833918442835248,0.11627906976744186,0.24005305039787797,0.5,1551.0
scale_candidate,phi-3.5-vision-instruct,phi-3.5-vision-instruct,proxy_anchor,pope,Diag-kNN-scale-grid,test,test,test,pooled,0.5,20260508,32,k=32,1545,1545,1551,True,passed,,0.9690522243713733,0.5096385170563198,0.14285714285714285,0.023255813953488372,0.04,0.9106008265992228,0.18337750092949812,0.195479238095574,0.09302325581395349,0.21750663129973474,0.5,1551.0
scale_candidate,phi-3.5-vision-instruct,phi-3.5-vision-instruct,proxy_anchor,dash-b,Diag-kNN-scale-grid,test,test,test,pooled,0.5,20260508,1,k=1,334,334,427,True,passed,,0.6346604215456675,0.5,0.0,0.0,0.0,0.6874349512725897,0.5106670015551469,0.5146376510890778,0.02564102564102564,0.7416974169741697,0.5,427.0
scale_candidate,phi-3.5-vision-instruct,phi-3.5-vision-instruct,proxy_anchor,dash-b,Diag-kNN-scale-grid,test,test,test,pooled,0.5,20260508,2,k=2,334,334,427,True,passed,,0.6346604215456675,0.5,0.0,0.0,0.0,0.6902970952786451,0.5189472810784115,0.5222652311609243,0.02564102564102564,0.7343173431734318,0.5,427.0
scale_candidate,phi-3.5-vision-instruct,phi-3.5-vision-instruct,proxy_anchor,dash-b,Diag-kNN-scale-grid,test,test,test,pooled,0.5,20260508,4,k=4,334,334,427,True,passed,,0.6346604215456675,0.5,0.0,0.0,0.0,0.6921657678115243,0.5445953512886916,0.547498227140888,0.05128205128205128,0.7638376383763837,0.5,427.0
scale_candidate,phi-3.5-vision-instruct,phi-3.5-vision-instruct,proxy_anchor,dash-b,Diag-kNN-scale-grid,test,test,test,pooled,0.5,20260508,8,k=8,334,334,427,True,passed,,0.6346604215456675,0.5,0.0,0.0,0.0,0.6939871321790141,0.5583683150951166,0.5617522980095968,0.05128205128205128,0.7306273062730627,0.5,427.0
scale_candidate,phi-3.5-vision-instruct,phi-3.5-vision-instruct,proxy_anchor,dash-b,Diag-kNN-scale-grid,test,test,test,pooled,0.5,20260508,16,k=16,334,334,427,True,passed,,0.6346604215456675,0.5,0.0,0.0,0.0,0.6944602138329076,0.5709220538687315,0.5742506514195381,0.05128205128205128,0.8265682656826568,0.5,427.0
scale_candidate,phi-3.5-vision-instruct,phi-3.5-vision-instruct,proxy_anchor,dash-b,Diag-kNN-scale-grid,test,test,test,pooled,0.5,20260508,32,k=32,334,334,427,True,passed,,0.6370023419203747,0.5032051282051282,1.0,0.00641025641025641,0.012738853503184714,0.6977717854101618,0.5829619042073272,0.5862762236849693,0.05128205128205128,0.9372693726937269,0.5,427.0
scale_candidate,gemma-3-4b-it,gemma-3-4b-it,proxy_anchor,repope,Diag-kNN-scale-grid,cal,cal,cal,pooled,0.5,20260506,1,k=1,1438,1438,804,True,passed,,0.9079601990049752,0.5,0.0,0.0,0.0,0.8945205479452055,0.5097203914400803,0.5156102940705131,0.17567567567567569,0.4438356164383562,0.5,804.0
scale_candidate,gemma-3-4b-it,gemma-3-4b-it,proxy_anchor,repope,Diag-kNN-scale-grid,cal,cal,cal,pooled,0.5,20260506,2,k=2,1438,1438,804,True,passed,,0.9079601990049752,0.5,0.0,0.0,0.0,0.8888930025916327,0.5008007411661352,0.5066431279113206,0.14864864864864866,0.4589041095890411,0.5,804.0
scale_candidate,gemma-3-4b-it,gemma-3-4b-it,proxy_anchor,repope,Diag-kNN-scale-grid,cal,cal,cal,pooled,0.5,20260506,4,k=4,1438,1438,804,True,passed,,0.9079601990049752,0.5,0.0,0.0,0.0,0.9008885597926695,0.5563419246571145,0.5606298321557664,0.22972972972972974,0.44931506849315067,0.5,804.0
scale_candidate,gemma-3-4b-it,gemma-3-4b-it,proxy_anchor,repope,Diag-kNN-scale-grid,cal,cal,cal,pooled,0.5,20260506,8,k=8,1438,1438,804,True,passed,,0.9079601990049752,0.5,0.0,0.0,0.0,0.8969270640503517,0.5530752117201918,0.5568158047625339,0.2702702702702703,0.5095890410958904,0.5,804.0
scale_candidate,gemma-3-4b-it,gemma-3-4b-it,proxy_anchor,repope,Diag-kNN-scale-grid,cal,cal,cal,pooled,0.5,20260506,16,k=16,1438,1438,804,True,passed,,0.9079601990049752,0.5,0.0,0.0,0.0,0.8947982228804147,0.5450544053052657,0.5486183866817739,0.3108108108108108,0.43561643835616437,0.5,804.0
scale_candidate,gemma-3-4b-it,gemma-3-4b-it,proxy_anchor,repope,Diag-kNN-scale-grid,cal,cal,cal,pooled,0.5,20260506,32,k=32,1438,1438,804,True,passed,,0.9079601990049752,0.5,0.0,0.0,0.0,0.8932617549055905,0.5864913023129374,0.5896014167209046,0.36486486486486486,0.41506849315068495,0.5,804.0
scale_candidate,gemma-3-4b-it,gemma-3-4b-it,proxy_anchor,repope,Diag-kNN-scale-grid,test,test,test,pooled,0.5,20260506,1,k=1,1438,1438,1603,True,passed,,0.9064254522769807,0.5,0.0,0.0,0.0,0.8913512273457215,0.5160824433358937,0.5181939199747179,0.22,0.38403303509979353,0.5,1603.0
scale_candidate,gemma-3-4b-it,gemma-3-4b-it,proxy_anchor,repope,Diag-kNN-scale-grid,test,test,test,pooled,0.5,20260506,2,k=2,1438,1438,1603,True,passed,,0.9064254522769807,0.5,0.0,0.0,0.0,0.8860151410874053,0.5026311377337919,0.5048259249754462,0.22,0.3991741225051617,0.5,1603.0
scale_candidate,gemma-3-4b-it,gemma-3-4b-it,proxy_anchor,repope,Diag-kNN-scale-grid,test,test,test,pooled,0.5,20260506,4,k=4,1438,1438,1603,True,passed,,0.9064254522769807,0.5,0.0,0.0,0.0,0.889176416609314,0.49506785293523603,0.49818309188641574,0.2733333333333333,0.3537508602890571,0.5,1603.0
scale_candidate,gemma-3-4b-it,gemma-3-4b-it,proxy_anchor,repope,Diag-kNN-scale-grid,test,test,test,pooled,0.5,20260506,8,k=8,1438,1438,1603,True,passed,,0.9064254522769807,0.5,0.0,0.0,0.0,0.889846295021794,0.4869435522692745,0.4903641987729836,0.2866666666666667,0.34824501032346866,0.5,1603.0
scale_candidate,gemma-3-4b-it,gemma-3-4b-it,proxy_anchor,repope,Diag-kNN-scale-grid,test,test,test,pooled,0.5,20260506,16,k=16,1438,1438,1603,True,passed,,0.9064254522769807,0.5,0.0,0.0,0.0,0.8938426244551503,0.5104289017993967,0.513623655461646,0.2866666666666667,0.346180316586373,0.5,1603.0
scale_candidate,gemma-3-4b-it,gemma-3-4b-it,proxy_anchor,repope,Diag-kNN-scale-grid,test,test,test,pooled,0.5,20260506,32,k=32,1438,1438,1603,True,passed,,0.9064254522769807,0.5,0.0,0.0,0.0,0.8920991052993805,0.5267333173833945,0.5297504358691723,0.2866666666666667,0.3441156228492774,0.5,1603.0
scale_candidate,gemma-3-4b-it,gemma-3-4b-it,proxy_anchor,pope,Diag-kNN-scale-grid,test,test,test,pooled,0.5,20260506,1,k=1,1538,1538,1677,True,passed,,0.9075730471079309,0.5,0.0,0.0,0.0,0.8148700775719553,0.2558835799519979,0.25951720620329144,0.05806451612903226,0.5164257555847569,0.5,1677.0
scale_candidate,gemma-3-4b-it,gemma-3-4b-it,proxy_anchor,pope,Diag-kNN-scale-grid,test,test,test,pooled,0.5,20260506,2,k=2,1538,1538,1677,True,passed,,0.9075730471079309,0.5,0.0,0.0,0.0,0.8067017082785808,0.24465028988945123,0.24816663957234594,0.05806451612903226,0.5394218134034166,0.5,1677.0
scale_candidate,gemma-3-4b-it,gemma-3-4b-it,proxy_anchor,pope,Diag-kNN-scale-grid,test,test,test,pooled,0.5,20260506,4,k=4,1538,1538,1677,True,passed,,0.9075730471079309,0.5,0.0,0.0,0.0,0.8138315459285321,0.2445927071424531,0.24812483756062229,0.04516129032258064,0.5131406044678055,0.5,1677.0
scale_candidate,gemma-3-4b-it,gemma-3-4b-it,proxy_anchor,pope,Diag-kNN-scale-grid,test,test,test,pooled,0.5,20260506,8,k=8,1538,1538,1677,True,passed,,0.9075730471079309,0.5,0.0,0.0,0.0,0.8225085837819508,0.2614992728277376,0.26523680272330613,0.04516129032258064,0.5059132720105125,0.5,1677.0
scale_candidate,gemma-3-4b-it,gemma-3-4b-it,proxy_anchor,pope,Diag-kNN-scale-grid,test,test,test,pooled,0.5,20260506,16,k=16,1538,1538,1677,True,passed,,0.9075730471079309,0.5,0.0,0.0,0.0,0.8246831418761391,0.2880017900961615,0.29209024660416355,0.05161290322580645,0.45729303547963207,0.5,1677.0
scale_candidate,gemma-3-4b-it,gemma-3-4b-it,proxy_anchor,pope,Diag-kNN-scale-grid,test,test,test,pooled,0.5,20260506,32,k=32,1538,1538,1677,True,passed,,0.9075730471079309,0.5,0.0,0.0,0.0,0.823165614005341,0.29001638414485814,0.29411058403910434,0.07741935483870968,0.43495400788436267,0.5,1677.0
scale_candidate,gemma-3-4b-it,gemma-3-4b-it,proxy_anchor,dash-b,Diag-kNN-scale-grid,test,test,test,pooled,0.5,20260506,1,k=1,305,305,438,True,passed,,0.5319634703196348,0.5,0.0,0.0,0.0,0.6738825499842982,0.5615648988163253,0.5646111187511647,0.02926829268292683,0.6180257510729614,0.5,438.0
scale_candidate,gemma-3-4b-it,gemma-3-4b-it,proxy_anchor,dash-b,Diag-kNN-scale-grid,test,test,test,pooled,0.5,20260506,2,k=2,305,305,438,True,passed,,0.5319634703196348,0.5,0.0,0.0,0.0,0.6616769601172408,0.5533610950253569,0.556505173342722,0.004878048780487805,0.703862660944206,0.5,438.0
scale_candidate,gemma-3-4b-it,gemma-3-4b-it,proxy_anchor,dash-b,Diag-kNN-scale-grid,test,test,test,pooled,0.5,20260506,4,k=4,305,305,438,True,passed,,0.5319634703196348,0.5,0.0,0.0,0.0,0.6460169580236574,0.5434745316148244,0.5465882099670277,0.004878048780487805,0.721030042918455,0.5,438.0
scale_candidate,gemma-3-4b-it,gemma-3-4b-it,proxy_anchor,dash-b,Diag-kNN-scale-grid,test,test,test,pooled,0.5,20260506,8,k=8,305,305,438,True,passed,,0.5319634703196348,0.5,0.0,0.0,0.0,0.6394849785407726,0.5361283521921936,0.5392957590732039,0.00975609756097561,0.703862660944206,0.5,438.0
scale_candidate,gemma-3-4b-it,gemma-3-4b-it,proxy_anchor,dash-b,Diag-kNN-scale-grid,test,test,test,pooled,0.5,20260506,16,k=16,305,305,438,True,passed,,0.5319634703196348,0.5,0.0,0.0,0.0,0.6244321155657908,0.5246377024297022,0.5271162024412083,0.014634146341463415,0.7811158798283262,0.5,438.0
scale_candidate,gemma-3-4b-it,gemma-3-4b-it,proxy_anchor,dash-b,Diag-kNN-scale-grid,test,test,test,pooled,0.5,20260506,32,k=32,305,305,438,True,passed,,0.5319634703196348,0.5,0.0,0.0,0.0,0.626337276248299,0.5096303738256309,0.5120181749133601,0.004878048780487805,0.8369098712446352,0.5,438.0
scale_candidate,gemma-3-4b-it,gemma-3-4b-it,proxy_anchor,repope,Diag-kNN-scale-grid,cal,cal,cal,pooled,0.5,20260507,1,k=1,1438,1438,804,True,passed,,0.9079601990049752,0.5,0.0,0.0,0.0,0.928156238430211,0.5359466856480942,0.5466683846141018,0.2702702702702703,0.27123287671232876,0.5,804.0
scale_candidate,gemma-3-4b-it,gemma-3-4b-it,proxy_anchor,repope,Diag-kNN-scale-grid,cal,cal,cal,pooled,0.5,20260507,2,k=2,1438,1438,804,True,passed,,0.9079601990049752,0.5,0.0,0.0,0.0,0.9261940022213995,0.5164811635510923,0.5273878139885102,0.1891891891891892,0.2821917808219178,0.5,804.0
scale_candidate,gemma-3-4b-it,gemma-3-4b-it,proxy_anchor,repope,Diag-kNN-scale-grid,cal,cal,cal,pooled,0.5,20260507,4,k=4,1438,1438,804,True,passed,,0.9079601990049752,0.5,0.0,0.0,0.0,0.9295631247686043,0.53564554224085,0.5439461709875525,0.22972972972972974,0.25068493150684934,0.5,804.0
scale_candidate,gemma-3-4b-it,gemma-3-4b-it,proxy_anchor,repope,Diag-kNN-scale-grid,cal,cal,cal,pooled,0.5,20260507,8,k=8,1438,1438,804,True,passed,,0.9079601990049752,0.5,0.0,0.0,0.0,0.9291558681969642,0.5088812505842917,0.5183620072416167,0.22972972972972974,0.20136986301369864,0.5,804.0
scale_candidate,gemma-3-4b-it,gemma-3-4b-it,proxy_anchor,repope,Diag-kNN-scale-grid,cal,cal,cal,pooled,0.5,20260507,16,k=16,1438,1438,804,True,passed,,0.9079601990049752,0.5,0.0,0.0,0.0,0.9217326915957053,0.512425844317286,0.5205059532873905,0.25675675675675674,0.21232876712328766,0.5,804.0
scale_candidate,gemma-3-4b-it,gemma-3-4b-it,proxy_anchor,repope,Diag-kNN-scale-grid,cal,cal,cal,pooled,0.5,20260507,32,k=32,1438,1438,804,True,passed,,0.9079601990049752,0.5,0.0,0.0,0.0,0.911625323954091,0.5510706170550642,0.5551736455348051,0.2972972972972973,0.22876712328767124,0.5,804.0
scale_candidate,gemma-3-4b-it,gemma-3-4b-it,proxy_anchor,repope,Diag-kNN-scale-grid,test,test,test,pooled,0.5,20260507,1,k=1,1438,1438,1603,True,passed,,0.9064254522769807,0.5,0.0,0.0,0.0,0.8890066529020417,0.45538687518078924,0.4584666790598537,0.17333333333333334,0.3509979353062629,0.5,1603.0
scale_candidate,gemma-3-4b-it,gemma-3-4b-it,proxy_anchor,repope,Diag-kNN-scale-grid,test,test,test,pooled,0.5,20260507,2,k=2,1438,1438,1603,True,passed,,0.9064254522769807,0.5,0.0,0.0,0.0,0.885391144757972,0.43854179888329925,0.44164158128967607,0.14666666666666667,0.35925671025464556,0.5,1603.0
scale_candidate,gemma-3-4b-it,gemma-3-4b-it,proxy_anchor,repope,Diag-kNN-scale-grid,test,test,test,pooled,0.5,20260507,4,k=4,1438,1438,1603,True,passed,,0.9064254522769807,0.5,0.0,0.0,0.0,0.8909382885983024,0.45619985466380836,0.45928452455923324,0.16666666666666666,0.3441156228492774,0.5,1603.0
scale_candidate,gemma-3-4b-it,gemma-3-4b-it,proxy_anchor,repope,Diag-kNN-scale-grid,test,test,test,pooled,0.5,20260507,8,k=8,1438,1438,1603,True,passed,,0.9064254522769807,0.5,0.0,0.0,0.0,0.8901032346868547,0.46433313602357834,0.4672400103734765,0.2,0.3475567790777701,0.5,1603.0
scale_candidate,gemma-3-4b-it,gemma-3-4b-it,proxy_anchor,repope,Diag-kNN-scale-grid,test,test,test,pooled,0.5,20260507,16,k=16,1438,1438,1603,True,passed,,0.9064254522769807,0.5,0.0,0.0,0.0,0.8835237439779766,0.4607268598481561,0.4634508568539302,0.17333333333333334,0.3331039229181005,0.5,1603.0
scale_candidate,gemma-3-4b-it,gemma-3-4b-it,proxy_anchor,repope,Diag-kNN-scale-grid,test,test,test,pooled,0.5,20260507,32,k=32,1438,1438,1603,True,passed,,0.9064254522769807,0.5,0.0,0.0,0.0,0.886368433126864,0.4914842685289438,0.49343323401526507,0.2,0.2993805918788713,0.5,1603.0
scale_candidate,gemma-3-4b-it,gemma-3-4b-it,proxy_anchor,pope,Diag-kNN-scale-grid,test,test,test,pooled,0.5,20260507,1,k=1,1538,1538,1677,True,passed,,0.9075730471079309,0.5,0.0,0.0,0.0,0.8424568691450129,0.31128532465060854,0.315610168329083,0.0967741935483871,0.42575558475689884,0.5,1677.0
scale_candidate,gemma-3-4b-it,gemma-3-4b-it,proxy_anchor,pope,Diag-kNN-scale-grid,test,test,test,pooled,0.5,20260507,2,k=2,1538,1538,1677,True,passed,,0.9075730471079309,0.5,0.0,0.0,0.0,0.8419778729176381,0.29528736219158114,0.2994318085827118,0.03870967741935484,0.4159001314060447,0.5,1677.0
scale_candidate,gemma-3-4b-it,gemma-3-4b-it,proxy_anchor,pope,Diag-kNN-scale-grid,test,test,test,pooled,0.5,20260507,4,k=4,1538,1538,1677,True,passed,,0.9075730471079309,0.5,0.0,0.0,0.0,0.8414819210715951,0.28871840099876056,0.2925531967200629,0.025806451612903226,0.40341655716162944,0.5,1677.0
scale_candidate,gemma-3-4b-it,gemma-3-4b-it,proxy_anchor,pope,Diag-kNN-scale-grid,test,test,test,pooled,0.5,20260507,8,k=8,1538,1538,1677,True,passed,,0.9075730471079309,0.5,0.0,0.0,0.0,0.8399474375821288,0.28370143400560677,0.28755543572674275,0.025806451612903226,0.3955321944809461,0.5,1677.0
scale_candidate,gemma-3-4b-it,gemma-3-4b-it,proxy_anchor,pope,Diag-kNN-scale-grid,test,test,test,pooled,0.5,20260507,16,k=16,1538,1538,1677,True,passed,,0.9075730471079309,0.5,0.0,0.0,0.0,0.8361536179051333,0.2851066357555979,0.2891888665466642,0.03870967741935484,0.4021024967148489,0.5,1677.0
scale_candidate,gemma-3-4b-it,gemma-3-4b-it,proxy_anchor,pope,Diag-kNN-scale-grid,test,test,test,pooled,0.5,20260507,32,k=32,1538,1538,1677,True,passed,,0.9075730471079309,0.5,0.0,0.0,0.0,0.8372557331185622,0.2772944006370145,0.2813843979690256,0.03870967741935484,0.4099868593955322,0.5,1677.0
scale_candidate,gemma-3-4b-it,gemma-3-4b-it,proxy_anchor,dash-b,Diag-kNN-scale-grid,test,test,test,pooled,0.5,20260507,1,k=1,305,305,438,True,passed,,0.5319634703196348,0.5,0.0,0.0,0.0,0.7002198262325972,0.5927566665900731,0.595267230850319,0.014634146341463415,0.7381974248927039,0.5,438.0
scale_candidate,gemma-3-4b-it,gemma-3-4b-it,proxy_anchor,dash-b,Diag-kNN-scale-grid,test,test,test,pooled,0.5,20260507,2,k=2,305,305,438,True,passed,,0.5319634703196348,0.5,0.0,0.0,0.0,0.6745734324296032,0.5676743907247888,0.5702000109397416,0.014634146341463415,0.7510729613733905,0.5,438.0
scale_candidate,gemma-3-4b-it,gemma-3-4b-it,proxy_anchor,dash-b,Diag-kNN-scale-grid,test,test,test,pooled,0.5,20260507,4,k=4,305,305,438,True,passed,,0.5319634703196348,0.5,0.0,0.0,0.0,0.635988694650895,0.5293690652365233,0.5321175627577467,0.014634146341463415,0.7424892703862661,0.5,438.0
scale_candidate,gemma-3-4b-it,gemma-3-4b-it,proxy_anchor,dash-b,Diag-kNN-scale-grid,test,test,test,pooled,0.5,20260507,8,k=8,305,305,438,True,passed,,0.5319634703196348,0.5,0.0,0.0,0.0,0.6023657489793782,0.5031397088822175,0.5055305559128989,0.014634146341463415,0.8154506437768241,0.5,438.0
scale_candidate,gemma-3-4b-it,gemma-3-4b-it,proxy_anchor,dash-b,Diag-kNN-scale-grid,test,test,test,pooled,0.5,20260507,16,k=16,305,305,438,True,passed,,0.5319634703196348,0.5,0.0,0.0,0.0,0.5875222443211556,0.49208202044306243,0.4943136088697486,0.01951219512195122,0.8025751072961373,0.5,438.0
scale_candidate,gemma-3-4b-it,gemma-3-4b-it,proxy_anchor,dash-b,Diag-kNN-scale-grid,test,test,test,pooled,0.5,20260507,32,k=32,305,305,438,True,passed,,0.5319634703196348,0.5,0.0,0.0,0.0,0.5767193551763844,0.48128372763065597,0.48335336735529544,0.01951219512195122,0.7510729613733905,0.5,438.0
scale_candidate,gemma-3-4b-it,gemma-3-4b-it,proxy_anchor,repope,Diag-kNN-scale-grid,cal,cal,cal,pooled,0.5,20260508,1,k=1,1438,1438,804,True,passed,,0.9079601990049752,0.5,0.0,0.0,0.0,0.9212513883746761,0.623095504893083,0.6257943683306398,0.43243243243243246,0.22465753424657534,0.5,804.0
scale_candidate,gemma-3-4b-it,gemma-3-4b-it,proxy_anchor,repope,Diag-kNN-scale-grid,cal,cal,cal,pooled,0.5,20260508,2,k=2,1438,1438,804,True,passed,,0.9079601990049752,0.5,0.0,0.0,0.0,0.9229544613106258,0.643336819678716,0.6457899073778995,0.4594594594594595,0.23013698630136986,0.5,804.0
scale_candidate,gemma-3-4b-it,gemma-3-4b-it,proxy_anchor,repope,Diag-kNN-scale-grid,cal,cal,cal,pooled,0.5,20260508,4,k=4,1438,1438,804,True,passed,,0.9079601990049752,0.5,0.0,0.0,0.0,0.9258607922991485,0.6398255694054136,0.6429549577009572,0.4864864864864865,0.27808219178082194,0.5,804.0
scale_candidate,gemma-3-4b-it,gemma-3-4b-it,proxy_anchor,repope,Diag-kNN-scale-grid,cal,cal,cal,pooled,0.5,20260508,8,k=8,1438,1438,804,True,passed,,0.9079601990049752,0.5,0.0,0.0,0.0,0.9310625694187338,0.6320043118328539,0.6374731616017042,0.527027027027027,0.25205479452054796,0.5,804.0
scale_candidate,gemma-3-4b-it,gemma-3-4b-it,proxy_anchor,repope,Diag-kNN-scale-grid,cal,cal,cal,pooled,0.5,20260508,16,k=16,1438,1438,804,True,passed,,0.9079601990049752,0.5,0.0,0.0,0.0,0.9281377267678638,0.6670011435547852,0.6695679734589219,0.527027027027027,0.2547945205479452,0.5,804.0
scale_candidate,gemma-3-4b-it,gemma-3-4b-it,proxy_anchor,repope,Diag-kNN-scale-grid,cal,cal,cal,pooled,0.5,20260508,32,k=32,1438,1438,804,True,passed,,0.9079601990049752,0.5,0.0,0.0,0.0,0.9297667530544242,0.6976567011837884,0.6992683326527319,0.527027027027027,0.2726027397260274,0.5,804.0
scale_candidate,gemma-3-4b-it,gemma-3-4b-it,proxy_anchor,repope,Diag-kNN-scale-grid,test,test,test,pooled,0.5,20260508,1,k=1,1438,1438,1603,True,passed,,0.9064254522769807,0.5,0.0,0.0,0.0,0.9107134663913742,0.47118600350104917,0.47710586087946827,0.20666666666666667,0.23675154852030283,0.5,1603.0
scale_candidate,gemma-3-4b-it,gemma-3-4b-it,proxy_anchor,repope,Diag-kNN-scale-grid,test,test,test,pooled,0.5,20260508,2,k=2,1438,1438,1603,True,passed,,0.9064254522769807,0.5,0.0,0.0,0.0,0.9135535673319569,0.47834790485607087,0.48446067454474506,0.13333333333333333,0.24845147969717826,0.5,1603.0
scale_candidate,gemma-3-4b-it,gemma-3-4b-it,proxy_anchor,repope,Diag-kNN-scale-grid,test,test,test,pooled,0.5,20260508,4,k=4,1438,1438,1603,True,passed,,0.9064254522769807,0.5,0.0,0.0,0.0,0.9143427391603579,0.4895761280786372,0.4947194203271247,0.17333333333333334,0.28630419821059877,0.5,1603.0
scale_candidate,gemma-3-4b-it,gemma-3-4b-it,proxy_anchor,repope,Diag-kNN-scale-grid,test,test,test,pooled,0.5,20260508,8,k=8,1438,1438,1603,True,passed,,0.9064254522769807,0.5,0.0,0.0,0.0,0.9125946317962835,0.5322332829571566,0.5355987369262811,0.21333333333333335,0.2690984170681349,0.5,1603.0
scale_candidate,gemma-3-4b-it,gemma-3-4b-it,proxy_anchor,repope,Diag-kNN-scale-grid,test,test,test,pooled,0.5,20260508,16,k=16,1438,1438,1603,True,passed,,0.9064254522769807,0.5,0.0,0.0,0.0,0.9086258316127552,0.5103934084267643,0.5136152578422266,0.13333333333333333,0.27116311080523053,0.5,1603.0
scale_candidate,gemma-3-4b-it,gemma-3-4b-it,proxy_anchor,repope,Diag-kNN-scale-grid,test,test,test,pooled,0.5,20260508,32,k=32,1438,1438,1603,True,passed,,0.9064254522769807,0.5,0.0,0.0,0.0,0.9083505391144759,0.5276682985482851,0.5310595001395724,0.22666666666666666,0.3131452167928424,0.5,1603.0
scale_candidate,gemma-3-4b-it,gemma-3-4b-it,proxy_anchor,pope,Diag-kNN-scale-grid,test,test,test,pooled,0.5,20260508,1,k=1,1538,1538,1677,True,passed,,0.9075730471079309,0.5,0.0,0.0,0.0,0.8603238523165614,0.2977526639444364,0.30153505036196593,0.012903225806451613,0.3639947437582129,0.5,1677.0
scale_candidate,gemma-3-4b-it,gemma-3-4b-it,proxy_anchor,pope,Diag-kNN-scale-grid,test,test,test,pooled,0.5,20260508,2,k=2,1538,1538,1677,True,passed,,0.9075730471079309,0.5,0.0,0.0,0.0,0.8572591242422958,0.29569580654042665,0.29944847275526504,0.012903225806451613,0.3731931668856767,0.5,1677.0
scale_candidate,gemma-3-4b-it,gemma-3-4b-it,proxy_anchor,pope,Diag-kNN-scale-grid,test,test,test,pooled,0.5,20260508,4,k=4,1538,1538,1677,True,passed,,0.9075730471079309,0.5,0.0,0.0,0.0,0.8550888050527743,0.29821165148821804,0.30198577059225024,0.012903225806451613,0.3692509855453351,0.5,1677.0
scale_candidate,gemma-3-4b-it,gemma-3-4b-it,proxy_anchor,pope,Diag-kNN-scale-grid,test,test,test,pooled,0.5,20260508,8,k=8,1538,1538,1677,True,passed,,0.9075730471079309,0.5,0.0,0.0,0.0,0.8548090373447501,0.3069662786422557,0.3108147581975727,0.04516129032258064,0.4014454664914586,0.5,1677.0
scale_candidate,gemma-3-4b-it,gemma-3-4b-it,proxy_anchor,pope,Diag-kNN-scale-grid,test,test,test,pooled,0.5,20260508,16,k=16,1538,1538,1677,True,passed,,0.9075730471079309,0.5,0.0,0.0,0.0,0.8546310033487348,0.332904113355356,0.33714570684453526,0.05806451612903226,0.3791064388961892,0.5,1677.0
scale_candidate,gemma-3-4b-it,gemma-3-4b-it,proxy_anchor,pope,Diag-kNN-scale-grid,test,test,test,pooled,0.5,20260508,32,k=32,1538,1538,1677,True,passed,,0.9075730471079309,0.5,0.0,0.0,0.0,0.8606036200245856,0.34556873408011957,0.34975772387647436,0.06451612903225806,0.4185282522996058,0.5,1677.0
scale_candidate,gemma-3-4b-it,gemma-3-4b-it,proxy_anchor,dash-b,Diag-kNN-scale-grid,test,test,test,pooled,0.5,20260508,1,k=1,305,305,438,True,passed,,0.5319634703196348,0.5,0.0,0.0,0.0,0.657008269653512,0.5335504497110102,0.5363163402241251,0.004878048780487805,0.7081545064377682,0.5,438.0
scale_candidate,gemma-3-4b-it,gemma-3-4b-it,proxy_anchor,dash-b,Diag-kNN-scale-grid,test,test,test,pooled,0.5,20260508,2,k=2,305,305,438,True,passed,,0.5319634703196348,0.5,0.0,0.0,0.0,0.6151575421333612,0.4984855626867175,0.5011120319708433,0.004878048780487805,0.6995708154506438,0.5,438.0
scale_candidate,gemma-3-4b-it,gemma-3-4b-it,proxy_anchor,dash-b,Diag-kNN-scale-grid,test,test,test,pooled,0.5,20260508,4,k=4,305,305,438,True,passed,,0.5319634703196348,0.5,0.0,0.0,0.0,0.5886737150633309,0.4918294162470712,0.49390628131679504,0.01951219512195122,0.7296137339055794,0.5,438.0
scale_candidate,gemma-3-4b-it,gemma-3-4b-it,proxy_anchor,dash-b,Diag-kNN-scale-grid,test,test,test,pooled,0.5,20260508,8,k=8,305,305,438,True,passed,,0.5319634703196348,0.5,0.0,0.0,0.0,0.5517638438186957,0.46113565551985336,0.46396846960348376,0.00975609756097561,0.7381974248927039,0.5,438.0
scale_candidate,gemma-3-4b-it,gemma-3-4b-it,proxy_anchor,dash-b,Diag-kNN-scale-grid,test,test,test,pooled,0.5,20260508,16,k=16,305,305,438,True,passed,,0.5319634703196348,0.5,0.0,0.0,0.0,0.5431173453365434,0.45642671795380896,0.4592487247109256,0.00975609756097561,0.7510729613733905,0.5,438.0
scale_candidate,gemma-3-4b-it,gemma-3-4b-it,proxy_anchor,dash-b,Diag-kNN-scale-grid,test,test,test,pooled,0.5,20260508,32,k=32,305,305,438,True,passed,,0.5319634703196348,0.5,0.0,0.0,0.0,0.5324819428451795,0.4506907487497991,0.4534152081919123,0.00975609756097561,0.759656652360515,0.5,438.0
scale_candidate,molmo-7b-d-0924,molmo-7b-d-0924,proxy_anchor,repope,Diag-kNN-scale-grid,cal,cal,cal,pooled,0.5,20260506,1,k=1,1513,1513,807,True,passed,,0.952912019826518,0.5,0.0,0.0,0.0,0.9112654849086305,0.41531560921818667,0.4291703090895594,0.2894736842105263,0.44993498049414826,0.5,807.0
scale_candidate,molmo-7b-d-0924,molmo-7b-d-0924,proxy_anchor,repope,Diag-kNN-scale-grid,cal,cal,cal,pooled,0.5,20260506,2,k=2,1513,1513,807,True,passed,,0.952912019826518,0.5,0.0,0.0,0.0,0.9149613305044144,0.43468628456023845,0.4483644377674257,0.2894736842105263,0.47464239271781533,0.5,807.0
scale_candidate,molmo-7b-d-0924,molmo-7b-d-0924,proxy_anchor,repope,Diag-kNN-scale-grid,cal,cal,cal,pooled,0.5,20260506,4,k=4,1513,1513,807,True,passed,,0.952912019826518,0.5,0.0,0.0,0.0,0.9213263979193759,0.45141411770044954,0.462612296846908,0.2894736842105263,0.4135240572171652,0.5,807.0
scale_candidate,molmo-7b-d-0924,molmo-7b-d-0924,proxy_anchor,repope,Diag-kNN-scale-grid,cal,cal,cal,pooled,0.5,20260506,8,k=8,1513,1513,807,True,passed,,0.952912019826518,0.5,0.0,0.0,0.0,0.9420984189993841,0.36760298836887517,0.3845766330303438,0.13157894736842105,0.20156046814044212,0.5,807.0
scale_candidate,molmo-7b-d-0924,molmo-7b-d-0924,proxy_anchor,repope,Diag-kNN-scale-grid,cal,cal,cal,pooled,0.5,20260506,16,k=16,1513,1513,807,True,passed,,0.952912019826518,0.5,0.0,0.0,0.0,0.9498665389090412,0.3864824051231289,0.4029329760036441,0.07894736842105263,0.18205461638491546,0.5,807.0
scale_candidate,molmo-7b-d-0924,molmo-7b-d-0924,proxy_anchor,repope,Diag-kNN-scale-grid,cal,cal,cal,pooled,0.5,20260506,32,k=32,1513,1513,807,True,passed,,0.952912019826518,0.5,0.0,0.0,0.0,0.9583875162548765,0.4468654642795823,0.4652649824082217,0.15789473684210525,0.09102730819245773,0.5,807.0
scale_candidate,molmo-7b-d-0924,molmo-7b-d-0924,proxy_anchor,repope,Diag-kNN-scale-grid,test,test,test,pooled,0.5,20260506,1,k=1,1513,1513,1599,True,passed,,0.9549718574108818,0.5,0.0,0.0,0.0,0.9268354798806666,0.31555778191559897,0.3282906243191724,0.2222222222222222,0.2043222003929273,0.5,1599.0
scale_candidate,molmo-7b-d-0924,molmo-7b-d-0924,proxy_anchor,repope,Diag-kNN-scale-grid,test,test,test,pooled,0.5,20260506,2,k=2,1513,1513,1599,True,passed,,0.9549718574108818,0.5,0.0,0.0,0.0,0.9268354798806665,0.349002497777875,0.3593860005017518,0.25,0.2226588081204977,0.5,1599.0
scale_candidate,molmo-7b-d-0924,molmo-7b-d-0924,proxy_anchor,repope,Diag-kNN-scale-grid,test,test,test,pooled,0.5,20260506,4,k=4,1513,1513,1599,True,passed,,0.9549718574108818,0.5,0.0,0.0,0.0,0.9274994542676271,0.3636374508243873,0.3729368964387658,0.2361111111111111,0.20235756385068762,0.5,1599.0
scale_candidate,molmo-7b-d-0924,molmo-7b-d-0924,proxy_anchor,repope,Diag-kNN-scale-grid,test,test,test,pooled,0.5,20260506,8,k=8,1513,1513,1599,True,passed,,0.9549718574108818,0.5,0.0,0.0,0.0,0.932401950083679,0.39569252497037877,0.4013956380730302,0.2777777777777778,0.1944990176817289,0.5,1599.0
scale_candidate,molmo-7b-d-0924,molmo-7b-d-0924,proxy_anchor,repope,Diag-kNN-scale-grid,test,test,test,pooled,0.5,20260506,16,k=16,1513,1513,1599,True,passed,,0.9549718574108818,0.5,0.0,0.0,0.0,0.9360765480608308,0.37144921076071635,0.3781439929017842,0.2916666666666667,0.17485265225933203,0.5,1599.0
scale_candidate,molmo-7b-d-0924,molmo-7b-d-0924,proxy_anchor,repope,Diag-kNN-scale-grid,test,test,test,pooled,0.5,20260506,32,k=32,1513,1513,1599,True,passed,,0.9549718574108818,0.5,0.0,0.0,0.0,0.9432074510659972,0.3959571019547424,0.4026225596792327,0.2916666666666667,0.16110019646365423,0.5,1599.0
scale_candidate,molmo-7b-d-0924,molmo-7b-d-0924,proxy_anchor,pope,Diag-kNN-scale-grid,test,test,test,pooled,0.5,20260506,1,k=1,1624,1624,1656,True,passed,,0.947463768115942,0.5,0.0,0.0,0.0,0.8718416445059816,0.21802894059094663,0.22588702447251033,0.06896551724137931,0.3620140216698534,0.5,1656.0
scale_candidate,molmo-7b-d-0924,molmo-7b-d-0924,proxy_anchor,pope,Diag-kNN-scale-grid,test,test,test,pooled,0.5,20260506,2,k=2,1624,1624,1656,True,passed,,0.947463768115942,0.5,0.0,0.0,0.0,0.8704424078591679,0.21896299596879357,0.22684720012906098,0.06896551724137931,0.3652007648183556,0.5,1656.0
scale_candidate,molmo-7b-d-0924,molmo-7b-d-0924,proxy_anchor,pope,Diag-kNN-scale-grid,test,test,test,pooled,0.5,20260506,4,k=4,1624,1624,1656,True,passed,,0.947463768115942,0.5,0.0,0.0,0.0,0.8701200706211586,0.22883148314608764,0.23522767267963549,0.06896551724137931,0.35882727852135116,0.5,1656.0
scale_candidate,molmo-7b-d-0924,molmo-7b-d-0924,proxy_anchor,pope,Diag-kNN-scale-grid,test,test,test,pooled,0.5,20260506,8,k=8,1624,1624,1656,True,passed,,0.947463768115942,0.5,0.0,0.0,0.0,0.8812626828714387,0.25489800565515086,0.2614681920826064,0.08045977011494253,0.26896112173358827,0.5,1656.0
scale_candidate,molmo-7b-d-0924,molmo-7b-d-0924,proxy_anchor,pope,Diag-kNN-scale-grid,test,test,test,pooled,0.5,20260506,16,k=16,1624,1624,1656,True,passed,,0.947463768115942,0.5,0.0,0.0,0.0,0.889057383354212,0.2531805401832609,0.2606289215606188,0.06896551724137931,0.24091778202676864,0.5,1656.0
scale_candidate,molmo-7b-d-0924,molmo-7b-d-0924,proxy_anchor,pope,Diag-kNN-scale-grid,test,test,test,pooled,0.5,20260506,32,k=32,1624,1624,1656,True,passed,,0.947463768115942,0.5,0.0,0.0,0.0,0.8982000395595702,0.26074527246482676,0.2670012670840977,0.09195402298850575,0.28425748884639895,0.5,1656.0
scale_candidate,molmo-7b-d-0924,molmo-7b-d-0924,proxy_anchor,dash-b,Diag-kNN-scale-grid,test,test,test,pooled,0.5,20260506,1,k=1,346,346,434,True,passed,,0.631336405529954,0.5,0.0,0.0,0.0,0.6124087591240877,0.43923990948103975,0.4446358338664751,0.00625,0.7956204379562044,0.5,434.0
scale_candidate,molmo-7b-d-0924,molmo-7b-d-0924,proxy_anchor,dash-b,Diag-kNN-scale-grid,test,test,test,pooled,0.5,20260506,2,k=2,346,346,434,True,passed,,0.631336405529954,0.5,0.0,0.0,0.0,0.6275091240875913,0.4633118890901651,0.46878447104174736,0.01875,0.8357664233576643,0.5,434.0
scale_candidate,molmo-7b-d-0924,molmo-7b-d-0924,proxy_anchor,dash-b,Diag-kNN-scale-grid,test,test,test,pooled,0.5,20260506,4,k=4,346,346,434,True,passed,,0.631336405529954,0.5,0.0,0.0,0.0,0.6188640510948904,0.4611149690847526,0.46656099011171076,0.0125,0.8357664233576643,0.5,434.0
scale_candidate,molmo-7b-d-0924,molmo-7b-d-0924,proxy_anchor,dash-b,Diag-kNN-scale-grid,test,test,test,pooled,0.5,20260506,8,k=8,346,346,434,True,passed,,0.631336405529954,0.5,0.0,0.0,0.0,0.6125684306569343,0.4491946516983309,0.45462640576679036,0.0125,0.8357664233576643,0.5,434.0
scale_candidate,molmo-7b-d-0924,molmo-7b-d-0924,proxy_anchor,dash-b,Diag-kNN-scale-grid,test,test,test,pooled,0.5,20260506,16,k=16,346,346,434,True,passed,,0.631336405529954,0.5,0.0,0.0,0.0,0.6203695255474452,0.4495794431458809,0.4550369840973095,0.01875,0.8759124087591241,0.5,434.0
scale_candidate,molmo-7b-d-0924,molmo-7b-d-0924,proxy_anchor,dash-b,Diag-kNN-scale-grid,test,test,test,pooled,0.5,20260506,32,k=32,346,346,434,True,passed,,0.631336405529954,0.5,0.0,0.0,0.0,0.6343749999999999,0.46045584182848004,0.46591793017983785,0.025,0.8467153284671532,0.5,434.0
scale_candidate,molmo-7b-d-0924,molmo-7b-d-0924,proxy_anchor,repope,Diag-kNN-scale-grid,cal,cal,cal,pooled,0.5,20260507,1,k=1,1513,1513,807,True,passed,,0.952912019826518,0.5,0.0,0.0,0.0,0.5723085346656629,0.05359355710759879,0.05812723058468227,0.0,0.8387516254876463,0.5,807.0
scale_candidate,molmo-7b-d-0924,molmo-7b-d-0924,proxy_anchor,repope,Diag-kNN-scale-grid,cal,cal,cal,pooled,0.5,20260507,2,k=2,1513,1513,807,True,passed,,0.952912019826518,0.5,0.0,0.0,0.0,0.5429470946547121,0.04944616052253039,0.053590559847465316,0.0,0.8777633289986996,0.5,807.0
scale_candidate,molmo-7b-d-0924,molmo-7b-d-0924,proxy_anchor,repope,Diag-kNN-scale-grid,cal,cal,cal,pooled,0.5,20260507,4,k=4,1513,1513,807,True,passed,,0.952912019826518,0.5,0.0,0.0,0.0,0.5221408527821504,0.04786279940745006,0.05166951081885404,0.0,0.8881664499349805,0.5,807.0
scale_candidate,molmo-7b-d-0924,molmo-7b-d-0924,proxy_anchor,repope,Diag-kNN-scale-grid,cal,cal,cal,pooled,0.5,20260507,8,k=8,1513,1513,807,True,passed,,0.952912019826518,0.5,0.0,0.0,0.0,0.4921292177126822,0.04612860108500204,0.050235793299003975,0.0,0.9310793237971391,0.5,807.0
scale_candidate,molmo-7b-d-0924,molmo-7b-d-0924,proxy_anchor,repope,Diag-kNN-scale-grid,cal,cal,cal,pooled,0.5,20260507,16,k=16,1513,1513,807,True,passed,,0.952912019826518,0.5,0.0,0.0,0.0,0.4487372527547738,0.0495476368689044,0.054689064503857424,0.0,0.9492847854356307,0.5,807.0
scale_candidate,molmo-7b-d-0924,molmo-7b-d-0924,proxy_anchor,repope,Diag-kNN-scale-grid,cal,cal,cal,pooled,0.5,20260507,32,k=32,1513,1513,807,True,passed,,0.952912019826518,0.5,0.0,0.0,0.0,0.41071795222777363,0.052442490335588544,0.06331232336385412,0.02631578947368421,0.9687906371911573,0.5,807.0
scale_candidate,molmo-7b-d-0924,molmo-7b-d-0924,proxy_anchor,repope,Diag-kNN-scale-grid,test,test,test,pooled,0.5,20260507,1,k=1,1513,1513,1599,True,passed,,0.9549718574108818,0.5,0.0,0.0,0.0,0.488103034271993,0.04307358828947867,0.04530478101792953,0.0,0.9449901768172888,0.5,1599.0
scale_candidate,molmo-7b-d-0924,molmo-7b-d-0924,proxy_anchor,repope,Diag-kNN-scale-grid,test,test,test,pooled,0.5,20260507,2,k=2,1513,1513,1599,True,passed,,0.9549718574108818,0.5,0.0,0.0,0.0,0.46469111547697006,0.04072989102375957,0.04275278870087379,0.0,0.971185330713818,0.5,1599.0
scale_candidate,molmo-7b-d-0924,molmo-7b-d-0924,proxy_anchor,repope,Diag-kNN-scale-grid,test,test,test,pooled,0.5,20260507,4,k=4,1513,1513,1599,True,passed,,0.9549718574108818,0.5,0.0,0.0,0.0,0.4584060976497126,0.039158325296142514,0.040884272940260466,0.0,0.9351669941060904,0.5,1599.0
scale_candidate,molmo-7b-d-0924,molmo-7b-d-0924,proxy_anchor,repope,Diag-kNN-scale-grid,test,test,test,pooled,0.5,20260507,8,k=8,1513,1513,1599,True,passed,,0.9549718574108818,0.5,0.0,0.0,0.0,0.46556428727352106,0.04037603511547017,0.04204760732287549,0.0,0.9685658153241651,0.5,1599.0
scale_candidate,molmo-7b-d-0924,molmo-7b-d-0924,proxy_anchor,repope,Diag-kNN-scale-grid,test,test,test,pooled,0.5,20260507,16,k=16,1513,1513,1599,True,passed,,0.9549718574108818,0.5,0.0,0.0,0.0,0.44173397365931755,0.047285298665990703,0.050437674175418494,0.0,0.9561231172233137,0.5,1599.0
scale_candidate,molmo-7b-d-0924,molmo-7b-d-0924,proxy_anchor,repope,Diag-kNN-scale-grid,test,test,test,pooled,0.5,20260507,32,k=32,1513,1513,1599,True,passed,,0.9549718574108818,0.5,0.0,0.0,0.0,0.3962653714618351,0.05330303526966519,0.05856275528466111,0.013888888888888888,0.9482645710543549,0.5,1599.0
scale_candidate,molmo-7b-d-0924,molmo-7b-d-0924,proxy_anchor,pope,Diag-kNN-scale-grid,test,test,test,pooled,0.5,20260507,1,k=1,1624,1624,1656,True,passed,,0.947463768115942,0.5,0.0,0.0,0.0,0.4596235980161608,0.04618436630259211,0.04772769540211757,0.0,0.9343530911408541,0.5,1656.0
scale_candidate,molmo-7b-d-0924,molmo-7b-d-0924,proxy_anchor,pope,Diag-kNN-scale-grid,test,test,test,pooled,0.5,20260507,2,k=2,1624,1624,1656,True,passed,,0.947463768115942,0.5,0.0,0.0,0.0,0.4286425939356644,0.043939707517729125,0.04538406981565731,0.0,0.9649458253664754,0.5,1656.0
scale_candidate,molmo-7b-d-0924,molmo-7b-d-0924,proxy_anchor,pope,Diag-kNN-scale-grid,test,test,test,pooled,0.5,20260507,4,k=4,1624,1624,1656,True,passed,,0.947463768115942,0.5,0.0,0.0,0.0,0.3820209079653927,0.040116925981123076,0.04139529139566857,0.0,0.9636711281070746,0.5,1656.0
scale_candidate,molmo-7b-d-0924,molmo-7b-d-0924,proxy_anchor,pope,Diag-kNN-scale-grid,test,test,test,pooled,0.5,20260507,8,k=8,1624,1624,1656,True,passed,,0.947463768115942,0.5,0.0,0.0,0.0,0.34797037427748834,0.03727945285534775,0.038325772927119306,0.0,0.9783301465901848,0.5,1656.0
scale_candidate,molmo-7b-d-0924,molmo-7b-d-0924,proxy_anchor,pope,Diag-kNN-scale-grid,test,test,test,pooled,0.5,20260507,16,k=16,1624,1624,1656,True,passed,,0.947463768115942,0.5,0.0,0.0,0.0,0.31067449067053465,0.03481975883560976,0.03570137312125287,0.0,0.988527724665392,0.5,1656.0
scale_candidate,molmo-7b-d-0924,molmo-7b-d-0924,proxy_anchor,pope,Diag-kNN-scale-grid,test,test,test,pooled,0.5,20260507,32,k=32,1624,1624,1656,True,passed,,0.947463768115942,0.5,0.0,0.0,0.0,0.27945173366153125,0.03322487961647964,0.03395160843379636,0.0,0.9980879541108987,0.5,1656.0
scale_candidate,molmo-7b-d-0924,molmo-7b-d-0924,proxy_anchor,dash-b,Diag-kNN-scale-grid,test,test,test,pooled,0.5,20260507,1,k=1,346,346,434,True,passed,,0.631336405529954,0.5,0.0,0.0,0.0,0.5243613138686132,0.35558887695447233,0.3587774567204487,0.0,0.916058394160584,0.5,434.0
scale_candidate,molmo-7b-d-0924,molmo-7b-d-0924,proxy_anchor,dash-b,Diag-kNN-scale-grid,test,test,test,pooled,0.5,20260507,2,k=2,346,346,434,True,passed,,0.631336405529954,0.5,0.0,0.0,0.0,0.5313184306569343,0.35980860024677375,0.36320663021512195,0.0,0.8941605839416058,0.5,434.0
scale_candidate,molmo-7b-d-0924,molmo-7b-d-0924,proxy_anchor,dash-b,Diag-kNN-scale-grid,test,test,test,pooled,0.5,20260507,4,k=4,346,346,434,True,passed,,0.631336405529954,0.5,0.0,0.0,0.0,0.5228786496350365,0.353960855933649,0.3573092307191307,0.0,0.9197080291970803,0.5,434.0
scale_candidate,molmo-7b-d-0924,molmo-7b-d-0924,proxy_anchor,dash-b,Diag-kNN-scale-grid,test,test,test,pooled,0.5,20260507,8,k=8,346,346,434,True,passed,,0.631336405529954,0.5,0.0,0.0,0.0,0.5138458029197079,0.34865902091937573,0.3514976992036515,0.0,0.9087591240875912,0.5,434.0
scale_candidate,molmo-7b-d-0924,molmo-7b-d-0924,proxy_anchor,dash-b,Diag-kNN-scale-grid,test,test,test,pooled,0.5,20260507,16,k=16,346,346,434,True,passed,,0.6267281105990783,0.49635036496350365,0.0,0.0,0.0,0.4923357664233577,0.3382368741043954,0.34105712421303813,0.0,0.8941605839416058,0.5,434.0
scale_candidate,molmo-7b-d-0924,molmo-7b-d-0924,proxy_anchor,dash-b,Diag-kNN-scale-grid,test,test,test,pooled,0.5,20260507,32,k=32,346,346,434,True,passed,,0.6267281105990783,0.49635036496350365,0.0,0.0,0.0,0.4901687956204379,0.33549770990041206,0.33846605432804366,0.0,0.8613138686131386,0.5,434.0
scale_candidate,molmo-7b-d-0924,molmo-7b-d-0924,proxy_anchor,repope,Diag-kNN-scale-grid,cal,cal,cal,pooled,0.5,20260508,1,k=1,1513,1513,807,True,passed,,0.952912019826518,0.5,0.0,0.0,0.0,0.8601738416261722,0.22223595128310406,0.2533485375256827,0.07894736842105263,0.5019505851755527,0.5,807.0
scale_candidate,molmo-7b-d-0924,molmo-7b-d-0924,proxy_anchor,repope,Diag-kNN-scale-grid,cal,cal,cal,pooled,0.5,20260508,2,k=2,1513,1513,807,True,passed,,0.952912019826518,0.5,0.0,0.0,0.0,0.8631168297857778,0.2142182274488399,0.244991616426854,0.07894736842105263,0.5266579973992198,0.5,807.0
scale_candidate,molmo-7b-d-0924,molmo-7b-d-0924,proxy_anchor,repope,Diag-kNN-scale-grid,cal,cal,cal,pooled,0.5,20260508,4,k=4,1513,1513,807,True,passed,,0.952912019826518,0.5,0.0,0.0,0.0,0.8574019574293341,0.20108601444531776,0.23063991530839847,0.07894736842105263,0.5578673602080624,0.5,807.0
scale_candidate,molmo-7b-d-0924,molmo-7b-d-0924,proxy_anchor,repope,Diag-kNN-scale-grid,cal,cal,cal,pooled,0.5,20260508,8,k=8,1513,1513,807,True,passed,,0.952912019826518,0.5,0.0,0.0,0.0,0.8674628704400794,0.2680288598647329,0.2820786839564216,0.07894736842105263,0.5942782834850455,0.5,807.0
scale_candidate,molmo-7b-d-0924,molmo-7b-d-0924,proxy_anchor,repope,Diag-kNN-scale-grid,cal,cal,cal,pooled,0.5,20260508,16,k=16,1513,1513,807,True,passed,,0.952912019826518,0.5,0.0,0.0,0.0,0.8804325508178769,0.29604061468243126,0.3098449929703635,0.10526315789473684,0.5799739921976593,0.5,807.0
scale_candidate,molmo-7b-d-0924,molmo-7b-d-0924,proxy_anchor,repope,Diag-kNN-scale-grid,cal,cal,cal,pooled,0.5,20260508,32,k=32,1513,1513,807,True,passed,,0.952912019826518,0.5,0.0,0.0,0.0,0.8980220381904045,0.3020352400750191,0.3155773913853148,0.10526315789473684,0.40312093628088425,0.5,807.0
scale_candidate,molmo-7b-d-0924,molmo-7b-d-0924,proxy_anchor,repope,Diag-kNN-scale-grid,test,test,test,pooled,0.5,20260508,1,k=1,1513,1513,1599,True,passed,,0.9549718574108818,0.5,0.0,0.0,0.0,0.8705704722404133,0.2657349991878967,0.270254225707658,0.1388888888888889,0.3280943025540275,0.5,1599.0
scale_candidate,molmo-7b-d-0924,molmo-7b-d-0924,proxy_anchor,repope,Diag-kNN-scale-grid,test,test,test,pooled,0.5,20260508,2,k=2,1513,1513,1599,True,passed,,0.9549718574108818,0.5,0.0,0.0,0.0,0.8669686385796405,0.2666992324956812,0.2711282963016132,0.1527777777777778,0.366732154551408,0.5,1599.0
scale_candidate,molmo-7b-d-0924,molmo-7b-d-0924,proxy_anchor,repope,Diag-kNN-scale-grid,test,test,test,pooled,0.5,20260508,4,k=4,1513,1513,1599,True,passed,,0.9549718574108818,0.5,0.0,0.0,0.0,0.8678418103761916,0.2731185681057631,0.27799430820420695,0.1527777777777778,0.2815979043876883,0.5,1599.0
scale_candidate,molmo-7b-d-0924,molmo-7b-d-0924,proxy_anchor,repope,Diag-kNN-scale-grid,test,test,test,pooled,0.5,20260508,8,k=8,1513,1513,1599,True,passed,,0.9549718574108818,0.5,0.0,0.0,0.0,0.8757003565451503,0.24743871469845394,0.253637998807263,0.125,0.2966601178781925,0.5,1599.0
scale_candidate,molmo-7b-d-0924,molmo-7b-d-0924,proxy_anchor,repope,Diag-kNN-scale-grid,test,test,test,pooled,0.5,20260508,16,k=16,1513,1513,1599,True,passed,,0.9549718574108818,0.5,0.0,0.0,0.0,0.8807665720730553,0.26310630865569673,0.269365227841172,0.1388888888888889,0.3372626064178127,0.5,1599.0
scale_candidate,molmo-7b-d-0924,molmo-7b-d-0924,proxy_anchor,repope,Diag-kNN-scale-grid,test,test,test,pooled,0.5,20260508,32,k=32,1513,1513,1599,True,passed,,0.9549718574108818,0.5,0.0,0.0,0.0,0.8986120206650658,0.3344737991458404,0.3412736071917706,0.2222222222222222,0.35821872953503603,0.5,1599.0
scale_candidate,molmo-7b-d-0924,molmo-7b-d-0924,proxy_anchor,pope,Diag-kNN-scale-grid,test,test,test,pooled,0.5,20260508,1,k=1,1624,1624,1656,True,passed,,0.947463768115942,0.5,0.0,0.0,0.0,0.8325018497761953,0.1820566942290548,0.1902082507784476,0.08045977011494253,0.48119821542383684,0.5,1656.0
scale_candidate,molmo-7b-d-0924,molmo-7b-d-0924,proxy_anchor,pope,Diag-kNN-scale-grid,test,test,test,pooled,0.5,20260508,2,k=2,1624,1624,1656,True,passed,,0.947463768115942,0.5,0.0,0.0,0.0,0.8347655362885797,0.18423391204119008,0.19240576676570156,0.08045977011494253,0.5092415551306565,0.5,1656.0
scale_candidate,molmo-7b-d-0924,molmo-7b-d-0924,proxy_anchor,pope,Diag-kNN-scale-grid,test,test,test,pooled,0.5,20260508,4,k=4,1624,1624,1656,True,passed,,0.947463768115942,0.5,0.0,0.0,0.0,0.839322212698622,0.18492874696946,0.19425159946802098,0.08045977011494253,0.49012109623964306,0.5,1656.0
scale_candidate,molmo-7b-d-0924,molmo-7b-d-0924,proxy_anchor,pope,Diag-kNN-scale-grid,test,test,test,pooled,0.5,20260508,8,k=8,1624,1624,1656,True,passed,,0.947463768115942,0.5,0.0,0.0,0.0,0.8414979890551856,0.18589447066647977,0.1950268632918919,0.05747126436781609,0.44933078393881454,0.5,1656.0
scale_candidate,molmo-7b-d-0924,molmo-7b-d-0924,proxy_anchor,pope,Diag-kNN-scale-grid,test,test,test,pooled,0.5,20260508,16,k=16,1624,1624,1656,True,passed,,0.947463768115942,0.5,0.0,0.0,0.0,0.8511681061954682,0.21384126032069423,0.21943574065911567,0.08045977011494253,0.42638623326959846,0.5,1656.0
scale_candidate,molmo-7b-d-0924,molmo-7b-d-0924,proxy_anchor,pope,Diag-kNN-scale-grid,test,test,test,pooled,0.5,20260508,32,k=32,1624,1624,1656,True,passed,,0.947463768115942,0.5,0.0,0.0,0.0,0.8655853717500714,0.2639802701234068,0.26919843998445686,0.14942528735632185,0.3964308476736775,0.5,1656.0
scale_candidate,molmo-7b-d-0924,molmo-7b-d-0924,proxy_anchor,dash-b,Diag-kNN-scale-grid,test,test,test,pooled,0.5,20260508,1,k=1,346,346,434,True,passed,,0.631336405529954,0.5,0.0,0.0,0.0,0.6691605839416058,0.5040407230567556,0.5073652633366368,0.01875,0.7737226277372263,0.5,434.0
scale_candidate,molmo-7b-d-0924,molmo-7b-d-0924,proxy_anchor,dash-b,Diag-kNN-scale-grid,test,test,test,pooled,0.5,20260508,2,k=2,346,346,434,True,passed,,0.631336405529954,0.5,0.0,0.0,0.0,0.6661724452554744,0.4842325916760308,0.48812514308451466,0.01875,0.7591240875912408,0.5,434.0
scale_candidate,molmo-7b-d-0924,molmo-7b-d-0924,proxy_anchor,dash-b,Diag-kNN-scale-grid,test,test,test,pooled,0.5,20260508,4,k=4,346,346,434,True,passed,,0.631336405529954,0.5,0.0,0.0,0.0,0.6489507299270073,0.46511374230916597,0.4689073058331384,0.00625,0.8211678832116789,0.5,434.0
scale_candidate,molmo-7b-d-0924,molmo-7b-d-0924,proxy_anchor,dash-b,Diag-kNN-scale-grid,test,test,test,pooled,0.5,20260508,8,k=8,346,346,434,True,passed,,0.631336405529954,0.5,0.0,0.0,0.0,0.6411724452554743,0.4542826944692091,0.45792401882668454,0.00625,0.8138686131386861,0.5,434.0
scale_candidate,molmo-7b-d-0924,molmo-7b-d-0924,proxy_anchor,dash-b,Diag-kNN-scale-grid,test,test,test,pooled,0.5,20260508,16,k=16,346,346,434,True,passed,,0.631336405529954,0.5,0.0,0.0,0.0,0.647969890510949,0.450433038233964,0.45556836467424167,0.00625,0.7956204379562044,0.5,434.0
scale_candidate,molmo-7b-d-0924,molmo-7b-d-0924,proxy_anchor,dash-b,Diag-kNN-scale-grid,test,test,test,pooled,0.5,20260508,32,k=32,346,346,434,True,passed,,0.631336405529954,0.5,0.0,0.0,0.0,0.6610857664233576,0.4612470198635725,0.4665534490469391,0.00625,0.781021897810219,0.5,434.0
scale_candidate,minicpm-v-4_5,minicpm-v-4_5,proxy_anchor,repope,Diag-kNN-scale-grid,cal,cal,cal,pooled,0.5,20260506,1,k=1,1530,1530,794,True,passed,,0.9760705289672544,0.5,0.0,0.0,0.0,0.9153820033955857,0.14636178272251132,0.16588111359580548,0.05263157894736842,0.2296774193548387,0.5,794.0
scale_candidate,minicpm-v-4_5,minicpm-v-4_5,proxy_anchor,repope,Diag-kNN-scale-grid,cal,cal,cal,pooled,0.5,20260506,2,k=2,1530,1530,794,True,passed,,0.9760705289672544,0.5,0.0,0.0,0.0,0.9138200339558574,0.20375115727710286,0.22085394561635563,0.05263157894736842,0.2335483870967742,0.5,794.0
scale_candidate,minicpm-v-4_5,minicpm-v-4_5,proxy_anchor,repope,Diag-kNN-scale-grid,cal,cal,cal,pooled,0.5,20260506,4,k=4,1530,1530,794,True,passed,,0.9760705289672544,0.5,0.0,0.0,0.0,0.9396264855687606,0.3383822366898123,0.3522217113239943,0.2631578947368421,0.1367741935483871,0.5,794.0
scale_candidate,minicpm-v-4_5,minicpm-v-4_5,proxy_anchor,repope,Diag-kNN-scale-grid,cal,cal,cal,pooled,0.5,20260506,8,k=8,1530,1530,794,True,passed,,0.9760705289672544,0.5,0.0,0.0,0.0,0.9449235993208828,0.45194955208052334,0.45999988855968205,0.3684210526315789,0.1135483870967742,0.5,794.0
scale_candidate,minicpm-v-4_5,minicpm-v-4_5,proxy_anchor,repope,Diag-kNN-scale-grid,cal,cal,cal,pooled,0.5,20260506,16,k=16,1530,1530,794,True,passed,,0.9760705289672544,0.5,0.0,0.0,0.0,0.9530730050933787,0.4592674673766636,0.46920123061662233,0.3684210526315789,0.10838709677419354,0.5,794.0
scale_candidate,minicpm-v-4_5,minicpm-v-4_5,proxy_anchor,repope,Diag-kNN-scale-grid,cal,cal,cal,pooled,0.5,20260506,32,k=32,1530,1530,794,True,passed,,0.9760705289672544,0.5,0.0,0.0,0.0,0.9560611205432938,0.5078247909406419,0.5194629447275012,0.5263157894736842,0.1329032258064516,0.5,794.0
scale_candidate,minicpm-v-4_5,minicpm-v-4_5,proxy_anchor,repope,Diag-kNN-scale-grid,test,test,test,pooled,0.5,20260506,1,k=1,1530,1530,1589,True,passed,,0.9767149150409062,0.5,0.0,0.0,0.0,0.9305516857063248,0.2678841184976276,0.27969533860847734,0.1891891891891892,0.17268041237113402,0.5,1589.0
scale_candidate,minicpm-v-4_5,minicpm-v-4_5,proxy_anchor,repope,Diag-kNN-scale-grid,test,test,test,pooled,0.5,20260506,2,k=2,1530,1530,1589,True,passed,,0.9767149150409062,0.5,0.0,0.0,0.0,0.931143772638618,0.2698759908749686,0.2819647875867647,0.1891891891891892,0.1791237113402062,0.5,1589.0
scale_candidate,minicpm-v-4_5,minicpm-v-4_5,proxy_anchor,repope,Diag-kNN-scale-grid,test,test,test,pooled,0.5,20260506,4,k=4,1530,1530,1589,True,passed,,0.9767149150409062,0.5,0.0,0.0,0.0,0.9321189746447478,0.3031878176394666,0.31833445458238013,0.21621621621621623,0.18105670103092783,0.5,1589.0
scale_candidate,minicpm-v-4_5,minicpm-v-4_5,proxy_anchor,repope,Diag-kNN-scale-grid,test,test,test,pooled,0.5,20260506,8,k=8,1530,1530,1589,True,passed,,0.9767149150409062,0.5,0.0,0.0,0.0,0.9504040122596824,0.33445235877609875,0.3497031958602194,0.2972972972972973,0.14239690721649484,0.5,1589.0
scale_candidate,minicpm-v-4_5,minicpm-v-4_5,proxy_anchor,repope,Diag-kNN-scale-grid,test,test,test,pooled,0.5,20260506,16,k=16,1530,1530,1589,True,passed,,0.9767149150409062,0.5,0.0,0.0,0.0,0.9560984954026192,0.3571231597299425,0.37256666849454284,0.32432432432432434,0.12435567010309279,0.5,1589.0
scale_candidate,minicpm-v-4_5,minicpm-v-4_5,proxy_anchor,repope,Diag-kNN-scale-grid,test,test,test,pooled,0.5,20260506,32,k=32,1530,1530,1589,True,passed,,0.9767149150409062,0.5,0.0,0.0,0.0,0.9574568124825856,0.35705805283801867,0.3725334522421985,0.32432432432432434,0.12242268041237113,0.5,1589.0
scale_candidate,minicpm-v-4_5,minicpm-v-4_5,proxy_anchor,pope,Diag-kNN-scale-grid,test,test,test,pooled,0.5,20260506,1,k=1,1587,1587,1620,True,passed,,0.975925925925926,0.5,0.0,0.0,0.0,0.8918243889780891,0.1547109478822177,0.1695361669982345,0.20512820512820512,0.3371283997469956,0.5,1620.0
scale_candidate,minicpm-v-4_5,minicpm-v-4_5,proxy_anchor,pope,Diag-kNN-scale-grid,test,test,test,pooled,0.5,20260506,2,k=2,1587,1587,1620,True,passed,,0.975925925925926,0.5,0.0,0.0,0.0,0.8904620574449796,0.15403595785833543,0.1687876626198889,0.20512820512820512,0.349146110056926,0.5,1620.0
scale_candidate,minicpm-v-4_5,minicpm-v-4_5,proxy_anchor,pope,Diag-kNN-scale-grid,test,test,test,pooled,0.5,20260506,4,k=4,1587,1587,1620,True,passed,,0.975925925925926,0.5,0.0,0.0,0.0,0.897014223389935,0.15030443408447858,0.16522017003050085,0.1282051282051282,0.2928526249209361,0.5,1620.0
scale_candidate,minicpm-v-4_5,minicpm-v-4_5,proxy_anchor,pope,Diag-kNN-scale-grid,test,test,test,pooled,0.5,20260506,8,k=8,1587,1587,1620,True,passed,,0.975925925925926,0.5,0.0,0.0,0.0,0.9021229666390956,0.22002416543293501,0.2252370766202423,0.1282051282051282,0.23845667299177736,0.5,1620.0
scale_candidate,minicpm-v-4_5,minicpm-v-4_5,proxy_anchor,pope,Diag-kNN-scale-grid,test,test,test,pooled,0.5,20260506,16,k=16,1587,1587,1620,True,passed,,0.975925925925926,0.5,0.0,0.0,0.0,0.9071830551906452,0.2120392240086884,0.21625080539152797,0.10256410256410256,0.17900063251106893,0.5,1620.0
scale_candidate,minicpm-v-4_5,minicpm-v-4_5,proxy_anchor,pope,Diag-kNN-scale-grid,test,test,test,pooled,0.5,20260506,32,k=32,1587,1587,1620,True,passed,,0.975925925925926,0.5,0.0,0.0,0.0,0.9158111549003389,0.24074650435048478,0.2463878318129284,0.10256410256410256,0.18975332068311196,0.5,1620.0
scale_candidate,minicpm-v-4_5,minicpm-v-4_5,proxy_anchor,dash-b,Diag-kNN-scale-grid,test,test,test,pooled,0.5,20260506,1,k=1,391,391,432,True,passed,,0.7407407407407407,0.5,0.0,0.0,0.0,0.8160156249999999,0.5075542516072803,0.5127272650343633,0.03571428571428571,0.4875,0.5,432.0
scale_candidate,minicpm-v-4_5,minicpm-v-4_5,proxy_anchor,dash-b,Diag-kNN-scale-grid,test,test,test,pooled,0.5,20260506,2,k=2,391,391,432,True,passed,,0.7407407407407407,0.5,0.0,0.0,0.0,0.8344866071428572,0.5269014499059919,0.5320771869876187,0.044642857142857144,0.46875,0.5,432.0
scale_candidate,minicpm-v-4_5,minicpm-v-4_5,proxy_anchor,dash-b,Diag-kNN-scale-grid,test,test,test,pooled,0.5,20260506,4,k=4,391,391,432,True,passed,,0.7407407407407407,0.5,0.0,0.0,0.0,0.8340401785714285,0.5337594897848585,0.5377466121184789,0.044642857142857144,0.44375,0.5,432.0
scale_candidate,minicpm-v-4_5,minicpm-v-4_5,proxy_anchor,dash-b,Diag-kNN-scale-grid,test,test,test,pooled,0.5,20260506,8,k=8,391,391,432,True,passed,,0.7407407407407407,0.5,0.0,0.0,0.0,0.8321428571428572,0.5233897534444796,0.5307342399587253,0.026785714285714284,0.45625,0.5,432.0
scale_candidate,minicpm-v-4_5,minicpm-v-4_5,proxy_anchor,dash-b,Diag-kNN-scale-grid,test,test,test,pooled,0.5,20260506,16,k=16,391,391,432,True,passed,,0.7407407407407407,0.5,0.0,0.0,0.0,0.8139787946428573,0.5133381212161598,0.5206297325782427,0.03571428571428571,0.49375,0.5,432.0
scale_candidate,minicpm-v-4_5,minicpm-v-4_5,proxy_anchor,dash-b,Diag-kNN-scale-grid,test,test,test,pooled,0.5,20260506,32,k=32,391,391,432,True,passed,,0.7384259259259259,0.4984375,0.0,0.0,0.0,0.7831473214285715,0.49754362510572464,0.5048251310100508,0.03571428571428571,0.740625,0.5,432.0
scale_candidate,minicpm-v-4_5,minicpm-v-4_5,proxy_anchor,repope,Diag-kNN-scale-grid,cal,cal,cal,pooled,0.5,20260507,1,k=1,1530,1530,794,True,passed,,0.9760705289672544,0.5,0.0,0.0,0.0,0.8994227504244482,0.3108538257120712,0.3241890977360229,0.3157894736842105,0.3096774193548387,0.5,794.0
scale_candidate,minicpm-v-4_5,minicpm-v-4_5,proxy_anchor,repope,Diag-kNN-scale-grid,cal,cal,cal,pooled,0.5,20260507,2,k=2,1530,1530,794,True,passed,,0.9760705289672544,0.5,0.0,0.0,0.0,0.9014601018675721,0.31033337216704726,0.32363323087746676,0.3157894736842105,0.31870967741935485,0.5,794.0
scale_candidate,minicpm-v-4_5,minicpm-v-4_5,proxy_anchor,repope,Diag-kNN-scale-grid,cal,cal,cal,pooled,0.5,20260507,4,k=4,1530,1530,794,True,passed,,0.9760705289672544,0.5,0.0,0.0,0.0,0.9101528013582343,0.3336990518468248,0.3479419789524092,0.3157894736842105,0.30709677419354836,0.5,794.0
scale_candidate,minicpm-v-4_5,minicpm-v-4_5,proxy_anchor,repope,Diag-kNN-scale-grid,cal,cal,cal,pooled,0.5,20260507,8,k=8,1530,1530,794,True,passed,,0.9760705289672544,0.5,0.0,0.0,0.0,0.9066213921901528,0.3032664398504475,0.32107563078137336,0.3157894736842105,0.29419354838709677,0.5,794.0
scale_candidate,minicpm-v-4_5,minicpm-v-4_5,proxy_anchor,repope,Diag-kNN-scale-grid,cal,cal,cal,pooled,0.5,20260507,16,k=16,1530,1530,794,True,passed,,0.9760705289672544,0.5,0.0,0.0,0.0,0.9229202037351444,0.3104419729416124,0.3289154656917014,0.2631578947368421,0.15096774193548387,0.5,794.0
scale_candidate,minicpm-v-4_5,minicpm-v-4_5,proxy_anchor,repope,Diag-kNN-scale-grid,cal,cal,cal,pooled,0.5,20260507,32,k=32,1530,1530,794,True,passed,,0.9760705289672544,0.5,0.0,0.0,0.0,0.9433616298811545,0.39900376429231266,0.4193251827091844,0.42105263157894735,0.13806451612903226,0.5,794.0
scale_candidate,minicpm-v-4_5,minicpm-v-4_5,proxy_anchor,repope,Diag-kNN-scale-grid,test,test,test,pooled,0.5,20260507,1,k=1,1530,1530,1589,True,passed,,0.9767149150409062,0.5,0.0,0.0,0.0,0.8984222624686542,0.11351973983604352,0.125212200374316,0.08108108108108109,0.3286082474226804,0.5,1589.0
scale_candidate,minicpm-v-4_5,minicpm-v-4_5,proxy_anchor,repope,Diag-kNN-scale-grid,test,test,test,pooled,0.5,20260507,2,k=2,1530,1530,1589,True,passed,,0.9767149150409062,0.5,0.0,0.0,0.0,0.9071816662022848,0.12165338208025608,0.13415403009934213,0.05405405405405406,0.23260309278350516,0.5,1589.0
scale_candidate,minicpm-v-4_5,minicpm-v-4_5,proxy_anchor,repope,Diag-kNN-scale-grid,test,test,test,pooled,0.5,20260507,4,k=4,1530,1530,1589,True,passed,,0.9767149150409062,0.5,0.0,0.0,0.0,0.911012816940652,0.1337415115148553,0.1524190255672765,0.10810810810810811,0.25193298969072164,0.5,1589.0
scale_candidate,minicpm-v-4_5,minicpm-v-4_5,proxy_anchor,repope,Diag-kNN-scale-grid,test,test,test,pooled,0.5,20260507,8,k=8,1530,1530,1589,True,passed,,0.9767149150409062,0.5,0.0,0.0,0.0,0.9213917525773196,0.2206262432007151,0.2284296577426048,0.13513513513513514,0.19136597938144329,0.5,1589.0
scale_candidate,minicpm-v-4_5,minicpm-v-4_5,proxy_anchor,repope,Diag-kNN-scale-grid,test,test,test,pooled,0.5,20260507,16,k=16,1530,1530,1589,True,passed,,0.9767149150409062,0.5,0.0,0.0,0.0,0.9290540540540542,0.2541067538007506,0.26568150837046506,0.1891891891891892,0.19845360824742267,0.5,1589.0
scale_candidate,minicpm-v-4_5,minicpm-v-4_5,proxy_anchor,repope,Diag-kNN-scale-grid,test,test,test,pooled,0.5,20260507,32,k=32,1530,1530,1589,True,passed,,0.9767149150409062,0.5,0.0,0.0,0.0,0.9331115909724157,0.29405610004853855,0.30688637011144637,0.2702702702702703,0.22036082474226804,0.5,1589.0
scale_candidate,minicpm-v-4_5,minicpm-v-4_5,proxy_anchor,pope,Diag-kNN-scale-grid,test,test,test,pooled,0.5,20260507,1,k=1,1587,1587,1620,True,passed,,0.975925925925926,0.5,0.0,0.0,0.0,0.8430237272742016,0.07742155953242655,0.08327097086967604,0.0,0.3523086654016445,0.5,1620.0
scale_candidate,minicpm-v-4_5,minicpm-v-4_5,proxy_anchor,pope,Diag-kNN-scale-grid,test,test,test,pooled,0.5,20260507,2,k=2,1587,1587,1620,True,passed,,0.975925925925926,0.5,0.0,0.0,0.0,0.851343680565692,0.07926710673194029,0.0851423416088225,0.0,0.3497786211258697,0.5,1620.0
scale_candidate,minicpm-v-4_5,minicpm-v-4_5,proxy_anchor,pope,Diag-kNN-scale-grid,test,test,test,pooled,0.5,20260507,4,k=4,1587,1587,1620,True,passed,,0.975925925925926,0.5,0.0,0.0,0.0,0.850516550706304,0.07683204033829398,0.08268720675965054,0.0,0.3200506008855155,0.5,1620.0
scale_candidate,minicpm-v-4_5,minicpm-v-4_5,proxy_anchor,pope,Diag-kNN-scale-grid,test,test,test,pooled,0.5,20260507,8,k=8,1587,1587,1620,True,passed,,0.975925925925926,0.5,0.0,0.0,0.0,0.8552036199095023,0.07908635686436624,0.08715718666571831,0.05128205128205128,0.2783048703352309,0.5,1620.0
scale_candidate,minicpm-v-4_5,minicpm-v-4_5,proxy_anchor,pope,Diag-kNN-scale-grid,test,test,test,pooled,0.5,20260507,16,k=16,1587,1587,1620,True,passed,,0.975925925925926,0.5,0.0,0.0,0.0,0.855025219351595,0.12881157052714312,0.13229276274883142,0.05128205128205128,0.27071473750790637,0.5,1620.0
scale_candidate,minicpm-v-4_5,minicpm-v-4_5,proxy_anchor,pope,Diag-kNN-scale-grid,test,test,test,pooled,0.5,20260507,32,k=32,1587,1587,1620,True,passed,,0.975925925925926,0.5,0.0,0.0,0.0,0.8756710293712191,0.16014646561919488,0.16547623231704328,0.15384615384615385,0.28969006957621757,0.5,1620.0
scale_candidate,minicpm-v-4_5,minicpm-v-4_5,proxy_anchor,dash-b,Diag-kNN-scale-grid,test,test,test,pooled,0.5,20260507,1,k=1,391,391,432,True,passed,,0.7407407407407407,0.5,0.0,0.0,0.0,0.8017299107142858,0.5111928373959207,0.5182972158995949,0.0625,0.678125,0.5,432.0
scale_candidate,minicpm-v-4_5,minicpm-v-4_5,proxy_anchor,dash-b,Diag-kNN-scale-grid,test,test,test,pooled,0.5,20260507,2,k=2,391,391,432,True,passed,,0.7407407407407407,0.5,0.0,0.0,0.0,0.8071428571428572,0.5014297140279536,0.5086425974247297,0.0625,0.48125,0.5,432.0
scale_candidate,minicpm-v-4_5,minicpm-v-4_5,proxy_anchor,dash-b,Diag-kNN-scale-grid,test,test,test,pooled,0.5,20260507,4,k=4,391,391,432,True,passed,,0.7407407407407407,0.5,0.0,0.0,0.0,0.8058314732142857,0.47645564105183164,0.48384086359532585,0.026785714285714284,0.41875,0.5,432.0
scale_candidate,minicpm-v-4_5,minicpm-v-4_5,proxy_anchor,dash-b,Diag-kNN-scale-grid,test,test,test,pooled,0.5,20260507,8,k=8,391,391,432,True,passed,,0.7407407407407407,0.5,0.0,0.0,0.0,0.8013113839285715,0.4641987963495126,0.4707748824324804,0.044642857142857144,0.3875,0.5,432.0
scale_candidate,minicpm-v-4_5,minicpm-v-4_5,proxy_anchor,dash-b,Diag-kNN-scale-grid,test,test,test,pooled,0.5,20260507,16,k=16,391,391,432,True,passed,,0.7407407407407407,0.5,0.0,0.0,0.0,0.7908203125,0.45204259459613205,0.4575616815986761,0.0,0.4375,0.5,432.0
scale_candidate,minicpm-v-4_5,minicpm-v-4_5,proxy_anchor,dash-b,Diag-kNN-scale-grid,test,test,test,pooled,0.5,20260507,32,k=32,391,391,432,True,passed,,0.7407407407407407,0.5,0.0,0.0,0.0,0.7756138392857144,0.44450156348220216,0.449441828160775,0.0,0.61875,0.5,432.0
scale_candidate,minicpm-v-4_5,minicpm-v-4_5,proxy_anchor,repope,Diag-kNN-scale-grid,cal,cal,cal,pooled,0.5,20260508,1,k=1,1530,1530,794,True,passed,,0.9760705289672544,0.5,0.0,0.0,0.0,0.8563667232597623,0.09798936639793439,0.11956351282454228,0.0,0.3870967741935484,0.5,794.0
scale_candidate,minicpm-v-4_5,minicpm-v-4_5,proxy_anchor,repope,Diag-kNN-scale-grid,cal,cal,cal,pooled,0.5,20260508,2,k=2,1530,1530,794,True,passed,,0.9760705289672544,0.5,0.0,0.0,0.0,0.8624108658743633,0.11976763907151905,0.1432669928059595,0.0,0.40903225806451615,0.5,794.0
scale_candidate,minicpm-v-4_5,minicpm-v-4_5,proxy_anchor,repope,Diag-kNN-scale-grid,cal,cal,cal,pooled,0.5,20260508,4,k=4,1530,1530,794,True,passed,,0.9760705289672544,0.5,0.0,0.0,0.0,0.8592869269949066,0.10953536922769759,0.13127738448361678,0.0,0.3574193548387097,0.5,794.0
scale_candidate,minicpm-v-4_5,minicpm-v-4_5,proxy_anchor,repope,Diag-kNN-scale-grid,cal,cal,cal,pooled,0.5,20260508,8,k=8,1530,1530,794,True,passed,,0.9760705289672544,0.5,0.0,0.0,0.0,0.8675042444821732,0.10613729207371699,0.1352360671711864,0.10526315789473684,0.3535483870967742,0.5,794.0
scale_candidate,minicpm-v-4_5,minicpm-v-4_5,proxy_anchor,repope,Diag-kNN-scale-grid,cal,cal,cal,pooled,0.5,20260508,16,k=16,1530,1530,794,True,passed,,0.9760705289672544,0.5,0.0,0.0,0.0,0.8717147707979627,0.09989900522585776,0.13034633800722392,0.10526315789473684,0.3548387096774194,0.5,794.0
scale_candidate,minicpm-v-4_5,minicpm-v-4_5,proxy_anchor,repope,Diag-kNN-scale-grid,cal,cal,cal,pooled,0.5,20260508,32,k=32,1530,1530,794,True,passed,,0.9760705289672544,0.5,0.0,0.0,0.0,0.8787775891341256,0.0995781603481415,0.12934127427244774,0.10526315789473684,0.2296774193548387,0.5,794.0
scale_candidate,minicpm-v-4_5,minicpm-v-4_5,proxy_anchor,repope,Diag-kNN-scale-grid,test,test,test,pooled,0.5,20260508,1,k=1,1530,1530,1589,True,passed,,0.9767149150409062,0.5,0.0,0.0,0.0,0.8176546391752577,0.06566403398508473,0.07691426134851122,0.08108108108108109,0.42783505154639173,0.5,1589.0
scale_candidate,minicpm-v-4_5,minicpm-v-4_5,proxy_anchor,repope,Diag-kNN-scale-grid,test,test,test,pooled,0.5,20260508,2,k=2,1530,1530,1589,True,passed,,0.9767149150409062,0.5,0.0,0.0,0.0,0.825734884368905,0.06881617081924535,0.0802041082959485,0.08108108108108109,0.4497422680412371,0.5,1589.0
scale_candidate,minicpm-v-4_5,minicpm-v-4_5,proxy_anchor,repope,Diag-kNN-scale-grid,test,test,test,pooled,0.5,20260508,4,k=4,1530,1530,1589,True,passed,,0.9767149150409062,0.5,0.0,0.0,0.0,0.8244810532181667,0.0692964607669555,0.08067809185837066,0.08108108108108109,0.41365979381443296,0.5,1589.0
scale_candidate,minicpm-v-4_5,minicpm-v-4_5,proxy_anchor,repope,Diag-kNN-scale-grid,test,test,test,pooled,0.5,20260508,8,k=8,1530,1530,1589,True,passed,,0.9767149150409062,0.5,0.0,0.0,0.0,0.8350689607132906,0.0786101016499935,0.08858616995648044,0.0,0.36791237113402064,0.5,1589.0
scale_candidate,minicpm-v-4_5,minicpm-v-4_5,proxy_anchor,repope,Diag-kNN-scale-grid,test,test,test,pooled,0.5,20260508,16,k=16,1530,1530,1589,True,passed,,0.9767149150409062,0.5,0.0,0.0,0.0,0.8274066592365561,0.10461350969108046,0.11228589433134939,0.05405405405405406,0.33762886597938147,0.5,1589.0
scale_candidate,minicpm-v-4_5,minicpm-v-4_5,proxy_anchor,repope,Diag-kNN-scale-grid,test,test,test,pooled,0.5,20260508,32,k=32,1530,1530,1589,True,passed,,0.9767149150409062,0.5,0.0,0.0,0.0,0.8296182780718864,0.10057278134560374,0.10751816000618741,0.05405405405405406,0.30670103092783507,0.5,1589.0
scale_candidate,minicpm-v-4_5,minicpm-v-4_5,proxy_anchor,pope,Diag-kNN-scale-grid,test,test,test,pooled,0.5,20260508,1,k=1,1587,1587,1620,True,passed,,0.975925925925926,0.5,0.0,0.0,0.0,0.7110721873530222,0.03873637151095481,0.04242850159253617,0.0,0.5660974067046173,0.5,1620.0
scale_candidate,minicpm-v-4_5,minicpm-v-4_5,proxy_anchor,pope,Diag-kNN-scale-grid,test,test,test,pooled,0.5,20260508,2,k=2,1587,1587,1620,True,passed,,0.975925925925926,0.5,0.0,0.0,0.0,0.7150618725571287,0.040177256408520885,0.04387363522278826,0.0,0.5869702719797596,0.5,1620.0
scale_candidate,minicpm-v-4_5,minicpm-v-4_5,proxy_anchor,pope,Diag-kNN-scale-grid,test,test,test,pooled,0.5,20260508,4,k=4,1587,1587,1620,True,passed,,0.975925925925926,0.5,0.0,0.0,0.0,0.719716505295253,0.04135474951409268,0.04585441736892817,0.0,0.5275142314990512,0.5,1620.0
scale_candidate,minicpm-v-4_5,minicpm-v-4_5,proxy_anchor,pope,Diag-kNN-scale-grid,test,test,test,pooled,0.5,20260508,8,k=8,1587,1587,1620,True,passed,,0.975925925925926,0.5,0.0,0.0,0.0,0.7300150829562594,0.04325108250632397,0.048914904334552936,0.0,0.48956356736242884,0.5,1620.0
scale_candidate,minicpm-v-4_5,minicpm-v-4_5,proxy_anchor,pope,Diag-kNN-scale-grid,test,test,test,pooled,0.5,20260508,16,k=16,1587,1587,1620,True,passed,,0.975925925925926,0.5,0.0,0.0,0.0,0.744725019867335,0.04761871691283169,0.0546383554504667,0.0,0.4604680581910183,0.5,1620.0
scale_candidate,minicpm-v-4_5,minicpm-v-4_5,proxy_anchor,pope,Diag-kNN-scale-grid,test,test,test,pooled,0.5,20260508,32,k=32,1587,1587,1620,True,passed,,0.975925925925926,0.5,0.0,0.0,0.0,0.7560453461781735,0.05490918902552723,0.06602181268451174,0.02564102564102564,0.42125237191650855,0.5,1620.0
scale_candidate,minicpm-v-4_5,minicpm-v-4_5,proxy_anchor,dash-b,Diag-kNN-scale-grid,test,test,test,pooled,0.5,20260508,1,k=1,391,391,432,True,passed,,0.7407407407407407,0.5,0.0,0.0,0.0,0.7793526785714286,0.5462352039816071,0.5506867299511897,0.13392857142857142,0.634375,0.5,432.0
scale_candidate,minicpm-v-4_5,minicpm-v-4_5,proxy_anchor,dash-b,Diag-kNN-scale-grid,test,test,test,pooled,0.5,20260508,2,k=2,391,391,432,True,passed,,0.7407407407407407,0.5,0.0,0.0,0.0,0.7827566964285714,0.5257071991370302,0.5304355940244172,0.08035714285714286,0.590625,0.5,432.0
scale_candidate,minicpm-v-4_5,minicpm-v-4_5,proxy_anchor,dash-b,Diag-kNN-scale-grid,test,test,test,pooled,0.5,20260508,4,k=4,391,391,432,True,passed,,0.7407407407407407,0.5,0.0,0.0,0.0,0.7824497767857143,0.5066333023537632,0.5116310171154951,0.03571428571428571,0.55625,0.5,432.0
scale_candidate,minicpm-v-4_5,minicpm-v-4_5,proxy_anchor,dash-b,Diag-kNN-scale-grid,test,test,test,pooled,0.5,20260508,8,k=8,391,391,432,True,passed,,0.7407407407407407,0.5,0.0,0.0,0.0,0.7486049107142857,0.4435301146405018,0.4486168760277237,0.044642857142857144,0.63125,0.5,432.0
scale_candidate,minicpm-v-4_5,minicpm-v-4_5,proxy_anchor,dash-b,Diag-kNN-scale-grid,test,test,test,pooled,0.5,20260508,16,k=16,391,391,432,True,passed,,0.7407407407407407,0.5,0.0,0.0,0.0,0.6920200892857142,0.3675795890307325,0.3722471150006355,0.05357142857142857,0.690625,0.5,432.0
scale_candidate,minicpm-v-4_5,minicpm-v-4_5,proxy_anchor,dash-b,Diag-kNN-scale-grid,test,test,test,pooled,0.5,20260508,32,k=32,391,391,432,True,passed,,0.7407407407407407,0.5,0.0,0.0,0.0,0.6329241071428572,0.33428146134870707,0.3388956976881976,0.03571428571428571,0.715625,0.5,432.0
scale_candidate,llava-v1.5-7b,llava-v1.5-7b,proxy_anchor,repope,Diag-kNN-scale-grid,cal,cal,cal,pooled,0.5,20260506,1,k=1,1461,1461,784,True,passed,,0.9349489795918368,0.5,0.0,0.0,0.0,0.9146938447957629,0.37047654681388986,0.38807540436568666,0.13725490196078433,0.22510231923601637,0.5,784.0
scale_candidate,llava-v1.5-7b,llava-v1.5-7b,proxy_anchor,repope,Diag-kNN-scale-grid,cal,cal,cal,pooled,0.5,20260506,2,k=2,1461,1461,784,True,passed,,0.9349489795918368,0.5,0.0,0.0,0.0,0.9175026081373886,0.3866120850663706,0.4038392604749302,0.17647058823529413,0.23601637107776263,0.5,784.0
scale_candidate,llava-v1.5-7b,llava-v1.5-7b,proxy_anchor,repope,Diag-kNN-scale-grid,cal,cal,cal,pooled,0.5,20260506,4,k=4,1461,1461,784,True,passed,,0.9349489795918368,0.5,0.0,0.0,0.0,0.91423909263569,0.4027150650573372,0.41788654873361725,0.21568627450980393,0.24693042291950887,0.5,784.0
scale_candidate,llava-v1.5-7b,llava-v1.5-7b,proxy_anchor,repope,Diag-kNN-scale-grid,cal,cal,cal,pooled,0.5,20260506,8,k=8,1461,1461,784,True,passed,,0.9349489795918368,0.5,0.0,0.0,0.0,0.9071770590910307,0.3586994580395378,0.37301674027333354,0.27450980392156865,0.23328785811732605,0.5,784.0
scale_candidate,llava-v1.5-7b,llava-v1.5-7b,proxy_anchor,repope,Diag-kNN-scale-grid,cal,cal,cal,pooled,0.5,20260506,16,k=16,1461,1461,784,True,passed,,0.9349489795918368,0.5,0.0,0.0,0.0,0.9139180911109328,0.4380605043381461,0.4481358560748582,0.29411764705882354,0.2578444747612551,0.5,784.0
scale_candidate,llava-v1.5-7b,llava-v1.5-7b,proxy_anchor,repope,Diag-kNN-scale-grid,cal,cal,cal,pooled,0.5,20260506,32,k=32,1461,1461,784,True,passed,,0.9349489795918368,0.5,0.0,0.0,0.0,0.9178503597892089,0.49697010339199416,0.5071593146366419,0.3137254901960784,0.3424283765347885,0.5,784.0
scale_candidate,llava-v1.5-7b,llava-v1.5-7b,proxy_anchor,repope,Diag-kNN-scale-grid,test,test,test,pooled,0.5,20260506,1,k=1,1461,1461,1593,True,passed,,0.9240426867545511,0.5,0.0,0.0,0.0,0.8977665738411786,0.4575985616324667,0.4618861775582576,0.2066115702479339,0.3023097826086957,0.5,1593.0
scale_candidate,llava-v1.5-7b,llava-v1.5-7b,proxy_anchor,repope,Diag-kNN-scale-grid,test,test,test,pooled,0.5,20260506,2,k=2,1461,1461,1593,True,passed,,0.9240426867545511,0.5,0.0,0.0,0.0,0.8979574649658641,0.4648594752336383,0.4691004967065001,0.21487603305785125,0.3342391304347826,0.5,1593.0
scale_candidate,llava-v1.5-7b,llava-v1.5-7b,proxy_anchor,repope,Diag-kNN-scale-grid,test,test,test,pooled,0.5,20260506,4,k=4,1461,1461,1593,True,passed,,0.9240426867545511,0.5,0.0,0.0,0.0,0.9001527128997484,0.4704353699387263,0.47552560655624865,0.2644628099173554,0.37907608695652173,0.5,1593.0
scale_candidate,llava-v1.5-7b,llava-v1.5-7b,proxy_anchor,repope,Diag-kNN-scale-grid,test,test,test,pooled,0.5,20260506,8,k=8,1461,1461,1593,True,passed,,0.9240426867545511,0.5,0.0,0.0,0.0,0.902179527488322,0.45700651450872276,0.46207173051161016,0.24793388429752067,0.39741847826086957,0.5,1593.0
scale_candidate,llava-v1.5-7b,llava-v1.5-7b,proxy_anchor,repope,Diag-kNN-scale-grid,test,test,test,pooled,0.5,20260506,16,k=16,1461,1461,1593,True,passed,,0.9240426867545511,0.5,0.0,0.0,0.0,0.8961776859504132,0.4570108509136046,0.4618005541588131,0.24793388429752067,0.37092391304347827,0.5,1593.0
scale_candidate,llava-v1.5-7b,llava-v1.5-7b,proxy_anchor,repope,Diag-kNN-scale-grid,test,test,test,pooled,0.5,20260506,32,k=32,1461,1461,1593,True,passed,,0.9240426867545511,0.5,0.0,0.0,0.0,0.8937185591088752,0.4688048232332789,0.4736098968367566,0.24793388429752067,0.35665760869565216,0.5,1593.0
scale_candidate,llava-v1.5-7b,llava-v1.5-7b,proxy_anchor,pope,Diag-kNN-scale-grid,test,test,test,pooled,0.5,20260506,1,k=1,1562,1562,1674,True,passed,,0.9366786140979689,0.5,0.0,0.0,0.0,0.8432265594917212,0.24624622526575984,0.2514544815133605,0.07547169811320754,0.46683673469387754,0.5,1674.0
scale_candidate,llava-v1.5-7b,llava-v1.5-7b,proxy_anchor,pope,Diag-kNN-scale-grid,test,test,test,pooled,0.5,20260506,2,k=2,1562,1562,1674,True,passed,,0.9366786140979689,0.5,0.0,0.0,0.0,0.8393037639584136,0.24047006364086176,0.24555387736976245,0.07547169811320754,0.4917091836734694,0.5,1674.0
scale_candidate,llava-v1.5-7b,llava-v1.5-7b,proxy_anchor,pope,Diag-kNN-scale-grid,test,test,test,pooled,0.5,20260506,4,k=4,1562,1562,1674,True,passed,,0.9366786140979689,0.5,0.0,0.0,0.0,0.8426429534077782,0.2580059450195243,0.2628285055437627,0.07547169811320754,0.48533163265306123,0.5,1674.0
scale_candidate,llava-v1.5-7b,llava-v1.5-7b,proxy_anchor,pope,Diag-kNN-scale-grid,test,test,test,pooled,0.5,20260506,8,k=8,1562,1562,1674,True,passed,,0.9366786140979689,0.5,0.0,0.0,0.0,0.8432807085098191,0.24837141897220452,0.25294686472402383,0.07547169811320754,0.4419642857142857,0.5,1674.0
scale_candidate,llava-v1.5-7b,llava-v1.5-7b,proxy_anchor,pope,Diag-kNN-scale-grid,test,test,test,pooled,0.5,20260506,16,k=16,1562,1562,1674,True,passed,,0.9366786140979689,0.5,0.0,0.0,0.0,0.8362593858298036,0.23813451149165935,0.242300604282389,0.04716981132075472,0.4094387755102041,0.5,1674.0
scale_candidate,llava-v1.5-7b,llava-v1.5-7b,proxy_anchor,pope,Diag-kNN-scale-grid,test,test,test,pooled,0.5,20260506,32,k=32,1562,1562,1674,True,passed,,0.9366786140979689,0.5,0.0,0.0,0.0,0.8332270408163265,0.2477890944811964,0.25216121525289253,0.04716981132075472,0.3909438775510204,0.5,1674.0
scale_candidate,llava-v1.5-7b,llava-v1.5-7b,proxy_anchor,dash-b,Diag-kNN-scale-grid,test,test,test,pooled,0.5,20260506,1,k=1,281,281,442,True,passed,,0.4502262443438914,0.5,0.0,0.0,0.0,0.6854436793018592,0.6305767697268071,0.6328808129587196,0.0,0.7638190954773869,0.5,442.0
scale_candidate,llava-v1.5-7b,llava-v1.5-7b,proxy_anchor,dash-b,Diag-kNN-scale-grid,test,test,test,pooled,0.5,20260506,2,k=2,281,281,442,True,passed,,0.4502262443438914,0.5,0.0,0.0,0.0,0.6810389395537357,0.6263613700931985,0.6287530966127922,0.0,0.7286432160804021,0.5,442.0
scale_candidate,llava-v1.5-7b,llava-v1.5-7b,proxy_anchor,dash-b,Diag-kNN-scale-grid,test,test,test,pooled,0.5,20260506,4,k=4,281,281,442,True,passed,,0.4502262443438914,0.5,0.0,0.0,0.0,0.6820729160204313,0.6366070117128988,0.6397309091275254,0.0,0.7989949748743719,0.5,442.0
scale_candidate,llava-v1.5-7b,llava-v1.5-7b,proxy_anchor,dash-b,Diag-kNN-scale-grid,test,test,test,pooled,0.5,20260506,8,k=8,281,281,442,True,passed,,0.4502262443438914,0.5,0.0,0.0,0.0,0.679570692971028,0.6507285032690446,0.6544007041395445,0.00823045267489712,0.7437185929648241,0.5,442.0
scale_candidate,llava-v1.5-7b,llava-v1.5-7b,proxy_anchor,dash-b,Diag-kNN-scale-grid,test,test,test,pooled,0.5,20260506,16,k=16,281,281,442,True,passed,,0.4502262443438914,0.5,0.0,0.0,0.0,0.6618483363318651,0.6685102854553825,0.6718200792964192,0.02880658436213992,0.7437185929648241,0.5,442.0
scale_candidate,llava-v1.5-7b,llava-v1.5-7b,proxy_anchor,dash-b,Diag-kNN-scale-grid,test,test,test,pooled,0.5,20260506,32,k=32,281,281,442,True,passed,,0.4502262443438914,0.5,0.0,0.0,0.0,0.6546518601236637,0.6718476502349027,0.6750730136313523,0.0411522633744856,0.7738693467336684,0.5,442.0
scale_candidate,llava-v1.5-7b,llava-v1.5-7b,proxy_anchor,repope,Diag-kNN-scale-grid,cal,cal,cal,pooled,0.5,20260507,1,k=1,1461,1461,784,True,passed,,0.9349489795918368,0.5,0.0,0.0,0.0,0.4770082657892625,0.09903746329016709,0.10212800547906704,0.0392156862745098,0.9549795361527967,0.5,784.0
scale_candidate,llava-v1.5-7b,llava-v1.5-7b,proxy_anchor,repope,Diag-kNN-scale-grid,cal,cal,cal,pooled,0.5,20260507,2,k=2,1461,1461,784,True,passed,,0.9349489795918368,0.5,0.0,0.0,0.0,0.4837492978091646,0.10059307180733584,0.10370297023806228,0.0392156862745098,0.9768076398362893,0.5,784.0
scale_candidate,llava-v1.5-7b,llava-v1.5-7b,proxy_anchor,repope,Diag-kNN-scale-grid,cal,cal,cal,pooled,0.5,20260507,4,k=4,1461,1461,784,True,passed,,0.9349489795918368,0.5,0.0,0.0,0.0,0.4485996308482465,0.07049833256825563,0.07851302853674919,0.0392156862745098,0.9386084583901774,0.5,784.0
scale_candidate,llava-v1.5-7b,llava-v1.5-7b,proxy_anchor,repope,Diag-kNN-scale-grid,cal,cal,cal,pooled,0.5,20260507,8,k=8,1461,1461,784,True,passed,,0.9349489795918368,0.5,0.0,0.0,0.0,0.4699729823716663,0.07195297428808711,0.07867954266919436,0.0392156862745098,0.9508867667121419,0.5,784.0
scale_candidate,llava-v1.5-7b,llava-v1.5-7b,proxy_anchor,repope,Diag-kNN-scale-grid,cal,cal,cal,pooled,0.5,20260507,16,k=16,1461,1461,784,True,passed,,0.9349489795918368,0.5,0.0,0.0,0.0,0.5457025920873124,0.11193573712356131,0.12085611455367723,0.0392156862745098,0.9822646657571623,0.5,784.0
scale_candidate,llava-v1.5-7b,llava-v1.5-7b,proxy_anchor,repope,Diag-kNN-scale-grid,cal,cal,cal,pooled,0.5,20260507,32,k=32,1461,1461,784,True,passed,,0.9349489795918368,0.5,0.0,0.0,0.0,0.5863360350961667,0.1375296668878503,0.1473921782639013,0.0392156862745098,1.0,0.5,784.0
scale_candidate,llava-v1.5-7b,llava-v1.5-7b,proxy_anchor,repope,Diag-kNN-scale-grid,test,test,test,pooled,0.5,20260507,1,k=1,1461,1461,1593,True,passed,,0.9240426867545511,0.5,0.0,0.0,0.0,0.608605821056414,0.1754561724738788,0.18256051083961267,0.12396694214876033,0.9599184782608695,0.5,1593.0
scale_candidate,llava-v1.5-7b,llava-v1.5-7b,proxy_anchor,repope,Diag-kNN-scale-grid,test,test,test,pooled,0.5,20260507,2,k=2,1461,1461,1593,True,passed,,0.9240426867545511,0.5,0.0,0.0,0.0,0.5903981764283148,0.16621448553180848,0.17317282216356739,0.09090909090909091,0.9245923913043478,0.5,1593.0
scale_candidate,llava-v1.5-7b,llava-v1.5-7b,proxy_anchor,repope,Diag-kNN-scale-grid,test,test,test,pooled,0.5,20260507,4,k=4,1461,1461,1593,True,passed,,0.9240426867545511,0.5,0.0,0.0,0.0,0.5664694125044916,0.15400804065667328,0.16110988414837374,0.09090909090909091,0.9225543478260869,0.5,1593.0
scale_candidate,llava-v1.5-7b,llava-v1.5-7b,proxy_anchor,repope,Diag-kNN-scale-grid,test,test,test,pooled,0.5,20260507,8,k=8,1461,1461,1593,True,passed,,0.9240426867545511,0.5,0.0,0.0,0.0,0.6331016439094503,0.1741130375024224,0.18146853906997004,0.06611570247933884,0.9123641304347826,0.5,1593.0
scale_candidate,llava-v1.5-7b,llava-v1.5-7b,proxy_anchor,repope,Diag-kNN-scale-grid,test,test,test,pooled,0.5,20260507,16,k=16,1461,1461,1593,True,passed,,0.9240426867545511,0.5,0.0,0.0,0.0,0.6369868397412864,0.178599739763514,0.18535507669953,0.05785123966942149,0.8933423913043478,0.5,1593.0
scale_candidate,llava-v1.5-7b,llava-v1.5-7b,proxy_anchor,repope,Diag-kNN-scale-grid,test,test,test,pooled,0.5,20260507,32,k=32,1461,1461,1593,True,passed,,0.9240426867545511,0.5,0.0,0.0,0.0,0.6305302281710384,0.17299065102197125,0.1782407648377874,0.05785123966942149,0.9130434782608695,0.5,1593.0
scale_candidate,llava-v1.5-7b,llava-v1.5-7b,proxy_anchor,pope,Diag-kNN-scale-grid,test,test,test,pooled,0.5,20260507,1,k=1,1562,1562,1674,True,passed,,0.9366786140979689,0.5,0.0,0.0,0.0,0.5401244224104736,0.08684701186365014,0.09232113803030434,0.04716981132075472,0.8820153061224489,0.5,1674.0
scale_candidate,llava-v1.5-7b,llava-v1.5-7b,proxy_anchor,pope,Diag-kNN-scale-grid,test,test,test,pooled,0.5,20260507,2,k=2,1562,1562,1674,True,passed,,0.9366786140979689,0.5,0.0,0.0,0.0,0.513747834039276,0.08205311251531297,0.08740086067273363,0.04716981132075472,0.920280612244898,0.5,1674.0
scale_candidate,llava-v1.5-7b,llava-v1.5-7b,proxy_anchor,pope,Diag-kNN-scale-grid,test,test,test,pooled,0.5,20260507,4,k=4,1562,1562,1674,True,passed,,0.9366786140979689,0.5,0.0,0.0,0.0,0.4610307566422795,0.0725347726378129,0.07763813474797243,0.04716981132075472,0.923469387755102,0.5,1674.0
scale_candidate,llava-v1.5-7b,llava-v1.5-7b,proxy_anchor,pope,Diag-kNN-scale-grid,test,test,test,pooled,0.5,20260507,8,k=8,1562,1562,1674,True,passed,,0.9366786140979689,0.5,0.0,0.0,0.0,0.43101415094339623,0.06199231380482734,0.06626162089353303,0.04716981132075472,0.9292091836734694,0.5,1674.0
scale_candidate,llava-v1.5-7b,llava-v1.5-7b,proxy_anchor,pope,Diag-kNN-scale-grid,test,test,test,pooled,0.5,20260507,16,k=16,1562,1562,1674,True,passed,,0.9366786140979689,0.5,0.0,0.0,0.0,0.4370427416249518,0.06508361431146478,0.06870481905004859,0.018867924528301886,0.9253826530612245,0.5,1674.0
scale_candidate,llava-v1.5-7b,llava-v1.5-7b,proxy_anchor,pope,Diag-kNN-scale-grid,test,test,test,pooled,0.5,20260507,32,k=32,1562,1562,1674,True,passed,,0.9366786140979689,0.5,0.0,0.0,0.0,0.48018747593376976,0.07015818199161274,0.07272846714405123,0.018867924528301886,0.9183673469387755,0.5,1674.0
scale_candidate,llava-v1.5-7b,llava-v1.5-7b,proxy_anchor,dash-b,Diag-kNN-scale-grid,test,test,test,pooled,0.5,20260507,1,k=1,281,281,442,True,passed,,0.4502262443438914,0.5,0.0,0.0,0.0,0.5394462022044377,0.5867843482956192,0.589347182540582,0.01646090534979424,0.9095477386934674,0.5,442.0
scale_candidate,llava-v1.5-7b,llava-v1.5-7b,proxy_anchor,dash-b,Diag-kNN-scale-grid,test,test,test,pooled,0.5,20260507,2,k=2,281,281,442,True,passed,,0.4502262443438914,0.5,0.0,0.0,0.0,0.5332216638749302,0.581259932543402,0.5838220634410873,0.01646090534979424,0.9195979899497487,0.5,442.0
scale_candidate,llava-v1.5-7b,llava-v1.5-7b,proxy_anchor,dash-b,Diag-kNN-scale-grid,test,test,test,pooled,0.5,20260507,4,k=4,281,281,442,True,passed,,0.4502262443438914,0.5,0.0,0.0,0.0,0.5324151622309077,0.5799114221423298,0.5824788826180526,0.01646090534979424,0.949748743718593,0.5,442.0
scale_candidate,llava-v1.5-7b,llava-v1.5-7b,proxy_anchor,dash-b,Diag-kNN-scale-grid,test,test,test,pooled,0.5,20260507,8,k=8,281,281,442,True,passed,,0.4502262443438914,0.5,0.0,0.0,0.0,0.5321876874082345,0.5777480172343654,0.5803814052489963,0.01646090534979424,0.9045226130653267,0.5,442.0
scale_candidate,llava-v1.5-7b,llava-v1.5-7b,proxy_anchor,dash-b,Diag-kNN-scale-grid,test,test,test,pooled,0.5,20260507,16,k=16,281,281,442,True,passed,,0.4502262443438914,0.5,0.0,0.0,0.0,0.5134933928903778,0.5557384082595651,0.5584909245645706,0.00411522633744856,0.949748743718593,0.5,442.0
scale_candidate,llava-v1.5-7b,llava-v1.5-7b,proxy_anchor,dash-b,Diag-kNN-scale-grid,test,test,test,pooled,0.5,20260507,32,k=32,281,281,442,True,passed,,0.4502262443438914,0.5,0.0,0.0,0.0,0.5396736770271109,0.5798767831419889,0.5824953343316781,0.00411522633744856,0.9246231155778895,0.5,442.0
scale_candidate,llava-v1.5-7b,llava-v1.5-7b,proxy_anchor,repope,Diag-kNN-scale-grid,cal,cal,cal,pooled,0.5,20260508,1,k=1,1461,1461,784,True,passed,,0.9349489795918368,0.5,0.0,0.0,0.0,0.8077735869245378,0.25061939270926725,0.2586865489017576,0.0784313725490196,0.5497953615279673,0.5,784.0
scale_candidate,llava-v1.5-7b,llava-v1.5-7b,proxy_anchor,repope,Diag-kNN-scale-grid,cal,cal,cal,pooled,0.5,20260508,2,k=2,1461,1461,784,True,passed,,0.9349489795918368,0.5,0.0,0.0,0.0,0.8033063157049997,0.2584909726108859,0.26692999946748447,0.058823529411764705,0.5811732605729877,0.5,784.0
scale_candidate,llava-v1.5-7b,llava-v1.5-7b,proxy_anchor,repope,Diag-kNN-scale-grid,cal,cal,cal,pooled,0.5,20260508,4,k=4,1461,1461,784,True,passed,,0.9349489795918368,0.5,0.0,0.0,0.0,0.7904930048417731,0.2722981632765739,0.2808561291617653,0.13725490196078433,0.5961800818553888,0.5,784.0
scale_candidate,llava-v1.5-7b,llava-v1.5-7b,proxy_anchor,repope,Diag-kNN-scale-grid,cal,cal,cal,pooled,0.5,20260508,8,k=8,1461,1461,784,True,passed,,0.9349489795918368,0.5,0.0,0.0,0.0,0.8192226413075462,0.3336930528434536,0.34237078298637785,0.2549019607843137,0.5075034106412005,0.5,784.0
scale_candidate,llava-v1.5-7b,llava-v1.5-7b,proxy_anchor,repope,Diag-kNN-scale-grid,cal,cal,cal,pooled,0.5,20260508,16,k=16,1461,1461,784,True,passed,,0.9349489795918368,0.5,0.0,0.0,0.0,0.8642431051547494,0.48612028698853454,0.4912826609783853,0.3333333333333333,0.4106412005457026,0.5,784.0
scale_candidate,llava-v1.5-7b,llava-v1.5-7b,proxy_anchor,repope,Diag-kNN-scale-grid,cal,cal,cal,pooled,0.5,20260508,32,k=32,1461,1461,784,True,passed,,0.9349489795918368,0.5,0.0,0.0,0.0,0.8869539630313245,0.5350175033178786,0.5405976802579096,0.3333333333333333,0.45702592087312416,0.5,784.0
scale_candidate,llava-v1.5-7b,llava-v1.5-7b,proxy_anchor,repope,Diag-kNN-scale-grid,test,test,test,pooled,0.5,20260508,1,k=1,1461,1461,1593,True,passed,,0.9240426867545511,0.5,0.0,0.0,0.0,0.7774770930650378,0.26071435632552104,0.2641076120077629,0.12396694214876033,0.5346467391304348,0.5,1593.0
scale_candidate,llava-v1.5-7b,llava-v1.5-7b,proxy_anchor,repope,Diag-kNN-scale-grid,test,test,test,pooled,0.5,20260508,2,k=2,1461,1461,1593,True,passed,,0.9240426867545511,0.5,0.0,0.0,0.0,0.7914289885016169,0.2626228476663032,0.2667486955687369,0.12396694214876033,0.5509510869565217,0.5,1593.0
scale_candidate,llava-v1.5-7b,llava-v1.5-7b,proxy_anchor,repope,Diag-kNN-scale-grid,test,test,test,pooled,0.5,20260508,4,k=4,1461,1461,1593,True,passed,,0.9240426867545511,0.5,0.0,0.0,0.0,0.7942811264822134,0.2877287928699456,0.29213162230799483,0.15702479338842976,0.5353260869565217,0.5,1593.0
scale_candidate,llava-v1.5-7b,llava-v1.5-7b,proxy_anchor,repope,Diag-kNN-scale-grid,test,test,test,pooled,0.5,20260508,8,k=8,1461,1461,1593,True,passed,,0.9240426867545511,0.5,0.0,0.0,0.0,0.7900646784045993,0.31123656302241914,0.315674177036276,0.1652892561983471,0.5706521739130435,0.5,1593.0
scale_candidate,llava-v1.5-7b,llava-v1.5-7b,proxy_anchor,repope,Diag-kNN-scale-grid,test,test,test,pooled,0.5,20260508,16,k=16,1461,1461,1593,True,passed,,0.9240426867545511,0.5,0.0,0.0,0.0,0.7994127290693497,0.31892091022992086,0.323605023473915,0.12396694214876033,0.5686141304347826,0.5,1593.0
scale_candidate,llava-v1.5-7b,llava-v1.5-7b,proxy_anchor,repope,Diag-kNN-scale-grid,test,test,test,pooled,0.5,20260508,32,k=32,1461,1461,1593,True,passed,,0.9240426867545511,0.5,0.0,0.0,0.0,0.8146278745957599,0.3408339447056635,0.3454734977160951,0.12396694214876033,0.501358695652174,0.5,1593.0
scale_candidate,llava-v1.5-7b,llava-v1.5-7b,proxy_anchor,pope,Diag-kNN-scale-grid,test,test,test,pooled,0.5,20260508,1,k=1,1562,1562,1674,True,passed,,0.9366786140979689,0.5,0.0,0.0,0.0,0.7393567096649981,0.13860343066722233,0.14359978328215042,0.03773584905660377,0.5880102040816326,0.5,1674.0
scale_candidate,llava-v1.5-7b,llava-v1.5-7b,proxy_anchor,pope,Diag-kNN-scale-grid,test,test,test,pooled,0.5,20260508,2,k=2,1562,1562,1674,True,passed,,0.9366786140979689,0.5,0.0,0.0,0.0,0.742443203696573,0.14077786697765013,0.1458017347010623,0.02830188679245283,0.6198979591836735,0.5,1674.0
scale_candidate,llava-v1.5-7b,llava-v1.5-7b,proxy_anchor,pope,Diag-kNN-scale-grid,test,test,test,pooled,0.5,20260508,4,k=4,1562,1562,1674,True,passed,,0.9366786140979689,0.5,0.0,0.0,0.0,0.7376119079707355,0.14777075796242894,0.153213536122571,0.03773584905660377,0.5994897959183674,0.5,1674.0
scale_candidate,llava-v1.5-7b,llava-v1.5-7b,proxy_anchor,pope,Diag-kNN-scale-grid,test,test,test,pooled,0.5,20260508,8,k=8,1562,1562,1674,True,passed,,0.9366786140979689,0.5,0.0,0.0,0.0,0.7342787350789373,0.14842180760536577,0.15402651799476655,0.04716981132075472,0.6135204081632653,0.5,1674.0
scale_candidate,llava-v1.5-7b,llava-v1.5-7b,proxy_anchor,pope,Diag-kNN-scale-grid,test,test,test,pooled,0.5,20260508,16,k=16,1562,1562,1674,True,passed,,0.9366786140979689,0.5,0.0,0.0,0.0,0.7274980747015789,0.15863939954159648,0.16432290801078792,0.04716981132075472,0.6205357142857143,0.5,1674.0
scale_candidate,llava-v1.5-7b,llava-v1.5-7b,proxy_anchor,pope,Diag-kNN-scale-grid,test,test,test,pooled,0.5,20260508,32,k=32,1562,1562,1674,True,passed,,0.9366786140979689,0.5,0.0,0.0,0.0,0.7391762129380054,0.16768009446929938,0.17344852160190272,0.04716981132075472,0.6823979591836735,0.5,1674.0
scale_candidate,llava-v1.5-7b,llava-v1.5-7b,proxy_anchor,dash-b,Diag-kNN-scale-grid,test,test,test,pooled,0.5,20260508,1,k=1,281,281,442,True,passed,,0.4502262443438914,0.5,0.0,0.0,0.0,0.6399900738259197,0.6889515894196064,0.6900480995325331,0.07407407407407407,0.8542713567839196,0.5,442.0
scale_candidate,llava-v1.5-7b,llava-v1.5-7b,proxy_anchor,dash-b,Diag-kNN-scale-grid,test,test,test,pooled,0.5,20260508,2,k=2,281,281,442,True,passed,,0.4502262443438914,0.5,0.0,0.0,0.0,0.6521496370742601,0.70881353504818,0.7097478109997992,0.07818930041152264,0.8894472361809045,0.5,442.0
scale_candidate,llava-v1.5-7b,llava-v1.5-7b,proxy_anchor,dash-b,Diag-kNN-scale-grid,test,test,test,pooled,0.5,20260508,4,k=4,281,281,442,True,passed,,0.4502262443438914,0.5,0.0,0.0,0.0,0.6612486299811817,0.7193761853218053,0.7202839300589329,0.06995884773662552,0.9045226130653267,0.5,442.0
scale_candidate,llava-v1.5-7b,llava-v1.5-7b,proxy_anchor,dash-b,Diag-kNN-scale-grid,test,test,test,pooled,0.5,20260508,8,k=8,281,281,442,True,passed,,0.4502262443438914,0.5,0.0,0.0,0.0,0.6766548793349464,0.7365694728336785,0.7374336126349357,0.07407407407407407,0.8693467336683417,0.5,442.0
scale_candidate,llava-v1.5-7b,llava-v1.5-7b,proxy_anchor,dash-b,Diag-kNN-scale-grid,test,test,test,pooled,0.5,20260508,16,k=16,281,281,442,True,passed,,0.4502262443438914,0.5,0.0,0.0,0.0,0.7018839051223194,0.7480889408978095,0.7489453868686666,0.06995884773662552,0.8894472361809045,0.5,442.0
scale_candidate,llava-v1.5-7b,llava-v1.5-7b,proxy_anchor,dash-b,Diag-kNN-scale-grid,test,test,test,pooled,0.5,20260508,32,k=32,281,281,442,True,passed,,0.4502262443438914,0.5,0.0,0.0,0.0,0.6968587794941787,0.7484055584999627,0.7492903109424132,0.06995884773662552,0.9246231155778895,0.5,442.0
scale_candidate,qwen2.5-vl-7b,qwen2.5-vl-7b,proxy_anchor,repope,Diag-kNN-scale-grid,cal,cal,cal,pooled,0.5,20260506,1,k=1,1531,1531,790,True,passed,,0.9784810126582278,0.5,0.0,0.0,0.0,0.9524389315881592,0.4466038563360831,0.46346959909939456,0.4117647058823529,0.21604139715394566,0.5,790.0
scale_candidate,qwen2.5-vl-7b,qwen2.5-vl-7b,proxy_anchor,repope,Diag-kNN-scale-grid,cal,cal,cal,pooled,0.5,20260506,2,k=2,1531,1531,790,True,passed,,0.9784810126582278,0.5,0.0,0.0,0.0,0.9476447758922457,0.4293594460210066,0.44585211840044414,0.4117647058823529,0.23673997412677877,0.5,790.0
scale_candidate,qwen2.5-vl-7b,qwen2.5-vl-7b,proxy_anchor,repope,Diag-kNN-scale-grid,cal,cal,cal,pooled,0.5,20260506,4,k=4,1531,1531,790,True,passed,,0.9784810126582278,0.5,0.0,0.0,0.0,0.9472642873449509,0.4118856848379592,0.42802403434152025,0.35294117647058826,0.21345407503234154,0.5,790.0
scale_candidate,qwen2.5-vl-7b,qwen2.5-vl-7b,proxy_anchor,repope,Diag-kNN-scale-grid,cal,cal,cal,pooled,0.5,20260506,8,k=8,1531,1531,790,True,passed,,0.9784810126582278,0.5,0.0,0.0,0.0,0.9594399208583821,0.5106941846087215,0.5226198673078849,0.35294117647058826,0.12807244501940493,0.5,790.0
scale_candidate,qwen2.5-vl-7b,qwen2.5-vl-7b,proxy_anchor,repope,Diag-kNN-scale-grid,cal,cal,cal,pooled,0.5,20260506,16,k=16,1531,1531,790,True,passed,,0.9784810126582278,0.5,0.0,0.0,0.0,0.9729092154326155,0.5849382181037985,0.5987432985205446,0.4117647058823529,0.09831824062095731,0.5,790.0
scale_candidate,qwen2.5-vl-7b,qwen2.5-vl-7b,proxy_anchor,repope,Diag-kNN-scale-grid,cal,cal,cal,pooled,0.5,20260506,32,k=32,1531,1531,790,True,passed,,0.9784810126582278,0.5,0.0,0.0,0.0,0.9838672855947036,0.8110065339203507,0.8145403615991852,0.7647058823529411,0.07761966364812418,0.5,790.0
scale_candidate,qwen2.5-vl-7b,qwen2.5-vl-7b,proxy_anchor,repope,Diag-kNN-scale-grid,test,test,test,pooled,0.5,20260506,1,k=1,1531,1531,1566,True,passed,,0.9859514687100894,0.5,0.0,0.0,0.0,0.9008184173339613,0.1830803561741161,0.19264088905812574,0.09090909090909091,0.33613989637305697,0.5,1566.0
scale_candidate,qwen2.5-vl-7b,qwen2.5-vl-7b,proxy_anchor,repope,Diag-kNN-scale-grid,test,test,test,pooled,0.5,20260506,2,k=2,1531,1531,1566,True,passed,,0.9859514687100894,0.5,0.0,0.0,0.0,0.8980805463966086,0.18511798184265707,0.1959659604632206,0.09090909090909091,0.35103626943005184,0.5,1566.0
scale_candidate,qwen2.5-vl-7b,qwen2.5-vl-7b,proxy_anchor,repope,Diag-kNN-scale-grid,test,test,test,pooled,0.5,20260506,4,k=4,1531,1531,1566,True,passed,,0.9859514687100894,0.5,0.0,0.0,0.0,0.8988754121526142,0.18438658583408654,0.19561817003826948,0.09090909090909091,0.3426165803108808,0.5,1566.0
scale_candidate,qwen2.5-vl-7b,qwen2.5-vl-7b,proxy_anchor,repope,Diag-kNN-scale-grid,test,test,test,pooled,0.5,20260506,8,k=8,1531,1531,1566,True,passed,,0.9859514687100894,0.5,0.0,0.0,0.0,0.9029380593499765,0.1779929841981081,0.1883863608516493,0.09090909090909091,0.2856217616580311,0.5,1566.0
scale_candidate,qwen2.5-vl-7b,qwen2.5-vl-7b,proxy_anchor,repope,Diag-kNN-scale-grid,test,test,test,pooled,0.5,20260506,16,k=16,1531,1531,1566,True,passed,,0.9859514687100894,0.5,0.0,0.0,0.0,0.9019076778144136,0.17527154046524915,0.18395094821249508,0.13636363636363635,0.25259067357512954,0.5,1566.0
scale_candidate,qwen2.5-vl-7b,qwen2.5-vl-7b,proxy_anchor,repope,Diag-kNN-scale-grid,test,test,test,pooled,0.5,20260506,32,k=32,1531,1531,1566,True,passed,,0.9859514687100894,0.5,0.0,0.0,0.0,0.9085315591144607,0.20240266300821527,0.21420070154641732,0.22727272727272727,0.26878238341968913,0.5,1566.0
scale_candidate,qwen2.5-vl-7b,qwen2.5-vl-7b,proxy_anchor,pope,Diag-kNN-scale-grid,test,test,test,pooled,0.5,20260506,1,k=1,1588,1588,1587,True,passed,,0.984247006931317,0.5,0.0,0.0,0.0,0.8788220230473751,0.08149775298234131,0.10319794660172746,0.08,0.2848911651728553,0.5,1587.0
scale_candidate,qwen2.5-vl-7b,qwen2.5-vl-7b,proxy_anchor,pope,Diag-kNN-scale-grid,test,test,test,pooled,0.5,20260506,2,k=2,1588,1588,1587,True,passed,,0.984247006931317,0.5,0.0,0.0,0.0,0.8776440460947503,0.07902830232891152,0.10031358906766381,0.08,0.30153649167733676,0.5,1587.0
scale_candidate,qwen2.5-vl-7b,qwen2.5-vl-7b,proxy_anchor,pope,Diag-kNN-scale-grid,test,test,test,pooled,0.5,20260506,4,k=4,1588,1588,1587,True,passed,,0.984247006931317,0.5,0.0,0.0,0.0,0.8763892445582586,0.07788829288079978,0.09830267621417825,0.08,0.324583866837388,0.5,1587.0
scale_candidate,qwen2.5-vl-7b,qwen2.5-vl-7b,proxy_anchor,pope,Diag-kNN-scale-grid,test,test,test,pooled,0.5,20260506,8,k=8,1588,1588,1587,True,passed,,0.984247006931317,0.5,0.0,0.0,0.0,0.8672983354673496,0.0761885779806213,0.09653572902466412,0.08,0.3559539052496799,0.5,1587.0
scale_candidate,qwen2.5-vl-7b,qwen2.5-vl-7b,proxy_anchor,pope,Diag-kNN-scale-grid,test,test,test,pooled,0.5,20260506,16,k=16,1588,1588,1587,True,passed,,0.984247006931317,0.5,0.0,0.0,0.0,0.8721638924455826,0.08765516434510917,0.10895738654243194,0.16,0.352752880921895,0.5,1587.0
scale_candidate,qwen2.5-vl-7b,qwen2.5-vl-7b,proxy_anchor,pope,Diag-kNN-scale-grid,test,test,test,pooled,0.5,20260506,32,k=32,1588,1588,1587,True,passed,,0.984247006931317,0.5,0.0,0.0,0.0,0.8776440460947503,0.0986426190613127,0.12103487580185097,0.12,0.3879641485275288,0.5,1587.0
scale_candidate,qwen2.5-vl-7b,qwen2.5-vl-7b,proxy_anchor,dash-b,Diag-kNN-scale-grid,test,test,test,pooled,0.5,20260506,1,k=1,384,384,432,True,passed,,0.7662037037037037,0.5,0.0,0.0,0.0,0.6432652328676975,0.36141660325707853,0.3668310112888352,0.0297029702970297,0.8670694864048338,0.5,432.0
scale_candidate,qwen2.5-vl-7b,qwen2.5-vl-7b,proxy_anchor,dash-b,Diag-kNN-scale-grid,test,test,test,pooled,0.5,20260506,2,k=2,384,384,432,True,passed,,0.7662037037037037,0.5,0.0,0.0,0.0,0.6331548562711257,0.3643969733485838,0.3720818161724051,0.0594059405940594,0.8610271903323263,0.5,432.0
scale_candidate,qwen2.5-vl-7b,qwen2.5-vl-7b,proxy_anchor,dash-b,Diag-kNN-scale-grid,test,test,test,pooled,0.5,20260506,4,k=4,384,384,432,True,passed,,0.7662037037037037,0.5,0.0,0.0,0.0,0.6142502467769435,0.3557263655707208,0.3631885131936649,0.0891089108910891,0.8338368580060423,0.5,432.0
scale_candidate,qwen2.5-vl-7b,qwen2.5-vl-7b,proxy_anchor,dash-b,Diag-kNN-scale-grid,test,test,test,pooled,0.5,20260506,8,k=8,384,384,432,True,passed,,0.7662037037037037,0.5,0.0,0.0,0.0,0.5962130956298046,0.34096551832380617,0.3483777625209689,0.0891089108910891,0.8096676737160121,0.5,432.0
scale_candidate,qwen2.5-vl-7b,qwen2.5-vl-7b,proxy_anchor,dash-b,Diag-kNN-scale-grid,test,test,test,pooled,0.5,20260506,16,k=16,384,384,432,True,passed,,0.7662037037037037,0.5,0.0,0.0,0.0,0.5845771888367084,0.3395835508378774,0.3470017055187412,0.0891089108910891,0.8036253776435045,0.5,432.0
scale_candidate,qwen2.5-vl-7b,qwen2.5-vl-7b,proxy_anchor,dash-b,Diag-kNN-scale-grid,test,test,test,pooled,0.5,20260506,32,k=32,384,384,432,True,passed,,0.7662037037037037,0.5,0.0,0.0,0.0,0.6114683975950466,0.3529092077546273,0.3604294257861268,0.0891089108910891,0.8036253776435045,0.5,432.0
scale_candidate,qwen2.5-vl-7b,qwen2.5-vl-7b,proxy_anchor,repope,Diag-kNN-scale-grid,cal,cal,cal,pooled,0.5,20260507,1,k=1,1531,1531,790,True,passed,,0.9784810126582278,0.5,0.0,0.0,0.0,0.8849402632980747,0.2676874008899793,0.28616174963621843,0.23529411764705882,0.4139715394566624,0.5,790.0
scale_candidate,qwen2.5-vl-7b,qwen2.5-vl-7b,proxy_anchor,repope,Diag-kNN-scale-grid,cal,cal,cal,pooled,0.5,20260507,2,k=2,1531,1531,790,True,passed,,0.9784810126582278,0.5,0.0,0.0,0.0,0.8741343885549044,0.2794219527416407,0.2971187537954654,0.29411764705882354,0.4592496765847348,0.5,790.0
scale_candidate,qwen2.5-vl-7b,qwen2.5-vl-7b,proxy_anchor,repope,Diag-kNN-scale-grid,cal,cal,cal,pooled,0.5,20260507,4,k=4,1531,1531,790,True,passed,,0.9784810126582278,0.5,0.0,0.0,0.0,0.8664485198995511,0.28080572661504066,0.29844271098401964,0.17647058823529413,0.4760672703751617,0.5,790.0
scale_candidate,qwen2.5-vl-7b,qwen2.5-vl-7b,proxy_anchor,repope,Diag-kNN-scale-grid,cal,cal,cal,pooled,0.5,20260507,8,k=8,1531,1531,790,True,passed,,0.9784810126582278,0.5,0.0,0.0,0.0,0.8606650939806711,0.46121222184896454,0.46908444470141314,0.47058823529411764,0.500646830530401,0.5,790.0
scale_candidate,qwen2.5-vl-7b,qwen2.5-vl-7b,proxy_anchor,repope,Diag-kNN-scale-grid,cal,cal,cal,pooled,0.5,20260507,16,k=16,1531,1531,790,True,passed,,0.9784810126582278,0.5,0.0,0.0,0.0,0.877406590061639,0.5528492776549395,0.5643530507055677,0.47058823529411764,0.5821474773609314,0.5,790.0
scale_candidate,qwen2.5-vl-7b,qwen2.5-vl-7b,proxy_anchor,repope,Diag-kNN-scale-grid,cal,cal,cal,pooled,0.5,20260507,32,k=32,1531,1531,790,True,passed,,0.9784810126582278,0.5,0.0,0.0,0.0,0.8965071151358344,0.5982552130801682,0.6099379258730926,0.7058823529411765,0.5045278137128072,0.5,790.0
scale_candidate,qwen2.5-vl-7b,qwen2.5-vl-7b,proxy_anchor,repope,Diag-kNN-scale-grid,test,test,test,pooled,0.5,20260507,1,k=1,1531,1531,1566,True,passed,,0.9859514687100894,0.5,0.0,0.0,0.0,0.771343617522374,0.07236162352932547,0.08710382063057406,0.18181818181818182,0.8367875647668394,0.5,1566.0
scale_candidate,qwen2.5-vl-7b,qwen2.5-vl-7b,proxy_anchor,repope,Diag-kNN-scale-grid,test,test,test,pooled,0.5,20260507,2,k=2,1531,1531,1566,True,passed,,0.9859514687100894,0.5,0.0,0.0,0.0,0.7654262835609986,0.07473590159246049,0.09008844194532648,0.18181818181818182,0.8762953367875648,0.5,1566.0
scale_candidate,qwen2.5-vl-7b,qwen2.5-vl-7b,proxy_anchor,repope,Diag-kNN-scale-grid,test,test,test,pooled,0.5,20260507,4,k=4,1531,1531,1566,True,passed,,0.9859514687100894,0.5,0.0,0.0,0.0,0.763188883655205,0.07052083928842728,0.0853983310277904,0.18181818181818182,0.8711139896373057,0.5,1566.0
scale_candidate,qwen2.5-vl-7b,qwen2.5-vl-7b,proxy_anchor,repope,Diag-kNN-scale-grid,test,test,test,pooled,0.5,20260507,8,k=8,1531,1531,1566,True,passed,,0.9859514687100894,0.5,0.0,0.0,0.0,0.7683702308054641,0.06734760718749633,0.08336341156270571,0.09090909090909091,0.8283678756476683,0.5,1566.0
scale_candidate,qwen2.5-vl-7b,qwen2.5-vl-7b,proxy_anchor,repope,Diag-kNN-scale-grid,test,test,test,pooled,0.5,20260507,16,k=16,1531,1531,1566,True,passed,,0.9859514687100894,0.5,0.0,0.0,0.0,0.7763777673104097,0.07165478719144276,0.0883495561461016,0.18181818181818182,0.8031088082901554,0.5,1566.0
scale_candidate,qwen2.5-vl-7b,qwen2.5-vl-7b,proxy_anchor,repope,Diag-kNN-scale-grid,test,test,test,pooled,0.5,20260507,32,k=32,1531,1531,1566,True,passed,,0.9859514687100894,0.5,0.0,0.0,0.0,0.7749646726330663,0.07158411606908292,0.08818109012027396,0.18181818181818182,0.7862694300518135,0.5,1566.0
scale_candidate,qwen2.5-vl-7b,qwen2.5-vl-7b,proxy_anchor,pope,Diag-kNN-scale-grid,test,test,test,pooled,0.5,20260507,1,k=1,1588,1588,1587,True,passed,,0.984247006931317,0.5,0.0,0.0,0.0,0.7959026888604354,0.06156777586117098,0.07229836918696626,0.08,0.8329065300896287,0.5,1587.0
scale_candidate,qwen2.5-vl-7b,qwen2.5-vl-7b,proxy_anchor,pope,Diag-kNN-scale-grid,test,test,test,pooled,0.5,20260507,2,k=2,1588,1588,1587,True,passed,,0.984247006931317,0.5,0.0,0.0,0.0,0.7815364916773369,0.05757459050534597,0.06784109872400376,0.08,0.8725992317541613,0.5,1587.0
scale_candidate,qwen2.5-vl-7b,qwen2.5-vl-7b,proxy_anchor,pope,Diag-kNN-scale-grid,test,test,test,pooled,0.5,20260507,4,k=4,1588,1588,1587,True,passed,,0.984247006931317,0.5,0.0,0.0,0.0,0.7580537772087068,0.05385376745164219,0.06416555142451438,0.08,0.7797695262483995,0.5,1587.0
scale_candidate,qwen2.5-vl-7b,qwen2.5-vl-7b,proxy_anchor,pope,Diag-kNN-scale-grid,test,test,test,pooled,0.5,20260507,8,k=8,1588,1588,1587,True,passed,,0.984247006931317,0.5,0.0,0.0,0.0,0.7649935979513445,0.054066550870577094,0.0646547412642962,0.08,0.5640204865556978,0.5,1587.0
scale_candidate,qwen2.5-vl-7b,qwen2.5-vl-7b,proxy_anchor,pope,Diag-kNN-scale-grid,test,test,test,pooled,0.5,20260507,16,k=16,1588,1588,1587,True,passed,,0.984247006931317,0.5,0.0,0.0,0.0,0.7685275288092189,0.05347964880277911,0.0639885738344375,0.12,0.5179257362355953,0.5,1587.0
scale_candidate,qwen2.5-vl-7b,qwen2.5-vl-7b,proxy_anchor,pope,Diag-kNN-scale-grid,test,test,test,pooled,0.5,20260507,32,k=32,1588,1588,1587,True,passed,,0.984247006931317,0.5,0.0,0.0,0.0,0.7690396927016645,0.05338146487888388,0.06390217456047312,0.08,0.5563380281690141,0.5,1587.0
scale_candidate,qwen2.5-vl-7b,qwen2.5-vl-7b,proxy_anchor,dash-b,Diag-kNN-scale-grid,test,test,test,pooled,0.5,20260507,1,k=1,384,384,432,True,passed,,0.7662037037037037,0.5,0.0,0.0,0.0,0.610989799886333,0.3099617980328336,0.31507236630944135,0.04950495049504951,0.8670694864048338,0.5,432.0
scale_candidate,qwen2.5-vl-7b,qwen2.5-vl-7b,proxy_anchor,dash-b,Diag-kNN-scale-grid,test,test,test,pooled,0.5,20260507,2,k=2,384,384,432,True,passed,,0.7662037037037037,0.5,0.0,0.0,0.0,0.6038706589692201,0.3059542189816579,0.3102234461203331,0.0297029702970297,0.8398791540785498,0.5,432.0
scale_candidate,qwen2.5-vl-7b,qwen2.5-vl-7b,proxy_anchor,dash-b,Diag-kNN-scale-grid,test,test,test,pooled,0.5,20260507,4,k=4,384,384,432,True,passed,,0.7662037037037037,0.5,0.0,0.0,0.0,0.6006999491489934,0.3072403644118563,0.3115062991694742,0.0297029702970297,0.7764350453172205,0.5,432.0
scale_candidate,qwen2.5-vl-7b,qwen2.5-vl-7b,proxy_anchor,dash-b,Diag-kNN-scale-grid,test,test,test,pooled,0.5,20260507,8,k=8,384,384,432,True,passed,,0.7662037037037037,0.5,0.0,0.0,0.0,0.5824534115042924,0.2993109172651951,0.30344208097286857,0.0297029702970297,0.7643504531722054,0.5,432.0
scale_candidate,qwen2.5-vl-7b,qwen2.5-vl-7b,proxy_anchor,dash-b,Diag-kNN-scale-grid,test,test,test,pooled,0.5,20260507,16,k=16,384,384,432,True,passed,,0.7662037037037037,0.5,0.0,0.0,0.0,0.5590021237773325,0.2903691002940597,0.29454879879157164,0.0297029702970297,0.8006042296072508,0.5,432.0
scale_candidate,qwen2.5-vl-7b,qwen2.5-vl-7b,proxy_anchor,dash-b,Diag-kNN-scale-grid,test,test,test,pooled,0.5,20260507,32,k=32,384,384,432,True,passed,,0.7662037037037037,0.5,0.0,0.0,0.0,0.5576560677215758,0.2823657681540622,0.28732351646409937,0.019801980198019802,0.8549848942598187,0.5,432.0
scale_candidate,qwen2.5-vl-7b,qwen2.5-vl-7b,proxy_anchor,repope,Diag-kNN-scale-grid,cal,cal,cal,pooled,0.5,20260508,1,k=1,1531,1531,790,True,passed,,0.9784810126582278,0.5,0.0,0.0,0.0,0.9682672551556198,0.5100171786334775,0.529397168296599,0.4117647058823529,0.1759379042690815,0.5,790.0
scale_candidate,qwen2.5-vl-7b,qwen2.5-vl-7b,proxy_anchor,repope,Diag-kNN-scale-grid,cal,cal,cal,pooled,0.5,20260508,2,k=2,1531,1531,790,True,passed,,0.9784810126582278,0.5,0.0,0.0,0.0,0.9677345711894072,0.5747603702015746,0.5942312241837858,0.5882352941176471,0.19146183699870634,0.5,790.0
scale_candidate,qwen2.5-vl-7b,qwen2.5-vl-7b,proxy_anchor,repope,Diag-kNN-scale-grid,cal,cal,cal,pooled,0.5,20260508,4,k=4,1531,1531,790,True,passed,,0.9784810126582278,0.5,0.0,0.0,0.0,0.9702457956015524,0.671048330209335,0.6832908136652527,0.7058823529411765,0.18758085381630013,0.5,790.0
scale_candidate,qwen2.5-vl-7b,qwen2.5-vl-7b,proxy_anchor,repope,Diag-kNN-scale-grid,cal,cal,cal,pooled,0.5,20260508,8,k=8,1531,1531,790,True,passed,,0.9784810126582278,0.5,0.0,0.0,0.0,0.9747355604596302,0.6819268414325141,0.6947375192442207,0.7647058823529411,0.1539456662354463,0.5,790.0
scale_candidate,qwen2.5-vl-7b,qwen2.5-vl-7b,proxy_anchor,repope,Diag-kNN-scale-grid,cal,cal,cal,pooled,0.5,20260508,16,k=16,1531,1531,790,True,passed,,0.9784810126582278,0.5,0.0,0.0,0.0,0.9720721406285671,0.7140927718335911,0.722517394054396,0.5882352941176471,0.1332470892626132,0.5,790.0
scale_candidate,qwen2.5-vl-7b,qwen2.5-vl-7b,proxy_anchor,repope,Diag-kNN-scale-grid,cal,cal,cal,pooled,0.5,20260508,32,k=32,1531,1531,790,True,passed,,0.9784810126582278,0.5,0.0,0.0,0.0,0.979149227608249,0.704098435789965,0.714007946009702,0.5882352941176471,0.10608020698576973,0.5,790.0
scale_candidate,qwen2.5-vl-7b,qwen2.5-vl-7b,proxy_anchor,repope,Diag-kNN-scale-grid,test,test,test,pooled,0.5,20260508,1,k=1,1531,1531,1566,True,passed,,0.9859514687100894,0.5,0.0,0.0,0.0,0.8623704663212435,0.1290414745172579,0.15554705209462652,0.22727272727272727,0.49352331606217614,0.5,1566.0
scale_candidate,qwen2.5-vl-7b,qwen2.5-vl-7b,proxy_anchor,repope,Diag-kNN-scale-grid,test,test,test,pooled,0.5,20260508,2,k=2,1531,1531,1566,True,passed,,0.9859514687100894,0.5,0.0,0.0,0.0,0.8598386716910033,0.12890511161131496,0.15558572345626132,0.22727272727272727,0.5226683937823834,0.5,1566.0
scale_candidate,qwen2.5-vl-7b,qwen2.5-vl-7b,proxy_anchor,repope,Diag-kNN-scale-grid,test,test,test,pooled,0.5,20260508,4,k=4,1531,1531,1566,True,passed,,0.9859514687100894,0.5,0.0,0.0,0.0,0.8486222326895903,0.11857021241838542,0.1477751847333799,0.22727272727272727,0.5660621761658031,0.5,1566.0
scale_candidate,qwen2.5-vl-7b,qwen2.5-vl-7b,proxy_anchor,repope,Diag-kNN-scale-grid,test,test,test,pooled,0.5,20260508,8,k=8,1531,1531,1566,True,passed,,0.9859514687100894,0.5,0.0,0.0,0.0,0.8417039566650966,0.12652348906554164,0.15645919716642148,0.2727272727272727,0.6049222797927462,0.5,1566.0
scale_candidate,qwen2.5-vl-7b,qwen2.5-vl-7b,proxy_anchor,repope,Diag-kNN-scale-grid,test,test,test,pooled,0.5,20260508,16,k=16,1531,1531,1566,True,passed,,0.9859514687100894,0.5,0.0,0.0,0.0,0.8435586434291097,0.12172995789202556,0.15126566123269197,0.18181818181818182,0.5472797927461139,0.5,1566.0
scale_candidate,qwen2.5-vl-7b,qwen2.5-vl-7b,proxy_anchor,repope,Diag-kNN-scale-grid,test,test,test,pooled,0.5,20260508,32,k=32,1531,1531,1566,True,passed,,0.9859514687100894,0.5,0.0,0.0,0.0,0.8422044276966556,0.10801431995658961,0.1365283426851037,0.13636363636363635,0.5259067357512953,0.5,1566.0
scale_candidate,qwen2.5-vl-7b,qwen2.5-vl-7b,proxy_anchor,pope,Diag-kNN-scale-grid,test,test,test,pooled,0.5,20260508,1,k=1,1588,1588,1587,True,passed,,0.984247006931317,0.5,0.0,0.0,0.0,0.8461971830985915,0.12757137606715593,0.15394217653017975,0.2,0.4039692701664533,0.5,1587.0
scale_candidate,qwen2.5-vl-7b,qwen2.5-vl-7b,proxy_anchor,pope,Diag-kNN-scale-grid,test,test,test,pooled,0.5,20260508,2,k=2,1588,1588,1587,True,passed,,0.984247006931317,0.5,0.0,0.0,0.0,0.84955185659411,0.12727265743193372,0.15362235137469724,0.2,0.4154929577464789,0.5,1587.0
scale_candidate,qwen2.5-vl-7b,qwen2.5-vl-7b,proxy_anchor,pope,Diag-kNN-scale-grid,test,test,test,pooled,0.5,20260508,4,k=4,1588,1588,1587,True,passed,,0.984247006931317,0.5,0.0,0.0,0.0,0.851651728553137,0.10944471786703684,0.1344797779371938,0.2,0.41293213828425096,0.5,1587.0
scale_candidate,qwen2.5-vl-7b,qwen2.5-vl-7b,proxy_anchor,pope,Diag-kNN-scale-grid,test,test,test,pooled,0.5,20260508,8,k=8,1588,1588,1587,True,passed,,0.984247006931317,0.5,0.0,0.0,0.0,0.8530089628681177,0.1046961275657171,0.12915084706023952,0.24,0.40781049935979513,0.5,1587.0
scale_candidate,qwen2.5-vl-7b,qwen2.5-vl-7b,proxy_anchor,pope,Diag-kNN-scale-grid,test,test,test,pooled,0.5,20260508,16,k=16,1588,1588,1587,True,passed,,0.984247006931317,0.5,0.0,0.0,0.0,0.852291933418694,0.11486407457396614,0.1390618572176807,0.28,0.4199743918053777,0.5,1587.0
scale_candidate,qwen2.5-vl-7b,qwen2.5-vl-7b,proxy_anchor,pope,Diag-kNN-scale-grid,test,test,test,pooled,0.5,20260508,32,k=32,1588,1588,1587,True,passed,,0.984247006931317,0.5,0.0,0.0,0.0,0.8534443021766966,0.12120387358111556,0.1457096409918331,0.28,0.41101152368758004,0.5,1587.0
scale_candidate,qwen2.5-vl-7b,qwen2.5-vl-7b,proxy_anchor,dash-b,Diag-kNN-scale-grid,test,test,test,pooled,0.5,20260508,1,k=1,384,384,432,True,passed,,0.7662037037037037,0.5,0.0,0.0,0.0,0.6436840058628219,0.3369825477239157,0.34380948188464644,0.0891089108910891,0.8429003021148036,0.5,432.0
scale_candidate,qwen2.5-vl-7b,qwen2.5-vl-7b,proxy_anchor,dash-b,Diag-kNN-scale-grid,test,test,test,pooled,0.5,20260508,2,k=2,384,384,432,True,passed,,0.7662037037037037,0.5,0.0,0.0,0.0,0.6420388262391193,0.35883511643187294,0.3626340745543113,0.07920792079207921,0.8096676737160121,0.5,432.0
scale_candidate,qwen2.5-vl-7b,qwen2.5-vl-7b,proxy_anchor,dash-b,Diag-kNN-scale-grid,test,test,test,pooled,0.5,20260508,4,k=4,384,384,432,True,passed,,0.7662037037037037,0.5,0.0,0.0,0.0,0.6090754090514792,0.33730559477323035,0.34075550934291954,0.0594059405940594,0.8036253776435045,0.5,432.0
scale_candidate,qwen2.5-vl-7b,qwen2.5-vl-7b,proxy_anchor,dash-b,Diag-kNN-scale-grid,test,test,test,pooled,0.5,20260508,8,k=8,384,384,432,True,passed,,0.7662037037037037,0.5,0.0,0.0,0.0,0.5734497921091203,0.3183260543806742,0.32165925188742184,0.0594059405940594,0.8157099697885196,0.5,432.0
scale_candidate,qwen2.5-vl-7b,qwen2.5-vl-7b,proxy_anchor,dash-b,Diag-kNN-scale-grid,test,test,test,pooled,0.5,20260508,16,k=16,384,384,432,True,passed,,0.7662037037037037,0.5,0.0,0.0,0.0,0.5760222547934553,0.326270191426206,0.32967550576331167,0.0594059405940594,0.8761329305135952,0.5,432.0
scale_candidate,qwen2.5-vl-7b,qwen2.5-vl-7b,proxy_anchor,dash-b,Diag-kNN-scale-grid,test,test,test,pooled,0.5,20260508,32,k=32,384,384,432,True,passed,,0.7662037037037037,0.5,0.0,0.0,0.0,0.5861027190332326,0.32929545524603354,0.33281969521292765,0.04950495049504951,0.8851963746223565,0.5,432.0
