model_alias,model_name,dataset_family,encoder_family,objective,readout,eval_split,metric_split,eval_scope,selected_k,metric_status,failure_reason,pr_auc,pr_auc_ci_low,pr_auc_ci_high,roc_auc,roc_auc_ci_low,roc_auc_ci_high,average_precision,tpr_at_1pct_fpr,fpr_at_95pct_tpr,num_test,num_test_correct,num_test_hard_hallucination,num_bank_correct,num_encoder_train,num_encoder_train_hallucination,num_excluded_false_negative,num_excluded_parsed_none
llava-onevision-qwen2-7b-ov-hf,llava-onevision-qwen2-7b-ov-hf,repope,Sphere-Traj-LSTM,bce,Diag-Classifier,test,test,pooled,,passed,,0.43480523641271684,0.2927399382186886,0.5697730854967019,0.9496595450732719,0.9320983245149911,0.9667182001005531,0.44501408970240186,0.25,0.19243104554201412,1611,1559,52,1545,3971,138,29,0
llava-onevision-qwen2-7b-ov-hf,llava-onevision-qwen2-7b-ov-hf,repope,Sphere-Traj-LSTM,bce,Diag-kNN-tuned,test,test,pooled,32,passed,,0.32431169839869395,0.2356636309433387,0.4420975903537483,0.9621428923866384,0.9504234995928974,0.9728851205073277,0.3505405075259082,0.11538461538461539,0.11674150096215523,1611,1559,52,1545,3971,138,29,0
llava-onevision-qwen2-7b-ov-hf,llava-onevision-qwen2-7b-ov-hf,repope,Sphere-Traj-LSTM,bce,Diag-vMF,test,test,pooled,,passed,,0.47559927544631575,0.3342556086560466,0.6155488987270576,0.9550624167365668,0.9324535394493184,0.973082020490535,0.48531656465782513,0.2692307692307692,0.09429121231558692,1611,1559,52,1545,3971,138,29,0
llava-onevision-qwen2-7b-ov-hf,llava-onevision-qwen2-7b-ov-hf,pope,Sphere-Traj-LSTM,bce,Diag-Classifier,test,test,pooled,,passed,,0.23720491717415526,0.14654396042758255,0.342019159258427,0.9005621966407877,0.8767134197763788,0.9226274770957117,0.24264658093349672,0.11320754716981132,0.22887106724244294,1674,1621,53,1653,4161,147,126,0
llava-onevision-qwen2-7b-ov-hf,llava-onevision-qwen2-7b-ov-hf,pope,Sphere-Traj-LSTM,bce,Diag-kNN-tuned,test,test,pooled,32,passed,,0.19183548751404275,0.12810616155421195,0.29363690662381164,0.9059746487725956,0.874415966313324,0.93189896912723,0.20576513933424057,0.09433962264150944,0.46946329426280076,1674,1621,53,1653,4161,147,126,0
llava-onevision-qwen2-7b-ov-hf,llava-onevision-qwen2-7b-ov-hf,pope,Sphere-Traj-LSTM,bce,Diag-vMF,test,test,pooled,,passed,,0.19367794511097167,0.10854418473195106,0.30336310542615347,0.7698602074191333,0.6852799966950343,0.840880645317673,0.20201280317797754,0.1320754716981132,0.8106107341147439,1674,1621,53,1653,4161,147,126,0
llava-onevision-qwen2-7b-ov-hf,llava-onevision-qwen2-7b-ov-hf,dash-b,Sphere-Traj-LSTM,bce,Diag-Classifier,test,test,pooled,,passed,,0.6648112505744423,0.5943840536117587,0.7314223579974457,0.730020448155406,0.6814028233793508,0.775214260540867,0.6671114952746315,0.06701030927835051,0.8223140495867769,436,242,194,326,1315,507,7,0
llava-onevision-qwen2-7b-ov-hf,llava-onevision-qwen2-7b-ov-hf,dash-b,Sphere-Traj-LSTM,bce,Diag-kNN-tuned,test,test,pooled,32,passed,,0.7109287183964637,0.636171044888079,0.7739857038607991,0.774218284058959,0.729354015700794,0.8186938975503651,0.7126463388436213,0.061855670103092786,0.7727272727272727,436,242,194,326,1315,507,7,0
llava-onevision-qwen2-7b-ov-hf,llava-onevision-qwen2-7b-ov-hf,dash-b,Sphere-Traj-LSTM,bce,Diag-vMF,test,test,pooled,,passed,,0.6166074793659733,0.5448466143718157,0.6865825543125005,0.5787679986367896,0.5181475786166798,0.6336484783383365,0.6185826071604815,0.07731958762886598,0.9628099173553719,436,242,194,326,1315,507,7,0
llava-onevision-qwen2-7b-ov-hf,llava-onevision-qwen2-7b-ov-hf,repope,Sphere-Traj-LSTM,supcon,Diag-Classifier,test,test,pooled,,passed,,0.4985255794999422,0.3545994831266615,0.6191433559614834,0.9565179849015641,0.9401693305085713,0.9707777073519565,0.5047477628715835,0.3269230769230769,0.1565105837075048,1611,1559,52,1545,3971,138,29,0
llava-onevision-qwen2-7b-ov-hf,llava-onevision-qwen2-7b-ov-hf,repope,Sphere-Traj-LSTM,supcon,Diag-kNN-tuned,test,test,pooled,32,passed,,0.4014739998385199,0.2555596801227261,0.5399245482719057,0.9396309271229091,0.9216258969164888,0.9564862776345737,0.4124315601940264,0.38461538461538464,0.14881334188582424,1611,1559,52,1545,3971,138,29,0
llava-onevision-qwen2-7b-ov-hf,llava-onevision-qwen2-7b-ov-hf,repope,Sphere-Traj-LSTM,supcon,Diag-vMF,test,test,pooled,,passed,,0.4436337219415701,0.29648208327923103,0.5842195098289097,0.9515715202052598,0.932319808343052,0.9688153659625697,0.4554250962916064,0.38461538461538464,0.14753046824887747,1611,1559,52,1545,3971,138,29,0
llava-onevision-qwen2-7b-ov-hf,llava-onevision-qwen2-7b-ov-hf,pope,Sphere-Traj-LSTM,supcon,Diag-Classifier,test,test,pooled,,passed,,0.2233745240026669,0.1375704666740777,0.3216526196760255,0.9050551138942884,0.8763213064777442,0.9302609257450224,0.23042815031009617,0.09433962264150944,0.4133251079580506,1674,1621,53,1653,4161,147,126,0
llava-onevision-qwen2-7b-ov-hf,llava-onevision-qwen2-7b-ov-hf,pope,Sphere-Traj-LSTM,supcon,Diag-kNN-tuned,test,test,pooled,32,passed,,0.19554950419444897,0.11596582109209809,0.2996058644621675,0.8942651286766845,0.8694180333228935,0.9191004139302145,0.2017858930563633,0.1320754716981132,0.3429981492905614,1674,1621,53,1653,4161,147,126,0
llava-onevision-qwen2-7b-ov-hf,llava-onevision-qwen2-7b-ov-hf,pope,Sphere-Traj-LSTM,supcon,Diag-vMF,test,test,pooled,,passed,,0.20797730243991525,0.12086842645540458,0.3052389524063479,0.8467868657828268,0.7852334427734174,0.901105267278776,0.21472240416544797,0.1320754716981132,0.8408389882788402,1674,1621,53,1653,4161,147,126,0
llava-onevision-qwen2-7b-ov-hf,llava-onevision-qwen2-7b-ov-hf,dash-b,Sphere-Traj-LSTM,supcon,Diag-Classifier,test,test,pooled,,passed,,0.7311881232736424,0.6684751846997378,0.7885380430973526,0.7599684757604158,0.7148876518607159,0.8059031955935775,0.7322663901193104,0.08762886597938144,0.768595041322314,436,242,194,326,1315,507,7,0
llava-onevision-qwen2-7b-ov-hf,llava-onevision-qwen2-7b-ov-hf,dash-b,Sphere-Traj-LSTM,supcon,Diag-kNN-tuned,test,test,pooled,32,passed,,0.6493004957282558,0.5778741233064253,0.7090280506482219,0.6764505410241117,0.6282885468638073,0.7242336927839452,0.650657394709974,0.1134020618556701,0.7272727272727273,436,242,194,326,1315,507,7,0
llava-onevision-qwen2-7b-ov-hf,llava-onevision-qwen2-7b-ov-hf,dash-b,Sphere-Traj-LSTM,supcon,Diag-vMF,test,test,pooled,,passed,,0.687329012791502,0.6149754523254288,0.749384339030306,0.6729786146374712,0.6191045425053847,0.7241990735814233,0.6885710032559023,0.10824742268041238,0.9380165289256198,436,242,194,326,1315,507,7,0
llava-onevision-qwen2-7b-ov-hf,llava-onevision-qwen2-7b-ov-hf,repope,Sphere-Traj-LSTM,proxy_anchor,Diag-Classifier,test,test,pooled,,passed,,0.4060050681130039,0.28575971103080683,0.5318368967817496,0.801277939507574,0.7118105704175927,0.8870929047034948,0.3360088702847567,0.0,0.9730596536241181,1611,1559,52,1545,3971,138,29,0
llava-onevision-qwen2-7b-ov-hf,llava-onevision-qwen2-7b-ov-hf,repope,Sphere-Traj-LSTM,proxy_anchor,Diag-kNN-tuned,test,test,pooled,16,passed,,0.36418962315375664,0.24718898918412835,0.4960167667413084,0.9534711600138155,0.9380431786862655,0.9673162483747091,0.3803548276777485,0.28846153846153844,0.13470173187940987,1611,1559,52,1545,3971,138,29,0
llava-onevision-qwen2-7b-ov-hf,llava-onevision-qwen2-7b-ov-hf,repope,Sphere-Traj-LSTM,proxy_anchor,Diag-vMF,test,test,pooled,,passed,,0.40530677918816044,0.2865890659367684,0.5337352056794351,0.9662012137958258,0.9549945525680928,0.9762480591107434,0.42188270340871964,0.28846153846153844,0.11866581141757537,1611,1559,52,1545,3971,138,29,0
llava-onevision-qwen2-7b-ov-hf,llava-onevision-qwen2-7b-ov-hf,pope,Sphere-Traj-LSTM,proxy_anchor,Diag-Classifier,test,test,pooled,,passed,,0.1830478760153614,0.10832922644775206,0.2675912606029596,0.6684611176422659,0.571512357826788,0.7580607291413791,0.13143592574716115,0.0,0.9888957433682912,1674,1621,53,1653,4161,147,126,0
llava-onevision-qwen2-7b-ov-hf,llava-onevision-qwen2-7b-ov-hf,pope,Sphere-Traj-LSTM,proxy_anchor,Diag-kNN-tuned,test,test,pooled,16,passed,,0.18559253844053317,0.11890911485229613,0.2734199264803099,0.9123182754647143,0.8945176915877787,0.9307947379726446,0.1931807638114033,0.07547169811320754,0.1863047501542258,1674,1621,53,1653,4161,147,126,0
llava-onevision-qwen2-7b-ov-hf,llava-onevision-qwen2-7b-ov-hf,pope,Sphere-Traj-LSTM,proxy_anchor,Diag-vMF,test,test,pooled,,passed,,0.20806624292657905,0.1377260611227802,0.30034780259245997,0.9015282902471106,0.8587735549388918,0.9354743138601594,0.21610210024490184,0.05660377358490566,0.6600863664404688,1674,1621,53,1653,4161,147,126,0
llava-onevision-qwen2-7b-ov-hf,llava-onevision-qwen2-7b-ov-hf,dash-b,Sphere-Traj-LSTM,proxy_anchor,Diag-Classifier,test,test,pooled,,passed,,0.6676221458961045,0.5952403013823069,0.72936730738077,0.6834902445258584,0.6345599369890613,0.7350278396951079,0.6581825016201728,0.0,0.9297520661157025,436,242,194,326,1315,507,7,0
llava-onevision-qwen2-7b-ov-hf,llava-onevision-qwen2-7b-ov-hf,dash-b,Sphere-Traj-LSTM,proxy_anchor,Diag-kNN-tuned,test,test,pooled,16,passed,,0.6697047664235327,0.599178236009106,0.7386891737994303,0.7328107693618471,0.6876107040281146,0.7798076807151857,0.6736488275190992,0.06701030927835051,0.8512396694214877,436,242,194,326,1315,507,7,0
llava-onevision-qwen2-7b-ov-hf,llava-onevision-qwen2-7b-ov-hf,dash-b,Sphere-Traj-LSTM,proxy_anchor,Diag-vMF,test,test,pooled,,passed,,0.6429311055826454,0.5707744497752059,0.7157608414984,0.6715515037914288,0.6205144530204917,0.7231598312061092,0.646902127565924,0.06701030927835051,0.9256198347107438,436,242,194,326,1315,507,7,0
qwen3-vl-8b,qwen3-vl-8b,repope,Sphere-Traj-LSTM,bce,Diag-Classifier,test,test,pooled,,passed,,0.48377411044364577,0.3274461424501596,0.6372890800204826,0.9763759780646024,0.9669743449476355,0.9853188233578466,0.4956092973910671,0.39473684210526316,0.09974587039390088,1612,1574,38,1542,3980,168,28,0
qwen3-vl-8b,qwen3-vl-8b,repope,Sphere-Traj-LSTM,bce,Diag-kNN-tuned,test,test,pooled,32,passed,,0.0810060340871222,0.057522658364191535,0.10797426617263033,0.8784692035043136,0.8583182665614808,0.8970769130187829,0.08554882265184616,0.0,0.193138500635324,1612,1574,38,1542,3980,168,28,0
qwen3-vl-8b,qwen3-vl-8b,repope,Sphere-Traj-LSTM,bce,Diag-vMF,test,test,pooled,,passed,,0.5097467095217273,0.35668594906734447,0.6672881447542467,0.9774292784056711,0.9682658964068613,0.9860882084185826,0.5213000053112331,0.39473684210526316,0.09974587039390088,1612,1574,38,1542,3980,168,28,0
qwen3-vl-8b,qwen3-vl-8b,pope,Sphere-Traj-LSTM,bce,Diag-Classifier,test,test,pooled,,passed,,0.260782846502104,0.18539038175009295,0.362750130740141,0.9477314456899885,0.9343325454285168,0.9613191719472332,0.27324139762984784,0.17307692307692307,0.15891959798994976,1644,1592,52,1609,4194,173,156,0
qwen3-vl-8b,qwen3-vl-8b,pope,Sphere-Traj-LSTM,bce,Diag-kNN-tuned,test,test,pooled,32,passed,,0.08869199422914646,0.06570520736277927,0.11878282252005816,0.8439553536915346,0.8135588928014744,0.8715415722875135,0.09268840252832522,0.019230769230769232,0.30527638190954776,1644,1592,52,1609,4194,173,156,0
qwen3-vl-8b,qwen3-vl-8b,pope,Sphere-Traj-LSTM,bce,Diag-vMF,test,test,pooled,,passed,,0.2552486846741951,0.1784240715934439,0.3585803404766716,0.9098376497873986,0.8525974748225781,0.954059555298438,0.2669839727327435,0.19230769230769232,0.8203517587939698,1644,1592,52,1609,4194,173,156,0
qwen3-vl-8b,qwen3-vl-8b,dash-b,Sphere-Traj-LSTM,bce,Diag-Classifier,test,test,pooled,,passed,,0.8491205341723992,0.7802117281985447,0.913916346503656,0.9552519893899204,0.9369033305465333,0.9719375769022277,0.8503291138469237,0.25862068965517243,0.1476923076923077,441,325,116,381,1310,357,2,0
qwen3-vl-8b,qwen3-vl-8b,dash-b,Sphere-Traj-LSTM,bce,Diag-kNN-tuned,test,test,pooled,32,passed,,0.6245665581978869,0.5302903128904931,0.7234613416288481,0.900424403183024,0.868619531584154,0.9308173645267542,0.6287128238894678,0.034482758620689655,0.16,441,325,116,381,1310,357,2,0
qwen3-vl-8b,qwen3-vl-8b,dash-b,Sphere-Traj-LSTM,bce,Diag-vMF,test,test,pooled,,passed,,0.8208434841566867,0.7484594083013769,0.8898036061126591,0.9130503978779841,0.8741500107351663,0.9484365491273785,0.8220677109013624,0.25,0.7415384615384616,441,325,116,381,1310,357,2,0
qwen3-vl-8b,qwen3-vl-8b,repope,Sphere-Traj-LSTM,supcon,Diag-Classifier,test,test,pooled,,passed,,0.518842439929197,0.35531789419546705,0.6666995499041731,0.9739182772687756,0.961825412858837,0.9850902723854017,0.5297974261868917,0.42105263157894735,0.08195679796696315,1612,1574,38,1542,3980,168,28,0
qwen3-vl-8b,qwen3-vl-8b,repope,Sphere-Traj-LSTM,supcon,Diag-kNN-tuned,test,test,pooled,32,passed,,0.49525191917975003,0.34074342759457593,0.6369190485852376,0.9535711897278139,0.9229345471205362,0.9773631562419249,0.5033044925342897,0.39473684210526316,0.2020330368487929,1612,1574,38,1542,3980,168,28,0
qwen3-vl-8b,qwen3-vl-8b,repope,Sphere-Traj-LSTM,supcon,Diag-vMF,test,test,pooled,,passed,,0.5903022444722603,0.42731187319349623,0.7341086499303691,0.9785160168528055,0.9676681173214489,0.988356427265419,0.5980242909680477,0.5789473684210527,0.10419313850063533,1612,1574,38,1542,3980,168,28,0
qwen3-vl-8b,qwen3-vl-8b,pope,Sphere-Traj-LSTM,supcon,Diag-Classifier,test,test,pooled,,passed,,0.29306193339927455,0.19385772512962407,0.41002766923014067,0.9411842868187089,0.9238365977957655,0.957986850546807,0.30112118759587964,0.17307692307692307,0.21482412060301506,1644,1592,52,1609,4194,173,156,0
qwen3-vl-8b,qwen3-vl-8b,pope,Sphere-Traj-LSTM,supcon,Diag-kNN-tuned,test,test,pooled,32,passed,,0.2075633012790171,0.11947770865315206,0.31069324719524916,0.8780923850019327,0.8440552728441544,0.9121836833687156,0.21274912566089027,0.11538461538461539,0.44221105527638194,1644,1592,52,1609,4194,173,156,0
qwen3-vl-8b,qwen3-vl-8b,pope,Sphere-Traj-LSTM,supcon,Diag-vMF,test,test,pooled,,passed,,0.2930222712637354,0.19421489743343337,0.4012461782965563,0.9212166602241979,0.8823724368276427,0.952694304694814,0.29989485363329194,0.11538461538461539,0.4792713567839196,1644,1592,52,1609,4194,173,156,0
qwen3-vl-8b,qwen3-vl-8b,dash-b,Sphere-Traj-LSTM,supcon,Diag-Classifier,test,test,pooled,,passed,,0.8033319153084116,0.7243962693937211,0.8725886955798481,0.9369761273209549,0.91291495047563,0.9577922118757097,0.804716632883454,0.16379310344827586,0.27076923076923076,441,325,116,381,1310,357,2,0
qwen3-vl-8b,qwen3-vl-8b,dash-b,Sphere-Traj-LSTM,supcon,Diag-kNN-tuned,test,test,pooled,32,passed,,0.6893427679753532,0.6021108299446639,0.7666865863613159,0.8728912466843501,0.837596285744434,0.9042014324693408,0.6911730326221055,0.13793103448275862,0.3569230769230769,441,325,116,381,1310,357,2,0
qwen3-vl-8b,qwen3-vl-8b,dash-b,Sphere-Traj-LSTM,supcon,Diag-vMF,test,test,pooled,,passed,,0.741331766969846,0.6555666377634912,0.8167847134779953,0.8751458885941644,0.8322662007659917,0.9132805906123016,0.7428331312440066,0.16379310344827586,0.5784615384615385,441,325,116,381,1310,357,2,0
qwen3-vl-8b,qwen3-vl-8b,repope,Sphere-Traj-LSTM,proxy_anchor,Diag-Classifier,test,test,pooled,,passed,,0.5277912107194317,0.36115446960518366,0.687958741334802,0.9747709489734502,0.9615899778539136,0.9860870349771406,0.5101710697178611,0.5,0.09212198221092757,1612,1574,38,1542,3980,168,28,0
qwen3-vl-8b,qwen3-vl-8b,repope,Sphere-Traj-LSTM,proxy_anchor,Diag-kNN-tuned,test,test,pooled,32,passed,,0.4902321098483184,0.32873896233568595,0.6474932543652917,0.9317862636260281,0.8917724611683078,0.9698646248568108,0.49815201171205864,0.42105263157894735,0.44726810673443457,1612,1574,38,1542,3980,168,28,0
qwen3-vl-8b,qwen3-vl-8b,repope,Sphere-Traj-LSTM,proxy_anchor,Diag-vMF,test,test,pooled,,passed,,0.5148565538770353,0.3502431904103007,0.6713910773171694,0.9581856483648765,0.9249852042081019,0.9808043546499092,0.5231441953776359,0.4473684210526316,0.13532401524777637,1612,1574,38,1542,3980,168,28,0
qwen3-vl-8b,qwen3-vl-8b,pope,Sphere-Traj-LSTM,proxy_anchor,Diag-Classifier,test,test,pooled,,passed,,0.2852531399129077,0.19638794393252348,0.3942690955226569,0.9431532663316583,0.9286442963336065,0.958362671615404,0.26976028800560325,0.19230769230769232,0.13442211055276382,1644,1592,52,1609,4194,173,156,0
qwen3-vl-8b,qwen3-vl-8b,pope,Sphere-Traj-LSTM,proxy_anchor,Diag-kNN-tuned,test,test,pooled,32,passed,,0.21041678516950205,0.12416174311611826,0.3155367318124771,0.8666892153073057,0.8299750799656844,0.9044529755318027,0.21728182814781996,0.09615384615384616,0.3957286432160804,1644,1592,52,1609,4194,173,156,0
qwen3-vl-8b,qwen3-vl-8b,pope,Sphere-Traj-LSTM,proxy_anchor,Diag-vMF,test,test,pooled,,passed,,0.240769021539593,0.1437924714886149,0.356788646123465,0.8581609972941631,0.8061869564933937,0.9104608091119683,0.24839236292070158,0.17307692307692307,0.5307788944723618,1644,1592,52,1609,4194,173,156,0
qwen3-vl-8b,qwen3-vl-8b,dash-b,Sphere-Traj-LSTM,proxy_anchor,Diag-Classifier,test,test,pooled,,passed,,0.8533793369371829,0.7905174161408078,0.9105994038753935,0.9479045092838196,0.9275653427277468,0.9667757570770242,0.8542511148023973,0.2672413793103448,0.20615384615384616,441,325,116,381,1310,357,2,0
qwen3-vl-8b,qwen3-vl-8b,dash-b,Sphere-Traj-LSTM,proxy_anchor,Diag-kNN-tuned,test,test,pooled,32,passed,,0.7272122852718111,0.6404879830265862,0.7996091113785021,0.8730769230769232,0.8386489179112959,0.907313619642694,0.7287315867040087,0.19827586206896552,0.5538461538461539,441,325,116,381,1310,357,2,0
qwen3-vl-8b,qwen3-vl-8b,dash-b,Sphere-Traj-LSTM,proxy_anchor,Diag-vMF,test,test,pooled,,passed,,0.6271380923010564,0.5368828254307966,0.7040581541134276,0.843660477453581,0.8057759281781328,0.8777017589833328,0.6292825075999048,0.14655172413793102,0.5015384615384615,441,325,116,381,1310,357,2,0
internvl3.5-8b,internvl3.5-8b,repope,Sphere-Traj-LSTM,bce,Diag-Classifier,test,test,pooled,,passed,,0.5665109996507741,0.47868259994846163,0.658877881932978,0.9215031255376498,0.8824566940677349,0.9524190891951811,0.572444816724984,0.09929078014184398,0.0963611859838275,1625,1484,141,1496,4041,352,15,0
internvl3.5-8b,internvl3.5-8b,repope,Sphere-Traj-LSTM,bce,Diag-kNN-tuned,test,test,pooled,32,passed,,0.14816059441490723,0.12477910444707417,0.17736407136635068,0.7482699623406167,0.7206061573102825,0.7738569303634658,0.15295153141064566,0.0,0.41778975741239893,1625,1484,141,1496,4041,352,15,0
internvl3.5-8b,internvl3.5-8b,repope,Sphere-Traj-LSTM,bce,Diag-vMF,test,test,pooled,,passed,,0.6441236195354465,0.5510955392847121,0.7357086826415382,0.9671484009099425,0.9587945934647135,0.9752056725618609,0.6495084597891372,0.3191489361702128,0.09703504043126684,1625,1484,141,1496,4041,352,15,0
internvl3.5-8b,internvl3.5-8b,pope,Sphere-Traj-LSTM,bce,Diag-Classifier,test,test,pooled,,passed,,0.45520483731905564,0.37748943503503984,0.5342244417933012,0.9063466991806837,0.872164266949618,0.9359598307685156,0.4598173675052129,0.13043478260869565,0.38368387507966856,1707,1569,138,1620,4326,346,93,0
internvl3.5-8b,internvl3.5-8b,pope,Sphere-Traj-LSTM,bce,Diag-kNN-tuned,test,test,pooled,32,passed,,0.09445212912190525,0.07605187730823856,0.11375889178324126,0.6156556839489752,0.5812458639972987,0.6500181052692695,0.0963572438054412,0.0,0.6016571064372211,1707,1569,138,1620,4326,346,93,0
internvl3.5-8b,internvl3.5-8b,pope,Sphere-Traj-LSTM,bce,Diag-vMF,test,test,pooled,,passed,,0.5396103102472778,0.45287793777391866,0.6224328558751845,0.9305520917043071,0.9034839474061642,0.9517962948749393,0.5438035906587028,0.2246376811594203,0.1561504142766093,1707,1569,138,1620,4326,346,93,0
internvl3.5-8b,internvl3.5-8b,dash-b,Sphere-Traj-LSTM,bce,Diag-Classifier,test,test,pooled,,passed,,0.5993780715925981,0.5201144485285869,0.6881159711115149,0.7917324597581957,0.7502778281216896,0.8332225865206639,0.6021026223682142,0.052980132450331126,0.4306049822064057,432,281,151,361,1293,402,11,0
internvl3.5-8b,internvl3.5-8b,dash-b,Sphere-Traj-LSTM,bce,Diag-kNN-tuned,test,test,pooled,32,passed,,0.23669562941754768,0.20423744493206056,0.2735868460561857,0.2584902547665622,0.2126903758630985,0.3035625999369062,0.2387263225794959,0.0,0.9822064056939501,432,281,151,361,1293,402,11,0
internvl3.5-8b,internvl3.5-8b,dash-b,Sphere-Traj-LSTM,bce,Diag-vMF,test,test,pooled,,passed,,0.27947535909451326,0.24292373624888994,0.3219534146580671,0.4033136150456035,0.3512797490055927,0.4533116206048643,0.28123804756673104,0.0,0.8362989323843416,432,281,151,361,1293,402,11,0
internvl3.5-8b,internvl3.5-8b,repope,Sphere-Traj-LSTM,supcon,Diag-Classifier,test,test,pooled,,passed,,0.6463446205227037,0.5561427713868354,0.7250769570613668,0.9617097742348646,0.9512486738364268,0.9704156681197988,0.6501941583954054,0.2553191489361702,0.10512129380053908,1625,1484,141,1496,4041,352,15,0
internvl3.5-8b,internvl3.5-8b,repope,Sphere-Traj-LSTM,supcon,Diag-kNN-tuned,test,test,pooled,32,passed,,0.6476150400685652,0.5590862797762947,0.7255863667614212,0.9576475311120032,0.9454007337040988,0.9673877655194977,0.650934620437508,0.2553191489361702,0.14285714285714285,1625,1484,141,1496,4041,352,15,0
internvl3.5-8b,internvl3.5-8b,repope,Sphere-Traj-LSTM,supcon,Diag-vMF,test,test,pooled,,passed,,0.6527248881436781,0.5626811865405607,0.7317641350107853,0.9402945843130508,0.9138061563737165,0.9607596754996379,0.6559886060475844,0.2553191489361702,0.15498652291105122,1625,1484,141,1496,4041,352,15,0
internvl3.5-8b,internvl3.5-8b,pope,Sphere-Traj-LSTM,supcon,Diag-Classifier,test,test,pooled,,passed,,0.5109290581970028,0.42800959587132253,0.5964520176260723,0.9338773889027443,0.9185959635844457,0.9487215710505142,0.5144524707043379,0.18840579710144928,0.2179732313575526,1707,1569,138,1620,4326,346,93,0
internvl3.5-8b,internvl3.5-8b,pope,Sphere-Traj-LSTM,supcon,Diag-kNN-tuned,test,test,pooled,32,passed,,0.4615779074339743,0.3792679491548754,0.5397492343132972,0.9146322313667896,0.8907830697239146,0.9341597848251209,0.4654022089405282,0.15217391304347827,0.2224346717654557,1707,1569,138,1620,4326,346,93,0
internvl3.5-8b,internvl3.5-8b,pope,Sphere-Traj-LSTM,supcon,Diag-vMF,test,test,pooled,,passed,,0.4935959353592455,0.4084334195701388,0.5791291221859947,0.9048872631880365,0.8741938240303682,0.9342722143513063,0.49746776778400437,0.15942028985507245,0.5251752708731676,1707,1569,138,1620,4326,346,93,0
internvl3.5-8b,internvl3.5-8b,dash-b,Sphere-Traj-LSTM,supcon,Diag-Classifier,test,test,pooled,,passed,,0.5970203141144246,0.5161078635559377,0.6873208769837735,0.7908840234734039,0.7479167617813387,0.8286264222204673,0.6001071947437407,0.046357615894039736,0.49466192170818507,432,281,151,361,1293,402,11,0
internvl3.5-8b,internvl3.5-8b,dash-b,Sphere-Traj-LSTM,supcon,Diag-kNN-tuned,test,test,pooled,32,passed,,0.5146892348210819,0.4324923563886153,0.603081775363182,0.6716787254601588,0.6173468391478781,0.724109993612789,0.517799770722371,0.039735099337748346,0.7758007117437722,432,281,151,361,1293,402,11,0
internvl3.5-8b,internvl3.5-8b,dash-b,Sphere-Traj-LSTM,supcon,Diag-vMF,test,test,pooled,,passed,,0.46067247726933297,0.3835872390655345,0.5432146233797518,0.5591195116777827,0.5035239523203531,0.6197424107248363,0.46373214990022993,0.039735099337748346,0.9466192170818505,432,281,151,361,1293,402,11,0
internvl3.5-8b,internvl3.5-8b,repope,Sphere-Traj-LSTM,proxy_anchor,Diag-Classifier,test,test,pooled,,passed,,0.6678042342995318,0.5831400231044019,0.7398951864302291,0.9440485748695302,0.9235094060553528,0.96080845655772,0.642868744283211,0.22695035460992907,0.2944743935309973,1625,1484,141,1496,4041,352,15,0
internvl3.5-8b,internvl3.5-8b,repope,Sphere-Traj-LSTM,proxy_anchor,Diag-kNN-tuned,test,test,pooled,32,passed,,0.6100198879313758,0.5191844513828994,0.686391241767249,0.9356827435912141,0.9182982687088269,0.9499885165831531,0.6136404399203408,0.3120567375886525,0.21226415094339623,1625,1484,141,1496,4041,352,15,0
internvl3.5-8b,internvl3.5-8b,repope,Sphere-Traj-LSTM,proxy_anchor,Diag-vMF,test,test,pooled,,passed,,0.6881450866596304,0.5953975960517538,0.7623310860489823,0.9666465944065301,0.957753390727289,0.974314763281861,0.6917547042105868,0.2907801418439716,0.10579514824797843,1625,1484,141,1496,4041,352,15,0
internvl3.5-8b,internvl3.5-8b,pope,Sphere-Traj-LSTM,proxy_anchor,Diag-Classifier,test,test,pooled,,passed,,0.5341487035838353,0.4555360980710481,0.6133515505331743,0.9114824359649365,0.884229953370694,0.9364652250629496,0.4914584949832295,0.0,0.40535372848948376,1707,1569,138,1620,4326,346,93,0
internvl3.5-8b,internvl3.5-8b,pope,Sphere-Traj-LSTM,proxy_anchor,Diag-kNN-tuned,test,test,pooled,32,passed,,0.34427918553959547,0.26690939632955074,0.41777360052013524,0.8501907427420771,0.826149604468255,0.8733342813616389,0.3477471988135901,0.15942028985507245,0.372848948374761,1707,1569,138,1620,4326,346,93,0
internvl3.5-8b,internvl3.5-8b,pope,Sphere-Traj-LSTM,proxy_anchor,Diag-vMF,test,test,pooled,,passed,,0.5314216423348171,0.44599343893029575,0.6151891398921283,0.9194862415828413,0.8938898818595802,0.9424131565683044,0.5350033890593959,0.2463768115942029,0.3052899936265137,1707,1569,138,1620,4326,346,93,0
internvl3.5-8b,internvl3.5-8b,dash-b,Sphere-Traj-LSTM,proxy_anchor,Diag-Classifier,test,test,pooled,,passed,,0.5717512459165585,0.4938894189273504,0.6544121431390045,0.7670688883127902,0.7206568761230807,0.8088907475890813,0.5660237912486985,0.0,0.5444839857651246,432,281,151,361,1293,402,11,0
internvl3.5-8b,internvl3.5-8b,dash-b,Sphere-Traj-LSTM,proxy_anchor,Diag-kNN-tuned,test,test,pooled,32,passed,,0.2709417209322712,0.23076653879414957,0.32570124450947857,0.34168414602531166,0.2869004091644617,0.3971950997311177,0.2738030957459281,0.006622516556291391,0.9679715302491103,432,281,151,361,1293,402,11,0
internvl3.5-8b,internvl3.5-8b,dash-b,Sphere-Traj-LSTM,proxy_anchor,Diag-vMF,test,test,pooled,,passed,,0.30118428093181354,0.2606146816010094,0.34767450999473587,0.4621620984657444,0.4075584308448489,0.5138322850048024,0.30337871300810515,0.0,0.9359430604982206,432,281,151,361,1293,402,11,0
minicpm-v-2_6,minicpm-v-2_6,repope,Sphere-Traj-LSTM,bce,Diag-Classifier,test,test,pooled,,passed,,0.16045396727959513,0.07640292596763354,0.28574869545783305,0.8347404720851419,0.6753027486526988,0.9691177969175107,0.19485745762333337,0.2727272727272727,0.9973839110529757,1551,1529,22,1529,3856,80,89,0
minicpm-v-2_6,minicpm-v-2_6,repope,Sphere-Traj-LSTM,bce,Diag-kNN-tuned,test,test,pooled,1,passed,,0.09353864064318528,0.018969753869240342,0.22781618589104677,0.7349128961293775,0.6408191826636493,0.8207309560049286,0.1090747691171084,0.18181818181818182,0.7880967952910399,1551,1529,22,1529,3856,80,89,0
minicpm-v-2_6,minicpm-v-2_6,repope,Sphere-Traj-LSTM,bce,Diag-vMF,test,test,pooled,,passed,,0.12667651476336383,0.05900697945564786,0.22683582396701707,0.9308817408882811,0.9027743305029392,0.9580210944053918,0.14955853816426137,0.2727272727272727,0.18247220405493786,1551,1529,22,1529,3856,80,89,0
minicpm-v-2_6,minicpm-v-2_6,pope,Sphere-Traj-LSTM,bce,Diag-Classifier,test,test,pooled,,passed,,0.0775657889691911,0.03670031129721462,0.13214957591387153,0.9500999951221891,0.9238457190389745,0.9696119442315352,0.08717204549443475,0.0,0.1636017755231452,1590,1577,13,1582,3996,77,210,0
minicpm-v-2_6,minicpm-v-2_6,pope,Sphere-Traj-LSTM,bce,Diag-kNN-tuned,test,test,pooled,1,passed,,0.014749357977069812,0.005032296157954323,0.058821660926019884,0.6088971269694161,0.48479279590819163,0.7287093803699832,0.021112142981396853,0.07692307692307693,0.7996195307545974,1590,1577,13,1582,3996,77,210,0
minicpm-v-2_6,minicpm-v-2_6,pope,Sphere-Traj-LSTM,bce,Diag-vMF,test,test,pooled,,passed,,0.0710832813972662,0.032014908612018014,0.1488092019433808,0.9377591337007951,0.9008939680169055,0.9669246620473818,0.08468544414975229,0.07692307692307693,0.2238427393785669,1590,1577,13,1582,3996,77,210,0
minicpm-v-2_6,minicpm-v-2_6,dash-b,Sphere-Traj-LSTM,bce,Diag-Classifier,test,test,pooled,,passed,,0.40146370328981723,0.3220527765607788,0.4978045138909289,0.7268362638733008,0.6717353611665372,0.781690477341188,0.40800198362966494,0.020202020202020204,0.9814814814814815,423,324,99,394,1277,286,20,0
minicpm-v-2_6,minicpm-v-2_6,dash-b,Sphere-Traj-LSTM,bce,Diag-kNN-tuned,test,test,pooled,1,passed,,0.23498419007543536,0.1884123137785013,0.29120508918234156,0.5227584486843746,0.46503644763210267,0.5866912898085351,0.23958381520756303,0.0,0.8950617283950617,423,324,99,394,1277,286,20,0
minicpm-v-2_6,minicpm-v-2_6,dash-b,Sphere-Traj-LSTM,bce,Diag-vMF,test,test,pooled,,passed,,0.47782144232119816,0.38016410796147715,0.5780968623455535,0.680446439705699,0.6064814245131706,0.7464296962257254,0.48080543361129235,0.09090909090909091,0.9722222222222222,423,324,99,394,1277,286,20,0
minicpm-v-2_6,minicpm-v-2_6,repope,Sphere-Traj-LSTM,supcon,Diag-Classifier,test,test,pooled,,passed,,0.2808899006582799,0.12735646347100313,0.47284038602711115,0.938611094595398,0.8955981009761405,0.9774361072847053,0.3122470448246042,0.5,0.28253760627861346,1551,1529,22,1529,3856,80,89,0
minicpm-v-2_6,minicpm-v-2_6,repope,Sphere-Traj-LSTM,supcon,Diag-kNN-tuned,test,test,pooled,32,passed,,0.051640222644774816,0.026679261313005055,0.0879329542641241,0.854807063440157,0.8008462874345263,0.9008189305385903,0.06117767239862523,0.0,0.37933289731850883,1551,1529,22,1529,3856,80,89,0
minicpm-v-2_6,minicpm-v-2_6,repope,Sphere-Traj-LSTM,supcon,Diag-vMF,test,test,pooled,,passed,,0.35479946995812817,0.16128470689858146,0.5595387317352992,0.8878649146798264,0.8024449915820662,0.9592786923031487,0.3625384424271552,0.2727272727272727,0.4918247220405494,1551,1529,22,1529,3856,80,89,0
minicpm-v-2_6,minicpm-v-2_6,pope,Sphere-Traj-LSTM,supcon,Diag-Classifier,test,test,pooled,,passed,,0.22203500638114143,0.0343650934194522,0.4598410109456946,0.9147846446514805,0.846304406047985,0.9670981130488805,0.22872250894905544,0.15384615384615385,0.3906150919467343,1590,1577,13,1582,3996,77,210,0
minicpm-v-2_6,minicpm-v-2_6,pope,Sphere-Traj-LSTM,supcon,Diag-kNN-tuned,test,test,pooled,32,passed,,0.013741425349782524,0.0069478175367283694,0.025058083248671467,0.7261596995268523,0.6394969822154999,0.8018962195183015,0.01578830168146539,0.0,0.5301204819277109,1590,1577,13,1582,3996,77,210,0
minicpm-v-2_6,minicpm-v-2_6,pope,Sphere-Traj-LSTM,supcon,Diag-vMF,test,test,pooled,,passed,,0.08414954224023545,0.03476627806090558,0.1700791682462959,0.9136139700502415,0.8131487764504933,0.9727678568652559,0.09961351132149712,0.23076923076923078,0.6277742549143944,1590,1577,13,1582,3996,77,210,0
minicpm-v-2_6,minicpm-v-2_6,dash-b,Sphere-Traj-LSTM,supcon,Diag-Classifier,test,test,pooled,,passed,,0.5020934530317378,0.40824558405303196,0.5961392082968092,0.7986968449931413,0.7545671436262273,0.8376490969319557,0.5059990504568161,0.08080808080808081,0.5648148148148148,423,324,99,394,1277,286,20,0
minicpm-v-2_6,minicpm-v-2_6,dash-b,Sphere-Traj-LSTM,supcon,Diag-kNN-tuned,test,test,pooled,32,passed,,0.27290690154082375,0.2041328886830157,0.3601496125705861,0.47914328469884027,0.41475913164886447,0.5505494714472163,0.2776055567394786,0.050505050505050504,0.9320987654320988,423,324,99,394,1277,286,20,0
minicpm-v-2_6,minicpm-v-2_6,dash-b,Sphere-Traj-LSTM,supcon,Diag-vMF,test,test,pooled,,passed,,0.3059363470537847,0.2313178450193139,0.39543241122696926,0.5705823668786631,0.50531215833552,0.6272473711001397,0.3111224572563773,0.06060606060606061,0.9567901234567902,423,324,99,394,1277,286,20,0
minicpm-v-2_6,minicpm-v-2_6,repope,Sphere-Traj-LSTM,proxy_anchor,Diag-Classifier,test,test,pooled,,passed,,0.2866945008440896,0.11244392335961287,0.47825590129751056,0.8542124977703788,0.7292623848032621,0.9584020577629594,0.3006137014023948,0.2727272727272727,0.7567037279267496,1551,1529,22,1529,3856,80,89,0
minicpm-v-2_6,minicpm-v-2_6,repope,Sphere-Traj-LSTM,proxy_anchor,Diag-kNN-tuned,test,test,pooled,32,passed,,0.18393507702857592,0.034581581657014075,0.35764956860717706,0.8284678042689815,0.7749892399776253,0.8827576312279829,0.18903443787221774,0.13636363636363635,0.3054283845650752,1551,1529,22,1529,3856,80,89,0
minicpm-v-2_6,minicpm-v-2_6,repope,Sphere-Traj-LSTM,proxy_anchor,Diag-vMF,test,test,pooled,,passed,,0.2894127625994421,0.11617195625129167,0.47948493419143257,0.8844758903620905,0.7830317097118432,0.9685807962774061,0.303644570797665,0.2727272727272727,0.644211903204709,1551,1529,22,1529,3856,80,89,0
minicpm-v-2_6,minicpm-v-2_6,pope,Sphere-Traj-LSTM,proxy_anchor,Diag-Classifier,test,test,pooled,,passed,,0.06778010672392233,0.026776766039172357,0.14389344812098448,0.8869323447636701,0.7757377885650459,0.9667357166591714,0.08061620078594066,0.07692307692307693,0.543436905516804,1590,1577,13,1582,3996,77,210,0
minicpm-v-2_6,minicpm-v-2_6,pope,Sphere-Traj-LSTM,proxy_anchor,Diag-kNN-tuned,test,test,pooled,32,passed,,0.036702133037024756,0.011977252808109391,0.09501888067171656,0.8138627384030047,0.7173017981823614,0.9082850222363406,0.0447758043027993,0.0,0.476854787571338,1590,1577,13,1582,3996,77,210,0
minicpm-v-2_6,minicpm-v-2_6,pope,Sphere-Traj-LSTM,proxy_anchor,Diag-vMF,test,test,pooled,,passed,,0.0661309156575397,0.028078158216296337,0.13836594290908572,0.9145895322179406,0.8402513730460499,0.9658024945662145,0.07837950205507156,0.07692307692307693,0.43817374762206723,1590,1577,13,1582,3996,77,210,0
minicpm-v-2_6,minicpm-v-2_6,dash-b,Sphere-Traj-LSTM,proxy_anchor,Diag-Classifier,test,test,pooled,,passed,,0.5037112619185766,0.40540134201739925,0.6020621722616181,0.7921343060231948,0.7440853420813313,0.8335832423095388,0.504991305720214,0.0707070707070707,0.5524691358024691,423,324,99,394,1277,286,20,0
minicpm-v-2_6,minicpm-v-2_6,dash-b,Sphere-Traj-LSTM,proxy_anchor,Diag-kNN-tuned,test,test,pooled,32,passed,,0.2596405172577546,0.199881431009596,0.3378814708834201,0.527715425863574,0.465514998403297,0.5909970120698089,0.26700070496861206,0.020202020202020204,0.9166666666666666,423,324,99,394,1277,286,20,0
minicpm-v-2_6,minicpm-v-2_6,dash-b,Sphere-Traj-LSTM,proxy_anchor,Diag-vMF,test,test,pooled,,passed,,0.27077300762156814,0.2157173133774911,0.3363541969838323,0.5861391694725029,0.5197891879174608,0.6468553108332291,0.27487399121485406,0.0,0.9506172839506173,423,324,99,394,1277,286,20,0
gemma-3-12b-it,gemma-3-12b-it,repope,Sphere-Traj-LSTM,bce,Diag-Classifier,test,test,pooled,,passed,,0.751680657375894,0.6862221911837058,0.8178213551890403,0.9585906862745097,0.9420213874107741,0.973377542383736,0.7531871160426702,0.3176470588235294,0.08541666666666667,1610,1440,170,1443,3978,425,30,0
gemma-3-12b-it,gemma-3-12b-it,repope,Sphere-Traj-LSTM,bce,Diag-kNN-tuned,test,test,pooled,32,passed,,0.22688358883347873,0.19601324195032221,0.259728239634874,0.826781045751634,0.8081344961196395,0.8464534873221436,0.229471767364915,0.0,0.21597222222222223,1610,1440,170,1443,3978,425,30,0
gemma-3-12b-it,gemma-3-12b-it,repope,Sphere-Traj-LSTM,bce,Diag-vMF,test,test,pooled,,passed,,0.7693256834010229,0.7075678469848253,0.8279546122451131,0.9573856209150327,0.9341385439202675,0.9748479716442908,0.7705883155070835,0.32941176470588235,0.08125,1610,1440,170,1443,3978,425,30,0
gemma-3-12b-it,gemma-3-12b-it,pope,Sphere-Traj-LSTM,bce,Diag-Classifier,test,test,pooled,,passed,,0.7029638974447362,0.6303636578728878,0.7717266367967283,0.9562911266201397,0.94425271275221,0.9674770084215092,0.7048793108936465,0.2620320855614973,0.1288135593220339,1662,1475,187,1543,4179,459,138,0
gemma-3-12b-it,gemma-3-12b-it,pope,Sphere-Traj-LSTM,bce,Diag-kNN-tuned,test,test,pooled,32,passed,,0.18654629014632945,0.16154061895855165,0.21522388690735048,0.7578972174385933,0.7359907884770455,0.7803790330887455,0.18893189167775315,0.016042780748663103,0.3511864406779661,1662,1475,187,1543,4179,459,138,0
gemma-3-12b-it,gemma-3-12b-it,pope,Sphere-Traj-LSTM,bce,Diag-vMF,test,test,pooled,,passed,,0.7342604208367678,0.6718499945458384,0.793702612843475,0.9508782742681049,0.9325261774472282,0.966269282854439,0.7354200925653395,0.2994652406417112,0.11864406779661017,1662,1475,187,1543,4179,459,138,0
gemma-3-12b-it,gemma-3-12b-it,dash-b,Sphere-Traj-LSTM,bce,Diag-Classifier,test,test,pooled,,passed,,0.8450451463591404,0.7798725238140173,0.8970391326866192,0.8874611573024271,0.8548383147922217,0.9177673213785272,0.8460135629169903,0.08673469387755102,0.51440329218107,439,243,196,326,1310,504,4,0
gemma-3-12b-it,gemma-3-12b-it,dash-b,Sphere-Traj-LSTM,bce,Diag-kNN-tuned,test,test,pooled,32,passed,,0.5836896964388557,0.5130371271536297,0.6609553473938944,0.7500629881582263,0.7001652928213635,0.796684017570083,0.5880876752712206,0.00510204081632653,0.41975308641975306,439,243,196,326,1310,504,4,0
gemma-3-12b-it,gemma-3-12b-it,dash-b,Sphere-Traj-LSTM,bce,Diag-vMF,test,test,pooled,,passed,,0.8318184632674293,0.7660126942871497,0.885573382562362,0.8535525321239608,0.8099664739797213,0.8940339286496665,0.8326660180284752,0.09693877551020408,0.9012345679012346,439,243,196,326,1310,504,4,0
gemma-3-12b-it,gemma-3-12b-it,repope,Sphere-Traj-LSTM,supcon,Diag-Classifier,test,test,pooled,,passed,,0.6789942785422353,0.5996271061085815,0.7519029034731258,0.9497385620915033,0.9345532774838151,0.9629441705254894,0.6803076994453561,0.2411764705882353,0.1986111111111111,1610,1440,170,1443,3978,425,30,0
gemma-3-12b-it,gemma-3-12b-it,repope,Sphere-Traj-LSTM,supcon,Diag-kNN-tuned,test,test,pooled,32,passed,,0.6943478583872695,0.61885433666729,0.7653750160589433,0.9566993464052287,0.9432152969914425,0.9688001541400229,0.6966227218893015,0.23529411764705882,0.14166666666666666,1610,1440,170,1443,3978,425,30,0
gemma-3-12b-it,gemma-3-12b-it,repope,Sphere-Traj-LSTM,supcon,Diag-vMF,test,test,pooled,,passed,,0.6942894994037516,0.6170795638111073,0.7658253384811653,0.9431331699346406,0.9211214849016811,0.9640491943514065,0.6965053268672877,0.23529411764705882,0.08541666666666667,1610,1440,170,1443,3978,425,30,0
gemma-3-12b-it,gemma-3-12b-it,pope,Sphere-Traj-LSTM,supcon,Diag-Classifier,test,test,pooled,,passed,,0.6294852059612548,0.5636023613454354,0.7047713528431802,0.9425396537659748,0.9304977330331351,0.9546569991204071,0.6298002691799136,0.16042780748663102,0.21423728813559323,1662,1475,187,1543,4179,459,138,0
gemma-3-12b-it,gemma-3-12b-it,pope,Sphere-Traj-LSTM,supcon,Diag-kNN-tuned,test,test,pooled,32,passed,,0.6233749262448173,0.5554841316970954,0.6933549556229308,0.933022749932022,0.9155291109795687,0.9489948100530256,0.6255004069080055,0.20320855614973263,0.17016949152542374,1662,1475,187,1543,4179,459,138,0
gemma-3-12b-it,gemma-3-12b-it,pope,Sphere-Traj-LSTM,supcon,Diag-vMF,test,test,pooled,,passed,,0.6527607198904151,0.5882770576846297,0.7234315121668627,0.9312063808574278,0.9089404445156368,0.951975493195018,0.6548445756073177,0.20320855614973263,0.12949152542372883,1662,1475,187,1543,4179,459,138,0
gemma-3-12b-it,gemma-3-12b-it,dash-b,Sphere-Traj-LSTM,supcon,Diag-Classifier,test,test,pooled,,passed,,0.874393245543436,0.829892673810576,0.9159943933531478,0.8994289073654154,0.8691179909966964,0.9283233247638119,0.8748287915283889,0.22959183673469388,0.3950617283950617,439,243,196,326,1310,504,4,0
gemma-3-12b-it,gemma-3-12b-it,dash-b,Sphere-Traj-LSTM,supcon,Diag-kNN-tuned,test,test,pooled,32,passed,,0.836980042518484,0.7891160147702715,0.8816529030744956,0.8430125136474343,0.8060664340814767,0.8794434173690352,0.8374592190048872,0.2653061224489796,0.6255144032921811,439,243,196,326,1310,504,4,0
gemma-3-12b-it,gemma-3-12b-it,dash-b,Sphere-Traj-LSTM,supcon,Diag-vMF,test,test,pooled,,passed,,0.8123379651269269,0.762757865888482,0.8587061312324344,0.8209036701100194,0.7828729469935979,0.8577784887438576,0.8128723418283946,0.2653061224489796,0.6419753086419753,439,243,196,326,1310,504,4,0
gemma-3-12b-it,gemma-3-12b-it,repope,Sphere-Traj-LSTM,proxy_anchor,Diag-Classifier,test,test,pooled,,passed,,0.7565869446113025,0.6918628854346143,0.81724541584135,0.9679575163398693,0.9590667830333607,0.9762661763851547,0.7559087259238486,0.37058823529411766,0.10069444444444445,1610,1440,170,1443,3978,425,30,0
gemma-3-12b-it,gemma-3-12b-it,repope,Sphere-Traj-LSTM,proxy_anchor,Diag-kNN-tuned,test,test,pooled,32,passed,,0.28035168190561266,0.23000036554422143,0.3310638612827755,0.8173651960784314,0.7939700042397335,0.8410759812597571,0.28279060701263226,0.047058823529411764,0.3840277777777778,1610,1440,170,1443,3978,425,30,0
gemma-3-12b-it,gemma-3-12b-it,repope,Sphere-Traj-LSTM,proxy_anchor,Diag-vMF,test,test,pooled,,passed,,0.5874996847356525,0.5169965263353009,0.6545518860945234,0.9086805555555555,0.8894151617264234,0.9274452372622807,0.5891193845102285,0.2529411764705882,0.31875,1610,1440,170,1443,3978,425,30,0
gemma-3-12b-it,gemma-3-12b-it,pope,Sphere-Traj-LSTM,proxy_anchor,Diag-Classifier,test,test,pooled,,passed,,0.6776766771276206,0.6123458595737604,0.7456623492549704,0.9561714855433698,0.9467485648264942,0.9650118844769544,0.670580847004361,0.18716577540106952,0.1376271186440678,1662,1475,187,1543,4179,459,138,0
gemma-3-12b-it,gemma-3-12b-it,pope,Sphere-Traj-LSTM,proxy_anchor,Diag-kNN-tuned,test,test,pooled,32,passed,,0.19764786374338517,0.1639803754125385,0.23819170892718874,0.7018508112027554,0.6743390551107501,0.7335431320583305,0.19924542463130493,0.03208556149732621,0.5796610169491525,1662,1475,187,1543,4179,459,138,0
gemma-3-12b-it,gemma-3-12b-it,pope,Sphere-Traj-LSTM,proxy_anchor,Diag-vMF,test,test,pooled,,passed,,0.18215541258263254,0.15656947646378988,0.21218309088079998,0.7469409951962295,0.7223145119224609,0.771175488006789,0.1841062573911737,0.0053475935828877,0.4542372881355932,1662,1475,187,1543,4179,459,138,0
gemma-3-12b-it,gemma-3-12b-it,dash-b,Sphere-Traj-LSTM,proxy_anchor,Diag-Classifier,test,test,pooled,,passed,,0.9102159279999751,0.8717496812083803,0.9456612227692368,0.9327496430671034,0.9092642358001775,0.9553682979385707,0.9105248320939094,0.25510204081632654,0.30864197530864196,439,243,196,326,1310,504,4,0
gemma-3-12b-it,gemma-3-12b-it,dash-b,Sphere-Traj-LSTM,proxy_anchor,Diag-kNN-tuned,test,test,pooled,32,passed,,0.4690907161737248,0.4143543597178239,0.5271820994060898,0.6198244729990762,0.558580918308566,0.6696479614426541,0.47119441114876776,0.0,0.7242798353909465,439,243,196,326,1310,504,4,0
gemma-3-12b-it,gemma-3-12b-it,dash-b,Sphere-Traj-LSTM,proxy_anchor,Diag-vMF,test,test,pooled,,passed,,0.5187627848499666,0.4627070285310287,0.5770436799622367,0.6953262786596119,0.6377324319842593,0.7436832035089906,0.5208021231181644,0.0,0.5596707818930041,439,243,196,326,1310,504,4,0
gemma-4-12b-it,gemma-4-12b-it,repope,Sphere-Traj-LSTM,bce,Diag-Classifier,test,test,pooled,,passed,,0.21750324765853862,0.11315953878476391,0.3603237207401088,0.8124280368451353,0.6700084461015544,0.9607898329908394,0.24056889227133646,0.16666666666666666,0.9896373056994818,1182,1158,24,1138,2990,64,44,414
gemma-4-12b-it,gemma-4-12b-it,repope,Sphere-Traj-LSTM,bce,Diag-kNN-tuned,test,test,pooled,32,passed,,0.106286284671888,0.06525286356251449,0.15585292049872473,0.9213442717328728,0.9015503855840242,0.9406322693370885,0.11821963893565454,0.0,0.11658031088082901,1182,1158,24,1138,2990,64,44,414
gemma-4-12b-it,gemma-4-12b-it,repope,Sphere-Traj-LSTM,bce,Diag-vMF,test,test,pooled,,passed,,0.26053296731952513,0.14328043037834348,0.41712201754046424,0.9591249280368451,0.9428046544082583,0.9744388623552468,0.292003061089959,0.25,0.10103626943005181,1182,1158,24,1138,2990,64,44,414
gemma-4-12b-it,gemma-4-12b-it,pope,Sphere-Traj-LSTM,bce,Diag-Classifier,test,test,pooled,,passed,,0.2447180848082474,0.14274347944678328,0.38878246929924776,0.8387640296763322,0.732648424960098,0.937984161576132,0.2650180858971819,0.16129032258064516,0.9974726200505476,1218,1187,31,1180,3096,84,117,465
gemma-4-12b-it,gemma-4-12b-it,pope,Sphere-Traj-LSTM,bce,Diag-kNN-tuned,test,test,pooled,32,passed,,0.08085298493021881,0.05102793719500215,0.12018602640685316,0.8584938989591543,0.8237363777299271,0.8905736221627732,0.08770830392073144,0.0,0.2805391743892165,1218,1187,31,1180,3096,84,117,465
gemma-4-12b-it,gemma-4-12b-it,pope,Sphere-Traj-LSTM,bce,Diag-vMF,test,test,pooled,,passed,,0.20890438551804075,0.12721088043115664,0.3166689215162863,0.8840122836100769,0.7950443316145316,0.9552255152902912,0.22497756484951942,0.1935483870967742,0.797809604043808,1218,1187,31,1180,3096,84,117,465
gemma-4-12b-it,gemma-4-12b-it,dash-b,Sphere-Traj-LSTM,bce,Diag-Classifier,test,test,pooled,,passed,,0.1378048306145572,0.11202022661883071,0.1654291849676574,0.1924721984602224,0.14587279232740363,0.24404468514349056,0.13968679319980518,0.0,0.9940119760479041,432,334,98,397,1294,264,11,0
gemma-4-12b-it,gemma-4-12b-it,dash-b,Sphere-Traj-LSTM,bce,Diag-kNN-tuned,test,test,pooled,32,passed,,0.43673338596444455,0.3402950615494814,0.5506211627646498,0.7206709030917756,0.6625345289225006,0.7784072054334606,0.4448323709024046,0.08163265306122448,0.8682634730538922,432,334,98,397,1294,264,11,0
gemma-4-12b-it,gemma-4-12b-it,dash-b,Sphere-Traj-LSTM,bce,Diag-vMF,test,test,pooled,,passed,,0.444305977737563,0.34343013189834776,0.5577994113155208,0.7102224123182208,0.6482803176531184,0.7688552786048656,0.45215556337072926,0.07142857142857142,0.9011976047904192,432,334,98,397,1294,264,11,0
gemma-4-12b-it,gemma-4-12b-it,repope,Sphere-Traj-LSTM,supcon,Diag-Classifier,test,test,pooled,,passed,,0.22031757519606956,0.11587560341362035,0.35288774429713876,0.9224237190558434,0.8617793561157362,0.967831581453326,0.2412583828541617,0.0,0.35146804835924006,1182,1158,24,1138,2990,64,44,414
gemma-4-12b-it,gemma-4-12b-it,repope,Sphere-Traj-LSTM,supcon,Diag-kNN-tuned,test,test,pooled,32,passed,,0.15846985944205627,0.08798108046864206,0.2383053808716434,0.9247985031663788,0.8704633095543374,0.9616890493635047,0.1734770974871785,0.0,0.3290155440414508,1182,1158,24,1138,2990,64,44,414
gemma-4-12b-it,gemma-4-12b-it,repope,Sphere-Traj-LSTM,supcon,Diag-vMF,test,test,pooled,,passed,,0.06658623126565319,0.033457198916149754,0.11140303256601439,0.8059693436960276,0.7028554471787822,0.8868809540517458,0.07498888024037635,0.0,0.6658031088082902,1182,1158,24,1138,2990,64,44,414
gemma-4-12b-it,gemma-4-12b-it,pope,Sphere-Traj-LSTM,supcon,Diag-Classifier,test,test,pooled,,passed,,0.18246380420418762,0.0957116105208179,0.2906796265144163,0.8696904638965133,0.811237187138363,0.9229260292860791,0.19889301227605882,0.0967741935483871,0.43386689132266215,1218,1187,31,1180,3096,84,117,465
gemma-4-12b-it,gemma-4-12b-it,pope,Sphere-Traj-LSTM,supcon,Diag-kNN-tuned,test,test,pooled,32,passed,,0.12461429395885298,0.06924412178036787,0.2113489575455169,0.8790118759681496,0.8389755371085428,0.918557749733059,0.13988990055372263,0.0967741935483871,0.3875315922493682,1218,1187,31,1180,3096,84,117,465
gemma-4-12b-it,gemma-4-12b-it,pope,Sphere-Traj-LSTM,supcon,Diag-vMF,test,test,pooled,,passed,,0.07595282898775027,0.03573774503557147,0.1560540264546864,0.6998396608419164,0.5906238890598028,0.7988128935899526,0.0886820441656796,0.0967741935483871,0.953664700926706,1218,1187,31,1180,3096,84,117,465
gemma-4-12b-it,gemma-4-12b-it,dash-b,Sphere-Traj-LSTM,supcon,Diag-Classifier,test,test,pooled,,passed,,0.2970176076854053,0.23380799641331462,0.37607956463457337,0.5974886960772332,0.5367997648042954,0.6611083443617698,0.3040347537840637,0.01020408163265306,0.9491017964071856,432,334,98,397,1294,264,11,0
gemma-4-12b-it,gemma-4-12b-it,dash-b,Sphere-Traj-LSTM,supcon,Diag-kNN-tuned,test,test,pooled,32,passed,,0.21649263922902054,0.16975070483175145,0.2795099090444346,0.4817304167175853,0.42159186850676617,0.5432447193887323,0.22233696347486942,0.01020408163265306,0.8323353293413174,432,334,98,397,1294,264,11,0
gemma-4-12b-it,gemma-4-12b-it,dash-b,Sphere-Traj-LSTM,supcon,Diag-vMF,test,test,pooled,,passed,,0.2272310748369259,0.17577723345688195,0.28765607523160597,0.4901472565073934,0.422572425399709,0.5575992453125173,0.23261943553140058,0.01020408163265306,0.9640718562874252,432,334,98,397,1294,264,11,0
gemma-4-12b-it,gemma-4-12b-it,repope,Sphere-Traj-LSTM,proxy_anchor,Diag-Classifier,test,test,pooled,,passed,,0.22512730970061817,0.1277197205034047,0.3612561985043186,0.9526122625215889,0.9267957071892766,0.973196121026075,0.2585863925559888,0.16666666666666666,0.16753022452504318,1182,1158,24,1138,2990,64,44,414
gemma-4-12b-it,gemma-4-12b-it,repope,Sphere-Traj-LSTM,proxy_anchor,Diag-kNN-tuned,test,test,pooled,4,passed,,0.20133586440365506,0.09628403038950285,0.3325860424402694,0.928972366148532,0.8866432197269224,0.9606501106651161,0.2151987065666534,0.041666666666666664,0.2754749568221071,1182,1158,24,1138,2990,64,44,414
gemma-4-12b-it,gemma-4-12b-it,repope,Sphere-Traj-LSTM,proxy_anchor,Diag-vMF,test,test,pooled,,passed,,0.20029172453041152,0.11348257642279472,0.31759340139336145,0.9359887737478411,0.8901976771075907,0.9690470572870032,0.2382916092928363,0.16666666666666666,0.22107081174438686,1182,1158,24,1138,2990,64,44,414
gemma-4-12b-it,gemma-4-12b-it,pope,Sphere-Traj-LSTM,proxy_anchor,Diag-Classifier,test,test,pooled,,passed,,0.25115709747788706,0.1364345584652342,0.4036086311483431,0.9126830991656928,0.8718231704417423,0.9485474638768898,0.2456326140416297,0.22580645161290322,0.36647009267059816,1218,1187,31,1180,3096,84,117,465
gemma-4-12b-it,gemma-4-12b-it,pope,Sphere-Traj-LSTM,proxy_anchor,Diag-kNN-tuned,test,test,pooled,4,passed,,0.16122212601806615,0.08424930558638835,0.27569461535925716,0.8672989645895046,0.8147911664036906,0.9161368346256071,0.17840677702558816,0.12903225806451613,0.41786015164279694,1218,1187,31,1180,3096,84,117,465
gemma-4-12b-it,gemma-4-12b-it,pope,Sphere-Traj-LSTM,proxy_anchor,Diag-vMF,test,test,pooled,,passed,,0.2037614389467514,0.11005407793562344,0.33295216092885294,0.8293882653477185,0.7140406357372968,0.9205856067259118,0.23082504943175722,0.1935483870967742,0.9208087615838247,1218,1187,31,1180,3096,84,117,465
gemma-4-12b-it,gemma-4-12b-it,dash-b,Sphere-Traj-LSTM,proxy_anchor,Diag-Classifier,test,test,pooled,,passed,,0.24075698162277756,0.1886878472033626,0.299524642887063,0.5567640229744593,0.49636935043575287,0.6174689536406268,0.24467583869377396,0.0,0.8712574850299402,432,334,98,397,1294,264,11,0
gemma-4-12b-it,gemma-4-12b-it,dash-b,Sphere-Traj-LSTM,proxy_anchor,Diag-kNN-tuned,test,test,pooled,4,passed,,0.2714740049462056,0.2171810607339329,0.3310016471224201,0.6281925944030307,0.5702013004737372,0.6825340263678357,0.27566057820269074,0.0,0.7455089820359282,432,334,98,397,1294,264,11,0
gemma-4-12b-it,gemma-4-12b-it,dash-b,Sphere-Traj-LSTM,proxy_anchor,Diag-vMF,test,test,pooled,,passed,,0.23476208884815464,0.18677950840333446,0.2969794586191363,0.528687522913357,0.46490006956223423,0.5877790278872642,0.23973060355884976,0.0,0.9431137724550899,432,334,98,397,1294,264,11,0
qwen3.5-4b,qwen3.5-4b,repope,Sphere-Traj-LSTM,bce,Diag-Classifier,test,test,pooled,,passed,,0.2637938912327507,0.1456655817942542,0.41018044701436557,0.9626037013401404,0.9487949647601777,0.9753290043290044,0.28240094894255574,0.16666666666666666,0.11678366305041481,1597,1567,30,1548,3936,84,43,0
qwen3.5-4b,qwen3.5-4b,repope,Sphere-Traj-LSTM,bce,Diag-kNN-tuned,test,test,pooled,1,passed,,0.02099191811493107,0.01398699861104247,0.02982113006447429,0.6017868538608806,0.5523139777486765,0.6495173479910296,0.022696236551811876,0.0,0.5545628589661774,1597,1567,30,1548,3936,84,43,0
qwen3.5-4b,qwen3.5-4b,repope,Sphere-Traj-LSTM,bce,Diag-vMF,test,test,pooled,,passed,,0.3098520359251988,0.17539818055314382,0.45920248506788025,0.9600510529674537,0.9457668285311813,0.9731222230745175,0.3208305950877275,0.26666666666666666,0.11933631142310147,1597,1567,30,1548,3936,84,43,0
qwen3.5-4b,qwen3.5-4b,pope,Sphere-Traj-LSTM,bce,Diag-Classifier,test,test,pooled,,passed,,0.21950995686009409,0.14198842066552014,0.3226972448452717,0.9514594420254798,0.9369842542578187,0.9631261804395866,0.23498558224099284,0.10256410256410256,0.12767295597484277,1629,1590,39,1622,4107,97,171,0
qwen3.5-4b,qwen3.5-4b,pope,Sphere-Traj-LSTM,bce,Diag-kNN-tuned,test,test,pooled,1,passed,,0.024628263657077168,0.017575332790608994,0.03284758214484591,0.5628608288985648,0.5255221935349126,0.6024193592682773,0.025817943115313567,0.0,0.5773584905660377,1629,1590,39,1622,4107,97,171,0
qwen3.5-4b,qwen3.5-4b,pope,Sphere-Traj-LSTM,bce,Diag-vMF,test,test,pooled,,passed,,0.310239992678648,0.19091013721450786,0.4529970569188799,0.9557893888082567,0.9404107296858505,0.9699547215581333,0.3235401953813486,0.3333333333333333,0.13144654088050314,1629,1590,39,1622,4107,97,171,0
qwen3.5-4b,qwen3.5-4b,dash-b,Sphere-Traj-LSTM,bce,Diag-Classifier,test,test,pooled,,passed,,0.6396231237697828,0.551281143518888,0.7268253600115013,0.8077420901246405,0.7617297210860309,0.8497189315275926,0.6450752817820352,0.03571428571428571,0.8221476510067114,438,298,140,361,1317,358,5,0
qwen3.5-4b,qwen3.5-4b,dash-b,Sphere-Traj-LSTM,bce,Diag-kNN-tuned,test,test,pooled,1,passed,,0.24929257732191845,0.2087198788577263,0.2897457428775598,0.38441994247363376,0.3312740567130294,0.4409978883761135,0.2518712313985758,0.0,0.9429530201342282,438,298,140,361,1317,358,5,0
qwen3.5-4b,qwen3.5-4b,dash-b,Sphere-Traj-LSTM,bce,Diag-vMF,test,test,pooled,,passed,,0.6401905339627474,0.5459985961399062,0.728121722808402,0.8081255992329818,0.760854100297805,0.8508753503823927,0.6432530418868344,0.05714285714285714,0.8187919463087249,438,298,140,361,1317,358,5,0
qwen3.5-4b,qwen3.5-4b,repope,Sphere-Traj-LSTM,supcon,Diag-Classifier,test,test,pooled,,passed,,0.34700087176516353,0.19885276333022978,0.513376974144442,0.9643692831312487,0.947355880331289,0.9800005945972725,0.3584102599849916,0.3,0.14869176770899808,1597,1567,30,1548,3936,84,43,0
qwen3.5-4b,qwen3.5-4b,repope,Sphere-Traj-LSTM,supcon,Diag-kNN-tuned,test,test,pooled,1,passed,,0.023046819700791414,0.014183832945234428,0.03516135339242093,0.5996809189534142,0.5009346262196702,0.6890239538837906,0.025345452679501522,0.0,0.8359923420548819,1597,1567,30,1548,3936,84,43,0
qwen3.5-4b,qwen3.5-4b,repope,Sphere-Traj-LSTM,supcon,Diag-vMF,test,test,pooled,,passed,,0.012985578515866,0.008548393583619496,0.018234036076224442,0.3275473303552435,0.28065996807026744,0.37267561008490896,0.013890293311639943,0.0,0.799617102744097,1597,1567,30,1548,3936,84,43,0
qwen3.5-4b,qwen3.5-4b,pope,Sphere-Traj-LSTM,supcon,Diag-Classifier,test,test,pooled,,passed,,0.24611741954127941,0.15995772756297355,0.36614960440066135,0.9547976132881794,0.9392086698392107,0.9675100009282339,0.2656139177612258,0.10256410256410256,0.13081761006289308,1629,1590,39,1622,4107,97,171,0
qwen3.5-4b,qwen3.5-4b,pope,Sphere-Traj-LSTM,supcon,Diag-kNN-tuned,test,test,pooled,1,passed,,0.028133910960255186,0.01839828637438251,0.041871314635522114,0.5878567972907596,0.508178868980098,0.6570940224743328,0.030359411336564328,0.0,0.8364779874213837,1629,1590,39,1622,4107,97,171,0
qwen3.5-4b,qwen3.5-4b,pope,Sphere-Traj-LSTM,supcon,Diag-vMF,test,test,pooled,,passed,,0.01538892603792999,0.010877936473753236,0.020433100103992408,0.2678761490082245,0.23271485978028744,0.3071193843654315,0.0161280643247496,0.0,0.8823899371069183,1629,1590,39,1622,4107,97,171,0
qwen3.5-4b,qwen3.5-4b,dash-b,Sphere-Traj-LSTM,supcon,Diag-Classifier,test,test,pooled,,passed,,0.6551730585590451,0.5706387915043033,0.736207568377697,0.809300095877277,0.7673828063920944,0.8514307018003291,0.6572114605825647,0.07857142857142857,0.6711409395973155,438,298,140,361,1317,358,5,0
qwen3.5-4b,qwen3.5-4b,dash-b,Sphere-Traj-LSTM,supcon,Diag-kNN-tuned,test,test,pooled,1,passed,,0.4154362319466991,0.3475007037990492,0.4995444811427896,0.6590364333652923,0.6059178935131012,0.7124320623614927,0.421239577349435,0.007142857142857143,0.8389261744966443,438,298,140,361,1317,358,5,0
qwen3.5-4b,qwen3.5-4b,dash-b,Sphere-Traj-LSTM,supcon,Diag-vMF,test,test,pooled,,passed,,0.2518618596794283,0.2114677508039007,0.2968646127921917,0.3915627996164909,0.3393907040827224,0.44255842695263103,0.2545469575921732,0.0,0.9194630872483222,438,298,140,361,1317,358,5,0
qwen3.5-4b,qwen3.5-4b,repope,Sphere-Traj-LSTM,proxy_anchor,Diag-Classifier,test,test,pooled,,passed,,0.2819867253007748,0.1452586965266235,0.4524686317283283,0.8986173154647947,0.8327011712561762,0.9597783762927096,0.2998241552204964,0.26666666666666666,0.5500957243139758,1597,1567,30,1548,3936,84,43,0
qwen3.5-4b,qwen3.5-4b,repope,Sphere-Traj-LSTM,proxy_anchor,Diag-kNN-tuned,test,test,pooled,32,passed,,0.2508760559724813,0.12112875166763197,0.40417541418702874,0.9329078919378855,0.9078538938218239,0.9590536508291917,0.26781969153354884,0.23333333333333334,0.18059987236758138,1597,1567,30,1548,3936,84,43,0
qwen3.5-4b,qwen3.5-4b,repope,Sphere-Traj-LSTM,proxy_anchor,Diag-vMF,test,test,pooled,,passed,,0.3121352341797579,0.17737878482094602,0.47063230167547704,0.9656243352478195,0.9520608445665991,0.978963629874294,0.3308606360138667,0.26666666666666666,0.11742182514358647,1597,1567,30,1548,3936,84,43,0
qwen3.5-4b,qwen3.5-4b,pope,Sphere-Traj-LSTM,proxy_anchor,Diag-Classifier,test,test,pooled,,passed,,0.19171904307799614,0.11032845855879882,0.2958166722670219,0.8802289953233349,0.8262222583097586,0.9236033107522218,0.20095426242081116,0.05128205128205128,0.5169811320754717,1629,1590,39,1622,4107,97,171,0
qwen3.5-4b,qwen3.5-4b,pope,Sphere-Traj-LSTM,proxy_anchor,Diag-kNN-tuned,test,test,pooled,32,passed,,0.13906451775258222,0.07565415901061628,0.23672706032754695,0.8892759232381874,0.8622369937629155,0.9172453391476321,0.14835827437406413,0.07692307692307693,0.27044025157232704,1629,1590,39,1622,4107,97,171,0
qwen3.5-4b,qwen3.5-4b,pope,Sphere-Traj-LSTM,proxy_anchor,Diag-vMF,test,test,pooled,,passed,,0.22183697883823839,0.13723074110969616,0.32082259793388157,0.9462506047411707,0.9301848588776496,0.9596530644820925,0.23191110820286864,0.1282051282051282,0.1320754716981132,1629,1590,39,1622,4107,97,171,0
qwen3.5-4b,qwen3.5-4b,dash-b,Sphere-Traj-LSTM,proxy_anchor,Diag-Classifier,test,test,pooled,,passed,,0.4864721375005198,0.40684093860658366,0.5773530864512627,0.7123921380632791,0.6587549439721664,0.7649337635457112,0.49136054862546574,0.0,0.8187919463087249,438,298,140,361,1317,358,5,0
qwen3.5-4b,qwen3.5-4b,dash-b,Sphere-Traj-LSTM,proxy_anchor,Diag-kNN-tuned,test,test,pooled,32,passed,,0.3683457739919531,0.31177136387709065,0.4371395922791917,0.6186001917545542,0.5636126961039452,0.6727820911537515,0.3719981433903362,0.0,0.8422818791946308,438,298,140,361,1317,358,5,0
qwen3.5-4b,qwen3.5-4b,dash-b,Sphere-Traj-LSTM,proxy_anchor,Diag-vMF,test,test,pooled,,passed,,0.3989180692576966,0.3317527997049049,0.48021209106770135,0.610522531160115,0.5519432894769888,0.6673195333699397,0.4037486052363786,0.0,0.8926174496644296,438,298,140,361,1317,358,5,0
qwen3.5-9b,qwen3.5-9b,repope,Sphere-Traj-LSTM,bce,Diag-Classifier,test,test,pooled,,passed,,0.2847535356089003,0.1501068639131457,0.466964572157714,0.8651945320715038,0.7218774930321764,0.9852020721014911,0.31187756265534194,0.375,0.9854889589905362,1609,1585,24,1554,3999,114,31,0
qwen3.5-9b,qwen3.5-9b,repope,Sphere-Traj-LSTM,bce,Diag-kNN-tuned,test,test,pooled,32,passed,,0.08357274453842257,0.05074778766586027,0.13084733661552894,0.9246319663512093,0.9088843412506302,0.9404539576388594,0.09284771357753449,0.041666666666666664,0.1110410094637224,1609,1585,24,1554,3999,114,31,0
qwen3.5-9b,qwen3.5-9b,repope,Sphere-Traj-LSTM,bce,Diag-vMF,test,test,pooled,,passed,,0.3017542825273429,0.16670604565580466,0.4781385611039214,0.9756309148264984,0.9618485164097589,0.9870175794447861,0.32919354572276127,0.375,0.07066246056782334,1609,1585,24,1554,3999,114,31,0
qwen3.5-9b,qwen3.5-9b,pope,Sphere-Traj-LSTM,bce,Diag-Classifier,test,test,pooled,,passed,,0.3230012919317407,0.19888352223224479,0.45541533930057526,0.7891544374563242,0.6623345652124403,0.8965045216038675,0.3329748905353842,0.2,0.9918238993710692,1635,1590,45,1642,4206,126,165,0
qwen3.5-9b,qwen3.5-9b,pope,Sphere-Traj-LSTM,bce,Diag-kNN-tuned,test,test,pooled,32,passed,,0.1262967631350506,0.08557207646021826,0.19417413580469264,0.9037735849056604,0.8857128253933585,0.9201203195710225,0.1352155876413767,0.06666666666666667,0.15157232704402515,1635,1590,45,1642,4206,126,165,0
qwen3.5-9b,qwen3.5-9b,pope,Sphere-Traj-LSTM,bce,Diag-vMF,test,test,pooled,,passed,,0.34747739562378793,0.22352353837480743,0.476490133242492,0.9332634521313766,0.8902035072753266,0.9678409137710936,0.35776146058371966,0.2,0.3251572327044025,1635,1590,45,1642,4206,126,165,0
qwen3.5-9b,qwen3.5-9b,dash-b,Sphere-Traj-LSTM,bce,Diag-Classifier,test,test,pooled,,passed,,0.6467903643779305,0.5690056799580608,0.729794677958957,0.6436634948096885,0.5777333384608135,0.7048352487754977,0.6506328589753408,0.16470588235294117,0.9595588235294118,442,272,170,349,1322,435,1,0
qwen3.5-9b,qwen3.5-9b,dash-b,Sphere-Traj-LSTM,bce,Diag-kNN-tuned,test,test,pooled,32,passed,,0.6385992615689324,0.5708107762845761,0.7151788485450716,0.8482915224913494,0.8114905108095136,0.8816771614982214,0.6427266651887593,0.0,0.26838235294117646,442,272,170,349,1322,435,1,0
qwen3.5-9b,qwen3.5-9b,dash-b,Sphere-Traj-LSTM,bce,Diag-vMF,test,test,pooled,,passed,,0.7379369115802742,0.6610667425726736,0.8123105881563375,0.7986375432525952,0.7478155282513889,0.8474030707054063,0.7402660625447832,0.16470588235294117,0.9852941176470589,442,272,170,349,1322,435,1,0
qwen3.5-9b,qwen3.5-9b,repope,Sphere-Traj-LSTM,supcon,Diag-Classifier,test,test,pooled,,passed,,0.24075548541178063,0.1255387937572189,0.4278640136753414,0.9574132492113565,0.9280181302629318,0.9804991477197528,0.26385198014726363,0.16666666666666666,0.2031545741324921,1609,1585,24,1554,3999,114,31,0
qwen3.5-9b,qwen3.5-9b,repope,Sphere-Traj-LSTM,supcon,Diag-kNN-tuned,test,test,pooled,16,passed,,0.032579386293229436,0.0186525747051539,0.052515919745605565,0.7596740273396425,0.6839142311898725,0.8294058715719577,0.03605886014673604,0.0,0.5362776025236593,1609,1585,24,1554,3999,114,31,0
qwen3.5-9b,qwen3.5-9b,repope,Sphere-Traj-LSTM,supcon,Diag-vMF,test,test,pooled,,passed,,0.02212540283914808,0.012709902818138278,0.03480041101428926,0.684963196635121,0.6107385784123214,0.7594585009701535,0.024044354806884244,0.0,0.6094637223974764,1609,1585,24,1554,3999,114,31,0
qwen3.5-9b,qwen3.5-9b,pope,Sphere-Traj-LSTM,supcon,Diag-Classifier,test,test,pooled,,passed,,0.2829421456517106,0.18497878872899273,0.4069011244007667,0.9469182389937107,0.9259991179066398,0.9647202567307501,0.2963479425828026,0.15555555555555556,0.17044025157232703,1635,1590,45,1642,4206,126,165,0
qwen3.5-9b,qwen3.5-9b,pope,Sphere-Traj-LSTM,supcon,Diag-kNN-tuned,test,test,pooled,16,passed,,0.0358181429384169,0.023120624415908328,0.07732416733313492,0.593109713487072,0.5263267130011767,0.6607880122731348,0.041015337933643405,0.022222222222222223,0.7616352201257862,1635,1590,45,1642,4206,126,165,0
qwen3.5-9b,qwen3.5-9b,pope,Sphere-Traj-LSTM,supcon,Diag-vMF,test,test,pooled,,passed,,0.033564768421410526,0.02370238548123651,0.04559051487661762,0.6267295597484277,0.572408770456622,0.6827353056426332,0.03530853218144603,0.0,0.6345911949685534,1635,1590,45,1642,4206,126,165,0
qwen3.5-9b,qwen3.5-9b,dash-b,Sphere-Traj-LSTM,supcon,Diag-Classifier,test,test,pooled,,passed,,0.6568692960041668,0.5825256576905913,0.7257016884808762,0.783618079584775,0.7379660556304725,0.827193408232002,0.6230566228784927,0.0,0.6691176470588235,442,272,170,349,1322,435,1,0
qwen3.5-9b,qwen3.5-9b,dash-b,Sphere-Traj-LSTM,supcon,Diag-kNN-tuned,test,test,pooled,16,passed,,0.5574201938536324,0.48568636576282254,0.636330323875016,0.7473183391003461,0.7001054360145761,0.791396724077827,0.5625549353025424,0.011764705882352941,0.5992647058823529,442,272,170,349,1322,435,1,0
qwen3.5-9b,qwen3.5-9b,dash-b,Sphere-Traj-LSTM,supcon,Diag-vMF,test,test,pooled,,passed,,0.4706774672737564,0.4041868009520681,0.5461248428825893,0.6191825259515571,0.5632545218129354,0.670702120701893,0.475313114504929,0.011764705882352941,0.8933823529411765,442,272,170,349,1322,435,1,0
qwen3.5-9b,qwen3.5-9b,repope,Sphere-Traj-LSTM,proxy_anchor,Diag-Classifier,test,test,pooled,,passed,,0.3095132621096801,0.15511243677573597,0.4751788907823892,0.8614879074658255,0.7315741018885612,0.9597633846159115,0.23006225963810423,0.2916666666666667,0.8094637223974763,1609,1585,24,1554,3999,114,31,0
qwen3.5-9b,qwen3.5-9b,repope,Sphere-Traj-LSTM,proxy_anchor,Diag-kNN-tuned,test,test,pooled,32,passed,,0.19916394921831856,0.11381974293886292,0.31495325514187694,0.9587802313354363,0.9362422553101801,0.9782023732513534,0.21743286125199957,0.16666666666666666,0.15205047318611986,1609,1585,24,1554,3999,114,31,0
qwen3.5-9b,qwen3.5-9b,repope,Sphere-Traj-LSTM,proxy_anchor,Diag-vMF,test,test,pooled,,passed,,0.2219788437711117,0.12410728197069479,0.35524580857409055,0.9433228180862251,0.8768373997481503,0.9810934550031466,0.23950170546173544,0.2916666666666667,0.1362776025236593,1609,1585,24,1554,3999,114,31,0
qwen3.5-9b,qwen3.5-9b,pope,Sphere-Traj-LSTM,proxy_anchor,Diag-Classifier,test,test,pooled,,passed,,0.28707654041707265,0.18109536426427747,0.4009336301719535,0.7801816911250874,0.6765924090051998,0.864249734316229,0.2209405585931708,0.0,0.9270440251572327,1635,1590,45,1642,4206,126,165,0
qwen3.5-9b,qwen3.5-9b,pope,Sphere-Traj-LSTM,proxy_anchor,Diag-kNN-tuned,test,test,pooled,32,passed,,0.20278765631757723,0.12894316269044798,0.3008147785867135,0.9321174004192871,0.912648925725133,0.9504302253014795,0.2111304285625483,0.08888888888888889,0.1779874213836478,1635,1590,45,1642,4206,126,165,0
qwen3.5-9b,qwen3.5-9b,pope,Sphere-Traj-LSTM,proxy_anchor,Diag-vMF,test,test,pooled,,passed,,0.2714069992152512,0.1742753789455734,0.38817028912872065,0.923424178895877,0.8705589024346724,0.9608310803422071,0.28129941398814495,0.2,0.1471698113207547,1635,1590,45,1642,4206,126,165,0
qwen3.5-9b,qwen3.5-9b,dash-b,Sphere-Traj-LSTM,proxy_anchor,Diag-Classifier,test,test,pooled,,passed,,0.4962998400205071,0.4157958521939926,0.5662871384392357,0.4760813148788927,0.4150043569570123,0.5362810572661959,0.49811513805883156,0.047058823529411764,0.9742647058823529,442,272,170,349,1322,435,1,0
qwen3.5-9b,qwen3.5-9b,dash-b,Sphere-Traj-LSTM,proxy_anchor,Diag-kNN-tuned,test,test,pooled,32,passed,,0.7673673380107422,0.6939796096881989,0.8284275187705961,0.8669982698961938,0.8302019608552105,0.9000216397181525,0.7688721162923986,0.041176470588235294,0.43014705882352944,442,272,170,349,1322,435,1,0
qwen3.5-9b,qwen3.5-9b,dash-b,Sphere-Traj-LSTM,proxy_anchor,Diag-vMF,test,test,pooled,,passed,,0.7243960039025998,0.6446568471031424,0.7914684895085845,0.7852941176470588,0.7317966009200064,0.8330892879172631,0.7259176629444293,0.041176470588235294,0.8419117647058824,442,272,170,349,1322,435,1,0
phi-4-multimodal-instruct,phi-4-multimodal-instruct,repope,Sphere-Traj-LSTM,bce,Diag-Classifier,test,test,pooled,,passed,,0.3631195641808086,0.23694116302902737,0.4952395752097709,0.7810447795345856,0.6826004236372633,0.8748403846501701,0.37042202155705456,0.27586206896551724,0.9907100199071002,1565,1507,58,1496,3916,197,75,0
phi-4-multimodal-instruct,phi-4-multimodal-instruct,repope,Sphere-Traj-LSTM,bce,Diag-kNN-tuned,test,test,pooled,32,passed,,0.15382533587448224,0.10860513500517179,0.22284850964545402,0.8857744319611927,0.8625754036211128,0.9071945085078803,0.16610694337159207,0.10344827586206896,0.1957531519575315,1565,1507,58,1496,3916,197,75,0
phi-4-multimodal-instruct,phi-4-multimodal-instruct,repope,Sphere-Traj-LSTM,bce,Diag-vMF,test,test,pooled,,passed,,0.3496340903135253,0.2311180140954076,0.47399496397681784,0.8819417431297624,0.8129842237833567,0.9430337291785545,0.35672702064230527,0.10344827586206896,0.8725945587259456,1565,1507,58,1496,3916,197,75,0
phi-4-multimodal-instruct,phi-4-multimodal-instruct,pope,Sphere-Traj-LSTM,bce,Diag-Classifier,test,test,pooled,,passed,,0.22895081211384363,0.15005459113502176,0.32807379692590016,0.7694922237099598,0.6641376540355755,0.8585183828410845,0.23918901740348397,0.08771929824561403,0.994781474233529,1590,1533,57,1572,4101,156,210,0
phi-4-multimodal-instruct,phi-4-multimodal-instruct,pope,Sphere-Traj-LSTM,bce,Diag-kNN-tuned,test,test,pooled,32,passed,,0.12481999292449548,0.09174846244762137,0.17764606434055483,0.8703150570490152,0.8448291602288376,0.8925415923945336,0.132276576620271,0.05263157894736842,0.19373776908023482,1590,1533,57,1572,4101,156,210,0
phi-4-multimodal-instruct,phi-4-multimodal-instruct,pope,Sphere-Traj-LSTM,bce,Diag-vMF,test,test,pooled,,passed,,0.2466207716126098,0.17452130023496754,0.33409186014825387,0.9118229363362744,0.8666543612780252,0.9455961111487019,0.25720260702270287,0.05263157894736842,0.16373124592302674,1590,1533,57,1572,4101,156,210,0
phi-4-multimodal-instruct,phi-4-multimodal-instruct,dash-b,Sphere-Traj-LSTM,bce,Diag-Classifier,test,test,pooled,,passed,,0.7593157680011975,0.704496877360257,0.8161596424345672,0.7761835548172757,0.7323466670030325,0.818455221836947,0.760104161565324,0.16744186046511628,0.7276785714285714,439,224,215,305,1307,540,4,0
phi-4-multimodal-instruct,phi-4-multimodal-instruct,dash-b,Sphere-Traj-LSTM,bce,Diag-kNN-tuned,test,test,pooled,32,passed,,0.5014239465016057,0.44304397013141034,0.5688377684150293,0.5867109634551496,0.5337003435132543,0.6402345621902794,0.5054680579587425,0.009302325581395349,0.7008928571428571,439,224,215,305,1307,540,4,0
phi-4-multimodal-instruct,phi-4-multimodal-instruct,dash-b,Sphere-Traj-LSTM,bce,Diag-vMF,test,test,pooled,,passed,,0.7507673593779813,0.6940630037364833,0.8099766562131894,0.7570390365448505,0.7084605773449548,0.8024519766239203,0.7516448710122234,0.13023255813953488,0.9241071428571429,439,224,215,305,1307,540,4,0
phi-4-multimodal-instruct,phi-4-multimodal-instruct,repope,Sphere-Traj-LSTM,supcon,Diag-Classifier,test,test,pooled,,passed,,0.36328557499144143,0.2415554960431458,0.49616088352514853,0.8855227329931584,0.8434470385688321,0.9262597688924903,0.3686835085083583,0.25862068965517243,0.48971466489714666,1565,1507,58,1496,3916,197,75,0
phi-4-multimodal-instruct,phi-4-multimodal-instruct,repope,Sphere-Traj-LSTM,supcon,Diag-kNN-tuned,test,test,pooled,8,passed,,0.12214470346988575,0.07643039999981864,0.18738831294581543,0.8040866759719013,0.7567389033328438,0.8512829713696737,0.13665880110106837,0.10344827586206896,0.5527538155275381,1565,1507,58,1496,3916,197,75,0
phi-4-multimodal-instruct,phi-4-multimodal-instruct,repope,Sphere-Traj-LSTM,supcon,Diag-vMF,test,test,pooled,,passed,,0.04454307939037351,0.02770507387616455,0.0781000949577445,0.49414227856211246,0.4152215029150081,0.5720903721532772,0.0500138191106366,0.034482758620689655,0.9767750497677505,1565,1507,58,1496,3916,197,75,0
phi-4-multimodal-instruct,phi-4-multimodal-instruct,pope,Sphere-Traj-LSTM,supcon,Diag-Classifier,test,test,pooled,,passed,,0.23254553886810958,0.1552838565461944,0.3442965624764771,0.8914752635012188,0.8535464331934862,0.9247603892243105,0.24581683455630085,0.21052631578947367,0.3150684931506849,1590,1533,57,1572,4101,156,210,0
phi-4-multimodal-instruct,phi-4-multimodal-instruct,pope,Sphere-Traj-LSTM,supcon,Diag-kNN-tuned,test,test,pooled,8,passed,,0.08214546701833181,0.05521328741926619,0.12745820504111208,0.7566519037319326,0.7022873913701538,0.8089403809381301,0.08781054941185079,0.03508771929824561,0.6516634050880626,1590,1533,57,1572,4101,156,210,0
phi-4-multimodal-instruct,phi-4-multimodal-instruct,pope,Sphere-Traj-LSTM,supcon,Diag-vMF,test,test,pooled,,passed,,0.03494570234155416,0.024287355692847092,0.05533543707129925,0.48903651823622984,0.42096097953261474,0.5540454535021773,0.03754267580147126,0.03508771929824561,0.9628180039138943,1590,1533,57,1572,4101,156,210,0
phi-4-multimodal-instruct,phi-4-multimodal-instruct,dash-b,Sphere-Traj-LSTM,supcon,Diag-Classifier,test,test,pooled,,passed,,0.6895354046928929,0.6258875564993344,0.7507155050277475,0.7132475083056478,0.6653234375044509,0.7599074728670231,0.6906739788448114,0.09302325581395349,0.7321428571428571,439,224,215,305,1307,540,4,0
phi-4-multimodal-instruct,phi-4-multimodal-instruct,dash-b,Sphere-Traj-LSTM,supcon,Diag-kNN-tuned,test,test,pooled,8,passed,,0.6082539952432978,0.5401307646014025,0.6775007628869819,0.6606519933554817,0.6081638023814516,0.7074206017955644,0.6103511298927071,0.023255813953488372,0.8125,439,224,215,305,1307,540,4,0
phi-4-multimodal-instruct,phi-4-multimodal-instruct,dash-b,Sphere-Traj-LSTM,supcon,Diag-vMF,test,test,pooled,,passed,,0.5327863018432107,0.4587207134750841,0.6011616008222794,0.5072466777408637,0.4502191787023335,0.5625067437155685,0.5341292003917846,0.03255813953488372,0.9776785714285714,439,224,215,305,1307,540,4,0
phi-4-multimodal-instruct,phi-4-multimodal-instruct,repope,Sphere-Traj-LSTM,proxy_anchor,Diag-Classifier,test,test,pooled,,passed,,0.4086195335929595,0.29181289620671047,0.5287668879427806,0.9319440313021989,0.9027144393865402,0.9571424268203794,0.3372208672552441,0.0,0.18579960185799602,1565,1507,58,1496,3916,197,75,0
phi-4-multimodal-instruct,phi-4-multimodal-instruct,repope,Sphere-Traj-LSTM,proxy_anchor,Diag-kNN-tuned,test,test,pooled,32,passed,,0.4125942465202326,0.2847124833742676,0.5498246752220983,0.9346612360707504,0.9116304647476395,0.9558280427497905,0.4205265904360588,0.2413793103448276,0.20769741207697412,1565,1507,58,1496,3916,197,75,0
phi-4-multimodal-instruct,phi-4-multimodal-instruct,repope,Sphere-Traj-LSTM,proxy_anchor,Diag-vMF,test,test,pooled,,passed,,0.4096082947029981,0.2756675262661294,0.5458161244823886,0.9164016200260853,0.867572432606276,0.9540137885751807,0.417302749691986,0.2413793103448276,0.2534837425348374,1565,1507,58,1496,3916,197,75,0
phi-4-multimodal-instruct,phi-4-multimodal-instruct,pope,Sphere-Traj-LSTM,proxy_anchor,Diag-Classifier,test,test,pooled,,passed,,0.295771637383084,0.20883235458905924,0.3977646849768421,0.9172302903377164,0.887950418493507,0.9419308808433918,0.23716031070223162,0.0,0.17286366601435094,1590,1533,57,1572,4101,156,210,0
phi-4-multimodal-instruct,phi-4-multimodal-instruct,pope,Sphere-Traj-LSTM,proxy_anchor,Diag-kNN-tuned,test,test,pooled,32,passed,,0.20843809775229472,0.14212165623322218,0.30471873192859517,0.898833842597361,0.870320691814519,0.9253150092188323,0.22013509360831598,0.14035087719298245,0.33463796477495106,1590,1533,57,1572,4101,156,210,0
phi-4-multimodal-instruct,phi-4-multimodal-instruct,pope,Sphere-Traj-LSTM,proxy_anchor,Diag-vMF,test,test,pooled,,passed,,0.2309979543754103,0.15947369330557012,0.3308162290044662,0.89431340909351,0.8404027906375559,0.9340092670262394,0.2431164883722772,0.14035087719298245,0.3659491193737769,1590,1533,57,1572,4101,156,210,0
phi-4-multimodal-instruct,phi-4-multimodal-instruct,dash-b,Sphere-Traj-LSTM,proxy_anchor,Diag-Classifier,test,test,pooled,,passed,,0.7188109077672777,0.6625221989472835,0.7791773502015302,0.7462416943521595,0.6985536891835673,0.791086642563378,0.6712255370684189,0.0,0.5714285714285714,439,224,215,305,1307,540,4,0
phi-4-multimodal-instruct,phi-4-multimodal-instruct,dash-b,Sphere-Traj-LSTM,proxy_anchor,Diag-kNN-tuned,test,test,pooled,32,passed,,0.5395200268351326,0.475634739089039,0.6144704457178135,0.5519725913621263,0.4992719101590069,0.6060113126819714,0.5436351216914359,0.023255813953488372,0.9285714285714286,439,224,215,305,1307,540,4,0
phi-4-multimodal-instruct,phi-4-multimodal-instruct,dash-b,Sphere-Traj-LSTM,proxy_anchor,Diag-vMF,test,test,pooled,,passed,,0.5385659878952226,0.47564039205694636,0.6108168772581354,0.5382578903654485,0.483217718636077,0.589050714675839,0.5427334909430306,0.018604651162790697,0.9598214285714286,439,224,215,305,1307,540,4,0
phi-3.5-vision-instruct,phi-3.5-vision-instruct,repope,Sphere-Traj-LSTM,bce,Diag-Classifier,test,test,pooled,,passed,,0.4546907296043194,0.313286240325278,0.5820258458993562,0.8344405060914063,0.7468340024652975,0.9120892927337956,0.4627352274658182,0.29310344827586204,0.9530292716133424,1527,1469,58,1475,3764,116,113,0
phi-3.5-vision-instruct,phi-3.5-vision-instruct,repope,Sphere-Traj-LSTM,bce,Diag-kNN-tuned,test,test,pooled,1,passed,,0.0956032284711839,0.06845701448493911,0.12723954365014653,0.829194150372057,0.8010136286641566,0.8577941274645373,0.10088720095484104,0.0,0.3219877467665078,1527,1469,58,1475,3764,116,113,0
phi-3.5-vision-instruct,phi-3.5-vision-instruct,repope,Sphere-Traj-LSTM,bce,Diag-vMF,test,test,pooled,,passed,,0.4988454026270056,0.3628136680263821,0.6222004567125112,0.9454238163423394,0.9075987209956781,0.9716970184334087,0.506865349522681,0.3448275862068966,0.15520762423417292,1527,1469,58,1475,3764,116,113,0
phi-3.5-vision-instruct,phi-3.5-vision-instruct,pope,Sphere-Traj-LSTM,bce,Diag-Classifier,test,test,pooled,,passed,,0.2593741446487955,0.14722209405148512,0.39271376866301433,0.7493831349083956,0.623678412557749,0.8606390894448813,0.26580639901179315,0.16279069767441862,0.9595490716180372,1551,1508,43,1545,3900,92,249,0
phi-3.5-vision-instruct,phi-3.5-vision-instruct,pope,Sphere-Traj-LSTM,bce,Diag-kNN-tuned,test,test,pooled,1,passed,,0.06807054789456517,0.0461708790560051,0.09654681806168128,0.8115631361421257,0.7736373026412867,0.849493730873196,0.07220729148011062,0.0,0.34151193633952254,1551,1508,43,1545,3900,92,249,0
phi-3.5-vision-instruct,phi-3.5-vision-instruct,pope,Sphere-Traj-LSTM,bce,Diag-vMF,test,test,pooled,,passed,,0.27402370017157063,0.16434430692358623,0.40166290765988066,0.8969835297020542,0.8324107961590647,0.9461007734137291,0.28080988268236795,0.16279069767441862,0.1843501326259947,1551,1508,43,1545,3900,92,249,0
phi-3.5-vision-instruct,phi-3.5-vision-instruct,dash-b,Sphere-Traj-LSTM,bce,Diag-Classifier,test,test,pooled,,passed,,0.5659464988005068,0.4812689170766116,0.6542640275477887,0.692189421894219,0.6343222790969317,0.7482094453456996,0.5712895014501935,0.03205128205128205,0.9446494464944649,427,271,156,334,1290,412,16,0
phi-3.5-vision-instruct,phi-3.5-vision-instruct,dash-b,Sphere-Traj-LSTM,bce,Diag-kNN-tuned,test,test,pooled,1,passed,,0.38496649951441697,0.3268942794859573,0.45505973200193,0.5632037089601665,0.5036759559570623,0.6182679844105599,0.3885153655973913,0.01282051282051282,0.8007380073800738,427,271,156,334,1290,412,16,0
phi-3.5-vision-instruct,phi-3.5-vision-instruct,dash-b,Sphere-Traj-LSTM,bce,Diag-vMF,test,test,pooled,,passed,,0.5827853366835267,0.493419946288524,0.6679747833351933,0.7085817012016276,0.6505881717399199,0.761664555999622,0.5864360569211368,0.04487179487179487,0.9520295202952029,427,271,156,334,1290,412,16,0
phi-3.5-vision-instruct,phi-3.5-vision-instruct,repope,Sphere-Traj-LSTM,supcon,Diag-Classifier,test,test,pooled,,passed,,0.5101352647000585,0.3800131926967227,0.63522310043852,0.9038050749982396,0.8497602367943534,0.9512327055314683,0.5157711789976143,0.43103448275862066,0.6201497617426821,1527,1469,58,1475,3764,116,113,0
phi-3.5-vision-instruct,phi-3.5-vision-instruct,repope,Sphere-Traj-LSTM,supcon,Diag-kNN-tuned,test,test,pooled,32,passed,,0.15267170884246484,0.10045099594140207,0.2246463036855419,0.8450036384122439,0.8052344433710739,0.8805645987291817,0.16474239138741906,0.034482758620689655,0.5159972770592239,1527,1469,58,1475,3764,116,113,0
phi-3.5-vision-instruct,phi-3.5-vision-instruct,repope,Sphere-Traj-LSTM,supcon,Diag-vMF,test,test,pooled,,passed,,0.02401632660149219,0.01798268139235521,0.030756126517564084,0.27698880307973994,0.22493128269543428,0.3294537735437736,0.024948730396575018,0.0,0.943498978897209,1527,1469,58,1475,3764,116,113,0
phi-3.5-vision-instruct,phi-3.5-vision-instruct,pope,Sphere-Traj-LSTM,supcon,Diag-Classifier,test,test,pooled,,passed,,0.20877571499074069,0.12618276037579385,0.3312658379815114,0.8349269014866448,0.7492267713030878,0.9057292987724493,0.22155984340020674,0.18604651162790697,0.8673740053050398,1551,1508,43,1545,3900,92,249,0
phi-3.5-vision-instruct,phi-3.5-vision-instruct,pope,Sphere-Traj-LSTM,supcon,Diag-kNN-tuned,test,test,pooled,32,passed,,0.07975293062966848,0.04950624809030164,0.13480265027393049,0.7921164641292949,0.7291021684614026,0.8471843775791826,0.08648690334373405,0.046511627906976744,0.53315649867374,1551,1508,43,1545,3900,92,249,0
phi-3.5-vision-instruct,phi-3.5-vision-instruct,pope,Sphere-Traj-LSTM,supcon,Diag-vMF,test,test,pooled,,passed,,0.018996597849762854,0.013411779686708241,0.025894996943683354,0.34095675775707857,0.268006177421529,0.41692861257960584,0.019970049176758986,0.0,0.9403183023872679,1551,1508,43,1545,3900,92,249,0
phi-3.5-vision-instruct,phi-3.5-vision-instruct,dash-b,Sphere-Traj-LSTM,supcon,Diag-Classifier,test,test,pooled,,passed,,0.5744165977995523,0.4954768340677939,0.6585442122719349,0.721638754849087,0.6737367517887037,0.7696206924677299,0.57696148050556,0.0641025641025641,0.7490774907749077,427,271,156,334,1290,412,16,0
phi-3.5-vision-instruct,phi-3.5-vision-instruct,dash-b,Sphere-Traj-LSTM,supcon,Diag-kNN-tuned,test,test,pooled,32,passed,,0.3860715228060271,0.3218521461962173,0.4592974550991706,0.5074273819661274,0.44477110599510633,0.5672087658036139,0.38993587310740796,0.01282051282051282,0.9446494464944649,427,271,156,334,1290,412,16,0
phi-3.5-vision-instruct,phi-3.5-vision-instruct,dash-b,Sphere-Traj-LSTM,supcon,Diag-vMF,test,test,pooled,,passed,,0.334950371309475,0.2827920066465042,0.40253643755927104,0.4450988740656637,0.38897662268513916,0.5049425603606171,0.33857661851678855,0.01282051282051282,0.959409594095941,427,271,156,334,1290,412,16,0
phi-3.5-vision-instruct,phi-3.5-vision-instruct,repope,Sphere-Traj-LSTM,proxy_anchor,Diag-Classifier,test,test,pooled,,passed,,0.45699851795386376,0.33083038277473276,0.5816290788154548,0.859299077486444,0.7894274763180782,0.919983900458263,0.43373696407841456,0.3275862068965517,0.7256637168141593,1527,1469,58,1475,3764,116,113,0
phi-3.5-vision-instruct,phi-3.5-vision-instruct,repope,Sphere-Traj-LSTM,proxy_anchor,Diag-kNN-tuned,test,test,pooled,16,passed,,0.4445867775713527,0.31710350758983047,0.5700840366262027,0.9333348982418254,0.912079811479473,0.953714614544403,0.45833134578524315,0.3103448275862069,0.21443158611300203,1527,1469,58,1475,3764,116,113,0
phi-3.5-vision-instruct,phi-3.5-vision-instruct,repope,Sphere-Traj-LSTM,proxy_anchor,Diag-vMF,test,test,pooled,,passed,,0.47248451438129146,0.34528022763323757,0.5982106642450875,0.9346376845613953,0.8981021332602606,0.9637802892223656,0.4871773588282253,0.3103448275862069,0.3567052416609939,1527,1469,58,1475,3764,116,113,0
phi-3.5-vision-instruct,phi-3.5-vision-instruct,pope,Sphere-Traj-LSTM,proxy_anchor,Diag-Classifier,test,test,pooled,,passed,,0.24722717521425794,0.14393677525193685,0.36492816120919086,0.7811054222441551,0.6861285143332706,0.8711467849782596,0.20438652757933912,0.13953488372093023,0.9051724137931034,1551,1508,43,1545,3900,92,249,0
phi-3.5-vision-instruct,phi-3.5-vision-instruct,pope,Sphere-Traj-LSTM,proxy_anchor,Diag-kNN-tuned,test,test,pooled,16,passed,,0.2100089339424926,0.11718438126447392,0.3257180073571429,0.9000832767873665,0.8668642689012531,0.9305281830573562,0.2211733334507601,0.16279069767441862,0.35610079575596815,1551,1508,43,1545,3900,92,249,0
phi-3.5-vision-instruct,phi-3.5-vision-instruct,pope,Sphere-Traj-LSTM,proxy_anchor,Diag-vMF,test,test,pooled,,passed,,0.22585422852296072,0.12868570574472982,0.3493196470852182,0.852769724261304,0.7833033162136612,0.9165282156933057,0.23726193367402926,0.13953488372093023,0.7022546419098143,1551,1508,43,1545,3900,92,249,0
phi-3.5-vision-instruct,phi-3.5-vision-instruct,dash-b,Sphere-Traj-LSTM,proxy_anchor,Diag-Classifier,test,test,pooled,,passed,,0.6782581036891975,0.6059138283915512,0.7519662922598196,0.782891001986943,0.7345353030109381,0.825885453894214,0.6429838340745555,0.0,0.7380073800738007,427,271,156,334,1290,412,16,0
phi-3.5-vision-instruct,phi-3.5-vision-instruct,dash-b,Sphere-Traj-LSTM,proxy_anchor,Diag-kNN-tuned,test,test,pooled,16,passed,,0.5793862839891684,0.4925990967779728,0.6651270934368193,0.6763411864887878,0.6208810930437889,0.7278537881029973,0.5826186774375476,0.0641025641025641,0.8671586715867159,427,271,156,334,1290,412,16,0
phi-3.5-vision-instruct,phi-3.5-vision-instruct,dash-b,Sphere-Traj-LSTM,proxy_anchor,Diag-vMF,test,test,pooled,,passed,,0.5325513833158144,0.45005324538097474,0.6164532183115355,0.5974311666193585,0.5395004920207077,0.6600795487493143,0.5357918123862044,0.0641025641025641,0.940959409594096,427,271,156,334,1290,412,16,0
gemma-3-4b-it,gemma-3-4b-it,repope,Sphere-Traj-LSTM,bce,Diag-Classifier,test,test,pooled,,passed,,0.6154202313145277,0.5341968677876847,0.7006440653929003,0.9247442073870155,0.8941119039466046,0.9539128551628552,0.6191919760398624,0.22,0.12181693048864418,1603,1453,150,1438,3914,407,37,0
gemma-3-4b-it,gemma-3-4b-it,repope,Sphere-Traj-LSTM,bce,Diag-kNN-tuned,test,test,pooled,32,passed,,0.23283738022910383,0.19899184013880175,0.2712962271350963,0.8538976829548062,0.8367736562829835,0.8715967853746414,0.2366396568782168,0.0,0.19545767377838955,1603,1453,150,1438,3914,407,37,0
gemma-3-4b-it,gemma-3-4b-it,repope,Sphere-Traj-LSTM,bce,Diag-vMF,test,test,pooled,,passed,,0.6870830096099761,0.6117464883907399,0.7638540491378799,0.9558247304427621,0.9428533422146423,0.9672908360198987,0.6896398640420013,0.37333333333333335,0.1231933929800413,1603,1453,150,1438,3914,407,37,0
gemma-3-4b-it,gemma-3-4b-it,pope,Sphere-Traj-LSTM,bce,Diag-Classifier,test,test,pooled,,passed,,0.4540923541573393,0.3803676586466269,0.5355473412060384,0.8995294815819592,0.8655585933302328,0.9267190813124385,0.45871914903612765,0.09032258064516129,0.39816031537450725,1677,1522,155,1538,4134,400,123,0
gemma-3-4b-it,gemma-3-4b-it,pope,Sphere-Traj-LSTM,bce,Diag-kNN-tuned,test,test,pooled,32,passed,,0.16354267949900703,0.13897059681517243,0.19224275604401786,0.7697511762960451,0.7470336842474226,0.7919702863700243,0.16611426371512655,0.0,0.3324572930354796,1677,1522,155,1538,4134,400,123,0
gemma-3-4b-it,gemma-3-4b-it,pope,Sphere-Traj-LSTM,bce,Diag-vMF,test,test,pooled,,passed,,0.46233239706658447,0.38799261922445266,0.547461497070657,0.9078080623966767,0.8807859224940436,0.93153416140836,0.46717492624763324,0.09032258064516129,0.2266754270696452,1677,1522,155,1538,4134,400,123,0
gemma-3-4b-it,gemma-3-4b-it,dash-b,Sphere-Traj-LSTM,bce,Diag-Classifier,test,test,pooled,,passed,,0.7556300030073797,0.6868721468575268,0.8349337802155624,0.8126243065005757,0.7655681914491985,0.8563255252821786,0.7593988890521575,0.024390243902439025,0.9399141630901288,438,233,205,305,1320,537,5,0
gemma-3-4b-it,gemma-3-4b-it,dash-b,Sphere-Traj-LSTM,bce,Diag-kNN-tuned,test,test,pooled,32,passed,,0.5226146689431459,0.46209269933010255,0.589207773659553,0.6542447398722915,0.6012533395549701,0.7062387123734712,0.5263139738195639,0.004878048780487805,0.48068669527896996,438,233,205,305,1320,537,5,0
gemma-3-4b-it,gemma-3-4b-it,dash-b,Sphere-Traj-LSTM,bce,Diag-vMF,test,test,pooled,,passed,,0.7748058545119946,0.7062765741566265,0.8528651028305778,0.8303778917617501,0.7842013941044141,0.8719346611532823,0.7784889262987643,0.01951219512195122,0.8626609442060086,438,233,205,305,1320,537,5,0
gemma-3-4b-it,gemma-3-4b-it,repope,Sphere-Traj-LSTM,supcon,Diag-Classifier,test,test,pooled,,passed,,0.6332732133537445,0.5562386886457232,0.7093471696212249,0.9435375086028905,0.9295000044048595,0.9572483507791475,0.6354144858661904,0.26666666666666666,0.21472814865794906,1603,1453,150,1438,3914,407,37,0
gemma-3-4b-it,gemma-3-4b-it,repope,Sphere-Traj-LSTM,supcon,Diag-kNN-tuned,test,test,pooled,32,passed,,0.6525096949974828,0.5814894268868075,0.7217430051207769,0.9400642349162652,0.9262434374307298,0.9533345329959706,0.6542392477904895,0.36,0.20922229869236064,1603,1453,150,1438,3914,407,37,0
gemma-3-4b-it,gemma-3-4b-it,repope,Sphere-Traj-LSTM,supcon,Diag-vMF,test,test,pooled,,passed,,0.6526499994126848,0.5787953425765126,0.7236887717038971,0.9111768754301446,0.879688753553424,0.9376881274268435,0.6543001632313259,0.36,0.5540261527873366,1603,1453,150,1438,3914,407,37,0
gemma-3-4b-it,gemma-3-4b-it,pope,Sphere-Traj-LSTM,supcon,Diag-Classifier,test,test,pooled,,passed,,0.4778965414848087,0.3978797117156843,0.5600446212720026,0.9206900936797932,0.9033196879721704,0.9363031629885714,0.4829307560649459,0.16774193548387098,0.23850197109067017,1677,1522,155,1538,4134,400,123,0
gemma-3-4b-it,gemma-3-4b-it,pope,Sphere-Traj-LSTM,supcon,Diag-kNN-tuned,test,test,pooled,32,passed,,0.4557275286089491,0.3796564688024712,0.5352289181074243,0.9006570302233903,0.8808751465876186,0.92014485983223,0.4602858085844345,0.14838709677419354,0.3120893561103811,1677,1522,155,1538,4134,400,123,0
gemma-3-4b-it,gemma-3-4b-it,pope,Sphere-Traj-LSTM,supcon,Diag-vMF,test,test,pooled,,passed,,0.47143304429013916,0.3911624425979062,0.5566601417595866,0.88592259760078,0.8570134982746482,0.9136655670644841,0.4759970054958953,0.14838709677419354,0.6038107752956636,1677,1522,155,1538,4134,400,123,0
gemma-3-4b-it,gemma-3-4b-it,dash-b,Sphere-Traj-LSTM,supcon,Diag-Classifier,test,test,pooled,,passed,,0.7641858062975811,0.6974669259732647,0.8282926632880507,0.8401549251544016,0.7993851930089567,0.8758007686757626,0.7655597578466845,0.04878048780487805,0.4592274678111588,438,233,205,305,1320,537,5,0
gemma-3-4b-it,gemma-3-4b-it,dash-b,Sphere-Traj-LSTM,supcon,Diag-kNN-tuned,test,test,pooled,32,passed,,0.6605725261693569,0.5904444501728455,0.7328639967191092,0.7186852297707527,0.671346202706078,0.7676274785751679,0.6625896430748189,0.01951219512195122,0.7639484978540773,438,233,205,305,1320,537,5,0
gemma-3-4b-it,gemma-3-4b-it,dash-b,Sphere-Traj-LSTM,supcon,Diag-vMF,test,test,pooled,,passed,,0.6305172973192016,0.5587906323177867,0.7003107682340178,0.654830943159217,0.6049598381428882,0.7027449056680192,0.6325318798025458,0.01951219512195122,0.8927038626609443,438,233,205,305,1320,537,5,0
gemma-3-4b-it,gemma-3-4b-it,repope,Sphere-Traj-LSTM,proxy_anchor,Diag-Classifier,test,test,pooled,,passed,,0.6135969587016996,0.5370403417331006,0.692498530341342,0.942415691672402,0.9286369283171972,0.9553775253233161,0.5992956509286281,0.23333333333333334,0.17894012388162422,1603,1453,150,1438,3914,407,37,0
gemma-3-4b-it,gemma-3-4b-it,repope,Sphere-Traj-LSTM,proxy_anchor,Diag-kNN-tuned,test,test,pooled,32,passed,,0.4915926280313784,0.4116006255164367,0.5744999351044296,0.8980087175957789,0.8783146385271667,0.9174679837763652,0.4944286944684135,0.24666666666666667,0.3496214728148658,1603,1453,150,1438,3914,407,37,0
gemma-3-4b-it,gemma-3-4b-it,repope,Sphere-Traj-LSTM,proxy_anchor,Diag-vMF,test,test,pooled,,passed,,0.6091530321367825,0.5300808584210608,0.6915839963432876,0.9289103005276439,0.9040743732996027,0.9510212600980912,0.6119572304124505,0.24666666666666667,0.18513420509291123,1603,1453,150,1438,3914,407,37,0
gemma-3-4b-it,gemma-3-4b-it,pope,Sphere-Traj-LSTM,proxy_anchor,Diag-Classifier,test,test,pooled,,passed,,0.4875383450767402,0.4151444350137541,0.5620353071548253,0.920853291509474,0.9053540822256347,0.9348741889876346,0.4547490854337677,0.0,0.22864651773981604,1677,1522,155,1538,4134,400,123,0
gemma-3-4b-it,gemma-3-4b-it,pope,Sphere-Traj-LSTM,proxy_anchor,Diag-kNN-tuned,test,test,pooled,32,passed,,0.29047755667750197,0.23680356697660426,0.3517725185936716,0.8357254885337629,0.8076897274788215,0.8619765097607902,0.2944499506636356,0.03225806451612903,0.5315374507227333,1677,1522,155,1538,4134,400,123,0
gemma-3-4b-it,gemma-3-4b-it,pope,Sphere-Traj-LSTM,proxy_anchor,Diag-vMF,test,test,pooled,,passed,,0.4414465115359639,0.3665626277576478,0.5234447401837088,0.8924886609300157,0.8647974648429411,0.9174554843642013,0.44600930054073556,0.09032258064516129,0.5663600525624178,1677,1522,155,1538,4134,400,123,0
gemma-3-4b-it,gemma-3-4b-it,dash-b,Sphere-Traj-LSTM,proxy_anchor,Diag-Classifier,test,test,pooled,,passed,,0.787883029519326,0.7312800908021199,0.8388722393683647,0.8340940018842249,0.7945072177819188,0.8688549173457261,0.7507456097051274,0.0,0.4206008583690987,438,233,205,305,1320,537,5,0
gemma-3-4b-it,gemma-3-4b-it,dash-b,Sphere-Traj-LSTM,proxy_anchor,Diag-kNN-tuned,test,test,pooled,32,passed,,0.4568755547290282,0.4041243491304176,0.5150061157811339,0.5433267036533027,0.48789354246125827,0.5992284999106026,0.45915638253801605,0.004878048780487805,0.8540772532188842,438,233,205,305,1320,537,5,0
gemma-3-4b-it,gemma-3-4b-it,dash-b,Sphere-Traj-LSTM,proxy_anchor,Diag-vMF,test,test,pooled,,passed,,0.48295674339412664,0.4295386199637902,0.5394892302818266,0.5990578875745839,0.5456281817723099,0.6545256707747428,0.485177877587352,0.0,0.8154506437768241,438,233,205,305,1320,537,5,0
molmo-7b-d-0924,molmo-7b-d-0924,repope,Sphere-Traj-LSTM,bce,Diag-Classifier,test,test,pooled,,passed,,0.5012855509920386,0.3776823092023874,0.6338235717485668,0.9205140798952194,0.8753036537195523,0.9561133707575458,0.5086789699783192,0.3333333333333333,0.21480026195153898,1599,1527,72,1513,3988,202,41,0
molmo-7b-d-0924,molmo-7b-d-0924,repope,Sphere-Traj-LSTM,bce,Diag-kNN-tuned,test,test,pooled,32,passed,,0.20523736806794768,0.1589898510086168,0.2608397447526706,0.9159663101215164,0.8997434986819943,0.9315350651950478,0.21069072772111216,0.0,0.1807465618860511,1599,1527,72,1513,3988,202,41,0
molmo-7b-d-0924,molmo-7b-d-0924,repope,Sphere-Traj-LSTM,bce,Diag-vMF,test,test,pooled,,passed,,0.46217765983644504,0.3445292250011742,0.5856570536620483,0.8321872953503603,0.7526706729589699,0.9039161983614628,0.46814551241401847,0.2361111111111111,0.954158480681074,1599,1527,72,1513,3988,202,41,0
molmo-7b-d-0924,molmo-7b-d-0924,pope,Sphere-Traj-LSTM,bce,Diag-Classifier,test,test,pooled,,passed,,0.5209507246311186,0.3996051874406979,0.6332635650146821,0.9032988285971737,0.8541680234937438,0.9404159105806462,0.5272683052432605,0.40229885057471265,0.44933078393881454,1656,1569,87,1624,4221,207,144,0
molmo-7b-d-0924,molmo-7b-d-0924,pope,Sphere-Traj-LSTM,bce,Diag-kNN-tuned,test,test,pooled,32,passed,,0.1754918095172698,0.13311557374376254,0.2179920517579675,0.8820392225811886,0.8643578298914691,0.9000030295637604,0.17923801561396313,0.0,0.2179732313575526,1656,1569,87,1624,4221,207,144,0
molmo-7b-d-0924,molmo-7b-d-0924,pope,Sphere-Traj-LSTM,bce,Diag-vMF,test,test,pooled,,passed,,0.4086814520153652,0.3065270770312415,0.5055310032303979,0.8372856274221079,0.7729215847223453,0.8967301477964289,0.41296428152233405,0.16091954022988506,0.9534735500318674,1656,1569,87,1624,4221,207,144,0
molmo-7b-d-0924,molmo-7b-d-0924,dash-b,Sphere-Traj-LSTM,bce,Diag-Classifier,test,test,pooled,,passed,,0.4100935502699766,0.3447013223577464,0.484296211198839,0.5179972627737227,0.46058264910273594,0.5746068075869534,0.4134224523906402,0.0125,0.9890510948905109,434,274,160,346,1293,409,9,0
molmo-7b-d-0924,molmo-7b-d-0924,dash-b,Sphere-Traj-LSTM,bce,Diag-kNN-tuned,test,test,pooled,32,passed,,0.5387063011440527,0.4624849843833741,0.6298274616775261,0.7148038321167883,0.6641872731028513,0.7633549487717237,0.5425411409642386,0.0125,0.7627737226277372,434,274,160,346,1293,409,9,0
molmo-7b-d-0924,molmo-7b-d-0924,dash-b,Sphere-Traj-LSTM,bce,Diag-vMF,test,test,pooled,,passed,,0.44380210533805503,0.3717332470589194,0.5346149239835387,0.5229927007299271,0.4607520243790766,0.5827094329808501,0.4475912847748641,0.0125,0.9525547445255474,434,274,160,346,1293,409,9,0
molmo-7b-d-0924,molmo-7b-d-0924,repope,Sphere-Traj-LSTM,supcon,Diag-Classifier,test,test,pooled,,passed,,0.389699331287,0.29031682259548663,0.5147429988495706,0.9193134686749618,0.8899467943805429,0.946563924879466,0.4003542112170648,0.2777777777777778,0.4309102815979044,1599,1527,72,1513,3988,202,41,0
molmo-7b-d-0924,molmo-7b-d-0924,repope,Sphere-Traj-LSTM,supcon,Diag-kNN-tuned,test,test,pooled,32,passed,,0.20913875951687272,0.14023875284002613,0.28844600743292953,0.8386360328894711,0.79894499197354,0.8742510359618271,0.21352472398135613,0.08333333333333333,0.44597249508840864,1599,1527,72,1513,3988,202,41,0
molmo-7b-d-0924,molmo-7b-d-0924,repope,Sphere-Traj-LSTM,supcon,Diag-vMF,test,test,pooled,,passed,,0.4395280385308904,0.320097155151938,0.5584474286783557,0.853993851415266,0.8084388073078913,0.9012994097899069,0.4438364297130612,0.2916666666666667,0.5514079895219385,1599,1527,72,1513,3988,202,41,0
molmo-7b-d-0924,molmo-7b-d-0924,pope,Sphere-Traj-LSTM,supcon,Diag-Classifier,test,test,pooled,,passed,,0.35192379560102255,0.2643458722200045,0.442348827153573,0.928822077170465,0.9078504156689202,0.9462260966267707,0.3582687781443816,0.06896551724137931,0.23454429572976418,1656,1569,87,1624,4221,207,144,0
molmo-7b-d-0924,molmo-7b-d-0924,pope,Sphere-Traj-LSTM,supcon,Diag-kNN-tuned,test,test,pooled,32,passed,,0.15266326933365987,0.09834749189513517,0.21910858382249151,0.7678512560163513,0.7309182270788579,0.8060037042125634,0.1554234216039431,0.04597701149425287,0.5130656469088591,1656,1569,87,1624,4221,207,144,0
molmo-7b-d-0924,molmo-7b-d-0924,pope,Sphere-Traj-LSTM,supcon,Diag-vMF,test,test,pooled,,passed,,0.4076460212528158,0.2982310862297354,0.5137944102304017,0.8594060203805045,0.817351694983028,0.8996713812307441,0.4113818375004676,0.20689655172413793,0.6048438495857233,1656,1569,87,1624,4221,207,144,0
molmo-7b-d-0924,molmo-7b-d-0924,dash-b,Sphere-Traj-LSTM,supcon,Diag-Classifier,test,test,pooled,,passed,,0.5576863204855644,0.4770498345866854,0.6432457904044045,0.6918795620437956,0.6385967114397514,0.7446577651382309,0.5602514660112263,0.03125,0.8978102189781022,434,274,160,346,1293,409,9,0
molmo-7b-d-0924,molmo-7b-d-0924,dash-b,Sphere-Traj-LSTM,supcon,Diag-kNN-tuned,test,test,pooled,32,passed,,0.5259751790271348,0.45242190262403364,0.6005685280553041,0.633257299270073,0.580044283782846,0.6874916713667081,0.5277312534902263,0.09375,0.7992700729927007,434,274,160,346,1293,409,9,0
molmo-7b-d-0924,molmo-7b-d-0924,dash-b,Sphere-Traj-LSTM,supcon,Diag-vMF,test,test,pooled,,passed,,0.5260454139975812,0.4484259545378487,0.6056458276643595,0.6123175182481752,0.5539591282229159,0.6708156606640335,0.5277215597817982,0.0875,0.9598540145985401,434,274,160,346,1293,409,9,0
molmo-7b-d-0924,molmo-7b-d-0924,repope,Sphere-Traj-LSTM,proxy_anchor,Diag-Classifier,test,test,pooled,,passed,,0.358591991978136,0.25825649870515527,0.46597543262588764,0.8733537073419195,0.8244286094020127,0.9157518055755688,0.34507912879564845,0.16666666666666666,0.5566470203012442,1599,1527,72,1513,3988,202,41,0
molmo-7b-d-0924,molmo-7b-d-0924,repope,Sphere-Traj-LSTM,proxy_anchor,Diag-kNN-tuned,test,test,pooled,32,passed,,0.35223350326002767,0.2551894382675652,0.4553981391667769,0.927071963908899,0.9074965404991256,0.9454482557619884,0.35769891828508715,0.1388888888888889,0.23772102161100198,1599,1527,72,1513,3988,202,41,0
molmo-7b-d-0924,molmo-7b-d-0924,repope,Sphere-Traj-LSTM,proxy_anchor,Diag-vMF,test,test,pooled,,passed,,0.35703933157256185,0.2592924206459699,0.4593239901299691,0.906434184675835,0.8700598065558951,0.9367872785563633,0.3624326653058941,0.125,0.435494433529797,1599,1527,72,1513,3988,202,41,0
molmo-7b-d-0924,molmo-7b-d-0924,pope,Sphere-Traj-LSTM,proxy_anchor,Diag-Classifier,test,test,pooled,,passed,,0.2757590968529867,0.20319688453572993,0.3547462492623269,0.8640432811000491,0.8176952635592791,0.9036984581262328,0.2609163827353337,0.0,0.6896112173358827,1656,1569,87,1624,4221,207,144,0
molmo-7b-d-0924,molmo-7b-d-0924,pope,Sphere-Traj-LSTM,proxy_anchor,Diag-kNN-tuned,test,test,pooled,32,passed,,0.21012778004065383,0.15751483888030926,0.27338059312325286,0.8852552691149645,0.8603376029889958,0.9072591417074642,0.21605054784669528,0.04597701149425287,0.30911408540471635,1656,1569,87,1624,4221,207,144,0
molmo-7b-d-0924,molmo-7b-d-0924,pope,Sphere-Traj-LSTM,proxy_anchor,Diag-vMF,test,test,pooled,,passed,,0.2337986347190898,0.17336292654056315,0.3098399204902892,0.8500655663245495,0.8001309027267407,0.8929986030751143,0.24042664057747568,0.04597701149425287,0.7291268323773104,1656,1569,87,1624,4221,207,144,0
molmo-7b-d-0924,molmo-7b-d-0924,dash-b,Sphere-Traj-LSTM,proxy_anchor,Diag-Classifier,test,test,pooled,,passed,,0.5592287128121413,0.4783464089233202,0.6475488746292213,0.6869981751824817,0.6289555127259152,0.7423990406071381,0.5620495130535162,0.05,0.9817518248175182,434,274,160,346,1293,409,9,0
molmo-7b-d-0924,molmo-7b-d-0924,dash-b,Sphere-Traj-LSTM,proxy_anchor,Diag-kNN-tuned,test,test,pooled,32,passed,,0.4995246627259473,0.4198828641349895,0.5806102929509156,0.6400319343065694,0.5853200740847117,0.693088653886466,0.5021213527531043,0.0375,0.8540145985401459,434,274,160,346,1293,409,9,0
molmo-7b-d-0924,molmo-7b-d-0924,dash-b,Sphere-Traj-LSTM,proxy_anchor,Diag-vMF,test,test,pooled,,passed,,0.5206872462460268,0.43770685484965205,0.6061439931100372,0.6185218978102189,0.5614516500115164,0.6727403859479383,0.5230256645112237,0.05625,0.9525547445255474,434,274,160,346,1293,409,9,0
minicpm-v-4_5,minicpm-v-4_5,repope,Sphere-Traj-LSTM,bce,Diag-Classifier,test,test,pooled,,passed,,0.40970110689343275,0.2541734108083012,0.5744016822425052,0.9711618835330176,0.96140810854894,0.9809751875086251,0.4266592369878416,0.32432432432432434,0.059278350515463915,1589,1552,37,1530,3939,104,51,0
minicpm-v-4_5,minicpm-v-4_5,repope,Sphere-Traj-LSTM,bce,Diag-kNN-tuned,test,test,pooled,4,passed,,0.252251577469017,0.13503804260549535,0.4051279633376493,0.9329896907216495,0.9116019949168481,0.9523183871647384,0.27572659293950647,0.2972972972972973,0.16172680412371135,1589,1552,37,1530,3939,104,51,0
minicpm-v-4_5,minicpm-v-4_5,repope,Sphere-Traj-LSTM,bce,Diag-vMF,test,test,pooled,,passed,,0.39804555842905637,0.24768434583147195,0.5613356820478448,0.9728859013652827,0.9636698283097105,0.9817200364383127,0.4151833473549168,0.43243243243243246,0.061211340206185565,1589,1552,37,1530,3939,104,51,0
minicpm-v-4_5,minicpm-v-4_5,pope,Sphere-Traj-LSTM,bce,Diag-Classifier,test,test,pooled,,passed,,0.29093291801035087,0.16971622145908538,0.4302948497543506,0.9464473961627662,0.925008016053659,0.9647570546957662,0.3008920473093273,0.20512820512820512,0.22643896268184693,1620,1581,39,1587,4101,115,180,0
minicpm-v-4_5,minicpm-v-4_5,pope,Sphere-Traj-LSTM,bce,Diag-kNN-tuned,test,test,pooled,4,passed,,0.1245473381094878,0.07404049052936533,0.2029813365178637,0.8960573476702509,0.8711487887520467,0.919444083514159,0.13583207743754164,0.1794871794871795,0.19924098671726756,1620,1581,39,1587,4101,115,180,0
minicpm-v-4_5,minicpm-v-4_5,pope,Sphere-Traj-LSTM,bce,Diag-vMF,test,test,pooled,,passed,,0.2801117960234587,0.16160666583372962,0.4185113613095429,0.8958140741821956,0.8065725254423396,0.9621184764740907,0.2894455739764762,0.1282051282051282,0.8918406072106262,1620,1581,39,1587,4101,115,180,0
minicpm-v-4_5,minicpm-v-4_5,dash-b,Sphere-Traj-LSTM,bce,Diag-Classifier,test,test,pooled,,passed,,0.4932805907216045,0.40978098149324277,0.5885594045578988,0.8147321428571429,0.7761200634056578,0.8539756906306665,0.49918305906484384,0.0,0.415625,432,320,112,391,1312,317,11,0
minicpm-v-4_5,minicpm-v-4_5,dash-b,Sphere-Traj-LSTM,bce,Diag-kNN-tuned,test,test,pooled,4,passed,,0.5413916300391254,0.45952056473555747,0.6439633072974401,0.8377511160714285,0.7976086696688824,0.8750387979876584,0.5487772696139377,0.026785714285714284,0.459375,432,320,112,391,1312,317,11,0
minicpm-v-4_5,minicpm-v-4_5,dash-b,Sphere-Traj-LSTM,bce,Diag-vMF,test,test,pooled,,passed,,0.386438153913756,0.302279848127506,0.4834296465192368,0.5262555803571427,0.44652218593134035,0.6042481626637497,0.3923920349780796,0.026785714285714284,0.984375,432,320,112,391,1312,317,11,0
minicpm-v-4_5,minicpm-v-4_5,repope,Sphere-Traj-LSTM,supcon,Diag-Classifier,test,test,pooled,,passed,,0.3970234815258134,0.24311611692467464,0.5505532448442998,0.9647708275285595,0.9532408476615606,0.9763191038590044,0.40808090936237496,0.2702702702702703,0.09407216494845361,1589,1552,37,1530,3939,104,51,0
minicpm-v-4_5,minicpm-v-4_5,repope,Sphere-Traj-LSTM,supcon,Diag-kNN-tuned,test,test,pooled,8,passed,,0.19274765985422287,0.08866285101242946,0.3157129504586436,0.8854834215658958,0.8472526415992075,0.921998248165369,0.20380932444493993,0.1891891891891892,0.2603092783505155,1589,1552,37,1530,3939,104,51,0
minicpm-v-4_5,minicpm-v-4_5,repope,Sphere-Traj-LSTM,supcon,Diag-vMF,test,test,pooled,,passed,,0.46578912540317674,0.30959054631532834,0.6256801644637578,0.9181875174143215,0.8816311660663958,0.9528545708590774,0.471340052400577,0.3783783783783784,0.31121134020618557,1589,1552,37,1530,3939,104,51,0
minicpm-v-4_5,minicpm-v-4_5,pope,Sphere-Traj-LSTM,supcon,Diag-Classifier,test,test,pooled,,passed,,0.29758862026010724,0.17450839684359604,0.446335482277218,0.9264989701422338,0.8763943096021585,0.9632846615688906,0.30764503754199485,0.2564102564102564,0.5047438330170778,1620,1581,39,1587,4101,115,180,0
minicpm-v-4_5,minicpm-v-4_5,pope,Sphere-Traj-LSTM,supcon,Diag-kNN-tuned,test,test,pooled,8,passed,,0.12679812307573876,0.05229659031219192,0.22611579237746823,0.8215670056277268,0.7669362608812842,0.87056339802431,0.13298419024175162,0.05128205128205128,0.6173308032890575,1620,1581,39,1587,4101,115,180,0
minicpm-v-4_5,minicpm-v-4_5,pope,Sphere-Traj-LSTM,supcon,Diag-vMF,test,test,pooled,,passed,,0.27370481268858604,0.13951437819428744,0.4215779116501933,0.8930407564183654,0.8543797812457515,0.9284126416328391,0.2800259716818966,0.23076923076923078,0.2928526249209361,1620,1581,39,1587,4101,115,180,0
minicpm-v-4_5,minicpm-v-4_5,dash-b,Sphere-Traj-LSTM,supcon,Diag-Classifier,test,test,pooled,,passed,,0.42245446387462826,0.3549036128640645,0.5131994969347753,0.7683035714285714,0.724157894069623,0.8130342718217811,0.42817637508639184,0.008928571428571428,0.575,432,320,112,391,1312,317,11,0
minicpm-v-4_5,minicpm-v-4_5,dash-b,Sphere-Traj-LSTM,supcon,Diag-kNN-tuned,test,test,pooled,8,passed,,0.4409620210245324,0.3698033585195441,0.5311715218687525,0.7865234375,0.7438895967306448,0.8298406943133234,0.4459572827507634,0.0,0.490625,432,320,112,391,1312,317,11,0
minicpm-v-4_5,minicpm-v-4_5,dash-b,Sphere-Traj-LSTM,supcon,Diag-vMF,test,test,pooled,,passed,,0.3755224147934615,0.3018455308260986,0.4627585383323078,0.6342215401785714,0.5733812206408098,0.6942698359582133,0.3818367449345913,0.017857142857142856,0.978125,432,320,112,391,1312,317,11,0
minicpm-v-4_5,minicpm-v-4_5,repope,Sphere-Traj-LSTM,proxy_anchor,Diag-Classifier,test,test,pooled,,passed,,0.3894128553479125,0.24781465159990912,0.5445239076009665,0.7494775703538591,0.6321358258952059,0.8626757162740623,0.3088156838461701,0.3783783783783784,0.9085051546391752,1589,1552,37,1530,3939,104,51,0
minicpm-v-4_5,minicpm-v-4_5,repope,Sphere-Traj-LSTM,proxy_anchor,Diag-kNN-tuned,test,test,pooled,16,passed,,0.404712422297329,0.2567714344382136,0.5449411394748453,0.9608874338255782,0.9449031452638765,0.9753083817846815,0.4141939062505704,0.16216216216216217,0.14239690721649484,1589,1552,37,1530,3939,104,51,0
minicpm-v-4_5,minicpm-v-4_5,repope,Sphere-Traj-LSTM,proxy_anchor,Diag-vMF,test,test,pooled,,passed,,0.4745064439439615,0.31447293373046226,0.6310475931003707,0.9425675675675675,0.9048473986224318,0.9705984287268131,0.4827656151615506,0.3783783783783784,0.35695876288659795,1589,1552,37,1530,3939,104,51,0
minicpm-v-4_5,minicpm-v-4_5,pope,Sphere-Traj-LSTM,proxy_anchor,Diag-Classifier,test,test,pooled,,passed,,0.3079299530008452,0.18383946283405694,0.4415121635429421,0.7575374235715792,0.6588056039500371,0.8497288969910443,0.2051730003056701,0.0,0.8323845667299178,1620,1581,39,1587,4101,115,180,0
minicpm-v-4_5,minicpm-v-4_5,pope,Sphere-Traj-LSTM,proxy_anchor,Diag-kNN-tuned,test,test,pooled,16,passed,,0.2080667505401678,0.11777509517528885,0.3189934562118549,0.9271476994437147,0.9054077422015551,0.948540195545899,0.21465535880262923,0.05128205128205128,0.20999367488931056,1620,1581,39,1587,4101,115,180,0
minicpm-v-4_5,minicpm-v-4_5,pope,Sphere-Traj-LSTM,proxy_anchor,Diag-vMF,test,test,pooled,,passed,,0.37617352044232527,0.22527785018812263,0.5217272561973073,0.8990415024570622,0.8170622189072796,0.9602837803320562,0.3820294554677032,0.3333333333333333,0.8368121442125237,1620,1581,39,1587,4101,115,180,0
minicpm-v-4_5,minicpm-v-4_5,dash-b,Sphere-Traj-LSTM,proxy_anchor,Diag-Classifier,test,test,pooled,,passed,,0.24703033176765082,0.19265180838459892,0.3145708922085779,0.39296875,0.3267092952023806,0.4526385449264826,0.24847286508463035,0.026785714285714284,0.95625,432,320,112,391,1312,317,11,0
minicpm-v-4_5,minicpm-v-4_5,dash-b,Sphere-Traj-LSTM,proxy_anchor,Diag-kNN-tuned,test,test,pooled,16,passed,,0.4927067001224509,0.4130851774901995,0.5881504788816391,0.8015904017857143,0.7605137682226848,0.8400198308695594,0.49934602435911773,0.017857142857142856,0.60625,432,320,112,391,1312,317,11,0
minicpm-v-4_5,minicpm-v-4_5,dash-b,Sphere-Traj-LSTM,proxy_anchor,Diag-vMF,test,test,pooled,,passed,,0.4260965488636591,0.34878689006120356,0.5182783758419903,0.6810267857142859,0.6162138228551138,0.7358455555615402,0.4326672434482673,0.017857142857142856,0.971875,432,320,112,391,1312,317,11,0
llava-v1.5-7b,llava-v1.5-7b,repope,Sphere-Traj-LSTM,bce,Diag-Classifier,test,test,pooled,,passed,,0.6003437346316982,0.5180174172354052,0.6772852739248747,0.9346927775781531,0.9164231441118781,0.9501032336602818,0.6024053360597417,0.2975206611570248,0.18410326086956522,1593,1472,121,1461,3935,302,47,0
llava-v1.5-7b,llava-v1.5-7b,repope,Sphere-Traj-LSTM,bce,Diag-kNN-tuned,test,test,pooled,1,passed,,0.22580538072582504,0.1851235831393175,0.2743137415643367,0.8671397772188286,0.8477472837626157,0.885601707742932,0.23164331817060685,0.0,0.24932065217391305,1593,1472,121,1461,3935,302,47,0
llava-v1.5-7b,llava-v1.5-7b,repope,Sphere-Traj-LSTM,bce,Diag-vMF,test,test,pooled,,passed,,0.6034355576307923,0.5157404262955182,0.6817264820150888,0.9082543568091987,0.8677209286268737,0.9409447665903463,0.6055054042216683,0.2975206611570248,0.14470108695652173,1593,1472,121,1461,3935,302,47,0
llava-v1.5-7b,llava-v1.5-7b,pope,Sphere-Traj-LSTM,bce,Diag-Classifier,test,test,pooled,,passed,,0.43511383127902464,0.33943246596689075,0.5434573978157189,0.9305388428956488,0.915784827089987,0.9457090653921796,0.4406936493174713,0.20754716981132076,0.15433673469387754,1674,1568,106,1562,4173,280,126,0
llava-v1.5-7b,llava-v1.5-7b,pope,Sphere-Traj-LSTM,bce,Diag-kNN-tuned,test,test,pooled,1,passed,,0.16450860171743903,0.1272536154571101,0.21223838137397,0.8260192048517521,0.8029597346559417,0.8486651907204209,0.16803263986864306,0.02830188679245283,0.3137755102040816,1674,1568,106,1562,4173,280,126,0
llava-v1.5-7b,llava-v1.5-7b,pope,Sphere-Traj-LSTM,bce,Diag-vMF,test,test,pooled,,passed,,0.4232145926719524,0.3339782212365088,0.5332266145713394,0.9255811994609163,0.8996241169367079,0.9465508530602886,0.43093628994372213,0.2169811320754717,0.14923469387755103,1674,1568,106,1562,4173,280,126,0
llava-v1.5-7b,llava-v1.5-7b,dash-b,Sphere-Traj-LSTM,bce,Diag-Classifier,test,test,pooled,,passed,,0.7972600331728872,0.7439940238727818,0.8445806223920397,0.7734764356763241,0.7320966432513695,0.8164526367953869,0.7980763676286033,0.053497942386831275,0.7989949748743719,442,199,243,281,1327,619,1,0
llava-v1.5-7b,llava-v1.5-7b,dash-b,Sphere-Traj-LSTM,bce,Diag-kNN-tuned,test,test,pooled,1,passed,,0.7184108950509505,0.656182998713111,0.7816197587713509,0.7124097855532808,0.6664377726008939,0.7611123132155521,0.7195393582999703,0.06995884773662552,0.7437185929648241,442,199,243,281,1327,619,1,0
llava-v1.5-7b,llava-v1.5-7b,dash-b,Sphere-Traj-LSTM,bce,Diag-vMF,test,test,pooled,,passed,,0.7578621966972058,0.7016140252317395,0.8065425913342735,0.6684451061893831,0.6153865243648728,0.7179304725840578,0.7586210847712066,0.05761316872427984,0.9547738693467337,442,199,243,281,1327,619,1,0
llava-v1.5-7b,llava-v1.5-7b,repope,Sphere-Traj-LSTM,supcon,Diag-Classifier,test,test,pooled,,passed,,0.5377281282150219,0.4511898964131726,0.624888609807372,0.93812320337765,0.9233236166336671,0.9518108336830585,0.5412326084194045,0.14049586776859505,0.20652173913043478,1593,1472,121,1461,3935,302,47,0
llava-v1.5-7b,llava-v1.5-7b,repope,Sphere-Traj-LSTM,supcon,Diag-kNN-tuned,test,test,pooled,8,passed,,0.3088468255195921,0.22857922612911039,0.3994812539509474,0.7118610761767876,0.6651091549603882,0.7604490198333278,0.3119833045630969,0.19008264462809918,0.75,1593,1472,121,1461,3935,302,47,0
llava-v1.5-7b,llava-v1.5-7b,repope,Sphere-Traj-LSTM,supcon,Diag-vMF,test,test,pooled,,passed,,0.5483903813279314,0.4542573523972228,0.6412854048770025,0.8899344232842257,0.8561930622500336,0.9183527475089215,0.5509775797210708,0.2644628099173554,0.6127717391304348,1593,1472,121,1461,3935,302,47,0
llava-v1.5-7b,llava-v1.5-7b,pope,Sphere-Traj-LSTM,supcon,Diag-Classifier,test,test,pooled,,passed,,0.3815088712320591,0.3052714198075983,0.46535741634025035,0.9181507508663843,0.9007083101208424,0.9359163710692309,0.3851348460594641,0.10377358490566038,0.2461734693877551,1674,1568,106,1562,4173,280,126,0
llava-v1.5-7b,llava-v1.5-7b,pope,Sphere-Traj-LSTM,supcon,Diag-kNN-tuned,test,test,pooled,8,passed,,0.12070780400254276,0.08617689274394982,0.17351567873357768,0.6510938101655757,0.5965043772773325,0.6997051486203428,0.12775700610231444,0.02830188679245283,0.8590561224489796,1674,1568,106,1562,4173,280,126,0
llava-v1.5-7b,llava-v1.5-7b,pope,Sphere-Traj-LSTM,supcon,Diag-vMF,test,test,pooled,,passed,,0.38365820555925934,0.28506015513692795,0.4860385385020803,0.8805322246823258,0.8460005714395392,0.9136577376805126,0.38913339130047936,0.2358490566037736,0.4802295918367347,1674,1568,106,1562,4173,280,126,0
llava-v1.5-7b,llava-v1.5-7b,dash-b,Sphere-Traj-LSTM,supcon,Diag-Classifier,test,test,pooled,,passed,,0.7123363031470341,0.653141307615605,0.7743122725412531,0.7069917488677957,0.6598058536133455,0.7528186100810728,0.7151923905289255,0.0,0.8341708542713567,442,199,243,281,1327,619,1,0
llava-v1.5-7b,llava-v1.5-7b,dash-b,Sphere-Traj-LSTM,supcon,Diag-kNN-tuned,test,test,pooled,8,passed,,0.6301039450111028,0.5634514197601964,0.7011389160786285,0.6284715759869306,0.5749290302689708,0.6807468688828229,0.6334602753619512,0.0,0.864321608040201,442,199,243,281,1327,619,1,0
llava-v1.5-7b,llava-v1.5-7b,dash-b,Sphere-Traj-LSTM,supcon,Diag-vMF,test,test,pooled,,passed,,0.6536379376099521,0.593590732849586,0.7239669339965489,0.6609591165705069,0.6121081428934545,0.7117610404817665,0.6572129658706054,0.012345679012345678,0.7939698492462312,442,199,243,281,1327,619,1,0
llava-v1.5-7b,llava-v1.5-7b,repope,Sphere-Traj-LSTM,proxy_anchor,Diag-Classifier,test,test,pooled,,passed,,0.5500691951527157,0.4508763647958222,0.6432307258315817,0.9443889238232124,0.9292087244924054,0.9569223258280417,0.5555860759408989,0.2231404958677686,0.1922554347826087,1593,1472,121,1461,3935,302,47,0
llava-v1.5-7b,llava-v1.5-7b,repope,Sphere-Traj-LSTM,proxy_anchor,Diag-kNN-tuned,test,test,pooled,32,passed,,0.24057842230177984,0.16579060369195087,0.32259532123609835,0.5847893460294646,0.5238301082272278,0.6426396601030665,0.24677385402956453,0.15702479338842976,0.9463315217391305,1593,1472,121,1461,3935,302,47,0
llava-v1.5-7b,llava-v1.5-7b,repope,Sphere-Traj-LSTM,proxy_anchor,Diag-vMF,test,test,pooled,,passed,,0.1817459030775512,0.14791430074275178,0.2179670371015471,0.8229597107438016,0.7961187182388204,0.8474410824564379,0.18534430148146208,0.0,0.3960597826086957,1593,1472,121,1461,3935,302,47,0
llava-v1.5-7b,llava-v1.5-7b,pope,Sphere-Traj-LSTM,proxy_anchor,Diag-Classifier,test,test,pooled,,passed,,0.42896248045581803,0.34428253459893593,0.5262208790720629,0.935779264536003,0.9205064450682156,0.9509299142202344,0.4337878793414144,0.1792452830188679,0.19579081632653061,1674,1568,106,1562,4173,280,126,0
llava-v1.5-7b,llava-v1.5-7b,pope,Sphere-Traj-LSTM,proxy_anchor,Diag-kNN-tuned,test,test,pooled,32,passed,,0.08495991305286697,0.052420205369728065,0.13276272611685358,0.398494657296881,0.31876571624269967,0.4668674746382332,0.08848792084954885,0.04716981132075472,0.9872448979591837,1674,1568,106,1562,4173,280,126,0
llava-v1.5-7b,llava-v1.5-7b,pope,Sphere-Traj-LSTM,proxy_anchor,Diag-vMF,test,test,pooled,,passed,,0.11871047480552162,0.09589028981881775,0.14253003427983724,0.7711903157489411,0.7419906359538547,0.7985067400473004,0.12050373452972576,0.0,0.47130102040816324,1674,1568,106,1562,4173,280,126,0
llava-v1.5-7b,llava-v1.5-7b,dash-b,Sphere-Traj-LSTM,proxy_anchor,Diag-Classifier,test,test,pooled,,passed,,0.7794796830924001,0.7244317933251622,0.8359039454020336,0.7648944310027503,0.7208422230811747,0.8074082721425908,0.7823481683110699,0.00411522633744856,0.7587939698492462,442,199,243,281,1327,619,1,0
llava-v1.5-7b,llava-v1.5-7b,dash-b,Sphere-Traj-LSTM,proxy_anchor,Diag-kNN-tuned,test,test,pooled,32,passed,,0.5647834610221645,0.5053320269126909,0.6300359297605413,0.5197179312198854,0.46661774223109337,0.5695571079556864,0.5679552539894693,0.0,0.9346733668341709,442,199,243,281,1327,619,1,0
llava-v1.5-7b,llava-v1.5-7b,dash-b,Sphere-Traj-LSTM,proxy_anchor,Diag-vMF,test,test,pooled,,passed,,0.6637387234591314,0.6043414956978286,0.7273252871523386,0.6733254751121863,0.6214178668873442,0.7215950649243918,0.6667561540535072,0.0,0.8040201005025126,442,199,243,281,1327,619,1,0
qwen2.5-vl-7b,qwen2.5-vl-7b,repope,Sphere-Traj-LSTM,bce,Diag-Classifier,test,test,pooled,,passed,,0.13165559219364875,0.06540311017276576,0.2595338813679921,0.9323186528497409,0.9057652018738303,0.9564061070607597,0.1594872886242082,0.2727272727272727,0.16904145077720206,1566,1544,22,1531,3895,101,74,0
qwen2.5-vl-7b,qwen2.5-vl-7b,repope,Sphere-Traj-LSTM,bce,Diag-kNN-tuned,test,test,pooled,32,passed,,0.19556911869939692,0.074077520990087,0.36548209871594045,0.9362635421573245,0.9142115327809932,0.9570167705278593,0.2215434919099838,0.22727272727272727,0.14443005181347152,1566,1544,22,1531,3895,101,74,0
qwen2.5-vl-7b,qwen2.5-vl-7b,repope,Sphere-Traj-LSTM,bce,Diag-vMF,test,test,pooled,,passed,,0.15275570147116302,0.07444042872859452,0.2791919061001359,0.8377885068299576,0.6844109069180447,0.967340596514939,0.1740702661957882,0.18181818181818182,0.9689119170984456,1566,1544,22,1531,3895,101,74,0
qwen2.5-vl-7b,qwen2.5-vl-7b,pope,Sphere-Traj-LSTM,bce,Diag-Classifier,test,test,pooled,,passed,,0.11469157546387522,0.056984198589487715,0.2004156044783043,0.8925992317541613,0.8352586089091668,0.9411308012016762,0.13191740515943592,0.08,0.4353393085787452,1587,1562,25,1588,4056,79,213,0
qwen2.5-vl-7b,qwen2.5-vl-7b,pope,Sphere-Traj-LSTM,bce,Diag-kNN-tuned,test,test,pooled,32,passed,,0.10484974990243903,0.04095662163285429,0.21199656370607045,0.8862227912932139,0.8513218614477928,0.9197102799000224,0.10987777973780147,0.04,0.28425096030729835,1587,1562,25,1588,4056,79,213,0
qwen2.5-vl-7b,qwen2.5-vl-7b,pope,Sphere-Traj-LSTM,bce,Diag-vMF,test,test,pooled,,passed,,0.1515216197336637,0.07684209804168067,0.25741813135800584,0.8650192061459666,0.7395715450130457,0.9614680787496138,0.1668518548769711,0.12,0.8245838668373879,1587,1562,25,1588,4056,79,213,0
qwen2.5-vl-7b,qwen2.5-vl-7b,dash-b,Sphere-Traj-LSTM,bce,Diag-Classifier,test,test,pooled,,passed,,0.5018548439526365,0.4031049592142737,0.614978868275586,0.7545990248571685,0.7007094135964649,0.8039414010003041,0.508879243122133,0.1188118811881188,0.6646525679758308,432,331,101,384,1293,318,11,0
qwen2.5-vl-7b,qwen2.5-vl-7b,dash-b,Sphere-Traj-LSTM,bce,Diag-kNN-tuned,test,test,pooled,32,passed,,0.4664264271369017,0.37788591391694465,0.5744826418102792,0.7738027579192964,0.721621252584935,0.8252644660016799,0.47364696687163793,0.019801980198019802,0.7824773413897281,432,331,101,384,1293,318,11,0
qwen2.5-vl-7b,qwen2.5-vl-7b,dash-b,Sphere-Traj-LSTM,bce,Diag-vMF,test,test,pooled,,passed,,0.439417703752791,0.3402002180488089,0.544725630341992,0.6014178457120637,0.5244524575972878,0.6758168247767857,0.4442830075598098,0.06930693069306931,0.9486404833836858,432,331,101,384,1293,318,11,0
qwen2.5-vl-7b,qwen2.5-vl-7b,repope,Sphere-Traj-LSTM,supcon,Diag-Classifier,test,test,pooled,,passed,,0.08851478241933354,0.038651222025505624,0.17055704184098405,0.8705252001884126,0.807734052020085,0.9243723989271455,0.10461776244636643,0.13636363636363635,0.37370466321243523,1566,1544,22,1531,3895,101,74,0
qwen2.5-vl-7b,qwen2.5-vl-7b,repope,Sphere-Traj-LSTM,supcon,Diag-kNN-tuned,test,test,pooled,8,passed,,0.0504472336949718,0.020023282872517218,0.11352948102863902,0.7405793688177108,0.6393568911697783,0.8324030483779012,0.06211761974564188,0.13636363636363635,0.7933937823834197,1566,1544,22,1531,3895,101,74,0
qwen2.5-vl-7b,qwen2.5-vl-7b,repope,Sphere-Traj-LSTM,supcon,Diag-vMF,test,test,pooled,,passed,,0.011920876165037946,0.007084984863868859,0.01764331498093965,0.46125765426283566,0.35754821135547854,0.5493824160989339,0.013283020020586286,0.0,0.8957253886010362,1566,1544,22,1531,3895,101,74,0
qwen2.5-vl-7b,qwen2.5-vl-7b,pope,Sphere-Traj-LSTM,supcon,Diag-Classifier,test,test,pooled,,passed,,0.10011979442991631,0.04905037084217687,0.18324022132659612,0.8847375160051216,0.8357269588953116,0.9281021154441892,0.11287515723985111,0.16,0.3373879641485275,1587,1562,25,1588,4056,79,213,0
qwen2.5-vl-7b,qwen2.5-vl-7b,pope,Sphere-Traj-LSTM,supcon,Diag-kNN-tuned,test,test,pooled,8,passed,,0.04120343957300951,0.01854418724356068,0.07568120159163513,0.6956978233034572,0.5815779673948688,0.7979460304912709,0.048076412502475414,0.0,0.825224071702945,1587,1562,25,1588,4056,79,213,0
qwen2.5-vl-7b,qwen2.5-vl-7b,pope,Sphere-Traj-LSTM,supcon,Diag-vMF,test,test,pooled,,passed,,0.013315664886089132,0.008141518254855172,0.020226953792212465,0.4595902688860435,0.3628979098231562,0.5537925036969106,0.014541501841952088,0.0,0.9148527528809219,1587,1562,25,1588,4056,79,213,0
qwen2.5-vl-7b,qwen2.5-vl-7b,dash-b,Sphere-Traj-LSTM,supcon,Diag-Classifier,test,test,pooled,,passed,,0.5162828083801161,0.41680267397909276,0.6217901481851306,0.7584577188836709,0.704394651542744,0.8096469063194096,0.5193251877176704,0.12871287128712872,0.5981873111782477,432,331,101,384,1293,318,11,0
qwen2.5-vl-7b,qwen2.5-vl-7b,dash-b,Sphere-Traj-LSTM,supcon,Diag-kNN-tuned,test,test,pooled,8,passed,,0.35162481014315883,0.270726803117337,0.437760591801196,0.6564864945709072,0.5988535464257972,0.7095310788296414,0.35594107165936406,0.039603960396039604,0.7794561933534743,432,331,101,384,1293,318,11,0
qwen2.5-vl-7b,qwen2.5-vl-7b,dash-b,Sphere-Traj-LSTM,supcon,Diag-vMF,test,test,pooled,,passed,,0.3066075603440166,0.23178494457091672,0.39614193091548255,0.5229876461966438,0.4573733965185342,0.5908937758060876,0.3100619448850952,0.0594059405940594,0.9697885196374623,432,331,101,384,1293,318,11,0
qwen2.5-vl-7b,qwen2.5-vl-7b,repope,Sphere-Traj-LSTM,proxy_anchor,Diag-Classifier,test,test,pooled,,passed,,0.19084089945943505,0.0781145566341099,0.33417138418342673,0.9155528732925106,0.8624881123652673,0.9589540442527469,0.15140277911501343,0.13636363636363635,0.35038860103626945,1566,1544,22,1531,3895,101,74,0
qwen2.5-vl-7b,qwen2.5-vl-7b,repope,Sphere-Traj-LSTM,proxy_anchor,Diag-kNN-tuned,test,test,pooled,32,passed,,0.17038582351757267,0.04244057462321861,0.33326128315691106,0.8657560056523788,0.8117658726582189,0.9169596563175962,0.1794531061894988,0.13636363636363635,0.3180051813471503,1566,1544,22,1531,3895,101,74,0
qwen2.5-vl-7b,qwen2.5-vl-7b,repope,Sphere-Traj-LSTM,proxy_anchor,Diag-vMF,test,test,pooled,,passed,,0.20011814240174905,0.06738331783219098,0.35294312400566846,0.8585433349034386,0.7418208822910837,0.9550105802687516,0.20976941418853418,0.13636363636363635,0.7512953367875648,1566,1544,22,1531,3895,101,74,0
qwen2.5-vl-7b,qwen2.5-vl-7b,pope,Sphere-Traj-LSTM,proxy_anchor,Diag-Classifier,test,test,pooled,,passed,,0.1931904012615242,0.08058807789757146,0.3317180632415986,0.9086043533930858,0.8619944548256433,0.9463026368048284,0.1426215535097815,0.16,0.33418693982074266,1587,1562,25,1588,4056,79,213,0
qwen2.5-vl-7b,qwen2.5-vl-7b,pope,Sphere-Traj-LSTM,proxy_anchor,Diag-kNN-tuned,test,test,pooled,32,passed,,0.13329164112646524,0.02663012174490767,0.27785041495175156,0.79854033290653,0.7323928249772197,0.860768315351421,0.13783594082406306,0.16,0.4801536491677337,1587,1562,25,1588,4056,79,213,0
qwen2.5-vl-7b,qwen2.5-vl-7b,pope,Sphere-Traj-LSTM,proxy_anchor,Diag-vMF,test,test,pooled,,passed,,0.1797871836417156,0.058017684198308835,0.3320363206109237,0.8379513444302176,0.730901683208183,0.9260563832859621,0.1866155538811642,0.16,0.7682458386683739,1587,1562,25,1588,4056,79,213,0
qwen2.5-vl-7b,qwen2.5-vl-7b,dash-b,Sphere-Traj-LSTM,proxy_anchor,Diag-Classifier,test,test,pooled,,passed,,0.47336348342101664,0.3760680964062079,0.5805389608472963,0.7318955460500733,0.6724891537489196,0.789113655768511,0.47798258460000903,0.0297029702970297,0.7009063444108762,432,331,101,384,1293,318,11,0
qwen2.5-vl-7b,qwen2.5-vl-7b,dash-b,Sphere-Traj-LSTM,proxy_anchor,Diag-kNN-tuned,test,test,pooled,32,passed,,0.25333343646119444,0.1956316004120899,0.32524879103558735,0.5058478657533427,0.44516573724827846,0.5656811727257611,0.2570431753060999,0.019801980198019802,0.8368580060422961,432,331,101,384,1293,318,11,0
qwen2.5-vl-7b,qwen2.5-vl-7b,dash-b,Sphere-Traj-LSTM,proxy_anchor,Diag-vMF,test,test,pooled,,passed,,0.2851190607331805,0.22548976830063827,0.3633511312145746,0.5867308785259191,0.5221176349605896,0.6516049986280035,0.29212531164605793,0.019801980198019802,0.9003021148036254,432,331,101,384,1293,318,11,0
